GSR_mean,GSR_variance,HR_mean,HR_variance,75_percentile_GSR,75_percentile_HR,GSRmean_persen_diff,HRmean_persent_diff,GSRmean_diff,HRmean_diff,valence_acc_video,arousal_acc_video,P_id,video_id,Score,time,valence,arousal,videoID,start_time,end_time,probe,prev_window,start_time_sec,end_time_sec,num_samples,pupil_diameter_mean,pupil_diameter_std,diameter_3d_mean,diameter_3d_std,sphere_radius_mean,circle_3d_radius_mean,ellipse_axis_a_mean,ellipse_axis_b_mean,ellipse_angle_mean,ellipse_angle_std,confidence_x_mean,confidence_y_mean,confidence_x_std,confidence_y_std,blink_count,gaze_movement_mean,gaze_movement_std,gaze_dir_variability,eye_center_movement_mean,eye_center_movement_std,missing_value_ratio,start_time_ms,end_time_ms
0.5941538461538461,0.0062664142011834,0.1139370078740157,0.0012562217124434,0.6423076923076924,0.1343503937007873,0.0688625557530141,0.4001685766079534,0.0688625557530141,0.4001685766079534,1.0,1.0,10.0,1.0,0.2671554601413409,1754025395121.0,5.0,5.0,1.0,1754025395121.0,1754025400121.0,1.0,1.0,605426.94007,605431.94007,1201.0,31.50858636519681,3.469323658867338,3.4795553729622712,0.5017612615384195,10.392304845413264,1.7397776864811356,21.84922552997341,31.50858636519681,87.2098125661355,54.24255459087101,0.9883479297545368,0.9883361415886348,0.0437182579467914,0.0400353083637905,5.0,19.82602644947523,222.0101581585574,0.0959385414679117,0.6127134758679265,10.554925482699485,0.0187709072848649,1754025392711.7805,1754025397711.7805
0.5941538461538461,0.0062664142011834,0.1139370078740157,0.0012562217124434,0.6423076923076924,0.1343503937007873,0.0688625557530141,0.4001685766079534,0.0688625557530141,0.4001685766079534,1.0,1.0,10.0,1.0,0.2671554601413409,1754025395121.0,5.0,5.0,1.0,1754025395121.0,1754025400121.0,1.0,1.0,605431.94007,605436.94007,1206.0,31.427800398446976,3.682699085224169,3.5745160695881584,0.4749793956360567,10.392304845413264,1.7872580347940792,22.31297897955649,31.427800398446976,84.70366957633499,56.69226485545385,0.9925394332737216,0.9923809285603198,0.0424787404679845,0.0367617843329678,4.0,56.10385402830267,707.839178459047,0.0657601647616119,0.6107722011704975,10.548272189589545,0.0185912542550405,1754025397711.7805,1754025402711.7805
0.6406153846153846,9.181065088757426e-05,0.1347244094488188,0.0002069502139004,0.6461538461538462,0.1432086614173228,0.0224010172914757,0.3793811750331503,0.0224010172914757,0.3793811750331503,1.0,1.0,10.0,1.0,0.1524222751025263,1754025395121.0,5.0,5.0,1.0,1754025395121.0,1754025400121.0,1.0,1.0,605426.94007,605431.94007,1201.0,31.50858636519681,3.469323658867338,3.4795553729622712,0.5017612615384195,10.392304845413264,1.7397776864811356,21.84922552997341,31.50858636519681,87.2098125661355,54.24255459087101,0.9883479297545368,0.9883361415886348,0.0437182579467914,0.0400353083637905,5.0,19.82602644947523,222.0101581585574,0.0959385414679117,0.6127134758679265,10.554925482699485,0.0187709072848649,1754025392711.7805,1754025397711.7805
0.6406153846153846,9.181065088757426e-05,0.1347244094488188,0.0002069502139004,0.6461538461538462,0.1432086614173228,0.0224010172914757,0.3793811750331503,0.0224010172914757,0.3793811750331503,1.0,1.0,10.0,1.0,0.1524222751025263,1754025395121.0,5.0,5.0,1.0,1754025395121.0,1754025400121.0,1.0,1.0,605431.94007,605436.94007,1206.0,31.427800398446976,3.682699085224169,3.5745160695881584,0.4749793956360567,10.392304845413264,1.7872580347940792,22.31297897955649,31.427800398446976,84.70366957633499,56.69226485545385,0.9925394332737216,0.9923809285603198,0.0424787404679845,0.0367617843329678,4.0,56.10385402830267,707.839178459047,0.0657601647616119,0.6107722011704975,10.548272189589545,0.0185912542550405,1754025397711.7805,1754025402711.7805
0.6285384615384616,3.318934911242592e-05,0.1335433070866141,0.0002178312356624,0.6307692307692307,0.1437007874015748,0.0344779403683986,0.3805622773953551,0.0344779403683986,0.3805622773953551,1.0,1.0,10.0,1.0,0.0421104237444944,1754025395121.0,5.0,5.0,1.0,1754025395121.0,1754025400121.0,1.0,1.0,605426.94007,605431.94007,1201.0,31.50858636519681,3.469323658867338,3.4795553729622712,0.5017612615384195,10.392304845413264,1.7397776864811356,21.84922552997341,31.50858636519681,87.2098125661355,54.24255459087101,0.9883479297545368,0.9883361415886348,0.0437182579467914,0.0400353083637905,5.0,19.82602644947523,222.0101581585574,0.0959385414679117,0.6127134758679265,10.554925482699485,0.0187709072848649,1754025392711.7805,1754025397711.7805
0.6285384615384616,3.318934911242592e-05,0.1335433070866141,0.0002178312356624,0.6307692307692307,0.1437007874015748,0.0344779403683986,0.3805622773953551,0.0344779403683986,0.3805622773953551,1.0,1.0,10.0,1.0,0.0421104237444944,1754025395121.0,5.0,5.0,1.0,1754025395121.0,1754025400121.0,1.0,1.0,605431.94007,605436.94007,1206.0,31.427800398446976,3.682699085224169,3.5745160695881584,0.4749793956360567,10.392304845413264,1.7872580347940792,22.31297897955649,31.427800398446976,84.70366957633499,56.69226485545385,0.9925394332737216,0.9923809285603198,0.0424787404679845,0.0367617843329678,4.0,56.10385402830267,707.839178459047,0.0657601647616119,0.6107722011704975,10.548272189589545,0.0185912542550405,1754025397711.7805,1754025402711.7805
0.6291538461538461,2.1355029585798663e-05,0.1254724409448818,0.0001151357802715,0.6307692307692307,0.1318897637795275,0.0338625557530142,0.3886331435370873,0.0338625557530142,0.3886331435370873,1.0,1.0,10.0,1.0,1.3544286659047536e-05,1754025412887.5,5.2025,5.4675,1.0,1754025410124.0,1754025415124.0,0.0,1.0,605441.94007,605446.94007,1239.0,31.13773913410201,1.1580328823628017,3.592087870916255,0.2992305895479081,10.392304845413262,1.7960439354581277,21.069783818395184,31.13773913410201,77.94549261744828,53.80857693631157,0.994028904653524,0.994028904653524,0.0285570186526633,0.019927961245433,0.0,5.564809456050269,17.863561991428487,0.0716421013356805,0.0006573239522006,0.0117316431114493,0.0175438596491228,1754025407711.7805,1754025412711.7805
0.6291538461538461,2.1355029585798663e-05,0.1254724409448818,0.0001151357802715,0.6307692307692307,0.1318897637795275,0.0338625557530142,0.3886331435370873,0.0338625557530142,0.3886331435370873,1.0,1.0,10.0,1.0,1.3544286659047536e-05,1754025412887.5,5.2025,5.4675,1.0,1754025410124.0,1754025415124.0,0.0,1.0,605446.94007,605451.94007,1218.0,29.99718984843625,1.7426888951637334,3.485695253696173,0.3153585449834503,10.392304845413264,1.7428476268480866,20.07674790229545,29.99718984843625,82.2583049123914,52.39447218617647,0.9917853263723648,0.9918659410832597,0.0378882088888196,0.0332848287510048,3.0,12.04749373875211,78.89820716425946,0.1056819517268232,0.6027985760218263,10.480470090005593,0.0182352432806153,1754025412711.7805,1754025417711.7805
0.6272307692307693,2.712426035502946e-05,0.1237007874015747,0.000122351044702,0.6307692307692307,0.1299212598425196,0.035785632676091,0.3904047970803944,0.035785632676091,0.3904047970803944,1.0,1.0,10.0,1.0,0.3529406163748656,1754025417426.5,5.53,5.665,1.0,1754025415125.0,1754025420125.0,0.0,0.0,605446.94007,605451.94007,1218.0,29.99718984843625,1.7426888951637334,3.485695253696173,0.3153585449834503,10.392304845413264,1.7428476268480866,20.07674790229545,29.99718984843625,82.2583049123914,52.39447218617647,0.9917853263723648,0.9918659410832597,0.0378882088888196,0.0332848287510048,3.0,12.04749373875211,78.89820716425946,0.1056819517268232,0.6027985760218263,10.480470090005593,0.0182352432806153,1754025412711.7805,1754025417711.7805
0.6272307692307693,2.712426035502946e-05,0.1237007874015747,0.000122351044702,0.6307692307692307,0.1299212598425196,0.035785632676091,0.3904047970803944,0.035785632676091,0.3904047970803944,1.0,1.0,10.0,1.0,0.3529406163748656,1754025417426.5,5.53,5.665,1.0,1754025415125.0,1754025420125.0,0.0,0.0,605451.94007,605456.94007,1217.0,24.997676993459915,3.0314579087635325,2.9099680461703445,0.3812327715544338,10.392304845413264,1.4549840230851725,15.913421581778216,24.997676993459915,85.75364954844645,46.26785196801932,0.9944870810425078,0.9945539910798123,0.0411596923587205,0.0389042995806447,7.0,84.03590465197193,1495.3312621496657,0.0736787480267092,1.2090334882888238,14.823434983607935,0.0190142570889013,1754025417711.7805,1754025422711.7805
0.6188461538461538,2.9733727810650727e-05,0.1118897637795275,0.0001290160580321,0.6230769230769231,0.1161417322834645,0.0441702480607064,0.4022158207024416,0.0441702480607064,0.4022158207024416,1.0,1.0,10.0,1.0,0.0062255431189403,1754025417426.5,5.53,5.665,1.0,1754025415125.0,1754025420125.0,0.0,0.0,605446.94007,605451.94007,1218.0,29.99718984843625,1.7426888951637334,3.485695253696173,0.3153585449834503,10.392304845413264,1.7428476268480866,20.07674790229545,29.99718984843625,82.2583049123914,52.39447218617647,0.9917853263723648,0.9918659410832597,0.0378882088888196,0.0332848287510048,3.0,12.04749373875211,78.89820716425946,0.1056819517268232,0.6027985760218263,10.480470090005593,0.0182352432806153,1754025412711.7805,1754025417711.7805
0.6188461538461538,2.9733727810650727e-05,0.1118897637795275,0.0001290160580321,0.6230769230769231,0.1161417322834645,0.0441702480607064,0.4022158207024416,0.0441702480607064,0.4022158207024416,1.0,1.0,10.0,1.0,0.0062255431189403,1754025417426.5,5.53,5.665,1.0,1754025415125.0,1754025420125.0,0.0,0.0,605451.94007,605456.94007,1217.0,24.997676993459915,3.0314579087635325,2.9099680461703445,0.3812327715544338,10.392304845413264,1.4549840230851725,15.913421581778216,24.997676993459915,85.75364954844645,46.26785196801932,0.9944870810425078,0.9945539910798123,0.0411596923587205,0.0389042995806447,7.0,84.03590465197193,1495.3312621496657,0.0736787480267092,1.2090334882888238,14.823434983607935,0.0190142570889013,1754025417711.7805,1754025422711.7805
0.6227692307692309,2.7124260355029395e-05,0.1078346456692913,0.0001113351726703,0.6269230769230769,0.1097440944881889,0.0402471711376294,0.4062709388126779,0.0402471711376294,0.4062709388126779,1.0,1.0,10.0,1.0,0.5130315900628326,1754025417426.5,5.53,5.665,1.0,1754025415125.0,1754025420125.0,0.0,0.0,605446.94007,605451.94007,1218.0,29.99718984843625,1.7426888951637334,3.485695253696173,0.3153585449834503,10.392304845413264,1.7428476268480866,20.07674790229545,29.99718984843625,82.2583049123914,52.39447218617647,0.9917853263723648,0.9918659410832597,0.0378882088888196,0.0332848287510048,3.0,12.04749373875211,78.89820716425946,0.1056819517268232,0.6027985760218263,10.480470090005593,0.0182352432806153,1754025412711.7805,1754025417711.7805
0.6227692307692309,2.7124260355029395e-05,0.1078346456692913,0.0001113351726703,0.6269230769230769,0.1097440944881889,0.0402471711376294,0.4062709388126779,0.0402471711376294,0.4062709388126779,1.0,1.0,10.0,1.0,0.5130315900628326,1754025417426.5,5.53,5.665,1.0,1754025415125.0,1754025420125.0,0.0,0.0,605451.94007,605456.94007,1217.0,24.997676993459915,3.0314579087635325,2.9099680461703445,0.3812327715544338,10.392304845413264,1.4549840230851725,15.913421581778216,24.997676993459915,85.75364954844645,46.26785196801932,0.9944870810425078,0.9945539910798123,0.0411596923587205,0.0389042995806447,7.0,84.03590465197193,1495.3312621496657,0.0736787480267092,1.2090334882888238,14.823434983607935,0.0190142570889013,1754025417711.7805,1754025422711.7805
0.5673076923076922,0.0003468934911242,0.1324409448818897,0.0002703267406534,0.5692307692307692,0.1412401574803149,0.0957087095991681,0.3816646396000794,0.0957087095991681,0.3816646396000794,1.0,1.0,10.0,1.0,0.1391328302031466,1754025417426.5,5.53,5.665,1.0,1754025415125.0,1754025420125.0,0.0,0.0,605446.94007,605451.94007,1218.0,29.99718984843625,1.7426888951637334,3.485695253696173,0.3153585449834503,10.392304845413264,1.7428476268480866,20.07674790229545,29.99718984843625,82.2583049123914,52.39447218617647,0.9917853263723648,0.9918659410832597,0.0378882088888196,0.0332848287510048,3.0,12.04749373875211,78.89820716425946,0.1056819517268232,0.6027985760218263,10.480470090005593,0.0182352432806153,1754025412711.7805,1754025417711.7805
0.5673076923076922,0.0003468934911242,0.1324409448818897,0.0002703267406534,0.5692307692307692,0.1412401574803149,0.0957087095991681,0.3816646396000794,0.0957087095991681,0.3816646396000794,1.0,1.0,10.0,1.0,0.1391328302031466,1754025417426.5,5.53,5.665,1.0,1754025415125.0,1754025420125.0,0.0,0.0,605451.94007,605456.94007,1217.0,24.997676993459915,3.0314579087635325,2.9099680461703445,0.3812327715544338,10.392304845413264,1.4549840230851725,15.913421581778216,24.997676993459915,85.75364954844645,46.26785196801932,0.9944870810425078,0.9945539910798123,0.0411596923587205,0.0389042995806447,7.0,84.03590465197193,1495.3312621496657,0.0736787480267092,1.2090334882888238,14.823434983607935,0.0190142570889013,1754025417711.7805,1754025422711.7805
0.5546153846153846,7.278106508875735e-05,0.1213385826771653,0.000121948043896,0.5605769230769231,0.1259842519685039,0.1084010172914756,0.3927670018048039,0.1084010172914756,0.3927670018048039,1.0,1.0,10.0,1.0,0.6495812096712604,1754025439528.5,5.53,5.665,1.0,1754025435129.0,1754025440129.0,0.0,0.0,605466.94007,605471.94007,1239.0,32.775277488989715,1.482311378154259,3.800444586052131,0.1849147531875885,10.392304845413262,1.9002222930260653,21.53237746985782,32.775277488989715,87.7661551567159,50.31024448042719,0.998783681963164,0.998783681963164,0.0176863897705394,0.0127059970856951,0.0,3.3279248258971426,9.314189788146376,0.05150723961733,0.0002861972695648,0.0054366708426869,0.0175438596491228,1754025432711.7805,1754025437711.7805
0.5546153846153846,7.278106508875735e-05,0.1213385826771653,0.000121948043896,0.5605769230769231,0.1259842519685039,0.1084010172914756,0.3927670018048039,0.1084010172914756,0.3927670018048039,1.0,1.0,10.0,1.0,0.6495812096712604,1754025439528.5,5.53,5.665,1.0,1754025435129.0,1754025440129.0,0.0,0.0,605471.94007,605476.94007,1222.0,30.44805064807876,2.143567327816917,3.549650378581125,0.3414193379254758,10.392304845413264,1.7748251892905624,19.74214820152167,30.44805064807876,70.18098945497731,47.46849102038359,0.995980486713286,0.9959068004199444,0.0284327872432121,0.0208207406286529,0.0,18.483474532861774,219.43738012508075,0.071026059298292,0.3002051973068642,7.396074165940677,0.0178884199040973,1754025437711.7805,1754025442711.7805
0.6403846153846153,0.0003818047337278,0.0794094488188976,0.0008022211544423,0.6615384615384615,0.1023622047244094,0.0226317865222449,0.4346961356630716,0.0226317865222449,0.4346961356630716,1.0,1.0,10.0,1.0,0.4015642210141947,1754025442420.5,5.8675,5.2,1.0,1754025440130.0,1754025445130.0,0.0,0.0,605471.94007,605476.94007,1222.0,30.44805064807876,2.143567327816917,3.549650378581125,0.3414193379254758,10.392304845413264,1.7748251892905624,19.74214820152167,30.44805064807876,70.18098945497731,47.46849102038359,0.995980486713286,0.9959068004199444,0.0284327872432121,0.0208207406286529,0.0,18.483474532861774,219.43738012508075,0.071026059298292,0.3002051973068642,7.396074165940677,0.0178884199040973,1754025437711.7805,1754025442711.7805
0.6403846153846153,0.0003818047337278,0.0794094488188976,0.0008022211544423,0.6615384615384615,0.1023622047244094,0.0226317865222449,0.4346961356630716,0.0226317865222449,0.4346961356630716,1.0,1.0,10.0,1.0,0.4015642210141947,1754025442420.5,5.8675,5.2,1.0,1754025440130.0,1754025445130.0,0.0,0.0,605476.94007,605481.94007,1240.0,33.86764360250457,1.833516630664198,3.961986694535758,0.2746939088888032,10.392304845413264,1.980993347267879,21.98217286414397,33.86764360250457,79.89362241925248,48.57335720297674,0.9976749489395412,0.9976749489395412,0.0212981710508639,0.0150934954137798,0.0,5.3562511281104594,15.20733397454707,0.0856255935496626,0.0005595858757605,0.012327523513499,0.0175438596491228,1754025442711.7805,1754025447711.7805
0.6074615384615384,0.001581899408284,0.1221259842519684,0.0016952321904643,0.6269230769230769,0.1486220472440944,0.0555548634453219,0.3919796002300007,0.0555548634453219,0.3919796002300007,1.0,1.0,10.0,1.0,0.1712885849227196,1754025442420.5,5.8675,5.2,1.0,1754025440130.0,1754025445130.0,0.0,0.0,605471.94007,605476.94007,1222.0,30.44805064807876,2.143567327816917,3.549650378581125,0.3414193379254758,10.392304845413264,1.7748251892905624,19.74214820152167,30.44805064807876,70.18098945497731,47.46849102038359,0.995980486713286,0.9959068004199444,0.0284327872432121,0.0208207406286529,0.0,18.483474532861774,219.43738012508075,0.071026059298292,0.3002051973068642,7.396074165940677,0.0178884199040973,1754025437711.7805,1754025442711.7805
0.6074615384615384,0.001581899408284,0.1221259842519684,0.0016952321904643,0.6269230769230769,0.1486220472440944,0.0555548634453219,0.3919796002300007,0.0555548634453219,0.3919796002300007,1.0,1.0,10.0,1.0,0.1712885849227196,1754025442420.5,5.8675,5.2,1.0,1754025440130.0,1754025445130.0,0.0,0.0,605476.94007,605481.94007,1240.0,33.86764360250457,1.833516630664198,3.961986694535758,0.2746939088888032,10.392304845413264,1.980993347267879,21.98217286414397,33.86764360250457,79.89362241925248,48.57335720297674,0.9976749489395412,0.9976749489395412,0.0212981710508639,0.0150934954137798,0.0,5.3562511281104594,15.20733397454707,0.0856255935496626,0.0005595858757605,0.012327523513499,0.0175438596491228,1754025442711.7805,1754025447711.7805
0.6251538461538462,0.0006563372781065,0.0962204724409448,0.0005102052204104,0.65,0.1117125984251968,0.0378625557530141,0.4178851120410243,0.0378625557530141,0.4178851120410243,1.0,1.0,10.0,1.0,0.0250927651286353,1754025452875.0,5.4,5.0,1.0,1754025450132.0,1754025455132.0,0.0,0.0,605481.94007,605486.94007,1238.0,33.91590708816073,2.3660608692528595,3.9576042348260234,0.2731036353781033,10.392304845413264,1.9788021174130117,22.0764253539609,33.91590708816073,81.39898641041036,49.11418917853312,0.9881662631967116,0.9881662631967116,0.0382672352479022,0.0258493363047868,0.0,5.943507790760089,14.969562901317882,0.0866415592503611,0.0004138361866485,0.0078966335620486,0.0175438596491228,1754025447711.7805,1754025452711.7805
0.6251538461538462,0.0006563372781065,0.0962204724409448,0.0005102052204104,0.65,0.1117125984251968,0.0378625557530141,0.4178851120410243,0.0378625557530141,0.4178851120410243,1.0,1.0,10.0,1.0,0.0250927651286353,1754025452875.0,5.4,5.0,1.0,1754025450132.0,1754025455132.0,0.0,0.0,605486.94007,605491.94007,1240.0,32.95661071609103,0.9108084665841142,3.8760762716173054,0.3022709037920205,10.392304845413264,1.9380381358086527,21.751662758409235,32.95661071609103,66.34225405942287,47.21235823658722,0.9932976170874208,0.9932976170874208,0.0199874743851281,0.0133203562261415,0.0,6.371403196306426,11.486158154468702,0.0334664593076235,0.0003035137389261,0.0059072202556877,0.0175438596491228,1754025452711.7805,1754025457711.7805
0.619153846153846,0.0004849053254437,0.1101181102362204,0.0005462846425692,0.6423076923076924,0.1274606299212598,0.0438625557530142,0.4039874742457487,0.0438625557530142,0.4039874742457487,1.0,1.0,10.0,1.0,0.3118653395967711,1754025455772.0,4.73,5.0,1.0,1754025455133.0,1754025460133.0,1.0,0.0,605486.94007,605491.94007,1240.0,32.95661071609103,0.9108084665841142,3.8760762716173054,0.3022709037920205,10.392304845413264,1.9380381358086527,21.751662758409235,32.95661071609103,66.34225405942287,47.21235823658722,0.9932976170874208,0.9932976170874208,0.0199874743851281,0.0133203562261415,0.0,6.371403196306426,11.486158154468702,0.0334664593076235,0.0003035137389261,0.0059072202556877,0.0175438596491228,1754025452711.7805,1754025457711.7805
0.619153846153846,0.0004849053254437,0.1101181102362204,0.0005462846425692,0.6423076923076924,0.1274606299212598,0.0438625557530142,0.4039874742457487,0.0438625557530142,0.4039874742457487,1.0,1.0,10.0,1.0,0.3118653395967711,1754025455772.0,4.73,5.0,1.0,1754025455133.0,1754025460133.0,1.0,0.0,605491.94007,605496.94007,1214.0,33.36552324626659,1.794196270062552,3.898346143195126,0.2778888143209959,10.392304845413264,1.949173071597563,21.892518962905243,33.36552324626659,79.55014791173696,49.97460605675886,0.993428688309486,0.993363096557696,0.0261203453418441,0.0222135322707634,1.0,10.722613435218095,76.92446754104365,0.0937673945581768,0.3034317684089229,7.43488102465732,0.0179773981906991,1754025457711.7805,1754025462711.7805
0.6051538461538462,0.0008506568047337,0.1213385826771653,0.0008039494078988,0.6211538461538462,0.139271653543307,0.0578625557530141,0.3927670018048038,0.0578625557530141,0.3927670018048038,1.0,1.0,10.0,1.0,0.4884331659916013,1754025462836.0,4.47,5.0,1.0,1754025460134.0,1754025465134.0,1.0,1.0,605491.94007,605496.94007,1214.0,33.36552324626659,1.794196270062552,3.898346143195126,0.2778888143209959,10.392304845413264,1.949173071597563,21.892518962905243,33.36552324626659,79.55014791173696,49.97460605675886,0.993428688309486,0.993363096557696,0.0261203453418441,0.0222135322707634,1.0,10.722613435218095,76.92446754104365,0.0937673945581768,0.3034317684089229,7.43488102465732,0.0179773981906991,1754025457711.7805,1754025462711.7805
0.6051538461538462,0.0008506568047337,0.1213385826771653,0.0008039494078988,0.6211538461538462,0.139271653543307,0.0578625557530141,0.3927670018048038,0.0578625557530141,0.3927670018048038,1.0,1.0,10.0,1.0,0.4884331659916013,1754025462836.0,4.47,5.0,1.0,1754025460134.0,1754025465134.0,1.0,1.0,605496.94007,605501.94007,1221.0,31.45681838863569,2.013031999310508,3.6762345302619535,0.2645355350460308,10.392304845413264,1.8381172651309767,19.920183200121706,31.45681838863569,81.87191256441439,47.69238706422626,0.9933668364578504,0.9934218524362256,0.0380266695483514,0.0340854923278759,4.0,12.570238320233432,63.084415534506185,0.0952314254757965,0.9038973424513193,12.827558507668556,0.0184059657743868,1754025462711.7805,1754025467711.7805
0.6327692307692306,0.0004770650887573,0.1083070866141732,0.0006617722735445,0.65,0.1279527559055118,0.0302471711376296,0.405798497867796,0.0302471711376296,0.405798497867796,1.0,1.0,10.0,1.0,0.4056083803128768,1754025462836.0,4.47,5.0,1.0,1754025460134.0,1754025465134.0,1.0,1.0,605491.94007,605496.94007,1214.0,33.36552324626659,1.794196270062552,3.898346143195126,0.2778888143209959,10.392304845413264,1.949173071597563,21.892518962905243,33.36552324626659,79.55014791173696,49.97460605675886,0.993428688309486,0.993363096557696,0.0261203453418441,0.0222135322707634,1.0,10.722613435218095,76.92446754104365,0.0937673945581768,0.3034317684089229,7.43488102465732,0.0179773981906991,1754025457711.7805,1754025462711.7805
0.6327692307692306,0.0004770650887573,0.1083070866141732,0.0006617722735445,0.65,0.1279527559055118,0.0302471711376296,0.405798497867796,0.0302471711376296,0.405798497867796,1.0,1.0,10.0,1.0,0.4056083803128768,1754025462836.0,4.47,5.0,1.0,1754025460134.0,1754025465134.0,1.0,1.0,605496.94007,605501.94007,1221.0,31.45681838863569,2.013031999310508,3.6762345302619535,0.2645355350460308,10.392304845413264,1.8381172651309767,19.920183200121706,31.45681838863569,81.87191256441439,47.69238706422626,0.9933668364578504,0.9934218524362256,0.0380266695483514,0.0340854923278759,4.0,12.570238320233432,63.084415534506185,0.0952314254757965,0.9038973424513193,12.827558507668556,0.0184059657743868,1754025462711.7805,1754025467711.7805
0.5718461538461539,7.777514792899419e-05,0.1281889763779527,0.0001433194866389,0.5769230769230769,0.1358267716535433,0.0911702480607064,0.3859166081040164,0.0911702480607064,0.3859166081040164,1.0,1.0,10.0,1.0,0.1277563894261841,1754025462836.0,4.47,5.0,1.0,1754025460134.0,1754025465134.0,1.0,1.0,605491.94007,605496.94007,1214.0,33.36552324626659,1.794196270062552,3.898346143195126,0.2778888143209959,10.392304845413264,1.949173071597563,21.892518962905243,33.36552324626659,79.55014791173696,49.97460605675886,0.993428688309486,0.993363096557696,0.0261203453418441,0.0222135322707634,1.0,10.722613435218095,76.92446754104365,0.0937673945581768,0.3034317684089229,7.43488102465732,0.0179773981906991,1754025457711.7805,1754025462711.7805
0.5718461538461539,7.777514792899419e-05,0.1281889763779527,0.0001433194866389,0.5769230769230769,0.1358267716535433,0.0911702480607064,0.3859166081040164,0.0911702480607064,0.3859166081040164,1.0,1.0,10.0,1.0,0.1277563894261841,1754025462836.0,4.47,5.0,1.0,1754025460134.0,1754025465134.0,1.0,1.0,605496.94007,605501.94007,1221.0,31.45681838863569,2.013031999310508,3.6762345302619535,0.2645355350460308,10.392304845413264,1.8381172651309767,19.920183200121706,31.45681838863569,81.87191256441439,47.69238706422626,0.9933668364578504,0.9934218524362256,0.0380266695483514,0.0340854923278759,4.0,12.570238320233432,63.084415534506185,0.0952314254757965,0.9038973424513193,12.827558507668556,0.0184059657743868,1754025462711.7805,1754025467711.7805
0.5687692307692307,2.286390532544368e-05,0.11751968503937,6.9013888027776e-05,0.573076923076923,0.1195866141732283,0.0942471711376295,0.3965858994425991,0.0942471711376295,0.3965858994425991,1.0,1.0,10.0,1.0,0.329041580830782,1754025475935.0,4.2,5.0,1.0,1754025475137.0,1754025480137.0,1.0,1.0,605506.94007,605511.94007,1221.0,32.98842356558211,1.7000938868587725,3.847276383332802,0.2591043623280384,10.392304845413264,1.923638191666401,21.705492786298898,32.98842356558211,77.71138222733445,49.61582109798231,0.9955210633704684,0.995201653051058,0.0361635469196463,0.029814505773911,1.0,13.474463624284011,146.30753611857912,0.0741326585527266,0.3005848973201317,7.40806619292236,0.0178887020992284,1754025472711.7805,1754025477711.7805
0.5687692307692307,2.286390532544368e-05,0.11751968503937,6.9013888027776e-05,0.573076923076923,0.1195866141732283,0.0942471711376295,0.3965858994425991,0.0942471711376295,0.3965858994425991,1.0,1.0,10.0,1.0,0.329041580830782,1754025475935.0,4.2,5.0,1.0,1754025475137.0,1754025480137.0,1.0,1.0,605511.94007,605516.94007,1222.0,31.051251055273312,1.8611292270086104,3.629478603396461,0.3484707933117119,10.392304845413264,1.8147393016982305,20.92825263328972,31.051251055273312,66.28251574754904,48.06727428190049,0.9883147831022052,0.9881311692572372,0.036787814985608,0.0332619757965731,3.0,19.155665936988644,178.2491172059922,0.0381112757523483,0.602234338645848,10.478977419912598,0.0183191202228156,1754025477711.7805,1754025482711.7805
0.5782307692307692,1.633727810650914e-05,0.1107086614173228,0.000105642011284,0.5807692307692308,0.1122047244094488,0.084785632676091,0.4033969230646463,0.084785632676091,0.4033969230646463,1.0,1.0,10.0,1.0,0.192559320977592,1754025475935.0,4.2,5.0,1.0,1754025475137.0,1754025480137.0,1.0,1.0,605506.94007,605511.94007,1221.0,32.98842356558211,1.7000938868587725,3.847276383332802,0.2591043623280384,10.392304845413264,1.923638191666401,21.705492786298898,32.98842356558211,77.71138222733445,49.61582109798231,0.9955210633704684,0.995201653051058,0.0361635469196463,0.029814505773911,1.0,13.474463624284011,146.30753611857912,0.0741326585527266,0.3005848973201317,7.40806619292236,0.0178887020992284,1754025472711.7805,1754025477711.7805
0.5782307692307692,1.633727810650914e-05,0.1107086614173228,0.000105642011284,0.5807692307692308,0.1122047244094488,0.084785632676091,0.4033969230646463,0.084785632676091,0.4033969230646463,1.0,1.0,10.0,1.0,0.192559320977592,1754025475935.0,4.2,5.0,1.0,1754025475137.0,1754025480137.0,1.0,1.0,605511.94007,605516.94007,1222.0,31.051251055273312,1.8611292270086104,3.629478603396461,0.3484707933117119,10.392304845413264,1.8147393016982305,20.92825263328972,31.051251055273312,66.28251574754904,48.06727428190049,0.9883147831022052,0.9881311692572372,0.036787814985608,0.0332619757965731,3.0,19.155665936988644,178.2491172059922,0.0381112757523483,0.602234338645848,10.478977419912598,0.0183191202228156,1754025477711.7805,1754025482711.7805
0.5377692307692308,0.0016193431952662,0.1318897637795275,0.0003279806559613,0.573076923076923,0.1446850393700786,0.1252471711376295,0.3822158207024416,0.1252471711376295,0.3822158207024416,1.0,1.0,10.0,1.0,0.4023117922485302,1754025475935.0,4.2,5.0,1.0,1754025475137.0,1754025480137.0,1.0,1.0,605506.94007,605511.94007,1221.0,32.98842356558211,1.7000938868587725,3.847276383332802,0.2591043623280384,10.392304845413264,1.923638191666401,21.705492786298898,32.98842356558211,77.71138222733445,49.61582109798231,0.9955210633704684,0.995201653051058,0.0361635469196463,0.029814505773911,1.0,13.474463624284011,146.30753611857912,0.0741326585527266,0.3005848973201317,7.40806619292236,0.0178887020992284,1754025472711.7805,1754025477711.7805
0.5377692307692308,0.0016193431952662,0.1318897637795275,0.0003279806559613,0.573076923076923,0.1446850393700786,0.1252471711376295,0.3822158207024416,0.1252471711376295,0.3822158207024416,1.0,1.0,10.0,1.0,0.4023117922485302,1754025475935.0,4.2,5.0,1.0,1754025475137.0,1754025480137.0,1.0,1.0,605511.94007,605516.94007,1222.0,31.051251055273312,1.8611292270086104,3.629478603396461,0.3484707933117119,10.392304845413264,1.8147393016982305,20.92825263328972,31.051251055273312,66.28251574754904,48.06727428190049,0.9883147831022052,0.9881311692572372,0.036787814985608,0.0332619757965731,3.0,19.155665936988644,178.2491172059922,0.0381112757523483,0.602234338645848,10.478977419912598,0.0183191202228156,1754025477711.7805,1754025482711.7805
0.5046923076923078,6.762721893491118e-05,0.140511811023622,0.0001545182590365,0.5115384615384615,0.1437007874015748,0.1583240942145525,0.3735937734583471,0.1583240942145525,0.3735937734583471,1.0,1.0,10.0,1.0,0.0885279694529635,1754025493230.0,3.93,4.865,1.0,1754025490140.0,1754025495140.0,1.0,1.0,605521.94007,605526.94007,1238.0,35.62861751434104,1.8892437122806327,4.1338008194504745,0.1770018574375908,10.392304845413264,2.0669004097252373,22.54126666725871,35.62861751434104,87.59259620524085,47.98637893305831,0.9976854536532952,0.9976854536532952,0.0269114219096003,0.019164051448661,0.0,3.1783195753237075,9.00038156843813,0.0456372770679823,0.0001933218014009,0.0038290080716451,0.0175438596491228,1754025487711.7805,1754025492711.7805
0.5046923076923078,6.762721893491118e-05,0.140511811023622,0.0001545182590365,0.5115384615384615,0.1437007874015748,0.1583240942145525,0.3735937734583471,0.1583240942145525,0.3735937734583471,1.0,1.0,10.0,1.0,0.0885279694529635,1754025493230.0,3.93,4.865,1.0,1754025490140.0,1754025495140.0,1.0,1.0,605526.94007,605531.94007,1238.0,33.68749659580995,2.6787769423900354,3.9448170676838457,0.3959394696283434,10.392304845413264,1.9724085338419228,22.96906666946114,33.68749659580995,86.12676110113654,55.37630149247649,0.9913395095310148,0.9913395095310148,0.0315566465331436,0.0235349426571737,0.0,6.392181786298912,14.650822841218725,0.1095389574524855,0.0007360200558856,0.0165837635594759,0.0175438596491228,1754025492711.7805,1754025497711.7805
0.515076923076923,9.931360946745578e-05,0.1379133858267716,0.0001194137888275,0.5153846153846153,0.1412401574803149,0.1479394788299373,0.3761921986551976,0.1479394788299373,0.3761921986551976,1.0,1.0,10.0,1.0,0.4977547022124661,1754025495277.0,4.2,4.73,1.0,1754025495141.0,1754025500141.0,1.0,1.0,605526.94007,605531.94007,1238.0,33.68749659580995,2.6787769423900354,3.9448170676838457,0.3959394696283434,10.392304845413264,1.9724085338419228,22.96906666946114,33.68749659580995,86.12676110113654,55.37630149247649,0.9913395095310148,0.9913395095310148,0.0315566465331436,0.0235349426571737,0.0,6.392181786298912,14.650822841218725,0.1095389574524855,0.0007360200558856,0.0165837635594759,0.0175438596491228,1754025492711.7805,1754025497711.7805
0.515076923076923,9.931360946745578e-05,0.1379133858267716,0.0001194137888275,0.5153846153846153,0.1412401574803149,0.1479394788299373,0.3761921986551976,0.1479394788299373,0.3761921986551976,1.0,1.0,10.0,1.0,0.4977547022124661,1754025495277.0,4.2,4.73,1.0,1754025495141.0,1754025500141.0,1.0,1.0,605531.94007,605536.94007,1223.0,32.68669158111672,2.836977826974871,3.826176454897796,0.3673571112490878,10.392304845413262,1.913088227448898,20.907685952363025,32.68669158111672,80.97992240688453,48.11985034971205,0.9890366766017282,0.9889688120825996,0.037421379224153,0.0292471767537923,1.0,12.046178051780858,74.99676535613524,0.0909807453744379,0.6009362416525957,10.46529078339143,0.0180602774311084,1754025497711.7805,1754025502711.7805
0.6287692307692309,0.0055090177514792,0.130511811023622,0.0004397746295492,0.6923076923076923,0.1437007874015748,0.0342471711376294,0.3835937734583472,0.0342471711376294,0.3835937734583472,1.0,1.0,10.0,1.0,0.3570990834957848,1754025495277.0,4.2,4.73,1.0,1754025495141.0,1754025500141.0,1.0,1.0,605526.94007,605531.94007,1238.0,33.68749659580995,2.6787769423900354,3.9448170676838457,0.3959394696283434,10.392304845413264,1.9724085338419228,22.96906666946114,33.68749659580995,86.12676110113654,55.37630149247649,0.9913395095310148,0.9913395095310148,0.0315566465331436,0.0235349426571737,0.0,6.392181786298912,14.650822841218725,0.1095389574524855,0.0007360200558856,0.0165837635594759,0.0175438596491228,1754025492711.7805,1754025497711.7805
0.6287692307692309,0.0055090177514792,0.130511811023622,0.0004397746295492,0.6923076923076923,0.1437007874015748,0.0342471711376294,0.3835937734583472,0.0342471711376294,0.3835937734583472,1.0,1.0,10.0,1.0,0.3570990834957848,1754025495277.0,4.2,4.73,1.0,1754025495141.0,1754025500141.0,1.0,1.0,605531.94007,605536.94007,1223.0,32.68669158111672,2.836977826974871,3.826176454897796,0.3673571112490878,10.392304845413262,1.913088227448898,20.907685952363025,32.68669158111672,80.97992240688453,48.11985034971205,0.9890366766017282,0.9889688120825996,0.037421379224153,0.0292471767537923,1.0,12.046178051780858,74.99676535613524,0.0909807453744379,0.6009362416525957,10.46529078339143,0.0180602774311084,1754025497711.7805,1754025502711.7805
0.6243076923076923,0.0039464142011834,0.2044881889763779,0.0026290594581189,0.6836538461538462,0.233267716535433,0.0387087095991679,0.3096173955055912,0.0387087095991679,0.3096173955055912,1.0,1.0,10.0,1.0,0.3108914984682019,1754025495277.0,4.2,4.73,1.0,1754025495141.0,1754025500141.0,1.0,1.0,605526.94007,605531.94007,1238.0,33.68749659580995,2.6787769423900354,3.9448170676838457,0.3959394696283434,10.392304845413264,1.9724085338419228,22.96906666946114,33.68749659580995,86.12676110113654,55.37630149247649,0.9913395095310148,0.9913395095310148,0.0315566465331436,0.0235349426571737,0.0,6.392181786298912,14.650822841218725,0.1095389574524855,0.0007360200558856,0.0165837635594759,0.0175438596491228,1754025492711.7805,1754025497711.7805
0.6243076923076923,0.0039464142011834,0.2044881889763779,0.0026290594581189,0.6836538461538462,0.233267716535433,0.0387087095991679,0.3096173955055912,0.0387087095991679,0.3096173955055912,1.0,1.0,10.0,1.0,0.3108914984682019,1754025495277.0,4.2,4.73,1.0,1754025495141.0,1754025500141.0,1.0,1.0,605531.94007,605536.94007,1223.0,32.68669158111672,2.836977826974871,3.826176454897796,0.3673571112490878,10.392304845413262,1.913088227448898,20.907685952363025,32.68669158111672,80.97992240688453,48.11985034971205,0.9890366766017282,0.9889688120825996,0.037421379224153,0.0292471767537923,1.0,12.046178051780858,74.99676535613524,0.0909807453744379,0.6009362416525957,10.46529078339143,0.0180602774311084,1754025497711.7805,1754025502711.7805
0.7041538461538461,7.860355029585829e-05,0.2087401574803149,0.0005446648893297,0.7076923076923077,0.2125984251968504,0.0411374442469858,0.3053654270016542,0.0411374442469858,0.3053654270016542,1.0,1.0,10.0,1.0,0.380852600787554,1754025495277.0,4.2,4.73,1.0,1754025495141.0,1754025500141.0,1.0,1.0,605526.94007,605531.94007,1238.0,33.68749659580995,2.6787769423900354,3.9448170676838457,0.3959394696283434,10.392304845413264,1.9724085338419228,22.96906666946114,33.68749659580995,86.12676110113654,55.37630149247649,0.9913395095310148,0.9913395095310148,0.0315566465331436,0.0235349426571737,0.0,6.392181786298912,14.650822841218725,0.1095389574524855,0.0007360200558856,0.0165837635594759,0.0175438596491228,1754025492711.7805,1754025497711.7805
0.7041538461538461,7.860355029585829e-05,0.2087401574803149,0.0005446648893297,0.7076923076923077,0.2125984251968504,0.0411374442469858,0.3053654270016542,0.0411374442469858,0.3053654270016542,1.0,1.0,10.0,1.0,0.380852600787554,1754025495277.0,4.2,4.73,1.0,1754025495141.0,1754025500141.0,1.0,1.0,605531.94007,605536.94007,1223.0,32.68669158111672,2.836977826974871,3.826176454897796,0.3673571112490878,10.392304845413262,1.913088227448898,20.907685952363025,32.68669158111672,80.97992240688453,48.11985034971205,0.9890366766017282,0.9889688120825996,0.037421379224153,0.0292471767537923,1.0,12.046178051780858,74.99676535613524,0.0909807453744379,0.6009362416525957,10.46529078339143,0.0180602774311084,1754025497711.7805,1754025502711.7805
0.7240769230769231,0.0001768106508875,0.2556299212598425,0.0093248201996403,0.7307692307692307,0.2593503937007873,0.0610605211700627,0.2584756632221267,0.0610605211700627,0.2584756632221267,1.0,1.0,10.0,1.0,0.2019132628733769,1754025495277.0,4.2,4.73,1.0,1754025495141.0,1754025500141.0,1.0,1.0,605526.94007,605531.94007,1238.0,33.68749659580995,2.6787769423900354,3.9448170676838457,0.3959394696283434,10.392304845413264,1.9724085338419228,22.96906666946114,33.68749659580995,86.12676110113654,55.37630149247649,0.9913395095310148,0.9913395095310148,0.0315566465331436,0.0235349426571737,0.0,6.392181786298912,14.650822841218725,0.1095389574524855,0.0007360200558856,0.0165837635594759,0.0175438596491228,1754025492711.7805,1754025497711.7805
0.7240769230769231,0.0001768106508875,0.2556299212598425,0.0093248201996403,0.7307692307692307,0.2593503937007873,0.0610605211700627,0.2584756632221267,0.0610605211700627,0.2584756632221267,1.0,1.0,10.0,1.0,0.2019132628733769,1754025495277.0,4.2,4.73,1.0,1754025495141.0,1754025500141.0,1.0,1.0,605531.94007,605536.94007,1223.0,32.68669158111672,2.836977826974871,3.826176454897796,0.3673571112490878,10.392304845413262,1.913088227448898,20.907685952363025,32.68669158111672,80.97992240688453,48.11985034971205,0.9890366766017282,0.9889688120825996,0.037421379224153,0.0292471767537923,1.0,12.046178051780858,74.99676535613524,0.0909807453744379,0.6009362416525957,10.46529078339143,0.0180602774311084,1754025497711.7805,1754025502711.7805
0.7285384615384616,2.3721893491124456e-05,0.2811023622047244,0.0021985243970487,0.7307692307692307,0.297244094488189,0.0655220596316012,0.2330032222772448,0.0655220596316012,0.2330032222772448,1.0,1.0,10.0,1.0,0.1941456146232396,1754025523342.3333,4.510000000000001,4.111666666666667,1.0,1754025520146.0,1754025525146.0,1.0,1.0,605551.94007,605556.94007,1217.0,32.593753841796726,3.108168708184643,3.797956022948935,0.3977776437359872,10.392304845413264,1.8989780114744677,20.896266247278003,32.593753841796726,80.75636236064496,48.36109794722067,0.992933923709702,0.9930125001764276,0.0370716020110633,0.0328266802177827,3.0,18.05615732136019,151.68560329727566,0.0824362787935054,0.6033608740439194,10.492059386195567,0.0182358113854891,1754025517711.7805,1754025522711.7805
0.7285384615384616,2.3721893491124456e-05,0.2811023622047244,0.0021985243970487,0.7307692307692307,0.297244094488189,0.0655220596316012,0.2330032222772448,0.0655220596316012,0.2330032222772448,1.0,1.0,10.0,1.0,0.1941456146232396,1754025523342.3333,4.510000000000001,4.111666666666667,1.0,1754025520146.0,1754025525146.0,1.0,1.0,605556.94007,605561.94007,1236.0,34.56159815520615,2.338292092925664,4.0327247448692685,0.3902372153390688,10.392304845413264,2.0163623724346342,22.80572657275312,34.56159815520615,71.98017993894317,48.968250685527686,0.9916649399458612,0.9916649399458614,0.0227913399441479,0.0151660176308585,0.0,5.753803055751534,13.310916713221651,0.0816690099664891,0.0007272304235975,0.0120455395284882,0.0175438596491228,1754025522711.7805,1754025527711.7805
0.7335384615384615,1.659171597633161e-05,0.2412204724409448,0.0005312186124372,0.7346153846153847,0.2421259842519685,0.0705220596316011,0.2728851120410243,0.0705220596316011,0.2728851120410243,1.0,1.0,10.0,1.0,0.0405914528003727,1754025525842.6667,4.73,3.133333333333333,1.0,1754025525147.0,1754025530147.0,1.0,1.0,605556.94007,605561.94007,1236.0,34.56159815520615,2.338292092925664,4.0327247448692685,0.3902372153390688,10.392304845413264,2.0163623724346342,22.80572657275312,34.56159815520615,71.98017993894317,48.968250685527686,0.9916649399458612,0.9916649399458614,0.0227913399441479,0.0151660176308585,0.0,5.753803055751534,13.310916713221651,0.0816690099664891,0.0007272304235975,0.0120455395284882,0.0175438596491228,1754025522711.7805,1754025527711.7805
0.7335384615384615,1.659171597633161e-05,0.2412204724409448,0.0005312186124372,0.7346153846153847,0.2421259842519685,0.0705220596316011,0.2728851120410243,0.0705220596316011,0.2728851120410243,1.0,1.0,10.0,1.0,0.0405914528003727,1754025525842.6667,4.73,3.133333333333333,1.0,1754025525147.0,1754025530147.0,1.0,1.0,605561.94007,605566.94007,1239.0,35.794939430847805,2.2959466006564937,4.176941293591121,0.2936547327099654,10.392304845413262,2.0884706467955607,22.33462413721628,35.794939430847805,84.68476177964742,46.51794832410553,0.9975189914484244,0.9975149559359144,0.0110329776045276,0.0076544758942513,0.0,3.8823276280088033,8.971259058992024,0.0555219926725668,0.0003021620061648,0.005848045785877,0.0175438596491228,1754025527711.7805,1754025532711.7805
0.7308461538461539,3.0467455621302048e-05,0.2283858267716535,0.0001040811581623,0.7346153846153847,0.234251968503937,0.0678297519392936,0.2857197577103156,0.0678297519392936,0.2857197577103156,1.0,1.0,10.0,1.0,0.5811321921439178,1754025525842.6667,4.73,3.133333333333333,1.0,1754025525147.0,1754025530147.0,1.0,1.0,605556.94007,605561.94007,1236.0,34.56159815520615,2.338292092925664,4.0327247448692685,0.3902372153390688,10.392304845413264,2.0163623724346342,22.80572657275312,34.56159815520615,71.98017993894317,48.968250685527686,0.9916649399458612,0.9916649399458614,0.0227913399441479,0.0151660176308585,0.0,5.753803055751534,13.310916713221651,0.0816690099664891,0.0007272304235975,0.0120455395284882,0.0175438596491228,1754025522711.7805,1754025527711.7805
0.7308461538461539,3.0467455621302048e-05,0.2283858267716535,0.0001040811581623,0.7346153846153847,0.234251968503937,0.0678297519392936,0.2857197577103156,0.0678297519392936,0.2857197577103156,1.0,1.0,10.0,1.0,0.5811321921439178,1754025525842.6667,4.73,3.133333333333333,1.0,1754025525147.0,1754025530147.0,1.0,1.0,605561.94007,605566.94007,1239.0,35.794939430847805,2.2959466006564937,4.176941293591121,0.2936547327099654,10.392304845413262,2.0884706467955607,22.33462413721628,35.794939430847805,84.68476177964742,46.51794832410553,0.9975189914484244,0.9975149559359144,0.0110329776045276,0.0076544758942513,0.0,3.8823276280088033,8.971259058992024,0.0555219926725668,0.0003021620061648,0.005848045785877,0.0175438596491228,1754025527711.7805,1754025532711.7805
0.6957692307692307,0.0002202662721893,0.2258661417322834,0.000978332506665,0.7038461538461539,0.2317913385826771,0.0327528288623704,0.2882394427496857,0.0327528288623704,0.2882394427496857,1.0,1.0,10.0,1.0,0.2667439315255714,1754025536687.0,4.73,2.6,1.0,1754025535149.0,1754025540149.0,1.0,1.0,605566.94007,605571.94007,1209.0,34.224180326084124,3.4173957989483195,3.983625574220126,0.4350782202487954,10.392304845413266,1.991812787110063,21.496673838329748,34.224180326084124,80.8016470770117,47.22969653835488,0.9939168689662924,0.993925140264886,0.0279405095188139,0.0245412242974787,2.0,12.950671691152037,115.064638796149,0.0814966105768894,0.6071649404949654,10.522874978773014,0.0183274563580166,1754025532711.7805,1754025537711.7805
0.6957692307692307,0.0002202662721893,0.2258661417322834,0.000978332506665,0.7038461538461539,0.2317913385826771,0.0327528288623704,0.2882394427496857,0.0327528288623704,0.2882394427496857,1.0,1.0,10.0,1.0,0.2667439315255714,1754025536687.0,4.73,2.6,1.0,1754025535149.0,1754025540149.0,1.0,1.0,605571.94007,605576.94007,1220.0,31.35174396808992,2.0708302041278843,3.65728249845803,0.3597340030982768,10.392304845413264,1.828641249229015,20.54497358047237,31.35174396808992,70.59046217461956,47.554591838269296,0.9912532947273208,0.9912532947273208,0.0266493875871818,0.0201973831431992,0.0,16.23377324322454,196.75750185883112,0.0714352096741398,0.6006399378818122,10.466581485250556,0.0178027034800115,1754025537711.7805,1754025542711.7805
0.6810769230769231,0.0008336331360946,0.6092913385826771,0.1140470952941906,0.7028846153846154,0.9960629921259844,0.0180605211700628,0.0951857541007079,0.0180605211700628,0.0951857541007079,1.0,1.0,10.0,1.0,0.2764687814496534,1754025541818.0,4.335,2.6,1.0,1754025540150.0,1754025545150.0,1.0,1.0,605571.94007,605576.94007,1220.0,31.35174396808992,2.0708302041278843,3.65728249845803,0.3597340030982768,10.392304845413264,1.828641249229015,20.54497358047237,31.35174396808992,70.59046217461956,47.554591838269296,0.9912532947273208,0.9912532947273208,0.0266493875871818,0.0201973831431992,0.0,16.23377324322454,196.75750185883112,0.0714352096741398,0.6006399378818122,10.466581485250556,0.0178027034800115,1754025537711.7805,1754025542711.7805
0.6810769230769231,0.0008336331360946,0.6092913385826771,0.1140470952941906,0.7028846153846154,0.9960629921259844,0.0180605211700628,0.0951857541007079,0.0180605211700628,0.0951857541007079,1.0,1.0,10.0,1.0,0.2764687814496534,1754025541818.0,4.335,2.6,1.0,1754025540150.0,1754025545150.0,1.0,1.0,605576.94007,605581.94007,1239.0,35.35209120622393,3.3366493680693186,4.114688083161734,0.4211020531823324,10.392304845413262,2.057344041580867,22.256245880980963,35.35209120622393,78.10248241162637,47.60116832553639,0.998378562338587,0.998378562338587,0.0144060761367582,0.0103984971796175,0.0,3.487589596629794,7.135539791157198,0.0783140389973907,0.0004725241349344,0.0084055499716192,0.0175438596491228,1754025542711.7805,1754025547711.7805
0.6623076923076923,4.556213017751467e-05,0.9721653543307088,0.0045332956165912,0.6653846153846154,0.9960629921259844,0.000708709599168,0.4580597698487396,0.000708709599168,0.4580597698487396,1.0,1.0,10.0,1.0,0.2143205997463588,1754025547708.7144,4.200000000000001,5.152380952380953,1.0,1754025545151.0,1754025550151.0,0.0,1.0,605576.94007,605581.94007,1239.0,35.35209120622393,3.3366493680693186,4.114688083161734,0.4211020531823324,10.392304845413262,2.057344041580867,22.256245880980963,35.35209120622393,78.10248241162637,47.60116832553639,0.998378562338587,0.998378562338587,0.0144060761367582,0.0103984971796175,0.0,3.487589596629794,7.135539791157198,0.0783140389973907,0.0004725241349344,0.0084055499716192,0.0175438596491228,1754025542711.7805,1754025547711.7805
0.6623076923076923,4.556213017751467e-05,0.9721653543307088,0.0045332956165912,0.6653846153846154,0.9960629921259844,0.000708709599168,0.4580597698487396,0.000708709599168,0.4580597698487396,1.0,1.0,10.0,1.0,0.2143205997463588,1754025547708.7144,4.200000000000001,5.152380952380953,1.0,1754025545151.0,1754025550151.0,0.0,1.0,605581.94007,605586.94007,1233.0,33.407327831511715,1.895302719165601,3.897978082272069,0.3447718391619123,10.392304845413264,1.9489890411360344,21.140722114678752,33.407327831511715,73.08768385679517,46.30560182157274,0.9981960964455224,0.9981960964455224,0.0164321531545816,0.0140316505637611,0.0,6.904281517463864,33.5972993777908,0.0686783121399582,0.2971139057945378,7.365246209918752,0.0178853459683271,1754025547711.7805,1754025552711.7805
0.6551538461538461,4.118934911242574e-05,0.9948818897637796,4.216008432016894e-05,0.6576923076923077,0.9960629921259844,0.0078625557530142,0.4807763052818103,0.0078625557530142,0.4807763052818103,1.0,1.0,10.0,1.0,0.2118822781057281,1754025552432.75,4.2,4.8675,1.0,1754025550152.0,1754025555152.0,1.0,0.0,605581.94007,605586.94007,1233.0,33.407327831511715,1.895302719165601,3.897978082272069,0.3447718391619123,10.392304845413264,1.9489890411360344,21.140722114678752,33.407327831511715,73.08768385679517,46.30560182157274,0.9981960964455224,0.9981960964455224,0.0164321531545816,0.0140316505637611,0.0,6.904281517463864,33.5972993777908,0.0686783121399582,0.2971139057945378,7.365246209918752,0.0178853459683271,1754025547711.7805,1754025552711.7805
0.6551538461538461,4.118934911242574e-05,0.9948818897637796,4.216008432016894e-05,0.6576923076923077,0.9960629921259844,0.0078625557530142,0.4807763052818103,0.0078625557530142,0.4807763052818103,1.0,1.0,10.0,1.0,0.2118822781057281,1754025552432.75,4.2,4.8675,1.0,1754025550152.0,1754025555152.0,1.0,0.0,605586.94007,605591.94007,1221.0,34.19970873699252,1.9207261611742683,3.9861443117985793,0.2839710716415851,10.392304845413264,1.9930721558992897,20.84112536483155,34.19970873699252,82.57053995721908,45.50244563842891,0.998311481193116,0.998199322160546,0.0212353907007717,0.0175410469346375,0.0,130.14539569866918,2642.552910946817,0.0639330051532991,0.3004239126201712,7.4064379613465725,0.0178887020992284,1754025552711.7805,1754025557711.7805
0.6540769230769231,0.0004079349112426,0.9616929133858272,0.0056037587575175,0.6615384615384615,0.9960629921259844,0.0089394788299371,0.4475873289038579,0.0089394788299371,0.4475873289038579,1.0,1.0,10.0,1.0,0.240935305973118,1754025552432.75,4.2,4.8675,1.0,1754025550152.0,1754025555152.0,1.0,1.0,605581.94007,605586.94007,1233.0,33.407327831511715,1.895302719165601,3.897978082272069,0.3447718391619123,10.392304845413264,1.9489890411360344,21.140722114678752,33.407327831511715,73.08768385679517,46.30560182157274,0.9981960964455224,0.9981960964455224,0.0164321531545816,0.0140316505637611,0.0,6.904281517463864,33.5972993777908,0.0686783121399582,0.2971139057945378,7.365246209918752,0.0178853459683271,1754025547711.7805,1754025552711.7805
0.6540769230769231,0.0004079349112426,0.9616929133858272,0.0056037587575175,0.6615384615384615,0.9960629921259844,0.0089394788299371,0.4475873289038579,0.0089394788299371,0.4475873289038579,1.0,1.0,10.0,1.0,0.240935305973118,1754025552432.75,4.2,4.8675,1.0,1754025550152.0,1754025555152.0,1.0,1.0,605586.94007,605591.94007,1221.0,34.19970873699252,1.9207261611742683,3.9861443117985793,0.2839710716415851,10.392304845413264,1.9930721558992897,20.84112536483155,34.19970873699252,82.57053995721908,45.50244563842891,0.998311481193116,0.998199322160546,0.0212353907007717,0.0175410469346375,0.0,130.14539569866918,2642.552910946817,0.0639330051532991,0.3004239126201712,7.4064379613465725,0.0178887020992284,1754025552711.7805,1754025557711.7805
0.6324615384615384,8.530177514792911e-05,0.9940157480314964,0.0002058342116684,0.6375,0.9960629921259844,0.0305548634453218,0.4799101635495271,0.0305548634453218,0.4799101635495271,1.0,1.0,10.0,1.0,0.1039989476422283,1754025552432.75,4.2,4.8675,1.0,1754025550152.0,1754025555152.0,1.0,1.0,605581.94007,605586.94007,1233.0,33.407327831511715,1.895302719165601,3.897978082272069,0.3447718391619123,10.392304845413264,1.9489890411360344,21.140722114678752,33.407327831511715,73.08768385679517,46.30560182157274,0.9981960964455224,0.9981960964455224,0.0164321531545816,0.0140316505637611,0.0,6.904281517463864,33.5972993777908,0.0686783121399582,0.2971139057945378,7.365246209918752,0.0178853459683271,1754025547711.7805,1754025552711.7805
0.6324615384615384,8.530177514792911e-05,0.9940157480314964,0.0002058342116684,0.6375,0.9960629921259844,0.0305548634453218,0.4799101635495271,0.0305548634453218,0.4799101635495271,1.0,1.0,10.0,1.0,0.1039989476422283,1754025552432.75,4.2,4.8675,1.0,1754025550152.0,1754025555152.0,1.0,1.0,605586.94007,605591.94007,1221.0,34.19970873699252,1.9207261611742683,3.9861443117985793,0.2839710716415851,10.392304845413264,1.9930721558992897,20.84112536483155,34.19970873699252,82.57053995721908,45.50244563842891,0.998311481193116,0.998199322160546,0.0212353907007717,0.0175410469346375,0.0,130.14539569866918,2642.552910946817,0.0639330051532991,0.3004239126201712,7.4064379613465725,0.0178887020992284,1754025552711.7805,1754025557711.7805
0.6269230769230769,0.0001106508875739,0.91751968503937,0.0171215279930559,0.6346153846153846,0.9960629921259844,0.0360933249837833,0.4034141005574009,0.0360933249837833,0.4034141005574009,1.0,1.0,10.0,1.0,,1754025552432.75,4.2,4.8675,1.0,1754025550152.0,1754025555152.0,1.0,1.0,605581.94007,605586.94007,1233.0,33.407327831511715,1.895302719165601,3.897978082272069,0.3447718391619123,10.392304845413264,1.9489890411360344,21.140722114678752,33.407327831511715,73.08768385679517,46.30560182157274,0.9981960964455224,0.9981960964455224,0.0164321531545816,0.0140316505637611,0.0,6.904281517463864,33.5972993777908,0.0686783121399582,0.2971139057945378,7.365246209918752,0.0178853459683271,1754025547711.7805,1754025552711.7805
0.6269230769230769,0.0001106508875739,0.91751968503937,0.0171215279930559,0.6346153846153846,0.9960629921259844,0.0360933249837833,0.4034141005574009,0.0360933249837833,0.4034141005574009,1.0,1.0,10.0,1.0,,1754025552432.75,4.2,4.8675,1.0,1754025550152.0,1754025555152.0,1.0,1.0,605586.94007,605591.94007,1221.0,34.19970873699252,1.9207261611742683,3.9861443117985793,0.2839710716415851,10.392304845413264,1.9930721558992897,20.84112536483155,34.19970873699252,82.57053995721908,45.50244563842891,0.998311481193116,0.998199322160546,0.0212353907007717,0.0175410469346375,0.0,130.14539569866918,2642.552910946817,0.0639330051532991,0.3004239126201712,7.4064379613465725,0.0178887020992284,1754025552711.7805,1754025557711.7805
0.6272307692307693,0.0001922130177514,0.1375590551181102,9.697439394878792e-05,0.6346153846153846,0.139763779527559,0.035785632676091,0.376546529363859,0.035785632676091,0.376546529363859,1.0,1.0,10.0,2.0,0.1344408476861989,1754026465008.0,5.0,5.0,2.0,1754026465008.0,1754026470008.0,1.0,1.0,606496.94007,606501.94007,1216.0,28.953253990598945,3.202356435840202,3.042809929296816,0.5366968278843729,10.392304845413264,1.5214049646484078,19.232200686774743,28.953253990598945,72.7763478418547,48.7195434235198,0.9959001818466368,0.9959839595118096,0.0274509596563035,0.0217469341822648,0.0,33.36162679438951,471.74636669846535,0.0528989467221574,0.6033148256731452,10.471590591610369,0.0178901200369344,1754026462711.7805,1754026467711.7805
0.6272307692307693,0.0001922130177514,0.1375590551181102,9.697439394878792e-05,0.6346153846153846,0.139763779527559,0.035785632676091,0.376546529363859,0.035785632676091,0.376546529363859,1.0,1.0,10.0,2.0,0.1344408476861989,1754026465008.0,5.0,5.0,2.0,1754026465008.0,1754026470008.0,1.0,1.0,606501.94007,606506.94007,1240.0,31.86847518679677,2.712452387354463,3.293796607153231,0.4788019117077986,10.392304845413264,1.6468983035766156,21.592840244336283,31.86847518679677,83.49449540764878,53.14004531702194,0.9934716460847474,0.9934716460847474,0.0349433337598458,0.0244792608532393,0.0,34.59568371183288,593.2743257510156,0.0935975348750658,0.0025168452595722,0.0449055040568819,0.0175438596491228,1754026467711.7805,1754026472711.7805
0.5396153846153847,0.000714349112426,0.3988582677165354,0.1056905093310186,0.5644230769230769,0.6146653543307087,0.1234010172914755,0.1152473167654337,0.1234010172914755,0.1152473167654337,1.0,1.0,10.0,2.0,0.3426575264956003,1754026474574.0,5.27,5.0,2.0,1754026470009.0,1754026475009.0,0.0,1.0,606501.94007,606506.94007,1240.0,31.86847518679677,2.712452387354463,3.293796607153231,0.4788019117077986,10.392304845413264,1.6468983035766156,21.592840244336283,31.86847518679677,83.49449540764878,53.14004531702194,0.9934716460847474,0.9934716460847474,0.0349433337598458,0.0244792608532393,0.0,34.59568371183288,593.2743257510156,0.0935975348750658,0.0025168452595722,0.0449055040568819,0.0175438596491228,1754026467711.7805,1754026472711.7805
0.5396153846153847,0.000714349112426,0.3988582677165354,0.1056905093310186,0.5644230769230769,0.6146653543307087,0.1234010172914755,0.1152473167654337,0.1234010172914755,0.1152473167654337,1.0,1.0,10.0,2.0,0.3426575264956003,1754026474574.0,5.27,5.0,2.0,1754026470009.0,1754026475009.0,0.0,1.0,606506.94007,606511.94007,1238.0,30.82795193656843,1.4074708686123436,3.274126964344501,0.3861765965286516,10.392304845413264,1.6370634821722507,19.90326412871195,30.82795193656843,81.31091288254011,50.47314438142227,0.9964896554555313,0.9964896554555313,0.0175301876215813,0.0122339777833948,0.0,7.661384159588139,38.560886642107306,0.0912031809256358,0.0006826300900442,0.0121849109677588,0.0175438596491228,1754026472711.7805,1754026477711.7805
0.5713076923076923,2.911834319526628e-05,0.9964173228346456,7.269514539027719e-07,0.5769230769230769,0.9960629921259844,0.0917087095991679,0.4823117383526765,0.0917087095991679,0.4823117383526765,1.0,1.0,10.0,2.0,0.2329223505344562,1754026475862.75,5.2,4.7975,2.0,1754026475010.0,1754026480010.0,0.0,0.0,606506.94007,606511.94007,1238.0,30.82795193656843,1.4074708686123436,3.274126964344501,0.3861765965286516,10.392304845413264,1.6370634821722507,19.90326412871195,30.82795193656843,81.31091288254011,50.47314438142227,0.9964896554555313,0.9964896554555313,0.0175301876215813,0.0122339777833948,0.0,7.661384159588139,38.560886642107306,0.0912031809256358,0.0006826300900442,0.0121849109677588,0.0175438596491228,1754026472711.7805,1754026477711.7805
0.5713076923076923,2.911834319526628e-05,0.9964173228346456,7.269514539027719e-07,0.5769230769230769,0.9960629921259844,0.0917087095991679,0.4823117383526765,0.0917087095991679,0.4823117383526765,1.0,1.0,10.0,2.0,0.2329223505344562,1754026475862.75,5.2,4.7975,2.0,1754026475010.0,1754026480010.0,0.0,0.0,606511.94007,606516.94007,1219.0,30.184106983268915,2.21627933612181,3.245331817119934,0.352322241189197,10.392304845413264,1.622665908559967,19.175540805946973,30.184106983268915,88.8525664236318,47.51559844485028,0.9972451971208384,0.9972637449808516,0.0241226464370542,0.0197197056626082,0.0,30.709282037119827,493.0470057607103,0.0814708564566133,0.6001128503786524,10.443588555239888,0.0179756199358116,1754026477711.7805,1754026482711.7805
0.5543846153846154,0.000116573964497,0.8785433070866142,0.0140173367846735,0.5615384615384615,0.9960629921259844,0.1086317865222449,0.364437722604645,0.1086317865222449,0.364437722604645,1.0,1.0,10.0,2.0,0.2358490412739969,1754026475862.75,5.2,4.7975,2.0,1754026475010.0,1754026480010.0,0.0,0.0,606506.94007,606511.94007,1238.0,30.82795193656843,1.4074708686123436,3.274126964344501,0.3861765965286516,10.392304845413264,1.6370634821722507,19.90326412871195,30.82795193656843,81.31091288254011,50.47314438142227,0.9964896554555313,0.9964896554555313,0.0175301876215813,0.0122339777833948,0.0,7.661384159588139,38.560886642107306,0.0912031809256358,0.0006826300900442,0.0121849109677588,0.0175438596491228,1754026472711.7805,1754026477711.7805
0.5543846153846154,0.000116573964497,0.8785433070866142,0.0140173367846735,0.5615384615384615,0.9960629921259844,0.1086317865222449,0.364437722604645,0.1086317865222449,0.364437722604645,1.0,1.0,10.0,2.0,0.2358490412739969,1754026475862.75,5.2,4.7975,2.0,1754026475010.0,1754026480010.0,0.0,0.0,606511.94007,606516.94007,1219.0,30.184106983268915,2.21627933612181,3.245331817119934,0.352322241189197,10.392304845413264,1.622665908559967,19.175540805946973,30.184106983268915,88.8525664236318,47.51559844485028,0.9972451971208384,0.9972637449808516,0.0241226464370542,0.0197197056626082,0.0,30.709282037119827,493.0470057607103,0.0814708564566133,0.6001128503786524,10.443588555239888,0.0179756199358116,1754026477711.7805,1754026482711.7805
0.5556923076923077,3.091124260355025e-05,0.8335826771653544,0.015727139004278,0.5576923076923077,0.9960629921259844,0.1073240942145525,0.3194770926833852,0.1073240942145525,0.3194770926833852,1.0,1.0,10.0,2.0,0.0965437578598867,1754026485123.0,5.53,4.47,2.0,1754026485012.0,1754026490012.0,0.0,0.0,606516.94007,606521.94007,1238.0,30.845254433913656,2.167256491273236,3.3095703600964064,0.3361625132419228,10.392304845413264,1.6547851800482032,19.57314496747648,30.845254433913656,86.55099680676167,47.81812070968125,0.9996945252475312,0.9996945252475312,0.0021628502604097,0.0017836798129607,0.0,6.971706144113807,46.04004593661999,0.0744670218854154,0.0004008491209703,0.0080373357891913,0.0175438596491228,1754026482711.7805,1754026487711.7805
0.5556923076923077,3.091124260355025e-05,0.8335826771653544,0.015727139004278,0.5576923076923077,0.9960629921259844,0.1073240942145525,0.3194770926833852,0.1073240942145525,0.3194770926833852,1.0,1.0,10.0,2.0,0.0965437578598867,1754026485123.0,5.53,4.47,2.0,1754026485012.0,1754026490012.0,0.0,0.0,606521.94007,606526.94007,1221.0,30.237276098311018,2.745603757211571,3.2286131019715163,0.3481742477362022,10.392304845413264,1.614306550985758,19.033768967800057,30.237276098311018,86.78625164925221,47.03234247558832,0.99841649933336,0.9983350938818524,0.0150438386688205,0.013061593294952,0.0,11.472912997916858,93.84329905175618,0.077703835535952,0.3005002838951549,7.38898167039962,0.0176300702616492,1754026487711.7805,1754026492711.7805
0.5641538461538461,2.807100591715956e-05,0.7787795275590551,0.0041051661603323,0.5653846153846154,0.8238188976377953,0.0988625557530141,0.2646739430770859,0.0988625557530141,0.2646739430770859,1.0,1.0,10.0,2.0,0.5657148705326654,1754026485123.0,5.53,4.47,2.0,1754026485012.0,1754026490012.0,0.0,0.0,606516.94007,606521.94007,1238.0,30.845254433913656,2.167256491273236,3.3095703600964064,0.3361625132419228,10.392304845413264,1.6547851800482032,19.57314496747648,30.845254433913656,86.55099680676167,47.81812070968125,0.9996945252475312,0.9996945252475312,0.0021628502604097,0.0017836798129607,0.0,6.971706144113807,46.04004593661999,0.0744670218854154,0.0004008491209703,0.0080373357891913,0.0175438596491228,1754026482711.7805,1754026487711.7805
0.5641538461538461,2.807100591715956e-05,0.7787795275590551,0.0041051661603323,0.5653846153846154,0.8238188976377953,0.0988625557530141,0.2646739430770859,0.0988625557530141,0.2646739430770859,1.0,1.0,10.0,2.0,0.5657148705326654,1754026485123.0,5.53,4.47,2.0,1754026485012.0,1754026490012.0,0.0,0.0,606521.94007,606526.94007,1221.0,30.237276098311018,2.745603757211571,3.2286131019715163,0.3481742477362022,10.392304845413264,1.614306550985758,19.033768967800057,30.237276098311018,86.78625164925221,47.03234247558832,0.99841649933336,0.9983350938818524,0.0150438386688205,0.013061593294952,0.0,11.472912997916858,93.84329905175618,0.077703835535952,0.3005002838951549,7.38898167039962,0.0176300702616492,1754026487711.7805,1754026492711.7805
0.5703076923076922,3.552662721893486e-05,0.4818110236220471,0.0115083948167896,0.573076923076923,0.5437992125984252,0.0927087095991681,0.032294560859922,0.0927087095991681,0.032294560859922,1.0,1.0,10.0,2.0,0.3812350383497702,1754026497698.0,5.8,4.47,2.0,1754026495014.0,1754026500014.0,0.0,0.0,606526.94007,606531.94007,1206.0,30.81099867240217,1.566855509024795,3.3085598296998757,0.3124339999641547,10.392304845413264,1.6542799148499376,19.162133042027925,30.81099867240217,74.74730484585632,45.82624707640109,0.9945598435517524,0.9943040314407282,0.0362501837283762,0.0363041594680225,4.0,58.42490318721271,644.6987875788863,0.082864970663849,0.6073720968727514,10.50639068226952,0.018678537138867,1754026492711.7805,1754026497711.7805
0.5703076923076922,3.552662721893486e-05,0.4818110236220471,0.0115083948167896,0.573076923076923,0.5437992125984252,0.0927087095991681,0.032294560859922,0.0927087095991681,0.032294560859922,1.0,1.0,10.0,2.0,0.3812350383497702,1754026497698.0,5.8,4.47,2.0,1754026495014.0,1754026500014.0,0.0,0.0,606531.94007,606536.94007,1215.0,32.04506455744256,1.9942609712158867,3.465211676161775,0.3143728622548862,10.392304845413264,1.7326058380808875,19.98145063918624,32.04506455744256,88.59498575877292,46.6804698910236,0.9966669085544716,0.9964225513742978,0.0280823989280481,0.0263748936731848,1.0,12.594626803202136,73.75244487966154,0.0581773465053096,0.6034846116499919,10.468552520682708,0.0179770413688542,1754026497711.7805,1754026502711.7805
0.6332307692307693,0.0009359526627218,0.6517322834645669,0.0320410192820385,0.6538461538461539,0.8105314960629921,0.029785632676091,0.1376266989825977,0.029785632676091,0.1376266989825977,1.0,1.0,10.0,2.0,0.5571464692567955,1754026504269.0,6.07,4.47,2.0,1754026500015.0,1754026505015.0,0.0,0.0,606531.94007,606536.94007,1215.0,32.04506455744256,1.9942609712158867,3.465211676161775,0.3143728622548862,10.392304845413264,1.7326058380808875,19.98145063918624,32.04506455744256,88.59498575877292,46.6804698910236,0.9966669085544716,0.9964225513742978,0.0280823989280481,0.0263748936731848,1.0,12.594626803202136,73.75244487966154,0.0581773465053096,0.6034846116499919,10.468552520682708,0.0179770413688542,1754026497711.7805,1754026502711.7805
0.6332307692307693,0.0009359526627218,0.6517322834645669,0.0320410192820385,0.6538461538461539,0.8105314960629921,0.029785632676091,0.1376266989825977,0.029785632676091,0.1376266989825977,1.0,1.0,10.0,2.0,0.5571464692567955,1754026504269.0,6.07,4.47,2.0,1754026500015.0,1754026505015.0,0.0,0.0,606536.94007,606541.94007,1233.0,30.660576962816567,1.465388065444535,3.3043800799293623,0.3428656952863899,10.392304845413264,1.6521900399646812,19.46269867174984,30.660576962816567,77.67748736288948,48.701850593602494,0.9956514760877516,0.9956514760877516,0.0230478905973806,0.0160969209928597,0.0,6.833438245969052,23.414961301940743,0.0996764117651939,0.0024286728197068,0.0415104761213176,0.0175438596491228,1754026502711.7805,1754026507711.7805
0.6799230769230771,8.242011834319515e-05,0.4398818897637795,0.0108457142414284,0.6884615384615385,0.4916338582677165,0.0169066750162167,0.0742236947181896,0.0169066750162167,0.0742236947181896,1.0,1.0,10.0,2.0,0.0739517960890318,1754026507588.0,6.33,4.6,2.0,1754026505016.0,1754026510016.0,0.0,0.0,606536.94007,606541.94007,1233.0,30.660576962816567,1.465388065444535,3.3043800799293623,0.3428656952863899,10.392304845413264,1.6521900399646812,19.46269867174984,30.660576962816567,77.67748736288948,48.701850593602494,0.9956514760877516,0.9956514760877516,0.0230478905973806,0.0160969209928597,0.0,6.833438245969052,23.414961301940743,0.0996764117651939,0.0024286728197068,0.0415104761213176,0.0175438596491228,1754026502711.7805,1754026507711.7805
0.6799230769230771,8.242011834319515e-05,0.4398818897637795,0.0108457142414284,0.6884615384615385,0.4916338582677165,0.0169066750162167,0.0742236947181896,0.0169066750162167,0.0742236947181896,1.0,1.0,10.0,2.0,0.0739517960890318,1754026507588.0,6.33,4.6,2.0,1754026505016.0,1754026510016.0,0.0,0.0,606541.94007,606546.94007,1225.0,30.021675416056677,1.9600496805154013,3.204504576687711,0.3816797088072943,10.392304845413266,1.6022522883438557,18.614532093967718,30.021675416056677,82.84395963531422,46.02223053857655,0.9982002664766656,0.9983829140143976,0.0167780145803364,0.0129855818239408,0.0,55.754895188207456,972.8575237143313,0.0765736226992232,0.2993356355981286,7.374483622777896,0.0177157178660938,1754026507711.7805,1754026512711.7805
0.6844615384615387,9.050887573964489e-05,0.462007874015748,0.0053266244032488,0.6884615384615385,0.5,0.0214451365546783,0.0520977104662211,0.0214451365546783,0.0520977104662211,1.0,1.0,10.0,2.0,0.474889261014594,1754026511026.0,6.33,4.47,2.0,1754026510017.0,1754026515017.0,0.0,0.0,606541.94007,606546.94007,1225.0,30.021675416056677,1.9600496805154013,3.204504576687711,0.3816797088072943,10.392304845413266,1.6022522883438557,18.614532093967718,30.021675416056677,82.84395963531422,46.02223053857655,0.9982002664766656,0.9983829140143976,0.0167780145803364,0.0129855818239408,0.0,55.754895188207456,972.8575237143313,0.0765736226992232,0.2993356355981286,7.374483622777896,0.0177157178660938,1754026507711.7805,1754026512711.7805
0.6844615384615387,9.050887573964489e-05,0.462007874015748,0.0053266244032488,0.6884615384615385,0.5,0.0214451365546783,0.0520977104662211,0.0214451365546783,0.0520977104662211,1.0,1.0,10.0,2.0,0.474889261014594,1754026511026.0,6.33,4.47,2.0,1754026510017.0,1754026515017.0,0.0,0.0,606546.94007,606551.94007,1197.0,32.89767593800241,2.2650050823412973,3.478010265973806,0.357595335424296,10.392304845413264,1.739005132986903,20.42736870243391,32.89767593800241,84.11959268592126,46.8464964389123,0.991620606830924,0.9910295290730928,0.0495179394562808,0.0506999686247408,8.0,14.305596486480148,134.00977033552337,0.086087281844755,1.5363131894567397,16.665446977210994,0.019742338301895,1754026512711.7805,1754026517711.7805
0.6963846153846154,7.361538461538477e-05,0.292244094488189,0.0021176467852935,0.7038461538461539,0.3371062992125984,0.033368213477755,0.2218614899937802,0.033368213477755,0.2218614899937802,1.0,1.0,10.0,2.0,0.3048240438479935,1754026518271.2,7.025999999999999,4.362,2.0,1754026515018.0,1754026520018.0,0.0,0.0,606546.94007,606551.94007,1197.0,32.89767593800241,2.2650050823412973,3.478010265973806,0.357595335424296,10.392304845413264,1.739005132986903,20.42736870243391,32.89767593800241,84.11959268592126,46.8464964389123,0.991620606830924,0.9910295290730928,0.0495179394562808,0.0506999686247408,8.0,14.305596486480148,134.00977033552337,0.086087281844755,1.5363131894567397,16.665446977210994,0.019742338301895,1754026512711.7805,1754026517711.7805
0.6963846153846154,7.361538461538477e-05,0.292244094488189,0.0021176467852935,0.7038461538461539,0.3371062992125984,0.033368213477755,0.2218614899937802,0.033368213477755,0.2218614899937802,1.0,1.0,10.0,2.0,0.3048240438479935,1754026518271.2,7.025999999999999,4.362,2.0,1754026515018.0,1754026520018.0,0.0,0.0,606551.94007,606556.94007,1236.0,32.07046765850304,2.038826684347504,3.43029159086671,0.3866017012804621,10.392304845413264,1.715145795433355,19.91791501239864,32.07046765850304,81.63834303889224,46.98789939124498,0.9993092668166346,0.9993092668166346,0.011613332499863,0.0082710683376928,0.0,5.537860482674386,28.343647351192093,0.0626452152023947,0.0010813877179097,0.029654977276872,0.0175438596491228,1754026517711.7805,1754026522711.7805
0.6845384615384615,2.1591715976331205e-05,0.2092913385826771,0.0002386136772273,0.6884615384615385,0.218503937007874,0.0215220596316012,0.304814245899292,0.0215220596316012,0.304814245899292,1.0,1.0,10.0,2.0,0.1941678356855814,1754026518271.2,7.025999999999999,4.362,2.0,1754026515018.0,1754026520018.0,0.0,0.0,606546.94007,606551.94007,1197.0,32.89767593800241,2.2650050823412973,3.478010265973806,0.357595335424296,10.392304845413264,1.739005132986903,20.42736870243391,32.89767593800241,84.11959268592126,46.8464964389123,0.991620606830924,0.9910295290730928,0.0495179394562808,0.0506999686247408,8.0,14.305596486480148,134.00977033552337,0.086087281844755,1.5363131894567397,16.665446977210994,0.019742338301895,1754026512711.7805,1754026517711.7805
0.6845384615384615,2.1591715976331205e-05,0.2092913385826771,0.0002386136772273,0.6884615384615385,0.218503937007874,0.0215220596316012,0.304814245899292,0.0215220596316012,0.304814245899292,1.0,1.0,10.0,2.0,0.1941678356855814,1754026518271.2,7.025999999999999,4.362,2.0,1754026515018.0,1754026520018.0,0.0,0.0,606551.94007,606556.94007,1236.0,32.07046765850304,2.038826684347504,3.43029159086671,0.3866017012804621,10.392304845413264,1.715145795433355,19.91791501239864,32.07046765850304,81.63834303889224,46.98789939124498,0.9993092668166346,0.9993092668166346,0.011613332499863,0.0082710683376928,0.0,5.537860482674386,28.343647351192093,0.0626452152023947,0.0010813877179097,0.029654977276872,0.0175438596491228,1754026517711.7805,1754026522711.7805
0.7028461538461538,0.0011892366863905,0.2611417322834645,0.0173269592039184,0.7375,0.4375,0.0398297519392935,0.2529638521985046,0.0398297519392935,0.2529638521985046,1.0,1.0,10.0,2.0,0.457745211918073,1754026526721.5,7.4,4.6,2.0,1754026525020.0,1754026530020.0,0.0,0.0,606556.94007,606561.94007,1190.0,32.72858625763482,2.9692331500850884,3.506396877583226,0.4398993739062319,10.392304845413264,1.753198438791613,19.90565663889263,32.72858625763482,79.35446468536604,45.64984224246593,0.992426696246234,0.991713859763565,0.0456027015308456,0.0463374748875493,5.0,33.09108960901078,447.2463913802932,0.0922634837009499,0.6210611043963263,10.629120576701892,0.0192245319180303,1754026522711.7805,1754026527711.7805
0.7028461538461538,0.0011892366863905,0.2611417322834645,0.0173269592039184,0.7375,0.4375,0.0398297519392935,0.2529638521985046,0.0398297519392935,0.2529638521985046,1.0,1.0,10.0,2.0,0.457745211918073,1754026526721.5,7.4,4.6,2.0,1754026525020.0,1754026530020.0,0.0,0.0,606561.94007,606566.94007,1165.0,32.931506209715145,2.819975275281152,3.526990854992255,0.4036241416757734,10.392304845413264,1.7634954274961274,20.113473354589683,32.931506209715145,87.67657966085771,45.98870713993221,0.9910730648326844,0.9912433540486242,0.0541292400222767,0.051350192342903,11.0,11.600132613960072,55.04789576258853,0.065277713771063,1.271524913050355,15.18804254727122,0.0198930803403358,1754026527711.7805,1754026532711.7805
0.6817692307692309,0.000525923076923,0.3607480314960629,0.0028721262942525,0.6923076923076923,0.4010826771653543,0.0187528288623706,0.1533575529859063,0.0187528288623706,0.1533575529859063,1.0,1.0,10.0,2.0,0.5599358980258353,1754026526721.5,7.4,4.6,2.0,1754026525020.0,1754026530020.0,0.0,0.0,606556.94007,606561.94007,1190.0,32.72858625763482,2.9692331500850884,3.506396877583226,0.4398993739062319,10.392304845413264,1.753198438791613,19.90565663889263,32.72858625763482,79.35446468536604,45.64984224246593,0.992426696246234,0.991713859763565,0.0456027015308456,0.0463374748875493,5.0,33.09108960901078,447.2463913802932,0.0922634837009499,0.6210611043963263,10.629120576701892,0.0192245319180303,1754026522711.7805,1754026527711.7805
0.6817692307692309,0.000525923076923,0.3607480314960629,0.0028721262942525,0.6923076923076923,0.4010826771653543,0.0187528288623706,0.1533575529859063,0.0187528288623706,0.1533575529859063,1.0,1.0,10.0,2.0,0.5599358980258353,1754026526721.5,7.4,4.6,2.0,1754026525020.0,1754026530020.0,0.0,0.0,606561.94007,606566.94007,1165.0,32.931506209715145,2.819975275281152,3.526990854992255,0.4036241416757734,10.392304845413264,1.7634954274961274,20.113473354589683,32.931506209715145,87.67657966085771,45.98870713993221,0.9910730648326844,0.9912433540486242,0.0541292400222767,0.051350192342903,11.0,11.600132613960072,55.04789576258853,0.065277713771063,1.271524913050355,15.18804254727122,0.0198930803403358,1754026527711.7805,1754026532711.7805
0.6355384615384615,8.731360946745569e-05,0.2003543307086614,0.0010799321098642,0.6423076923076924,0.2214566929133857,0.0274779403683987,0.3137512537733078,0.0274779403683987,0.3137512537733078,1.0,1.0,10.0,2.0,0.2550301662543491,1754026536532.0,7.4,5.0,2.0,1754026535022.0,1754026540022.0,0.0,0.0,606566.94007,606571.94007,1222.0,33.93119729322502,2.9861310229558207,3.6254977183711214,0.4519201074544192,10.392304845413264,1.8127488591855607,20.62525130052052,33.93119729322502,84.62072823971181,46.76224294624834,0.9955974017068132,0.995203832656369,0.0292726641357993,0.0283903760806174,1.0,24.65159224607782,375.64384319017256,0.07632893645084,0.3010037778757084,7.40014968381995,0.0180607000315846,1754026532711.7805,1754026537711.7805
0.6355384615384615,8.731360946745569e-05,0.2003543307086614,0.0010799321098642,0.6423076923076924,0.2214566929133857,0.0274779403683987,0.3137512537733078,0.0274779403683987,0.3137512537733078,1.0,1.0,10.0,2.0,0.2550301662543491,1754026536532.0,7.4,5.0,2.0,1754026535022.0,1754026540022.0,0.0,0.0,606571.94007,606576.94007,1219.0,34.83150146806348,3.072536930980807,3.696098888770036,0.3698663351251343,10.392304845413264,1.8480494443850175,21.51613304416351,34.83150146806348,93.19569459855296,46.51029179742073,0.996882241238173,0.9970718051697652,0.026432858806398,0.0219363024500367,1.0,54.7534820253803,995.9190680040952,0.0456435267387632,0.6010841365274803,10.458597905964,0.0182346761078249,1754026537711.7805,1754026542711.7805
0.6231538461538463,1.8633136094674426e-05,0.1476771653543306,0.0001346162192324,0.6269230769230769,0.1569881889763779,0.039862555753014,0.3664284191276385,0.039862555753014,0.3664284191276385,1.0,1.0,10.0,2.0,0.4153014289573644,1754026543784.0,7.13,5.0,2.0,1754026540023.0,1754026545023.0,0.0,0.0,606571.94007,606576.94007,1219.0,34.83150146806348,3.072536930980807,3.696098888770036,0.3698663351251343,10.392304845413264,1.8480494443850175,21.51613304416351,34.83150146806348,93.19569459855296,46.51029179742073,0.996882241238173,0.9970718051697652,0.026432858806398,0.0219363024500367,1.0,54.7534820253803,995.9190680040952,0.0456435267387632,0.6010841365274803,10.458597905964,0.0182346761078249,1754026537711.7805,1754026542711.7805
0.6231538461538463,1.8633136094674426e-05,0.1476771653543306,0.0001346162192324,0.6269230769230769,0.1569881889763779,0.039862555753014,0.3664284191276385,0.039862555753014,0.3664284191276385,1.0,1.0,10.0,2.0,0.4153014289573644,1754026543784.0,7.13,5.0,2.0,1754026540023.0,1754026545023.0,0.0,0.0,606576.94007,606581.94007,1200.0,31.83207303627451,3.14631023224281,3.3784541104335712,0.4430885573386406,10.392304845413264,1.6892270552167856,19.60490097972992,31.83207303627451,87.01328094927273,46.61101304478112,0.9795872636235412,0.978956500690188,0.0840485900114469,0.066023619325758,5.0,1706.2277354375317,39510.83060773363,0.0816228593744198,0.6118240202903421,10.551306252952008,0.0187719298245614,1754026542711.7805,1754026547711.7805
0.6306153846153846,2.482840236686378e-05,0.1325984251968503,0.0001467480934961,0.6346153846153846,0.1373031496062992,0.0324010172914757,0.3815071592851188,0.0324010172914757,0.3815071592851188,1.0,1.0,10.0,2.0,0.0766217949035652,1754026543784.0,7.13,5.0,2.0,1754026540023.0,1754026545023.0,0.0,0.0,606571.94007,606576.94007,1219.0,34.83150146806348,3.072536930980807,3.696098888770036,0.3698663351251343,10.392304845413264,1.8480494443850175,21.51613304416351,34.83150146806348,93.19569459855296,46.51029179742073,0.996882241238173,0.9970718051697652,0.026432858806398,0.0219363024500367,1.0,54.7534820253803,995.9190680040952,0.0456435267387632,0.6010841365274803,10.458597905964,0.0182346761078249,1754026537711.7805,1754026542711.7805
0.6306153846153846,2.482840236686378e-05,0.1325984251968503,0.0001467480934961,0.6346153846153846,0.1373031496062992,0.0324010172914757,0.3815071592851188,0.0324010172914757,0.3815071592851188,1.0,1.0,10.0,2.0,0.0766217949035652,1754026543784.0,7.13,5.0,2.0,1754026540023.0,1754026545023.0,0.0,0.0,606576.94007,606581.94007,1200.0,31.83207303627451,3.14631023224281,3.3784541104335712,0.4430885573386406,10.392304845413264,1.6892270552167856,19.60490097972992,31.83207303627451,87.01328094927273,46.61101304478112,0.9795872636235412,0.978956500690188,0.0840485900114469,0.066023619325758,5.0,1706.2277354375317,39510.83060773363,0.0816228593744198,0.6118240202903421,10.551306252952008,0.0187719298245614,1754026542711.7805,1754026547711.7805
0.6315384615384615,1.3609467455621254e-05,0.1252362204724409,9.236313472626936e-05,0.6346153846153846,0.1274606299212598,0.0314779403683987,0.3888693640095283,0.0314779403683987,0.3888693640095283,1.0,1.0,10.0,2.0,0.3635488442138539,1754026552375.0,7.043333333333333,4.91,2.0,1754026550025.0,1754026555025.0,0.0,0.0,606581.94007,606586.94007,1217.0,32.52393262731433,3.97247003468704,3.4512506803302307,0.4989275509028118,10.392304845413264,1.7256253401651154,19.782290835512125,32.52393262731433,81.71293692734959,46.21600129853847,0.998065499467386,0.9980696079308208,0.0226999682880707,0.021873627450578,2.0,8.956205131769144,75.78032793102554,0.0999501598728161,0.3004240611072835,7.397937897752064,0.0183223053525349,1754026547711.7805,1754026552711.7805
0.6315384615384615,1.3609467455621254e-05,0.1252362204724409,9.236313472626936e-05,0.6346153846153846,0.1274606299212598,0.0314779403683987,0.3888693640095283,0.0314779403683987,0.3888693640095283,1.0,1.0,10.0,2.0,0.3635488442138539,1754026552375.0,7.043333333333333,4.91,2.0,1754026550025.0,1754026555025.0,0.0,0.0,606586.94007,606591.94007,1213.0,33.04617639375218,1.6348909510280023,3.487625528228742,0.3755580046235312,10.392304845413264,1.743812764114371,21.135398189834262,33.04617639375218,83.807647260803,49.66675489757428,0.9891555819067382,0.9891571910747066,0.0521341096520911,0.0386504814123613,2.0,7.480605569751733,29.14287783204268,0.097942432394912,0.3021376568987788,7.416107036207482,0.0178909764105234,1754026552711.7805,1754026557711.7805
0.6236153846153846,3.0183431952662507e-05,0.1199212598425196,7.298034596069192e-05,0.6269230769230769,0.1200787401574803,0.0394010172914757,0.3941843246394495,0.0394010172914757,0.3941843246394495,1.0,1.0,10.0,2.0,0.0629815261175488,1754026552375.0,7.043333333333333,4.91,2.0,1754026550025.0,1754026555025.0,0.0,0.0,606581.94007,606586.94007,1217.0,32.52393262731433,3.97247003468704,3.4512506803302307,0.4989275509028118,10.392304845413264,1.7256253401651154,19.782290835512125,32.52393262731433,81.71293692734959,46.21600129853847,0.998065499467386,0.9980696079308208,0.0226999682880707,0.021873627450578,2.0,8.956205131769144,75.78032793102554,0.0999501598728161,0.3004240611072835,7.397937897752064,0.0183223053525349,1754026547711.7805,1754026552711.7805
0.6236153846153846,3.0183431952662507e-05,0.1199212598425196,7.298034596069192e-05,0.6269230769230769,0.1200787401574803,0.0394010172914757,0.3941843246394495,0.0394010172914757,0.3941843246394495,1.0,1.0,10.0,2.0,0.0629815261175488,1754026552375.0,7.043333333333333,4.91,2.0,1754026550025.0,1754026555025.0,0.0,0.0,606586.94007,606591.94007,1213.0,33.04617639375218,1.6348909510280023,3.487625528228742,0.3755580046235312,10.392304845413264,1.743812764114371,21.135398189834262,33.04617639375218,83.807647260803,49.66675489757428,0.9891555819067382,0.9891571910747066,0.0521341096520911,0.0386504814123613,2.0,7.480605569751733,29.14287783204268,0.097942432394912,0.3021376568987788,7.416107036207482,0.0178909764105234,1754026552711.7805,1754026557711.7805
0.6225384615384616,1.4798816568047228e-05,0.1169685039370078,0.0001292842085684,0.6269230769230769,0.1181102362204724,0.0404779403683986,0.3971370805449613,0.0404779403683986,0.3971370805449613,1.0,1.0,10.0,2.0,0.0109573806949018,1754026552375.0,7.043333333333333,4.91,2.0,1754026550025.0,1754026555025.0,0.0,0.0,606581.94007,606586.94007,1217.0,32.52393262731433,3.97247003468704,3.4512506803302307,0.4989275509028118,10.392304845413264,1.7256253401651154,19.782290835512125,32.52393262731433,81.71293692734959,46.21600129853847,0.998065499467386,0.9980696079308208,0.0226999682880707,0.021873627450578,2.0,8.956205131769144,75.78032793102554,0.0999501598728161,0.3004240611072835,7.397937897752064,0.0183223053525349,1754026547711.7805,1754026552711.7805
0.6225384615384616,1.4798816568047228e-05,0.1169685039370078,0.0001292842085684,0.6269230769230769,0.1181102362204724,0.0404779403683986,0.3971370805449613,0.0404779403683986,0.3971370805449613,1.0,1.0,10.0,2.0,0.0109573806949018,1754026552375.0,7.043333333333333,4.91,2.0,1754026550025.0,1754026555025.0,0.0,0.0,606586.94007,606591.94007,1213.0,33.04617639375218,1.6348909510280023,3.487625528228742,0.3755580046235312,10.392304845413264,1.743812764114371,21.135398189834262,33.04617639375218,83.807647260803,49.66675489757428,0.9891555819067382,0.9891571910747066,0.0521341096520911,0.0386504814123613,2.0,7.480605569751733,29.14287783204268,0.097942432394912,0.3021376568987788,7.416107036207482,0.0178909764105234,1754026552711.7805,1754026557711.7805
0.6268461538461539,1.922485207100578e-05,0.1149999999999999,0.0001291292082584,0.6307692307692307,0.1141732283464567,0.0361702480607063,0.3991055844819692,0.0361702480607063,0.3991055844819692,1.0,1.0,10.0,2.0,0.3448798616999829,1754026569176.0,6.599999999999999,4.73,2.0,1754026565028.0,1754026570028.0,0.0,0.0,606596.94007,606601.94007,1234.0,33.17538494241028,2.4889506093695246,3.491781301746861,0.3883212339926508,10.392304845413264,1.7458906508734304,20.674219408253187,33.17538494241028,85.62019623049689,46.43147094603638,0.9995090787042664,0.9995090787042664,0.0114995875910312,0.0083358914836295,0.0,4.301631569905924,11.841419137463111,0.0280442820515593,0.0001084936880206,0.0019278406145758,0.0175438596491228,1754026562711.7805,1754026567711.7805
0.6268461538461539,1.922485207100578e-05,0.1149999999999999,0.0001291292082584,0.6307692307692307,0.1141732283464567,0.0361702480607063,0.3991055844819692,0.0361702480607063,0.3991055844819692,1.0,1.0,10.0,2.0,0.3448798616999829,1754026569176.0,6.599999999999999,4.73,2.0,1754026565028.0,1754026570028.0,0.0,0.0,606601.94007,606606.94007,1156.0,35.03642480915714,3.347396682251529,3.717736470142485,0.4865470887749084,10.392304845413264,1.8588682350712424,21.074531014353656,35.03642480915714,80.13805991201353,46.35457879155904,0.9653538907079938,0.9644514564121806,0.0770737693932373,0.0744542530935866,11.0,303.39760376360465,4102.564882008018,0.0816346795544841,2.8911398134114608,22.790876363798446,0.0210951253566442,1754026567711.7805,1754026572711.7805
0.606923076923077,0.0001473372781065,0.1110629921259842,9.223913447826904e-05,0.6192307692307693,0.1122047244094488,0.0560933249837832,0.4030425923559849,0.0560933249837832,0.4030425923559849,1.0,1.0,10.0,2.0,0.4019946392428622,1754026573776.1853,3.311111111111112,4.73,2.0,1754026570029.0,1754026575029.0,1.0,0.0,606601.94007,606606.94007,1156.0,35.03642480915714,3.347396682251529,3.717736470142485,0.4865470887749084,10.392304845413264,1.8588682350712424,21.074531014353656,35.03642480915714,80.13805991201353,46.35457879155904,0.9653538907079938,0.9644514564121806,0.0770737693932373,0.0744542530935866,11.0,303.39760376360465,4102.564882008018,0.0816346795544841,2.8911398134114608,22.790876363798446,0.0210951253566442,1754026567711.7805,1754026572711.7805
0.606923076923077,0.0001473372781065,0.1110629921259842,9.223913447826904e-05,0.6192307692307693,0.1122047244094488,0.0560933249837832,0.4030425923559849,0.0560933249837832,0.4030425923559849,1.0,1.0,10.0,2.0,0.4019946392428622,1754026573776.1853,3.311111111111112,4.73,2.0,1754026570029.0,1754026575029.0,1.0,0.0,606606.94007,606611.94007,1233.0,35.18152389030929,2.87161452995276,3.678558020003087,0.4962565881150237,10.392304845413264,1.8392790100015437,21.36524186537024,35.18152389030929,83.3019243913359,47.7651242409882,0.9905362091470302,0.9910055544701564,0.0418050306594815,0.0291976289843413,0.0,5.958549150926188,23.36556212260461,0.0629888277226636,0.2965516657852634,7.345795298940906,0.0177146028087249,1754026572711.7805,1754026577711.7805
0.5780769230769229,0.0001025147928994,0.1096850393700786,7.239134478268938e-05,0.5875,0.1102362204724409,0.0849394788299373,0.4044205451118905,0.0849394788299373,0.4044205451118905,1.0,1.0,10.0,2.0,0.1798955023020299,1754026575639.6,4.706999999999999,4.730000000000001,2.0,1754026575030.0,1754026580030.0,1.0,1.0,606606.94007,606611.94007,1233.0,35.18152389030929,2.87161452995276,3.678558020003087,0.4962565881150237,10.392304845413264,1.8392790100015437,21.36524186537024,35.18152389030929,83.3019243913359,47.7651242409882,0.9905362091470302,0.9910055544701564,0.0418050306594815,0.0291976289843413,0.0,5.958549150926188,23.36556212260461,0.0629888277226636,0.2965516657852634,7.345795298940906,0.0177146028087249,1754026572711.7805,1754026577711.7805
0.5780769230769229,0.0001025147928994,0.1096850393700786,7.239134478268938e-05,0.5875,0.1102362204724409,0.0849394788299373,0.4044205451118905,0.0849394788299373,0.4044205451118905,1.0,1.0,10.0,2.0,0.1798955023020299,1754026575639.6,4.706999999999999,4.730000000000001,2.0,1754026575030.0,1754026580030.0,1.0,1.0,606611.94007,606616.94007,975.0,34.10317547990837,4.349739400172868,3.637493519617994,0.6677063691931927,10.392304845413264,1.818746759808997,20.14785089686733,34.10317547990837,82.99065332911422,44.52997369995903,0.9599107752965528,0.9592830994990706,0.0798933756685693,0.0711639245736968,4.0,20.79761266301164,76.60504157447133,0.1007307029188395,3.4759569045652388,24.95316185639008,0.0287719298245614,1754026577711.7805,1754026582711.7805
0.5326923076923077,0.0011510355029585,0.1070472440944881,8.724812449624913e-05,0.5692307692307692,0.1102362204724409,0.1303240942145526,0.407058340387481,0.1303240942145526,0.407058340387481,1.0,1.0,10.0,2.0,0.1008715928830488,1754026582907.3333,5.3566666666666665,4.73,2.0,1754026580031.0,1754026585031.0,0.0,1.0,606611.94007,606616.94007,975.0,34.10317547990837,4.349739400172868,3.637493519617994,0.6677063691931927,10.392304845413264,1.818746759808997,20.14785089686733,34.10317547990837,82.99065332911422,44.52997369995903,0.9599107752965528,0.9592830994990706,0.0798933756685693,0.0711639245736968,4.0,20.79761266301164,76.60504157447133,0.1007307029188395,3.4759569045652388,24.95316185639008,0.0287719298245614,1754026577711.7805,1754026582711.7805
0.5326923076923077,0.0011510355029585,0.1070472440944881,8.724812449624913e-05,0.5692307692307692,0.1102362204724409,0.1303240942145526,0.407058340387481,0.1303240942145526,0.407058340387481,1.0,1.0,10.0,2.0,0.1008715928830488,1754026582907.3333,5.3566666666666665,4.73,2.0,1754026580031.0,1754026585031.0,0.0,1.0,606616.94007,606621.94007,1201.0,34.441457298443375,2.0064307287914898,3.553859211273508,0.4852779233629155,10.392304845413264,1.776929605636754,20.70498171118191,34.441457298443375,80.68166299932352,47.33144325620022,0.9777144667725258,0.9777881255606564,0.0551712514734137,0.0395681581995876,0.0,33.14630026886251,378.7771623299461,0.0800824393249365,0.9142408694931397,12.87952419535826,0.0183326759863856,1754026582711.7805,1754026587711.7805
0.5050769230769231,4.700591715976324e-05,0.1078346456692913,5.166005332010668e-05,0.5076923076923077,0.1102362204724409,0.1579394788299372,0.4062709388126779,0.1579394788299372,0.4062709388126779,1.0,1.0,10.0,2.0,0.113732842087493,1754026586076.8,3.827,4.704000000000001,2.0,1754026585032.0,1754026590032.0,1.0,0.0,606616.94007,606621.94007,1201.0,34.441457298443375,2.0064307287914898,3.553859211273508,0.4852779233629155,10.392304845413264,1.776929605636754,20.70498171118191,34.441457298443375,80.68166299932352,47.33144325620022,0.9777144667725258,0.9777881255606564,0.0551712514734137,0.0395681581995876,0.0,33.14630026886251,378.7771623299461,0.0800824393249365,0.9142408694931397,12.87952419535826,0.0183326759863856,1754026582711.7805,1754026587711.7805
0.5050769230769231,4.700591715976324e-05,0.1078346456692913,5.166005332010668e-05,0.5076923076923077,0.1102362204724409,0.1579394788299372,0.4062709388126779,0.1579394788299372,0.4062709388126779,1.0,1.0,10.0,2.0,0.113732842087493,1754026586076.8,3.827,4.704000000000001,2.0,1754026585032.0,1754026590032.0,1.0,0.0,606621.94007,606626.94007,1095.0,33.88191424401792,3.165084508220822,3.48302083572853,0.5129033910439805,10.392304845413262,1.741510417864265,20.277552270611984,33.88191424401792,73.56438237891992,46.96272285510247,0.8968813525728724,0.8952049637686091,0.1275888177647283,0.1121495762145049,35.0,35.344079118332495,404.3429573524783,0.0800014825708079,2.832180721145874,22.55342717812999,0.0260033645758231,1754026587711.7805,1754026592711.7805
0.5138461538461538,3.964497041420144e-05,0.1059448818897637,8.799212598425194e-05,0.5192307692307693,0.1097440944881889,0.1491702480607064,0.4081607025922054,0.1491702480607064,0.4081607025922054,1.0,1.0,10.0,2.0,0.1556330036997053,1754026591907.5,2.87,3.2662500000000003,2.0,1754026590033.0,1754026595033.0,1.0,1.0,606621.94007,606626.94007,1095.0,33.88191424401792,3.165084508220822,3.48302083572853,0.5129033910439805,10.392304845413262,1.741510417864265,20.277552270611984,33.88191424401792,73.56438237891992,46.96272285510247,0.8968813525728724,0.8952049637686091,0.1275888177647283,0.1121495762145049,35.0,35.344079118332495,404.3429573524783,0.0800014825708079,2.832180721145874,22.55342717812999,0.0260033645758231,1754026587711.7805,1754026592711.7805
0.5138461538461538,3.964497041420144e-05,0.1059448818897637,8.799212598425194e-05,0.5192307692307693,0.1097440944881889,0.1491702480607064,0.4081607025922054,0.1491702480607064,0.4081607025922054,1.0,1.0,10.0,2.0,0.1556330036997053,1754026591907.5,2.87,3.2662500000000003,2.0,1754026590033.0,1754026595033.0,1.0,1.0,606626.94007,606631.94007,1201.0,34.522135700110624,2.9321609136324764,3.548667987889063,0.5038301710083364,10.392304845413264,1.7743339939445315,20.696892015081403,34.522135700110624,80.10038029602099,46.86667101558174,0.959729932056144,0.9598772523055724,0.0808286736964062,0.0643085086769808,0.0,42.30085120640216,443.69514562443146,0.0797241434382364,0.9137551754854456,12.874710858733575,0.0185079685057773,1754026592711.7805,1754026597711.7805
0.5106153846153846,0.0001577278106508,0.103779527559055,0.0001013764027528,0.5192307692307693,0.1058070866141732,0.1524010172914757,0.4103260569229141,0.1524010172914757,0.4103260569229141,1.0,1.0,10.0,2.0,0.2643691562965398,1754026591907.5,2.87,3.2662500000000003,2.0,1754026590033.0,1754026595033.0,1.0,1.0,606621.94007,606626.94007,1095.0,33.88191424401792,3.165084508220822,3.48302083572853,0.5129033910439805,10.392304845413262,1.741510417864265,20.277552270611984,33.88191424401792,73.56438237891992,46.96272285510247,0.8968813525728724,0.8952049637686091,0.1275888177647283,0.1121495762145049,35.0,35.344079118332495,404.3429573524783,0.0800014825708079,2.832180721145874,22.55342717812999,0.0260033645758231,1754026587711.7805,1754026592711.7805
0.5106153846153846,0.0001577278106508,0.103779527559055,0.0001013764027528,0.5192307692307693,0.1058070866141732,0.1524010172914757,0.4103260569229141,0.1524010172914757,0.4103260569229141,1.0,1.0,10.0,2.0,0.2643691562965398,1754026591907.5,2.87,3.2662500000000003,2.0,1754026590033.0,1754026595033.0,1.0,1.0,606626.94007,606631.94007,1201.0,34.522135700110624,2.9321609136324764,3.548667987889063,0.5038301710083364,10.392304845413264,1.7743339939445315,20.696892015081403,34.522135700110624,80.10038029602099,46.86667101558174,0.959729932056144,0.9598772523055724,0.0808286736964062,0.0643085086769808,0.0,42.30085120640216,443.69514562443146,0.0797241434382364,0.9137551754854456,12.874710858733575,0.0185079685057773,1754026592711.7805,1754026597711.7805
0.5033076923076922,3.787573964497038e-05,0.1026771653543306,8.608097216194429e-05,0.5076923076923077,0.1053149606299212,0.159708709599168,0.4114284191276385,0.159708709599168,0.4114284191276385,1.0,1.0,10.0,2.0,0.3689154001171212,1754026601539.0,1.933333333333333,2.33,2.0,1754026600035.0,1754026605035.0,1.0,1.0,606631.94007,606636.94007,1178.0,34.70342108980248,2.539286745195989,3.552305802909717,0.5258761980509095,10.392304845413264,1.7761529014548587,21.01212773132984,34.70342108980248,79.0610608360911,46.91890261928448,0.975499819599248,0.97533064590013,0.0647588171919425,0.0497071520907507,2.0,16.196482858021124,115.4577464274217,0.0718335397695674,1.2498446932649498,15.045130453894684,0.0192416525183927,1754026597711.7805,1754026602711.7805
0.5033076923076922,3.787573964497038e-05,0.1026771653543306,8.608097216194429e-05,0.5076923076923077,0.1053149606299212,0.159708709599168,0.4114284191276385,0.159708709599168,0.4114284191276385,1.0,1.0,10.0,2.0,0.3689154001171212,1754026601539.0,1.933333333333333,2.33,2.0,1754026600035.0,1754026605035.0,1.0,1.0,606636.94007,606641.94007,1227.0,35.09191514294011,2.227930988356741,3.542003626224455,0.4604449211475023,10.392304845413264,1.7710018131122276,21.38420860743584,35.09191514294011,84.05302200080843,47.38772490165533,0.9845168625296414,0.9848387859200244,0.0516593141224877,0.0367883367737918,1.0,20.032972523085043,217.28461831513425,0.0625194562448273,0.2975949366655795,7.355979881799292,0.0178012267833397,1754026602711.7805,1754026607711.7805
0.5161538461538462,2.071005917159789e-05,0.1023228346456692,8.65661231322463e-05,0.5192307692307693,0.107283464566929,0.1468625557530141,0.4117827498362999,0.1468625557530141,0.4117827498362999,1.0,1.0,10.0,2.0,0.3297373601585737,1754026601539.0,1.933333333333333,2.33,2.0,1754026600035.0,1754026605035.0,1.0,1.0,606631.94007,606636.94007,1178.0,34.70342108980248,2.539286745195989,3.552305802909717,0.5258761980509095,10.392304845413264,1.7761529014548587,21.01212773132984,34.70342108980248,79.0610608360911,46.91890261928448,0.975499819599248,0.97533064590013,0.0647588171919425,0.0497071520907507,2.0,16.196482858021124,115.4577464274217,0.0718335397695674,1.2498446932649498,15.045130453894684,0.0192416525183927,1754026597711.7805,1754026602711.7805
0.5161538461538462,2.071005917159789e-05,0.1023228346456692,8.65661231322463e-05,0.5192307692307693,0.107283464566929,0.1468625557530141,0.4117827498362999,0.1468625557530141,0.4117827498362999,1.0,1.0,10.0,2.0,0.3297373601585737,1754026601539.0,1.933333333333333,2.33,2.0,1754026600035.0,1754026605035.0,1.0,1.0,606636.94007,606641.94007,1227.0,35.09191514294011,2.227930988356741,3.542003626224455,0.4604449211475023,10.392304845413264,1.7710018131122276,21.38420860743584,35.09191514294011,84.05302200080843,47.38772490165533,0.9845168625296414,0.9848387859200244,0.0516593141224877,0.0367883367737918,1.0,20.032972523085043,217.28461831513425,0.0625194562448273,0.2975949366655795,7.355979881799292,0.0178012267833397,1754026602711.7805,1754026607711.7805
0.49,0.000873372781065,0.1016141732283464,6.291307582615167e-05,0.5230769230769231,0.1043307086614173,0.1730164019068602,0.4124914112536227,0.1730164019068602,0.4124914112536227,1.0,1.0,10.0,2.0,0.3575564031381773,1754026601539.0,1.933333333333333,2.33,2.0,1754026600035.0,1754026605035.0,1.0,1.0,606631.94007,606636.94007,1178.0,34.70342108980248,2.539286745195989,3.552305802909717,0.5258761980509095,10.392304845413264,1.7761529014548587,21.01212773132984,34.70342108980248,79.0610608360911,46.91890261928448,0.975499819599248,0.97533064590013,0.0647588171919425,0.0497071520907507,2.0,16.196482858021124,115.4577464274217,0.0718335397695674,1.2498446932649498,15.045130453894684,0.0192416525183927,1754026597711.7805,1754026602711.7805
0.49,0.000873372781065,0.1016141732283464,6.291307582615167e-05,0.5230769230769231,0.1043307086614173,0.1730164019068602,0.4124914112536227,0.1730164019068602,0.4124914112536227,1.0,1.0,10.0,2.0,0.3575564031381773,1754026601539.0,1.933333333333333,2.33,2.0,1754026600035.0,1754026605035.0,1.0,1.0,606636.94007,606641.94007,1227.0,35.09191514294011,2.227930988356741,3.542003626224455,0.4604449211475023,10.392304845413264,1.7710018131122276,21.38420860743584,35.09191514294011,84.05302200080843,47.38772490165533,0.9845168625296414,0.9848387859200244,0.0516593141224877,0.0367883367737918,1.0,20.032972523085043,217.28461831513425,0.0625194562448273,0.2975949366655795,7.355979881799292,0.0178012267833397,1754026602711.7805,1754026607711.7805
0.4754615384615384,3.721301775147948e-05,0.1015354330708661,3.643902287804569e-05,0.4807692307692308,0.1053149606299212,0.1875548634453218,0.4125701514111031,0.1875548634453218,0.4125701514111031,1.0,1.0,10.0,2.0,0.4070400599476398,1754026618937.0,1.27,1.98,2.0,1754026615038.0,1754026620038.0,1.0,1.0,606646.94007,606651.94007,1141.0,35.06488658067737,3.766629931857509,3.375304080568388,0.5378460000263442,10.392304845413264,1.6876520402841937,20.31939233056384,35.06488658067737,78.2862701951388,45.90319829816253,0.8857360401647341,0.8822882760004831,0.1270272666680988,0.1057326365857421,30.0,26.718518844702206,179.66783223540057,0.1244933406345021,4.0555601765948674,26.85784644905336,0.026953887786952,1754026612711.7805,1754026617711.7805
0.4754615384615384,3.721301775147948e-05,0.1015354330708661,3.643902287804569e-05,0.4807692307692308,0.1053149606299212,0.1875548634453218,0.4125701514111031,0.1875548634453218,0.4125701514111031,1.0,1.0,10.0,2.0,0.4070400599476398,1754026618937.0,1.27,1.98,2.0,1754026615038.0,1754026620038.0,1.0,1.0,606651.94007,606656.94007,1169.0,35.273360365252174,1.673901484892864,3.4347790699816194,0.4510016773809043,10.392304845413264,1.7173895349908097,21.391306898365308,35.273360365252174,78.3052059371873,49.02719130318173,0.9298615909926164,0.9258536698946312,0.1203376140608143,0.1020303476602385,30.0,25.72890382625324,105.99572571241674,0.1213199916161836,5.728070779548061,31.77265735838638,0.0264583614725436,1754026617711.7805,1754026622711.7805
0.4525384615384615,0.0004056863905325,0.1013779527559054,7.490389980779981e-05,0.4711538461538461,0.1043307086614173,0.2104779403683987,0.4127276317260637,0.2104779403683987,0.4127276317260637,1.0,1.0,10.0,2.0,0.3463088351888053,1754026621647.3333,1.18,2.51,2.0,1754026620039.0,1754026625039.0,1.0,1.0,606651.94007,606656.94007,1169.0,35.273360365252174,1.673901484892864,3.4347790699816194,0.4510016773809043,10.392304845413264,1.7173895349908097,21.391306898365308,35.273360365252174,78.3052059371873,49.02719130318173,0.9298615909926164,0.9258536698946312,0.1203376140608143,0.1020303476602385,30.0,25.72890382625324,105.99572571241674,0.1213199916161836,5.728070779548061,31.77265735838638,0.0264583614725436,1754026617711.7805,1754026622711.7805
0.4525384615384615,0.0004056863905325,0.1013779527559054,7.490389980779981e-05,0.4711538461538461,0.1043307086614173,0.2104779403683987,0.4127276317260637,0.2104779403683987,0.4127276317260637,1.0,1.0,10.0,2.0,0.3463088351888053,1754026621647.3333,1.18,2.51,2.0,1754026620039.0,1754026625039.0,1.0,1.0,606656.94007,606661.94007,1085.0,33.27827856172137,3.0431392584227166,3.302473185663233,0.3964881352533238,10.392304845413264,1.6512365928316166,20.48099004292466,33.27827856172137,75.47819047474131,50.00532545272225,0.9100605333066276,0.9043254318661738,0.1269835503549242,0.1073147813006689,35.0,153.06528464726742,1576.3562752852704,0.1361168025849028,8.01581619091661,37.34025099661245,0.0324844368986983,1754026622711.7805,1754026627711.7805
0.4642307692307693,2.440828402366858e-05,0.1012598425196849,8.124496248992508e-05,0.4682692307692307,0.1058070866141732,0.198785632676091,0.4128457419622842,0.198785632676091,0.4128457419622842,1.0,1.0,10.0,2.0,5.161580825155817e-06,1754026627657.0,1.0,2.33,2.0,1754026625040.0,1754026630040.0,1.0,1.0,606656.94007,606661.94007,1085.0,33.27827856172137,3.0431392584227166,3.302473185663233,0.3964881352533238,10.392304845413264,1.6512365928316166,20.48099004292466,33.27827856172137,75.47819047474131,50.00532545272225,0.9100605333066276,0.9043254318661738,0.1269835503549242,0.1073147813006689,35.0,153.06528464726742,1576.3562752852704,0.1361168025849028,8.01581619091661,37.34025099661245,0.0324844368986983,1754026622711.7805,1754026627711.7805
0.4642307692307693,2.440828402366858e-05,0.1012598425196849,8.124496248992508e-05,0.4682692307692307,0.1058070866141732,0.198785632676091,0.4128457419622842,0.198785632676091,0.4128457419622842,1.0,1.0,10.0,2.0,5.161580825155817e-06,1754026627657.0,1.0,2.33,2.0,1754026625040.0,1754026630040.0,1.0,1.0,606661.94007,606666.94007,1236.0,36.44191806012926,2.657281628395745,3.666974926996552,0.3085740133576377,10.392304845413264,1.833487463498276,21.73451207193944,36.44191806012926,88.13832527242931,46.594367198005145,0.9845349930537703,0.9846927600440616,0.0631699496133822,0.0484197973226503,0.0,6.937605272447476,50.8535880606171,0.0680697376529763,0.2946682907533147,7.313418255204057,0.0177141883835803,1754026627711.7805,1754026632711.7805
0.4636923076923076,4.328994082840224e-05,0.1007480314960629,8.985212970425942e-05,0.4692307692307692,0.1003937007874015,0.1993240942145526,0.4133575529859062,0.1993240942145526,0.4133575529859062,1.0,1.0,10.0,2.0,,1754026634877.0,1.27,2.33,2.0,1754026630041.0,1754026635041.0,1.0,1.0,606661.94007,606666.94007,1236.0,36.44191806012926,2.657281628395745,3.666974926996552,0.3085740133576377,10.392304845413264,1.833487463498276,21.73451207193944,36.44191806012926,88.13832527242931,46.594367198005145,0.9845349930537703,0.9846927600440616,0.0631699496133822,0.0484197973226503,0.0,6.937605272447476,50.8535880606171,0.0680697376529763,0.2946682907533147,7.313418255204057,0.0177141883835803,1754026627711.7805,1754026632711.7805
0.4636923076923076,4.328994082840224e-05,0.1007480314960629,8.985212970425942e-05,0.4692307692307692,0.1003937007874015,0.1993240942145526,0.4133575529859062,0.1993240942145526,0.4133575529859062,1.0,1.0,10.0,2.0,,1754026634877.0,1.27,2.33,2.0,1754026630041.0,1754026635041.0,1.0,1.0,606666.94007,606671.94007,1221.0,35.67215844321993,3.1505420978865466,3.5893035396701105,0.3464484108059528,10.392304845413264,1.7946517698350557,21.04167491930884,35.67215844321993,83.8205649569039,46.19597954406933,0.973524029341334,0.973324825956243,0.0755558503155308,0.0608454874546818,3.0,39.03855058295527,516.2024271429814,0.0677630385822393,0.597415825115731,10.404917682927628,0.0180611233242812,1754026632711.7805,1754026637711.7805
0.8751538461538462,0.0005587041420118,0.1139763779527558,0.0001516290532581,0.8884615384615384,0.1195866141732283,0.2121374442469858,0.4001292065292133,0.2121374442469858,0.4001292065292133,0.0,0.0,10.0,3.0,0.4509443541415684,1754025959032.0,5.0,5.0,3.0,1754025959032.0,1754025964032.0,1.0,1.0,605991.94007,605996.94007,1223.0,30.620741769961192,4.250678152201756,3.1696092072334854,0.4784660922745327,10.392304845413262,1.5848046036167427,21.48753912541608,30.620741769961192,91.80214739793595,55.76370908780368,0.9888687653883188,0.9886107563643514,0.0402277208192368,0.0355561603438753,2.0,14.133845042952904,136.2593568648017,0.1215343784038914,0.5982032319106456,10.41046361226786,0.0180602774311084,1754025957711.7805,1754025962711.7805
0.8751538461538462,0.0005587041420118,0.1139763779527558,0.0001516290532581,0.8884615384615384,0.1195866141732283,0.2121374442469858,0.4001292065292133,0.2121374442469858,0.4001292065292133,0.0,0.0,10.0,3.0,0.4509443541415684,1754025959032.0,5.0,5.0,3.0,1754025959032.0,1754025964032.0,1.0,1.0,605996.94007,606001.94007,1235.0,30.376187159938198,2.6770427874098472,3.20575424135958,0.303867557429407,10.392304845413264,1.60287712067979,21.57208728392184,30.376187159938198,86.28819313321948,57.26197841531889,0.9898838478864947,0.9898838478864947,0.0432499654730432,0.0316465701678551,0.0,9.945414909203503,35.676093819144896,0.0860964305612111,0.2953934098797079,7.3228658333583425,0.0176290929753533,1754025962711.7805,1754025967711.7805
0.8068461538461539,0.0003930710059171,0.52248031496063,0.0879501348502697,0.8153846153846154,0.7480314960629921,0.1438297519392936,0.0083747304786607,0.1438297519392936,0.0083747304786607,0.0,0.0,10.0,3.0,0.4123411077535183,1754025966415.0,5.0,5.27,3.0,1754025964033.0,1754025969033.0,0.0,1.0,605996.94007,606001.94007,1235.0,30.376187159938198,2.6770427874098472,3.20575424135958,0.303867557429407,10.392304845413264,1.60287712067979,21.57208728392184,30.376187159938198,86.28819313321948,57.26197841531889,0.9898838478864947,0.9898838478864947,0.0432499654730432,0.0316465701678551,0.0,9.945414909203503,35.676093819144896,0.0860964305612111,0.2953934098797079,7.3228658333583425,0.0176290929753533,1754025962711.7805,1754025967711.7805
0.8068461538461539,0.0003930710059171,0.52248031496063,0.0879501348502697,0.8153846153846154,0.7480314960629921,0.1438297519392936,0.0083747304786607,0.1438297519392936,0.0083747304786607,0.0,0.0,10.0,3.0,0.4123411077535183,1754025966415.0,5.0,5.27,3.0,1754025964033.0,1754025969033.0,0.0,1.0,606001.94007,606006.94007,1220.0,28.167476369398532,1.585755341826223,2.984079595381334,0.2030216897790033,10.392304845413264,1.4920397976906667,19.23797949251869,28.167476369398532,86.98886331058996,53.87925181163107,0.9882022502354204,0.987988093459492,0.0430548649498927,0.0376095729291558,1.0,21.58273549868273,230.0145294351908,0.092745452111103,0.3001060634167803,7.3791359294762655,0.0181478285878631,1754025967711.7805,1754025972711.7805
0.8396923076923076,3.398816568047313e-05,0.9973228346456692,1.3578027156052342e-06,0.8423076923076923,0.998031496062992,0.1766759057854473,0.4832172501637001,0.1766759057854473,0.4832172501637001,0.0,0.0,10.0,3.0,0.227151763646328,1754025969581.6667,5.266666666666667,5.0,3.0,1754025969034.0,1754025974034.0,0.0,0.0,606001.94007,606006.94007,1220.0,28.167476369398532,1.585755341826223,2.984079595381334,0.2030216897790033,10.392304845413264,1.4920397976906667,19.23797949251869,28.167476369398532,86.98886331058996,53.87925181163107,0.9882022502354204,0.987988093459492,0.0430548649498927,0.0376095729291558,1.0,21.58273549868273,230.0145294351908,0.092745452111103,0.3001060634167803,7.3791359294762655,0.0181478285878631,1754025967711.7805,1754025972711.7805
0.8396923076923076,3.398816568047313e-05,0.9973228346456692,1.3578027156052342e-06,0.8423076923076923,0.998031496062992,0.1766759057854473,0.4832172501637001,0.1766759057854473,0.4832172501637001,0.0,0.0,10.0,3.0,0.227151763646328,1754025969581.6667,5.266666666666667,5.0,3.0,1754025969034.0,1754025974034.0,0.0,0.0,606006.94007,606011.94007,1238.0,26.105138465837147,1.328214232847883,2.7688146665366,0.1505602108911851,10.392304845413264,1.3844073332683,17.439437402156322,26.105138465837147,81.86601460144955,49.88748126864405,0.999064532589748,0.999064532589748,0.0064442394907947,0.0045707869297638,0.0,5.36868978215885,9.726746575714229,0.0707039445181922,0.000181251308516,0.0031952297235435,0.0175438596491228,1754025972711.7805,1754025977711.7805
0.8243076923076923,6.83076923076925e-05,0.9405905511811024,0.003285803521607,0.8307692307692308,0.9960629921259844,0.161291290400832,0.4264849666991331,0.161291290400832,0.4264849666991331,0.0,0.0,10.0,3.0,0.2839323408697955,1754025978262.0,5.53,4.73,3.0,1754025974035.0,1754025979035.0,0.0,0.0,606006.94007,606011.94007,1238.0,26.105138465837147,1.328214232847883,2.7688146665366,0.1505602108911851,10.392304845413264,1.3844073332683,17.439437402156322,26.105138465837147,81.86601460144955,49.88748126864405,0.999064532589748,0.999064532589748,0.0064442394907947,0.0045707869297638,0.0,5.36868978215885,9.726746575714229,0.0707039445181922,0.000181251308516,0.0031952297235435,0.0175438596491228,1754025972711.7805,1754025977711.7805
0.8243076923076923,6.83076923076925e-05,0.9405905511811024,0.003285803521607,0.8307692307692308,0.9960629921259844,0.161291290400832,0.4264849666991331,0.161291290400832,0.4264849666991331,0.0,0.0,10.0,3.0,0.2839323408697955,1754025978262.0,5.53,4.73,3.0,1754025974035.0,1754025979035.0,0.0,0.0,606011.94007,606016.94007,1213.0,27.84681245044205,1.6252484151652995,2.963661032495295,0.1851152904640709,10.392304845413264,1.4818305162476475,18.734009852307747,27.84681245044205,85.18746346611624,50.333112440949165,0.9975876323113354,0.9976036809519668,0.0191048363434619,0.0175566061639629,1.0,10.818874433892953,62.81854028744185,0.0691887190385127,0.6009705165118355,10.441620579771218,0.0177174180298231,1754025977711.7805,1754025982711.7805
0.8203846153846155,4.630177514792909e-05,0.7962992125984252,0.01390434000868,0.823076923076923,0.8966535433070866,0.1573682134777552,0.282193628116456,0.1573682134777552,0.282193628116456,0.0,0.0,10.0,3.0,0.5441216601866795,1754025978262.0,5.53,4.73,3.0,1754025974035.0,1754025979035.0,0.0,0.0,606006.94007,606011.94007,1238.0,26.105138465837147,1.328214232847883,2.7688146665366,0.1505602108911851,10.392304845413264,1.3844073332683,17.439437402156322,26.105138465837147,81.86601460144955,49.88748126864405,0.999064532589748,0.999064532589748,0.0064442394907947,0.0045707869297638,0.0,5.36868978215885,9.726746575714229,0.0707039445181922,0.000181251308516,0.0031952297235435,0.0175438596491228,1754025972711.7805,1754025977711.7805
0.8203846153846155,4.630177514792909e-05,0.7962992125984252,0.01390434000868,0.823076923076923,0.8966535433070866,0.1573682134777552,0.282193628116456,0.1573682134777552,0.282193628116456,0.0,0.0,10.0,3.0,0.5441216601866795,1754025978262.0,5.53,4.73,3.0,1754025974035.0,1754025979035.0,0.0,0.0,606011.94007,606016.94007,1213.0,27.84681245044205,1.6252484151652995,2.963661032495295,0.1851152904640709,10.392304845413264,1.4818305162476475,18.734009852307747,27.84681245044205,85.18746346611624,50.333112440949165,0.9975876323113354,0.9976036809519668,0.0191048363434619,0.0175566061639629,1.0,10.818874433892953,62.81854028744185,0.0691887190385127,0.6009705165118355,10.441620579771218,0.0177174180298231,1754025977711.7805,1754025982711.7805
0.815,7.52958579881653e-05,0.538031496062992,0.0021080724161448,0.823076923076923,0.5644685039370079,0.1519835980931396,0.0239259115810228,0.1519835980931396,0.0239259115810228,0.0,0.0,10.0,3.0,0.6774843298464417,1754025986686.0,5.8,4.73,3.0,1754025984037.0,1754025989037.0,0.0,0.0,606016.94007,606021.94007,1218.0,26.989184172909106,1.5015705935900745,2.853719009627674,0.1416713283369325,10.392304845413264,1.426859504813837,17.985962544749622,26.989184172909106,83.31661042160452,50.06315872104806,0.9967928647634944,0.996476207376902,0.0243382905076816,0.0250111201289998,1.0,25.51069492728168,438.6586442953215,0.0815031398070591,0.3002704910852397,7.380341846389967,0.0179759744188056,1754025982711.7805,1754025987711.7805
0.815,7.52958579881653e-05,0.538031496062992,0.0021080724161448,0.823076923076923,0.5644685039370079,0.1519835980931396,0.0239259115810228,0.1519835980931396,0.0239259115810228,0.0,0.0,10.0,3.0,0.6774843298464417,1754025986686.0,5.8,4.73,3.0,1754025984037.0,1754025989037.0,0.0,0.0,606021.94007,606026.94007,1213.0,28.257324006518083,1.5723525163554597,3.006343422128149,0.1705316733313102,10.392304845413264,1.5031717110640748,18.49423814219067,28.257324006518083,77.57506898331873,48.98876103062384,0.9965372733012798,0.9965153154208792,0.0250445186569816,0.0221945902156748,0.0,10.692492558181096,61.1295667511646,0.0939812644789584,0.7510718468208605,11.665915778835537,0.0178909764105234,1754025987711.7805,1754025992711.7805
0.8216153846153845,0.0004999349112426,0.3366141732283463,0.0024361398722797,0.8451923076923077,0.3818897637795275,0.1585989827085242,0.1774914112536228,0.1585989827085242,0.1774914112536228,0.0,0.0,10.0,3.0,0.4329201303403527,1754025986686.0,5.8,4.73,3.0,1754025984037.0,1754025989037.0,0.0,0.0,606016.94007,606021.94007,1218.0,26.989184172909106,1.5015705935900745,2.853719009627674,0.1416713283369325,10.392304845413264,1.426859504813837,17.985962544749622,26.989184172909106,83.31661042160452,50.06315872104806,0.9967928647634944,0.996476207376902,0.0243382905076816,0.0250111201289998,1.0,25.51069492728168,438.6586442953215,0.0815031398070591,0.3002704910852397,7.380341846389967,0.0179759744188056,1754025982711.7805,1754025987711.7805
0.8216153846153845,0.0004999349112426,0.3366141732283463,0.0024361398722797,0.8451923076923077,0.3818897637795275,0.1585989827085242,0.1774914112536228,0.1585989827085242,0.1774914112536228,0.0,0.0,10.0,3.0,0.4329201303403527,1754025986686.0,5.8,4.73,3.0,1754025984037.0,1754025989037.0,0.0,0.0,606021.94007,606026.94007,1213.0,28.257324006518083,1.5723525163554597,3.006343422128149,0.1705316733313102,10.392304845413264,1.5031717110640748,18.49423814219067,28.257324006518083,77.57506898331873,48.98876103062384,0.9965372733012798,0.9965153154208792,0.0250445186569816,0.0221945902156748,0.0,10.692492558181096,61.1295667511646,0.0939812644789584,0.7510718468208605,11.665915778835537,0.0178909764105234,1754025987711.7805,1754025992711.7805
0.8386153846153848,4.139644970414198e-05,0.2274803149606298,0.0005081158162316,0.8423076923076923,0.2421259842519685,0.1755989827085244,0.2866252695213394,0.1755989827085244,0.2866252695213394,0.0,0.0,10.0,3.0,0.3357111055205966,1754025986686.0,5.8,4.73,3.0,1754025984037.0,1754025989037.0,0.0,0.0,606016.94007,606021.94007,1218.0,26.989184172909106,1.5015705935900745,2.853719009627674,0.1416713283369325,10.392304845413264,1.426859504813837,17.985962544749622,26.989184172909106,83.31661042160452,50.06315872104806,0.9967928647634944,0.996476207376902,0.0243382905076816,0.0250111201289998,1.0,25.51069492728168,438.6586442953215,0.0815031398070591,0.3002704910852397,7.380341846389967,0.0179759744188056,1754025982711.7805,1754025987711.7805
0.8386153846153848,4.139644970414198e-05,0.2274803149606298,0.0005081158162316,0.8423076923076923,0.2421259842519685,0.1755989827085244,0.2866252695213394,0.1755989827085244,0.2866252695213394,0.0,0.0,10.0,3.0,0.3357111055205966,1754025986686.0,5.8,4.73,3.0,1754025984037.0,1754025989037.0,0.0,0.0,606021.94007,606026.94007,1213.0,28.257324006518083,1.5723525163554597,3.006343422128149,0.1705316733313102,10.392304845413264,1.5031717110640748,18.49423814219067,28.257324006518083,77.57506898331873,48.98876103062384,0.9965372733012798,0.9965153154208792,0.0250445186569816,0.0221945902156748,0.0,10.692492558181096,61.1295667511646,0.0939812644789584,0.7510718468208605,11.665915778835537,0.0178909764105234,1754025987711.7805,1754025992711.7805
0.8266153846153845,2.2390532544378933e-05,0.2001574803149606,0.0002657387314774,0.8307692307692308,0.2081692913385826,0.1635989827085242,0.3139481041670086,0.1635989827085242,0.3139481041670086,0.0,0.0,10.0,3.0,0.4755298952192252,1754026002384.0,5.8,4.4675,3.0,1754025999040.0,1754026004040.0,0.0,0.0,606031.94007,606036.94007,1238.0,28.16922521427569,1.3367492972509587,2.99895824333547,0.1344042057864538,10.392304845413264,1.499479121667735,18.299569343731275,28.16922521427569,80.14946108475463,48.465134584252105,0.9984227278477268,0.9984227278477268,0.017170938704337,0.0122665728953562,0.0,4.680007501240941,8.80891890093497,0.0849765907765735,0.0002464387239383,0.0052777030246299,0.0175438596491228,1754025997711.7805,1754026002711.7805
0.8266153846153845,2.2390532544378933e-05,0.2001574803149606,0.0002657387314774,0.8307692307692308,0.2081692913385826,0.1635989827085242,0.3139481041670086,0.1635989827085242,0.3139481041670086,0.0,0.0,10.0,3.0,0.4755298952192252,1754026002384.0,5.8,4.4675,3.0,1754025999040.0,1754026004040.0,0.0,0.0,606036.94007,606041.94007,1240.0,29.127549574696797,1.06356075230021,3.090811884992684,0.108705797803174,10.392304845413264,1.545405942496342,19.64729299612284,29.127549574696797,78.92077459856097,53.24449672907033,0.992976136702977,0.992976136702977,0.0296477286850316,0.0205385579212509,0.0,5.812342147588393,30.283197053226058,0.0858796074305322,0.0005386841807305,0.0097385795107105,0.0175438596491228,1754026002711.7805,1754026007711.7805
0.818,2.215384615384599e-05,0.2333070866141732,0.0003548329096658,0.8192307692307692,0.2470472440944881,0.1549835980931396,0.280798497867796,0.1549835980931396,0.280798497867796,0.0,0.0,10.0,3.0,0.3134108343241297,1754026005043.25,5.1325,4.73,3.0,1754026004041.0,1754026009041.0,0.0,0.0,606036.94007,606041.94007,1240.0,29.127549574696797,1.06356075230021,3.090811884992684,0.108705797803174,10.392304845413264,1.545405942496342,19.64729299612284,29.127549574696797,78.92077459856097,53.24449672907033,0.992976136702977,0.992976136702977,0.0296477286850316,0.0205385579212509,0.0,5.812342147588393,30.283197053226058,0.0858796074305322,0.0005386841807305,0.0097385795107105,0.0175438596491228,1754026002711.7805,1754026007711.7805
0.818,2.215384615384599e-05,0.2333070866141732,0.0003548329096658,0.8192307692307692,0.2470472440944881,0.1549835980931396,0.280798497867796,0.1549835980931396,0.280798497867796,0.0,0.0,10.0,3.0,0.3134108343241297,1754026005043.25,5.1325,4.73,3.0,1754026004041.0,1754026009041.0,0.0,0.0,606041.94007,606046.94007,1204.0,28.966763361851253,2.0932191333163086,3.0826233612324425,0.2196365416810849,10.392304845413264,1.5413116806162213,18.92862582266507,28.966763361851253,84.4244486014465,48.861783732599015,0.9941858295608004,0.9934840170910196,0.0386718335863359,0.041620292423233,5.0,48.26229593161792,450.5306053779381,0.0709265703027762,1.519236078143677,16.555155632845363,0.0187678498572011,1754026007711.7805,1754026012711.7805
0.8063076923076923,4.6603550295858016e-05,0.2407086614173227,0.0004363320726641,0.8115384615384615,0.2514763779527558,0.143291290400832,0.2733969230646464,0.143291290400832,0.2733969230646464,0.0,0.0,10.0,3.0,0.2498132078416195,1754026011307.0,4.335,4.73,3.0,1754026009042.0,1754026014042.0,1.0,0.0,606041.94007,606046.94007,1204.0,28.966763361851253,2.0932191333163086,3.0826233612324425,0.2196365416810849,10.392304845413264,1.5413116806162213,18.92862582266507,28.966763361851253,84.4244486014465,48.861783732599015,0.9941858295608004,0.9934840170910196,0.0386718335863359,0.041620292423233,5.0,48.26229593161792,450.5306053779381,0.0709265703027762,1.519236078143677,16.555155632845363,0.0187678498572011,1754026007711.7805,1754026012711.7805
0.8063076923076923,4.6603550295858016e-05,0.2407086614173227,0.0004363320726641,0.8115384615384615,0.2514763779527558,0.143291290400832,0.2733969230646464,0.143291290400832,0.2733969230646464,0.0,0.0,10.0,3.0,0.2498132078416195,1754026011307.0,4.335,4.73,3.0,1754026009042.0,1754026014042.0,1.0,0.0,606046.94007,606051.94007,1238.0,28.71107571587192,1.869914692817067,3.054177845801285,0.1873911872371976,10.392304845413264,1.5270889229006426,18.374818809743136,28.71107571587192,87.33014501275608,48.073872123480726,0.9997995321330176,0.9997995321330176,0.0023494443785141,0.0017731436027042,0.0,3.143089007495323,7.82790797034734,0.0306315268518932,0.0002447702624774,0.0062843375866422,0.0175438596491228,1754026012711.7805,1754026017711.7805
0.7975384615384615,4.009467455621332e-05,0.2016141732283464,0.0003619396738793,0.8038461538461539,0.2160433070866141,0.1345220596316012,0.3124914112536228,0.1345220596316012,0.3124914112536228,0.0,0.0,10.0,3.0,0.2613183864567672,1754026011307.0,4.335,4.73,3.0,1754026009042.0,1754026014042.0,1.0,1.0,606041.94007,606046.94007,1204.0,28.966763361851253,2.0932191333163086,3.0826233612324425,0.2196365416810849,10.392304845413264,1.5413116806162213,18.92862582266507,28.966763361851253,84.4244486014465,48.861783732599015,0.9941858295608004,0.9934840170910196,0.0386718335863359,0.041620292423233,5.0,48.26229593161792,450.5306053779381,0.0709265703027762,1.519236078143677,16.555155632845363,0.0187678498572011,1754026007711.7805,1754026012711.7805
0.7975384615384615,4.009467455621332e-05,0.2016141732283464,0.0003619396738793,0.8038461538461539,0.2160433070866141,0.1345220596316012,0.3124914112536228,0.1345220596316012,0.3124914112536228,0.0,0.0,10.0,3.0,0.2613183864567672,1754026011307.0,4.335,4.73,3.0,1754026009042.0,1754026014042.0,1.0,1.0,606046.94007,606051.94007,1238.0,28.71107571587192,1.869914692817067,3.054177845801285,0.1873911872371976,10.392304845413264,1.5270889229006426,18.374818809743136,28.71107571587192,87.33014501275608,48.073872123480726,0.9997995321330176,0.9997995321330176,0.0023494443785141,0.0017731436027042,0.0,3.143089007495323,7.82790797034734,0.0306315268518932,0.0002447702624774,0.0062843375866422,0.0175438596491228,1754026012711.7805,1754026017711.7805
0.7936153846153847,1.929585798816577e-05,0.1620472440944881,0.0002889887779775,0.7961538461538461,0.1732283464566929,0.1305989827085244,0.3520583403874811,0.1305989827085244,0.3520583403874811,0.0,0.0,10.0,3.0,0.1381685068414975,1754026019742.0,4.8675,4.73,3.0,1754026019044.0,1754026024044.0,1.0,1.0,606051.94007,606056.94007,1223.0,27.453228938105696,1.5123611992606942,2.9347841998531745,0.152578771377068,10.392304845413262,1.4673920999265873,17.782060168623467,27.453228938105696,76.68787516246138,48.37039357503114,0.996488651222708,0.9960901903334344,0.0309376759109552,0.0317709443645626,4.0,21.109711279686493,221.2406864701945,0.0772043232179878,0.5968881263086988,10.400644819371674,0.0182324166917703,1754026017711.7805,1754026022711.7805
0.7936153846153847,1.929585798816577e-05,0.1620472440944881,0.0002889887779775,0.7961538461538461,0.1732283464566929,0.1305989827085244,0.3520583403874811,0.1305989827085244,0.3520583403874811,0.0,0.0,10.0,3.0,0.1381685068414975,1754026019742.0,4.8675,4.73,3.0,1754026019044.0,1754026024044.0,1.0,1.0,606056.94007,606061.94007,1228.0,27.6311005254085,1.2199930652563082,2.9342731316476494,0.1073178788145925,10.392304845413264,1.467136565823825,18.40136471195608,27.6311005254085,85.56883123956338,50.37659339639672,0.9992199542893654,0.9991345695526506,0.0106960452535546,0.0110955218458127,0.0,6.193346623382409,26.505909238695047,0.0733611754246162,0.297155543217912,7.34553403349361,0.0178010172009829,1754026022711.7805,1754026027711.7805
0.7946923076923076,2.7745562130177733e-05,0.1448031496062992,0.0002148552297104,0.8,0.1496062992125984,0.1316759057854473,0.36930243487567,0.1316759057854473,0.36930243487567,0.0,0.0,10.0,3.0,0.0318255681245663,1754026028852.0,4.865,4.73,3.0,1754026024045.0,1754026029045.0,1.0,1.0,606056.94007,606061.94007,1228.0,27.6311005254085,1.2199930652563082,2.9342731316476494,0.1073178788145925,10.392304845413264,1.467136565823825,18.40136471195608,27.6311005254085,85.56883123956338,50.37659339639672,0.9992199542893654,0.9991345695526506,0.0106960452535546,0.0110955218458127,0.0,6.193346623382409,26.505909238695047,0.0733611754246162,0.297155543217912,7.34553403349361,0.0178010172009829,1754026022711.7805,1754026027711.7805
0.7946923076923076,2.7745562130177733e-05,0.1448031496062992,0.0002148552297104,0.8,0.1496062992125984,0.1316759057854473,0.36930243487567,0.1316759057854473,0.36930243487567,0.0,0.0,10.0,3.0,0.0318255681245663,1754026028852.0,4.865,4.73,3.0,1754026024045.0,1754026029045.0,1.0,1.0,606061.94007,606066.94007,1227.0,27.815268481166765,2.04793543825251,2.950736390782939,0.2104852381062796,10.392304845413264,1.4753681953914697,18.85499473889272,27.815268481166765,81.6037191740663,51.23344537440501,0.9964661523077238,0.9964661523077238,0.0297198861632379,0.0280515300875325,3.0,14.273215571944968,145.376911961407,0.0711543355368078,0.000279286749537,0.0055493280874035,0.0181443829622957,1754026027711.7805,1754026032711.7805
0.7959230769230772,2.3319526627219177e-05,0.1393307086614173,0.0001570602641205,0.8,0.1451771653543306,0.1329066750162169,0.3747748758205519,0.1329066750162169,0.3747748758205519,0.0,0.0,10.0,3.0,0.0242693233684463,1754026028852.0,4.865,4.73,3.0,1754026024045.0,1754026029045.0,1.0,1.0,606056.94007,606061.94007,1228.0,27.6311005254085,1.2199930652563082,2.9342731316476494,0.1073178788145925,10.392304845413264,1.467136565823825,18.40136471195608,27.6311005254085,85.56883123956338,50.37659339639672,0.9992199542893654,0.9991345695526506,0.0106960452535546,0.0110955218458127,0.0,6.193346623382409,26.505909238695047,0.0733611754246162,0.297155543217912,7.34553403349361,0.0178010172009829,1754026022711.7805,1754026027711.7805
0.7959230769230772,2.3319526627219177e-05,0.1393307086614173,0.0001570602641205,0.8,0.1451771653543306,0.1329066750162169,0.3747748758205519,0.1329066750162169,0.3747748758205519,0.0,0.0,10.0,3.0,0.0242693233684463,1754026028852.0,4.865,4.73,3.0,1754026024045.0,1754026029045.0,1.0,1.0,606061.94007,606066.94007,1227.0,27.815268481166765,2.04793543825251,2.950736390782939,0.2104852381062796,10.392304845413264,1.4753681953914697,18.85499473889272,27.815268481166765,81.6037191740663,51.23344537440501,0.9964661523077238,0.9964661523077238,0.0297198861632379,0.0280515300875325,3.0,14.273215571944968,145.376911961407,0.0711543355368078,0.000279286749537,0.0055493280874035,0.0181443829622957,1754026027711.7805,1754026032711.7805
0.7985384615384616,4.313017751479321e-05,0.13751968503937,0.0001624418748837,0.8038461538461539,0.1417322834645669,0.1355220596316013,0.3765858994425991,0.1355220596316013,0.3765858994425991,0.0,0.0,10.0,3.0,0.4154646673904656,1754026028852.0,4.865,4.73,3.0,1754026024045.0,1754026029045.0,1.0,1.0,606056.94007,606061.94007,1228.0,27.6311005254085,1.2199930652563082,2.9342731316476494,0.1073178788145925,10.392304845413264,1.467136565823825,18.40136471195608,27.6311005254085,85.56883123956338,50.37659339639672,0.9992199542893654,0.9991345695526506,0.0106960452535546,0.0110955218458127,0.0,6.193346623382409,26.505909238695047,0.0733611754246162,0.297155543217912,7.34553403349361,0.0178010172009829,1754026022711.7805,1754026027711.7805
0.7985384615384616,4.313017751479321e-05,0.13751968503937,0.0001624418748837,0.8038461538461539,0.1417322834645669,0.1355220596316013,0.3765858994425991,0.1355220596316013,0.3765858994425991,0.0,0.0,10.0,3.0,0.4154646673904656,1754026028852.0,4.865,4.73,3.0,1754026024045.0,1754026029045.0,1.0,1.0,606061.94007,606066.94007,1227.0,27.815268481166765,2.04793543825251,2.950736390782939,0.2104852381062796,10.392304845413264,1.4753681953914697,18.85499473889272,27.815268481166765,81.6037191740663,51.23344537440501,0.9964661523077238,0.9964661523077238,0.0297198861632379,0.0280515300875325,3.0,14.273215571944968,145.376911961407,0.0711543355368078,0.000279286749537,0.0055493280874035,0.0181443829622957,1754026027711.7805,1754026032711.7805
0.7861538461538463,1.7751479289940703e-05,0.1364960629921259,0.0001054947609895,0.7884615384615384,0.1377952755905512,0.123137444246986,0.3776095214898433,0.123137444246986,0.3776095214898433,0.0,0.0,10.0,3.0,0.194769900873002,1754026041836.0,5.666666666666667,4.73,3.0,1754026039048.0,1754026044048.0,0.0,1.0,606071.94007,606076.94007,1221.0,28.697054811411057,1.3968800344087646,3.035915217724398,0.1295945984001209,10.392304845413264,1.517957608862199,19.43505270072099,28.697054811411057,80.28866596313173,51.41045097406469,0.9982402395699346,0.9984620645540532,0.0178515460718202,0.0151734421193319,1.0,19.132995163284225,176.19812977610707,0.0721079492330728,0.5979740079357291,10.410342559366873,0.0181473339368076,1754026037711.7805,1754026042711.7805
0.7861538461538463,1.7751479289940703e-05,0.1364960629921259,0.0001054947609895,0.7884615384615384,0.1377952755905512,0.123137444246986,0.3776095214898433,0.123137444246986,0.3776095214898433,0.0,0.0,10.0,3.0,0.194769900873002,1754026041836.0,5.666666666666667,4.73,3.0,1754026039048.0,1754026044048.0,0.0,1.0,606076.94007,606081.94007,1238.0,29.42285995543559,1.325332182202718,3.109305759780568,0.1291740748373447,10.392304845413264,1.554652879890284,18.9301322279218,29.42285995543559,84.85386422345725,48.33317433950647,0.9995584018119912,0.9995584018119912,0.003858080527241,0.0029800643458031,0.0,4.527353345727822,15.327022170580973,0.0535502331420039,0.0002243461968382,0.0040242882825271,0.0175438596491228,1754026042711.7805,1754026047711.7805
0.7846153846153848,3.0177514792899263e-05,0.1322440944881889,0.0001560372620745,0.7875,0.1333661417322834,0.1215989827085245,0.3818614899937802,0.1215989827085245,0.3818614899937802,0.0,0.0,10.0,3.0,0.4035194469094703,1754026044992.5,6.734999999999999,4.73,3.0,1754026044049.0,1754026049049.0,0.0,0.0,606076.94007,606081.94007,1238.0,29.42285995543559,1.325332182202718,3.109305759780568,0.1291740748373447,10.392304845413264,1.554652879890284,18.9301322279218,29.42285995543559,84.85386422345725,48.33317433950647,0.9995584018119912,0.9995584018119912,0.003858080527241,0.0029800643458031,0.0,4.527353345727822,15.327022170580973,0.0535502331420039,0.0002243461968382,0.0040242882825271,0.0175438596491228,1754026042711.7805,1754026047711.7805
0.7846153846153848,3.0177514792899263e-05,0.1322440944881889,0.0001560372620745,0.7875,0.1333661417322834,0.1215989827085245,0.3818614899937802,0.1215989827085245,0.3818614899937802,0.0,0.0,10.0,3.0,0.4035194469094703,1754026044992.5,6.734999999999999,4.73,3.0,1754026044049.0,1754026049049.0,0.0,0.0,606081.94007,606086.94007,1221.0,27.80797933779023,2.07367577993619,2.936818766464913,0.2094240305327369,10.392304845413264,1.468409383232456,17.570855797048132,27.80797933779023,89.17869936951263,46.922269903303686,0.997568350868132,0.997456449121481,0.0237431840954895,0.0239096950914019,1.0,5.714593364547002,31.73258680451882,0.0406873615733835,0.5965317433568261,10.398180065392484,0.0179749127117548,1754026047711.7805,1754026052711.7805
0.7979230769230767,2.911834319526656e-05,0.1293700787401574,0.0001770165540331,0.8,0.1313976377952755,0.1349066750162164,0.3847355057418117,0.1349066750162164,0.3847355057418117,0.0,0.0,10.0,3.0,2.4718932012245165e-05,1754026044992.5,6.734999999999999,4.73,3.0,1754026044049.0,1754026049049.0,0.0,0.0,606076.94007,606081.94007,1238.0,29.42285995543559,1.325332182202718,3.109305759780568,0.1291740748373447,10.392304845413264,1.554652879890284,18.9301322279218,29.42285995543559,84.85386422345725,48.33317433950647,0.9995584018119912,0.9995584018119912,0.003858080527241,0.0029800643458031,0.0,4.527353345727822,15.327022170580973,0.0535502331420039,0.0002243461968382,0.0040242882825271,0.0175438596491228,1754026042711.7805,1754026047711.7805
0.7979230769230767,2.911834319526656e-05,0.1293700787401574,0.0001770165540331,0.8,0.1313976377952755,0.1349066750162164,0.3847355057418117,0.1349066750162164,0.3847355057418117,0.0,0.0,10.0,3.0,2.4718932012245165e-05,1754026044992.5,6.734999999999999,4.73,3.0,1754026044049.0,1754026049049.0,0.0,0.0,606081.94007,606086.94007,1221.0,27.80797933779023,2.07367577993619,2.936818766464913,0.2094240305327369,10.392304845413264,1.468409383232456,17.570855797048132,27.80797933779023,89.17869936951263,46.922269903303686,0.997568350868132,0.997456449121481,0.0237431840954895,0.0239096950914019,1.0,5.714593364547002,31.73258680451882,0.0406873615733835,0.5965317433568261,10.398180065392484,0.0179749127117548,1754026047711.7805,1754026052711.7805
0.7996153846153848,2.8550295857988427e-05,0.1284251968503937,0.0001997271994543,0.8038461538461539,0.1323818897637795,0.1365989827085245,0.3856803876315755,0.1365989827085245,0.3856803876315755,0.0,0.0,10.0,3.0,0.3797137747971145,1754026055829.6667,7.400000000000001,4.73,3.0,1754026054051.0,1754026059051.0,0.0,0.0,606086.94007,606091.94007,1223.0,26.064980460137324,2.9935313443930247,2.745613088633881,0.3002376120555692,10.392304845413262,1.3728065443169406,16.838508527903343,26.064980460137324,85.43599178765827,48.02754629236503,0.99763304624296,0.9976738722982283,0.0224374172074223,0.0194076565348273,1.0,31.125420066130207,509.2236829218072,0.0727469154670283,0.2982642401913838,7.353384342258955,0.0178881381704465,1754026052711.7805,1754026057711.7805
0.7996153846153848,2.8550295857988427e-05,0.1284251968503937,0.0001997271994543,0.8038461538461539,0.1323818897637795,0.1365989827085245,0.3856803876315755,0.1365989827085245,0.3856803876315755,0.0,0.0,10.0,3.0,0.3797137747971145,1754026055829.6667,7.400000000000001,4.73,3.0,1754026054051.0,1754026059051.0,0.0,0.0,606091.94007,606096.94007,1238.0,28.561622932501347,3.372154648224908,3.0058917907780702,0.3435944717835359,10.392304845413264,1.5029458953890351,17.938155524616413,28.561622932501347,88.72826543820003,46.77197815909981,0.9999357253576688,0.9999357253576688,0.0011739735953549,0.0008762878866835,0.0,3.0713092174248544,5.179528516441776,0.0266173233016763,0.0001472769296173,0.0027049932324347,0.0175438596491228,1754026057711.7805,1754026062711.7805
0.7873076923076923,1.671597633136083e-05,0.1257480314960629,0.0001794345588691,0.7884615384615384,0.1279527559055118,0.1242912904008319,0.3883575529859062,0.1242912904008319,0.3883575529859062,0.0,0.0,10.0,3.0,0.1249581019444352,1754026055829.6667,7.400000000000001,4.73,3.0,1754026054051.0,1754026059051.0,0.0,0.0,606086.94007,606091.94007,1223.0,26.064980460137324,2.9935313443930247,2.745613088633881,0.3002376120555692,10.392304845413262,1.3728065443169406,16.838508527903343,26.064980460137324,85.43599178765827,48.02754629236503,0.99763304624296,0.9976738722982283,0.0224374172074223,0.0194076565348273,1.0,31.125420066130207,509.2236829218072,0.0727469154670283,0.2982642401913838,7.353384342258955,0.0178881381704465,1754026052711.7805,1754026057711.7805
0.7873076923076923,1.671597633136083e-05,0.1257480314960629,0.0001794345588691,0.7884615384615384,0.1279527559055118,0.1242912904008319,0.3883575529859062,0.1242912904008319,0.3883575529859062,0.0,0.0,10.0,3.0,0.1249581019444352,1754026055829.6667,7.400000000000001,4.73,3.0,1754026054051.0,1754026059051.0,0.0,0.0,606091.94007,606096.94007,1238.0,28.561622932501347,3.372154648224908,3.0058917907780702,0.3435944717835359,10.392304845413264,1.5029458953890351,17.938155524616413,28.561622932501347,88.72826543820003,46.77197815909981,0.9999357253576688,0.9999357253576688,0.0011739735953549,0.0008762878866835,0.0,3.0713092174248544,5.179528516441776,0.0266173233016763,0.0001472769296173,0.0027049932324347,0.0175438596491228,1754026057711.7805,1754026062711.7805
0.7933846153846154,3.848520710059192e-05,0.1238582677165354,0.0001879905759811,0.8,0.124015748031496,0.130368213477755,0.3902473167654338,0.130368213477755,0.3902473167654338,0.0,0.0,10.0,3.0,0.2780914476859138,1754026067159.0,7.93,4.73,3.0,1754026064053.0,1754026069053.0,0.0,0.0,606096.94007,606101.94007,1219.0,28.253727173968937,2.089577925470097,2.9849069562584165,0.201911996138648,10.392304845413264,1.492453478129208,18.085155175452797,28.253727173968937,86.20962831323658,48.09200642419885,0.9962680958276184,0.9963256182370408,0.02972388545387,0.0269031043800838,1.0,18.15843981249316,283.8801841799556,0.0758049162718424,0.2992142083462223,7.367194619320018,0.0179756199358116,1754026062711.7805,1754026067711.7805
0.7933846153846154,3.848520710059192e-05,0.1238582677165354,0.0001879905759811,0.8,0.124015748031496,0.130368213477755,0.3902473167654338,0.130368213477755,0.3902473167654338,0.0,0.0,10.0,3.0,0.2780914476859138,1754026067159.0,7.93,4.73,3.0,1754026064053.0,1754026069053.0,0.0,0.0,606101.94007,606106.94007,1235.0,28.038954789174387,1.4844568777936202,2.947437075904789,0.1351942365280986,10.392304845413264,1.4737185379523945,18.55131549751805,28.038954789174387,87.57755306779255,53.8087850218816,0.9840795911159932,0.9840165132945862,0.0541150382334092,0.0457909471779058,0.0,6.403360246221289,17.83455165616044,0.1233514313927183,0.0007848192380198,0.0165295240174082,0.0175438596491228,1754026067711.7805,1754026072711.7805
0.805,1.4349112426035442e-05,0.1222440944881889,7.133889267778534e-05,0.8076923076923077,0.123523622047244,0.1419835980931397,0.3918614899937802,0.1419835980931397,0.3918614899937802,0.0,0.0,10.0,3.0,,1754026073182.3333,7.93,4.733333333333333,3.0,1754026069054.0,1754026074054.0,0.0,0.0,606101.94007,606106.94007,1235.0,28.038954789174387,1.4844568777936202,2.947437075904789,0.1351942365280986,10.392304845413264,1.4737185379523945,18.55131549751805,28.038954789174387,87.57755306779255,53.8087850218816,0.9840795911159932,0.9840165132945862,0.0541150382334092,0.0457909471779058,0.0,6.403360246221289,17.83455165616044,0.1233514313927183,0.0007848192380198,0.0165295240174082,0.0175438596491228,1754026067711.7805,1754026072711.7805
0.805,1.4349112426035442e-05,0.1222440944881889,7.133889267778534e-05,0.8076923076923077,0.123523622047244,0.1419835980931397,0.3918614899937802,0.1419835980931397,0.3918614899937802,0.0,0.0,10.0,3.0,,1754026073182.3333,7.93,4.733333333333333,3.0,1754026069054.0,1754026074054.0,0.0,0.0,606106.94007,606111.94007,1224.0,27.90700327782724,1.5760408814547144,2.9278421795779,0.1543957814276129,10.392304845413264,1.46392108978895,17.417887966414632,27.90700327782724,83.64552501362706,46.360989718474535,0.9975383903428764,0.9972974123216346,0.0205453594004229,0.0219912978724253,1.0,18.108059159177223,210.43585981017927,0.088731683800401,0.5956411472409798,10.38249340087671,0.0180598555211558,1754026072711.7805,1754026077711.7805
0.5967692307692307,0.0146031715976331,0.1681102362204724,0.0028995907991815,0.573076923076923,0.1943897637795275,0.0662471711376295,0.3459953482614967,0.0662471711376295,0.3459953482614967,0.0,0.0,10.0,4.0,0.4642393706386232,1754024791397.0,5.0,5.0,4.0,1754024791397.0,1754024796397.0,1.0,1.0,604821.94007,604826.94007,1187.0,27.9428984382631,2.462139898385044,3.284468101349729,0.2736586377423907,10.392304845413264,1.6422340506748645,18.81543351378856,27.9428984382631,91.95171293207925,51.37370890971211,0.9882542952571256,0.9877208807712335,0.0469198373813811,0.0431502285216224,4.0,59.53691135557885,552.5006655458842,0.0637472774529303,0.9349680442430928,13.029585710605303,0.0192287796154244,1754024787711.7805,1754024792711.7805
0.5967692307692307,0.0146031715976331,0.1681102362204724,0.0028995907991815,0.573076923076923,0.1943897637795275,0.0662471711376295,0.3459953482614967,0.0662471711376295,0.3459953482614967,0.0,0.0,10.0,4.0,0.4642393706386232,1754024791397.0,5.0,5.0,4.0,1754024791397.0,1754024796397.0,1.0,1.0,604826.94007,604831.94007,1222.0,29.93072282683838,2.813060820419129,3.5413542911232927,0.3217054712161256,10.392304845413264,1.7706771455616463,21.3467654618601,29.93072282683838,88.93212755767811,57.57742046793254,0.9927688460906028,0.9924201933136853,0.0328879852236924,0.0321124219924155,2.0,60.36535758827276,1085.2453840003566,0.0758876843549577,0.6016736279312259,10.459358311395356,0.0184052602865592,1754024792711.7805,1754024797711.7805
0.8679230769230769,0.0013991775147929,0.1418897637795275,0.0022166346332692,0.9057692307692308,0.1564960629921259,0.2049066750162166,0.3722158207024416,0.2049066750162166,0.3722158207024416,0.0,0.0,10.0,4.0,0.2434289008071379,1754024791397.0,5.0,5.0,4.0,1754024791397.0,1754024796397.0,1.0,1.0,604821.94007,604826.94007,1187.0,27.9428984382631,2.462139898385044,3.284468101349729,0.2736586377423907,10.392304845413264,1.6422340506748645,18.81543351378856,27.9428984382631,91.95171293207925,51.37370890971211,0.9882542952571256,0.9877208807712335,0.0469198373813811,0.0431502285216224,4.0,59.53691135557885,552.5006655458842,0.0637472774529303,0.9349680442430928,13.029585710605303,0.0192287796154244,1754024787711.7805,1754024792711.7805
0.8679230769230769,0.0013991775147929,0.1418897637795275,0.0022166346332692,0.9057692307692308,0.1564960629921259,0.2049066750162166,0.3722158207024416,0.2049066750162166,0.3722158207024416,0.0,0.0,10.0,4.0,0.2434289008071379,1754024791397.0,5.0,5.0,4.0,1754024791397.0,1754024796397.0,1.0,1.0,604826.94007,604831.94007,1222.0,29.93072282683838,2.813060820419129,3.5413542911232927,0.3217054712161256,10.392304845413264,1.7706771455616463,21.3467654618601,29.93072282683838,88.93212755767811,57.57742046793254,0.9927688460906028,0.9924201933136853,0.0328879852236924,0.0321124219924155,2.0,60.36535758827276,1085.2453840003566,0.0758876843549577,0.6016736279312259,10.459358311395356,0.0184052602865592,1754024792711.7805,1754024797711.7805
0.8286923076923077,0.0001486449704142,0.134015748031496,7.60803521607043e-05,0.8384615384615385,0.1373031496062992,0.1656759057854474,0.3800898364504732,0.1656759057854474,0.3800898364504732,0.0,0.0,10.0,4.0,0.5043575292800085,1754024791397.0,5.0,5.0,4.0,1754024791397.0,1754024796397.0,1.0,1.0,604821.94007,604826.94007,1187.0,27.9428984382631,2.462139898385044,3.284468101349729,0.2736586377423907,10.392304845413264,1.6422340506748645,18.81543351378856,27.9428984382631,91.95171293207925,51.37370890971211,0.9882542952571256,0.9877208807712335,0.0469198373813811,0.0431502285216224,4.0,59.53691135557885,552.5006655458842,0.0637472774529303,0.9349680442430928,13.029585710605303,0.0192287796154244,1754024787711.7805,1754024792711.7805
0.8286923076923077,0.0001486449704142,0.134015748031496,7.60803521607043e-05,0.8384615384615385,0.1373031496062992,0.1656759057854474,0.3800898364504732,0.1656759057854474,0.3800898364504732,0.0,0.0,10.0,4.0,0.5043575292800085,1754024791397.0,5.0,5.0,4.0,1754024791397.0,1754024796397.0,1.0,1.0,604826.94007,604831.94007,1222.0,29.93072282683838,2.813060820419129,3.5413542911232927,0.3217054712161256,10.392304845413264,1.7706771455616463,21.3467654618601,29.93072282683838,88.93212755767811,57.57742046793254,0.9927688460906028,0.9924201933136853,0.0328879852236924,0.0321124219924155,2.0,60.36535758827276,1085.2453840003566,0.0758876843549577,0.6016736279312259,10.459358311395356,0.0184052602865592,1754024792711.7805,1754024797711.7805
0.8512307692307693,2.511242603550292e-05,0.1394488188976377,2.423584847169698e-05,0.8538461538461538,0.1417322834645669,0.188214367323909,0.3746567655843314,0.188214367323909,0.3746567655843314,0.0,0.0,10.0,4.0,0.6364236236136266,1754024791397.0,5.0,5.0,4.0,1754024791397.0,1754024796397.0,1.0,1.0,604821.94007,604826.94007,1187.0,27.9428984382631,2.462139898385044,3.284468101349729,0.2736586377423907,10.392304845413264,1.6422340506748645,18.81543351378856,27.9428984382631,91.95171293207925,51.37370890971211,0.9882542952571256,0.9877208807712335,0.0469198373813811,0.0431502285216224,4.0,59.53691135557885,552.5006655458842,0.0637472774529303,0.9349680442430928,13.029585710605303,0.0192287796154244,1754024787711.7805,1754024792711.7805
0.8512307692307693,2.511242603550292e-05,0.1394488188976377,2.423584847169698e-05,0.8538461538461538,0.1417322834645669,0.188214367323909,0.3746567655843314,0.188214367323909,0.3746567655843314,0.0,0.0,10.0,4.0,0.6364236236136266,1754024791397.0,5.0,5.0,4.0,1754024791397.0,1754024796397.0,1.0,1.0,604826.94007,604831.94007,1222.0,29.93072282683838,2.813060820419129,3.5413542911232927,0.3217054712161256,10.392304845413264,1.7706771455616463,21.3467654618601,29.93072282683838,88.93212755767811,57.57742046793254,0.9927688460906028,0.9924201933136853,0.0328879852236924,0.0321124219924155,2.0,60.36535758827276,1085.2453840003566,0.0758876843549577,0.6016736279312259,10.459358311395356,0.0184052602865592,1754024792711.7805,1754024797711.7805
0.8791538461538463,0.0001911775147928,0.1440551181102362,0.0001515422530845,0.8951923076923077,0.1535433070866141,0.216137444246986,0.370050466371733,0.216137444246986,0.370050466371733,0.0,0.0,10.0,4.0,0.4833873342787553,1754024791397.0,5.0,5.0,4.0,1754024791397.0,1754024796397.0,1.0,1.0,604821.94007,604826.94007,1187.0,27.9428984382631,2.462139898385044,3.284468101349729,0.2736586377423907,10.392304845413264,1.6422340506748645,18.81543351378856,27.9428984382631,91.95171293207925,51.37370890971211,0.9882542952571256,0.9877208807712335,0.0469198373813811,0.0431502285216224,4.0,59.53691135557885,552.5006655458842,0.0637472774529303,0.9349680442430928,13.029585710605303,0.0192287796154244,1754024787711.7805,1754024792711.7805
0.8791538461538463,0.0001911775147928,0.1440551181102362,0.0001515422530845,0.8951923076923077,0.1535433070866141,0.216137444246986,0.370050466371733,0.216137444246986,0.370050466371733,0.0,0.0,10.0,4.0,0.4833873342787553,1754024791397.0,5.0,5.0,4.0,1754024791397.0,1754024796397.0,1.0,1.0,604826.94007,604831.94007,1222.0,29.93072282683838,2.813060820419129,3.5413542911232927,0.3217054712161256,10.392304845413264,1.7706771455616463,21.3467654618601,29.93072282683838,88.93212755767811,57.57742046793254,0.9927688460906028,0.9924201933136853,0.0328879852236924,0.0321124219924155,2.0,60.36535758827276,1085.2453840003566,0.0758876843549577,0.6016736279312259,10.459358311395356,0.0184052602865592,1754024792711.7805,1754024797711.7805
0.857076923076923,0.000233349112426,0.0834645669291338,0.000506696013392,0.8721153846153846,0.0959645669291338,0.1940605211700626,0.4306410175528353,0.1940605211700626,0.4306410175528353,0.0,0.0,10.0,4.0,0.6305347546480745,1754024791397.0,5.0,5.0,4.0,1754024791397.0,1754024796397.0,1.0,1.0,604821.94007,604826.94007,1187.0,27.9428984382631,2.462139898385044,3.284468101349729,0.2736586377423907,10.392304845413264,1.6422340506748645,18.81543351378856,27.9428984382631,91.95171293207925,51.37370890971211,0.9882542952571256,0.9877208807712335,0.0469198373813811,0.0431502285216224,4.0,59.53691135557885,552.5006655458842,0.0637472774529303,0.9349680442430928,13.029585710605303,0.0192287796154244,1754024787711.7805,1754024792711.7805
0.857076923076923,0.000233349112426,0.0834645669291338,0.000506696013392,0.8721153846153846,0.0959645669291338,0.1940605211700626,0.4306410175528353,0.1940605211700626,0.4306410175528353,0.0,0.0,10.0,4.0,0.6305347546480745,1754024791397.0,5.0,5.0,4.0,1754024791397.0,1754024796397.0,1.0,1.0,604826.94007,604831.94007,1222.0,29.93072282683838,2.813060820419129,3.5413542911232927,0.3217054712161256,10.392304845413264,1.7706771455616463,21.3467654618601,29.93072282683838,88.93212755767811,57.57742046793254,0.9927688460906028,0.9924201933136853,0.0328879852236924,0.0321124219924155,2.0,60.36535758827276,1085.2453840003566,0.0758876843549577,0.6016736279312259,10.459358311395356,0.0184052602865592,1754024792711.7805,1754024797711.7805
0.8223076923076921,7.751479289940847e-05,0.0640551181102361,0.0004166733833467,0.8298076923076924,0.0807086614173228,0.1592912904008318,0.450050466371733,0.1592912904008318,0.450050466371733,0.0,0.0,10.0,4.0,0.5205683201157957,1754024791397.0,5.0,5.0,4.0,1754024791397.0,1754024796397.0,1.0,1.0,604821.94007,604826.94007,1187.0,27.9428984382631,2.462139898385044,3.284468101349729,0.2736586377423907,10.392304845413264,1.6422340506748645,18.81543351378856,27.9428984382631,91.95171293207925,51.37370890971211,0.9882542952571256,0.9877208807712335,0.0469198373813811,0.0431502285216224,4.0,59.53691135557885,552.5006655458842,0.0637472774529303,0.9349680442430928,13.029585710605303,0.0192287796154244,1754024787711.7805,1754024792711.7805
0.8223076923076921,7.751479289940847e-05,0.0640551181102361,0.0004166733833467,0.8298076923076924,0.0807086614173228,0.1592912904008318,0.450050466371733,0.1592912904008318,0.450050466371733,0.0,0.0,10.0,4.0,0.5205683201157957,1754024791397.0,5.0,5.0,4.0,1754024791397.0,1754024796397.0,1.0,1.0,604826.94007,604831.94007,1222.0,29.93072282683838,2.813060820419129,3.5413542911232927,0.3217054712161256,10.392304845413264,1.7706771455616463,21.3467654618601,29.93072282683838,88.93212755767811,57.57742046793254,0.9927688460906028,0.9924201933136853,0.0328879852236924,0.0321124219924155,2.0,60.36535758827276,1085.2453840003566,0.0758876843549577,0.6016736279312259,10.459358311395356,0.0184052602865592,1754024792711.7805,1754024797711.7805
0.7986153846153846,0.0013679053254437,0.0944488188976377,0.001295878541757,0.8144230769230769,0.1205708661417322,0.1355989827085243,0.4196567655843314,0.1355989827085243,0.4196567655843314,0.0,0.0,10.0,4.0,0.5092755214074451,1754024791397.0,5.0,5.0,4.0,1754024791397.0,1754024796397.0,1.0,1.0,604821.94007,604826.94007,1187.0,27.9428984382631,2.462139898385044,3.284468101349729,0.2736586377423907,10.392304845413264,1.6422340506748645,18.81543351378856,27.9428984382631,91.95171293207925,51.37370890971211,0.9882542952571256,0.9877208807712335,0.0469198373813811,0.0431502285216224,4.0,59.53691135557885,552.5006655458842,0.0637472774529303,0.9349680442430928,13.029585710605303,0.0192287796154244,1754024787711.7805,1754024792711.7805
0.7986153846153846,0.0013679053254437,0.0944488188976377,0.001295878541757,0.8144230769230769,0.1205708661417322,0.1355989827085243,0.4196567655843314,0.1355989827085243,0.4196567655843314,0.0,0.0,10.0,4.0,0.5092755214074451,1754024791397.0,5.0,5.0,4.0,1754024791397.0,1754024796397.0,1.0,1.0,604826.94007,604831.94007,1222.0,29.93072282683838,2.813060820419129,3.5413542911232927,0.3217054712161256,10.392304845413264,1.7706771455616463,21.3467654618601,29.93072282683838,88.93212755767811,57.57742046793254,0.9927688460906028,0.9924201933136853,0.0328879852236924,0.0321124219924155,2.0,60.36535758827276,1085.2453840003566,0.0758876843549577,0.6016736279312259,10.459358311395356,0.0184052602865592,1754024792711.7805,1754024797711.7805
0.7276923076923077,1.538461538461534e-05,0.1218110236220472,5.43493086986173e-05,0.7307692307692307,0.1259842519685039,0.0646759057854474,0.392294560859922,0.0646759057854474,0.392294560859922,0.0,0.0,10.0,4.0,0.376465410465946,1754024791397.0,5.0,5.0,4.0,1754024791397.0,1754024796397.0,1.0,1.0,604821.94007,604826.94007,1187.0,27.9428984382631,2.462139898385044,3.284468101349729,0.2736586377423907,10.392304845413264,1.6422340506748645,18.81543351378856,27.9428984382631,91.95171293207925,51.37370890971211,0.9882542952571256,0.9877208807712335,0.0469198373813811,0.0431502285216224,4.0,59.53691135557885,552.5006655458842,0.0637472774529303,0.9349680442430928,13.029585710605303,0.0192287796154244,1754024787711.7805,1754024792711.7805
0.7276923076923077,1.538461538461534e-05,0.1218110236220472,5.43493086986173e-05,0.7307692307692307,0.1259842519685039,0.0646759057854474,0.392294560859922,0.0646759057854474,0.392294560859922,0.0,0.0,10.0,4.0,0.376465410465946,1754024791397.0,5.0,5.0,4.0,1754024791397.0,1754024796397.0,1.0,1.0,604826.94007,604831.94007,1222.0,29.93072282683838,2.813060820419129,3.5413542911232927,0.3217054712161256,10.392304845413264,1.7706771455616463,21.3467654618601,29.93072282683838,88.93212755767811,57.57742046793254,0.9927688460906028,0.9924201933136853,0.0328879852236924,0.0321124219924155,2.0,60.36535758827276,1085.2453840003566,0.0758876843549577,0.6016736279312259,10.459358311395356,0.0184052602865592,1754024792711.7805,1754024797711.7805
0.6736923076923076,0.0004073136094674,0.238503937007874,0.0016323640647281,0.6894230769230769,0.2381889763779527,0.0106759057854473,0.2756016474740951,0.0106759057854473,0.2756016474740951,0.0,0.0,10.0,4.0,0.3433321194994576,1754024791397.0,5.0,5.0,4.0,1754024791397.0,1754024796397.0,1.0,1.0,604821.94007,604826.94007,1187.0,27.9428984382631,2.462139898385044,3.284468101349729,0.2736586377423907,10.392304845413264,1.6422340506748645,18.81543351378856,27.9428984382631,91.95171293207925,51.37370890971211,0.9882542952571256,0.9877208807712335,0.0469198373813811,0.0431502285216224,4.0,59.53691135557885,552.5006655458842,0.0637472774529303,0.9349680442430928,13.029585710605303,0.0192287796154244,1754024787711.7805,1754024792711.7805
0.6736923076923076,0.0004073136094674,0.238503937007874,0.0016323640647281,0.6894230769230769,0.2381889763779527,0.0106759057854473,0.2756016474740951,0.0106759057854473,0.2756016474740951,0.0,0.0,10.0,4.0,0.3433321194994576,1754024791397.0,5.0,5.0,4.0,1754024791397.0,1754024796397.0,1.0,1.0,604826.94007,604831.94007,1222.0,29.93072282683838,2.813060820419129,3.5413542911232927,0.3217054712161256,10.392304845413264,1.7706771455616463,21.3467654618601,29.93072282683838,88.93212755767811,57.57742046793254,0.9927688460906028,0.9924201933136853,0.0328879852236924,0.0321124219924155,2.0,60.36535758827276,1085.2453840003566,0.0758876843549577,0.6016736279312259,10.459358311395356,0.0184052602865592,1754024792711.7805,1754024797711.7805
0.6495384615384616,0.0008092544378698,0.2385826771653542,4.15400830801661e-05,0.6759615384615385,0.2436023622047244,0.0134779403683986,0.2755229073166149,0.0134779403683986,0.2755229073166149,0.0,0.0,10.0,4.0,0.4344472919922524,1754024791397.0,5.0,5.0,4.0,1754024791397.0,1754024796397.0,1.0,1.0,604821.94007,604826.94007,1187.0,27.9428984382631,2.462139898385044,3.284468101349729,0.2736586377423907,10.392304845413264,1.6422340506748645,18.81543351378856,27.9428984382631,91.95171293207925,51.37370890971211,0.9882542952571256,0.9877208807712335,0.0469198373813811,0.0431502285216224,4.0,59.53691135557885,552.5006655458842,0.0637472774529303,0.9349680442430928,13.029585710605303,0.0192287796154244,1754024787711.7805,1754024792711.7805
0.6495384615384616,0.0008092544378698,0.2385826771653542,4.15400830801661e-05,0.6759615384615385,0.2436023622047244,0.0134779403683986,0.2755229073166149,0.0134779403683986,0.2755229073166149,0.0,0.0,10.0,4.0,0.4344472919922524,1754024791397.0,5.0,5.0,4.0,1754024791397.0,1754024796397.0,1.0,1.0,604826.94007,604831.94007,1222.0,29.93072282683838,2.813060820419129,3.5413542911232927,0.3217054712161256,10.392304845413264,1.7706771455616463,21.3467654618601,29.93072282683838,88.93212755767811,57.57742046793254,0.9927688460906028,0.9924201933136853,0.0328879852236924,0.0321124219924155,2.0,60.36535758827276,1085.2453840003566,0.0758876843549577,0.6016736279312259,10.459358311395356,0.0184052602865592,1754024792711.7805,1754024797711.7805
0.6444615384615383,0.0005083786982248,0.2194488188976377,5.64573129146259e-05,0.6653846153846154,0.2244094488188976,0.0185548634453219,0.2946567655843314,0.0185548634453219,0.2946567655843314,0.0,0.0,10.0,4.0,0.4088271747658126,1754024791397.0,5.0,5.0,4.0,1754024791397.0,1754024796397.0,1.0,1.0,604821.94007,604826.94007,1187.0,27.9428984382631,2.462139898385044,3.284468101349729,0.2736586377423907,10.392304845413264,1.6422340506748645,18.81543351378856,27.9428984382631,91.95171293207925,51.37370890971211,0.9882542952571256,0.9877208807712335,0.0469198373813811,0.0431502285216224,4.0,59.53691135557885,552.5006655458842,0.0637472774529303,0.9349680442430928,13.029585710605303,0.0192287796154244,1754024787711.7805,1754024792711.7805
0.6444615384615383,0.0005083786982248,0.2194488188976377,5.64573129146259e-05,0.6653846153846154,0.2244094488188976,0.0185548634453219,0.2946567655843314,0.0185548634453219,0.2946567655843314,0.0,0.0,10.0,4.0,0.4088271747658126,1754024791397.0,5.0,5.0,4.0,1754024791397.0,1754024796397.0,1.0,1.0,604826.94007,604831.94007,1222.0,29.93072282683838,2.813060820419129,3.5413542911232927,0.3217054712161256,10.392304845413264,1.7706771455616463,21.3467654618601,29.93072282683838,88.93212755767811,57.57742046793254,0.9927688460906028,0.9924201933136853,0.0328879852236924,0.0321124219924155,2.0,60.36535758827276,1085.2453840003566,0.0758876843549577,0.6016736279312259,10.459358311395356,0.0184052602865592,1754024792711.7805,1754024797711.7805
0.6343846153846154,0.0007830828402366,0.2199212598425196,0.0007354826709653,0.65,0.2224409448818897,0.0286317865222448,0.2941843246394495,0.0286317865222448,0.2941843246394495,0.0,0.0,10.0,4.0,0.2712174211588344,1754024791397.0,5.0,5.0,4.0,1754024791397.0,1754024796397.0,1.0,1.0,604821.94007,604826.94007,1187.0,27.9428984382631,2.462139898385044,3.284468101349729,0.2736586377423907,10.392304845413264,1.6422340506748645,18.81543351378856,27.9428984382631,91.95171293207925,51.37370890971211,0.9882542952571256,0.9877208807712335,0.0469198373813811,0.0431502285216224,4.0,59.53691135557885,552.5006655458842,0.0637472774529303,0.9349680442430928,13.029585710605303,0.0192287796154244,1754024787711.7805,1754024792711.7805
0.6343846153846154,0.0007830828402366,0.2199212598425196,0.0007354826709653,0.65,0.2224409448818897,0.0286317865222448,0.2941843246394495,0.0286317865222448,0.2941843246394495,0.0,0.0,10.0,4.0,0.2712174211588344,1754024791397.0,5.0,5.0,4.0,1754024791397.0,1754024796397.0,1.0,1.0,604826.94007,604831.94007,1222.0,29.93072282683838,2.813060820419129,3.5413542911232927,0.3217054712161256,10.392304845413264,1.7706771455616463,21.3467654618601,29.93072282683838,88.93212755767811,57.57742046793254,0.9927688460906028,0.9924201933136853,0.0328879852236924,0.0321124219924155,2.0,60.36535758827276,1085.2453840003566,0.0758876843549577,0.6016736279312259,10.459358311395356,0.0184052602865592,1754024792711.7805,1754024797711.7805
0.5612307692307692,0.0011868875739644,0.2545669291338582,0.0002959637919275,0.5846153846153846,0.2696850393700787,0.101785632676091,0.2595386553481109,0.101785632676091,0.2595386553481109,0.0,0.0,10.0,4.0,0.3348526537276281,1754024860272.5,5.4,5.0,4.0,1754024856410.0,1754024861410.0,0.0,1.0,604886.94007,604891.94007,1199.0,30.61612998540693,2.8464732959185093,3.664184314016949,0.3930199499338034,10.392304845413264,1.8320921570084745,21.65019854224905,30.61612998540693,102.73217065255828,58.37940628049821,0.9512775456854512,0.9497604570163946,0.1083306659353564,0.1007806304739662,13.0,25.72029744673974,177.0338591059886,0.1466555509321717,1.8527218928607787,18.287628416018027,0.0202654258665847,1754024852711.7805,1754024857711.7805
0.5612307692307692,0.0011868875739644,0.2545669291338582,0.0002959637919275,0.5846153846153846,0.2696850393700787,0.101785632676091,0.2595386553481109,0.101785632676091,0.2595386553481109,0.0,0.0,10.0,4.0,0.3348526537276281,1754024860272.5,5.4,5.0,4.0,1754024856410.0,1754024861410.0,0.0,1.0,604891.94007,604896.94007,1198.0,31.633933625644133,2.061395024141756,3.8229349223018607,0.2706319042095839,10.392304845413264,1.9114674611509304,21.913291409333343,31.633933625644133,78.72884731238332,54.28814420039692,0.995076118440978,0.9950802920636824,0.0336584329750263,0.0311515739964251,3.0,22.104782412617386,182.66417769877853,0.0636640482456865,1.22204451772957,14.877710243537637,0.0185982485428931,1754024857711.7805,1754024862711.7805
0.5421538461538462,7.334911242603566e-05,0.2319291338582676,0.0001017871535743,0.55,0.2381889763779527,0.120862555753014,0.2821764506237015,0.120862555753014,0.2821764506237015,0.0,0.0,10.0,4.0,0.5668780969979963,1754024863616.0,5.8,5.0,4.0,1754024861411.0,1754024866411.0,0.0,0.0,604891.94007,604896.94007,1198.0,31.633933625644133,2.061395024141756,3.8229349223018607,0.2706319042095839,10.392304845413264,1.9114674611509304,21.913291409333343,31.633933625644133,78.72884731238332,54.28814420039692,0.995076118440978,0.9950802920636824,0.0336584329750263,0.0311515739964251,3.0,22.104782412617386,182.66417769877853,0.0636640482456865,1.22204451772957,14.877710243537637,0.0185982485428931,1754024857711.7805,1754024862711.7805
0.5421538461538462,7.334911242603566e-05,0.2319291338582676,0.0001017871535743,0.55,0.2381889763779527,0.120862555753014,0.2821764506237015,0.120862555753014,0.2821764506237015,0.0,0.0,10.0,4.0,0.5668780969979963,1754024863616.0,5.8,5.0,4.0,1754024861411.0,1754024866411.0,0.0,0.0,604896.94007,604901.94007,1216.0,33.05432856256711,1.541321515207643,3.974062871146137,0.2815719328282729,10.392304845413264,1.9870314355730685,23.32130229424296,33.05432856256711,87.6475295535834,56.2442746365826,0.9968331066898772,0.99678189813072,0.023590444038402,0.0206328429940229,0.0,18.66039197347824,261.40855470562354,0.0503649666668505,0.6011529633111421,10.449408662818978,0.0178035549399815,1754024862711.7805,1754024867711.7805
0.5651538461538462,2.864497041420098e-05,0.2287401574803149,6.494512989025977e-05,0.5692307692307692,0.2303149606299212,0.097862555753014,0.2853654270016543,0.097862555753014,0.2853654270016543,0.0,0.0,10.0,4.0,0.4555570370291305,1754024869850.0,5.8,5.27,4.0,1754024866412.0,1754024871412.0,0.0,0.0,604896.94007,604901.94007,1216.0,33.05432856256711,1.541321515207643,3.974062871146137,0.2815719328282729,10.392304845413264,1.9870314355730685,23.32130229424296,33.05432856256711,87.6475295535834,56.2442746365826,0.9968331066898772,0.99678189813072,0.023590444038402,0.0206328429940229,0.0,18.66039197347824,261.40855470562354,0.0503649666668505,0.6011529633111421,10.449408662818978,0.0178035549399815,1754024862711.7805,1754024867711.7805
0.5651538461538462,2.864497041420098e-05,0.2287401574803149,6.494512989025977e-05,0.5692307692307692,0.2303149606299212,0.097862555753014,0.2853654270016543,0.097862555753014,0.2853654270016543,0.0,0.0,10.0,4.0,0.4555570370291305,1754024869850.0,5.8,5.27,4.0,1754024866412.0,1754024871412.0,0.0,0.0,604901.94007,604906.94007,1218.0,31.19418261825497,2.112154982247969,3.726137991522914,0.2723774037323958,10.392304845413264,1.863068995761457,21.232041907982875,31.19418261825497,82.08629136413761,54.59775393492627,0.9936640353677536,0.9934885280224584,0.0268179481127496,0.0246581614423499,1.0,41.70742120891027,439.3191922353687,0.0986195397579189,0.901019171858702,12.780021609455613,0.0180623973727422,1754024867711.7805,1754024872711.7805
0.5796923076923077,2.724260355029613e-05,0.2229133858267716,6.9216938433877e-05,0.5846153846153846,0.2278543307086614,0.0833240942145525,0.2911921986551975,0.0833240942145525,0.2911921986551975,0.0,0.0,10.0,4.0,8.85239905812086e-06,1754024871793.0,5.8,5.53,4.0,1754024871413.0,1754024876413.0,0.0,0.0,604901.94007,604906.94007,1218.0,31.19418261825497,2.112154982247969,3.726137991522914,0.2723774037323958,10.392304845413264,1.863068995761457,21.232041907982875,31.19418261825497,82.08629136413761,54.59775393492627,0.9936640353677536,0.9934885280224584,0.0268179481127496,0.0246581614423499,1.0,41.70742120891027,439.3191922353687,0.0986195397579189,0.901019171858702,12.780021609455613,0.0180623973727422,1754024867711.7805,1754024872711.7805
0.5796923076923077,2.724260355029613e-05,0.2229133858267716,6.9216938433877e-05,0.5846153846153846,0.2278543307086614,0.0833240942145525,0.2911921986551975,0.0833240942145525,0.2911921986551975,0.0,0.0,10.0,4.0,8.85239905812086e-06,1754024871793.0,5.8,5.53,4.0,1754024871413.0,1754024876413.0,0.0,0.0,604906.94007,604911.94007,1148.0,31.07528250798956,2.57313747107075,3.7257951488012817,0.3582545360478265,10.392304845413264,1.8628975744006409,21.34496680071074,31.07528250798956,87.45640884836573,53.38431009516998,0.9879414295003508,0.9877995802734671,0.0532517161634371,0.0503105726904256,3.0,41.40946850164851,316.6887923566538,0.0818472117664391,1.610939056209214,17.06095921794595,0.0202946390366159,1754024872711.7805,1754024877711.7805
0.5838461538461539,2.011834319526633e-05,0.2221259842519684,6.314092628185254e-05,0.5884615384615385,0.2283464566929134,0.0791702480607063,0.2919796002300007,0.0791702480607063,0.2919796002300007,0.0,0.0,10.0,4.0,0.0450245554151983,1754024871793.0,5.8,5.53,4.0,1754024871413.0,1754024876413.0,0.0,0.0,604901.94007,604906.94007,1218.0,31.19418261825497,2.112154982247969,3.726137991522914,0.2723774037323958,10.392304845413264,1.863068995761457,21.232041907982875,31.19418261825497,82.08629136413761,54.59775393492627,0.9936640353677536,0.9934885280224584,0.0268179481127496,0.0246581614423499,1.0,41.70742120891027,439.3191922353687,0.0986195397579189,0.901019171858702,12.780021609455613,0.0180623973727422,1754024867711.7805,1754024872711.7805
0.5838461538461539,2.011834319526633e-05,0.2221259842519684,6.314092628185254e-05,0.5884615384615385,0.2283464566929134,0.0791702480607063,0.2919796002300007,0.0791702480607063,0.2919796002300007,0.0,0.0,10.0,4.0,0.0450245554151983,1754024871793.0,5.8,5.53,4.0,1754024871413.0,1754024876413.0,0.0,0.0,604906.94007,604911.94007,1148.0,31.07528250798956,2.57313747107075,3.7257951488012817,0.3582545360478265,10.392304845413264,1.8628975744006409,21.34496680071074,31.07528250798956,87.45640884836573,53.38431009516998,0.9879414295003508,0.9877995802734671,0.0532517161634371,0.0503105726904256,3.0,41.40946850164851,316.6887923566538,0.0818472117664391,1.610939056209214,17.06095921794595,0.0202946390366159,1754024872711.7805,1754024877711.7805
0.5872307692307692,1.2094674556212931e-05,0.2189763779527558,3.728687457374919e-05,0.5884615384615385,0.2224409448818897,0.075785632676091,0.2951292065292134,0.075785632676091,0.2951292065292134,0.0,0.0,10.0,4.0,0.0439884511156682,1754024885664.0,6.07,5.53,4.0,1754024881415.0,1754024886415.0,0.0,0.0,604911.94007,604916.94007,1238.0,30.005609794339787,2.524978673589325,3.585923005707776,0.3406465604461516,10.392304845413264,1.792961502853888,20.18016824903853,30.005609794339787,81.83684211386488,51.87243554788799,0.9982868115161212,0.9982868115161212,0.0203458726141774,0.0146065096660328,0.0,6.692149066894718,18.096285504702905,0.068137376211581,0.0002625163239679,0.0044904516894438,0.0175438596491228,1754024877711.7805,1754024882711.7805
0.5872307692307692,1.2094674556212931e-05,0.2189763779527558,3.728687457374919e-05,0.5884615384615385,0.2224409448818897,0.075785632676091,0.2951292065292134,0.075785632676091,0.2951292065292134,0.0,0.0,10.0,4.0,0.0439884511156682,1754024885664.0,6.07,5.53,4.0,1754024881415.0,1754024886415.0,0.0,0.0,604916.94007,604921.94007,1215.0,29.10000481939007,1.8520514677085864,3.474261346862203,0.250808083636775,10.392304845413264,1.7371306734311014,19.04196073293805,29.10000481939007,75.42046560493534,49.87718284363733,0.9957874958730828,0.9954719322237192,0.0302884879155263,0.0298927495145222,3.0,15.766081384328022,134.37095958600395,0.0911690630311266,0.3017163039919251,7.406233425985618,0.0184968594325319,1754024882711.7805,1754024887711.7805
0.5896923076923077,2.097041420118328e-05,0.2179921259842519,5.995566991133988e-05,0.5923076923076923,0.2239173228346456,0.0733240942145525,0.2961134584977172,0.0733240942145525,0.2961134584977172,0.0,0.0,10.0,4.0,0.3292096292172437,1754024885664.0,6.07,5.53,4.0,1754024881415.0,1754024886415.0,0.0,0.0,604911.94007,604916.94007,1238.0,30.005609794339787,2.524978673589325,3.585923005707776,0.3406465604461516,10.392304845413264,1.792961502853888,20.18016824903853,30.005609794339787,81.83684211386488,51.87243554788799,0.9982868115161212,0.9982868115161212,0.0203458726141774,0.0146065096660328,0.0,6.692149066894718,18.096285504702905,0.068137376211581,0.0002625163239679,0.0044904516894438,0.0175438596491228,1754024877711.7805,1754024882711.7805
0.5896923076923077,2.097041420118328e-05,0.2179921259842519,5.995566991133988e-05,0.5923076923076923,0.2239173228346456,0.0733240942145525,0.2961134584977172,0.0733240942145525,0.2961134584977172,0.0,0.0,10.0,4.0,0.3292096292172437,1754024885664.0,6.07,5.53,4.0,1754024881415.0,1754024886415.0,0.0,0.0,604916.94007,604921.94007,1215.0,29.10000481939007,1.8520514677085864,3.474261346862203,0.250808083636775,10.392304845413264,1.7371306734311014,19.04196073293805,29.10000481939007,75.42046560493534,49.87718284363733,0.9957874958730828,0.9954719322237192,0.0302884879155263,0.0298927495145222,3.0,15.766081384328022,134.37095958600395,0.0911690630311266,0.3017163039919251,7.406233425985618,0.0184968594325319,1754024882711.7805,1754024887711.7805
0.593923076923077,1.4254437869822384e-05,0.2062992125984251,5.270010540021086e-05,0.5961538461538461,0.2086614173228346,0.0690933249837832,0.307806371883544,0.0690933249837832,0.307806371883544,0.0,0.0,10.0,4.0,0.3174641025938176,1754024885664.0,6.07,5.53,4.0,1754024881415.0,1754024886415.0,0.0,0.0,604911.94007,604916.94007,1238.0,30.005609794339787,2.524978673589325,3.585923005707776,0.3406465604461516,10.392304845413264,1.792961502853888,20.18016824903853,30.005609794339787,81.83684211386488,51.87243554788799,0.9982868115161212,0.9982868115161212,0.0203458726141774,0.0146065096660328,0.0,6.692149066894718,18.096285504702905,0.068137376211581,0.0002625163239679,0.0044904516894438,0.0175438596491228,1754024877711.7805,1754024882711.7805
0.593923076923077,1.4254437869822384e-05,0.2062992125984251,5.270010540021086e-05,0.5961538461538461,0.2086614173228346,0.0690933249837832,0.307806371883544,0.0690933249837832,0.307806371883544,0.0,0.0,10.0,4.0,0.3174641025938176,1754024885664.0,6.07,5.53,4.0,1754024881415.0,1754024886415.0,0.0,0.0,604916.94007,604921.94007,1215.0,29.10000481939007,1.8520514677085864,3.474261346862203,0.250808083636775,10.392304845413264,1.7371306734311014,19.04196073293805,29.10000481939007,75.42046560493534,49.87718284363733,0.9957874958730828,0.9954719322237192,0.0302884879155263,0.0298927495145222,3.0,15.766081384328022,134.37095958600395,0.0911690630311266,0.3017163039919251,7.406233425985618,0.0184968594325319,1754024882711.7805,1754024887711.7805
0.6030769230769231,6.213017751479285e-05,0.209763779527559,0.00011581003162,0.6076923076923076,0.2160433070866141,0.0599394788299372,0.3043418049544101,0.0599394788299372,0.3043418049544101,0.0,0.0,10.0,4.0,0.1291973782768579,1754024885664.0,6.07,5.53,4.0,1754024881415.0,1754024886415.0,0.0,0.0,604911.94007,604916.94007,1238.0,30.005609794339787,2.524978673589325,3.585923005707776,0.3406465604461516,10.392304845413264,1.792961502853888,20.18016824903853,30.005609794339787,81.83684211386488,51.87243554788799,0.9982868115161212,0.9982868115161212,0.0203458726141774,0.0146065096660328,0.0,6.692149066894718,18.096285504702905,0.068137376211581,0.0002625163239679,0.0044904516894438,0.0175438596491228,1754024877711.7805,1754024882711.7805
0.6030769230769231,6.213017751479285e-05,0.209763779527559,0.00011581003162,0.6076923076923076,0.2160433070866141,0.0599394788299372,0.3043418049544101,0.0599394788299372,0.3043418049544101,0.0,0.0,10.0,4.0,0.1291973782768579,1754024885664.0,6.07,5.53,4.0,1754024881415.0,1754024886415.0,0.0,0.0,604916.94007,604921.94007,1215.0,29.10000481939007,1.8520514677085864,3.474261346862203,0.250808083636775,10.392304845413264,1.7371306734311014,19.04196073293805,29.10000481939007,75.42046560493534,49.87718284363733,0.9957874958730828,0.9954719322237192,0.0302884879155263,0.0298927495145222,3.0,15.766081384328022,134.37095958600395,0.0911690630311266,0.3017163039919251,7.406233425985618,0.0184968594325319,1754024882711.7805,1754024887711.7805
0.6033076923076923,1.4798816568047374e-05,0.2112992125984251,9.278473556947114e-05,0.6038461538461538,0.2165354330708661,0.0597087095991679,0.302806371883544,0.0597087095991679,0.302806371883544,0.0,0.0,10.0,4.0,0.2496921849611337,1754024885664.0,6.07,5.53,4.0,1754024881415.0,1754024886415.0,0.0,0.0,604911.94007,604916.94007,1238.0,30.005609794339787,2.524978673589325,3.585923005707776,0.3406465604461516,10.392304845413264,1.792961502853888,20.18016824903853,30.005609794339787,81.83684211386488,51.87243554788799,0.9982868115161212,0.9982868115161212,0.0203458726141774,0.0146065096660328,0.0,6.692149066894718,18.096285504702905,0.068137376211581,0.0002625163239679,0.0044904516894438,0.0175438596491228,1754024877711.7805,1754024882711.7805
0.6033076923076923,1.4798816568047374e-05,0.2112992125984251,9.278473556947114e-05,0.6038461538461538,0.2165354330708661,0.0597087095991679,0.302806371883544,0.0597087095991679,0.302806371883544,0.0,0.0,10.0,4.0,0.2496921849611337,1754024885664.0,6.07,5.53,4.0,1754024881415.0,1754024886415.0,0.0,0.0,604916.94007,604921.94007,1215.0,29.10000481939007,1.8520514677085864,3.474261346862203,0.250808083636775,10.392304845413264,1.7371306734311014,19.04196073293805,29.10000481939007,75.42046560493534,49.87718284363733,0.9957874958730828,0.9954719322237192,0.0302884879155263,0.0298927495145222,3.0,15.766081384328022,134.37095958600395,0.0911690630311266,0.3017163039919251,7.406233425985618,0.0184968594325319,1754024882711.7805,1754024887711.7805
0.6115384615384616,2.485207100591743e-05,0.2042913385826771,5.910006820013653e-05,0.6153846153846154,0.2086614173228346,0.0514779403683987,0.3098142458992921,0.0514779403683987,0.3098142458992921,0.0,0.0,10.0,4.0,0.1961158234335001,1754024885664.0,6.07,5.53,4.0,1754024881415.0,1754024886415.0,0.0,0.0,604911.94007,604916.94007,1238.0,30.005609794339787,2.524978673589325,3.585923005707776,0.3406465604461516,10.392304845413264,1.792961502853888,20.18016824903853,30.005609794339787,81.83684211386488,51.87243554788799,0.9982868115161212,0.9982868115161212,0.0203458726141774,0.0146065096660328,0.0,6.692149066894718,18.096285504702905,0.068137376211581,0.0002625163239679,0.0044904516894438,0.0175438596491228,1754024877711.7805,1754024882711.7805
0.6115384615384616,2.485207100591743e-05,0.2042913385826771,5.910006820013653e-05,0.6153846153846154,0.2086614173228346,0.0514779403683987,0.3098142458992921,0.0514779403683987,0.3098142458992921,0.0,0.0,10.0,4.0,0.1961158234335001,1754024885664.0,6.07,5.53,4.0,1754024881415.0,1754024886415.0,0.0,0.0,604916.94007,604921.94007,1215.0,29.10000481939007,1.8520514677085864,3.474261346862203,0.250808083636775,10.392304845413264,1.7371306734311014,19.04196073293805,29.10000481939007,75.42046560493534,49.87718284363733,0.9957874958730828,0.9954719322237192,0.0302884879155263,0.0298927495145222,3.0,15.766081384328022,134.37095958600395,0.0911690630311266,0.3017163039919251,7.406233425985618,0.0184968594325319,1754024882711.7805,1754024887711.7805
0.6162307692307692,1.2005917159763266e-05,0.1955511811023621,3.698462396924791e-05,0.6192307692307693,0.1988188976377952,0.046785632676091,0.318554403379607,0.046785632676091,0.318554403379607,0.0,0.0,10.0,4.0,0.1957755969469141,1754024885664.0,6.07,5.53,4.0,1754024881415.0,1754024886415.0,0.0,0.0,604911.94007,604916.94007,1238.0,30.005609794339787,2.524978673589325,3.585923005707776,0.3406465604461516,10.392304845413264,1.792961502853888,20.18016824903853,30.005609794339787,81.83684211386488,51.87243554788799,0.9982868115161212,0.9982868115161212,0.0203458726141774,0.0146065096660328,0.0,6.692149066894718,18.096285504702905,0.068137376211581,0.0002625163239679,0.0044904516894438,0.0175438596491228,1754024877711.7805,1754024882711.7805
0.6162307692307692,1.2005917159763266e-05,0.1955511811023621,3.698462396924791e-05,0.6192307692307693,0.1988188976377952,0.046785632676091,0.318554403379607,0.046785632676091,0.318554403379607,0.0,0.0,10.0,4.0,0.1957755969469141,1754024885664.0,6.07,5.53,4.0,1754024881415.0,1754024886415.0,0.0,0.0,604916.94007,604921.94007,1215.0,29.10000481939007,1.8520514677085864,3.474261346862203,0.250808083636775,10.392304845413264,1.7371306734311014,19.04196073293805,29.10000481939007,75.42046560493534,49.87718284363733,0.9957874958730828,0.9954719322237192,0.0302884879155263,0.0298927495145222,3.0,15.766081384328022,134.37095958600395,0.0911690630311266,0.3017163039919251,7.406233425985618,0.0184968594325319,1754024882711.7805,1754024887711.7805
0.6236153846153847,1.124852071005909e-05,0.1977952755905511,9.226238452476898e-05,0.6269230769230769,0.202755905511811,0.0394010172914756,0.316310308891418,0.0394010172914756,0.316310308891418,0.0,0.0,10.0,4.0,0.1429600171669961,1754024885664.0,6.07,5.53,4.0,1754024881415.0,1754024886415.0,0.0,0.0,604911.94007,604916.94007,1238.0,30.005609794339787,2.524978673589325,3.585923005707776,0.3406465604461516,10.392304845413264,1.792961502853888,20.18016824903853,30.005609794339787,81.83684211386488,51.87243554788799,0.9982868115161212,0.9982868115161212,0.0203458726141774,0.0146065096660328,0.0,6.692149066894718,18.096285504702905,0.068137376211581,0.0002625163239679,0.0044904516894438,0.0175438596491228,1754024877711.7805,1754024882711.7805
0.6236153846153847,1.124852071005909e-05,0.1977952755905511,9.226238452476898e-05,0.6269230769230769,0.202755905511811,0.0394010172914756,0.316310308891418,0.0394010172914756,0.316310308891418,0.0,0.0,10.0,4.0,0.1429600171669961,1754024885664.0,6.07,5.53,4.0,1754024881415.0,1754024886415.0,0.0,0.0,604916.94007,604921.94007,1215.0,29.10000481939007,1.8520514677085864,3.474261346862203,0.250808083636775,10.392304845413264,1.7371306734311014,19.04196073293805,29.10000481939007,75.42046560493534,49.87718284363733,0.9957874958730828,0.9954719322237192,0.0302884879155263,0.0298927495145222,3.0,15.766081384328022,134.37095958600395,0.0911690630311266,0.3017163039919251,7.406233425985618,0.0184968594325319,1754024882711.7805,1754024887711.7805
0.6232307692307691,3.370414201183408e-05,0.1912992125984251,4.474703949407889e-05,0.6230769230769231,0.1929133858267716,0.0397856326760911,0.322806371883544,0.0397856326760911,0.322806371883544,0.0,0.0,10.0,4.0,0.4435720715054472,1754024885664.0,6.07,5.53,4.0,1754024881415.0,1754024886415.0,0.0,0.0,604911.94007,604916.94007,1238.0,30.005609794339787,2.524978673589325,3.585923005707776,0.3406465604461516,10.392304845413264,1.792961502853888,20.18016824903853,30.005609794339787,81.83684211386488,51.87243554788799,0.9982868115161212,0.9982868115161212,0.0203458726141774,0.0146065096660328,0.0,6.692149066894718,18.096285504702905,0.068137376211581,0.0002625163239679,0.0044904516894438,0.0175438596491228,1754024877711.7805,1754024882711.7805
0.6232307692307691,3.370414201183408e-05,0.1912992125984251,4.474703949407889e-05,0.6230769230769231,0.1929133858267716,0.0397856326760911,0.322806371883544,0.0397856326760911,0.322806371883544,0.0,0.0,10.0,4.0,0.4435720715054472,1754024885664.0,6.07,5.53,4.0,1754024881415.0,1754024886415.0,0.0,0.0,604916.94007,604921.94007,1215.0,29.10000481939007,1.8520514677085864,3.474261346862203,0.250808083636775,10.392304845413264,1.7371306734311014,19.04196073293805,29.10000481939007,75.42046560493534,49.87718284363733,0.9957874958730828,0.9954719322237192,0.0302884879155263,0.0298927495145222,3.0,15.766081384328022,134.37095958600395,0.0911690630311266,0.3017163039919251,7.406233425985618,0.0184968594325319,1754024882711.7805,1754024887711.7805
0.6393846153846154,4.53017751479293e-05,0.1922440944881889,3.264461528923052e-05,0.6451923076923077,0.1948818897637795,0.0236317865222448,0.3218614899937803,0.0236317865222448,0.3218614899937803,0.0,0.0,10.0,4.0,0.2156699469135265,1754024885664.0,6.07,5.53,4.0,1754024881415.0,1754024886415.0,0.0,0.0,604911.94007,604916.94007,1238.0,30.005609794339787,2.524978673589325,3.585923005707776,0.3406465604461516,10.392304845413264,1.792961502853888,20.18016824903853,30.005609794339787,81.83684211386488,51.87243554788799,0.9982868115161212,0.9982868115161212,0.0203458726141774,0.0146065096660328,0.0,6.692149066894718,18.096285504702905,0.068137376211581,0.0002625163239679,0.0044904516894438,0.0175438596491228,1754024877711.7805,1754024882711.7805
0.6393846153846154,4.53017751479293e-05,0.1922440944881889,3.264461528923052e-05,0.6451923076923077,0.1948818897637795,0.0236317865222448,0.3218614899937803,0.0236317865222448,0.3218614899937803,0.0,0.0,10.0,4.0,0.2156699469135265,1754024885664.0,6.07,5.53,4.0,1754024881415.0,1754024886415.0,0.0,0.0,604916.94007,604921.94007,1215.0,29.10000481939007,1.8520514677085864,3.474261346862203,0.250808083636775,10.392304845413264,1.7371306734311014,19.04196073293805,29.10000481939007,75.42046560493534,49.87718284363733,0.9957874958730828,0.9954719322237192,0.0302884879155263,0.0298927495145222,3.0,15.766081384328022,134.37095958600395,0.0911690630311266,0.3017163039919251,7.406233425985618,0.0184968594325319,1754024882711.7805,1754024887711.7805
0.6453076923076922,0.000132124260355,0.2016535433070865,0.00010635501271,0.6461538461538462,0.2086614173228346,0.017708709599168,0.3124520411748826,0.017708709599168,0.3124520411748826,0.0,0.0,10.0,4.0,0.5230285443377406,1754024885664.0,6.07,5.53,4.0,1754024881415.0,1754024886415.0,0.0,0.0,604911.94007,604916.94007,1238.0,30.005609794339787,2.524978673589325,3.585923005707776,0.3406465604461516,10.392304845413264,1.792961502853888,20.18016824903853,30.005609794339787,81.83684211386488,51.87243554788799,0.9982868115161212,0.9982868115161212,0.0203458726141774,0.0146065096660328,0.0,6.692149066894718,18.096285504702905,0.068137376211581,0.0002625163239679,0.0044904516894438,0.0175438596491228,1754024877711.7805,1754024882711.7805
0.6453076923076922,0.000132124260355,0.2016535433070865,0.00010635501271,0.6461538461538462,0.2086614173228346,0.017708709599168,0.3124520411748826,0.017708709599168,0.3124520411748826,0.0,0.0,10.0,4.0,0.5230285443377406,1754024885664.0,6.07,5.53,4.0,1754024881415.0,1754024886415.0,0.0,0.0,604916.94007,604921.94007,1215.0,29.10000481939007,1.8520514677085864,3.474261346862203,0.250808083636775,10.392304845413264,1.7371306734311014,19.04196073293805,29.10000481939007,75.42046560493534,49.87718284363733,0.9957874958730828,0.9954719322237192,0.0302884879155263,0.0298927495145222,3.0,15.766081384328022,134.37095958600395,0.0911690630311266,0.3017163039919251,7.406233425985618,0.0184968594325319,1754024882711.7805,1754024887711.7805
0.6680769230769232,5.044378698224882e-05,0.1877952755905511,6.448012896025795e-05,0.6730769230769231,0.1929133858267716,0.0050605211700629,0.3263103088914181,0.0050605211700629,0.3263103088914181,0.0,0.0,10.0,4.0,0.070562638618184,1754024885664.0,6.07,5.53,4.0,1754024881415.0,1754024886415.0,0.0,0.0,604911.94007,604916.94007,1238.0,30.005609794339787,2.524978673589325,3.585923005707776,0.3406465604461516,10.392304845413264,1.792961502853888,20.18016824903853,30.005609794339787,81.83684211386488,51.87243554788799,0.9982868115161212,0.9982868115161212,0.0203458726141774,0.0146065096660328,0.0,6.692149066894718,18.096285504702905,0.068137376211581,0.0002625163239679,0.0044904516894438,0.0175438596491228,1754024877711.7805,1754024882711.7805
0.6680769230769232,5.044378698224882e-05,0.1877952755905511,6.448012896025795e-05,0.6730769230769231,0.1929133858267716,0.0050605211700629,0.3263103088914181,0.0050605211700629,0.3263103088914181,0.0,0.0,10.0,4.0,0.070562638618184,1754024885664.0,6.07,5.53,4.0,1754024881415.0,1754024886415.0,0.0,0.0,604916.94007,604921.94007,1215.0,29.10000481939007,1.8520514677085864,3.474261346862203,0.250808083636775,10.392304845413264,1.7371306734311014,19.04196073293805,29.10000481939007,75.42046560493534,49.87718284363733,0.9957874958730828,0.9954719322237192,0.0302884879155263,0.0298927495145222,3.0,15.766081384328022,134.37095958600395,0.0911690630311266,0.3017163039919251,7.406233425985618,0.0184968594325319,1754024882711.7805,1754024887711.7805
0.6697692307692309,3.136686390532571e-05,0.1835826771653542,5.189565379130762e-05,0.6730769230769231,0.1850393700787401,0.0067528288623706,0.3305229073166149,0.0067528288623706,0.3305229073166149,0.0,0.0,10.0,4.0,0.1455178432003773,1754024885664.0,6.07,5.53,4.0,1754024881415.0,1754024886415.0,0.0,0.0,604911.94007,604916.94007,1238.0,30.005609794339787,2.524978673589325,3.585923005707776,0.3406465604461516,10.392304845413264,1.792961502853888,20.18016824903853,30.005609794339787,81.83684211386488,51.87243554788799,0.9982868115161212,0.9982868115161212,0.0203458726141774,0.0146065096660328,0.0,6.692149066894718,18.096285504702905,0.068137376211581,0.0002625163239679,0.0044904516894438,0.0175438596491228,1754024877711.7805,1754024882711.7805
0.6697692307692309,3.136686390532571e-05,0.1835826771653542,5.189565379130762e-05,0.6730769230769231,0.1850393700787401,0.0067528288623706,0.3305229073166149,0.0067528288623706,0.3305229073166149,0.0,0.0,10.0,4.0,0.1455178432003773,1754024885664.0,6.07,5.53,4.0,1754024881415.0,1754024886415.0,0.0,0.0,604916.94007,604921.94007,1215.0,29.10000481939007,1.8520514677085864,3.474261346862203,0.250808083636775,10.392304845413264,1.7371306734311014,19.04196073293805,29.10000481939007,75.42046560493534,49.87718284363733,0.9957874958730828,0.9954719322237192,0.0302884879155263,0.0298927495145222,3.0,15.766081384328022,134.37095958600395,0.0911690630311266,0.3017163039919251,7.406233425985618,0.0184968594325319,1754024882711.7805,1754024887711.7805
0.666846153846154,2.064497041420136e-05,0.1882283464566928,4.07480314960629e-05,0.6692307692307692,0.1909448818897637,0.0038297519392936,0.3258772380252763,0.0038297519392936,0.3258772380252763,0.0,0.0,10.0,4.0,,1754024885664.0,6.07,5.53,4.0,1754024881415.0,1754024886415.0,0.0,0.0,604911.94007,604916.94007,1238.0,30.005609794339787,2.524978673589325,3.585923005707776,0.3406465604461516,10.392304845413264,1.792961502853888,20.18016824903853,30.005609794339787,81.83684211386488,51.87243554788799,0.9982868115161212,0.9982868115161212,0.0203458726141774,0.0146065096660328,0.0,6.692149066894718,18.096285504702905,0.068137376211581,0.0002625163239679,0.0044904516894438,0.0175438596491228,1754024877711.7805,1754024882711.7805
0.666846153846154,2.064497041420136e-05,0.1882283464566928,4.07480314960629e-05,0.6692307692307692,0.1909448818897637,0.0038297519392936,0.3258772380252763,0.0038297519392936,0.3258772380252763,0.0,0.0,10.0,4.0,,1754024885664.0,6.07,5.53,4.0,1754024881415.0,1754024886415.0,0.0,0.0,604916.94007,604921.94007,1215.0,29.10000481939007,1.8520514677085864,3.474261346862203,0.250808083636775,10.392304845413264,1.7371306734311014,19.04196073293805,29.10000481939007,75.42046560493534,49.87718284363733,0.9957874958730828,0.9954719322237192,0.0302884879155263,0.0298927495145222,3.0,15.766081384328022,134.37095958600395,0.0911690630311266,0.3017163039919251,7.406233425985618,0.0184968594325319,1754024882711.7805,1754024887711.7805
0.4729230769230768,0.0003834082840236,0.1146062992125983,7.258509517019017e-05,0.4846153846153846,0.1161417322834645,0.1900933249837835,0.3994992852693708,0.1900933249837835,0.3994992852693708,1.0,0.0,10.0,5.0,0.414829886401411,1754026757253.0,5.0,5.0,5.0,1754026757253.0,1754026762253.0,1.0,1.0,606786.94007,606791.94007,1192.0,27.038446527971864,2.5245976802217016,2.935334478206185,0.2977151914275792,10.392304845413264,1.4676672391030927,17.437567847219043,27.038446527971864,83.7177245953129,50.33285107131291,0.9896842527146112,0.989850751722322,0.046297901920444,0.0385109424869283,4.0,59.07840876785828,678.3658830312224,0.1460845821390945,0.9219941432953362,12.90444886711261,0.0186918638879076,1754026752711.7805,1754026757711.7805
0.4729230769230768,0.0003834082840236,0.1146062992125983,7.258509517019017e-05,0.4846153846153846,0.1161417322834645,0.1900933249837835,0.3994992852693708,0.1900933249837835,0.3994992852693708,1.0,0.0,10.0,5.0,0.414829886401411,1754026757253.0,5.0,5.0,5.0,1754026757253.0,1754026762253.0,1.0,1.0,606791.94007,606796.94007,1221.0,32.37483411736774,2.2485801524180125,3.5818030585260674,0.3390178605674885,10.392304845413264,1.7909015292630337,22.917055101563804,32.37483411736774,80.55720303000541,55.922664819913656,0.991758409211566,0.991863300108211,0.0359982314903291,0.0309940048082081,3.0,76.84752559134033,1185.4903493601755,0.0795269241113924,0.3002602485110513,7.367914078900238,0.0181473339368076,1754026757711.7805,1754026762711.7805
0.4196153846153845,5.399408284023679e-05,0.1163385826771653,6.57588815177629e-05,0.4230769230769231,0.1200787401574803,0.2434010172914757,0.3977670018048038,0.2434010172914757,0.3977670018048038,1.0,0.0,10.0,5.0,0.5404205448570678,1754026766059.889,5.415555555555556,4.08,5.0,1754026762254.0,1754026767254.0,0.0,1.0,606791.94007,606796.94007,1221.0,32.37483411736774,2.2485801524180125,3.5818030585260674,0.3390178605674885,10.392304845413264,1.7909015292630337,22.917055101563804,32.37483411736774,80.55720303000541,55.922664819913656,0.991758409211566,0.991863300108211,0.0359982314903291,0.0309940048082081,3.0,76.84752559134033,1185.4903493601755,0.0795269241113924,0.3002602485110513,7.367914078900238,0.0181473339368076,1754026757711.7805,1754026762711.7805
0.4196153846153845,5.399408284023679e-05,0.1163385826771653,6.57588815177629e-05,0.4230769230769231,0.1200787401574803,0.2434010172914757,0.3977670018048038,0.2434010172914757,0.3977670018048038,1.0,0.0,10.0,5.0,0.5404205448570678,1754026766059.889,5.415555555555556,4.08,5.0,1754026762254.0,1754026767254.0,0.0,1.0,606796.94007,606801.94007,1215.0,30.25791066582645,1.7668367938551617,3.360971772908053,0.2399674076573333,10.392304845413264,1.6804858864540264,19.430205164188905,30.25791066582645,74.59946591749691,48.66245304163172,0.9950817541411172,0.9950798983044064,0.0361022978619881,0.0318270133447718,2.0,78.87537521228653,1335.0693063277663,0.0681262058480803,0.6013326440640979,10.435548225981742,0.0181503140567468,1754026762711.7805,1754026767711.7805
0.4632307692307693,0.0005267218934911,0.1133464566929133,6.29440758881517e-05,0.4913461538461538,0.1161417322834645,0.199785632676091,0.4007591277890558,0.199785632676091,0.4007591277890558,1.0,0.0,10.0,5.0,0.1289043981015835,1754026768391.8572,6.981428571428572,3.515714285714285,5.0,1754026767255.0,1754026772255.0,0.0,0.0,606796.94007,606801.94007,1215.0,30.25791066582645,1.7668367938551617,3.360971772908053,0.2399674076573333,10.392304845413264,1.6804858864540264,19.430205164188905,30.25791066582645,74.59946591749691,48.66245304163172,0.9950817541411172,0.9950798983044064,0.0361022978619881,0.0318270133447718,2.0,78.87537521228653,1335.0693063277663,0.0681262058480803,0.6013326440640979,10.435548225981742,0.0181503140567468,1754026762711.7805,1754026767711.7805
0.4632307692307693,0.0005267218934911,0.1133464566929133,6.29440758881517e-05,0.4913461538461538,0.1161417322834645,0.199785632676091,0.4007591277890558,0.199785632676091,0.4007591277890558,1.0,0.0,10.0,5.0,0.1289043981015835,1754026768391.8572,6.981428571428572,3.515714285714285,5.0,1754026767255.0,1754026772255.0,0.0,0.0,606801.94007,606806.94007,1216.0,30.28013154671502,2.4161876362075465,3.4069410014517745,0.3287168981667905,10.392304845413264,1.7034705007258872,19.758755101573588,30.28013154671502,85.48073368539771,49.86852721940216,0.9960261780092912,0.996006982169636,0.0275445175748223,0.0244515964427505,1.0,436.2441606575592,8954.371479162852,0.0917313907002175,0.8987890986696575,12.753070975085892,0.0179766851338873,1754026767711.7805,1754026772711.7805
0.4455384615384615,0.0005457751479289,0.1138976377952755,4.495163990327977e-05,0.4673076923076922,0.1161417322834645,0.2174779403683988,0.4002079466866937,0.2174779403683988,0.4002079466866937,1.0,0.0,10.0,5.0,0.0266614061263281,1754026768391.8572,6.981428571428572,3.515714285714285,5.0,1754026767255.0,1754026772255.0,0.0,0.0,606796.94007,606801.94007,1215.0,30.25791066582645,1.7668367938551617,3.360971772908053,0.2399674076573333,10.392304845413264,1.6804858864540264,19.430205164188905,30.25791066582645,74.59946591749691,48.66245304163172,0.9950817541411172,0.9950798983044064,0.0361022978619881,0.0318270133447718,2.0,78.87537521228653,1335.0693063277663,0.0681262058480803,0.6013326440640979,10.435548225981742,0.0181503140567468,1754026762711.7805,1754026767711.7805
0.4455384615384615,0.0005457751479289,0.1138976377952755,4.495163990327977e-05,0.4673076923076922,0.1161417322834645,0.2174779403683988,0.4002079466866937,0.2174779403683988,0.4002079466866937,1.0,0.0,10.0,5.0,0.0266614061263281,1754026768391.8572,6.981428571428572,3.515714285714285,5.0,1754026767255.0,1754026772255.0,0.0,0.0,606801.94007,606806.94007,1216.0,30.28013154671502,2.4161876362075465,3.4069410014517745,0.3287168981667905,10.392304845413264,1.7034705007258872,19.758755101573588,30.28013154671502,85.48073368539771,49.86852721940216,0.9960261780092912,0.996006982169636,0.0275445175748223,0.0244515964427505,1.0,436.2441606575592,8954.371479162852,0.0917313907002175,0.8987890986696575,12.753070975085892,0.0179766851338873,1754026767711.7805,1754026772711.7805
0.4279230769230768,7.207692307692301e-05,0.1125590551181102,7.109709219418432e-05,0.4346153846153846,0.1141732283464567,0.2350933249837834,0.401546529363859,0.2350933249837834,0.401546529363859,1.0,0.0,10.0,5.0,0.4217766015685992,1754026768391.8572,6.981428571428572,3.515714285714285,5.0,1754026767255.0,1754026772255.0,0.0,0.0,606796.94007,606801.94007,1215.0,30.25791066582645,1.7668367938551617,3.360971772908053,0.2399674076573333,10.392304845413264,1.6804858864540264,19.430205164188905,30.25791066582645,74.59946591749691,48.66245304163172,0.9950817541411172,0.9950798983044064,0.0361022978619881,0.0318270133447718,2.0,78.87537521228653,1335.0693063277663,0.0681262058480803,0.6013326440640979,10.435548225981742,0.0181503140567468,1754026762711.7805,1754026767711.7805
0.4279230769230768,7.207692307692301e-05,0.1125590551181102,7.109709219418432e-05,0.4346153846153846,0.1141732283464567,0.2350933249837834,0.401546529363859,0.2350933249837834,0.401546529363859,1.0,0.0,10.0,5.0,0.4217766015685992,1754026768391.8572,6.981428571428572,3.515714285714285,5.0,1754026767255.0,1754026772255.0,0.0,0.0,606801.94007,606806.94007,1216.0,30.28013154671502,2.4161876362075465,3.4069410014517745,0.3287168981667905,10.392304845413264,1.7034705007258872,19.758755101573588,30.28013154671502,85.48073368539771,49.86852721940216,0.9960261780092912,0.996006982169636,0.0275445175748223,0.0244515964427505,1.0,436.2441606575592,8954.371479162852,0.0917313907002175,0.8987890986696575,12.753070975085892,0.0179766851338873,1754026767711.7805,1754026772711.7805
0.4435384615384615,1.6236686390532718e-05,0.1126771653543306,0.000110757021514,0.4461538461538462,0.1156496062992125,0.2194779403683988,0.4014284191276385,0.2194779403683988,0.4014284191276385,1.0,0.0,10.0,5.0,0.2001702629282616,1754026768391.8572,6.981428571428572,3.515714285714285,5.0,1754026767255.0,1754026772255.0,0.0,0.0,606796.94007,606801.94007,1215.0,30.25791066582645,1.7668367938551617,3.360971772908053,0.2399674076573333,10.392304845413264,1.6804858864540264,19.430205164188905,30.25791066582645,74.59946591749691,48.66245304163172,0.9950817541411172,0.9950798983044064,0.0361022978619881,0.0318270133447718,2.0,78.87537521228653,1335.0693063277663,0.0681262058480803,0.6013326440640979,10.435548225981742,0.0181503140567468,1754026762711.7805,1754026767711.7805
0.4435384615384615,1.6236686390532718e-05,0.1126771653543306,0.000110757021514,0.4461538461538462,0.1156496062992125,0.2194779403683988,0.4014284191276385,0.2194779403683988,0.4014284191276385,1.0,0.0,10.0,5.0,0.2001702629282616,1754026768391.8572,6.981428571428572,3.515714285714285,5.0,1754026767255.0,1754026772255.0,0.0,0.0,606801.94007,606806.94007,1216.0,30.28013154671502,2.4161876362075465,3.4069410014517745,0.3287168981667905,10.392304845413264,1.7034705007258872,19.758755101573588,30.28013154671502,85.48073368539771,49.86852721940216,0.9960261780092912,0.996006982169636,0.0275445175748223,0.0244515964427505,1.0,436.2441606575592,8954.371479162852,0.0917313907002175,0.8987890986696575,12.753070975085892,0.0179766851338873,1754026767711.7805,1754026772711.7805
0.4494615384615384,1.7165680473372676e-05,0.110275590551181,0.0001352362204724,0.45,0.1102362204724409,0.2135548634453218,0.4038299939307881,0.2135548634453218,0.4038299939307881,1.0,0.0,10.0,5.0,0.1044235299764649,1754026768391.8572,6.981428571428572,3.515714285714285,5.0,1754026767255.0,1754026772255.0,0.0,0.0,606796.94007,606801.94007,1215.0,30.25791066582645,1.7668367938551617,3.360971772908053,0.2399674076573333,10.392304845413264,1.6804858864540264,19.430205164188905,30.25791066582645,74.59946591749691,48.66245304163172,0.9950817541411172,0.9950798983044064,0.0361022978619881,0.0318270133447718,2.0,78.87537521228653,1335.0693063277663,0.0681262058480803,0.6013326440640979,10.435548225981742,0.0181503140567468,1754026762711.7805,1754026767711.7805
0.4494615384615384,1.7165680473372676e-05,0.110275590551181,0.0001352362204724,0.45,0.1102362204724409,0.2135548634453218,0.4038299939307881,0.2135548634453218,0.4038299939307881,1.0,0.0,10.0,5.0,0.1044235299764649,1754026768391.8572,6.981428571428572,3.515714285714285,5.0,1754026767255.0,1754026772255.0,0.0,0.0,606801.94007,606806.94007,1216.0,30.28013154671502,2.4161876362075465,3.4069410014517745,0.3287168981667905,10.392304845413264,1.7034705007258872,19.758755101573588,30.28013154671502,85.48073368539771,49.86852721940216,0.9960261780092912,0.996006982169636,0.0275445175748223,0.0244515964427505,1.0,436.2441606575592,8954.371479162852,0.0917313907002175,0.8987890986696575,12.753070975085892,0.0179766851338873,1754026767711.7805,1754026772711.7805
0.4536923076923077,1.358579881656797e-05,0.1084645669291338,5.676886353772698e-05,0.4567307692307692,0.108267716535433,0.2093240942145525,0.4056410175528353,0.2093240942145525,0.4056410175528353,1.0,0.0,10.0,5.0,0.0,1754026796899.0,7.67,3.0,5.0,1754026792260.0,1754026797260.0,0.0,0.0,606821.94007,606826.94007,1214.0,28.828189212288297,1.5893947976836644,3.1797635515515785,0.2911168275711928,10.392304845413264,1.5898817757757893,18.537354377773145,28.828189212288297,83.77137480217694,49.15833081144106,0.9936089838369913,0.9929561207397954,0.0453643128728359,0.0438304502246106,5.0,167.12579335625597,3686.570892090116,0.0485593056694955,0.905679325463295,12.785694641710505,0.0187577675655365,1754026787711.7805,1754026792711.7805
0.4536923076923077,1.358579881656797e-05,0.1084645669291338,5.676886353772698e-05,0.4567307692307692,0.108267716535433,0.2093240942145525,0.4056410175528353,0.2093240942145525,0.4056410175528353,1.0,0.0,10.0,5.0,0.0,1754026796899.0,7.67,3.0,5.0,1754026792260.0,1754026797260.0,0.0,0.0,606826.94007,606831.94007,1218.0,28.19041147784106,1.7355915589891089,3.049131537716278,0.319762603480285,10.392304845413264,1.524565768858139,18.823064745664755,28.19041147784106,85.46208374173706,53.431883212109696,0.9902575036900922,0.9902856231174734,0.042840918530581,0.031678259848709,1.0,23.13294459739984,257.3001305121668,0.1061418889369919,0.2994000408439597,7.36313043315887,0.0180623973727422,1754026792711.7805,1754026797711.7805
0.4544615384615385,2.033136094674544e-05,0.1083464566929133,4.695889391778779e-05,0.4576923076923077,0.1117125984251968,0.2085548634453218,0.4057591277890558,0.2085548634453218,0.4057591277890558,1.0,0.0,10.0,5.0,0.3084998701824387,1754026800495.8333,8.023333333333333,2.465,5.0,1754026797261.0,1754026802261.0,0.0,0.0,606826.94007,606831.94007,1218.0,28.19041147784106,1.7355915589891089,3.049131537716278,0.319762603480285,10.392304845413264,1.524565768858139,18.823064745664755,28.19041147784106,85.46208374173706,53.431883212109696,0.9902575036900922,0.9902856231174734,0.042840918530581,0.031678259848709,1.0,23.13294459739984,257.3001305121668,0.1061418889369919,0.2994000408439597,7.36313043315887,0.0180623973727422,1754026792711.7805,1754026797711.7805
0.4544615384615385,2.033136094674544e-05,0.1083464566929133,4.695889391778779e-05,0.4576923076923077,0.1117125984251968,0.2085548634453218,0.4057591277890558,0.2085548634453218,0.4057591277890558,1.0,0.0,10.0,5.0,0.3084998701824387,1754026800495.8333,8.023333333333333,2.465,5.0,1754026797261.0,1754026802261.0,0.0,0.0,606831.94007,606836.94007,1220.0,29.28989637704676,1.560235887869048,3.168115949082567,0.2559502541400513,10.392304845413264,1.5840579745412835,18.70484316073729,29.28989637704676,70.87895791978524,46.79291366049319,0.9969754069183018,0.9969837666025144,0.0202357166825862,0.0177344843887795,0.0,18.97597805523969,145.2296780368666,0.0552385637279447,0.2985735614704638,7.35204493050711,0.0178889847569744,1754026797711.7805,1754026802711.7805
0.4647692307692307,2.624852071005905e-05,0.109527559055118,0.000114198028396,0.4692307692307692,0.1122047244094488,0.1982471711376295,0.4045780254268511,0.1982471711376295,0.4045780254268511,1.0,0.0,10.0,5.0,0.2165111431364763,1754026803346.0,8.2,2.6,5.0,1754026802262.0,1754026807262.0,0.0,0.0,606831.94007,606836.94007,1220.0,29.28989637704676,1.560235887869048,3.168115949082567,0.2559502541400513,10.392304845413264,1.5840579745412835,18.70484316073729,29.28989637704676,70.87895791978524,46.79291366049319,0.9969754069183018,0.9969837666025144,0.0202357166825862,0.0177344843887795,0.0,18.97597805523969,145.2296780368666,0.0552385637279447,0.2985735614704638,7.35204493050711,0.0178889847569744,1754026797711.7805,1754026802711.7805
0.4647692307692307,2.624852071005905e-05,0.109527559055118,0.000114198028396,0.4692307692307692,0.1122047244094488,0.1982471711376295,0.4045780254268511,0.1982471711376295,0.4045780254268511,1.0,0.0,10.0,5.0,0.2165111431364763,1754026803346.0,8.2,2.6,5.0,1754026802262.0,1754026807262.0,0.0,0.0,606836.94007,606841.94007,1185.0,29.169004070504872,1.447572183327006,3.180065837672974,0.3092235001166744,10.392304845413264,1.5900329188364868,18.80478632362141,29.169004070504872,84.80939049932287,48.30838400545241,0.9925537658868696,0.9919585633718548,0.0423896497069843,0.0429556001336763,4.0,49.26127569180234,322.8207259139364,0.0597031184022321,1.240922368522927,14.95596228155263,0.0192316233622029,1754026802711.7805,1754026807711.7805
0.4717692307692306,2.047928994082836e-05,0.1085433070866141,4.5261640523281054e-05,0.473076923076923,0.1102362204724409,0.1912471711376296,0.405562277395355,0.1912471711376296,0.405562277395355,1.0,0.0,10.0,5.0,0.2799007703081729,1754026803346.0,8.2,2.6,5.0,1754026802262.0,1754026807262.0,0.0,0.0,606831.94007,606836.94007,1220.0,29.28989637704676,1.560235887869048,3.168115949082567,0.2559502541400513,10.392304845413264,1.5840579745412835,18.70484316073729,29.28989637704676,70.87895791978524,46.79291366049319,0.9969754069183018,0.9969837666025144,0.0202357166825862,0.0177344843887795,0.0,18.97597805523969,145.2296780368666,0.0552385637279447,0.2985735614704638,7.35204493050711,0.0178889847569744,1754026797711.7805,1754026802711.7805
0.4717692307692306,2.047928994082836e-05,0.1085433070866141,4.5261640523281054e-05,0.473076923076923,0.1102362204724409,0.1912471711376296,0.405562277395355,0.1912471711376296,0.405562277395355,1.0,0.0,10.0,5.0,0.2799007703081729,1754026803346.0,8.2,2.6,5.0,1754026802262.0,1754026807262.0,0.0,0.0,606836.94007,606841.94007,1185.0,29.169004070504872,1.447572183327006,3.180065837672974,0.3092235001166744,10.392304845413264,1.5900329188364868,18.80478632362141,29.169004070504872,84.80939049932287,48.30838400545241,0.9925537658868696,0.9919585633718548,0.0423896497069843,0.0429556001336763,4.0,49.26127569180234,322.8207259139364,0.0597031184022321,1.240922368522927,14.95596228155263,0.0192316233622029,1754026802711.7805,1754026807711.7805
0.4848461538461538,4.7579881656804726e-05,0.1106692913385826,6.049507099014201e-05,0.4913461538461538,0.1166338582677165,0.1781702480607064,0.4034362931433865,0.1781702480607064,0.4034362931433865,1.0,0.0,10.0,5.0,0.0830795308835705,1754026815871.25,8.1325,3.2,5.0,1754026812264.0,1754026817264.0,0.0,0.0,606841.94007,606846.94007,1184.0,28.188744264554877,2.069472224122047,3.040580078529029,0.3520298296857202,10.392304845413264,1.5202900392645144,18.19134450736536,28.188744264554877,92.57912829360708,47.95181327093628,0.9941048728644468,0.9941090958374196,0.0348110504671495,0.0297880495956899,0.0,76.88421350472638,841.3044952721948,0.0641875564977502,0.9254512034686534,12.923874566483184,0.0188774300616405,1754026807711.7805,1754026812711.7805
0.4848461538461538,4.7579881656804726e-05,0.1106692913385826,6.049507099014201e-05,0.4913461538461538,0.1166338582677165,0.1781702480607064,0.4034362931433865,0.1781702480607064,0.4034362931433865,1.0,0.0,10.0,5.0,0.0830795308835705,1754026815871.25,8.1325,3.2,5.0,1754026812264.0,1754026817264.0,0.0,0.0,606846.94007,606851.94007,1239.0,29.24711658290665,1.7915204161845326,3.17923263879908,0.2842456099233016,10.392304845413262,1.5896163193995403,18.47646038010888,29.24711658290665,78.25553265410572,47.515940401397046,0.9986458869986112,0.9986458869986112,0.0167644087471843,0.0119918919214059,0.0,7.173541775788383,50.12629471833014,0.0831933648939175,0.0004680888415843,0.009069864563631,0.0175438596491228,1754026812711.7805,1754026817711.7805
0.4898461538461538,1.5242603550295808e-05,0.1096850393700787,9.61063922127842e-05,0.4923076923076923,0.1122047244094488,0.1731702480607064,0.4044205451118905,0.1731702480607064,0.4044205451118905,1.0,0.0,10.0,5.0,0.1368136913485527,1754026819104.0,8.466666666666667,3.4,5.0,1754026817265.0,1754026822265.0,0.0,0.0,606846.94007,606851.94007,1239.0,29.24711658290665,1.7915204161845326,3.17923263879908,0.2842456099233016,10.392304845413262,1.5896163193995403,18.47646038010888,29.24711658290665,78.25553265410572,47.515940401397046,0.9986458869986112,0.9986458869986112,0.0167644087471843,0.0119918919214059,0.0,7.173541775788383,50.12629471833014,0.0831933648939175,0.0004680888415843,0.009069864563631,0.0175438596491228,1754026812711.7805,1754026817711.7805
0.4898461538461538,1.5242603550295808e-05,0.1096850393700787,9.61063922127842e-05,0.4923076923076923,0.1122047244094488,0.1731702480607064,0.4044205451118905,0.1731702480607064,0.4044205451118905,1.0,0.0,10.0,5.0,0.1368136913485527,1754026819104.0,8.466666666666667,3.4,5.0,1754026817265.0,1754026822265.0,0.0,0.0,606851.94007,606856.94007,1221.0,29.308003163262665,1.5870230924930906,3.1625652533218127,0.2677188020388115,10.392304845413264,1.5812826266609064,18.471899273763132,29.308003163262665,71.34839712454051,46.23753123939725,0.9981466481534004,0.9980442265134762,0.0176553561682297,0.0143275819326449,0.0,10.973795300121305,75.96149817006165,0.0502285862909794,0.2997557155404041,7.356521666878436,0.0179749127117548,1754026817711.7805,1754026822711.7805
0.4967692307692307,2.4473372781065217e-05,0.1095669291338582,0.0001200647901295,0.5,0.1102362204724409,0.1662471711376295,0.4045386553481109,0.1662471711376295,0.4045386553481109,1.0,0.0,10.0,5.0,0.2651011367865372,1754026819104.0,8.466666666666667,3.4,5.0,1754026817265.0,1754026822265.0,0.0,0.0,606846.94007,606851.94007,1239.0,29.24711658290665,1.7915204161845326,3.17923263879908,0.2842456099233016,10.392304845413262,1.5896163193995403,18.47646038010888,29.24711658290665,78.25553265410572,47.515940401397046,0.9986458869986112,0.9986458869986112,0.0167644087471843,0.0119918919214059,0.0,7.173541775788383,50.12629471833014,0.0831933648939175,0.0004680888415843,0.009069864563631,0.0175438596491228,1754026812711.7805,1754026817711.7805
0.4967692307692307,2.4473372781065217e-05,0.1095669291338582,0.0001200647901295,0.5,0.1102362204724409,0.1662471711376295,0.4045386553481109,0.1662471711376295,0.4045386553481109,1.0,0.0,10.0,5.0,0.2651011367865372,1754026819104.0,8.466666666666667,3.4,5.0,1754026817265.0,1754026822265.0,0.0,0.0,606851.94007,606856.94007,1221.0,29.308003163262665,1.5870230924930906,3.1625652533218127,0.2677188020388115,10.392304845413264,1.5812826266609064,18.471899273763132,29.308003163262665,71.34839712454051,46.23753123939725,0.9981466481534004,0.9980442265134762,0.0176553561682297,0.0143275819326449,0.0,10.973795300121305,75.96149817006165,0.0502285862909794,0.2997557155404041,7.356521666878436,0.0179749127117548,1754026817711.7805,1754026822711.7805
0.5026923076923078,1.6715976331360917e-05,0.1044094488188976,0.0001379440758881,0.5038461538461538,0.1058070866141732,0.1603240942145525,0.4096961356630715,0.1603240942145525,0.4096961356630715,1.0,0.0,10.0,5.0,0.081590244877188,1754026831645.0,9.0,3.4,5.0,1754026827267.0,1754026832267.0,0.0,0.0,606856.94007,606861.94007,1210.0,28.133308385740648,2.7654753785240733,3.009266640542575,0.3827427032748162,10.392304845413264,1.5046333202712876,17.53355400997711,28.133308385740648,79.17715628918674,46.74411231408528,0.9931315182187652,0.9931317368386364,0.0399105635767299,0.0362963288177872,3.0,65.83464151831288,748.2424822130733,0.0759153952695924,0.6027998232665515,10.438398467670126,0.0183268087574307,1754026822711.7805,1754026827711.7805
0.5026923076923078,1.6715976331360917e-05,0.1044094488188976,0.0001379440758881,0.5038461538461538,0.1058070866141732,0.1603240942145525,0.4096961356630715,0.1603240942145525,0.4096961356630715,1.0,0.0,10.0,5.0,0.081590244877188,1754026831645.0,9.0,3.4,5.0,1754026827267.0,1754026832267.0,0.0,0.0,606861.94007,606866.94007,1237.0,27.240773403061254,1.1979212707521496,2.9050243223462195,0.259219980735095,10.392304845413264,1.4525121611731098,16.655450111622347,27.240773403061254,79.46923702115133,45.96600868643946,0.9991561797496512,0.9991561797496512,0.0124643404727916,0.0090473383766095,0.0,6.424268101376779,28.39400211264225,0.0675667246368981,0.0004955931362372,0.0085542753100553,0.0175438596491228,1754026827711.7805,1754026832711.7805
0.5079230769230769,2.391124260355025e-05,0.104527559055118,0.0001155139810279,0.5115384615384615,0.1062992125984252,0.1550933249837833,0.4095780254268511,0.1550933249837833,0.4095780254268511,1.0,0.0,10.0,5.0,0.1928431434461495,1754026835292.0,8.466666666666667,3.4,5.0,1754026832268.0,1754026837268.0,0.0,0.0,606861.94007,606866.94007,1237.0,27.240773403061254,1.1979212707521496,2.9050243223462195,0.259219980735095,10.392304845413264,1.4525121611731098,16.655450111622347,27.240773403061254,79.46923702115133,45.96600868643946,0.9991561797496512,0.9991561797496512,0.0124643404727916,0.0090473383766095,0.0,6.424268101376779,28.39400211264225,0.0675667246368981,0.0004955931362372,0.0085542753100553,0.0175438596491228,1754026827711.7805,1754026832711.7805
0.5079230769230769,2.391124260355025e-05,0.104527559055118,0.0001155139810279,0.5115384615384615,0.1062992125984252,0.1550933249837833,0.4095780254268511,0.1550933249837833,0.4095780254268511,1.0,0.0,10.0,5.0,0.1928431434461495,1754026835292.0,8.466666666666667,3.4,5.0,1754026832268.0,1754026837268.0,0.0,0.0,606866.94007,606871.94007,1199.0,28.56436222616884,1.5229735961180797,3.070421243069861,0.3002287471148083,10.392304845413264,1.5352106215349306,18.139104680865227,28.56436222616884,74.4180682987805,48.762001796129375,0.9910612988491012,0.990829993174648,0.0399077570820067,0.0332174315420409,1.0,27.20773248948924,224.67560034040568,0.0769070156082935,0.908666520611599,12.802826517156085,0.0185095766940286,1754026832711.7805,1754026837711.7805
0.5145384615384615,2.6798816568047537e-05,0.1033070866141731,0.0001255874511749,0.5182692307692308,0.1023622047244094,0.1484779403683988,0.410798497867796,0.1484779403683988,0.410798497867796,1.0,0.0,10.0,5.0,0.0866817159419988,1754026835292.0,8.466666666666667,3.4,5.0,1754026832268.0,1754026837268.0,0.0,0.0,606861.94007,606866.94007,1237.0,27.240773403061254,1.1979212707521496,2.9050243223462195,0.259219980735095,10.392304845413264,1.4525121611731098,16.655450111622347,27.240773403061254,79.46923702115133,45.96600868643946,0.9991561797496512,0.9991561797496512,0.0124643404727916,0.0090473383766095,0.0,6.424268101376779,28.39400211264225,0.0675667246368981,0.0004955931362372,0.0085542753100553,0.0175438596491228,1754026827711.7805,1754026832711.7805
0.5145384615384615,2.6798816568047537e-05,0.1033070866141731,0.0001255874511749,0.5182692307692308,0.1023622047244094,0.1484779403683988,0.410798497867796,0.1484779403683988,0.410798497867796,1.0,0.0,10.0,5.0,0.0866817159419988,1754026835292.0,8.466666666666667,3.4,5.0,1754026832268.0,1754026837268.0,0.0,0.0,606866.94007,606871.94007,1199.0,28.56436222616884,1.5229735961180797,3.070421243069861,0.3002287471148083,10.392304845413264,1.5352106215349306,18.139104680865227,28.56436222616884,74.4180682987805,48.762001796129375,0.9910612988491012,0.990829993174648,0.0399077570820067,0.0332174315420409,1.0,27.20773248948924,224.67560034040568,0.0769070156082935,0.908666520611599,12.802826517156085,0.0185095766940286,1754026832711.7805,1754026837711.7805
0.5203076923076924,1.3633136094674695e-05,0.1029921259842519,9.05883811767623e-05,0.5230769230769231,0.1062992125984252,0.1427087095991679,0.4111134584977172,0.1427087095991679,0.4111134584977172,1.0,0.0,10.0,5.0,0.129616408975075,1754026835292.0,8.466666666666667,3.4,5.0,1754026832268.0,1754026837268.0,0.0,0.0,606861.94007,606866.94007,1237.0,27.240773403061254,1.1979212707521496,2.9050243223462195,0.259219980735095,10.392304845413264,1.4525121611731098,16.655450111622347,27.240773403061254,79.46923702115133,45.96600868643946,0.9991561797496512,0.9991561797496512,0.0124643404727916,0.0090473383766095,0.0,6.424268101376779,28.39400211264225,0.0675667246368981,0.0004955931362372,0.0085542753100553,0.0175438596491228,1754026827711.7805,1754026832711.7805
0.5203076923076924,1.3633136094674695e-05,0.1029921259842519,9.05883811767623e-05,0.5230769230769231,0.1062992125984252,0.1427087095991679,0.4111134584977172,0.1427087095991679,0.4111134584977172,1.0,0.0,10.0,5.0,0.129616408975075,1754026835292.0,8.466666666666667,3.4,5.0,1754026832268.0,1754026837268.0,0.0,0.0,606866.94007,606871.94007,1199.0,28.56436222616884,1.5229735961180797,3.070421243069861,0.3002287471148083,10.392304845413264,1.5352106215349306,18.139104680865227,28.56436222616884,74.4180682987805,48.762001796129375,0.9910612988491012,0.990829993174648,0.0399077570820067,0.0332174315420409,1.0,27.20773248948924,224.67560034040568,0.0769070156082935,0.908666520611599,12.802826517156085,0.0185095766940286,1754026832711.7805,1754026837711.7805
0.5256923076923077,2.3928994082840064e-05,0.1030314960629921,0.0001236297972595,0.5269230769230769,0.1062992125984252,0.1373240942145526,0.4110740884189771,0.1373240942145526,0.4110740884189771,1.0,0.0,10.0,5.0,0.2245413664756537,1754026835292.0,8.466666666666667,3.4,5.0,1754026832268.0,1754026837268.0,0.0,0.0,606861.94007,606866.94007,1237.0,27.240773403061254,1.1979212707521496,2.9050243223462195,0.259219980735095,10.392304845413264,1.4525121611731098,16.655450111622347,27.240773403061254,79.46923702115133,45.96600868643946,0.9991561797496512,0.9991561797496512,0.0124643404727916,0.0090473383766095,0.0,6.424268101376779,28.39400211264225,0.0675667246368981,0.0004955931362372,0.0085542753100553,0.0175438596491228,1754026827711.7805,1754026832711.7805
0.5256923076923077,2.3928994082840064e-05,0.1030314960629921,0.0001236297972595,0.5269230769230769,0.1062992125984252,0.1373240942145526,0.4110740884189771,0.1373240942145526,0.4110740884189771,1.0,0.0,10.0,5.0,0.2245413664756537,1754026835292.0,8.466666666666667,3.4,5.0,1754026832268.0,1754026837268.0,0.0,0.0,606866.94007,606871.94007,1199.0,28.56436222616884,1.5229735961180797,3.070421243069861,0.3002287471148083,10.392304845413264,1.5352106215349306,18.139104680865227,28.56436222616884,74.4180682987805,48.762001796129375,0.9910612988491012,0.990829993174648,0.0399077570820067,0.0332174315420409,1.0,27.20773248948924,224.67560034040568,0.0769070156082935,0.908666520611599,12.802826517156085,0.0185095766940286,1754026832711.7805,1754026837711.7805
0.5343846153846153,3.515384615384598e-05,0.1024409448818897,0.000119964039928,0.5384615384615384,0.1038385826771653,0.1286317865222449,0.4116646396000794,0.1286317865222449,0.4116646396000794,1.0,0.0,10.0,5.0,0.3280495738515855,1754026854936.6667,8.2,2.8666666666666667,5.0,1754026852272.0,1754026857272.0,0.0,0.0,606881.94007,606886.94007,1223.0,27.64066782416251,1.4504711809006716,2.94150231882681,0.3397079804456023,10.392304845413262,1.470751159413405,17.116603338224284,27.64066782416251,90.6445991082689,46.22573391891552,0.9971766718963742,0.9970330422587343,0.0276153924395899,0.0238765391278303,1.0,9.948144490339812,66.55822961916162,0.046512641844723,0.2970984868185941,7.329870745421962,0.0177159989097846,1754026847711.7805,1754026852711.7805
0.5343846153846153,3.515384615384598e-05,0.1024409448818897,0.000119964039928,0.5384615384615384,0.1038385826771653,0.1286317865222449,0.4116646396000794,0.1286317865222449,0.4116646396000794,1.0,0.0,10.0,5.0,0.3280495738515855,1754026854936.6667,8.2,2.8666666666666667,5.0,1754026852272.0,1754026857272.0,0.0,0.0,606886.94007,606891.94007,1200.0,29.089597801525255,2.3937301001795785,3.063479762176009,0.3412820979956403,10.392304845413264,1.5317398810880047,19.357213774023524,29.089597801525255,77.35070586315734,51.17549900558996,0.9869640068600398,0.986546904247189,0.049000878273477,0.0421850821392634,2.0,32.0391365830444,190.8053968758352,0.1021424521345463,0.9149576329818436,12.841293337697303,0.018859649122807,1754026852711.7805,1754026857711.7805
0.4980769230769231,0.0007865384615384,0.100511811023622,7.492869985739973e-05,0.5230769230769231,0.1023622047244094,0.1649394788299372,0.4135937734583472,0.1649394788299372,0.4135937734583472,1.0,0.0,10.0,5.0,0.2112376789852153,1754026860711.9092,6.6,2.6000000000000005,5.0,1754026857273.0,1754026862273.0,0.0,0.0,606886.94007,606891.94007,1200.0,29.089597801525255,2.3937301001795785,3.063479762176009,0.3412820979956403,10.392304845413264,1.5317398810880047,19.357213774023524,29.089597801525255,77.35070586315734,51.17549900558996,0.9869640068600398,0.986546904247189,0.049000878273477,0.0421850821392634,2.0,32.0391365830444,190.8053968758352,0.1021424521345463,0.9149576329818436,12.841293337697303,0.018859649122807,1754026852711.7805,1754026857711.7805
0.4980769230769231,0.0007865384615384,0.100511811023622,7.492869985739973e-05,0.5230769230769231,0.1023622047244094,0.1649394788299372,0.4135937734583472,0.1649394788299372,0.4135937734583472,1.0,0.0,10.0,5.0,0.2112376789852153,1754026860711.9092,6.6,2.6000000000000005,5.0,1754026857273.0,1754026862273.0,0.0,0.0,606891.94007,606896.94007,1215.0,30.09440110344745,2.2114492164150747,3.1306021265193293,0.339739500160035,10.392304845413264,1.565301063259665,19.505455293988447,30.09440110344745,74.28707361826989,49.45701972396982,0.994752778583391,0.994802768211974,0.028055974420634,0.0252453506274576,1.0,167.6981001877389,2849.120398688413,0.0974746871723705,0.3011208949773871,7.36203988621369,0.0180636777128005,1754026857711.7805,1754026862711.7805
0.4833846153846153,2.2153846153846063e-05,0.1009448818897637,2.992125984251975e-05,0.4846153846153846,0.1043307086614173,0.1796317865222449,0.4131607025922054,0.1796317865222449,0.4131607025922054,1.0,0.0,10.0,5.0,0.4283623709421879,1754026865009.1177,4.137058823529412,2.397058823529412,5.0,1754026862274.0,1754026867274.0,1.0,0.0,606891.94007,606896.94007,1215.0,30.09440110344745,2.2114492164150747,3.1306021265193293,0.339739500160035,10.392304845413264,1.565301063259665,19.505455293988447,30.09440110344745,74.28707361826989,49.45701972396982,0.994752778583391,0.994802768211974,0.028055974420634,0.0252453506274576,1.0,167.6981001877389,2849.120398688413,0.0974746871723705,0.3011208949773871,7.36203988621369,0.0180636777128005,1754026857711.7805,1754026862711.7805
0.4833846153846153,2.2153846153846063e-05,0.1009448818897637,2.992125984251975e-05,0.4846153846153846,0.1043307086614173,0.1796317865222449,0.4131607025922054,0.1796317865222449,0.4131607025922054,1.0,0.0,10.0,5.0,0.4283623709421879,1754026865009.1177,4.137058823529412,2.397058823529412,5.0,1754026862274.0,1754026867274.0,1.0,0.0,606896.94007,606901.94007,1240.0,30.94083968519934,1.341048087255512,3.2907387991477792,0.2344173691514619,10.392304845413264,1.6453693995738896,20.654061395064563,30.94083968519934,72.37697201885061,50.85190556527687,0.9946298269796418,0.9946298269796418,0.0243723625359491,0.0168267638746139,0.0,4.119471817467962,8.464386237015576,0.046323293625881,0.0005378777115375,0.0093338368303543,0.0175438596491228,1754026862711.7805,1754026867711.7805
0.4944615384615384,1.4295857988165772e-05,0.1019685039370078,4.448508897017797e-05,0.4961538461538461,0.1043307086614173,0.1685548634453219,0.4121370805449613,0.1685548634453219,0.4121370805449613,1.0,0.0,10.0,5.0,0.1303568085888454,1754026868410.0,3.1333333333333333,1.8,5.0,1754026867275.0,1754026872275.0,1.0,1.0,606896.94007,606901.94007,1240.0,30.94083968519934,1.341048087255512,3.2907387991477792,0.2344173691514619,10.392304845413264,1.6453693995738896,20.654061395064563,30.94083968519934,72.37697201885061,50.85190556527687,0.9946298269796418,0.9946298269796418,0.0243723625359491,0.0168267638746139,0.0,4.119471817467962,8.464386237015576,0.046323293625881,0.0005378777115375,0.0093338368303543,0.0175438596491228,1754026862711.7805,1754026867711.7805
0.4944615384615384,1.4295857988165772e-05,0.1019685039370078,4.448508897017797e-05,0.4961538461538461,0.1043307086614173,0.1685548634453219,0.4121370805449613,0.1685548634453219,0.4121370805449613,1.0,0.0,10.0,5.0,0.1303568085888454,1754026868410.0,3.1333333333333333,1.8,5.0,1754026867275.0,1754026872275.0,1.0,1.0,606901.94007,606906.94007,1189.0,29.790097644222342,2.757659079339303,3.189070171776448,0.3628429703050463,10.392304845413264,1.594535085888224,19.3213176763732,29.790097644222342,81.58984097914049,47.973928786559455,0.9923187096092932,0.9920861080193228,0.0454489408102266,0.0423758846393308,6.0,31.948451521782484,347.311001570226,0.0821324037493725,1.5377233307646632,16.63303653653215,0.0190488837737742,1754026867711.7805,1754026872711.7805
0.5005384615384615,1.8940828402366915e-05,0.1000393700787401,5.048205096410196e-05,0.5038461538461538,0.1003937007874015,0.1624779403683988,0.414066214403229,0.1624779403683988,0.414066214403229,1.0,0.0,10.0,5.0,0.1811614962477067,1754026868410.0,3.1333333333333333,1.8,5.0,1754026867275.0,1754026872275.0,1.0,1.0,606896.94007,606901.94007,1240.0,30.94083968519934,1.341048087255512,3.2907387991477792,0.2344173691514619,10.392304845413264,1.6453693995738896,20.654061395064563,30.94083968519934,72.37697201885061,50.85190556527687,0.9946298269796418,0.9946298269796418,0.0243723625359491,0.0168267638746139,0.0,4.119471817467962,8.464386237015576,0.046323293625881,0.0005378777115375,0.0093338368303543,0.0175438596491228,1754026862711.7805,1754026867711.7805
0.5005384615384615,1.8940828402366915e-05,0.1000393700787401,5.048205096410196e-05,0.5038461538461538,0.1003937007874015,0.1624779403683988,0.414066214403229,0.1624779403683988,0.414066214403229,1.0,0.0,10.0,5.0,0.1811614962477067,1754026868410.0,3.1333333333333333,1.8,5.0,1754026867275.0,1754026872275.0,1.0,1.0,606901.94007,606906.94007,1189.0,29.790097644222342,2.757659079339303,3.189070171776448,0.3628429703050463,10.392304845413264,1.594535085888224,19.3213176763732,29.790097644222342,81.58984097914049,47.973928786559455,0.9923187096092932,0.9920861080193228,0.0454489408102266,0.0423758846393308,6.0,31.948451521782484,347.311001570226,0.0821324037493725,1.5377233307646632,16.63303653653215,0.0190488837737742,1754026867711.7805,1754026872711.7805
0.5073846153846153,1.884023668639048e-05,0.099763779527559,0.0001240684481368,0.5076923076923077,0.1048228346456692,0.1556317865222449,0.4143418049544102,0.1556317865222449,0.4143418049544102,1.0,0.0,10.0,5.0,0.1227904051547052,1754026881405.8,3.72,2.278,5.0,1754026877277.0,1754026882277.0,1.0,1.0,606906.94007,606911.94007,1218.0,27.70283410694704,1.6219101138463254,2.9441852880889137,0.2439974755212958,10.392304845413264,1.4720926440444568,17.695348347894324,27.70283410694704,81.48346454781112,47.92413642395827,0.994893085960668,0.995069789920414,0.0357897430017948,0.0312456211369584,2.0,11.72649549338215,68.17837333106291,0.0718850249017236,0.3002735882308727,7.375399426507769,0.018494512142425,1754026872711.7805,1754026877711.7805
0.5073846153846153,1.884023668639048e-05,0.099763779527559,0.0001240684481368,0.5076923076923077,0.1048228346456692,0.1556317865222449,0.4143418049544102,0.1556317865222449,0.4143418049544102,1.0,0.0,10.0,5.0,0.1227904051547052,1754026881405.8,3.72,2.278,5.0,1754026877277.0,1754026882277.0,1.0,1.0,606911.94007,606916.94007,1210.0,29.508455994945773,1.988805640270456,3.134150365659807,0.2413657354302232,10.392304845413264,1.5670751828299034,19.40028064862097,29.508455994945773,72.40388286104066,49.7860091469387,0.9907122255242472,0.9910306354222116,0.0392287280698138,0.0309320839329039,1.0,16.112479222398193,167.90002716032777,0.0540159048089448,1.0533745291583707,13.78696466827514,0.0185877917935334,1754026877711.7805,1754026882711.7805
0.514076923076923,2.876331360946763e-05,0.0983464566929133,7.160394320788654e-05,0.5153846153846153,0.1018700787401574,0.1489394788299373,0.4157591277890558,0.1489394788299373,0.4157591277890558,1.0,0.0,10.0,5.0,0.1044407583163476,1754026884283.9285,5.914285714285714,2.617857142857144,5.0,1754026882278.0,1754026887278.0,0.0,1.0,606911.94007,606916.94007,1210.0,29.508455994945773,1.988805640270456,3.134150365659807,0.2413657354302232,10.392304845413264,1.5670751828299034,19.40028064862097,29.508455994945773,72.40388286104066,49.7860091469387,0.9907122255242472,0.9910306354222116,0.0392287280698138,0.0309320839329039,1.0,16.112479222398193,167.90002716032777,0.0540159048089448,1.0533745291583707,13.78696466827514,0.0185877917935334,1754026877711.7805,1754026882711.7805
0.514076923076923,2.876331360946763e-05,0.0983464566929133,7.160394320788654e-05,0.5153846153846153,0.1018700787401574,0.1489394788299373,0.4157591277890558,0.1489394788299373,0.4157591277890558,1.0,0.0,10.0,5.0,0.1044407583163476,1754026884283.9285,5.914285714285714,2.617857142857144,5.0,1754026882278.0,1754026887278.0,0.0,1.0,606916.94007,606921.94007,1219.0,30.454808807682976,1.8875924304755012,3.221718694555025,0.2168308139111973,10.392304845413264,1.6108593472775126,19.538222815195702,30.454808807682976,70.40536270955116,46.42764842991657,0.9937298100424388,0.9932141841853056,0.0410744615039759,0.0415583466984359,6.0,20.70261301980505,192.8702339600759,0.0370820958965046,0.746954722036538,11.61891482827577,0.0183210281651627,1754026882711.7805,1754026887711.7805
0.5202307692307693,1.5863905325443946e-05,0.0984251968503936,3.487506975013964e-05,0.5230769230769231,0.1003937007874015,0.142785632676091,0.4156803876315755,0.142785632676091,0.4156803876315755,1.0,0.0,10.0,5.0,0.1659179007863042,1754026888043.2,7.720000000000001,3.2380000000000004,5.0,1754026887279.0,1754026892279.0,0.0,0.0,606916.94007,606921.94007,1219.0,30.454808807682976,1.8875924304755012,3.221718694555025,0.2168308139111973,10.392304845413264,1.6108593472775126,19.538222815195702,30.454808807682976,70.40536270955116,46.42764842991657,0.9937298100424388,0.9932141841853056,0.0410744615039759,0.0415583466984359,6.0,20.70261301980505,192.8702339600759,0.0370820958965046,0.746954722036538,11.61891482827577,0.0183210281651627,1754026882711.7805,1754026887711.7805
0.5202307692307693,1.5863905325443946e-05,0.0984251968503936,3.487506975013964e-05,0.5230769230769231,0.1003937007874015,0.142785632676091,0.4156803876315755,0.142785632676091,0.4156803876315755,1.0,0.0,10.0,5.0,0.1659179007863042,1754026888043.2,7.720000000000001,3.2380000000000004,5.0,1754026887279.0,1754026892279.0,0.0,0.0,606921.94007,606926.94007,1211.0,29.33013947357654,2.4682086372256355,3.099702171473972,0.2958158849334419,10.392304845413264,1.5498510857369858,18.738777276638903,29.33013947357654,83.2352856753165,48.16467751616797,0.9939357893881506,0.9935412559991608,0.0418271117444625,0.0402734678437883,4.0,19.937530142819863,142.89101381689653,0.0894902470540612,0.9015223813870762,12.760441708336248,0.0187607747692931,1754026887711.7805,1754026892711.7805
0.5173076923076924,0.0001575443786982,0.0935826771653542,0.0001038827577655,0.5269230769230769,0.0964566929133858,0.1457087095991679,0.4205229073166149,0.1457087095991679,0.4205229073166149,1.0,0.0,10.0,5.0,,1754026888043.2,7.720000000000001,3.2380000000000004,5.0,1754026887279.0,1754026892279.0,0.0,0.0,606916.94007,606921.94007,1219.0,30.454808807682976,1.8875924304755012,3.221718694555025,0.2168308139111973,10.392304845413264,1.6108593472775126,19.538222815195702,30.454808807682976,70.40536270955116,46.42764842991657,0.9937298100424388,0.9932141841853056,0.0410744615039759,0.0415583466984359,6.0,20.70261301980505,192.8702339600759,0.0370820958965046,0.746954722036538,11.61891482827577,0.0183210281651627,1754026882711.7805,1754026887711.7805
0.5173076923076924,0.0001575443786982,0.0935826771653542,0.0001038827577655,0.5269230769230769,0.0964566929133858,0.1457087095991679,0.4205229073166149,0.1457087095991679,0.4205229073166149,1.0,0.0,10.0,5.0,,1754026888043.2,7.720000000000001,3.2380000000000004,5.0,1754026887279.0,1754026892279.0,0.0,0.0,606921.94007,606926.94007,1211.0,29.33013947357654,2.4682086372256355,3.099702171473972,0.2958158849334419,10.392304845413264,1.5498510857369858,18.738777276638903,29.33013947357654,83.2352856753165,48.16467751616797,0.9939357893881506,0.9935412559991608,0.0418271117444625,0.0402734678437883,4.0,19.937530142819863,142.89101381689653,0.0894902470540612,0.9015223813870762,12.760441708336248,0.0187607747692931,1754026887711.7805,1754026892711.7805
0.8117692307692306,0.0004576390532544,0.1613385826771653,0.0002199392398784,0.8336538461538462,0.1692913385826771,0.1487528288623703,0.3527670018048038,0.1487528288623703,0.3527670018048038,1.0,0.0,10.0,6.0,0.0855772869546065,1754025692395.0,5.0,5.0,6.0,1754025692395.0,1754025697395.0,1.0,1.0,605721.94007,605726.94007,1157.0,25.74326225548804,1.8271528178167116,2.8685776013487647,0.2367471193439018,10.392304845413264,1.4342888006743824,17.289776283242666,25.74326225548804,82.84968846972757,51.2966067264822,0.9834551133919748,0.9834051693879696,0.0607805326694378,0.0551037130382249,8.0,37.97019502540549,245.14447961554717,0.108422642254771,1.907449052953049,18.560593224488045,0.0198183444783089,1754025687711.7805,1754025692711.7805
0.8117692307692306,0.0004576390532544,0.1613385826771653,0.0002199392398784,0.8336538461538462,0.1692913385826771,0.1487528288623703,0.3527670018048038,0.1487528288623703,0.3527670018048038,1.0,0.0,10.0,6.0,0.0855772869546065,1754025692395.0,5.0,5.0,6.0,1754025692395.0,1754025697395.0,1.0,1.0,605726.94007,605731.94007,1216.0,29.70733976304534,2.541218891199171,3.363793731177048,0.32030604347641,10.392304845413264,1.6818968655885238,20.18183942328013,29.70733976304534,86.53748799695332,51.47470921703015,0.9968460232909432,0.9969738612349096,0.026841505937716,0.0213487764724075,1.0,151.13773672422357,3426.3385284378382,0.0600573648826584,0.603554119873744,10.480296874786118,0.0180632502308402,1754025692711.7805,1754025697711.7805
0.8380769230769232,0.000401923076923,0.1533070866141732,0.0004314650629301,0.85,0.1609251968503936,0.1750605211700628,0.360798497867796,0.1750605211700628,0.360798497867796,1.0,0.0,10.0,6.0,0.0475049826059024,1754025692395.0,5.0,5.0,6.0,1754025692395.0,1754025697395.0,1.0,1.0,605721.94007,605726.94007,1157.0,25.74326225548804,1.8271528178167116,2.8685776013487647,0.2367471193439018,10.392304845413264,1.4342888006743824,17.289776283242666,25.74326225548804,82.84968846972757,51.2966067264822,0.9834551133919748,0.9834051693879696,0.0607805326694378,0.0551037130382249,8.0,37.97019502540549,245.14447961554717,0.108422642254771,1.907449052953049,18.560593224488045,0.0198183444783089,1754025687711.7805,1754025692711.7805
0.8380769230769232,0.000401923076923,0.1533070866141732,0.0004314650629301,0.85,0.1609251968503936,0.1750605211700628,0.360798497867796,0.1750605211700628,0.360798497867796,1.0,0.0,10.0,6.0,0.0475049826059024,1754025692395.0,5.0,5.0,6.0,1754025692395.0,1754025697395.0,1.0,1.0,605726.94007,605731.94007,1216.0,29.70733976304534,2.541218891199171,3.363793731177048,0.32030604347641,10.392304845413264,1.6818968655885238,20.18183942328013,29.70733976304534,86.53748799695332,51.47470921703015,0.9968460232909432,0.9969738612349096,0.026841505937716,0.0213487764724075,1.0,151.13773672422357,3426.3385284378382,0.0600573648826584,0.603554119873744,10.480296874786118,0.0180632502308402,1754025692711.7805,1754025697711.7805
0.8293076923076924,0.0005537810650887,0.1651968503937007,0.0008245768491536,0.85,0.1791338582677165,0.1662912904008321,0.3489087340882684,0.1662912904008321,0.3489087340882684,1.0,0.0,10.0,6.0,0.3827228220361053,1754025704829.5454,6.066363636363636,5.530909090909091,6.0,1754025702397.0,1754025707397.0,0.0,1.0,605731.94007,605736.94007,1238.0,34.193425922550354,3.1612693080885204,3.902330330547915,0.3843928225126645,10.392304845413264,1.9511651652739572,24.017599204910336,34.193425922550354,88.07119964295812,56.84644167353183,0.9942208398612848,0.9942265473561188,0.0298439504378695,0.0215445530242495,0.0,3.6978995540898585,14.82439715577019,0.0745505172303821,0.0004625052469733,0.0078722005500389,0.0176288864325595,1754025697711.7805,1754025702711.7805
0.8293076923076924,0.0005537810650887,0.1651968503937007,0.0008245768491536,0.85,0.1791338582677165,0.1662912904008321,0.3489087340882684,0.1662912904008321,0.3489087340882684,1.0,0.0,10.0,6.0,0.3827228220361053,1754025704829.5454,6.066363636363636,5.530909090909091,6.0,1754025702397.0,1754025707397.0,0.0,1.0,605736.94007,605741.94007,1226.0,29.11168056971487,2.1375745099549035,3.3230287084510217,0.2830494377301672,10.392304845413264,1.6615143542255109,19.50222375880672,29.11168056971487,73.9899987266923,50.37854005983936,0.9963987108170564,0.9963987108170564,0.0269232051832002,0.0241709623219741,2.0,107.2500560113072,2344.4243118248964,0.0760527706258264,0.1497557775647189,5.221773595482034,0.0180590137660627,1754025702711.7805,1754025707711.7805
0.8206153846153845,0.0010347692307692,0.1735826771653542,0.0002290424080848,0.8451923076923077,0.1786417322834645,0.1575989827085242,0.3405229073166149,0.1575989827085242,0.3405229073166149,1.0,0.0,10.0,6.0,0.1890867243829985,1754025704829.5454,6.066363636363636,5.530909090909091,6.0,1754025702397.0,1754025707397.0,0.0,0.0,605731.94007,605736.94007,1238.0,34.193425922550354,3.1612693080885204,3.902330330547915,0.3843928225126645,10.392304845413264,1.9511651652739572,24.017599204910336,34.193425922550354,88.07119964295812,56.84644167353183,0.9942208398612848,0.9942265473561188,0.0298439504378695,0.0215445530242495,0.0,3.6978995540898585,14.82439715577019,0.0745505172303821,0.0004625052469733,0.0078722005500389,0.0176288864325595,1754025697711.7805,1754025702711.7805
0.8206153846153845,0.0010347692307692,0.1735826771653542,0.0002290424080848,0.8451923076923077,0.1786417322834645,0.1575989827085242,0.3405229073166149,0.1575989827085242,0.3405229073166149,1.0,0.0,10.0,6.0,0.1890867243829985,1754025704829.5454,6.066363636363636,5.530909090909091,6.0,1754025702397.0,1754025707397.0,0.0,0.0,605736.94007,605741.94007,1226.0,29.11168056971487,2.1375745099549035,3.3230287084510217,0.2830494377301672,10.392304845413264,1.6615143542255109,19.50222375880672,29.11168056971487,73.9899987266923,50.37854005983936,0.9963987108170564,0.9963987108170564,0.0269232051832002,0.0241709623219741,2.0,107.2500560113072,2344.4243118248964,0.0760527706258264,0.1497557775647189,5.221773595482034,0.0180590137660627,1754025702711.7805,1754025707711.7805
0.9173076923076924,0.0004315088757396,0.1685039370078739,0.0001669353338706,0.9346153846153846,0.1766732283464566,0.2542912904008321,0.3456016474740952,0.2542912904008321,0.3456016474740952,1.0,0.0,10.0,6.0,0.3714526229308642,1754025714365.75,7.532500000000001,6.07,6.0,1754025712399.0,1754025717399.0,0.0,0.0,605741.94007,605746.94007,1178.0,29.73938952249133,2.312374979490821,3.368854522883426,0.2564942539318799,10.392304845413264,1.684427261441713,19.976227555360108,29.73938952249133,89.80032378198005,50.19936428617709,0.9917087148000074,0.9917231144208416,0.047200349768771,0.0429205966373951,6.0,110.54552436879732,1510.3087210077592,0.0445344945395737,1.2513068179810252,15.067312807027315,0.0188842224406517,1754025707711.7805,1754025712711.7805
0.9173076923076924,0.0004315088757396,0.1685039370078739,0.0001669353338706,0.9346153846153846,0.1766732283464566,0.2542912904008321,0.3456016474740952,0.2542912904008321,0.3456016474740952,1.0,0.0,10.0,6.0,0.3714526229308642,1754025714365.75,7.532500000000001,6.07,6.0,1754025712399.0,1754025717399.0,0.0,0.0,605746.94007,605751.94007,1239.0,29.7417622217292,1.6570950943381078,3.3763624420580154,0.2390160594108987,10.392304845413262,1.6881812210290077,19.538874075582616,29.7417622217292,76.47631874995461,49.20094118829021,0.999023798865292,0.999023798865292,0.0048960300625214,0.0037325526526051,0.0,5.731593346076558,14.264780081442307,0.0688631427245264,0.0001642324516418,0.0027779360528047,0.0175438596491228,1754025712711.7805,1754025717711.7805
0.8943846153846153,4.213609467455662e-05,0.1741732283464566,0.0001206274412548,0.9,0.1771653543307086,0.231368213477755,0.3399323561355125,0.231368213477755,0.3399323561355125,1.0,0.0,10.0,6.0,0.5110252497931985,1754025714365.75,7.532500000000001,6.07,6.0,1754025712399.0,1754025717399.0,0.0,0.0,605741.94007,605746.94007,1178.0,29.73938952249133,2.312374979490821,3.368854522883426,0.2564942539318799,10.392304845413264,1.684427261441713,19.976227555360108,29.73938952249133,89.80032378198005,50.19936428617709,0.9917087148000074,0.9917231144208416,0.047200349768771,0.0429205966373951,6.0,110.54552436879732,1510.3087210077592,0.0445344945395737,1.2513068179810252,15.067312807027315,0.0188842224406517,1754025707711.7805,1754025712711.7805
0.8943846153846153,4.213609467455662e-05,0.1741732283464566,0.0001206274412548,0.9,0.1771653543307086,0.231368213477755,0.3399323561355125,0.231368213477755,0.3399323561355125,1.0,0.0,10.0,6.0,0.5110252497931985,1754025714365.75,7.532500000000001,6.07,6.0,1754025712399.0,1754025717399.0,0.0,0.0,605746.94007,605751.94007,1239.0,29.7417622217292,1.6570950943381078,3.3763624420580154,0.2390160594108987,10.392304845413262,1.6881812210290077,19.538874075582616,29.7417622217292,76.47631874995461,49.20094118829021,0.999023798865292,0.999023798865292,0.0048960300625214,0.0037325526526051,0.0,5.731593346076558,14.264780081442307,0.0688631427245264,0.0001642324516418,0.0027779360528047,0.0175438596491228,1754025712711.7805,1754025717711.7805
0.8767692307692306,2.719526627218916e-05,0.1661417322834645,9.610019220038446e-05,0.8807692307692307,0.1673228346456693,0.2137528288623703,0.3479638521985047,0.2137528288623703,0.3479638521985047,1.0,0.0,10.0,6.0,0.4265555456171346,1754025724971.0,7.843333333333334,5.98,6.0,1754025722401.0,1754025727401.0,0.0,0.0,605751.94007,605756.94007,1236.0,29.444569591621462,1.5040680407506846,3.333917720740266,0.208523053267415,10.392304845413264,1.666958860370133,19.80030276552001,29.444569591621462,86.6632839725706,51.24730760653297,0.9999512380409528,0.9999512380409528,0.0012927269628639,0.0009134449481438,0.0,3.1436418010587768,4.767809400879513,0.025813401676998,0.0001858387282143,0.0035914892783188,0.0175438596491228,1754025717711.7805,1754025722711.7805
0.8767692307692306,2.719526627218916e-05,0.1661417322834645,9.610019220038446e-05,0.8807692307692307,0.1673228346456693,0.2137528288623703,0.3479638521985047,0.2137528288623703,0.3479638521985047,1.0,0.0,10.0,6.0,0.4265555456171346,1754025724971.0,7.843333333333334,5.98,6.0,1754025722401.0,1754025727401.0,0.0,0.0,605756.94007,605761.94007,1226.0,30.314722592793515,2.146430742169901,3.4386396050002137,0.2797064701590752,10.392304845413264,1.7193198025001069,20.29579067930203,30.314722592793515,87.2250154678113,52.44856301375509,0.990363633820334,0.99035003377552,0.0392742604294766,0.0347707264316701,1.0,11.682421953570152,60.5328942181612,0.0941330099856721,0.2986974366286866,7.37866656016882,0.0178014367075928,1754025722711.7805,1754025727711.7805
0.8588461538461537,9.423076923076948e-05,0.1618897637795275,0.0001544671089342,0.8653846153846154,0.1614173228346456,0.1958297519392934,0.3522158207024417,0.1958297519392934,0.3522158207024417,1.0,0.0,10.0,6.0,0.2637355195180526,1754025724971.0,7.843333333333334,5.98,6.0,1754025722401.0,1754025727401.0,0.0,0.0,605751.94007,605756.94007,1236.0,29.444569591621462,1.5040680407506846,3.333917720740266,0.208523053267415,10.392304845413264,1.666958860370133,19.80030276552001,29.444569591621462,86.6632839725706,51.24730760653297,0.9999512380409528,0.9999512380409528,0.0012927269628639,0.0009134449481438,0.0,3.1436418010587768,4.767809400879513,0.025813401676998,0.0001858387282143,0.0035914892783188,0.0175438596491228,1754025717711.7805,1754025722711.7805
0.8588461538461537,9.423076923076948e-05,0.1618897637795275,0.0001544671089342,0.8653846153846154,0.1614173228346456,0.1958297519392934,0.3522158207024417,0.1958297519392934,0.3522158207024417,1.0,0.0,10.0,6.0,0.2637355195180526,1754025724971.0,7.843333333333334,5.98,6.0,1754025722401.0,1754025727401.0,0.0,0.0,605756.94007,605761.94007,1226.0,30.314722592793515,2.146430742169901,3.4386396050002137,0.2797064701590752,10.392304845413264,1.7193198025001069,20.29579067930203,30.314722592793515,87.2250154678113,52.44856301375509,0.990363633820334,0.99035003377552,0.0392742604294766,0.0347707264316701,1.0,11.682421953570152,60.5328942181612,0.0941330099856721,0.2986974366286866,7.37866656016882,0.0178014367075928,1754025722711.7805,1754025727711.7805
0.8428461538461538,1.302366863905316e-05,0.1618897637795275,0.0001738421476842,0.8461538461538461,0.1668307086614173,0.1798297519392935,0.3522158207024417,0.1798297519392935,0.3522158207024417,1.0,0.0,10.0,6.0,0.1787770347909768,1754025724971.0,7.843333333333334,5.98,6.0,1754025722401.0,1754025727401.0,0.0,0.0,605751.94007,605756.94007,1236.0,29.444569591621462,1.5040680407506846,3.333917720740266,0.208523053267415,10.392304845413264,1.666958860370133,19.80030276552001,29.444569591621462,86.6632839725706,51.24730760653297,0.9999512380409528,0.9999512380409528,0.0012927269628639,0.0009134449481438,0.0,3.1436418010587768,4.767809400879513,0.025813401676998,0.0001858387282143,0.0035914892783188,0.0175438596491228,1754025717711.7805,1754025722711.7805
0.8428461538461538,1.302366863905316e-05,0.1618897637795275,0.0001738421476842,0.8461538461538461,0.1668307086614173,0.1798297519392935,0.3522158207024417,0.1798297519392935,0.3522158207024417,1.0,0.0,10.0,6.0,0.1787770347909768,1754025724971.0,7.843333333333334,5.98,6.0,1754025722401.0,1754025727401.0,0.0,0.0,605756.94007,605761.94007,1226.0,30.314722592793515,2.146430742169901,3.4386396050002137,0.2797064701590752,10.392304845413264,1.7193198025001069,20.29579067930203,30.314722592793515,87.2250154678113,52.44856301375509,0.990363633820334,0.99035003377552,0.0392742604294766,0.0347707264316701,1.0,11.682421953570152,60.5328942181612,0.0941330099856721,0.2986974366286866,7.37866656016882,0.0178014367075928,1754025722711.7805,1754025727711.7805
0.8462307692307692,3.0467455621301628e-05,0.1537007874015747,0.0001306404612809,0.85,0.1569881889763779,0.1832143673239089,0.3604047970803944,0.1832143673239089,0.3604047970803944,1.0,0.0,10.0,6.0,1.0759769192859876e-05,1754025737818.0,7.67,6.33,6.0,1754025737404.0,1754025742404.0,0.0,0.0,605766.94007,605771.94007,1239.0,29.368395804484315,1.6213153746900322,3.308841841798372,0.2135392512607741,10.392304845413262,1.6544209208991858,19.291886258302,29.368395804484315,88.06043697727691,49.453966945871095,0.9986532215513751,0.9986572570638854,0.0214257022455069,0.0151432407216124,0.0,6.508526938734098,42.284911283725584,0.0307362153575483,0.0003962864519324,0.0069093878477534,0.0175438596491228,1754025732711.7805,1754025737711.7805
0.8462307692307692,3.0467455621301628e-05,0.1537007874015747,0.0001306404612809,0.85,0.1569881889763779,0.1832143673239089,0.3604047970803944,0.1832143673239089,0.3604047970803944,1.0,0.0,10.0,6.0,1.0759769192859876e-05,1754025737818.0,7.67,6.33,6.0,1754025737404.0,1754025742404.0,0.0,0.0,605771.94007,605776.94007,1227.0,30.10977675690471,3.4045981826352305,3.3886418003773597,0.3866028268801358,10.392304845413264,1.6943209001886796,19.971883479583948,30.10977675690471,85.54504636852649,49.965065670741296,0.9970900958021658,0.9971226950084178,0.0245359055854913,0.0227502373625133,1.0,55.852805573580746,714.4854020581859,0.0576497550195962,0.2981777464247814,7.368421524324418,0.0177154377386007,1754025737711.7805,1754025742711.7805
0.8445384615384615,1.95798816568046e-05,0.1522047244094487,0.0001248434496868,0.8461538461538461,0.155511811023622,0.1815220596316011,0.3619008600725204,0.1815220596316011,0.3619008600725204,1.0,0.0,10.0,6.0,0.1611579397357093,1754025746858.0,7.4,6.33,6.0,1754025742405.0,1754025747405.0,0.0,0.0,605771.94007,605776.94007,1227.0,30.10977675690471,3.4045981826352305,3.3886418003773597,0.3866028268801358,10.392304845413264,1.6943209001886796,19.971883479583948,30.10977675690471,85.54504636852649,49.965065670741296,0.9970900958021658,0.9971226950084178,0.0245359055854913,0.0227502373625133,1.0,55.852805573580746,714.4854020581859,0.0576497550195962,0.2981777464247814,7.368421524324418,0.0177154377386007,1754025737711.7805,1754025742711.7805
0.8445384615384615,1.95798816568046e-05,0.1522047244094487,0.0001248434496868,0.8461538461538461,0.155511811023622,0.1815220596316011,0.3619008600725204,0.1815220596316011,0.3619008600725204,1.0,0.0,10.0,6.0,0.1611579397357093,1754025746858.0,7.4,6.33,6.0,1754025742405.0,1754025747405.0,0.0,0.0,605776.94007,605781.94007,1220.0,32.66526193657653,3.326237459604745,3.6722702537008,0.3992946135791608,10.392304845413264,1.8361351268504,21.798151894126526,32.66526193657653,78.16680303052746,50.70914298792538,0.9865309977130576,0.9865309977130576,0.0445870117695369,0.0367229676672146,4.0,30.789180811760986,522.4441443720261,0.0594864729762812,0.600704205801701,10.454549128061196,0.0181478285878631,1754025742711.7805,1754025747711.7805
0.8454615384615384,1.0467455621301702e-05,0.1473228346456692,0.0001373860747721,0.8461538461538461,0.1496062992125984,0.1824451365546781,0.3667827498362999,0.1824451365546781,0.3667827498362999,1.0,0.0,10.0,6.0,0.0024871320989768,1754025748379.5833,5.666666666666667,6.329999999999999,6.0,1754025747406.0,1754025752406.0,0.0,0.0,605776.94007,605781.94007,1220.0,32.66526193657653,3.326237459604745,3.6722702537008,0.3992946135791608,10.392304845413264,1.8361351268504,21.798151894126526,32.66526193657653,78.16680303052746,50.70914298792538,0.9865309977130576,0.9865309977130576,0.0445870117695369,0.0367229676672146,4.0,30.789180811760986,522.4441443720261,0.0594864729762812,0.600704205801701,10.454549128061196,0.0181478285878631,1754025742711.7805,1754025747711.7805
0.8454615384615384,1.0467455621301702e-05,0.1473228346456692,0.0001373860747721,0.8461538461538461,0.1496062992125984,0.1824451365546781,0.3667827498362999,0.1824451365546781,0.3667827498362999,1.0,0.0,10.0,6.0,0.0024871320989768,1754025748379.5833,5.666666666666667,6.329999999999999,6.0,1754025747406.0,1754025752406.0,0.0,0.0,605781.94007,605786.94007,1218.0,31.97523915251238,2.085758042322709,3.5769961170553137,0.29067476372892,10.392304845413264,1.7884980585276569,21.27545271178139,31.97523915251238,76.21827736575332,50.51907450758563,0.9961529551749364,0.9962648310611776,0.0209764432578657,0.0148930542876676,0.0,11.324710183175906,94.9632789480478,0.0627466023469337,0.3007879871860072,7.4000197129684,0.0178031285109325,1754025747711.7805,1754025752711.7805
0.8453846153846155,2.662721893491105e-05,0.1494881889763779,0.0001129037758075,0.8461538461538461,0.15501968503937,0.1823682134777552,0.3646173955055912,0.1823682134777552,0.3646173955055912,1.0,0.0,10.0,6.0,0.1058401937562757,1754025748379.5833,5.666666666666667,6.329999999999999,6.0,1754025747406.0,1754025752406.0,0.0,0.0,605776.94007,605781.94007,1220.0,32.66526193657653,3.326237459604745,3.6722702537008,0.3992946135791608,10.392304845413264,1.8361351268504,21.798151894126526,32.66526193657653,78.16680303052746,50.70914298792538,0.9865309977130576,0.9865309977130576,0.0445870117695369,0.0367229676672146,4.0,30.789180811760986,522.4441443720261,0.0594864729762812,0.600704205801701,10.454549128061196,0.0181478285878631,1754025742711.7805,1754025747711.7805
0.8453846153846155,2.662721893491105e-05,0.1494881889763779,0.0001129037758075,0.8461538461538461,0.15501968503937,0.1823682134777552,0.3646173955055912,0.1823682134777552,0.3646173955055912,1.0,0.0,10.0,6.0,0.1058401937562757,1754025748379.5833,5.666666666666667,6.329999999999999,6.0,1754025747406.0,1754025752406.0,0.0,0.0,605781.94007,605786.94007,1218.0,31.97523915251238,2.085758042322709,3.5769961170553137,0.29067476372892,10.392304845413264,1.7884980585276569,21.27545271178139,31.97523915251238,76.21827736575332,50.51907450758563,0.9961529551749364,0.9962648310611776,0.0209764432578657,0.0148930542876676,0.0,11.324710183175906,94.9632789480478,0.0627466023469337,0.3007879871860072,7.4000197129684,0.0178031285109325,1754025747711.7805,1754025752711.7805
0.8496153846153848,1.139053254437862e-05,0.1465748031496062,0.0001035727571455,0.8538461538461538,0.1491141732283464,0.1865989827085244,0.3675307813323629,0.1865989827085244,0.3675307813323629,1.0,0.0,10.0,6.0,0.1010366017749596,1754025759700.8333,5.889166666666667,6.374999999999999,6.0,1754025757408.0,1754025762408.0,0.0,0.0,605786.94007,605791.94007,1193.0,33.835348919474264,4.111123821124249,3.761663919414027,0.4786760185046201,10.392304845413266,1.8808319597070136,22.25346688005871,33.835348919474264,83.68854953806081,49.70067795509984,0.9607238631693198,0.9605944081718224,0.1060054378895189,0.075588889336662,7.0,23.658351550982136,258.18106414446896,0.0615259147288556,1.2372426147909177,14.97798607574486,0.0193085395803002,1754025752711.7805,1754025757711.7805
0.8496153846153848,1.139053254437862e-05,0.1465748031496062,0.0001035727571455,0.8538461538461538,0.1491141732283464,0.1865989827085244,0.3675307813323629,0.1865989827085244,0.3675307813323629,1.0,0.0,10.0,6.0,0.1010366017749596,1754025759700.8333,5.889166666666667,6.374999999999999,6.0,1754025757408.0,1754025762408.0,0.0,0.0,605791.94007,605796.94007,1239.0,30.281279284018847,1.533627567016026,3.379453704642497,0.287150133115582,10.392304845413262,1.6897268523212488,19.496386035795283,30.281279284018847,69.52018223756747,47.02513445548976,0.9974254353289154,0.9974254353289154,0.0097790255566884,0.0067453428475122,0.0,10.866156036594646,89.41921588323379,0.0633760101509483,0.0019117977682192,0.0318311259938132,0.0175438596491228,1754025757711.7805,1754025762711.7805
0.8535384615384615,1.7656804733727865e-05,0.1418897637795275,0.0001208754417508,0.8576923076923076,0.1466535433070865,0.1905220596316011,0.3722158207024416,0.1905220596316011,0.3722158207024416,1.0,0.0,10.0,6.0,0.096719238301444,1754025762661.3333,7.13,7.133333333333333,6.0,1754025762409.0,1754025767409.0,0.0,0.0,605791.94007,605796.94007,1239.0,30.281279284018847,1.533627567016026,3.379453704642497,0.287150133115582,10.392304845413262,1.6897268523212488,19.496386035795283,30.281279284018847,69.52018223756747,47.02513445548976,0.9974254353289154,0.9974254353289154,0.0097790255566884,0.0067453428475122,0.0,10.866156036594646,89.41921588323379,0.0633760101509483,0.0019117977682192,0.0318311259938132,0.0175438596491228,1754025757711.7805,1754025762711.7805
0.8535384615384615,1.7656804733727865e-05,0.1418897637795275,0.0001208754417508,0.8576923076923076,0.1466535433070865,0.1905220596316011,0.3722158207024416,0.1905220596316011,0.3722158207024416,1.0,0.0,10.0,6.0,0.096719238301444,1754025762661.3333,7.13,7.133333333333333,6.0,1754025762409.0,1754025767409.0,0.0,0.0,605796.94007,605801.94007,1226.0,29.86831116013368,2.190464517170512,3.339311153790831,0.3097727255784437,10.392304845413264,1.669655576895415,18.989704874924087,29.86831116013368,78.8678241143812,47.2487595301502,0.9970460575009212,0.9970460575009212,0.0254561749723267,0.0217005123159301,1.0,249.73319383975507,4481.337293089562,0.0812956315779682,0.2983599643618629,7.373001790845491,0.0177155776881028,1754025762711.7805,1754025767711.7805
0.8593846153846155,1.2520710059171842e-05,0.144015748031496,0.0001378510757021,0.8615384615384616,0.1491141732283464,0.1963682134777552,0.3700898364504731,0.1963682134777552,0.3700898364504731,1.0,0.0,10.0,6.0,0.1357835595976669,1754025762661.3333,7.13,7.133333333333333,6.0,1754025762409.0,1754025767409.0,0.0,0.0,605791.94007,605796.94007,1239.0,30.281279284018847,1.533627567016026,3.379453704642497,0.287150133115582,10.392304845413262,1.6897268523212488,19.496386035795283,30.281279284018847,69.52018223756747,47.02513445548976,0.9974254353289154,0.9974254353289154,0.0097790255566884,0.0067453428475122,0.0,10.866156036594646,89.41921588323379,0.0633760101509483,0.0019117977682192,0.0318311259938132,0.0175438596491228,1754025757711.7805,1754025762711.7805
0.8593846153846155,1.2520710059171842e-05,0.144015748031496,0.0001378510757021,0.8615384615384616,0.1491141732283464,0.1963682134777552,0.3700898364504731,0.1963682134777552,0.3700898364504731,1.0,0.0,10.0,6.0,0.1357835595976669,1754025762661.3333,7.13,7.133333333333333,6.0,1754025762409.0,1754025767409.0,0.0,0.0,605796.94007,605801.94007,1226.0,29.86831116013368,2.190464517170512,3.339311153790831,0.3097727255784437,10.392304845413264,1.669655576895415,18.989704874924087,29.86831116013368,78.8678241143812,47.2487595301502,0.9970460575009212,0.9970460575009212,0.0254561749723267,0.0217005123159301,1.0,249.73319383975507,4481.337293089562,0.0812956315779682,0.2983599643618629,7.373001790845491,0.0177155776881028,1754025762711.7805,1754025767711.7805
0.852153846153846,1.90295857988166e-05,0.1393700787401574,0.0001081902163804,0.8538461538461538,0.1417322834645669,0.1891374442469857,0.3747355057418117,0.1891374442469857,0.3747355057418117,1.0,0.0,10.0,6.0,0.0030547108990399,1754025776507.0,7.13,6.866666666666667,6.0,1754025772411.0,1754025777411.0,0.0,0.0,605801.94007,605806.94007,1191.0,28.4404214062672,1.886656803093241,3.1846607805056943,0.275748605999684,10.392304845413262,1.5923303902528472,17.99629697481715,28.4404214062672,83.55120628701981,46.646587782019445,0.994731032358846,0.9944684012111096,0.0369128996520404,0.0320553757664148,1.0,43.92119161160456,640.9375003108545,0.0549553648110798,0.6153302497375002,10.58417146887514,0.018516063458394,1754025767711.7805,1754025772711.7805
0.852153846153846,1.90295857988166e-05,0.1393700787401574,0.0001081902163804,0.8538461538461538,0.1417322834645669,0.1891374442469857,0.3747355057418117,0.1891374442469857,0.3747355057418117,1.0,0.0,10.0,6.0,0.0030547108990399,1754025776507.0,7.13,6.866666666666667,6.0,1754025772411.0,1754025777411.0,0.0,0.0,605806.94007,605811.94007,1220.0,28.103124092657527,1.5553393075710606,3.1401548975347,0.2658776197951867,10.392304845413264,1.57007744876735,18.15951246897545,28.103124092657527,78.27887464863082,47.90622089393288,0.993746952313502,0.993746952313502,0.0395055617396438,0.0363299908371396,4.0,89.47889603116394,1718.7744911113402,0.0692236846201157,0.601742676644594,10.465882896652246,0.0183203911417889,1754025772711.7805,1754025777711.7805
0.852923076923077,2.340828402366863e-05,0.139527559055118,0.000166259532519,0.8576923076923076,0.1441929133858267,0.1899066750162167,0.3745780254268511,0.1899066750162167,0.3745780254268511,1.0,0.0,10.0,6.0,0.0203864850688909,1754025780003.0,7.175,5.711666666666666,6.0,1754025777412.0,1754025782412.0,0.0,0.0,605806.94007,605811.94007,1220.0,28.103124092657527,1.5553393075710606,3.1401548975347,0.2658776197951867,10.392304845413264,1.57007744876735,18.15951246897545,28.103124092657527,78.27887464863082,47.90622089393288,0.993746952313502,0.993746952313502,0.0395055617396438,0.0363299908371396,4.0,89.47889603116394,1718.7744911113402,0.0692236846201157,0.601742676644594,10.465882896652246,0.0183203911417889,1754025772711.7805,1754025777711.7805
0.852923076923077,2.340828402366863e-05,0.139527559055118,0.000166259532519,0.8576923076923076,0.1441929133858267,0.1899066750162167,0.3745780254268511,0.1899066750162167,0.3745780254268511,1.0,0.0,10.0,6.0,0.0203864850688909,1754025780003.0,7.175,5.711666666666666,6.0,1754025777412.0,1754025782412.0,0.0,0.0,605811.94007,605816.94007,1222.0,29.46874855093308,1.5596665431452277,3.300166361880749,0.2967016432201152,10.392304845413264,1.6500831809403744,19.383261016708524,29.46874855093308,66.5308057392807,46.84770739119573,0.996026843314325,0.9959864957235708,0.0261113914187152,0.0211100450907136,1.0,11.082131782553148,55.56721918237885,0.0521012384864282,0.300576053455157,7.386837313273735,0.0178022798403537,1754025777711.7805,1754025782711.7805
0.8569230769230768,3.786982248520739e-05,0.1381889763779527,0.0001390352780705,0.8615384615384616,0.1432086614173228,0.1939066750162165,0.3759166081040165,0.1939066750162165,0.3759166081040165,1.0,0.0,10.0,6.0,0.4374461390562684,1754025780003.0,7.175,5.711666666666666,6.0,1754025777412.0,1754025782412.0,0.0,0.0,605806.94007,605811.94007,1220.0,28.103124092657527,1.5553393075710606,3.1401548975347,0.2658776197951867,10.392304845413264,1.57007744876735,18.15951246897545,28.103124092657527,78.27887464863082,47.90622089393288,0.993746952313502,0.993746952313502,0.0395055617396438,0.0363299908371396,4.0,89.47889603116394,1718.7744911113402,0.0692236846201157,0.601742676644594,10.465882896652246,0.0183203911417889,1754025772711.7805,1754025777711.7805
0.8569230769230768,3.786982248520739e-05,0.1381889763779527,0.0001390352780705,0.8615384615384616,0.1432086614173228,0.1939066750162165,0.3759166081040165,0.1939066750162165,0.3759166081040165,1.0,0.0,10.0,6.0,0.4374461390562684,1754025780003.0,7.175,5.711666666666666,6.0,1754025777412.0,1754025782412.0,0.0,0.0,605811.94007,605816.94007,1222.0,29.46874855093308,1.5596665431452277,3.300166361880749,0.2967016432201152,10.392304845413264,1.6500831809403744,19.383261016708524,29.46874855093308,66.5308057392807,46.84770739119573,0.996026843314325,0.9959864957235708,0.0261113914187152,0.0211100450907136,1.0,11.082131782553148,55.56721918237885,0.0521012384864282,0.300576053455157,7.386837313273735,0.0178022798403537,1754025777711.7805,1754025782711.7805
0.8752307692307693,2.257988165680458e-05,0.1363779527559054,0.0001165664331328,0.8769230769230769,0.1377952755905512,0.2122143673239089,0.3777276317260637,0.2122143673239089,0.3777276317260637,1.0,0.0,10.0,6.0,0.1014166850305199,1754025789333.5715,7.399999999999999,6.332857142857143,6.0,1754025787414.0,1754025792414.0,0.0,0.0,605816.94007,605821.94007,1220.0,28.36721185189893,1.9880825099227264,3.1341547250186994,0.2428623234959822,10.392304845413264,1.5670773625093497,18.007268091415483,28.36721185189893,84.98216452679418,46.95697036760158,0.9952807957140865,0.9951383683020826,0.0361528532553281,0.0276818789348814,0.0,39.87051575174728,493.330767769832,0.0526322965295308,0.3010235141749627,7.395926128933711,0.0178889847569744,1754025782711.7805,1754025787711.7805
0.8752307692307693,2.257988165680458e-05,0.1363779527559054,0.0001165664331328,0.8769230769230769,0.1377952755905512,0.2122143673239089,0.3777276317260637,0.2122143673239089,0.3777276317260637,1.0,0.0,10.0,6.0,0.1014166850305199,1754025789333.5715,7.399999999999999,6.332857142857143,6.0,1754025787414.0,1754025792414.0,0.0,0.0,605821.94007,605826.94007,1240.0,31.45442024641404,1.3846023484100614,3.4516930193892126,0.2125682626069742,10.392304845413264,1.7258465096946063,20.22898767302837,31.45442024641404,72.15659556079213,47.47074250810552,0.9987135311081012,0.9987135311081012,0.0128546061472348,0.0093095581524676,0.0,4.714644020248955,9.793861183881582,0.0690542843272872,0.0001792641008996,0.0031561089756119,0.0175438596491228,1754025787711.7805,1754025792711.7805
0.8699999999999999,2.840236686390512e-05,0.1362992125984251,7.898195796391602e-05,0.8730769230769231,0.1377952755905512,0.2069835980931396,0.377806371883544,0.2069835980931396,0.377806371883544,1.0,0.0,10.0,6.0,0.0914550054899278,1754025793250.5,7.13,7.532500000000001,6.0,1754025792415.0,1754025797415.0,0.0,0.0,605821.94007,605826.94007,1240.0,31.45442024641404,1.3846023484100614,3.4516930193892126,0.2125682626069742,10.392304845413264,1.7258465096946063,20.22898767302837,31.45442024641404,72.15659556079213,47.47074250810552,0.9987135311081012,0.9987135311081012,0.0128546061472348,0.0093095581524676,0.0,4.714644020248955,9.793861183881582,0.0690542843272872,0.0001792641008996,0.0031561089756119,0.0175438596491228,1754025787711.7805,1754025792711.7805
0.8699999999999999,2.840236686390512e-05,0.1362992125984251,7.898195796391602e-05,0.8730769230769231,0.1377952755905512,0.2069835980931396,0.377806371883544,0.2069835980931396,0.377806371883544,1.0,0.0,10.0,6.0,0.0914550054899278,1754025793250.5,7.13,7.532500000000001,6.0,1754025792415.0,1754025797415.0,0.0,0.0,605826.94007,605831.94007,1218.0,29.4420097024204,2.5001778879032783,3.234352326865229,0.3110728205219221,10.392304845413264,1.6171761634326145,18.827853043169835,29.4420097024204,79.61701422831234,47.46293640208291,0.9962699312975484,0.9962904173797364,0.028202381350511,0.0273148650719709,2.0,92.68192721199496,1768.5668344459652,0.0873837478115745,0.6009935754219861,10.450362995841417,0.0183216662345518,1754025792711.7805,1754025797711.7805
0.8625384615384616,1.527218934911255e-05,0.1374015748031495,0.0001187302374604,0.8653846153846154,0.1412401574803149,0.1995220596316013,0.3767040096788197,0.1995220596316013,0.3767040096788197,1.0,0.0,10.0,6.0,0.0464403017699136,1754025800422.5557,7.135555555555555,7.134444444444444,6.0,1754025797416.0,1754025802416.0,0.0,0.0,605826.94007,605831.94007,1218.0,29.4420097024204,2.5001778879032783,3.234352326865229,0.3110728205219221,10.392304845413264,1.6171761634326145,18.827853043169835,29.4420097024204,79.61701422831234,47.46293640208291,0.9962699312975484,0.9962904173797364,0.028202381350511,0.0273148650719709,2.0,92.68192721199496,1768.5668344459652,0.0873837478115745,0.6009935754219861,10.450362995841417,0.0183216662345518,1754025792711.7805,1754025797711.7805
0.8625384615384616,1.527218934911255e-05,0.1374015748031495,0.0001187302374604,0.8653846153846154,0.1412401574803149,0.1995220596316013,0.3767040096788197,0.1995220596316013,0.3767040096788197,1.0,0.0,10.0,6.0,0.0464403017699136,1754025800422.5557,7.135555555555555,7.134444444444444,6.0,1754025797416.0,1754025802416.0,0.0,0.0,605831.94007,605836.94007,1239.0,28.83677473949805,2.1935059309868468,3.168165336225795,0.284916889276634,10.392304845413262,1.5840826681128974,18.47686550064389,28.83677473949805,69.0582763392703,46.55748279771997,0.9982340554498492,0.9982340554498492,0.0141518150610344,0.0099740209926116,0.0,17.247944504832578,257.14449215117963,0.0633151517064708,0.0003983278473021,0.0070333686810864,0.0175438596491228,1754025797711.7805,1754025802711.7805
0.8610769230769232,1.5763313609467684e-05,0.1323228346456692,0.0001093201686403,0.8653846153846154,0.1358267716535433,0.1980605211700629,0.3817827498362999,0.1980605211700629,0.3817827498362999,1.0,0.0,10.0,6.0,4.065692986211607e-05,1754025800422.5557,7.135555555555555,7.134444444444444,6.0,1754025797416.0,1754025802416.0,0.0,0.0,605826.94007,605831.94007,1218.0,29.4420097024204,2.5001778879032783,3.234352326865229,0.3110728205219221,10.392304845413264,1.6171761634326145,18.827853043169835,29.4420097024204,79.61701422831234,47.46293640208291,0.9962699312975484,0.9962904173797364,0.028202381350511,0.0273148650719709,2.0,92.68192721199496,1768.5668344459652,0.0873837478115745,0.6009935754219861,10.450362995841417,0.0183216662345518,1754025792711.7805,1754025797711.7805
0.8610769230769232,1.5763313609467684e-05,0.1323228346456692,0.0001093201686403,0.8653846153846154,0.1358267716535433,0.1980605211700629,0.3817827498362999,0.1980605211700629,0.3817827498362999,1.0,0.0,10.0,6.0,4.065692986211607e-05,1754025800422.5557,7.135555555555555,7.134444444444444,6.0,1754025797416.0,1754025802416.0,0.0,0.0,605831.94007,605836.94007,1239.0,28.83677473949805,2.1935059309868468,3.168165336225795,0.284916889276634,10.392304845413262,1.5840826681128974,18.47686550064389,28.83677473949805,69.0582763392703,46.55748279771997,0.9982340554498492,0.9982340554498492,0.0141518150610344,0.0099740209926116,0.0,17.247944504832578,257.14449215117963,0.0633151517064708,0.0003983278473021,0.0070333686810864,0.0175438596491228,1754025797711.7805,1754025802711.7805
0.8619230769230769,1.2573964497041629e-05,0.1341338582677165,0.0001523668547337,0.8653846153846154,0.139271653543307,0.1989066750162166,0.3799717262142527,0.1989066750162166,0.3799717262142527,1.0,0.0,10.0,6.0,0.5295280941217528,1754025808355.0,7.67,6.87,6.0,1754025807418.0,1754025812418.0,0.0,0.0,605836.94007,605841.94007,1237.0,22.49738734623312,2.1874505071065,2.4793213023671394,0.2527862643913502,10.392304845413264,1.2396606511835695,14.49012853674954,22.49738734623312,82.83255119363217,46.61716214245933,0.9993942750547532,0.9993942750547532,0.0042076265767195,0.0030785584963027,0.0,12.354387258286655,23.51732321180284,0.0573626690520616,0.0002635295257571,0.0057603370357975,0.0175438596491228,1754025802711.7805,1754025807711.7805
0.8619230769230769,1.2573964497041629e-05,0.1341338582677165,0.0001523668547337,0.8653846153846154,0.139271653543307,0.1989066750162166,0.3799717262142527,0.1989066750162166,0.3799717262142527,1.0,0.0,10.0,6.0,0.5295280941217528,1754025808355.0,7.67,6.87,6.0,1754025807418.0,1754025812418.0,0.0,0.0,605841.94007,605846.94007,1213.0,26.318200735119685,1.4060488806437237,2.872666903049073,0.1950952037044387,10.392304845413264,1.4363334515245365,16.932870372793424,26.318200735119685,83.1765107993391,47.52028459751593,0.9949692436880232,0.9949692436880232,0.0365952910283858,0.0350907611495077,6.0,75.1289233885249,1230.410331068787,0.070666444493905,0.6029952193445676,10.46604365027328,0.0184116515526243,1754025807711.7805,1754025812711.7805
0.8797692307692307,4.6633136094674354e-05,0.1298031496062991,0.0001425088350176,0.8846153846153846,0.1313976377952755,0.2167528288623704,0.38430243487567,0.2167528288623704,0.38430243487567,1.0,0.0,10.0,6.0,0.0241313910250236,1754025815171.75,7.3325,7.199999999999999,6.0,1754025812419.0,1754025817419.0,0.0,0.0,605841.94007,605846.94007,1213.0,26.318200735119685,1.4060488806437237,2.872666903049073,0.1950952037044387,10.392304845413264,1.4363334515245365,16.932870372793424,26.318200735119685,83.1765107993391,47.52028459751593,0.9949692436880232,0.9949692436880232,0.0365952910283858,0.0350907611495077,6.0,75.1289233885249,1230.410331068787,0.070666444493905,0.6029952193445676,10.46604365027328,0.0184116515526243,1754025807711.7805,1754025812711.7805
0.8797692307692307,4.6633136094674354e-05,0.1298031496062991,0.0001425088350176,0.8846153846153846,0.1313976377952755,0.2167528288623704,0.38430243487567,0.2167528288623704,0.38430243487567,1.0,0.0,10.0,6.0,0.0241313910250236,1754025815171.75,7.3325,7.199999999999999,6.0,1754025812419.0,1754025817419.0,0.0,0.0,605846.94007,605851.94007,1223.0,28.657930636171827,1.8533801864064272,3.115050150681175,0.2457471188614405,10.392304845413262,1.5575250753405876,18.70240535433476,28.657930636171827,80.02132623342288,48.74825451778048,0.9967833905383312,0.9967036117692086,0.0282116042331886,0.0264705159796552,2.0,42.26187884036754,514.5950144288587,0.0755838267577273,0.5973297393483195,10.4168979723915,0.0179742078007774,1754025812711.7805,1754025817711.7805
0.8823846153846153,3.0822485207100414e-05,0.1334645669291338,0.0001684853369706,0.8875,0.1353346456692913,0.219368213477755,0.3806410175528353,0.219368213477755,0.3806410175528353,1.0,0.0,10.0,6.0,0.1863450629087163,1754025821499.75,7.13,6.867500000000001,6.0,1754025817420.0,1754025822420.0,0.0,0.0,605846.94007,605851.94007,1223.0,28.657930636171827,1.8533801864064272,3.115050150681175,0.2457471188614405,10.392304845413262,1.5575250753405876,18.70240535433476,28.657930636171827,80.02132623342288,48.74825451778048,0.9967833905383312,0.9967036117692086,0.0282116042331886,0.0264705159796552,2.0,42.26187884036754,514.5950144288587,0.0755838267577273,0.5973297393483195,10.4168979723915,0.0179742078007774,1754025812711.7805,1754025817711.7805
0.8823846153846153,3.0822485207100414e-05,0.1334645669291338,0.0001684853369706,0.8875,0.1353346456692913,0.219368213477755,0.3806410175528353,0.219368213477755,0.3806410175528353,1.0,0.0,10.0,6.0,0.1863450629087163,1754025821499.75,7.13,6.867500000000001,6.0,1754025817420.0,1754025822420.0,0.0,0.0,605851.94007,605856.94007,1239.0,28.360646142046136,1.6358207571769472,3.0787919385076434,0.2266199924382529,10.392304845413262,1.5393959692538215,18.716660935463885,28.360646142046136,80.43039698335996,50.85201097733083,0.9935253900678124,0.9935253900678124,0.0349869784448656,0.0245837229261812,0.0,7.500042844335556,30.080904637310827,0.0938395083856637,0.0001362846117928,0.0025336219961387,0.0175438596491228,1754025817711.7805,1754025822711.7805
0.8774615384615386,1.0656804733727735e-05,0.136023622047244,0.0001131889763779,0.8807692307692307,0.1377952755905512,0.2144451365546783,0.3780819624347251,0.2144451365546783,0.3780819624347251,1.0,0.0,10.0,6.0,0.0035496703629866,1754025825208.0,7.0,6.6,6.0,1754025822421.0,1754025827421.0,0.0,0.0,605851.94007,605856.94007,1239.0,28.360646142046136,1.6358207571769472,3.0787919385076434,0.2266199924382529,10.392304845413262,1.5393959692538215,18.716660935463885,28.360646142046136,80.43039698335996,50.85201097733083,0.9935253900678124,0.9935253900678124,0.0349869784448656,0.0245837229261812,0.0,7.500042844335556,30.080904637310827,0.0938395083856637,0.0001362846117928,0.0025336219961387,0.0175438596491228,1754025817711.7805,1754025822711.7805
0.8774615384615386,1.0656804733727735e-05,0.136023622047244,0.0001131889763779,0.8807692307692307,0.1377952755905512,0.2144451365546783,0.3780819624347251,0.2144451365546783,0.3780819624347251,1.0,0.0,10.0,6.0,0.0035496703629866,1754025825208.0,7.0,6.6,6.0,1754025822421.0,1754025827421.0,0.0,0.0,605856.94007,605861.94007,1218.0,24.128443808765294,1.6691505681715246,2.617977076090796,0.2005582485562098,10.392304845413264,1.3089885380453978,15.554966611992354,24.128443808765294,84.26590273265442,47.22929693895617,0.9976026124981896,0.9975619116980484,0.024497407922768,0.0237460307816431,2.0,139.4778323363915,2948.0598058837927,0.0718580437562106,0.3009422809093144,7.399831961109487,0.0181488203266787,1754025822711.7805,1754025827711.7805
0.8772307692307693,1.706508875739633e-05,0.1388188976377952,0.0001007874015748,0.8807692307692307,0.1456692913385826,0.2142143673239089,0.375286686844174,0.2142143673239089,0.375286686844174,1.0,0.0,10.0,6.0,0.0024584741142803,1754025830425.2,8.013000000000002,6.87,6.0,1754025827422.0,1754025832422.0,0.0,0.0,605856.94007,605861.94007,1218.0,24.128443808765294,1.6691505681715246,2.617977076090796,0.2005582485562098,10.392304845413264,1.3089885380453978,15.554966611992354,24.128443808765294,84.26590273265442,47.22929693895617,0.9976026124981896,0.9975619116980484,0.024497407922768,0.0237460307816431,2.0,139.4778323363915,2948.0598058837927,0.0718580437562106,0.3009422809093144,7.399831961109487,0.0181488203266787,1754025822711.7805,1754025827711.7805
0.8772307692307693,1.706508875739633e-05,0.1388188976377952,0.0001007874015748,0.8807692307692307,0.1456692913385826,0.2142143673239089,0.375286686844174,0.2142143673239089,0.375286686844174,1.0,0.0,10.0,6.0,0.0024584741142803,1754025830425.2,8.013000000000002,6.87,6.0,1754025827422.0,1754025832422.0,0.0,0.0,605861.94007,605866.94007,1236.0,27.87606879705334,2.3057612215632277,3.025033931958593,0.3043851026876006,10.392304845413264,1.5125169659792963,18.06762304256228,27.87606879705334,68.89349827808996,47.32016217135265,0.9987202406251816,0.9987202406251816,0.006515189934919,0.0046496096334675,0.0,5.423613985157166,13.303067039202618,0.0637162318773899,0.0003342456839888,0.0056032261683127,0.0175438596491228,1754025827711.7805,1754025832711.7805
0.8806923076923079,2.395857988165674e-05,0.1394094488188976,0.0001537122574245,0.8846153846153846,0.139763779527559,0.2176759057854476,0.3746961356630716,0.2176759057854476,0.3746961356630716,1.0,0.0,10.0,6.0,,1754025835225.6,8.73,7.665999999999999,6.0,1754025832423.0,1754025837423.0,0.0,0.0,605861.94007,605866.94007,1236.0,27.87606879705334,2.3057612215632277,3.025033931958593,0.3043851026876006,10.392304845413264,1.5125169659792963,18.06762304256228,27.87606879705334,68.89349827808996,47.32016217135265,0.9987202406251816,0.9987202406251816,0.006515189934919,0.0046496096334675,0.0,5.423613985157166,13.303067039202618,0.0637162318773899,0.0003342456839888,0.0056032261683127,0.0175438596491228,1754025827711.7805,1754025832711.7805
0.8806923076923079,2.395857988165674e-05,0.1394094488188976,0.0001537122574245,0.8846153846153846,0.139763779527559,0.2176759057854476,0.3746961356630716,0.2176759057854476,0.3746961356630716,1.0,0.0,10.0,6.0,,1754025835225.6,8.73,7.665999999999999,6.0,1754025832423.0,1754025837423.0,0.0,0.0,605866.94007,605871.94007,1225.0,30.31073680035875,1.7915860312032523,3.2976976641708378,0.2728699952490387,10.392304845413266,1.6488488320854189,19.1949298711744,30.31073680035875,70.97949763649486,46.44397985121969,0.9977694176906332,0.9977694176906332,0.0196433693391234,0.018113145618654,1.0,11.99216930105402,136.48562424990288,0.0789054245809309,0.2984677741586762,7.363697059440614,0.0178875760830648,1754025832711.7805,1754025837711.7805
0.8253076923076922,8.940236686390546e-05,0.1945669291338582,0.0002913013826027,0.8307692307692308,0.2062007874015747,0.1622912904008319,0.319538655348111,0.1622912904008319,0.319538655348111,0.0,1.0,10.0,7.0,0.318277614537311,1754025076738.0,5.0,5.0,7.0,1754025076738.0,1754025081738.0,1.0,1.0,605106.94007,605111.94007,1219.0,24.77138198583924,1.8613447459484584,2.7730021225078128,0.2038599817959497,10.392304845413264,1.3865010612539064,16.69824917636375,24.77138198583924,86.47710285245583,51.357264779194594,0.991242458726194,0.9912040005448282,0.0339802419428626,0.0284850472284591,2.0,15.586381496174342,96.91830711535256,0.1000530601433926,0.2998647149501179,7.374197767801864,0.0179756199358116,1754025072711.7805,1754025077711.7805
0.8253076923076922,8.940236686390546e-05,0.1945669291338582,0.0002913013826027,0.8307692307692308,0.2062007874015747,0.1622912904008319,0.319538655348111,0.1622912904008319,0.319538655348111,0.0,1.0,10.0,7.0,0.318277614537311,1754025076738.0,5.0,5.0,7.0,1754025076738.0,1754025081738.0,1.0,1.0,605111.94007,605116.94007,1154.0,35.3926632936177,4.15864390194156,4.040906005063957,0.5035226471032346,10.392304845413264,2.0204530025319785,24.338435508564576,35.3926632936177,88.08303770505813,57.403826673509286,0.988745907121056,0.9890008647261472,0.0442239874521635,0.0400310037769742,0.0,33.61091264409572,287.4893903610548,0.1445164898692126,0.9641022202576518,13.204966946311066,0.0199154732585362,1754025077711.7805,1754025082711.7805
0.7262307692307691,0.0023376863905325,0.4706299212598425,0.083916368032736,0.7557692307692307,0.4901574803149606,0.0632143673239088,0.0434756632221266,0.0632143673239088,0.0434756632221266,0.0,1.0,10.0,7.0,0.4958908004505992,1754025076738.0,5.0,5.0,7.0,1754025076738.0,1754025081738.0,1.0,1.0,605106.94007,605111.94007,1219.0,24.77138198583924,1.8613447459484584,2.7730021225078128,0.2038599817959497,10.392304845413264,1.3865010612539064,16.69824917636375,24.77138198583924,86.47710285245583,51.357264779194594,0.991242458726194,0.9912040005448282,0.0339802419428626,0.0284850472284591,2.0,15.586381496174342,96.91830711535256,0.1000530601433926,0.2998647149501179,7.374197767801864,0.0179756199358116,1754025072711.7805,1754025077711.7805
0.7262307692307691,0.0023376863905325,0.4706299212598425,0.083916368032736,0.7557692307692307,0.4901574803149606,0.0632143673239088,0.0434756632221266,0.0632143673239088,0.0434756632221266,0.0,1.0,10.0,7.0,0.4958908004505992,1754025076738.0,5.0,5.0,7.0,1754025076738.0,1754025081738.0,1.0,1.0,605111.94007,605116.94007,1154.0,35.3926632936177,4.15864390194156,4.040906005063957,0.5035226471032346,10.392304845413264,2.0204530025319785,24.338435508564576,35.3926632936177,88.08303770505813,57.403826673509286,0.988745907121056,0.9890008647261472,0.0442239874521635,0.0400310037769742,0.0,33.61091264409572,287.4893903610548,0.1445164898692126,0.9641022202576518,13.204966946311066,0.0199154732585362,1754025077711.7805,1754025082711.7805
0.5469230769230768,0.0012662721893491,0.9979133858267716,8.385516771032732e-07,0.5605769230769231,0.998031496062992,0.1160933249837834,0.4838078013448024,0.1160933249837834,0.4838078013448024,0.0,1.0,10.0,7.0,0.4956271522290746,1754025076738.0,5.0,5.0,7.0,1754025076738.0,1754025081738.0,1.0,1.0,605106.94007,605111.94007,1219.0,24.77138198583924,1.8613447459484584,2.7730021225078128,0.2038599817959497,10.392304845413264,1.3865010612539064,16.69824917636375,24.77138198583924,86.47710285245583,51.357264779194594,0.991242458726194,0.9912040005448282,0.0339802419428626,0.0284850472284591,2.0,15.586381496174342,96.91830711535256,0.1000530601433926,0.2998647149501179,7.374197767801864,0.0179756199358116,1754025072711.7805,1754025077711.7805
0.5469230769230768,0.0012662721893491,0.9979133858267716,8.385516771032732e-07,0.5605769230769231,0.998031496062992,0.1160933249837834,0.4838078013448024,0.1160933249837834,0.4838078013448024,0.0,1.0,10.0,7.0,0.4956271522290746,1754025076738.0,5.0,5.0,7.0,1754025076738.0,1754025081738.0,1.0,1.0,605111.94007,605116.94007,1154.0,35.3926632936177,4.15864390194156,4.040906005063957,0.5035226471032346,10.392304845413264,2.0204530025319785,24.338435508564576,35.3926632936177,88.08303770505813,57.403826673509286,0.988745907121056,0.9890008647261472,0.0442239874521635,0.0400310037769742,0.0,33.61091264409572,287.4893903610548,0.1445164898692126,0.9641022202576518,13.204966946311066,0.0199154732585362,1754025077711.7805,1754025082711.7805
0.4839230769230769,6.668047337278107e-05,0.9816929133858266,0.004143972037944,0.4884615384615384,0.998031496062992,0.1790933249837834,0.4675873289038574,0.1790933249837834,0.4675873289038574,0.0,1.0,10.0,7.0,0.3702217066309037,1754025095210.6,4.838,5.640000000000001,7.0,1754025091741.0,1754025096741.0,0.0,1.0,605121.94007,605126.94007,1212.0,34.15041181857911,1.7549629047361173,4.007665304350157,0.2072324602846598,10.392304845413264,2.0038326521750784,23.754434699055945,34.15041181857911,76.29245366807525,54.49837394314088,0.98991830815795,0.9899447427702968,0.0292177519252849,0.0229495014167169,1.0,9.986106243285898,58.50093107957314,0.0577331828395674,0.3029687858701011,7.42578575372448,0.0180649643911759,1754025087711.7805,1754025092711.7805
0.4839230769230769,6.668047337278107e-05,0.9816929133858266,0.004143972037944,0.4884615384615384,0.998031496062992,0.1790933249837834,0.4675873289038574,0.1790933249837834,0.4675873289038574,0.0,1.0,10.0,7.0,0.3702217066309037,1754025095210.6,4.838,5.640000000000001,7.0,1754025091741.0,1754025096741.0,0.0,1.0,605126.94007,605131.94007,1223.0,33.725382013182056,1.893296560930324,3.9535672694670168,0.2415294418331512,10.392304845413262,1.9767836347335088,22.89587741520733,33.725382013182056,73.76883509826133,52.49722531027968,0.9963469491022472,0.9963410200321378,0.0236872223142662,0.0218856404301704,1.0,46.75151389008836,927.4234592379956,0.0467181537054488,0.300413426410993,7.396857713329961,0.0181463470614393,1754025092711.7805,1754025097711.7805
0.4765384615384616,0.0004013313609467,0.6628740157480315,0.0014132633765267,0.4923076923076923,0.687007874015748,0.1864779403683987,0.1487684312660623,0.1864779403683987,0.1487684312660623,0.0,1.0,10.0,7.0,0.4990310020283832,1754025095210.6,4.838,5.640000000000001,7.0,1754025091741.0,1754025096741.0,0.0,0.0,605121.94007,605126.94007,1212.0,34.15041181857911,1.7549629047361173,4.007665304350157,0.2072324602846598,10.392304845413264,2.0038326521750784,23.754434699055945,34.15041181857911,76.29245366807525,54.49837394314088,0.98991830815795,0.9899447427702968,0.0292177519252849,0.0229495014167169,1.0,9.986106243285898,58.50093107957314,0.0577331828395674,0.3029687858701011,7.42578575372448,0.0180649643911759,1754025087711.7805,1754025092711.7805
0.4765384615384616,0.0004013313609467,0.6628740157480315,0.0014132633765267,0.4923076923076923,0.687007874015748,0.1864779403683987,0.1487684312660623,0.1864779403683987,0.1487684312660623,0.0,1.0,10.0,7.0,0.4990310020283832,1754025095210.6,4.838,5.640000000000001,7.0,1754025091741.0,1754025096741.0,0.0,0.0,605126.94007,605131.94007,1223.0,33.725382013182056,1.893296560930324,3.9535672694670168,0.2415294418331512,10.392304845413262,1.9767836347335088,22.89587741520733,33.725382013182056,73.76883509826133,52.49722531027968,0.9963469491022472,0.9963410200321378,0.0236872223142662,0.0218856404301704,1.0,46.75151389008836,927.4234592379956,0.0467181537054488,0.300413426410993,7.396857713329961,0.0181463470614393,1754025092711.7805,1754025097711.7805
0.4374615384615384,0.0001768106508875,0.5486614173228347,0.0227557567115134,0.45,0.577755905511811,0.2255548634453218,0.0345558328408655,0.2255548634453218,0.0345558328408655,0.0,1.0,10.0,7.0,0.3724934787725032,1754025105048.5,4.73,6.465,7.0,1754025101743.0,1754025106743.0,0.0,0.0,605131.94007,605136.94007,1185.0,37.37118286516498,3.4847541900434216,4.3582788097888265,0.3709687430236645,10.392304845413264,2.1791394048944133,25.197439506803565,37.37118286516498,85.27616295849474,54.81689525232101,0.9950278792254982,0.995042751087948,0.0296830286977569,0.0241543870523242,0.0,38.78156150365292,548.853383889487,0.0709899006389317,0.3113600957150493,7.525398816991576,0.0186098156784365,1754025097711.7805,1754025102711.7805
0.4374615384615384,0.0001768106508875,0.5486614173228347,0.0227557567115134,0.45,0.577755905511811,0.2255548634453218,0.0345558328408655,0.2255548634453218,0.0345558328408655,0.0,1.0,10.0,7.0,0.3724934787725032,1754025105048.5,4.73,6.465,7.0,1754025101743.0,1754025106743.0,0.0,0.0,605136.94007,605141.94007,1211.0,34.29651742508867,2.8398667677137186,3.97605112496221,0.3057794350614498,10.392304845413264,1.988025562481105,23.047056488614658,34.29651742508867,82.87667997228532,54.50828609633899,0.9856053263703628,0.9853288561693064,0.0519296488230845,0.0464458746215465,6.0,47.16071018344048,767.6144601368018,0.1112603158010141,0.6107544366596037,10.536606158844704,0.0189346197864603,1754025102711.7805,1754025107711.7805
0.4132307692307691,0.0001012781065088,0.835511811023622,0.0137136772273544,0.4221153846153846,0.9852362204724407,0.2497856326760911,0.3214062265416528,0.2497856326760911,0.3214062265416528,0.0,1.0,10.0,7.0,0.5799442140780944,1754025108780.5,4.0675,7.13375,7.0,1754025106744.0,1754025111744.0,0.0,0.0,605136.94007,605141.94007,1211.0,34.29651742508867,2.8398667677137186,3.97605112496221,0.3057794350614498,10.392304845413264,1.988025562481105,23.047056488614658,34.29651742508867,82.87667997228532,54.50828609633899,0.9856053263703628,0.9853288561693064,0.0519296488230845,0.0464458746215465,6.0,47.16071018344048,767.6144601368018,0.1112603158010141,0.6107544366596037,10.536606158844704,0.0189346197864603,1754025102711.7805,1754025107711.7805
0.4132307692307691,0.0001012781065088,0.835511811023622,0.0137136772273544,0.4221153846153846,0.9852362204724407,0.2497856326760911,0.3214062265416528,0.2497856326760911,0.3214062265416528,0.0,1.0,10.0,7.0,0.5799442140780944,1754025108780.5,4.0675,7.13375,7.0,1754025106744.0,1754025111744.0,0.0,0.0,605141.94007,605146.94007,1194.0,35.05578112361864,2.720199390320357,4.045097609784047,0.2986492206322434,10.392304845413264,2.0225488048920237,23.385323124169812,35.05578112361864,84.45680073931194,52.52537743809968,0.9936723124208334,0.9938076269849108,0.0355339680065541,0.031431780426119,3.0,145.4178637450123,3199.145800549808,0.0864041427383312,0.6161608787533183,10.579491277342624,0.0184254606365159,1754025107711.7805,1754025112711.7805
0.3864615384615385,5.576331360946754e-05,0.8636614173228346,0.0300187255874511,0.3923076923076923,0.998031496062992,0.2765548634453217,0.3495558328408654,0.2765548634453217,0.3495558328408654,0.0,1.0,10.0,7.0,0.4511552046334831,1754025115881.5,3.6025,8.2675,7.0,1754025111745.0,1754025116745.0,0.0,0.0,605141.94007,605146.94007,1194.0,35.05578112361864,2.720199390320357,4.045097609784047,0.2986492206322434,10.392304845413264,2.0225488048920237,23.385323124169812,35.05578112361864,84.45680073931194,52.52537743809968,0.9936723124208334,0.9938076269849108,0.0355339680065541,0.031431780426119,3.0,145.4178637450123,3199.145800549808,0.0864041427383312,0.6161608787533183,10.579491277342624,0.0184254606365159,1754025107711.7805,1754025112711.7805
0.3864615384615385,5.576331360946754e-05,0.8636614173228346,0.0300187255874511,0.3923076923076923,0.998031496062992,0.2765548634453217,0.3495558328408654,0.2765548634453217,0.3495558328408654,0.0,1.0,10.0,7.0,0.4511552046334831,1754025115881.5,3.6025,8.2675,7.0,1754025111745.0,1754025116745.0,0.0,0.0,605146.94007,605151.94007,1235.0,37.143677551271416,3.4119817097723546,4.259903540487087,0.3637256489438705,10.392304845413264,2.1299517702435438,24.240699314636405,37.143677551271416,80.10775945741956,51.80828634756785,0.9910180967357274,0.9909453769897048,0.0318620600502489,0.0236992319612921,1.0,2.9306598470147684,8.780584884066386,0.0684092101237193,0.2959686371777639,7.3350425420045715,0.0177143263015839,1754025112711.7805,1754025117711.7805
0.3648461538461538,6.923668639053248e-05,0.9977559055118108,7.76551553102988e-07,0.3721153846153846,0.998031496062992,0.2981702480607064,0.4836503210298417,0.2981702480607064,0.4836503210298417,0.0,1.0,10.0,7.0,0.2742407148026229,1754025121319.0,3.13,8.47,7.0,1754025116746.0,1754025121746.0,0.0,0.0,605146.94007,605151.94007,1235.0,37.143677551271416,3.4119817097723546,4.259903540487087,0.3637256489438705,10.392304845413264,2.1299517702435438,24.240699314636405,37.143677551271416,80.10775945741956,51.80828634756785,0.9910180967357274,0.9909453769897048,0.0318620600502489,0.0236992319612921,1.0,2.9306598470147684,8.780584884066386,0.0684092101237193,0.2959686371777639,7.3350425420045715,0.0177143263015839,1754025112711.7805,1754025117711.7805
0.3648461538461538,6.923668639053248e-05,0.9977559055118108,7.76551553102988e-07,0.3721153846153846,0.998031496062992,0.2981702480607064,0.4836503210298417,0.2981702480607064,0.4836503210298417,0.0,1.0,10.0,7.0,0.2742407148026229,1754025121319.0,3.13,8.47,7.0,1754025116746.0,1754025121746.0,0.0,0.0,605151.94007,605156.94007,1181.0,38.12793333185914,4.196050902515205,4.335895183036284,0.440566652897734,10.392304845413264,2.167947591518142,25.515325860053355,38.12793333185914,86.99580722766366,55.45190332363103,0.98805864657014,0.9879601171659844,0.0428869959151596,0.037562472422043,1.0,10.680534297568348,56.726691525625206,0.0962962324149669,0.6236001098859132,10.642001909827066,0.0190590786874043,1754025117711.7805,1754025122711.7805
0.3869230769230768,0.0001207100591715,0.9976377952755904,7.750015500029537e-07,0.3961538461538461,0.998031496062992,0.2760933249837834,0.4835322107936213,0.2760933249837834,0.4835322107936213,0.0,1.0,10.0,7.0,0.1072647944933771,1754025121319.0,3.13,8.47,7.0,1754025116746.0,1754025121746.0,0.0,0.0,605146.94007,605151.94007,1235.0,37.143677551271416,3.4119817097723546,4.259903540487087,0.3637256489438705,10.392304845413264,2.1299517702435438,24.240699314636405,37.143677551271416,80.10775945741956,51.80828634756785,0.9910180967357274,0.9909453769897048,0.0318620600502489,0.0236992319612921,1.0,2.9306598470147684,8.780584884066386,0.0684092101237193,0.2959686371777639,7.3350425420045715,0.0177143263015839,1754025112711.7805,1754025117711.7805
0.3869230769230768,0.0001207100591715,0.9976377952755904,7.750015500029537e-07,0.3961538461538461,0.998031496062992,0.2760933249837834,0.4835322107936213,0.2760933249837834,0.4835322107936213,0.0,1.0,10.0,7.0,0.1072647944933771,1754025121319.0,3.13,8.47,7.0,1754025116746.0,1754025121746.0,0.0,0.0,605151.94007,605156.94007,1181.0,38.12793333185914,4.196050902515205,4.335895183036284,0.440566652897734,10.392304845413264,2.167947591518142,25.515325860053355,38.12793333185914,86.99580722766366,55.45190332363103,0.98805864657014,0.9879601171659844,0.0428869959151596,0.037562472422043,1.0,10.680534297568348,56.726691525625206,0.0962962324149669,0.6236001098859132,10.642001909827066,0.0190590786874043,1754025117711.7805,1754025122711.7805
0.3854615384615384,0.0003895207100591,0.9973228346456692,1.3578027156052416e-06,0.4,0.998031496062992,0.2775548634453219,0.4832172501637001,0.2775548634453219,0.4832172501637001,0.0,1.0,10.0,7.0,0.9886301073935594,1754025129702.0,3.13,8.73,7.0,1754025126748.0,1754025131748.0,0.0,0.0,605156.94007,605161.94007,1108.0,37.723916001001975,3.721305285018544,4.229079461011907,0.3878106370510853,10.392304845413264,2.1145397305059537,25.355644032960715,37.723916001001975,82.93257003439757,52.83410601740769,0.9868314130902875,0.986846601508248,0.0505531685695088,0.0444088041794193,0.0,2353.7825766687074,54016.03692843007,0.1027285409731113,1.3511791306013838,15.63013469493191,0.0210589651022864,1754025122711.7805,1754025127711.7805
0.3854615384615384,0.0003895207100591,0.9973228346456692,1.3578027156052416e-06,0.4,0.998031496062992,0.2775548634453219,0.4832172501637001,0.2775548634453219,0.4832172501637001,0.0,1.0,10.0,7.0,0.9886301073935594,1754025129702.0,3.13,8.73,7.0,1754025126748.0,1754025131748.0,0.0,0.0,605161.94007,605166.94007,1131.0,37.37615771500643,3.286571213259825,4.083745270197306,0.3858557160112326,10.392304845413264,2.041872635098653,23.95701509815007,37.37615771500643,80.91775003241743,50.862799509594055,0.9815824984417596,0.9817341022152684,0.0524587181571526,0.0436450597957274,3.0,75.39680285605665,979.172424664732,0.080798739014776,0.3320056510100773,7.760034600904751,0.0203359858532272,1754025127711.7805,1754025132711.7805
0.349,4.544970414201175e-05,0.9018897637795276,0.0014189286378572,0.3538461538461538,0.9340551181102362,0.3140164019068603,0.3877841792975584,0.3140164019068603,0.3877841792975584,0.0,1.0,10.0,7.0,0.3884971783563042,1754025129702.0,3.13,8.73,7.0,1754025126748.0,1754025131748.0,0.0,0.0,605156.94007,605161.94007,1108.0,37.723916001001975,3.721305285018544,4.229079461011907,0.3878106370510853,10.392304845413264,2.1145397305059537,25.355644032960715,37.723916001001975,82.93257003439757,52.83410601740769,0.9868314130902875,0.986846601508248,0.0505531685695088,0.0444088041794193,0.0,2353.7825766687074,54016.03692843007,0.1027285409731113,1.3511791306013838,15.63013469493191,0.0210589651022864,1754025122711.7805,1754025127711.7805
0.349,4.544970414201175e-05,0.9018897637795276,0.0014189286378572,0.3538461538461538,0.9340551181102362,0.3140164019068603,0.3877841792975584,0.3140164019068603,0.3877841792975584,0.0,1.0,10.0,7.0,0.3884971783563042,1754025129702.0,3.13,8.73,7.0,1754025126748.0,1754025131748.0,0.0,0.0,605161.94007,605166.94007,1131.0,37.37615771500643,3.286571213259825,4.083745270197306,0.3858557160112326,10.392304845413264,2.041872635098653,23.95701509815007,37.37615771500643,80.91775003241743,50.862799509594055,0.9815824984417596,0.9817341022152684,0.0524587181571526,0.0436450597957274,3.0,75.39680285605665,979.172424664732,0.080798739014776,0.3320056510100773,7.760034600904751,0.0203359858532272,1754025127711.7805,1754025132711.7805
0.3422307692307693,0.0001091656804733,0.9740944881889764,0.0019381796763593,0.35,0.998031496062992,0.3207856326760909,0.459988903707007,0.3207856326760909,0.459988903707007,0.0,1.0,10.0,7.0,0.2478941532221868,1754025137101.0,3.13,9.0,7.0,1754025136750.0,1754025141750.0,0.0,0.0,605166.94007,605171.94007,765.0,40.250452766024566,6.581534334826949,4.3708681636123865,0.700553895179177,10.392304845413264,2.1854340818061933,26.483241639003086,40.250452766024566,84.06404814821752,52.43515506266776,0.9863006090416389,0.9858015667988226,0.0488075948836179,0.0483860245766732,1.0,2237.2376136125654,43305.932854866245,0.0641120667586648,0.5142940695855652,9.665164031299335,0.0259373925008599,1754025132711.7805,1754025137711.7805
0.3422307692307693,0.0001091656804733,0.9740944881889764,0.0019381796763593,0.35,0.998031496062992,0.3207856326760909,0.459988903707007,0.3207856326760909,0.459988903707007,0.0,1.0,10.0,7.0,0.2478941532221868,1754025137101.0,3.13,9.0,7.0,1754025136750.0,1754025141750.0,0.0,0.0,605171.94007,605176.94007,455.0,36.5621743212072,11.781095190676076,4.009150150896944,1.311742351417969,10.392304845413264,2.004575075448472,24.130257641540243,36.5621743212072,87.72166439779858,51.26584431681342,0.913348938557326,0.9143673351744156,0.1117557379894992,0.1047249246184997,9.0,309.995069031752,3167.3067893775656,0.159420871745887,14.609523263365652,49.49744518752584,0.0492384808174281,1754025137711.7805,1754025142711.7805
0.3732307692307692,0.0001579644970414,0.9387007874015748,0.0160893437286874,0.3846153846153846,0.998031496062992,0.2897856326760911,0.4245952029196056,0.2897856326760911,0.4245952029196056,0.0,1.0,10.0,7.0,0.2339800085632568,1754025137101.0,3.13,9.0,7.0,1754025136750.0,1754025141750.0,0.0,0.0,605166.94007,605171.94007,765.0,40.250452766024566,6.581534334826949,4.3708681636123865,0.700553895179177,10.392304845413264,2.1854340818061933,26.483241639003086,40.250452766024566,84.06404814821752,52.43515506266776,0.9863006090416389,0.9858015667988226,0.0488075948836179,0.0483860245766732,1.0,2237.2376136125654,43305.932854866245,0.0641120667586648,0.5142940695855652,9.665164031299335,0.0259373925008599,1754025132711.7805,1754025137711.7805
0.3732307692307692,0.0001579644970414,0.9387007874015748,0.0160893437286874,0.3846153846153846,0.998031496062992,0.2897856326760911,0.4245952029196056,0.2897856326760911,0.4245952029196056,0.0,1.0,10.0,7.0,0.2339800085632568,1754025137101.0,3.13,9.0,7.0,1754025136750.0,1754025141750.0,0.0,0.0,605171.94007,605176.94007,455.0,36.5621743212072,11.781095190676076,4.009150150896944,1.311742351417969,10.392304845413264,2.004575075448472,24.130257641540243,36.5621743212072,87.72166439779858,51.26584431681342,0.913348938557326,0.9143673351744156,0.1117557379894992,0.1047249246184997,9.0,309.995069031752,3167.3067893775656,0.159420871745887,14.609523263365652,49.49744518752584,0.0492384808174281,1754025137711.7805,1754025142711.7805
0.3916153846153846,0.0005341360946745,0.9056692913385826,0.0138884679769359,0.410576923076923,0.9960629921259844,0.2714010172914756,0.3915637068566134,0.2714010172914756,0.3915637068566134,0.0,1.0,10.0,7.0,0.3484602776952761,1754025150673.5,3.265,9.0,7.0,1754025146752.0,1754025151752.0,0.0,0.0,605176.94007,605181.94007,957.0,22144385.262947425,685044464.0252668,4.485464202689273,0.6620794185170785,10.392304845413264,2.2427321013446364,29.351945193737325,22144385.262947425,91.42068768343906,58.97989311775769,0.9427673270110856,0.9423599449598874,0.0958212776250512,0.0920797661466208,7.0,1327.7759745426229,26454.04585326472,0.1478505217749143,6.955265719219731,34.890249698550726,0.0317329373590716,1754025142711.7805,1754025147711.7805
0.3916153846153846,0.0005341360946745,0.9056692913385826,0.0138884679769359,0.410576923076923,0.9960629921259844,0.2714010172914756,0.3915637068566134,0.2714010172914756,0.3915637068566134,0.0,1.0,10.0,7.0,0.3484602776952761,1754025150673.5,3.265,9.0,7.0,1754025146752.0,1754025151752.0,0.0,0.0,605181.94007,605186.94007,1076.0,40.63300397734559,5.330587333577943,4.258064855272694,0.6618174354741276,10.392304845413264,2.129032427636347,25.96480729817337,40.63300397734559,94.57379569166596,55.34084012232204,0.972252445888049,0.9722156041052912,0.0656554878735162,0.0614450686687514,3.0,14.814507779163431,65.56130016881431,0.1488372086840792,3.470380501628905,24.91437538204779,0.0222396139046501,1754025147711.7805,1754025152711.7805
0.3811538461538461,0.0001747041420118,0.9975590551181104,1.0168020336038991e-06,0.3923076923076923,0.998031496062992,0.2818625557530141,0.4834534706361411,0.2818625557530141,0.4834534706361411,0.0,1.0,10.0,7.0,0.3558654097025947,1754025155205.8,3.4,9.0,7.0,1754025151753.0,1754025156753.0,0.0,0.0,605181.94007,605186.94007,1076.0,40.63300397734559,5.330587333577943,4.258064855272694,0.6618174354741276,10.392304845413264,2.129032427636347,25.96480729817337,40.63300397734559,94.57379569166596,55.34084012232204,0.972252445888049,0.9722156041052912,0.0656554878735162,0.0614450686687514,3.0,14.814507779163431,65.56130016881431,0.1488372086840792,3.470380501628905,24.91437538204779,0.0222396139046501,1754025147711.7805,1754025152711.7805
0.3811538461538461,0.0001747041420118,0.9975590551181104,1.0168020336038991e-06,0.3923076923076923,0.998031496062992,0.2818625557530141,0.4834534706361411,0.2818625557530141,0.4834534706361411,0.0,1.0,10.0,7.0,0.3558654097025947,1754025155205.8,3.4,9.0,7.0,1754025151753.0,1754025156753.0,0.0,0.0,605186.94007,605191.94007,1196.0,36.76876858760887,2.527335356919681,3.8201027071797418,0.5412583518371454,10.392304845413264,1.9100513535898709,24.13440240451363,36.76876858760887,91.7087136055224,56.57694333041831,0.9845436854801464,0.984377550475827,0.0561803962158721,0.055619796685919,7.0,20.492097376503413,202.47766025059803,0.0850190378400142,1.544183934832392,16.70684480635971,0.0197441764947485,1754025152711.7805,1754025157711.7805
0.3580769230769229,6.937869822485199e-05,0.9977559055118108,9.315518631036024e-07,0.3653846153846153,0.998031496062992,0.3049394788299374,0.4836503210298417,0.3049394788299374,0.4836503210298417,0.0,1.0,10.0,7.0,0.4039173928420023,1754025157444.0,4.6,9.0,7.0,1754025156754.0,1754025161754.0,0.0,0.0,605186.94007,605191.94007,1196.0,36.76876858760887,2.527335356919681,3.8201027071797418,0.5412583518371454,10.392304845413264,1.9100513535898709,24.13440240451363,36.76876858760887,91.7087136055224,56.57694333041831,0.9845436854801464,0.984377550475827,0.0561803962158721,0.055619796685919,7.0,20.492097376503413,202.47766025059803,0.0850190378400142,1.544183934832392,16.70684480635971,0.0197441764947485,1754025152711.7805,1754025157711.7805
0.3580769230769229,6.937869822485199e-05,0.9977559055118108,9.315518631036024e-07,0.3653846153846153,0.998031496062992,0.3049394788299374,0.4836503210298417,0.3049394788299374,0.4836503210298417,0.0,1.0,10.0,7.0,0.4039173928420023,1754025157444.0,4.6,9.0,7.0,1754025156754.0,1754025161754.0,0.0,0.0,605191.94007,605196.94007,1193.0,40.3974348728092,3.346989551350521,4.177322619649972,0.6181433452568106,10.392304845413266,2.088661309824986,24.127266887115145,40.3974348728092,70.10727109805408,45.03465976001298,0.992875675890595,0.9929555965746476,0.0292971151261459,0.0242575688143868,0.0,53.18126515650804,973.395898499687,0.0251720579165433,0.6141145334951443,10.559890922373846,0.0182497316215938,1754025157711.7805,1754025162711.7805
0.3864615384615383,0.0002019171597633,0.9973622047244096,1.179552359104518e-06,0.3961538461538461,0.998031496062992,0.2765548634453219,0.4832566202424403,0.2765548634453219,0.4832566202424403,0.0,1.0,10.0,7.0,0.2685591605532248,1754025157444.0,4.6,9.0,7.0,1754025156754.0,1754025161754.0,0.0,0.0,605186.94007,605191.94007,1196.0,36.76876858760887,2.527335356919681,3.8201027071797418,0.5412583518371454,10.392304845413264,1.9100513535898709,24.13440240451363,36.76876858760887,91.7087136055224,56.57694333041831,0.9845436854801464,0.984377550475827,0.0561803962158721,0.055619796685919,7.0,20.492097376503413,202.47766025059803,0.0850190378400142,1.544183934832392,16.70684480635971,0.0197441764947485,1754025152711.7805,1754025157711.7805
0.3864615384615383,0.0002019171597633,0.9973622047244096,1.179552359104518e-06,0.3961538461538461,0.998031496062992,0.2765548634453219,0.4832566202424403,0.2765548634453219,0.4832566202424403,0.0,1.0,10.0,7.0,0.2685591605532248,1754025157444.0,4.6,9.0,7.0,1754025156754.0,1754025161754.0,0.0,0.0,605191.94007,605196.94007,1193.0,40.3974348728092,3.346989551350521,4.177322619649972,0.6181433452568106,10.392304845413266,2.088661309824986,24.127266887115145,40.3974348728092,70.10727109805408,45.03465976001298,0.992875675890595,0.9929555965746476,0.0292971151261459,0.0242575688143868,0.0,53.18126515650804,973.395898499687,0.0251720579165433,0.6141145334951443,10.559890922373846,0.0182497316215938,1754025157711.7805,1754025162711.7805
0.4114615384615384,0.0001866804733727,0.9971653543307089,1.1098022196042223e-06,0.4221153846153846,0.998031496062992,0.2515548634453218,0.4830597698487395,0.2515548634453218,0.4830597698487395,0.0,1.0,10.0,7.0,0.0968349459590324,1754025169503.25,5.0,8.3325,7.0,1754025166756.0,1754025171756.0,0.0,0.0,605196.94007,605201.94007,989.0,42.53263302669748,5.163656876975233,4.301106167948039,0.7144893119588106,10.392304845413264,2.1505530839740192,27.98937784215873,42.53263302669748,90.71227137575916,56.407556371427056,0.9726420109063136,0.9723503109450036,0.066547558135877,0.0640082485144396,1.0,54.25948452737049,517.8042196729568,0.1317601245127389,4.539113700617231,28.402821169876283,0.0229719901371223,1754025162711.7805,1754025167711.7805
0.4114615384615384,0.0001866804733727,0.9971653543307089,1.1098022196042223e-06,0.4221153846153846,0.998031496062992,0.2515548634453218,0.4830597698487395,0.2515548634453218,0.4830597698487395,0.0,1.0,10.0,7.0,0.0968349459590324,1754025169503.25,5.0,8.3325,7.0,1754025166756.0,1754025171756.0,0.0,0.0,605201.94007,605206.94007,1208.0,37.397318642004535,3.178598524124433,3.7224258789539135,0.5988741311025486,10.392304845413264,1.8612129394769568,23.62491553787256,37.397318642004535,76.61569734765192,49.1170430017045,0.9982268853098546,0.9982268853098546,0.0155180699289873,0.0142423162605346,0.0,37.35432457159727,516.7945559432357,0.0783181486114915,0.0003195056660615,0.0054150878798654,0.0184152434065295,1754025167711.7805,1754025172711.7805
0.4275384615384615,0.0002481420118343,0.9971653543307089,1.1098022196042223e-06,0.4423076923076923,0.998031496062992,0.2354779403683987,0.4830597698487395,0.2354779403683987,0.4830597698487395,0.0,1.0,10.0,7.0,0.2918853463863362,1754025173134.0,5.0,7.67,7.0,1754025171757.0,1754025176757.0,0.0,0.0,605201.94007,605206.94007,1208.0,37.397318642004535,3.178598524124433,3.7224258789539135,0.5988741311025486,10.392304845413264,1.8612129394769568,23.62491553787256,37.397318642004535,76.61569734765192,49.1170430017045,0.9982268853098546,0.9982268853098546,0.0155180699289873,0.0142423162605346,0.0,37.35432457159727,516.7945559432357,0.0783181486114915,0.0003195056660615,0.0054150878798654,0.0184152434065295,1754025167711.7805,1754025172711.7805
0.4275384615384615,0.0002481420118343,0.9971653543307089,1.1098022196042223e-06,0.4423076923076923,0.998031496062992,0.2354779403683987,0.4830597698487395,0.2354779403683987,0.4830597698487395,0.0,1.0,10.0,7.0,0.2918853463863362,1754025173134.0,5.0,7.67,7.0,1754025171757.0,1754025176757.0,0.0,0.0,605206.94007,605211.94007,695.0,35.43457899841521,9.27084811020016,3.5073510578111944,1.1032627901420395,10.392304845413264,1.7536755289055972,23.94892695893112,35.43457899841521,83.69187979992117,49.6708318957962,0.972947595804519,0.9728196932109404,0.0790805476703798,0.077248725672419,9.0,146.6044582980815,879.0530289328291,0.1648997183013761,5.321764050655303,30.696310205214814,0.0322352644200429,1754025172711.7805,1754025177711.7805
0.466,0.0004777278106508,0.875984251968504,0.013503317006634,0.4807692307692308,0.9960629921259844,0.1970164019068602,0.3618786674865348,0.1970164019068602,0.3618786674865348,0.0,1.0,10.0,7.0,0.2837488445236521,1754025181607.0,5.0,7.93,7.0,1754025176758.0,1754025181758.0,0.0,0.0,605206.94007,605211.94007,695.0,35.43457899841521,9.27084811020016,3.5073510578111944,1.1032627901420395,10.392304845413264,1.7536755289055972,23.94892695893112,35.43457899841521,83.69187979992117,49.6708318957962,0.972947595804519,0.9728196932109404,0.0790805476703798,0.077248725672419,9.0,146.6044582980815,879.0530289328291,0.1648997183013761,5.321764050655303,30.696310205214814,0.0322352644200429,1754025172711.7805,1754025177711.7805
0.466,0.0004777278106508,0.875984251968504,0.013503317006634,0.4807692307692308,0.9960629921259844,0.1970164019068602,0.3618786674865348,0.1970164019068602,0.3618786674865348,0.0,1.0,10.0,7.0,0.2837488445236521,1754025181607.0,5.0,7.93,7.0,1754025176758.0,1754025181758.0,0.0,0.0,605211.94007,605216.94007,937.0,43.70849217721673,7.770619088116811,4.407964789954263,1.013664788791535,10.392304845413266,2.2039823949771318,29.439742337186743,43.70849217721673,88.32929332947405,57.59765519161541,0.9821888636018626,0.9827332428876964,0.0579510286612844,0.0514094830860533,3.0,72.72995204872898,541.3188594335069,0.1335325474706429,4.476513409795586,28.205833269743312,0.0243966372708719,1754025177711.7805,1754025182711.7805
0.4445384615384615,0.0005000532544378,0.9953937007874016,6.658968317936603e-05,0.460576923076923,0.998031496062992,0.2184779403683987,0.4812881163054323,0.2184779403683987,0.4812881163054323,0.0,1.0,10.0,7.0,0.0974018162188751,1754025181950.0,5.0,8.335,7.0,1754025181759.0,1754025186759.0,0.0,0.0,605211.94007,605216.94007,937.0,43.70849217721673,7.770619088116811,4.407964789954263,1.013664788791535,10.392304845413266,2.2039823949771318,29.439742337186743,43.70849217721673,88.32929332947405,57.59765519161541,0.9821888636018626,0.9827332428876964,0.0579510286612844,0.0514094830860533,3.0,72.72995204872898,541.3188594335069,0.1335325474706429,4.476513409795586,28.205833269743312,0.0243966372708719,1754025177711.7805,1754025182711.7805
0.4445384615384615,0.0005000532544378,0.9953937007874016,6.658968317936603e-05,0.460576923076923,0.998031496062992,0.2184779403683987,0.4812881163054323,0.2184779403683987,0.4812881163054323,0.0,1.0,10.0,7.0,0.0974018162188751,1754025181950.0,5.0,8.335,7.0,1754025181759.0,1754025186759.0,0.0,0.0,605216.94007,605221.94007,1074.0,39.47077715981586,5.114448945011756,4.012692800420446,0.8420289684931647,10.392304845413264,2.006346400210223,26.68821441172521,39.47077715981586,82.43791393341745,55.58426193284448,0.9640824750764908,0.9644209052373036,0.072801303539095,0.065411321123458,2.0,808.631315446357,17959.930145882958,0.1315423289412659,3.1248810284026725,23.676530766052736,0.0227384102714887,1754025182711.7805,1754025187711.7805
0.4643076923076923,0.0004728047337278,0.9967322834645668,1.179552359104518e-06,0.4884615384615384,0.998031496062992,0.1987087095991679,0.4826266989825976,0.1987087095991679,0.4826266989825976,0.0,1.0,10.0,7.0,0.2863301774795651,1754025191479.0,4.73,8.47,7.0,1754025186760.0,1754025191760.0,0.0,0.0,605216.94007,605221.94007,1074.0,39.47077715981586,5.114448945011756,4.012692800420446,0.8420289684931647,10.392304845413264,2.006346400210223,26.68821441172521,39.47077715981586,82.43791393341745,55.58426193284448,0.9640824750764908,0.9644209052373036,0.072801303539095,0.065411321123458,2.0,808.631315446357,17959.930145882958,0.1315423289412659,3.1248810284026725,23.676530766052736,0.0227384102714887,1754025182711.7805,1754025187711.7805
0.4643076923076923,0.0004728047337278,0.9967322834645668,1.179552359104518e-06,0.4884615384615384,0.998031496062992,0.1987087095991679,0.4826266989825976,0.1987087095991679,0.4826266989825976,0.0,1.0,10.0,7.0,0.2863301774795651,1754025191479.0,4.73,8.47,7.0,1754025186760.0,1754025191760.0,0.0,0.0,605221.94007,605226.94007,1115.0,36.44668107068363,4.721650898672903,3.711675351086683,0.8496238713535763,10.392304845413264,1.8558376755433412,24.23165328317716,36.44668107068363,83.39792172955848,55.1281474079068,0.9880734962901612,0.9881766614242126,0.0459729408843699,0.0408726411756669,2.0,45.15082999086348,534.1940490999549,0.0939936010428026,1.6532291845484903,17.294727537300936,0.0201872393989457,1754025187711.7805,1754025192711.7805
0.3737692307692308,0.018692124260355,0.4579133858267717,0.1280730190960382,0.4663461538461538,0.9960629921259844,0.2892471711376295,0.0561921986551974,0.2892471711376295,0.0561921986551974,0.0,1.0,10.0,7.0,0.3397406646786292,1754025191479.0,4.73,8.47,7.0,1754025186760.0,1754025191760.0,0.0,0.0,605216.94007,605221.94007,1074.0,39.47077715981586,5.114448945011756,4.012692800420446,0.8420289684931647,10.392304845413264,2.006346400210223,26.68821441172521,39.47077715981586,82.43791393341745,55.58426193284448,0.9640824750764908,0.9644209052373036,0.072801303539095,0.065411321123458,2.0,808.631315446357,17959.930145882958,0.1315423289412659,3.1248810284026725,23.676530766052736,0.0227384102714887,1754025182711.7805,1754025187711.7805
0.3737692307692308,0.018692124260355,0.4579133858267717,0.1280730190960382,0.4663461538461538,0.9960629921259844,0.2892471711376295,0.0561921986551974,0.2892471711376295,0.0561921986551974,0.0,1.0,10.0,7.0,0.3397406646786292,1754025191479.0,4.73,8.47,7.0,1754025186760.0,1754025191760.0,0.0,0.0,605221.94007,605226.94007,1115.0,36.44668107068363,4.721650898672903,3.711675351086683,0.8496238713535763,10.392304845413264,1.8558376755433412,24.23165328317716,36.44668107068363,83.39792172955848,55.1281474079068,0.9880734962901612,0.9881766614242126,0.0459729408843699,0.0408726411756669,2.0,45.15082999086348,534.1940490999549,0.0939936010428026,1.6532291845484903,17.294727537300936,0.0201872393989457,1754025187711.7805,1754025192711.7805
0.9427692307692308,0.0060216804733727,0.1351574803149605,0.0005109755719511,0.9730769230769232,0.1476377952755905,0.2797528288623705,0.3789481041670086,0.2797528288623705,0.3789481041670086,0.0,1.0,10.0,7.0,0.1503934848765634,1754025199904.0,4.73,8.73,7.0,1754025196762.0,1754025201762.0,0.0,0.0,605226.94007,605231.94007,336.0,34.392721361913615,10.985325010247337,3.5378088116691644,1.4620194643996482,10.392304845413264,1.7689044058345822,25.719215432515306,34.392721361913615,87.31864249216922,49.265732481252094,0.8147000356012442,0.8146121441153055,0.1380158823097874,0.1351826113377982,30.0,185.98196996906643,444.9859484149915,0.1943679186482928,27.995220529655136,65.86232740715646,0.0733082706766917,1754025192711.7805,1754025197711.7805
0.9427692307692308,0.0060216804733727,0.1351574803149605,0.0005109755719511,0.9730769230769232,0.1476377952755905,0.2797528288623705,0.3789481041670086,0.2797528288623705,0.3789481041670086,0.0,1.0,10.0,7.0,0.1503934848765634,1754025199904.0,4.73,8.73,7.0,1754025196762.0,1754025201762.0,0.0,0.0,605231.94007,605236.94007,540.0,33.2797182654631,10.385817651217156,3.145999352009848,1.138886793459711,10.392304845413264,1.572999676004924,23.229388507311757,33.2797182654631,82.13916067394368,45.40187145719315,0.7906224152734905,0.7898836172938491,0.1202002554574691,0.1130320139748898,63.0,1255.3079253429096,11003.762093835134,0.1820763179756728,17.587039228039608,53.79020334005951,0.0643274853801169,1754025197711.7805,1754025202711.7805
0.8896923076923077,0.0003872426035502,0.1245669291338582,0.0002205716411432,0.8923076923076924,0.1279527559055118,0.2266759057854473,0.3895386553481109,0.2266759057854473,0.3895386553481109,0.0,1.0,10.0,7.0,0.2915785213254439,1754025206246.0,4.73,9.0,7.0,1754025201763.0,1754025206763.0,0.0,0.0,605231.94007,605236.94007,540.0,33.2797182654631,10.385817651217156,3.145999352009848,1.138886793459711,10.392304845413264,1.572999676004924,23.229388507311757,33.2797182654631,82.13916067394368,45.40187145719315,0.7906224152734905,0.7898836172938491,0.1202002554574691,0.1130320139748898,63.0,1255.3079253429096,11003.762093835134,0.1820763179756728,17.587039228039608,53.79020334005951,0.0643274853801169,1754025197711.7805,1754025202711.7805
0.8896923076923077,0.0003872426035502,0.1245669291338582,0.0002205716411432,0.8923076923076924,0.1279527559055118,0.2266759057854473,0.3895386553481109,0.2266759057854473,0.3895386553481109,0.0,1.0,10.0,7.0,0.2915785213254439,1754025206246.0,4.73,9.0,7.0,1754025201763.0,1754025206763.0,0.0,0.0,605236.94007,605241.94007,782.0,39.89479669512636,5.527777487353036,3.695516527900482,0.6096456269706158,10.392304845413264,1.847758263950241,25.92139411626704,39.89479669512636,78.87801070278394,53.04338641891362,0.8716745131969542,0.8718881185484295,0.1191798925581978,0.1029829981993903,17.0,106.02560471596922,655.4357585205689,0.1349029636262532,7.019179321117639,35.009069650686314,0.0374657872302238,1754025202711.7805,1754025207711.7805
0.8578461538461539,0.0001999763313609,0.1354724409448818,0.000298327546655,0.8692307692307693,0.1427165354330708,0.1948297519392936,0.3786331435370873,0.1948297519392936,0.3786331435370873,0.0,1.0,10.0,7.0,0.178334108885314,1754025211422.0,4.73,8.73,7.0,1754025206764.0,1754025211764.0,0.0,0.0,605236.94007,605241.94007,782.0,39.89479669512636,5.527777487353036,3.695516527900482,0.6096456269706158,10.392304845413264,1.847758263950241,25.92139411626704,39.89479669512636,78.87801070278394,53.04338641891362,0.8716745131969542,0.8718881185484295,0.1191798925581978,0.1029829981993903,17.0,106.02560471596922,655.4357585205689,0.1349029636262532,7.019179321117639,35.009069650686314,0.0374657872302238,1754025202711.7805,1754025207711.7805
0.8578461538461539,0.0001999763313609,0.1354724409448818,0.000298327546655,0.8692307692307693,0.1427165354330708,0.1948297519392936,0.3786331435370873,0.1948297519392936,0.3786331435370873,0.0,1.0,10.0,7.0,0.178334108885314,1754025211422.0,4.73,8.73,7.0,1754025206764.0,1754025211764.0,0.0,0.0,605241.94007,605246.94007,1123.0,39.94401418162829,3.4553290216620347,3.6157129514341695,0.5353688952038883,10.392304845413264,1.8078564757170847,25.079615412554144,39.94401418162829,78.00368105207363,52.15101464215075,0.89471566262551,0.8939650029531817,0.1146525966400791,0.0906924059329377,14.0,12.044866948796964,54.66165460910386,0.0954126242197248,1.7249615453924474,17.608239711479527,0.0249488369186546,1754025207711.7805,1754025212711.7805
0.8474615384615383,9.74023668639054e-05,0.1374409448818897,0.0002588024676049,0.8528846153846154,0.1432086614173228,0.1844451365546779,0.3766646396000794,0.1844451365546779,0.3766646396000794,0.0,1.0,10.0,7.0,0.4674459059408228,1754025214086.1428,4.237142857142857,8.315714285714284,7.0,1754025211765.0,1754025216765.0,0.0,0.0,605241.94007,605246.94007,1123.0,39.94401418162829,3.4553290216620347,3.6157129514341695,0.5353688952038883,10.392304845413264,1.8078564757170847,25.079615412554144,39.94401418162829,78.00368105207363,52.15101464215075,0.89471566262551,0.8939650029531817,0.1146525966400791,0.0906924059329377,14.0,12.044866948796964,54.66165460910386,0.0954126242197248,1.7249615453924474,17.608239711479527,0.0249488369186546,1754025207711.7805,1754025212711.7805
0.8474615384615383,9.74023668639054e-05,0.1374409448818897,0.0002588024676049,0.8528846153846154,0.1432086614173228,0.1844451365546779,0.3766646396000794,0.1844451365546779,0.3766646396000794,0.0,1.0,10.0,7.0,0.4674459059408228,1754025214086.1428,4.237142857142857,8.315714285714284,7.0,1754025211765.0,1754025216765.0,0.0,0.0,605246.94007,605251.94007,1218.0,41.79048971945728,3.011623373714273,3.7814669246008767,0.6156836604830658,10.392304845413264,1.8907334623004384,25.424068143045428,41.79048971945728,74.21061584501568,47.50322451791286,0.981154501120209,0.981154501120209,0.0366125106353467,0.026180277608594,0.0,8.513871859061656,123.90031592626288,0.0200201890145915,0.2983959118136686,7.350562103903736,0.0181488203266787,1754025212711.7805,1754025217711.7805
0.8207692307692307,7.159763313609473e-05,0.1342125984251968,0.0002557024614049,0.8259615384615384,0.1417322834645669,0.1577528288623704,0.3798929860567723,0.1577528288623704,0.3798929860567723,0.0,1.0,10.0,7.0,0.1557895858530114,1754025220107.8572,3.3999999999999995,8.58,7.0,1754025216766.0,1754025221766.0,0.0,0.0,605246.94007,605251.94007,1218.0,41.79048971945728,3.011623373714273,3.7814669246008767,0.6156836604830658,10.392304845413264,1.8907334623004384,25.424068143045428,41.79048971945728,74.21061584501568,47.50322451791286,0.981154501120209,0.981154501120209,0.0366125106353467,0.026180277608594,0.0,8.513871859061656,123.90031592626288,0.0200201890145915,0.2983959118136686,7.350562103903736,0.0181488203266787,1754025212711.7805,1754025217711.7805
0.8207692307692307,7.159763313609473e-05,0.1342125984251968,0.0002557024614049,0.8259615384615384,0.1417322834645669,0.1577528288623704,0.3798929860567723,0.1577528288623704,0.3798929860567723,0.0,1.0,10.0,7.0,0.1557895858530114,1754025220107.8572,3.3999999999999995,8.58,7.0,1754025216766.0,1754025221766.0,0.0,0.0,605251.94007,605256.94007,1215.0,36.88585986812566,2.231482483627804,3.3374330913733488,0.5275622532738994,10.392304845413264,1.6687165456866744,22.423457518248835,36.88585986812566,76.3621027019816,46.7350547617757,0.9955839403168394,0.995398504195116,0.0230025996506882,0.0187304061321189,0.0,35.26236508111195,649.9116702344531,0.0519592589343403,0.0004884947795682,0.01164642698275,0.0177171323370153,1754025217711.7805,1754025222711.7805
0.8086153846153844,8.731360946745564e-05,0.1242913385826771,0.0002661370822741,0.8144230769230769,0.1299212598425196,0.1455989827085241,0.389814245899292,0.1455989827085241,0.389814245899292,0.0,1.0,10.0,7.0,0.2746864409512588,1754025220107.8572,3.3999999999999995,8.58,7.0,1754025216766.0,1754025221766.0,0.0,0.0,605246.94007,605251.94007,1218.0,41.79048971945728,3.011623373714273,3.7814669246008767,0.6156836604830658,10.392304845413264,1.8907334623004384,25.424068143045428,41.79048971945728,74.21061584501568,47.50322451791286,0.981154501120209,0.981154501120209,0.0366125106353467,0.026180277608594,0.0,8.513871859061656,123.90031592626288,0.0200201890145915,0.2983959118136686,7.350562103903736,0.0181488203266787,1754025212711.7805,1754025217711.7805
0.8086153846153844,8.731360946745564e-05,0.1242913385826771,0.0002661370822741,0.8144230769230769,0.1299212598425196,0.1455989827085241,0.389814245899292,0.1455989827085241,0.389814245899292,0.0,1.0,10.0,7.0,0.2746864409512588,1754025220107.8572,3.3999999999999995,8.58,7.0,1754025216766.0,1754025221766.0,0.0,0.0,605251.94007,605256.94007,1215.0,36.88585986812566,2.231482483627804,3.3374330913733488,0.5275622532738994,10.392304845413264,1.6687165456866744,22.423457518248835,36.88585986812566,76.3621027019816,46.7350547617757,0.9955839403168394,0.995398504195116,0.0230025996506882,0.0187304061321189,0.0,35.26236508111195,649.9116702344531,0.0519592589343403,0.0004884947795682,0.01164642698275,0.0177171323370153,1754025217711.7805,1754025222711.7805
0.8092307692307693,0.0001603550295857,0.1130708661417322,0.0001813751627503,0.8192307692307692,0.1210629921259842,0.146214367323909,0.4010347183402369,0.146214367323909,0.4010347183402369,0.0,1.0,10.0,7.0,0.1559924562365762,1754025220107.8572,3.3999999999999995,8.58,7.0,1754025216766.0,1754025221766.0,0.0,0.0,605246.94007,605251.94007,1218.0,41.79048971945728,3.011623373714273,3.7814669246008767,0.6156836604830658,10.392304845413264,1.8907334623004384,25.424068143045428,41.79048971945728,74.21061584501568,47.50322451791286,0.981154501120209,0.981154501120209,0.0366125106353467,0.026180277608594,0.0,8.513871859061656,123.90031592626288,0.0200201890145915,0.2983959118136686,7.350562103903736,0.0181488203266787,1754025212711.7805,1754025217711.7805
0.8092307692307693,0.0001603550295857,0.1130708661417322,0.0001813751627503,0.8192307692307692,0.1210629921259842,0.146214367323909,0.4010347183402369,0.146214367323909,0.4010347183402369,0.0,1.0,10.0,7.0,0.1559924562365762,1754025220107.8572,3.3999999999999995,8.58,7.0,1754025216766.0,1754025221766.0,0.0,0.0,605251.94007,605256.94007,1215.0,36.88585986812566,2.231482483627804,3.3374330913733488,0.5275622532738994,10.392304845413264,1.6687165456866744,22.423457518248835,36.88585986812566,76.3621027019816,46.7350547617757,0.9955839403168394,0.995398504195116,0.0230025996506882,0.0187304061321189,0.0,35.26236508111195,649.9116702344531,0.0519592589343403,0.0004884947795682,0.01164642698275,0.0177171323370153,1754025217711.7805,1754025222711.7805
0.7939999999999999,8.707692307692329e-05,0.111771653543307,0.0001903853307706,0.8,0.1136811023622047,0.1309835980931396,0.4023339309386621,0.1309835980931396,0.4023339309386621,0.0,1.0,10.0,7.0,0.3489241766804581,1754025220107.8572,3.3999999999999995,8.58,7.0,1754025216766.0,1754025221766.0,0.0,0.0,605246.94007,605251.94007,1218.0,41.79048971945728,3.011623373714273,3.7814669246008767,0.6156836604830658,10.392304845413264,1.8907334623004384,25.424068143045428,41.79048971945728,74.21061584501568,47.50322451791286,0.981154501120209,0.981154501120209,0.0366125106353467,0.026180277608594,0.0,8.513871859061656,123.90031592626288,0.0200201890145915,0.2983959118136686,7.350562103903736,0.0181488203266787,1754025212711.7805,1754025217711.7805
0.7939999999999999,8.707692307692329e-05,0.111771653543307,0.0001903853307706,0.8,0.1136811023622047,0.1309835980931396,0.4023339309386621,0.1309835980931396,0.4023339309386621,0.0,1.0,10.0,7.0,0.3489241766804581,1754025220107.8572,3.3999999999999995,8.58,7.0,1754025216766.0,1754025221766.0,0.0,0.0,605251.94007,605256.94007,1215.0,36.88585986812566,2.231482483627804,3.3374330913733488,0.5275622532738994,10.392304845413264,1.6687165456866744,22.423457518248835,36.88585986812566,76.3621027019816,46.7350547617757,0.9955839403168394,0.995398504195116,0.0230025996506882,0.0187304061321189,0.0,35.26236508111195,649.9116702344531,0.0519592589343403,0.0004884947795682,0.01164642698275,0.0177171323370153,1754025217711.7805,1754025222711.7805
0.8081538461538461,0.0001879526627218,0.099015748031496,0.0001984391468782,0.8192307692307692,0.1023622047244094,0.1451374442469858,0.4150898364504731,0.1451374442469858,0.4150898364504731,0.0,1.0,10.0,7.0,0.1805280115874649,1754025239716.0,2.902857142857143,7.897142857142859,7.0,1754025236770.0,1754025241770.0,0.0,0.0,605266.94007,605271.94007,1123.0,39.64613516130516,4.176181232691731,3.6421452367829614,0.5123682492467032,10.392304845413264,1.8210726183914807,26.200885710959493,39.64613516130516,88.08271108461783,53.75492986254282,0.9696446723132088,0.9697823924092834,0.0647489825364517,0.0509553949385225,1.0,39.564763403208936,326.8354103008069,0.0694483982112796,2.325228952224331,20.405258843237544,0.0213869491181203,1754025232711.7805,1754025237711.7805
0.8081538461538461,0.0001879526627218,0.099015748031496,0.0001984391468782,0.8192307692307692,0.1023622047244094,0.1451374442469858,0.4150898364504731,0.1451374442469858,0.4150898364504731,0.0,1.0,10.0,7.0,0.1805280115874649,1754025239716.0,2.902857142857143,7.897142857142859,7.0,1754025236770.0,1754025241770.0,0.0,0.0,605271.94007,605276.94007,1217.0,37.55857361583038,3.2314521512953784,3.485306668754403,0.4304595218686627,10.392304845413264,1.7426533343772015,24.056618988459174,37.55857361583038,73.48923170511084,49.25867352283786,0.9966514725981612,0.9966514725981616,0.0169911252979594,0.0119420176914358,0.0,3.886139969816255,16.29002002917128,0.0518220323603524,0.0007849567483199,0.0124453057953443,0.0188412691548097,1754025237711.7805,1754025242711.7805
0.8247692307692306,6.0449704142012015e-05,0.0949212598425196,0.0001748852997705,0.8307692307692308,0.1033464566929133,0.1617528288623703,0.4191843246394495,0.1617528288623703,0.4191843246394495,0.0,1.0,10.0,7.0,0.0359020423921803,1754025244790.75,2.09875,6.7,7.0,1754025241771.0,1754025246771.0,0.0,0.0,605271.94007,605276.94007,1217.0,37.55857361583038,3.2314521512953784,3.485306668754403,0.4304595218686627,10.392304845413264,1.7426533343772015,24.056618988459174,37.55857361583038,73.48923170511084,49.25867352283786,0.9966514725981612,0.9966514725981616,0.0169911252979594,0.0119420176914358,0.0,3.886139969816255,16.29002002917128,0.0518220323603524,0.0007849567483199,0.0124453057953443,0.0188412691548097,1754025237711.7805,1754025242711.7805
0.8247692307692306,6.0449704142012015e-05,0.0949212598425196,0.0001748852997705,0.8307692307692308,0.1033464566929133,0.1617528288623703,0.4191843246394495,0.1617528288623703,0.4191843246394495,0.0,1.0,10.0,7.0,0.0359020423921803,1754025244790.75,2.09875,6.7,7.0,1754025241771.0,1754025246771.0,0.0,0.0,605276.94007,605281.94007,1203.0,37.27965035944011,2.151777344737098,3.461535887631193,0.371749664557526,10.392304845413264,1.7307679438155965,24.14116238788606,37.27965035944011,75.57289888747057,49.74366558645924,0.9985138894678862,0.9986361443290545,0.0164092090984831,0.0123172984466521,0.0,5.612679330776018,32.52052597075984,0.0315729711102194,0.3025865481852414,7.397209413179458,0.017806361289758,1754025242711.7805,1754025247711.7805
0.8283076923076922,9.157396449704168e-05,0.0943700787401574,0.0001342938185876,0.8346153846153846,0.0984251968503937,0.1652912904008319,0.4197355057418117,0.1652912904008319,0.4197355057418117,0.0,1.0,10.0,7.0,0.2296092185679082,1754025244790.75,2.09875,6.7,7.0,1754025241771.0,1754025246771.0,0.0,0.0,605271.94007,605276.94007,1217.0,37.55857361583038,3.2314521512953784,3.485306668754403,0.4304595218686627,10.392304845413264,1.7426533343772015,24.056618988459174,37.55857361583038,73.48923170511084,49.25867352283786,0.9966514725981612,0.9966514725981616,0.0169911252979594,0.0119420176914358,0.0,3.886139969816255,16.29002002917128,0.0518220323603524,0.0007849567483199,0.0124453057953443,0.0188412691548097,1754025237711.7805,1754025242711.7805
0.8283076923076922,9.157396449704168e-05,0.0943700787401574,0.0001342938185876,0.8346153846153846,0.0984251968503937,0.1652912904008319,0.4197355057418117,0.1652912904008319,0.4197355057418117,0.0,1.0,10.0,7.0,0.2296092185679082,1754025244790.75,2.09875,6.7,7.0,1754025241771.0,1754025246771.0,0.0,0.0,605276.94007,605281.94007,1203.0,37.27965035944011,2.151777344737098,3.461535887631193,0.371749664557526,10.392304845413264,1.7307679438155965,24.14116238788606,37.27965035944011,75.57289888747057,49.74366558645924,0.9985138894678862,0.9986361443290545,0.0164092090984831,0.0123172984466521,0.0,5.612679330776018,32.52052597075984,0.0315729711102194,0.3025865481852414,7.397209413179458,0.017806361289758,1754025242711.7805,1754025247711.7805
0.8153076923076923,0.000113899408284,0.0901574803149606,0.0001649203298406,0.823076923076923,0.0979330708661417,0.152291290400832,0.4239481041670085,0.152291290400832,0.4239481041670085,0.0,1.0,10.0,7.0,0.1156013056337903,1754025255950.7144,1.8000000000000005,7.132857142857143,7.0,1754025251773.0,1754025256773.0,0.0,0.0,605281.94007,605286.94007,1209.0,38.949843675681336,4.713057812436273,3.667986002534261,0.5305199919808414,10.392304845413266,1.8339930012671304,24.21351976708921,38.949843675681336,90.79499435499348,49.43240141164037,0.9953890710421114,0.9950910825662014,0.0283801567256433,0.0286137389602958,2.0,22.41685354318869,210.07500943146223,0.1025502573131614,0.3051715214610822,7.419601987249808,0.0187627878629576,1754025247711.7805,1754025252711.7805
0.8153076923076923,0.000113899408284,0.0901574803149606,0.0001649203298406,0.823076923076923,0.0979330708661417,0.152291290400832,0.4239481041670085,0.152291290400832,0.4239481041670085,0.0,1.0,10.0,7.0,0.1156013056337903,1754025255950.7144,1.8000000000000005,7.132857142857143,7.0,1754025251773.0,1754025256773.0,0.0,0.0,605286.94007,605291.94007,1090.0,42.84572140973306,3.877656703253317,4.062402232525091,0.4079103248498862,10.392304845413264,2.0312011162625456,28.51035460904246,42.84572140973306,87.19216830362397,53.51715040165219,0.9604901057325412,0.9600409065601582,0.073540874218414,0.0672450726873722,2.0,18.51553242182187,114.71774520614376,0.1057487752008521,2.3893634636235883,20.687512956757324,0.0218895863511991,1754025252711.7805,1754025257711.7805
0.8071538461538462,9.290532544378702e-05,0.0949606299212598,0.0001552421104842,0.8153846153846154,0.1043307086614173,0.1441374442469859,0.4191449545607094,0.1441374442469859,0.4191449545607094,0.0,1.0,10.0,7.0,0.2006407094470265,1754025258007.3333,1.8,8.466666666666667,7.0,1754025256774.0,1754025261774.0,0.0,0.0,605286.94007,605291.94007,1090.0,42.84572140973306,3.877656703253317,4.062402232525091,0.4079103248498862,10.392304845413264,2.0312011162625456,28.51035460904246,42.84572140973306,87.19216830362397,53.51715040165219,0.9604901057325412,0.9600409065601582,0.073540874218414,0.0672450726873722,2.0,18.51553242182187,114.71774520614376,0.1057487752008521,2.3893634636235883,20.687512956757324,0.0218895863511991,1754025252711.7805,1754025257711.7805
0.8071538461538462,9.290532544378702e-05,0.0949606299212598,0.0001552421104842,0.8153846153846154,0.1043307086614173,0.1441374442469859,0.4191449545607094,0.1441374442469859,0.4191449545607094,0.0,1.0,10.0,7.0,0.2006407094470265,1754025258007.3333,1.8,8.466666666666667,7.0,1754025256774.0,1754025261774.0,0.0,0.0,605291.94007,605296.94007,512.0,41.2662767633641,10.209442997478746,3.92204132801682,0.9943310696172474,10.392304845413264,1.96102066400841,27.625588324432037,41.2662767633641,83.65844734417074,52.68622510515744,0.892629508666241,0.8911078438283386,0.1004484676621499,0.0931609823435602,6.0,206.0430244955615,2335.482023839377,0.1066592855065896,8.413192519193565,38.17539674686782,0.0389254385964912,1754025257711.7805,1754025262711.7805
0.8156923076923077,0.0001052307692307,0.0916535433070865,0.00010170500341,0.8259615384615384,0.0944881889763779,0.1526759057854474,0.4224520411748826,0.1526759057854474,0.4224520411748826,0.0,1.0,10.0,7.0,0.1599872405150841,1754025258007.3333,1.8,8.466666666666667,7.0,1754025256774.0,1754025261774.0,0.0,0.0,605286.94007,605291.94007,1090.0,42.84572140973306,3.877656703253317,4.062402232525091,0.4079103248498862,10.392304845413264,2.0312011162625456,28.51035460904246,42.84572140973306,87.19216830362397,53.51715040165219,0.9604901057325412,0.9600409065601582,0.073540874218414,0.0672450726873722,2.0,18.51553242182187,114.71774520614376,0.1057487752008521,2.3893634636235883,20.687512956757324,0.0218895863511991,1754025252711.7805,1754025257711.7805
0.8156923076923077,0.0001052307692307,0.0916535433070865,0.00010170500341,0.8259615384615384,0.0944881889763779,0.1526759057854474,0.4224520411748826,0.1526759057854474,0.4224520411748826,0.0,1.0,10.0,7.0,0.1599872405150841,1754025258007.3333,1.8,8.466666666666667,7.0,1754025256774.0,1754025261774.0,0.0,0.0,605291.94007,605296.94007,512.0,41.2662767633641,10.209442997478746,3.92204132801682,0.9943310696172474,10.392304845413264,1.96102066400841,27.625588324432037,41.2662767633641,83.65844734417074,52.68622510515744,0.892629508666241,0.8911078438283386,0.1004484676621499,0.0931609823435602,6.0,206.0430244955615,2335.482023839377,0.1066592855065896,8.413192519193565,38.17539674686782,0.0389254385964912,1754025257711.7805,1754025262711.7805
0.8271538461538461,3.160355029585822e-05,0.0924015748031495,9.275373550747106e-05,0.8307692307692308,0.0994094488188975,0.1641374442469858,0.4217040096788196,0.1641374442469858,0.4217040096788196,0.0,1.0,10.0,7.0,,1754025258007.3333,1.8,8.466666666666667,7.0,1754025256774.0,1754025261774.0,0.0,0.0,605286.94007,605291.94007,1090.0,42.84572140973306,3.877656703253317,4.062402232525091,0.4079103248498862,10.392304845413264,2.0312011162625456,28.51035460904246,42.84572140973306,87.19216830362397,53.51715040165219,0.9604901057325412,0.9600409065601582,0.073540874218414,0.0672450726873722,2.0,18.51553242182187,114.71774520614376,0.1057487752008521,2.3893634636235883,20.687512956757324,0.0218895863511991,1754025252711.7805,1754025257711.7805
0.8271538461538461,3.160355029585822e-05,0.0924015748031495,9.275373550747106e-05,0.8307692307692308,0.0994094488188975,0.1641374442469858,0.4217040096788196,0.1641374442469858,0.4217040096788196,0.0,1.0,10.0,7.0,,1754025258007.3333,1.8,8.466666666666667,7.0,1754025256774.0,1754025261774.0,0.0,0.0,605291.94007,605296.94007,512.0,41.2662767633641,10.209442997478746,3.92204132801682,0.9943310696172474,10.392304845413264,1.96102066400841,27.625588324432037,41.2662767633641,83.65844734417074,52.68622510515744,0.892629508666241,0.8911078438283386,0.1004484676621499,0.0931609823435602,6.0,206.0430244955615,2335.482023839377,0.1066592855065896,8.413192519193565,38.17539674686782,0.0389254385964912,1754025257711.7805,1754025262711.7805
0.846846153846154,8.02899408284023e-05,0.0991338582677165,0.0001921631843263,0.8538461538461538,0.1038385826771653,0.1838297519392937,0.4149717262142527,0.1838297519392937,0.4149717262142527,0.0,1.0,10.0,8.0,0.3287810152032301,1754026197312.0,5.0,5.0,8.0,1754026197312.0,1754026202312.0,1.0,1.0,606226.94007,606231.94007,1197.0,23.28910210857251,1.768085120395338,2.392688527793659,0.1659430826327102,10.392304845413264,1.1963442638968296,15.859137407832288,23.28910210857251,89.24044824592741,50.17201343884978,0.9919090800309148,0.991734131038464,0.046009317646088,0.0455943997992015,5.0,28.51924743871435,338.7878318748303,0.0656574705294247,1.2237981540523877,14.853724317504104,0.0190388251330079,1754026192711.7805,1754026197711.7805
0.846846153846154,8.02899408284023e-05,0.0991338582677165,0.0001921631843263,0.8538461538461538,0.1038385826771653,0.1838297519392937,0.4149717262142527,0.1838297519392937,0.4149717262142527,0.0,1.0,10.0,8.0,0.3287810152032301,1754026197312.0,5.0,5.0,8.0,1754026197312.0,1754026202312.0,1.0,1.0,606231.94007,606236.94007,1238.0,30.487972917911662,2.5894880210856703,3.142574807249655,0.2673104017011587,10.392304845413264,1.5712874036248277,22.028891356764877,30.487972917911662,80.03060080438411,56.94301549723717,0.9965602989302764,0.9965602989302764,0.0178735679203176,0.0125446663465812,0.0,4.447281809815718,13.415137893885236,0.064519602948918,0.0005036260306987,0.0099651648784651,0.0175438596491228,1754026197711.7805,1754026202711.7805
0.7896153846153845,0.000212573964497,0.1001968503937007,9.365893731787471e-05,0.7990384615384616,0.1003937007874015,0.1265989827085242,0.4139087340882684,0.1265989827085242,0.4139087340882684,0.0,1.0,10.0,8.0,0.3030567225192403,1754026197312.0,5.0,5.0,8.0,1754026197312.0,1754026202312.0,1.0,1.0,606226.94007,606231.94007,1197.0,23.28910210857251,1.768085120395338,2.392688527793659,0.1659430826327102,10.392304845413264,1.1963442638968296,15.859137407832288,23.28910210857251,89.24044824592741,50.17201343884978,0.9919090800309148,0.991734131038464,0.046009317646088,0.0455943997992015,5.0,28.51924743871435,338.7878318748303,0.0656574705294247,1.2237981540523877,14.853724317504104,0.0190388251330079,1754026192711.7805,1754026197711.7805
0.7896153846153845,0.000212573964497,0.1001968503937007,9.365893731787471e-05,0.7990384615384616,0.1003937007874015,0.1265989827085242,0.4139087340882684,0.1265989827085242,0.4139087340882684,0.0,1.0,10.0,8.0,0.3030567225192403,1754026197312.0,5.0,5.0,8.0,1754026197312.0,1754026202312.0,1.0,1.0,606231.94007,606236.94007,1238.0,30.487972917911662,2.5894880210856703,3.142574807249655,0.2673104017011587,10.392304845413264,1.5712874036248277,22.028891356764877,30.487972917911662,80.03060080438411,56.94301549723717,0.9965602989302764,0.9965602989302764,0.0178735679203176,0.0125446663465812,0.0,4.447281809815718,13.415137893885236,0.064519602948918,0.0005036260306987,0.0099651648784651,0.0175438596491228,1754026197711.7805,1754026202711.7805
0.7060769230769232,0.0011290473372781,0.1139370078740157,0.0002477896955793,0.7230769230769231,0.1274606299212598,0.0430605211700628,0.4001685766079534,0.0430605211700628,0.4001685766079534,0.0,1.0,10.0,8.0,0.3480950659055205,1754026197312.0,5.0,5.0,8.0,1754026197312.0,1754026202312.0,1.0,1.0,606226.94007,606231.94007,1197.0,23.28910210857251,1.768085120395338,2.392688527793659,0.1659430826327102,10.392304845413264,1.1963442638968296,15.859137407832288,23.28910210857251,89.24044824592741,50.17201343884978,0.9919090800309148,0.991734131038464,0.046009317646088,0.0455943997992015,5.0,28.51924743871435,338.7878318748303,0.0656574705294247,1.2237981540523877,14.853724317504104,0.0190388251330079,1754026192711.7805,1754026197711.7805
0.7060769230769232,0.0011290473372781,0.1139370078740157,0.0002477896955793,0.7230769230769231,0.1274606299212598,0.0430605211700628,0.4001685766079534,0.0430605211700628,0.4001685766079534,0.0,1.0,10.0,8.0,0.3480950659055205,1754026197312.0,5.0,5.0,8.0,1754026197312.0,1754026202312.0,1.0,1.0,606231.94007,606236.94007,1238.0,30.487972917911662,2.5894880210856703,3.142574807249655,0.2673104017011587,10.392304845413264,1.5712874036248277,22.028891356764877,30.487972917911662,80.03060080438411,56.94301549723717,0.9965602989302764,0.9965602989302764,0.0178735679203176,0.0125446663465812,0.0,4.447281809815718,13.415137893885236,0.064519602948918,0.0005036260306987,0.0099651648784651,0.0175438596491228,1754026197711.7805,1754026202711.7805
0.704,2.423668639053276e-05,0.1376377952755905,0.0001445904891809,0.7076923076923077,0.1456692913385826,0.0409835980931396,0.3764677892063787,0.0409835980931396,0.3764677892063787,0.0,1.0,10.0,8.0,0.5351677509061643,1754026216627.0,5.0,4.73,8.0,1754026212315.0,1754026217315.0,1.0,1.0,606241.94007,606246.94007,1238.0,29.663198103014636,3.1212487886098157,3.1386097865773155,0.3200184667709966,10.392304845413264,1.5693048932886575,19.18240530313141,29.663198103014636,78.71049822899016,49.415914963251765,0.9992742740011112,0.9992742740011112,0.0090007262855269,0.0064351472388779,0.0,3.906882605913076,9.677677459385064,0.0660898363181257,0.0003652919451889,0.0063973916899669,0.0175438596491228,1754026207711.7805,1754026212711.7805
0.704,2.423668639053276e-05,0.1376377952755905,0.0001445904891809,0.7076923076923077,0.1456692913385826,0.0409835980931396,0.3764677892063787,0.0409835980931396,0.3764677892063787,0.0,1.0,10.0,8.0,0.5351677509061643,1754026216627.0,5.0,4.73,8.0,1754026212315.0,1754026217315.0,1.0,1.0,606246.94007,606251.94007,1225.0,34.515794717270445,2.2274124401811246,3.6562454115176526,0.2326438585402988,10.392304845413266,1.8281227057588263,22.29794993641899,34.515794717270445,77.2178971692507,49.767576605975925,0.9982746762771496,0.9984802043469524,0.012611861310197,0.0090197969599999,0.0,19.3814546633862,288.94701724910874,0.0592096516098087,0.2974303761522563,7.343922628373133,0.0177157178660938,1754026212711.7805,1754026217711.7805
0.6676923076923075,0.0005869822485207,0.1288582677165354,0.0001578228656457,0.6846153846153846,0.1348425196850393,0.0046759057854471,0.3852473167654338,0.0046759057854471,0.3852473167654338,0.0,1.0,10.0,8.0,1.0,1754026220012.8333,4.466666666666666,4.335,8.0,1754026217316.0,1754026222316.0,1.0,1.0,606246.94007,606251.94007,1225.0,34.515794717270445,2.2274124401811246,3.6562454115176526,0.2326438585402988,10.392304845413266,1.8281227057588263,22.29794993641899,34.515794717270445,77.2178971692507,49.767576605975925,0.9982746762771496,0.9984802043469524,0.012611861310197,0.0090197969599999,0.0,19.3814546633862,288.94701724910874,0.0592096516098087,0.2974303761522563,7.343922628373133,0.0177157178660938,1754026212711.7805,1754026217711.7805
0.6676923076923075,0.0005869822485207,0.1288582677165354,0.0001578228656457,0.6846153846153846,0.1348425196850393,0.0046759057854471,0.3852473167654338,0.0046759057854471,0.3852473167654338,0.0,1.0,10.0,8.0,1.0,1754026220012.8333,4.466666666666666,4.335,8.0,1754026217316.0,1754026222316.0,1.0,1.0,606251.94007,606256.94007,1193.0,34.913321828907506,2.820061755387386,3.7231158930865926,0.3059455097832041,10.392304845413266,1.8615579465432963,22.909389907054013,34.913321828907506,77.79856520397867,50.46429148107816,0.984954286649697,0.9842987368801662,0.06839278094248,0.0584895863409171,6.0,9.176201315915945,37.74073784361095,0.0597326615527865,1.2325104985873874,14.91517829126166,0.0193967735768591,1754026217711.7805,1754026222711.7805
0.6210000000000001,9.243195266272189e-05,0.1678346456692913,0.0005864917229834,0.6269230769230769,0.187007874015748,0.0420164019068601,0.3462709388126779,0.0420164019068601,0.3462709388126779,0.0,1.0,10.0,8.0,0.3371755274494982,1754026222769.75,3.2675,4.2,8.0,1754026222317.0,1754026227317.0,1.0,1.0,606251.94007,606256.94007,1193.0,34.913321828907506,2.820061755387386,3.7231158930865926,0.3059455097832041,10.392304845413266,1.8615579465432963,22.909389907054013,34.913321828907506,77.79856520397867,50.46429148107816,0.984954286649697,0.9842987368801662,0.06839278094248,0.0584895863409171,6.0,9.176201315915945,37.74073784361095,0.0597326615527865,1.2325104985873874,14.91517829126166,0.0193967735768591,1754026217711.7805,1754026222711.7805
0.6210000000000001,9.243195266272189e-05,0.1678346456692913,0.0005864917229834,0.6269230769230769,0.187007874015748,0.0420164019068601,0.3462709388126779,0.0420164019068601,0.3462709388126779,0.0,1.0,10.0,8.0,0.3371755274494982,1754026222769.75,3.2675,4.2,8.0,1754026222317.0,1754026227317.0,1.0,1.0,606256.94007,606261.94007,1239.0,33.8000860604887,1.6672633898301386,3.6043849260616088,0.1833921725081555,10.392304845413262,1.8021924630308044,22.246456731487545,33.8000860604887,79.87552698076942,50.53985066599873,0.9981019910260552,0.9981019910260552,0.0227522520391127,0.0162433455904034,0.0,3.3815152956329584,9.889544105283722,0.0488946909116912,0.0004191187924558,0.007353437475056,0.0175438596491228,1754026222711.7805,1754026227711.7805
0.627,2.099999999999985e-05,0.1572047244094488,0.0003420872341744,0.6307692307692307,0.1692913385826771,0.0360164019068602,0.3569008600725204,0.0360164019068602,0.3569008600725204,0.0,1.0,10.0,8.0,0.1912529988778352,1754026231448.5,3.13,4.6,8.0,1754026227318.0,1754026232318.0,1.0,1.0,606256.94007,606261.94007,1239.0,33.8000860604887,1.6672633898301386,3.6043849260616088,0.1833921725081555,10.392304845413262,1.8021924630308044,22.246456731487545,33.8000860604887,79.87552698076942,50.53985066599873,0.9981019910260552,0.9981019910260552,0.0227522520391127,0.0162433455904034,0.0,3.3815152956329584,9.889544105283722,0.0488946909116912,0.0004191187924558,0.007353437475056,0.0175438596491228,1754026222711.7805,1754026227711.7805
0.627,2.099999999999985e-05,0.1572047244094488,0.0003420872341744,0.6307692307692307,0.1692913385826771,0.0360164019068602,0.3569008600725204,0.0360164019068602,0.3569008600725204,0.0,1.0,10.0,8.0,0.1912529988778352,1754026231448.5,3.13,4.6,8.0,1754026227318.0,1754026232318.0,1.0,1.0,606261.94007,606266.94007,1219.0,32.55846396557416,2.0373093715741093,3.467502433872443,0.1997024604508792,10.392304845413264,1.7337512169362217,20.7712239848022,32.55846396557416,75.80540969339157,47.53313071746775,0.9967107420839952,0.9966659005375862,0.0295378239567528,0.0249832596912812,2.0,10.758374421428318,89.29622218825457,0.0746853866608154,0.5985837515356764,10.414308323295478,0.0180619719931494,1754026227711.7805,1754026232711.7805
0.6209230769230769,3.559763313609442e-05,0.1371259842519684,0.0003404752309504,0.6269230769230769,0.1377952755905512,0.0420933249837833,0.3769796002300007,0.0420933249837833,0.3769796002300007,0.0,1.0,10.0,8.0,0.1746557413237222,1754026234052.7144,4.2,5.0,8.0,1754026232319.0,1754026237319.0,1.0,1.0,606261.94007,606266.94007,1219.0,32.55846396557416,2.0373093715741093,3.467502433872443,0.1997024604508792,10.392304845413264,1.7337512169362217,20.7712239848022,32.55846396557416,75.80540969339157,47.53313071746775,0.9967107420839952,0.9966659005375862,0.0295378239567528,0.0249832596912812,2.0,10.758374421428318,89.29622218825457,0.0746853866608154,0.5985837515356764,10.414308323295478,0.0180619719931494,1754026227711.7805,1754026232711.7805
0.6209230769230769,3.559763313609442e-05,0.1371259842519684,0.0003404752309504,0.6269230769230769,0.1377952755905512,0.0420933249837833,0.3769796002300007,0.0420933249837833,0.3769796002300007,0.0,1.0,10.0,8.0,0.1746557413237222,1754026234052.7144,4.2,5.0,8.0,1754026232319.0,1754026237319.0,1.0,1.0,606266.94007,606271.94007,1239.0,34.81035774555941,1.6625433134578604,3.7169503878223256,0.1575977130393204,10.392304845413262,1.8584751939111628,22.37991807303677,34.81035774555941,83.79612118302647,49.93468552147501,0.9938526506290823,0.9938526506290823,0.0328701722864711,0.023008508054023,0.0,6.754262625369178,25.77783028293384,0.0993860649585844,0.0004449239665028,0.0081655776743281,0.0175438596491228,1754026232711.7805,1754026237711.7805
0.620923076923077,2.672189349112407e-05,0.133267716535433,0.0003740544981089,0.6230769230769231,0.1422244094488188,0.0420933249837832,0.3808378679465362,0.0420933249837832,0.3808378679465362,0.0,1.0,10.0,8.0,6.583007467655873e-05,1754026234052.7144,4.2,5.0,8.0,1754026232319.0,1754026237319.0,1.0,1.0,606261.94007,606266.94007,1219.0,32.55846396557416,2.0373093715741093,3.467502433872443,0.1997024604508792,10.392304845413264,1.7337512169362217,20.7712239848022,32.55846396557416,75.80540969339157,47.53313071746775,0.9967107420839952,0.9966659005375862,0.0295378239567528,0.0249832596912812,2.0,10.758374421428318,89.29622218825457,0.0746853866608154,0.5985837515356764,10.414308323295478,0.0180619719931494,1754026227711.7805,1754026232711.7805
0.620923076923077,2.672189349112407e-05,0.133267716535433,0.0003740544981089,0.6230769230769231,0.1422244094488188,0.0420933249837832,0.3808378679465362,0.0420933249837832,0.3808378679465362,0.0,1.0,10.0,8.0,6.583007467655873e-05,1754026234052.7144,4.2,5.0,8.0,1754026232319.0,1754026237319.0,1.0,1.0,606266.94007,606271.94007,1239.0,34.81035774555941,1.6625433134578604,3.7169503878223256,0.1575977130393204,10.392304845413262,1.8584751939111628,22.37991807303677,34.81035774555941,83.79612118302647,49.93468552147501,0.9938526506290823,0.9938526506290823,0.0328701722864711,0.023008508054023,0.0,6.754262625369178,25.77783028293384,0.0993860649585844,0.0004449239665028,0.0081655776743281,0.0175438596491228,1754026232711.7805,1754026237711.7805
0.6207692307692307,2.18934911242602e-05,0.1361023622047243,0.0004167973835947,0.6230769230769231,0.1427165354330708,0.0422471711376295,0.3780032222772448,0.0422471711376295,0.3780032222772448,0.0,1.0,10.0,8.0,0.3082822881064186,1754026244790.3333,5.0,5.0,8.0,1754026242321.0,1754026247321.0,1.0,1.0,606271.94007,606276.94007,1227.0,30.514881915152493,2.486767470329545,3.259714489055109,0.2601683013462275,10.392304845413264,1.6298572445275543,19.046340103036574,30.514881915152493,76.81883337661347,46.49146024427245,0.9962104119371784,0.9962063369575532,0.0313302257788882,0.0259779364121419,2.0,200.17458161839215,4524.645702552173,0.0777395748080379,0.000344850195742,0.0058733110888947,0.0178870158280787,1754026237711.7805,1754026242711.7805
0.6207692307692307,2.18934911242602e-05,0.1361023622047243,0.0004167973835947,0.6230769230769231,0.1427165354330708,0.0422471711376295,0.3780032222772448,0.0422471711376295,0.3780032222772448,0.0,1.0,10.0,8.0,0.3082822881064186,1754026244790.3333,5.0,5.0,8.0,1754026242321.0,1754026247321.0,1.0,1.0,606276.94007,606281.94007,1224.0,32.30859284473821,2.039195902757392,3.449687211392805,0.2095406525391208,10.392304845413264,1.7248436056964027,20.606790292713256,32.30859284473821,76.43463959573702,47.751525213119535,0.9970823392405164,0.996866085228221,0.022027188463554,0.0205021440378891,0.0,19.61526170746305,222.09194832682343,0.0732553421195685,0.2980035019368969,7.351497768401767,0.0178018575851393,1754026242711.7805,1754026247711.7805
0.6133846153846154,1.84852071005918e-05,0.1264566929133858,0.0003130324260648,0.6153846153846154,0.1343503937007873,0.0496317865222448,0.3876488915685834,0.0496317865222448,0.3876488915685834,0.0,1.0,10.0,8.0,0.0175082488250372,1754026244790.3333,5.0,5.0,8.0,1754026242321.0,1754026247321.0,1.0,1.0,606271.94007,606276.94007,1227.0,30.514881915152493,2.486767470329545,3.259714489055109,0.2601683013462275,10.392304845413264,1.6298572445275543,19.046340103036574,30.514881915152493,76.81883337661347,46.49146024427245,0.9962104119371784,0.9962063369575532,0.0313302257788882,0.0259779364121419,2.0,200.17458161839215,4524.645702552173,0.0777395748080379,0.000344850195742,0.0058733110888947,0.0178870158280787,1754026237711.7805,1754026242711.7805
0.6133846153846154,1.84852071005918e-05,0.1264566929133858,0.0003130324260648,0.6153846153846154,0.1343503937007873,0.0496317865222448,0.3876488915685834,0.0496317865222448,0.3876488915685834,0.0,1.0,10.0,8.0,0.0175082488250372,1754026244790.3333,5.0,5.0,8.0,1754026242321.0,1754026247321.0,1.0,1.0,606276.94007,606281.94007,1224.0,32.30859284473821,2.039195902757392,3.449687211392805,0.2095406525391208,10.392304845413264,1.7248436056964027,20.606790292713256,32.30859284473821,76.43463959573702,47.751525213119535,0.9970823392405164,0.996866085228221,0.022027188463554,0.0205021440378891,0.0,19.61526170746305,222.09194832682343,0.0732553421195685,0.2980035019368969,7.351497768401767,0.0178018575851393,1754026242711.7805,1754026247711.7805
0.6186923076923077,3.610059171597607e-05,0.1246062992125983,0.0003225943951887,0.6230769230769231,0.1254921259842519,0.0443240942145526,0.3894992852693708,0.0443240942145526,0.3894992852693708,0.0,1.0,10.0,8.0,0.3960563752643359,1754026244790.3333,5.0,5.0,8.0,1754026242321.0,1754026247321.0,1.0,1.0,606271.94007,606276.94007,1227.0,30.514881915152493,2.486767470329545,3.259714489055109,0.2601683013462275,10.392304845413264,1.6298572445275543,19.046340103036574,30.514881915152493,76.81883337661347,46.49146024427245,0.9962104119371784,0.9962063369575532,0.0313302257788882,0.0259779364121419,2.0,200.17458161839215,4524.645702552173,0.0777395748080379,0.000344850195742,0.0058733110888947,0.0178870158280787,1754026237711.7805,1754026242711.7805
0.6186923076923077,3.610059171597607e-05,0.1246062992125983,0.0003225943951887,0.6230769230769231,0.1254921259842519,0.0443240942145526,0.3894992852693708,0.0443240942145526,0.3894992852693708,0.0,1.0,10.0,8.0,0.3960563752643359,1754026244790.3333,5.0,5.0,8.0,1754026242321.0,1754026247321.0,1.0,1.0,606276.94007,606281.94007,1224.0,32.30859284473821,2.039195902757392,3.449687211392805,0.2095406525391208,10.392304845413264,1.7248436056964027,20.606790292713256,32.30859284473821,76.43463959573702,47.751525213119535,0.9970823392405164,0.996866085228221,0.022027188463554,0.0205021440378891,0.0,19.61526170746305,222.09194832682343,0.0732553421195685,0.2980035019368969,7.351497768401767,0.0178018575851393,1754026242711.7805,1754026247711.7805
0.6348461538461538,5.113017751479312e-05,0.1230708661417322,0.0003475478950957,0.6413461538461539,0.1333661417322834,0.0281702480607064,0.3910347183402369,0.0281702480607064,0.3910347183402369,0.0,1.0,10.0,8.0,0.2397351126659479,1754026260087.3333,4.733333333333333,5.0,8.0,1754026257324.0,1754026262324.0,1.0,1.0,606286.94007,606291.94007,1201.0,32.72586857878807,2.908824273708708,3.459719386274203,0.2942842265643944,10.392304845413264,1.7298596931371015,21.257891887341167,32.72586857878807,86.63362753604714,49.49371879340615,0.993888721973783,0.9936804010219332,0.0425093428136492,0.0398639150270019,4.0,141.75599748665314,2176.477460837935,0.0817164857120533,0.9107108598461566,12.835089307703464,0.0187709072848649,1754026252711.7805,1754026257711.7805
0.6348461538461538,5.113017751479312e-05,0.1230708661417322,0.0003475478950957,0.6413461538461539,0.1333661417322834,0.0281702480607064,0.3910347183402369,0.0281702480607064,0.3910347183402369,0.0,1.0,10.0,8.0,0.2397351126659479,1754026260087.3333,4.733333333333333,5.0,8.0,1754026257324.0,1754026262324.0,1.0,1.0,606291.94007,606296.94007,1212.0,32.661871823458526,2.050586814730578,3.4886295135732133,0.2114258184693583,10.392304845413264,1.7443147567866066,21.58602982285696,32.661871823458526,78.26044609768101,49.96825455136522,0.9950494114299894,0.9950575038684244,0.0361819938837585,0.0296128716404041,1.0,9.538924607803132,46.17936869117028,0.0647704934303544,0.301971209855328,7.40213803175593,0.0182386659718603,1754026257711.7805,1754026262711.7805
0.6466153846153846,2.345562130177515e-05,0.1188582677165353,0.0003586536673073,0.65,0.1220472440944882,0.0164010172914756,0.3952473167654338,0.0164010172914756,0.3952473167654338,0.0,1.0,10.0,8.0,0.3385867296817879,1754026260087.3333,4.733333333333333,5.0,8.0,1754026257324.0,1754026262324.0,1.0,1.0,606286.94007,606291.94007,1201.0,32.72586857878807,2.908824273708708,3.459719386274203,0.2942842265643944,10.392304845413264,1.7298596931371015,21.257891887341167,32.72586857878807,86.63362753604714,49.49371879340615,0.993888721973783,0.9936804010219332,0.0425093428136492,0.0398639150270019,4.0,141.75599748665314,2176.477460837935,0.0817164857120533,0.9107108598461566,12.835089307703464,0.0187709072848649,1754026252711.7805,1754026257711.7805
0.6466153846153846,2.345562130177515e-05,0.1188582677165353,0.0003586536673073,0.65,0.1220472440944882,0.0164010172914756,0.3952473167654338,0.0164010172914756,0.3952473167654338,0.0,1.0,10.0,8.0,0.3385867296817879,1754026260087.3333,4.733333333333333,5.0,8.0,1754026257324.0,1754026262324.0,1.0,1.0,606291.94007,606296.94007,1212.0,32.661871823458526,2.050586814730578,3.4886295135732133,0.2114258184693583,10.392304845413264,1.7443147567866066,21.58602982285696,32.661871823458526,78.26044609768101,49.96825455136522,0.9950494114299894,0.9950575038684244,0.0361819938837585,0.0296128716404041,1.0,9.538924607803132,46.17936869117028,0.0647704934303544,0.301971209855328,7.40213803175593,0.0182386659718603,1754026257711.7805,1754026262711.7805
0.6581538461538462,2.9964497041420032e-05,0.1174409448818897,0.0003531852563705,0.6615384615384615,0.1176181102362204,0.004862555753014,0.3966646396000794,0.004862555753014,0.3966646396000794,0.0,1.0,10.0,8.0,0.1227645405308403,1754026269221.0,4.2,5.0,8.0,1754026267326.0,1754026272326.0,1.0,1.0,606296.94007,606301.94007,1219.0,36.925063083632544,3.4846531395419844,3.91700034433974,0.3527368044574224,10.392304845413264,1.9585001721698696,24.88569407905045,36.925063083632544,83.14704401422277,51.70230525099677,0.9950309730718708,0.995130536376142,0.0388669119527306,0.0336015033863945,3.0,1007.4201515549274,24601.545159730307,0.0540571760490888,0.5989496254922854,10.420685896574964,0.0179756199358116,1754026262711.7805,1754026267711.7805
0.6581538461538462,2.9964497041420032e-05,0.1174409448818897,0.0003531852563705,0.6615384615384615,0.1176181102362204,0.004862555753014,0.3966646396000794,0.004862555753014,0.3966646396000794,0.0,1.0,10.0,8.0,0.1227645405308403,1754026269221.0,4.2,5.0,8.0,1754026267326.0,1754026272326.0,1.0,1.0,606301.94007,606306.94007,1214.0,32.1010205428622,2.3832690984367084,3.424627064939087,0.2606525873779376,10.392304845413264,1.7123135324695435,20.445020055441685,32.1010205428622,77.77066881139473,47.11432662411227,0.99396250692108,0.9939178516857112,0.0408828125186357,0.0316630819200023,1.0,22.035214266429936,168.19572535193953,0.0800580037364918,0.9006113661179229,12.768554651919288,0.0181508136073296,1754026267711.7805,1754026272711.7805
0.6627692307692307,2.037869822485206e-05,0.1155511811023621,0.0003329794159588,0.6653846153846154,0.1299212598425196,0.0002471711376296,0.398554403379607,0.0002471711376296,0.398554403379607,0.0,1.0,10.0,8.0,0.1994030746646101,1754026276950.0,4.2,5.27,8.0,1754026272327.0,1754026277327.0,0.0,1.0,606301.94007,606306.94007,1214.0,32.1010205428622,2.3832690984367084,3.424627064939087,0.2606525873779376,10.392304845413264,1.7123135324695435,20.445020055441685,32.1010205428622,77.77066881139473,47.11432662411227,0.99396250692108,0.9939178516857112,0.0408828125186357,0.0316630819200023,1.0,22.035214266429936,168.19572535193953,0.0800580037364918,0.9006113661179229,12.768554651919288,0.0181508136073296,1754026267711.7805,1754026272711.7805
0.6627692307692307,2.037869822485206e-05,0.1155511811023621,0.0003329794159588,0.6653846153846154,0.1299212598425196,0.0002471711376296,0.398554403379607,0.0002471711376296,0.398554403379607,0.0,1.0,10.0,8.0,0.1994030746646101,1754026276950.0,4.2,5.27,8.0,1754026272327.0,1754026277327.0,0.0,1.0,606306.94007,606311.94007,1223.0,31.885906536527028,2.520944149591346,3.371366257509764,0.2817723214836315,10.392304845413262,1.6856831287548817,20.66766283414045,31.885906536527028,78.39616875359972,48.53778037333527,0.9967482173644004,0.996791536694804,0.0260927241707892,0.0219081349959939,1.0,19.360893543711303,269.6388673875414,0.0595488170267143,0.596116843580914,10.394450494851126,0.0180602774311084,1754026272711.7805,1754026277711.7805
0.6703846153846154,3.565088757396477e-05,0.1157086614173227,0.0003365506231012,0.6730769230769231,0.1195866141732283,0.007368213477755,0.3983969230646464,0.007368213477755,0.3983969230646464,0.0,1.0,10.0,8.0,0.1614905260713281,1754026279821.0,4.47,5.27,8.0,1754026277328.0,1754026282328.0,0.0,0.0,606306.94007,606311.94007,1223.0,31.885906536527028,2.520944149591346,3.371366257509764,0.2817723214836315,10.392304845413262,1.6856831287548817,20.66766283414045,31.885906536527028,78.39616875359972,48.53778037333527,0.9967482173644004,0.996791536694804,0.0260927241707892,0.0219081349959939,1.0,19.360893543711303,269.6388673875414,0.0595488170267143,0.596116843580914,10.394450494851126,0.0180602774311084,1754026272711.7805,1754026277711.7805
0.6703846153846154,3.565088757396477e-05,0.1157086614173227,0.0003365506231012,0.6730769230769231,0.1195866141732283,0.007368213477755,0.3983969230646464,0.007368213477755,0.3983969230646464,0.0,1.0,10.0,8.0,0.1614905260713281,1754026279821.0,4.47,5.27,8.0,1754026277328.0,1754026282328.0,0.0,0.0,606311.94007,606316.94007,1237.0,32.595457754026924,1.946206863640624,3.44706868740877,0.2210133142699593,10.392304845413264,1.723534343704385,21.07390263303881,32.595457754026924,79.65035318988137,48.60732764416649,0.9973784985466952,0.9973784985466952,0.0268697004632735,0.0190133892955473,0.0,5.053894141485553,12.49965758567431,0.0654815157405368,0.0003721950497046,0.0062879707794456,0.0175438596491228,1754026277711.7805,1754026282711.7805
0.6781538461538463,2.0970414201183403e-05,0.1124409448818897,0.0003245148490296,0.6807692307692308,0.1122047244094488,0.015137444246986,0.4016646396000795,0.015137444246986,0.4016646396000795,0.0,1.0,10.0,8.0,9.806954068795606e-05,1754026283467.3333,4.0200000000000005,5.3566666666666665,8.0,1754026282329.0,1754026287329.0,0.0,0.0,606311.94007,606316.94007,1237.0,32.595457754026924,1.946206863640624,3.44706868740877,0.2210133142699593,10.392304845413264,1.723534343704385,21.07390263303881,32.595457754026924,79.65035318988137,48.60732764416649,0.9973784985466952,0.9973784985466952,0.0268697004632735,0.0190133892955473,0.0,5.053894141485553,12.49965758567431,0.0654815157405368,0.0003721950497046,0.0062879707794456,0.0175438596491228,1754026277711.7805,1754026282711.7805
0.6781538461538463,2.0970414201183403e-05,0.1124409448818897,0.0003245148490296,0.6807692307692308,0.1122047244094488,0.015137444246986,0.4016646396000795,0.015137444246986,0.4016646396000795,0.0,1.0,10.0,8.0,9.806954068795606e-05,1754026283467.3333,4.0200000000000005,5.3566666666666665,8.0,1754026282329.0,1754026287329.0,0.0,0.0,606316.94007,606321.94007,1222.0,35.048650364024645,2.294247382660852,3.701330172546289,0.2477302405402091,10.392304845413264,1.8506650862731449,22.32353116927519,35.048650364024645,78.9782301975891,47.78240170630208,0.9982605693269008,0.9981951953581284,0.0196869145274634,0.0187722251037935,1.0,6.269016498790391,42.75106848790471,0.0551933853378378,0.5970767357283722,10.403046923039543,0.017974559967841,1754026282711.7805,1754026287711.7805
0.6824615384615385,2.8497041420118144e-05,0.1107480314960629,0.0002194509889019,0.6884615384615385,0.1102362204724409,0.0194451365546781,0.4033575529859062,0.0194451365546781,0.4033575529859062,0.0,1.0,10.0,8.0,0.2087923468610621,1754026283467.3333,4.0200000000000005,5.3566666666666665,8.0,1754026282329.0,1754026287329.0,0.0,0.0,606311.94007,606316.94007,1237.0,32.595457754026924,1.946206863640624,3.44706868740877,0.2210133142699593,10.392304845413264,1.723534343704385,21.07390263303881,32.595457754026924,79.65035318988137,48.60732764416649,0.9973784985466952,0.9973784985466952,0.0268697004632735,0.0190133892955473,0.0,5.053894141485553,12.49965758567431,0.0654815157405368,0.0003721950497046,0.0062879707794456,0.0175438596491228,1754026277711.7805,1754026282711.7805
0.6824615384615385,2.8497041420118144e-05,0.1107480314960629,0.0002194509889019,0.6884615384615385,0.1102362204724409,0.0194451365546781,0.4033575529859062,0.0194451365546781,0.4033575529859062,0.0,1.0,10.0,8.0,0.2087923468610621,1754026283467.3333,4.0200000000000005,5.3566666666666665,8.0,1754026282329.0,1754026287329.0,0.0,0.0,606316.94007,606321.94007,1222.0,35.048650364024645,2.294247382660852,3.701330172546289,0.2477302405402091,10.392304845413264,1.8506650862731449,22.32353116927519,35.048650364024645,78.9782301975891,47.78240170630208,0.9982605693269008,0.9981951953581284,0.0196869145274634,0.0187722251037935,1.0,6.269016498790391,42.75106848790471,0.0551933853378378,0.5970767357283722,10.403046923039543,0.017974559967841,1754026282711.7805,1754026287711.7805
0.6902307692307694,2.083431952662707e-05,0.1092913385826771,0.0003081778163556,0.6923076923076923,0.108267716535433,0.0272143673239091,0.404814245899292,0.0272143673239091,0.404814245899292,0.0,1.0,10.0,8.0,0.076346086003972,1754026294187.0,3.8,5.8,8.0,1754026292331.0,1754026297331.0,0.0,0.0,606321.94007,606326.94007,1226.0,40.20507521266208,2.1272124486166013,4.228310514560584,0.1708716217403656,10.392304845413264,2.114155257280292,25.25084118900221,40.20507521266208,87.99773325678633,48.89888873757703,0.998916632540572,0.9986820482050704,0.0175834964021239,0.0184836692502241,1.0,7.155000595186428,85.86915465101131,0.0348089260498709,0.2980385645145504,7.351704338499026,0.0181448727855527,1754026287711.7805,1754026292711.7805
0.6902307692307694,2.083431952662707e-05,0.1092913385826771,0.0003081778163556,0.6923076923076923,0.108267716535433,0.0272143673239091,0.404814245899292,0.0272143673239091,0.404814245899292,0.0,1.0,10.0,8.0,0.076346086003972,1754026294187.0,3.8,5.8,8.0,1754026292331.0,1754026297331.0,0.0,0.0,606326.94007,606331.94007,1238.0,36.43075276225889,2.7501872388452027,3.81966311377469,0.2628000634322956,10.392304845413264,1.909831556887345,23.704102920736183,36.43075276225889,84.85819381993555,50.60406754525936,0.99901954545171,0.99901954545171,0.0167278651478365,0.0120205431472554,0.0,2.843377295551895,9.876973948773143,0.057788262705932,0.0005479415209743,0.0092356080483627,0.0175438596491228,1754026292711.7805,1754026297711.7805
0.6903076923076924,5.043786982248505e-05,0.1081496062992125,0.0001812589125178,0.6961538461538461,0.1102362204724409,0.0272912904008321,0.4059559781827566,0.0272912904008321,0.4059559781827566,0.0,1.0,10.0,8.0,0.6253785473229586,1754026299665.0,3.22,5.890000000000001,8.0,1754026297332.0,1754026302332.0,0.0,0.0,606326.94007,606331.94007,1238.0,36.43075276225889,2.7501872388452027,3.81966311377469,0.2628000634322956,10.392304845413264,1.909831556887345,23.704102920736183,36.43075276225889,84.85819381993555,50.60406754525936,0.99901954545171,0.99901954545171,0.0167278651478365,0.0120205431472554,0.0,2.843377295551895,9.876973948773143,0.057788262705932,0.0005479415209743,0.0092356080483627,0.0175438596491228,1754026292711.7805,1754026297711.7805
0.6903076923076924,5.043786982248505e-05,0.1081496062992125,0.0001812589125178,0.6961538461538461,0.1102362204724409,0.0272912904008321,0.4059559781827566,0.0272912904008321,0.4059559781827566,0.0,1.0,10.0,8.0,0.6253785473229586,1754026299665.0,3.22,5.890000000000001,8.0,1754026297332.0,1754026302332.0,0.0,0.0,606331.94007,606336.94007,1240.0,36.4536879135062,4.329430269485325,3.83277642618623,0.4314157268825059,10.392304845413264,1.916388213093115,23.398661139711308,36.4536879135062,85.19978343538544,48.734366654268975,0.9994000637193776,0.9994000637193776,0.0087719873271443,0.0079584316098343,0.0,3.192916214666567,6.603134318744031,0.0603647301190387,0.0001959730151407,0.0039005020801192,0.0175438596491228,1754026297711.7805,1754026302711.7805
0.6503076923076924,8.747928994082839e-05,0.1068503937007873,0.0001455514911029,0.6576923076923077,0.107775590551181,0.0127087095991679,0.4072551907811818,0.0127087095991679,0.4072551907811818,0.0,1.0,10.0,8.0,0.7018810210684112,1754026305104.2222,3.13,7.399999999999999,8.0,1754026302333.0,1754026307333.0,0.0,0.0,606331.94007,606336.94007,1240.0,36.4536879135062,4.329430269485325,3.83277642618623,0.4314157268825059,10.392304845413264,1.916388213093115,23.398661139711308,36.4536879135062,85.19978343538544,48.734366654268975,0.9994000637193776,0.9994000637193776,0.0087719873271443,0.0079584316098343,0.0,3.192916214666567,6.603134318744031,0.0603647301190387,0.0001959730151407,0.0039005020801192,0.0175438596491228,1754026297711.7805,1754026302711.7805
0.6503076923076924,8.747928994082839e-05,0.1068503937007873,0.0001455514911029,0.6576923076923077,0.107775590551181,0.0127087095991679,0.4072551907811818,0.0127087095991679,0.4072551907811818,0.0,1.0,10.0,8.0,0.7018810210684112,1754026305104.2222,3.13,7.399999999999999,8.0,1754026302333.0,1754026307333.0,0.0,0.0,606336.94007,606341.94007,1223.0,35.86644005564504,3.850555026036457,3.77847297201686,0.3974664999033226,10.392304845413262,1.8892364860084296,22.2927470270169,35.86644005564504,82.807974754606,47.279710953219904,0.9990658040689628,0.9990658040689628,0.0099059979467352,0.007368848629561,0.0,6.016340469971604,39.896759563308976,0.0760457072510908,0.2978810044337189,7.352667193223991,0.0178881381704465,1754026302711.7805,1754026307711.7805
0.565153846153846,0.0008647396449704,0.1113385826771653,0.0002100502201004,0.5759615384615384,0.1136811023622047,0.0978625557530142,0.4027670018048038,0.0978625557530142,0.4027670018048038,0.0,1.0,10.0,8.0,0.2524036244999634,1754026305104.2222,3.13,7.399999999999999,8.0,1754026302333.0,1754026307333.0,0.0,0.0,606331.94007,606336.94007,1240.0,36.4536879135062,4.329430269485325,3.83277642618623,0.4314157268825059,10.392304845413264,1.916388213093115,23.398661139711308,36.4536879135062,85.19978343538544,48.734366654268975,0.9994000637193776,0.9994000637193776,0.0087719873271443,0.0079584316098343,0.0,3.192916214666567,6.603134318744031,0.0603647301190387,0.0001959730151407,0.0039005020801192,0.0175438596491228,1754026297711.7805,1754026302711.7805
0.565153846153846,0.0008647396449704,0.1113385826771653,0.0002100502201004,0.5759615384615384,0.1136811023622047,0.0978625557530142,0.4027670018048038,0.0978625557530142,0.4027670018048038,0.0,1.0,10.0,8.0,0.2524036244999634,1754026305104.2222,3.13,7.399999999999999,8.0,1754026302333.0,1754026307333.0,0.0,0.0,606336.94007,606341.94007,1223.0,35.86644005564504,3.850555026036457,3.77847297201686,0.3974664999033226,10.392304845413262,1.8892364860084296,22.2927470270169,35.86644005564504,82.807974754606,47.279710953219904,0.9990658040689628,0.9990658040689628,0.0099059979467352,0.007368848629561,0.0,6.016340469971604,39.896759563308976,0.0760457072510908,0.2978810044337189,7.352667193223991,0.0178881381704465,1754026302711.7805,1754026307711.7805
0.4963076923076923,0.0011970177514792,0.1253543307086613,0.0004725091450182,0.5403846153846154,0.1427165354330708,0.1667087095991679,0.3887512537733078,0.1667087095991679,0.3887512537733078,0.0,1.0,10.0,8.0,0.3430985594538598,1754026315168.0,2.8,8.7975,8.0,1754026312335.0,1754026317335.0,0.0,0.0,606341.94007,606346.94007,1213.0,41.815089803527066,2.9130216392363684,4.403451766599591,0.2484674991258739,10.392304845413264,2.2017258832997952,26.43404647696851,41.815089803527066,90.06802316000636,48.32204626441844,0.998390253606376,0.9981706481513364,0.0194773894813385,0.0183025685485019,0.0,7.318807542801371,52.09981750655959,0.0317427756054739,0.3012761211970389,7.393439302902392,0.0178909764105234,1754026307711.7805,1754026312711.7805
0.4963076923076923,0.0011970177514792,0.1253543307086613,0.0004725091450182,0.5403846153846154,0.1427165354330708,0.1667087095991679,0.3887512537733078,0.1667087095991679,0.3887512537733078,0.0,1.0,10.0,8.0,0.3430985594538598,1754026315168.0,2.8,8.7975,8.0,1754026312335.0,1754026317335.0,0.0,0.0,606346.94007,606351.94007,1059.0,42.66103598115946,4.634359871943733,4.537833108528377,0.4845423306298736,10.392304845413264,2.2689165542641887,25.374256046690057,42.66103598115946,84.08088924531917,46.91838386520142,0.9773259864996776,0.976499309889286,0.074347416748306,0.0679982585606767,9.0,340.4130021710825,7186.674504411387,0.0698678959575825,3.1515110584630976,23.739893156494883,0.021818001093385,1754026312711.7805,1754026317711.7805
0.4832307692307691,5.015384615384616e-05,0.1784251968503936,0.0005119288238576,0.4874999999999999,0.1963582677165354,0.1797856326760911,0.3356803876315756,0.1797856326760911,0.3356803876315756,0.0,1.0,10.0,8.0,0.404265749571388,1754026320647.3635,2.612272727272728,9.0,8.0,1754026317336.0,1754026322336.0,0.0,0.0,606346.94007,606351.94007,1059.0,42.66103598115946,4.634359871943733,4.537833108528377,0.4845423306298736,10.392304845413264,2.2689165542641887,25.374256046690057,42.66103598115946,84.08088924531917,46.91838386520142,0.9773259864996776,0.976499309889286,0.074347416748306,0.0679982585606767,9.0,340.4130021710825,7186.674504411387,0.0698678959575825,3.1515110584630976,23.739893156494883,0.021818001093385,1754026312711.7805,1754026317711.7805
0.4832307692307691,5.015384615384616e-05,0.1784251968503936,0.0005119288238576,0.4874999999999999,0.1963582677165354,0.1797856326760911,0.3356803876315756,0.1797856326760911,0.3356803876315756,0.0,1.0,10.0,8.0,0.404265749571388,1754026320647.3635,2.612272727272728,9.0,8.0,1754026317336.0,1754026322336.0,0.0,0.0,606351.94007,606356.94007,1236.0,37.44763156380564,2.5449290888840883,3.979890524311115,0.2844244430502571,10.392304845413264,1.9899452621555576,22.55151519309778,37.44763156380564,77.87453934894876,45.233352459986456,0.9949660977368148,0.9949660977368148,0.0267354910906709,0.0207056741294556,0.0,4.659428093470408,19.014807480587617,0.0531061979129538,0.0006091006274354,0.0109832555271019,0.0175438596491228,1754026317711.7805,1754026322711.7805
0.4422307692307692,0.0001825384615384,0.1475984251968503,0.0001916563333126,0.4490384615384615,0.1515748031496063,0.220785632676091,0.3665071592851188,0.220785632676091,0.3665071592851188,0.0,1.0,10.0,8.0,0.3109171536884194,1754026322629.0,5.0,9.0,8.0,1754026322337.0,1754026327337.0,0.0,0.0,606351.94007,606356.94007,1236.0,37.44763156380564,2.5449290888840883,3.979890524311115,0.2844244430502571,10.392304845413264,1.9899452621555576,22.55151519309778,37.44763156380564,77.87453934894876,45.233352459986456,0.9949660977368148,0.9949660977368148,0.0267354910906709,0.0207056741294556,0.0,4.659428093470408,19.014807480587617,0.0531061979129538,0.0006091006274354,0.0109832555271019,0.0175438596491228,1754026317711.7805,1754026322711.7805
0.4422307692307692,0.0001825384615384,0.1475984251968503,0.0001916563333126,0.4490384615384615,0.1515748031496063,0.220785632676091,0.3665071592851188,0.220785632676091,0.3665071592851188,0.0,1.0,10.0,8.0,0.3109171536884194,1754026322629.0,5.0,9.0,8.0,1754026322337.0,1754026327337.0,0.0,0.0,606356.94007,606361.94007,1156.0,40.585543254485344,4.345228005778577,4.230758658442794,0.4212487447472581,10.392304845413264,2.115379329221397,25.618507492496047,40.585543254485344,85.68533029949938,48.014551778765394,0.9877233059056256,0.986125480186304,0.0602505685258007,0.0580891752202542,6.0,500.22587178242816,9002.911828764461,0.0786692252140127,1.2817849793290417,15.211559502444496,0.020093486310933,1754026322711.7805,1754026327711.7805
0.4541538461538462,4.310059171597622e-05,0.1403937007874015,0.0001496434992869,0.4576923076923077,0.1451771653543306,0.2088625557530141,0.3737118836945676,0.2088625557530141,0.3737118836945676,0.0,1.0,10.0,8.0,0.4766594538752559,1754026322629.0,5.0,9.0,8.0,1754026322337.0,1754026327337.0,0.0,0.0,606351.94007,606356.94007,1236.0,37.44763156380564,2.5449290888840883,3.979890524311115,0.2844244430502571,10.392304845413264,1.9899452621555576,22.55151519309778,37.44763156380564,77.87453934894876,45.233352459986456,0.9949660977368148,0.9949660977368148,0.0267354910906709,0.0207056741294556,0.0,4.659428093470408,19.014807480587617,0.0531061979129538,0.0006091006274354,0.0109832555271019,0.0175438596491228,1754026317711.7805,1754026322711.7805
0.4541538461538462,4.310059171597622e-05,0.1403937007874015,0.0001496434992869,0.4576923076923077,0.1451771653543306,0.2088625557530141,0.3737118836945676,0.2088625557530141,0.3737118836945676,0.0,1.0,10.0,8.0,0.4766594538752559,1754026322629.0,5.0,9.0,8.0,1754026322337.0,1754026327337.0,0.0,0.0,606356.94007,606361.94007,1156.0,40.585543254485344,4.345228005778577,4.230758658442794,0.4212487447472581,10.392304845413264,2.115379329221397,25.618507492496047,40.585543254485344,85.68533029949938,48.014551778765394,0.9877233059056256,0.986125480186304,0.0602505685258007,0.0580891752202542,6.0,500.22587178242816,9002.911828764461,0.0786692252140127,1.2817849793290417,15.211559502444496,0.020093486310933,1754026322711.7805,1754026327711.7805
0.4174615384615383,0.0002273431952662,0.1388188976377952,0.0001934775869551,0.4192307692307692,0.1520669291338582,0.2455548634453219,0.375286686844174,0.2455548634453219,0.375286686844174,0.0,1.0,10.0,8.0,0.1161737023734863,1754026337134.0,4.73,9.0,8.0,1754026332339.0,1754026337339.0,0.0,0.0,606361.94007,606366.94007,1044.0,40.636086478089055,5.057745489364636,4.245792786100021,0.509907001778305,10.392304845413264,2.1228963930500107,24.90805807930191,40.636086478089055,81.32812760133328,47.13627958323224,0.9814289646481592,0.980915524995326,0.0616320529411147,0.0604134976288127,7.0,31.416268412068163,253.3395198140475,0.0705124608353764,1.2639603178742578,15.105077829766213,0.0218794111716071,1754026327711.7805,1754026332711.7805
0.4174615384615383,0.0002273431952662,0.1388188976377952,0.0001934775869551,0.4192307692307692,0.1520669291338582,0.2455548634453219,0.375286686844174,0.2455548634453219,0.375286686844174,0.0,1.0,10.0,8.0,0.1161737023734863,1754026337134.0,4.73,9.0,8.0,1754026332339.0,1754026337339.0,0.0,0.0,606366.94007,606371.94007,980.0,31877362.91880731,997918044.3632522,4.2140222921528,0.5292597030911071,10.392304845413266,2.1070111460764,27.119252375332664,31877362.91880731,75.50676790719933,56.23896392996743,0.9309869280213786,0.9298309748031238,0.1086383468098329,0.1035278834502855,17.0,281.4695913968651,4019.360057437474,0.123899031241718,3.336664557178441,24.40541863225967,0.0258145363408521,1754026332711.7805,1754026337711.7805
0.4023846153846153,0.0001975680473372,0.1448818897637795,0.000517701035402,0.4153846153846154,0.1624015748031495,0.2606317865222449,0.3692236947181897,0.2606317865222449,0.3692236947181897,0.0,1.0,10.0,8.0,,1754026337499.5,4.335,9.0,8.0,1754026337340.0,1754026342340.0,0.0,0.0,606366.94007,606371.94007,980.0,31877362.91880731,997918044.3632522,4.2140222921528,0.5292597030911071,10.392304845413266,2.1070111460764,27.119252375332664,31877362.91880731,75.50676790719933,56.23896392996743,0.9309869280213786,0.9298309748031238,0.1086383468098329,0.1035278834502855,17.0,281.4695913968651,4019.360057437474,0.123899031241718,3.336664557178441,24.40541863225967,0.0258145363408521,1754026332711.7805,1754026337711.7805
0.4023846153846153,0.0001975680473372,0.1448818897637795,0.000517701035402,0.4153846153846154,0.1624015748031495,0.2606317865222449,0.3692236947181897,0.2606317865222449,0.3692236947181897,0.0,1.0,10.0,8.0,,1754026337499.5,4.335,9.0,8.0,1754026337340.0,1754026342340.0,0.0,0.0,606371.94007,606376.94007,837.0,40.400922105730736,6.751395063377339,4.264233669428963,0.7302832036151964,10.392304845413264,2.132116834714481,25.26131609244941,40.400922105730736,77.2831679943022,48.79945610089808,0.9602555519463424,0.9588286150140478,0.0909489454991792,0.092276883203254,4.0,51.71476300769849,226.8128388212585,0.0850530695309931,5.536086818413354,31.25073454643386,0.0271018046909388,1754026337711.7805,1754026342711.7805
