GSR_mean,GSR_variance,HR_mean,HR_variance,75_percentile_GSR,75_percentile_HR,GSRmean_persen_diff,HRmean_persent_diff,GSRmean_diff,HRmean_diff,valence_acc_video,arousal_acc_video,P_id,video_id,Score,time,valence,arousal,videoID,start_time,end_time,probe,prev_window,start_time_sec,end_time_sec,num_samples,pupil_diameter_mean,pupil_diameter_std,diameter_3d_mean,diameter_3d_std,sphere_radius_mean,circle_3d_radius_mean,ellipse_axis_a_mean,ellipse_axis_b_mean,ellipse_angle_mean,ellipse_angle_std,confidence_x_mean,confidence_y_mean,confidence_x_std,confidence_y_std,blink_count,gaze_movement_mean,gaze_movement_std,gaze_dir_variability,eye_center_movement_mean,eye_center_movement_std,missing_value_ratio,start_time_ms,end_time_ms
0.58472049689441,4.476679140465277e-05,0.3572340425531914,0.0020827976459936,0.5900621118012422,0.3803191489361702,0.1900156707986993,0.1648900926858123,0.1900156707986993,0.1648900926858123,1.0,1.0,9.0,1.0,0.0296068024839347,1753960710599.0,5.0,5.0,1.0,1753960710599.0,1753960715599.0,0.0,1.0,540743.445824,540748.445824,565.0,24.857067899720523,2.032147320712836,2.16819971144514,0.1747139760150212,10.392304845413264,1.08409985572257,18.00110367046278,24.857067899720523,43.53236985365686,13.51916769290646,0.9772509140636269,0.9772509140636269,0.0888456796944565,0.0888456796944565,18.0,6.812490028116894,17.410089130970903,0.0,0.0,0.0,0.1228070175438596,1753960709217.5342,1753960714217.5342
0.58472049689441,4.476679140465277e-05,0.3572340425531914,0.0020827976459936,0.5900621118012422,0.3803191489361702,0.1900156707986993,0.1648900926858123,0.1900156707986993,0.1648900926858123,1.0,1.0,9.0,1.0,0.0296068024839347,1753960710599.0,5.0,5.0,1.0,1753960710599.0,1753960715599.0,0.0,1.0,540748.445824,540753.445824,616.0,23.48662058550745,0.8904603232642138,2.014291880691645,0.0693102010313535,10.392304845413264,1.0071459403458227,15.624824975456368,23.48662058550745,18.278929196811298,11.475580786251212,0.9869508670887952,0.9869508670887952,0.0618213200253817,0.0618213200253817,4.0,3.6252267374784335,7.92261865293762,0.0,0.0,0.0,0.1228070175438596,1753960714217.5342,1753960719217.5342
0.5863354037267081,4.629451024266056e-05,0.348723404255319,0.0022738343141693,0.5900621118012422,0.3829787234042553,0.1916305776309975,0.1734007309836848,0.1916305776309975,0.1734007309836848,1.0,1.0,9.0,1.0,0.1259548559412932,1753960718882.9285,5.401428571428572,6.484999999999999,1.0,1753960715600.0,1753960720600.0,0.0,0.0,540748.445824,540753.445824,616.0,23.48662058550745,0.8904603232642138,2.014291880691645,0.0693102010313535,10.392304845413264,1.0071459403458227,15.624824975456368,23.48662058550745,18.278929196811298,11.475580786251212,0.9869508670887952,0.9869508670887952,0.0618213200253817,0.0618213200253817,4.0,3.6252267374784335,7.92261865293762,0.0,0.0,0.0,0.1228070175438596,1753960714217.5342,1753960719217.5342
0.5863354037267081,4.629451024266056e-05,0.348723404255319,0.0022738343141693,0.5900621118012422,0.3829787234042553,0.1916305776309975,0.1734007309836848,0.1916305776309975,0.1734007309836848,1.0,1.0,9.0,1.0,0.1259548559412932,1753960718882.9285,5.401428571428572,6.484999999999999,1.0,1753960715600.0,1753960720600.0,0.0,0.0,540753.445824,540758.445824,589.0,24.428360380441998,1.0741167257786952,2.087500261669552,0.0897824364316979,10.392304845413264,1.043750130834776,17.876567653635437,24.428360380441998,33.274184944900846,9.961478349875485,0.9905679026856152,0.9905679026856152,0.0535956797490278,0.0535956797490278,6.0,4.758328828598549,14.235025024870378,0.0,0.0,0.0,0.1228070175438596,1753960719217.5342,1753960724217.5342
0.58,0.0001093939277034,0.3519148936170213,0.0028693526482571,0.5900621118012422,0.3617021276595745,0.1852951739042893,0.1702092416219825,0.1852951739042893,0.1702092416219825,1.0,1.0,9.0,1.0,1.5049612977593373e-05,1753960720817.3333,6.6000000000000005,6.599999999999999,1.0,1753960720601.0,1753960725601.0,0.0,0.0,540753.445824,540758.445824,589.0,24.428360380441998,1.0741167257786952,2.087500261669552,0.0897824364316979,10.392304845413264,1.043750130834776,17.876567653635437,24.428360380441998,33.274184944900846,9.961478349875485,0.9905679026856152,0.9905679026856152,0.0535956797490278,0.0535956797490278,6.0,4.758328828598549,14.235025024870378,0.0,0.0,0.0,0.1228070175438596,1753960719217.5342,1753960724217.5342
0.58,0.0001093939277034,0.3519148936170213,0.0028693526482571,0.5900621118012422,0.3617021276595745,0.1852951739042893,0.1702092416219825,0.1852951739042893,0.1702092416219825,1.0,1.0,9.0,1.0,1.5049612977593373e-05,1753960720817.3333,6.6000000000000005,6.599999999999999,1.0,1753960720601.0,1753960725601.0,0.0,0.0,540758.445824,540763.445824,588.0,23.694770011437623,1.039021757578776,2.0419627101717297,0.0884854689677203,10.392304845413264,1.0209813550858649,16.686052401711034,23.694770011437623,38.087240253783264,4.993643901585155,0.9900247549990572,0.9900247549990572,0.0595669718122945,0.0595669718122945,9.0,3.755404466509474,10.089577143963576,0.0,0.0,0.0,0.1228070175438596,1753960724217.5342,1753960729217.5342
0.5838509316770186,8.641641911963305e-05,0.3548936170212766,0.0026879130828429,0.5900621118012422,0.3936170212765957,0.189146105581308,0.1672305182177271,0.189146105581308,0.1672305182177271,1.0,1.0,9.0,1.0,0.0021089334530723,1753960720817.3333,6.6000000000000005,6.599999999999999,1.0,1753960720601.0,1753960725601.0,0.0,0.0,540753.445824,540758.445824,589.0,24.428360380441998,1.0741167257786952,2.087500261669552,0.0897824364316979,10.392304845413264,1.043750130834776,17.876567653635437,24.428360380441998,33.274184944900846,9.961478349875485,0.9905679026856152,0.9905679026856152,0.0535956797490278,0.0535956797490278,6.0,4.758328828598549,14.235025024870378,0.0,0.0,0.0,0.1228070175438596,1753960719217.5342,1753960724217.5342
0.5838509316770186,8.641641911963305e-05,0.3548936170212766,0.0026879130828429,0.5900621118012422,0.3936170212765957,0.189146105581308,0.1672305182177271,0.189146105581308,0.1672305182177271,1.0,1.0,9.0,1.0,0.0021089334530723,1753960720817.3333,6.6000000000000005,6.599999999999999,1.0,1753960720601.0,1753960725601.0,0.0,0.0,540758.445824,540763.445824,588.0,23.694770011437623,1.039021757578776,2.0419627101717297,0.0884854689677203,10.392304845413264,1.0209813550858649,16.686052401711034,23.694770011437623,38.087240253783264,4.993643901585155,0.9900247549990572,0.9900247549990572,0.0595669718122945,0.0595669718122945,9.0,3.755404466509474,10.089577143963576,0.0,0.0,0.0,0.1228070175438596,1753960724217.5342,1753960729217.5342
0.5817391304347825,4.569268160950599e-05,0.3502127659574467,0.0020726120416478,0.5838509316770186,0.3723404255319149,0.1870343043390719,0.1719113692815571,0.1870343043390719,0.1719113692815571,1.0,1.0,9.0,1.0,1.068714981858512e-05,1753960720817.3333,6.6000000000000005,6.599999999999999,1.0,1753960720601.0,1753960725601.0,0.0,0.0,540753.445824,540758.445824,589.0,24.428360380441998,1.0741167257786952,2.087500261669552,0.0897824364316979,10.392304845413264,1.043750130834776,17.876567653635437,24.428360380441998,33.274184944900846,9.961478349875485,0.9905679026856152,0.9905679026856152,0.0535956797490278,0.0535956797490278,6.0,4.758328828598549,14.235025024870378,0.0,0.0,0.0,0.1228070175438596,1753960719217.5342,1753960724217.5342
0.5817391304347825,4.569268160950599e-05,0.3502127659574467,0.0020726120416478,0.5838509316770186,0.3723404255319149,0.1870343043390719,0.1719113692815571,0.1870343043390719,0.1719113692815571,1.0,1.0,9.0,1.0,1.068714981858512e-05,1753960720817.3333,6.6000000000000005,6.599999999999999,1.0,1753960720601.0,1753960725601.0,0.0,0.0,540758.445824,540763.445824,588.0,23.694770011437623,1.039021757578776,2.0419627101717297,0.0884854689677203,10.392304845413264,1.0209813550858649,16.686052401711034,23.694770011437623,38.087240253783264,4.993643901585155,0.9900247549990572,0.9900247549990572,0.0595669718122945,0.0595669718122945,9.0,3.755404466509474,10.089577143963576,0.0,0.0,0.0,0.1228070175438596,1753960724217.5342,1753960729217.5342
0.5834782608695652,4.69272018826436e-05,0.351063829787234,0.0023042100497962,0.5900621118012422,0.3723404255319149,0.1887734347738546,0.1710603054517697,0.1887734347738546,0.1710603054517697,1.0,1.0,9.0,1.0,0.1885085513786891,1753960720817.3333,6.6000000000000005,6.599999999999999,1.0,1753960720601.0,1753960725601.0,0.0,0.0,540753.445824,540758.445824,589.0,24.428360380441998,1.0741167257786952,2.087500261669552,0.0897824364316979,10.392304845413264,1.043750130834776,17.876567653635437,24.428360380441998,33.274184944900846,9.961478349875485,0.9905679026856152,0.9905679026856152,0.0535956797490278,0.0535956797490278,6.0,4.758328828598549,14.235025024870378,0.0,0.0,0.0,0.1228070175438596,1753960719217.5342,1753960724217.5342
0.5834782608695652,4.69272018826436e-05,0.351063829787234,0.0023042100497962,0.5900621118012422,0.3723404255319149,0.1887734347738546,0.1710603054517697,0.1887734347738546,0.1710603054517697,1.0,1.0,9.0,1.0,0.1885085513786891,1753960720817.3333,6.6000000000000005,6.599999999999999,1.0,1753960720601.0,1753960725601.0,0.0,0.0,540758.445824,540763.445824,588.0,23.694770011437623,1.039021757578776,2.0419627101717297,0.0884854689677203,10.392304845413264,1.0209813550858649,16.686052401711034,23.694770011437623,38.087240253783264,4.993643901585155,0.9900247549990572,0.9900247549990572,0.0595669718122945,0.0595669718122945,9.0,3.755404466509474,10.089577143963576,0.0,0.0,0.0,0.1228070175438596,1753960724217.5342,1753960729217.5342
0.586583850931677,6.042976737008626e-05,0.3459574468085105,0.0025497510185604,0.5900621118012422,0.3617021276595745,0.1918790248359663,0.1761666884304932,0.1918790248359663,0.1761666884304932,1.0,1.0,9.0,1.0,0.0015907852090201,1753960744329.9,6.87,5.133000000000001,1.0,1753960740605.0,1753960745605.0,0.0,0.0,540773.445824,540778.445824,620.0,21.436046775512303,1.0071444753587344,1.880936619174603,0.0886063953792127,10.392304845413264,0.9404683095873017,13.40671286625517,21.436046775512303,18.760799934720307,12.05358314047291,0.999515638980774,0.999515638980774,0.0029781111702008,0.0029781111702008,0.0,1.963873773832743,2.891464281969569,0.0,0.0,0.0,0.1228070175438596,1753960739217.5342,1753960744217.5342
0.586583850931677,6.042976737008626e-05,0.3459574468085105,0.0025497510185604,0.5900621118012422,0.3617021276595745,0.1918790248359663,0.1761666884304932,0.1918790248359663,0.1761666884304932,1.0,1.0,9.0,1.0,0.0015907852090201,1753960744329.9,6.87,5.133000000000001,1.0,1753960740605.0,1753960745605.0,0.0,0.0,540778.445824,540783.445824,620.0,20.056992800474784,0.4316595155459646,1.7603668289988246,0.0395752025852536,10.392304845413264,0.8801834144994123,11.55325974312869,20.056992800474784,9.287763716447692,6.903840972342496,0.997829990067474,0.997829990067474,0.0094315401512885,0.0094315401512885,0.0,2.43483053696708,3.575888664298076,0.0,0.0,0.0,0.1228070175438596,1753960744217.5342,1753960749217.5342
0.5834782608695652,9.63080128081482e-05,0.3525531914893616,0.0021820280669986,0.5900621118012422,0.3617021276595745,0.1887734347738546,0.1695709437496421,0.1887734347738546,0.1695709437496421,1.0,1.0,9.0,1.0,1.98030706510948e-05,1753960748465.7334,6.707333333333335,3.2380000000000004,1.0,1753960745606.0,1753960750606.0,0.0,0.0,540778.445824,540783.445824,620.0,20.056992800474784,0.4316595155459646,1.7603668289988246,0.0395752025852536,10.392304845413264,0.8801834144994123,11.55325974312869,20.056992800474784,9.287763716447692,6.903840972342496,0.997829990067474,0.997829990067474,0.0094315401512885,0.0094315401512885,0.0,2.43483053696708,3.575888664298076,0.0,0.0,0.0,0.1228070175438596,1753960744217.5342,1753960749217.5342
0.5834782608695652,9.63080128081482e-05,0.3525531914893616,0.0021820280669986,0.5900621118012422,0.3617021276595745,0.1887734347738546,0.1695709437496421,0.1887734347738546,0.1695709437496421,1.0,1.0,9.0,1.0,1.98030706510948e-05,1753960748465.7334,6.707333333333335,3.2380000000000004,1.0,1753960745606.0,1753960750606.0,0.0,0.0,540783.445824,540788.445824,594.0,21.347666833905944,0.9994227454333762,1.8755026182165813,0.0914423057589588,10.392304845413264,0.9377513091082904,13.730409163337288,21.347666833905944,24.169873340166312,17.101540272188334,0.991414899275019,0.991414899275019,0.0536755678485701,0.0536755678485701,6.0,7.284675473371349,36.13717911614164,0.0,0.0,0.0,0.1228070175438596,1753960749217.5342,1753960754217.5342
0.5827329192546584,6.279078739246194e-05,0.3482978723404255,0.0025840199185151,0.5900621118012422,0.3617021276595745,0.1880280931589478,0.1738262628985783,0.1880280931589478,0.1738262628985783,1.0,1.0,9.0,1.0,0.246999442722061,1753960751936.0,7.366250000000001,4.8325,1.0,1753960750607.0,1753960755607.0,0.0,0.0,540783.445824,540788.445824,594.0,21.347666833905944,0.9994227454333762,1.8755026182165813,0.0914423057589588,10.392304845413264,0.9377513091082904,13.730409163337288,21.347666833905944,24.169873340166312,17.101540272188334,0.991414899275019,0.991414899275019,0.0536755678485701,0.0536755678485701,6.0,7.284675473371349,36.13717911614164,0.0,0.0,0.0,0.1228070175438596,1753960749217.5342,1753960754217.5342
0.5827329192546584,6.279078739246194e-05,0.3482978723404255,0.0025840199185151,0.5900621118012422,0.3617021276595745,0.1880280931589478,0.1738262628985783,0.1880280931589478,0.1738262628985783,1.0,1.0,9.0,1.0,0.246999442722061,1753960751936.0,7.366250000000001,4.8325,1.0,1753960750607.0,1753960755607.0,0.0,0.0,540788.445824,540793.445824,577.0,21.590311335582864,1.2257515245068922,1.8919118646151347,0.1081099373307527,10.392304845413264,0.9459559323075676,13.69368237117253,21.590311335582864,26.952321903168052,17.23304255310705,0.990663701699172,0.990663701699172,0.0525387699193355,0.0525387699193355,4.0,8.833350037405934,44.13709544859827,0.0,0.0,0.0,0.1228070175438596,1753960754217.5342,1753960759217.5342
0.555527950310559,0.0005511515759422,0.35,0.002785196921684,0.577639751552795,0.3829787234042553,0.1608231242148484,0.1721241352390038,0.1608231242148484,0.1721241352390038,1.0,1.0,9.0,1.0,0.2590753693663306,1753960751936.0,7.366250000000001,4.8325,1.0,1753960750607.0,1753960755607.0,0.0,0.0,540783.445824,540788.445824,594.0,21.347666833905944,0.9994227454333762,1.8755026182165813,0.0914423057589588,10.392304845413264,0.9377513091082904,13.730409163337288,21.347666833905944,24.169873340166312,17.101540272188334,0.991414899275019,0.991414899275019,0.0536755678485701,0.0536755678485701,6.0,7.284675473371349,36.13717911614164,0.0,0.0,0.0,0.1228070175438596,1753960749217.5342,1753960754217.5342
0.555527950310559,0.0005511515759422,0.35,0.002785196921684,0.577639751552795,0.3829787234042553,0.1608231242148484,0.1721241352390038,0.1608231242148484,0.1721241352390038,1.0,1.0,9.0,1.0,0.2590753693663306,1753960751936.0,7.366250000000001,4.8325,1.0,1753960750607.0,1753960755607.0,0.0,0.0,540788.445824,540793.445824,577.0,21.590311335582864,1.2257515245068922,1.8919118646151347,0.1081099373307527,10.392304845413264,0.9459559323075676,13.69368237117253,21.590311335582864,26.952321903168052,17.23304255310705,0.990663701699172,0.990663701699172,0.0525387699193355,0.0525387699193355,4.0,8.833350037405934,44.13709544859827,0.0,0.0,0.0,0.1228070175438596,1753960754217.5342,1753960759217.5342
0.5416149068322982,9.413217082674291e-05,0.3478723404255318,0.0022148030783159,0.546583850931677,0.3617021276595745,0.1469100807365875,0.174251794813472,0.1469100807365875,0.174251794813472,1.0,1.0,9.0,1.0,1.83013134178346e-05,1753960763804.0,6.334,5.53,1.0,1753960760609.0,1753960765609.0,0.0,0.0,540793.445824,540798.445824,556.0,21.52522000261188,1.133499593671422,1.904723364159828,0.1151496102882902,10.392304845413264,0.9523616820799138,14.422540779872955,21.52522000261188,34.19436717070516,11.383236456629673,0.97873975935786,0.97873975935786,0.0858962534668039,0.0858962534668039,16.0,7.276585092644454,31.09087471348444,0.0,0.0,0.0,0.1228070175438596,1753960759217.5342,1753960764217.5342
0.5416149068322982,9.413217082674291e-05,0.3478723404255318,0.0022148030783159,0.546583850931677,0.3617021276595745,0.1469100807365875,0.174251794813472,0.1469100807365875,0.174251794813472,1.0,1.0,9.0,1.0,1.83013134178346e-05,1753960763804.0,6.334,5.53,1.0,1753960760609.0,1753960765609.0,0.0,0.0,540798.445824,540803.445824,593.0,21.762590127128924,1.5611034981957868,1.8144161216436785,0.1330746720051713,10.392304845413264,0.9072080608218392,14.978700405375063,21.762590127128924,34.366241714612734,9.768862260725712,0.9813981035594214,0.9813981035594214,0.0694139613126636,0.0694139613126636,9.0,4.188387069111967,14.611133982749127,0.0,0.0,0.0,0.1228070175438596,1753960764217.5342,1753960769217.5342
0.5457142857142858,7.871609891593669e-05,0.3527659574468085,0.002477863286555,0.5527950310559007,0.3696808510638297,0.1510094596185752,0.1693581777921953,0.1510094596185752,0.1693581777921953,1.0,1.0,9.0,1.0,7.112263157031707e-08,1753960769704.0,6.07,5.665,1.0,1753960765610.0,1753960770610.0,0.0,0.0,540798.445824,540803.445824,593.0,21.762590127128924,1.5611034981957868,1.8144161216436785,0.1330746720051713,10.392304845413264,0.9072080608218392,14.978700405375063,21.762590127128924,34.366241714612734,9.768862260725712,0.9813981035594214,0.9813981035594214,0.0694139613126636,0.0694139613126636,9.0,4.188387069111967,14.611133982749127,0.0,0.0,0.0,0.1228070175438596,1753960764217.5342,1753960769217.5342
0.5457142857142858,7.871609891593669e-05,0.3527659574468085,0.002477863286555,0.5527950310559007,0.3696808510638297,0.1510094596185752,0.1693581777921953,0.1510094596185752,0.1693581777921953,1.0,1.0,9.0,1.0,7.112263157031707e-08,1753960769704.0,6.07,5.665,1.0,1753960765610.0,1753960770610.0,0.0,0.0,540803.445824,540808.445824,564.0,20.684718011588394,0.886768850313494,1.7235845561027168,0.0795135610550782,10.392304845413264,0.8617922780513583,13.84539795514919,20.684718011588394,29.259549680720134,11.317322167882075,0.9790162300064174,0.9790162300064174,0.0768256050711654,0.0768256050711654,12.0,6.86920008161913,31.78212060521121,0.0,0.0,0.0,0.1228070175438596,1753960769217.5342,1753960774217.5342
0.5513043478260871,5.178812545812234e-05,0.3491489361702127,0.0025970574920778,0.5590062111801242,0.3696808510638297,0.1565995217303764,0.172975199068791,0.1565995217303764,0.172975199068791,1.0,1.0,9.0,1.0,0.1247169251062505,1753960771636.8333,5.62,6.2,1.0,1753960770611.0,1753960775611.0,0.0,0.0,540803.445824,540808.445824,564.0,20.684718011588394,0.886768850313494,1.7235845561027168,0.0795135610550782,10.392304845413264,0.8617922780513583,13.84539795514919,20.684718011588394,29.259549680720134,11.317322167882075,0.9790162300064174,0.9790162300064174,0.0768256050711654,0.0768256050711654,12.0,6.86920008161913,31.78212060521121,0.0,0.0,0.0,0.1228070175438596,1753960769217.5342,1753960774217.5342
0.5513043478260871,5.178812545812234e-05,0.3491489361702127,0.0025970574920778,0.5590062111801242,0.3696808510638297,0.1565995217303764,0.172975199068791,0.1565995217303764,0.172975199068791,1.0,1.0,9.0,1.0,0.1247169251062505,1753960771636.8333,5.62,6.2,1.0,1753960770611.0,1753960775611.0,0.0,0.0,540808.445824,540813.445824,386.0,20.70206223455313,2.465417590417739,1.7292006557251405,0.2174994836893859,10.392304845413264,0.8646003278625701,15.121853211267808,20.70206223455313,42.05305686013307,21.987547718208063,0.9465500182979996,0.9465500182979996,0.110186548728065,0.110186548728065,15.0,27.476532423201352,98.56568965167187,0.0,0.0,0.0,0.1228070175438596,1753960774217.5342,1753960779217.5342
0.5607453416149069,5.252883762200496e-05,0.3478723404255319,0.0016353553644182,0.5652173913043478,0.3617021276595745,0.1660405155191962,0.1742517948134719,0.1660405155191962,0.1742517948134719,1.0,1.0,9.0,1.0,0.0386978135298613,1753960771636.8333,5.62,6.2,1.0,1753960770611.0,1753960775611.0,0.0,0.0,540803.445824,540808.445824,564.0,20.684718011588394,0.886768850313494,1.7235845561027168,0.0795135610550782,10.392304845413264,0.8617922780513583,13.84539795514919,20.684718011588394,29.259549680720134,11.317322167882075,0.9790162300064174,0.9790162300064174,0.0768256050711654,0.0768256050711654,12.0,6.86920008161913,31.78212060521121,0.0,0.0,0.0,0.1228070175438596,1753960769217.5342,1753960774217.5342
0.5607453416149069,5.252883762200496e-05,0.3478723404255319,0.0016353553644182,0.5652173913043478,0.3617021276595745,0.1660405155191962,0.1742517948134719,0.1660405155191962,0.1742517948134719,1.0,1.0,9.0,1.0,0.0386978135298613,1753960771636.8333,5.62,6.2,1.0,1753960770611.0,1753960775611.0,0.0,0.0,540808.445824,540813.445824,386.0,20.70206223455313,2.465417590417739,1.7292006557251405,0.2174994836893859,10.392304845413264,0.8646003278625701,15.121853211267808,20.70206223455313,42.05305686013307,21.987547718208063,0.9465500182979996,0.9465500182979996,0.110186548728065,0.110186548728065,15.0,27.476532423201352,98.56568965167187,0.0,0.0,0.0,0.1228070175438596,1753960774217.5342,1753960779217.5342
0.5678260869565217,0.0001205046101616,0.3531914893617021,0.0022815753734721,0.577639751552795,0.3723404255319149,0.1731212608608111,0.1689326458773017,0.1731212608608111,0.1689326458773017,1.0,1.0,9.0,1.0,2.3966788918019403e-05,1753960771636.8333,5.62,6.2,1.0,1753960770611.0,1753960775611.0,0.0,0.0,540803.445824,540808.445824,564.0,20.684718011588394,0.886768850313494,1.7235845561027168,0.0795135610550782,10.392304845413264,0.8617922780513583,13.84539795514919,20.684718011588394,29.259549680720134,11.317322167882075,0.9790162300064174,0.9790162300064174,0.0768256050711654,0.0768256050711654,12.0,6.86920008161913,31.78212060521121,0.0,0.0,0.0,0.1228070175438596,1753960769217.5342,1753960774217.5342
0.5678260869565217,0.0001205046101616,0.3531914893617021,0.0022815753734721,0.577639751552795,0.3723404255319149,0.1731212608608111,0.1689326458773017,0.1731212608608111,0.1689326458773017,1.0,1.0,9.0,1.0,2.3966788918019403e-05,1753960771636.8333,5.62,6.2,1.0,1753960770611.0,1753960775611.0,0.0,0.0,540808.445824,540813.445824,386.0,20.70206223455313,2.465417590417739,1.7292006557251405,0.2174994836893859,10.392304845413264,0.8646003278625701,15.121853211267808,20.70206223455313,42.05305686013307,21.987547718208063,0.9465500182979996,0.9465500182979996,0.110186548728065,0.110186548728065,15.0,27.476532423201352,98.56568965167187,0.0,0.0,0.0,0.1228070175438596,1753960774217.5342,1753960779217.5342
0.5725465838509316,0.0001214305003664,0.3514893617021277,0.0027069262109551,0.577639751552795,0.3617021276595745,0.1778417577552209,0.1706347735368761,0.1778417577552209,0.1706347735368761,1.0,1.0,9.0,1.0,3.0352736420848296e-05,1753960771636.8333,5.62,6.2,1.0,1753960770611.0,1753960775611.0,0.0,0.0,540803.445824,540808.445824,564.0,20.684718011588394,0.886768850313494,1.7235845561027168,0.0795135610550782,10.392304845413264,0.8617922780513583,13.84539795514919,20.684718011588394,29.259549680720134,11.317322167882075,0.9790162300064174,0.9790162300064174,0.0768256050711654,0.0768256050711654,12.0,6.86920008161913,31.78212060521121,0.0,0.0,0.0,0.1228070175438596,1753960769217.5342,1753960774217.5342
0.5725465838509316,0.0001214305003664,0.3514893617021277,0.0027069262109551,0.577639751552795,0.3617021276595745,0.1778417577552209,0.1706347735368761,0.1778417577552209,0.1706347735368761,1.0,1.0,9.0,1.0,3.0352736420848296e-05,1753960771636.8333,5.62,6.2,1.0,1753960770611.0,1753960775611.0,0.0,0.0,540808.445824,540813.445824,386.0,20.70206223455313,2.465417590417739,1.7292006557251405,0.2174994836893859,10.392304845413264,0.8646003278625701,15.121853211267808,20.70206223455313,42.05305686013307,21.987547718208063,0.9465500182979996,0.9465500182979996,0.110186548728065,0.110186548728065,15.0,27.476532423201352,98.56568965167187,0.0,0.0,0.0,0.1228070175438596,1753960774217.5342,1753960779217.5342
0.5744099378881987,6.826897110451011e-05,0.3504255319148935,0.0022472159348121,0.577639751552795,0.3696808510638297,0.1797051117924881,0.1716986033241102,0.1797051117924881,0.1716986033241102,1.0,1.0,9.0,1.0,3.301164641710308e-05,1753960771636.8333,5.62,6.2,1.0,1753960770611.0,1753960775611.0,0.0,0.0,540803.445824,540808.445824,564.0,20.684718011588394,0.886768850313494,1.7235845561027168,0.0795135610550782,10.392304845413264,0.8617922780513583,13.84539795514919,20.684718011588394,29.259549680720134,11.317322167882075,0.9790162300064174,0.9790162300064174,0.0768256050711654,0.0768256050711654,12.0,6.86920008161913,31.78212060521121,0.0,0.0,0.0,0.1228070175438596,1753960769217.5342,1753960774217.5342
0.5744099378881987,6.826897110451011e-05,0.3504255319148935,0.0022472159348121,0.577639751552795,0.3696808510638297,0.1797051117924881,0.1716986033241102,0.1797051117924881,0.1716986033241102,1.0,1.0,9.0,1.0,3.301164641710308e-05,1753960771636.8333,5.62,6.2,1.0,1753960770611.0,1753960775611.0,0.0,0.0,540808.445824,540813.445824,386.0,20.70206223455313,2.465417590417739,1.7292006557251405,0.2174994836893859,10.392304845413264,0.8646003278625701,15.121853211267808,20.70206223455313,42.05305686013307,21.987547718208063,0.9465500182979996,0.9465500182979996,0.110186548728065,0.110186548728065,15.0,27.476532423201352,98.56568965167187,0.0,0.0,0.0,0.1228070175438596,1753960774217.5342,1753960779217.5342
0.577888198757764,7.863894139886608e-05,0.348723404255319,0.0028351742870076,0.5838509316770186,0.3696808510638297,0.1831833726620533,0.1734007309836848,0.1831833726620533,0.1734007309836848,1.0,1.0,9.0,1.0,0.0389756590965853,1753960771636.8333,5.62,6.2,1.0,1753960770611.0,1753960775611.0,0.0,0.0,540803.445824,540808.445824,564.0,20.684718011588394,0.886768850313494,1.7235845561027168,0.0795135610550782,10.392304845413264,0.8617922780513583,13.84539795514919,20.684718011588394,29.259549680720134,11.317322167882075,0.9790162300064174,0.9790162300064174,0.0768256050711654,0.0768256050711654,12.0,6.86920008161913,31.78212060521121,0.0,0.0,0.0,0.1228070175438596,1753960769217.5342,1753960774217.5342
0.577888198757764,7.863894139886608e-05,0.348723404255319,0.0028351742870076,0.5838509316770186,0.3696808510638297,0.1831833726620533,0.1734007309836848,0.1831833726620533,0.1734007309836848,1.0,1.0,9.0,1.0,0.0389756590965853,1753960771636.8333,5.62,6.2,1.0,1753960770611.0,1753960775611.0,0.0,0.0,540808.445824,540813.445824,386.0,20.70206223455313,2.465417590417739,1.7292006557251405,0.2174994836893859,10.392304845413264,0.8646003278625701,15.121853211267808,20.70206223455313,42.05305686013307,21.987547718208063,0.9465500182979996,0.9465500182979996,0.110186548728065,0.110186548728065,15.0,27.476532423201352,98.56568965167187,0.0,0.0,0.0,0.1228070175438596,1753960774217.5342,1753960779217.5342
0.584472049689441,6.982755294934637e-05,0.3504255319148936,0.0026953825260298,0.5900621118012422,0.401595744680851,0.1897672235937303,0.1716986033241102,0.1897672235937303,0.1716986033241102,1.0,1.0,9.0,1.0,1.0126973659675162e-05,1753960804223.4614,5.799999999999999,4.733076923076924,1.0,1753960800617.0,1753960805617.0,0.0,0.0,540833.445824,540838.445824,598.0,21.240710437824,1.049830367985214,1.7903038790995849,0.0849327778043861,10.392304845413264,0.8951519395497924,13.103033368879384,21.240710437824,26.45637101109825,16.896941080887935,0.98750608495729,0.98750608495729,0.0676500342248471,0.0676500342248471,11.0,6.934112128441365,39.56628256437867,0.0,0.0,0.0,0.1228070175438596,1753960799217.5342,1753960804217.5342
0.584472049689441,6.982755294934637e-05,0.3504255319148936,0.0026953825260298,0.5900621118012422,0.401595744680851,0.1897672235937303,0.1716986033241102,0.1897672235937303,0.1716986033241102,1.0,1.0,9.0,1.0,1.0126973659675162e-05,1753960804223.4614,5.799999999999999,4.733076923076924,1.0,1753960800617.0,1753960805617.0,0.0,0.0,540838.445824,540843.445824,569.0,21.69839890214125,1.0039851818229537,1.8074521884090309,0.0834189833473654,10.392304845413264,0.9037260942045152,12.634485076630384,21.69839890214125,9.433331202744183,13.013748736641835,0.986617158698719,0.986617158698719,0.0643089584780022,0.0643089584780022,7.0,7.785669202406221,47.44915268562133,0.0,0.0,0.0,0.1228070175438596,1753960804217.5342,1753960809217.5342
0.5903105590062112,6.629373866748992e-05,0.353404255319149,0.0028125396106835,0.5962732919254659,0.3723404255319149,0.1956057329105006,0.1687198799198548,0.1956057329105006,0.1687198799198548,1.0,1.0,9.0,1.0,1.678975107827479e-05,1753960808202.923,4.508461538461538,2.64,1.0,1753960805618.0,1753960810618.0,1.0,0.0,540838.445824,540843.445824,569.0,21.69839890214125,1.0039851818229537,1.8074521884090309,0.0834189833473654,10.392304845413264,0.9037260942045152,12.634485076630384,21.69839890214125,9.433331202744183,13.013748736641835,0.986617158698719,0.986617158698719,0.0643089584780022,0.0643089584780022,7.0,7.785669202406221,47.44915268562133,0.0,0.0,0.0,0.1228070175438596,1753960804217.5342,1753960809217.5342
0.5903105590062112,6.629373866748992e-05,0.353404255319149,0.0028125396106835,0.5962732919254659,0.3723404255319149,0.1956057329105006,0.1687198799198548,0.1956057329105006,0.1687198799198548,1.0,1.0,9.0,1.0,1.678975107827479e-05,1753960808202.923,4.508461538461538,2.64,1.0,1753960805618.0,1753960810618.0,1.0,0.0,540843.445824,540848.445824,453.0,20.964876047716967,1.845142772748462,1.7028662104126755,0.1664840930726382,10.392304845413264,0.8514331052063379,14.051603630720312,20.964876047716967,38.94158525487345,13.092651081827514,0.9386160024157664,0.9386160024157664,0.1272280795612547,0.1272280795612547,30.0,14.726484542643457,54.03134918574105,0.0,0.0,0.0,0.1228070175438596,1753960809217.5342,1753960814217.5342
0.5954037267080746,6.482774584313901e-05,0.3508510638297873,0.0025554096876414,0.6024844720496895,0.3909574468085106,0.200698900612364,0.1712730714092165,0.200698900612364,0.1712730714092165,1.0,1.0,9.0,1.0,1.0620946297909649e-07,1753960810905.0,3.67,1.935,1.0,1753960810619.0,1753960815619.0,1.0,1.0,540843.445824,540848.445824,453.0,20.964876047716967,1.845142772748462,1.7028662104126755,0.1664840930726382,10.392304845413264,0.8514331052063379,14.051603630720312,20.964876047716967,38.94158525487345,13.092651081827514,0.9386160024157664,0.9386160024157664,0.1272280795612547,0.1272280795612547,30.0,14.726484542643457,54.03134918574105,0.0,0.0,0.0,0.1228070175438596,1753960809217.5342,1753960814217.5342
0.5954037267080746,6.482774584313901e-05,0.3508510638297873,0.0025554096876414,0.6024844720496895,0.3909574468085106,0.200698900612364,0.1712730714092165,0.200698900612364,0.1712730714092165,1.0,1.0,9.0,1.0,1.0620946297909649e-07,1753960810905.0,3.67,1.935,1.0,1753960810619.0,1753960815619.0,1.0,1.0,540848.445824,540853.445824,606.0,23.692244431480304,1.2621140795952277,1.912951362011983,0.1060376601682622,10.392304845413264,0.9564756810059916,14.70511854934428,23.692244431480304,27.690464927664603,14.286297309811063,0.9954086683743992,0.9954086683743992,0.0369463620980307,0.0369463620980307,1.0,4.058777953581772,29.35834289047408,0.0,0.0,0.0,0.1228070175438596,1753960814217.5342,1753960819217.5342
0.5998757763975155,0.0001112457081131,0.3506382978723403,0.0025575373472159,0.6086956521739131,0.3776595744680851,0.2051709503018049,0.1714858373666634,0.2051709503018049,0.1714858373666634,1.0,1.0,9.0,1.0,0.0436643352569152,1753960818179.6206,5.496551724137932,2.53551724137931,1.0,1753960815620.0,1753960820620.0,0.0,1.0,540848.445824,540853.445824,606.0,23.692244431480304,1.2621140795952277,1.912951362011983,0.1060376601682622,10.392304845413264,0.9564756810059916,14.70511854934428,23.692244431480304,27.690464927664603,14.286297309811063,0.9954086683743992,0.9954086683743992,0.0369463620980307,0.0369463620980307,1.0,4.058777953581772,29.35834289047408,0.0,0.0,0.0,0.1228070175438596,1753960814217.5342,1753960819217.5342
0.5998757763975155,0.0001112457081131,0.3506382978723403,0.0025575373472159,0.6086956521739131,0.3776595744680851,0.2051709503018049,0.1714858373666634,0.2051709503018049,0.1714858373666634,1.0,1.0,9.0,1.0,0.0436643352569152,1753960818179.6206,5.496551724137932,2.53551724137931,1.0,1753960815620.0,1753960820620.0,0.0,1.0,540853.445824,540858.445824,619.0,20.695737801604285,0.7048083961499125,1.6829604319004792,0.0639134010137146,10.392304845413264,0.8414802159502396,12.630404746225771,20.695737801604285,24.350682671759767,10.10092617286165,0.9988543698212186,0.9988543698212186,0.0165695115443616,0.0165695115443616,0.0,1.9359112149508435,3.240947472353663,0.0,0.0,0.0,0.1228070175438596,1753960819217.5342,1753960824217.5342
0.6039751552795031,6.876277921376494e-05,0.3517021276595743,0.0027315980081484,0.6086956521739131,0.3617021276595745,0.2092703291837924,0.1704220075794294,0.2092703291837924,0.1704220075794294,1.0,1.0,9.0,1.0,2.5782689113625905e-05,1753960822662.5,4.955,1.8,1.0,1753960820621.0,1753960825621.0,0.0,0.0,540853.445824,540858.445824,619.0,20.695737801604285,0.7048083961499125,1.6829604319004792,0.0639134010137146,10.392304845413264,0.8414802159502396,12.630404746225771,20.695737801604285,24.350682671759767,10.10092617286165,0.9988543698212186,0.9988543698212186,0.0165695115443616,0.0165695115443616,0.0,1.9359112149508435,3.240947472353663,0.0,0.0,0.0,0.1228070175438596,1753960819217.5342,1753960824217.5342
0.6039751552795031,6.876277921376494e-05,0.3517021276595743,0.0027315980081484,0.6086956521739131,0.3617021276595745,0.2092703291837924,0.1704220075794294,0.2092703291837924,0.1704220075794294,1.0,1.0,9.0,1.0,2.5782689113625905e-05,1753960822662.5,4.955,1.8,1.0,1753960820621.0,1753960825621.0,0.0,0.0,540858.445824,540863.445824,620.0,20.30582585992916,1.981085987437423,1.640387192617388,0.1623030440235532,10.392304845413264,0.8201935963086939,13.115481064122893,20.30582585992916,29.28243041688349,9.37679387691873,0.9978840175751398,0.9978840175751398,0.0101010476209597,0.0101010476209597,0.0,1.9887684434205373,1.3041422455780547,0.0,0.0,0.0,0.1228070175438596,1753960824217.5342,1753960829217.5342
0.6084472049689441,7.400949037459959e-05,0.3485106382978722,0.0023293798098687,0.6149068322981367,0.3723404255319149,0.2137423788732335,0.1736134969411316,0.2137423788732335,0.1736134969411316,1.0,1.0,9.0,1.0,0.0037648612040995,1753960825922.0,5.8,1.8,1.0,1753960825622.0,1753960830622.0,0.0,0.0,540858.445824,540863.445824,620.0,20.30582585992916,1.981085987437423,1.640387192617388,0.1623030440235532,10.392304845413264,0.8201935963086939,13.115481064122893,20.30582585992916,29.28243041688349,9.37679387691873,0.9978840175751398,0.9978840175751398,0.0101010476209597,0.0101010476209597,0.0,1.9887684434205373,1.3041422455780547,0.0,0.0,0.0,0.1228070175438596,1753960824217.5342,1753960829217.5342
0.6084472049689441,7.400949037459959e-05,0.3485106382978722,0.0023293798098687,0.6149068322981367,0.3723404255319149,0.2137423788732335,0.1736134969411316,0.2137423788732335,0.1736134969411316,1.0,1.0,9.0,1.0,0.0037648612040995,1753960825922.0,5.8,1.8,1.0,1753960825622.0,1753960830622.0,0.0,0.0,540863.445824,540868.445824,569.0,24.778719957154944,1.5673472995491666,1.9819411620884,0.13890743702659,10.392304845413264,0.9909705810442,15.98583769623262,24.778719957154944,34.60258536356463,7.735394247653961,0.9861893818585824,0.9861893818585824,0.0675313580505799,0.0675313580505799,8.0,5.343644549733855,31.845454858081816,0.0,0.0,0.0,0.1228070175438596,1753960829217.5342,1753960834217.5342
0.6119254658385094,3.5862813934647413e-05,0.3480851063829787,0.0036896333182435,0.6149068322981367,0.3829787234042553,0.2172206397427987,0.1740390288560251,0.2172206397427987,0.1740390288560251,1.0,1.0,9.0,1.0,4.1131741286152026e-05,1753960825922.0,5.8,1.8,1.0,1753960825622.0,1753960830622.0,0.0,0.0,540858.445824,540863.445824,620.0,20.30582585992916,1.981085987437423,1.640387192617388,0.1623030440235532,10.392304845413264,0.8201935963086939,13.115481064122893,20.30582585992916,29.28243041688349,9.37679387691873,0.9978840175751398,0.9978840175751398,0.0101010476209597,0.0101010476209597,0.0,1.9887684434205373,1.3041422455780547,0.0,0.0,0.0,0.1228070175438596,1753960824217.5342,1753960829217.5342
0.6119254658385094,3.5862813934647413e-05,0.3480851063829787,0.0036896333182435,0.6149068322981367,0.3829787234042553,0.2172206397427987,0.1740390288560251,0.2172206397427987,0.1740390288560251,1.0,1.0,9.0,1.0,4.1131741286152026e-05,1753960825922.0,5.8,1.8,1.0,1753960825622.0,1753960830622.0,0.0,0.0,540863.445824,540868.445824,569.0,24.778719957154944,1.5673472995491666,1.9819411620884,0.13890743702659,10.392304845413264,0.9909705810442,15.98583769623262,24.778719957154944,34.60258536356463,7.735394247653961,0.9861893818585824,0.9861893818585824,0.0675313580505799,0.0675313580505799,8.0,5.343644549733855,31.845454858081816,0.0,0.0,0.0,0.1228070175438596,1753960829217.5342,1753960834217.5342
0.6165217391304348,5.834651440916581e-05,0.3470212765957445,0.0029193752829334,0.6211180124223602,0.3617021276595745,0.2218169130347242,0.1751028586432592,0.2218169130347242,0.1751028586432592,1.0,1.0,9.0,1.0,5.968755413685693e-08,1753960838462.625,4.80125,2.0,1.0,1753960835624.0,1753960840624.0,0.0,0.0,540868.445824,540873.445824,620.0,23.044374531432283,1.7835050117565232,1.81522716303218,0.1474619203570029,10.392304845413264,0.90761358151609,14.270416419543835,23.044374531432283,22.115653760208808,12.917579130697098,0.9991618810391444,0.9991618810391444,0.0106485591549787,0.0106485591549787,0.0,1.59229145141202,2.0960855770091493,0.0,0.0,0.0,0.1228070175438596,1753960834217.5342,1753960839217.5342
0.6165217391304348,5.834651440916581e-05,0.3470212765957445,0.0029193752829334,0.6211180124223602,0.3617021276595745,0.2218169130347242,0.1751028586432592,0.2218169130347242,0.1751028586432592,1.0,1.0,9.0,1.0,5.968755413685693e-08,1753960838462.625,4.80125,2.0,1.0,1753960835624.0,1753960840624.0,0.0,0.0,540873.445824,540878.445824,593.0,21.841618431014364,1.1749803144446047,1.703874767292597,0.0878556282522438,10.392304845413264,0.8519373836462985,13.58247503655374,21.841618431014364,25.568699079810106,13.22513107982092,0.9889562909426014,0.9889562909426014,0.0673284745782325,0.0673284745782325,12.0,3.9729118521255993,19.80841660936362,0.0,0.0,0.0,0.1228070175438596,1753960839217.5342,1753960844217.5342
0.6204968944099379,0.0001022337101192,0.3472340425531914,0.0027648709823449,0.6273291925465838,0.3723404255319149,0.2257920683142273,0.1748900926858124,0.2257920683142273,0.1748900926858124,1.0,1.0,9.0,1.0,0.0463331965176071,1753960844825.0,4.47,4.2,1.0,1753960840625.0,1753960845625.0,1.0,0.0,540873.445824,540878.445824,593.0,21.841618431014364,1.1749803144446047,1.703874767292597,0.0878556282522438,10.392304845413264,0.8519373836462985,13.58247503655374,21.841618431014364,25.568699079810106,13.22513107982092,0.9889562909426014,0.9889562909426014,0.0673284745782325,0.0673284745782325,12.0,3.9729118521255993,19.80841660936362,0.0,0.0,0.0,0.1228070175438596,1753960839217.5342,1753960844217.5342
0.6204968944099379,0.0001022337101192,0.3472340425531914,0.0027648709823449,0.6273291925465838,0.3723404255319149,0.2257920683142273,0.1748900926858124,0.2257920683142273,0.1748900926858124,1.0,1.0,9.0,1.0,0.0463331965176071,1753960844825.0,4.47,4.2,1.0,1753960840625.0,1753960845625.0,1.0,0.0,540878.445824,540883.445824,563.0,20.157510711018286,1.3122087309359558,1.5681633198866218,0.1056610681109337,10.392304845413264,0.7840816599433109,12.224450811031844,20.157510711018286,22.61009408454129,12.195107696496237,0.98420870986356,0.98420870986356,0.064408717672393,0.064408717672393,7.0,3.699801363842039,10.80136446522589,0.0,0.0,0.0,0.1228070175438596,1753960844217.5342,1753960849217.5342
0.6233540372670806,5.209675552640675e-05,0.3519148936170213,0.0029055681303757,0.6273291925465838,0.3723404255319149,0.22864921117137,0.1702092416219825,0.22864921117137,0.1702092416219825,1.0,1.0,9.0,1.0,1.3754325690511031e-05,1753960846851.2856,4.01,6.142857142857143,1.0,1753960845626.0,1753960850626.0,0.0,1.0,540878.445824,540883.445824,563.0,20.157510711018286,1.3122087309359558,1.5681633198866218,0.1056610681109337,10.392304845413264,0.7840816599433109,12.224450811031844,20.157510711018286,22.61009408454129,12.195107696496237,0.98420870986356,0.98420870986356,0.064408717672393,0.064408717672393,7.0,3.699801363842039,10.80136446522589,0.0,0.0,0.0,0.1228070175438596,1753960844217.5342,1753960849217.5342
0.6233540372670806,5.209675552640675e-05,0.3519148936170213,0.0029055681303757,0.6273291925465838,0.3723404255319149,0.22864921117137,0.1702092416219825,0.22864921117137,0.1702092416219825,1.0,1.0,9.0,1.0,1.3754325690511031e-05,1753960846851.2856,4.01,6.142857142857143,1.0,1753960845626.0,1753960850626.0,0.0,1.0,540883.445824,540888.445824,281.0,19.521031694014045,2.521316508848122,1.4708726388866784,0.1930542142702157,10.392304845413264,0.7354363194433392,14.523509071952745,19.521031694014045,62.90335044281638,49.68891476072931,0.7936469992639746,0.7936469992639746,0.1855141404302404,0.1855141404302404,75.0,42.06819021727676,99.5144721867788,0.0,0.0,0.0,0.1228070175438596,1753960849217.5342,1753960854217.5342
0.6195031055900622,6.760541645769786e-05,0.3495744680851063,0.0026030330466274,0.6273291925465838,0.3723404255319149,0.2247982794943515,0.1725496671538974,0.2247982794943515,0.1725496671538974,1.0,1.0,9.0,1.0,2.4982923414423128e-05,1753960846851.2856,4.01,6.142857142857143,1.0,1753960845626.0,1753960850626.0,0.0,0.0,540878.445824,540883.445824,563.0,20.157510711018286,1.3122087309359558,1.5681633198866218,0.1056610681109337,10.392304845413264,0.7840816599433109,12.224450811031844,20.157510711018286,22.61009408454129,12.195107696496237,0.98420870986356,0.98420870986356,0.064408717672393,0.064408717672393,7.0,3.699801363842039,10.80136446522589,0.0,0.0,0.0,0.1228070175438596,1753960844217.5342,1753960849217.5342
0.6195031055900622,6.760541645769786e-05,0.3495744680851063,0.0026030330466274,0.6273291925465838,0.3723404255319149,0.2247982794943515,0.1725496671538974,0.2247982794943515,0.1725496671538974,1.0,1.0,9.0,1.0,2.4982923414423128e-05,1753960846851.2856,4.01,6.142857142857143,1.0,1753960845626.0,1753960850626.0,0.0,0.0,540883.445824,540888.445824,281.0,19.521031694014045,2.521316508848122,1.4708726388866784,0.1930542142702157,10.392304845413264,0.7354363194433392,14.523509071952745,19.521031694014045,62.90335044281638,49.68891476072931,0.7936469992639746,0.7936469992639746,0.1855141404302404,0.1855141404302404,75.0,42.06819021727676,99.5144721867788,0.0,0.0,0.0,0.1228070175438596,1753960849217.5342,1753960854217.5342
0.6144099378881988,6.765171096794056e-05,0.3542553191489361,0.0031699864191942,0.6211180124223602,0.3617021276595745,0.2197051117924881,0.1678688160900677,0.2197051117924881,0.1678688160900677,1.0,1.0,9.0,1.0,1.4060041349703796e-05,1753960846851.2856,4.01,6.142857142857143,1.0,1753960845626.0,1753960850626.0,0.0,0.0,540878.445824,540883.445824,563.0,20.157510711018286,1.3122087309359558,1.5681633198866218,0.1056610681109337,10.392304845413264,0.7840816599433109,12.224450811031844,20.157510711018286,22.61009408454129,12.195107696496237,0.98420870986356,0.98420870986356,0.064408717672393,0.064408717672393,7.0,3.699801363842039,10.80136446522589,0.0,0.0,0.0,0.1228070175438596,1753960844217.5342,1753960849217.5342
0.6144099378881988,6.765171096794056e-05,0.3542553191489361,0.0031699864191942,0.6211180124223602,0.3617021276595745,0.2197051117924881,0.1678688160900677,0.2197051117924881,0.1678688160900677,1.0,1.0,9.0,1.0,1.4060041349703796e-05,1753960846851.2856,4.01,6.142857142857143,1.0,1753960845626.0,1753960850626.0,0.0,0.0,540883.445824,540888.445824,281.0,19.521031694014045,2.521316508848122,1.4708726388866784,0.1930542142702157,10.392304845413264,0.7354363194433392,14.523509071952745,19.521031694014045,62.90335044281638,49.68891476072931,0.7936469992639746,0.7936469992639746,0.1855141404302404,0.1855141404302404,75.0,42.06819021727676,99.5144721867788,0.0,0.0,0.0,0.1228070175438596,1753960849217.5342,1753960854217.5342
0.6199999999999999,7.667914046525927e-05,0.3534042553191489,0.0034327297419646,0.6273291925465838,0.3617021276595745,0.2252951739042892,0.1687198799198549,0.2252951739042892,0.1687198799198549,1.0,1.0,9.0,1.0,5.5291068816120464e-08,1753960864943.2,3.454,6.651999999999999,1.0,1753960860629.0,1753960865629.0,0.0,0.0,540893.445824,540898.445824,619.0,28.38101185625605,2.614870699520819,2.1752522539457724,0.1914118863169817,10.392304845413264,1.0876261269728864,16.15860283053104,28.38101185625605,27.41603189612992,10.800962840980196,0.99979987971929,0.99979987971929,0.0015812410388869,0.0015812410388869,0.0,1.661814060940262,2.7384189937839034,0.0,0.0,0.0,0.1228070175438596,1753960859217.5342,1753960864217.5342
0.6199999999999999,7.667914046525927e-05,0.3534042553191489,0.0034327297419646,0.6273291925465838,0.3617021276595745,0.2252951739042892,0.1687198799198549,0.2252951739042892,0.1687198799198549,1.0,1.0,9.0,1.0,5.5291068816120464e-08,1753960864943.2,3.454,6.651999999999999,1.0,1753960860629.0,1753960865629.0,0.0,0.0,540898.445824,540903.445824,583.0,22.33305022548514,1.663362196487036,1.7305259740877992,0.1273112836475088,10.392304845413264,0.8652629870438996,13.472313203448076,22.33305022548514,30.21429963595238,10.9539168090082,0.9932179210410964,0.9932179210410964,0.0456491441845207,0.0456491441845207,3.0,6.5359984484880425,30.910351335318044,0.0,0.0,0.0,0.1228070175438596,1753960864217.5342,1753960869217.5342
0.6248447204968943,0.0001064773735581,0.3517021276595743,0.0033291534631054,0.6335403726708074,0.3696808510638297,0.2301398944011837,0.1704220075794294,0.2301398944011837,0.1704220075794294,1.0,1.0,9.0,1.0,0.0046710707476359,1753960868684.4,4.346500000000001,6.08,1.0,1753960865630.0,1753960870630.0,0.0,0.0,540898.445824,540903.445824,583.0,22.33305022548514,1.663362196487036,1.7305259740877992,0.1273112836475088,10.392304845413264,0.8652629870438996,13.472313203448076,22.33305022548514,30.21429963595238,10.9539168090082,0.9932179210410964,0.9932179210410964,0.0456491441845207,0.0456491441845207,3.0,6.5359984484880425,30.910351335318044,0.0,0.0,0.0,0.1228070175438596,1753960864217.5342,1753960869217.5342
0.6248447204968943,0.0001064773735581,0.3517021276595743,0.0033291534631054,0.6335403726708074,0.3696808510638297,0.2301398944011837,0.1704220075794294,0.2301398944011837,0.1704220075794294,1.0,1.0,9.0,1.0,0.0046710707476359,1753960868684.4,4.346500000000001,6.08,1.0,1753960865630.0,1753960870630.0,0.0,0.0,540903.445824,540908.445824,602.0,19.214125624986742,0.595165760763474,1.5042478729965985,0.0473342801469573,10.392304845413264,0.7521239364982992,11.316900247544098,19.214125624986742,18.10024114967527,10.047182358290277,0.9970932239948797,0.9970932239948797,0.0243000398535529,0.0243000398535529,1.0,3.066320893082154,6.836280348002744,0.0,0.0,0.0,0.1228070175438596,1753960869217.5342,1753960874217.5342
0.6290683229813664,8.493499479186768e-05,0.3544680851063829,0.0020119511090991,0.6335403726708074,0.3723404255319149,0.2343634968856557,0.1676560501326209,0.2343634968856557,0.1676560501326209,1.0,1.0,9.0,1.0,0.0765634570353612,1753960871446.3333,3.6966666666666654,5.503333333333334,1.0,1753960870631.0,1753960875631.0,0.0,0.0,540903.445824,540908.445824,602.0,19.214125624986742,0.595165760763474,1.5042478729965985,0.0473342801469573,10.392304845413264,0.7521239364982992,11.316900247544098,19.214125624986742,18.10024114967527,10.047182358290277,0.9970932239948797,0.9970932239948797,0.0243000398535529,0.0243000398535529,1.0,3.066320893082154,6.836280348002744,0.0,0.0,0.0,0.1228070175438596,1753960869217.5342,1753960874217.5342
0.6290683229813664,8.493499479186768e-05,0.3544680851063829,0.0020119511090991,0.6335403726708074,0.3723404255319149,0.2343634968856557,0.1676560501326209,0.2343634968856557,0.1676560501326209,1.0,1.0,9.0,1.0,0.0765634570353612,1753960871446.3333,3.6966666666666654,5.503333333333334,1.0,1753960870631.0,1753960875631.0,0.0,0.0,540908.445824,540913.445824,523.0,22.9155776128,2.9224040408308465,1.7875532545338368,0.2389480319467479,10.392304845413264,0.8937766272669184,13.456563094308551,22.9155776128,29.27026073187856,13.496051931278258,0.957655523636053,0.957655523636053,0.1089951388124097,0.1089951388124097,21.0,15.132792596129573,60.3249107676512,0.0,0.0,0.0,0.1228070175438596,1753960874217.5342,1753960879217.5342
0.6345341614906832,5.6108946414104514e-05,0.3493617021276595,0.0026136713444997,0.639751552795031,0.3723404255319149,0.2398293353949726,0.1727624331113443,0.2398293353949726,0.1727624331113443,1.0,1.0,9.0,1.0,4.095456251167711e-05,1753960878189.2856,3.3999999999999995,5.8,1.0,1753960875632.0,1753960880632.0,0.0,0.0,540908.445824,540913.445824,523.0,22.9155776128,2.9224040408308465,1.7875532545338368,0.2389480319467479,10.392304845413264,0.8937766272669184,13.456563094308551,22.9155776128,29.27026073187856,13.496051931278258,0.957655523636053,0.957655523636053,0.1089951388124097,0.1089951388124097,21.0,15.132792596129573,60.3249107676512,0.0,0.0,0.0,0.1228070175438596,1753960874217.5342,1753960879217.5342
0.6345341614906832,5.6108946414104514e-05,0.3493617021276595,0.0026136713444997,0.639751552795031,0.3723404255319149,0.2398293353949726,0.1727624331113443,0.2398293353949726,0.1727624331113443,1.0,1.0,9.0,1.0,4.095456251167711e-05,1753960878189.2856,3.3999999999999995,5.8,1.0,1753960875632.0,1753960880632.0,0.0,0.0,540913.445824,540918.445824,564.0,23.83679780945321,2.2682153682133093,1.86065159223811,0.1950329660488146,10.392304845413264,0.930325796119055,15.035070044971684,23.83679780945321,39.75614409472479,8.99772021480288,0.990185740450762,0.990185740450762,0.0510734527925867,0.0510734527925867,4.0,7.917202387811011,35.93183684451609,0.0,0.0,0.0,0.1228070175438596,1753960879217.5342,1753960884217.5342
0.6349068322981366,8.532078237722334e-05,0.3538297872340425,0.0032766410140334,0.639751552795031,0.3723404255319149,0.240202006202426,0.1682943480049613,0.240202006202426,0.1682943480049613,1.0,1.0,9.0,1.0,,1753960878189.2856,3.3999999999999995,5.8,1.0,1753960875632.0,1753960880632.0,0.0,0.0,540908.445824,540913.445824,523.0,22.9155776128,2.9224040408308465,1.7875532545338368,0.2389480319467479,10.392304845413264,0.8937766272669184,13.456563094308551,22.9155776128,29.27026073187856,13.496051931278258,0.957655523636053,0.957655523636053,0.1089951388124097,0.1089951388124097,21.0,15.132792596129573,60.3249107676512,0.0,0.0,0.0,0.1228070175438596,1753960874217.5342,1753960879217.5342
0.6349068322981366,8.532078237722334e-05,0.3538297872340425,0.0032766410140334,0.639751552795031,0.3723404255319149,0.240202006202426,0.1682943480049613,0.240202006202426,0.1682943480049613,1.0,1.0,9.0,1.0,,1753960878189.2856,3.3999999999999995,5.8,1.0,1753960875632.0,1753960880632.0,0.0,0.0,540913.445824,540918.445824,564.0,23.83679780945321,2.2682153682133093,1.86065159223811,0.1950329660488146,10.392304845413264,0.930325796119055,15.035070044971684,23.83679780945321,39.75614409472479,8.99772021480288,0.990185740450762,0.990185740450762,0.0510734527925867,0.0510734527925867,4.0,7.917202387811011,35.93183684451609,0.0,0.0,0.0,0.1228070175438596,1753960879217.5342,1753960884217.5342
0.9342857142857144,0.0009244859380425,0.3602127659574468,0.0038569941149841,0.9503105590062112,0.3803191489361702,0.5395808881900039,0.161911369281557,0.5395808881900039,0.161911369281557,1.0,1.0,9.0,2.0,0.0255865478026366,1753961782113.0,5.0,5.0,2.0,1753961782113.0,1753961787113.0,0.0,1.0,541813.445824,541818.445824,520.0,24.31640850350515,1.756077982826752,1.7931488236571131,0.1311528612682417,10.392304845413264,0.8965744118285566,17.80766514097793,24.31640850350515,53.96981342382401,32.044457962082355,0.9714724941550724,0.9714724941550724,0.0919019453394042,0.0919019453394042,15.0,13.03319580298467,39.43591694750487,0.0,0.0,0.0,0.1228070175438596,1753961779217.5342,1753961784217.5342
0.9342857142857144,0.0009244859380425,0.3602127659574468,0.0038569941149841,0.9503105590062112,0.3803191489361702,0.5395808881900039,0.161911369281557,0.5395808881900039,0.161911369281557,1.0,1.0,9.0,2.0,0.0255865478026366,1753961782113.0,5.0,5.0,2.0,1753961782113.0,1753961787113.0,0.0,1.0,541818.445824,541823.445824,596.0,24.75429332090169,1.376009292652438,1.8043779591021143,0.0987076116537173,10.392304845413264,0.9021889795510571,18.72690008598459,24.75429332090169,28.34259542584653,12.876565127429425,0.9962893229682708,0.9962893229682708,0.0270288821741145,0.0270288821741145,1.0,5.983187608792459,33.964067828547044,0.0,0.0,0.0,0.1228070175438596,1753961784217.5342,1753961789217.5342
0.9139130434782607,0.0011527487365456,0.3585106382978722,0.0036588954277953,0.9425465838509316,0.3723404255319149,0.5192082173825501,0.1636134969411316,0.5192082173825501,0.1636134969411316,1.0,1.0,9.0,2.0,0.14788985115972,1753961787299.0,5.0,5.27,2.0,1753961787114.0,1753961792114.0,0.0,0.0,541818.445824,541823.445824,596.0,24.75429332090169,1.376009292652438,1.8043779591021143,0.0987076116537173,10.392304845413264,0.9021889795510571,18.72690008598459,24.75429332090169,28.34259542584653,12.876565127429425,0.9962893229682708,0.9962893229682708,0.0270288821741145,0.0270288821741145,1.0,5.983187608792459,33.964067828547044,0.0,0.0,0.0,0.1228070175438596,1753961784217.5342,1753961789217.5342
0.9139130434782607,0.0011527487365456,0.3585106382978722,0.0036588954277953,0.9425465838509316,0.3723404255319149,0.5192082173825501,0.1636134969411316,0.5192082173825501,0.1636134969411316,1.0,1.0,9.0,2.0,0.14788985115972,1753961787299.0,5.0,5.27,2.0,1753961787114.0,1753961792114.0,0.0,0.0,541823.445824,541828.445824,572.0,23.29730291952536,1.6941263980353096,1.7344397258663733,0.1330542888527002,10.392304845413264,0.8672198629331866,17.02842514892823,23.29730291952536,23.684836666633167,17.542100911885747,0.9949427961453716,0.9949427961453716,0.0255102778907701,0.0255102778907701,0.0,8.765817384040247,40.75701939104663,0.0,0.0,0.0,0.1228070175438596,1753961789217.5342,1753961794217.5342
0.9398757763975156,0.0002614713938505,0.3638297872340426,0.0058442734268899,0.9503105590062112,0.3909574468085106,0.545170950301805,0.1582943480049612,0.545170950301805,0.1582943480049612,1.0,1.0,9.0,2.0,0.0642232322392673,1753961794738.1333,4.556666666666668,3.8973333333333335,2.0,1753961792115.0,1753961797115.0,1.0,0.0,541823.445824,541828.445824,572.0,23.29730291952536,1.6941263980353096,1.7344397258663733,0.1330542888527002,10.392304845413264,0.8672198629331866,17.02842514892823,23.29730291952536,23.684836666633167,17.542100911885747,0.9949427961453716,0.9949427961453716,0.0255102778907701,0.0255102778907701,0.0,8.765817384040247,40.75701939104663,0.0,0.0,0.0,0.1228070175438596,1753961789217.5342,1753961794217.5342
0.9398757763975156,0.0002614713938505,0.3638297872340426,0.0058442734268899,0.9503105590062112,0.3909574468085106,0.545170950301805,0.1582943480049612,0.545170950301805,0.1582943480049612,1.0,1.0,9.0,2.0,0.0642232322392673,1753961794738.1333,4.556666666666668,3.8973333333333335,2.0,1753961792115.0,1753961797115.0,1.0,0.0,541828.445824,541833.445824,552.0,22.737082720595208,1.475811628389418,1.7134908233480666,0.1122493664112731,10.392304845413264,0.8567454116740333,16.559054473407496,22.737082720595208,24.98741267420509,16.75192235182909,0.9769052078022292,0.9769052078022292,0.0780553261079607,0.0780553261079607,8.0,6.543727767034097,20.90404377729729,0.0,0.0,0.0,0.1228070175438596,1753961794217.5342,1753961799217.5342
0.9591304347826088,9.735735504031516e-05,0.3585106382978723,0.0045325939339067,0.968944099378882,0.3723404255319149,0.5644256086868982,0.1636134969411315,0.5644256086868982,0.1636134969411315,1.0,1.0,9.0,2.0,4.926629839862575e-05,1753961794738.1333,4.556666666666668,3.8973333333333335,2.0,1753961792115.0,1753961797115.0,1.0,1.0,541823.445824,541828.445824,572.0,23.29730291952536,1.6941263980353096,1.7344397258663733,0.1330542888527002,10.392304845413264,0.8672198629331866,17.02842514892823,23.29730291952536,23.684836666633167,17.542100911885747,0.9949427961453716,0.9949427961453716,0.0255102778907701,0.0255102778907701,0.0,8.765817384040247,40.75701939104663,0.0,0.0,0.0,0.1228070175438596,1753961789217.5342,1753961794217.5342
0.9591304347826088,9.735735504031516e-05,0.3585106382978723,0.0045325939339067,0.968944099378882,0.3723404255319149,0.5644256086868982,0.1636134969411315,0.5644256086868982,0.1636134969411315,1.0,1.0,9.0,2.0,4.926629839862575e-05,1753961794738.1333,4.556666666666668,3.8973333333333335,2.0,1753961792115.0,1753961797115.0,1.0,1.0,541828.445824,541833.445824,552.0,22.737082720595208,1.475811628389418,1.7134908233480666,0.1122493664112731,10.392304845413264,0.8567454116740333,16.559054473407496,22.737082720595208,24.98741267420509,16.75192235182909,0.9769052078022292,0.9769052078022292,0.0780553261079607,0.0780553261079607,8.0,6.543727767034097,20.90404377729729,0.0,0.0,0.0,0.1228070175438596,1753961794217.5342,1753961799217.5342
0.9567701863354036,7.555264071602204e-05,0.3591489361702127,0.0055978270710728,0.9627329192546584,0.3723404255319149,0.562065360239693,0.1629751990687911,0.562065360239693,0.1629751990687911,1.0,1.0,9.0,2.0,3.643616092333024e-05,1753961794738.1333,4.556666666666668,3.8973333333333335,2.0,1753961792115.0,1753961797115.0,1.0,1.0,541823.445824,541828.445824,572.0,23.29730291952536,1.6941263980353096,1.7344397258663733,0.1330542888527002,10.392304845413264,0.8672198629331866,17.02842514892823,23.29730291952536,23.684836666633167,17.542100911885747,0.9949427961453716,0.9949427961453716,0.0255102778907701,0.0255102778907701,0.0,8.765817384040247,40.75701939104663,0.0,0.0,0.0,0.1228070175438596,1753961789217.5342,1753961794217.5342
0.9567701863354036,7.555264071602204e-05,0.3591489361702127,0.0055978270710728,0.9627329192546584,0.3723404255319149,0.562065360239693,0.1629751990687911,0.562065360239693,0.1629751990687911,1.0,1.0,9.0,2.0,3.643616092333024e-05,1753961794738.1333,4.556666666666668,3.8973333333333335,2.0,1753961792115.0,1753961797115.0,1.0,1.0,541828.445824,541833.445824,552.0,22.737082720595208,1.475811628389418,1.7134908233480666,0.1122493664112731,10.392304845413264,0.8567454116740333,16.559054473407496,22.737082720595208,24.98741267420509,16.75192235182909,0.9769052078022292,0.9769052078022292,0.0780553261079607,0.0780553261079607,8.0,6.543727767034097,20.90404377729729,0.0,0.0,0.0,0.1228070175438596,1753961794217.5342,1753961799217.5342
0.9469565217391304,0.0001747000501523,0.3593617021276595,0.0046640561339972,0.9565217391304348,0.3723404255319149,0.5522516956434198,0.1627624331113443,0.5522516956434198,0.1627624331113443,1.0,1.0,9.0,2.0,0.0054998272946127,1753961794738.1333,4.556666666666668,3.8973333333333335,2.0,1753961792115.0,1753961797115.0,1.0,1.0,541823.445824,541828.445824,572.0,23.29730291952536,1.6941263980353096,1.7344397258663733,0.1330542888527002,10.392304845413264,0.8672198629331866,17.02842514892823,23.29730291952536,23.684836666633167,17.542100911885747,0.9949427961453716,0.9949427961453716,0.0255102778907701,0.0255102778907701,0.0,8.765817384040247,40.75701939104663,0.0,0.0,0.0,0.1228070175438596,1753961789217.5342,1753961794217.5342
0.9469565217391304,0.0001747000501523,0.3593617021276595,0.0046640561339972,0.9565217391304348,0.3723404255319149,0.5522516956434198,0.1627624331113443,0.5522516956434198,0.1627624331113443,1.0,1.0,9.0,2.0,0.0054998272946127,1753961794738.1333,4.556666666666668,3.8973333333333335,2.0,1753961792115.0,1753961797115.0,1.0,1.0,541828.445824,541833.445824,552.0,22.737082720595208,1.475811628389418,1.7134908233480666,0.1122493664112731,10.392304845413264,0.8567454116740333,16.559054473407496,22.737082720595208,24.98741267420509,16.75192235182909,0.9769052078022292,0.9769052078022292,0.0780553261079607,0.0780553261079607,8.0,6.543727767034097,20.90404377729729,0.0,0.0,0.0,0.1228070175438596,1753961794217.5342,1753961799217.5342
0.9480745341614908,0.0007295397554106,0.3638297872340425,0.0042009959257582,0.968944099378882,0.4042553191489361,0.55336970806578,0.1582943480049612,0.55336970806578,0.1582943480049612,1.0,1.0,9.0,2.0,0.486493656919739,1753961794738.1333,4.556666666666668,3.8973333333333335,2.0,1753961792115.0,1753961797115.0,1.0,1.0,541823.445824,541828.445824,572.0,23.29730291952536,1.6941263980353096,1.7344397258663733,0.1330542888527002,10.392304845413264,0.8672198629331866,17.02842514892823,23.29730291952536,23.684836666633167,17.542100911885747,0.9949427961453716,0.9949427961453716,0.0255102778907701,0.0255102778907701,0.0,8.765817384040247,40.75701939104663,0.0,0.0,0.0,0.1228070175438596,1753961789217.5342,1753961794217.5342
0.9480745341614908,0.0007295397554106,0.3638297872340425,0.0042009959257582,0.968944099378882,0.4042553191489361,0.55336970806578,0.1582943480049612,0.55336970806578,0.1582943480049612,1.0,1.0,9.0,2.0,0.486493656919739,1753961794738.1333,4.556666666666668,3.8973333333333335,2.0,1753961792115.0,1753961797115.0,1.0,1.0,541828.445824,541833.445824,552.0,22.737082720595208,1.475811628389418,1.7134908233480666,0.1122493664112731,10.392304845413264,0.8567454116740333,16.559054473407496,22.737082720595208,24.98741267420509,16.75192235182909,0.9769052078022292,0.9769052078022292,0.0780553261079607,0.0780553261079607,8.0,6.543727767034097,20.90404377729729,0.0,0.0,0.0,0.1228070175438596,1753961794217.5342,1753961799217.5342
0.9802484472049692,0.0001229736507079,0.3623404255319149,0.0041802172928927,0.9875776397515528,0.3989361702127659,0.5855436211092584,0.1597837097070888,0.5855436211092584,0.1597837097070888,1.0,1.0,9.0,2.0,3.4220344588794735e-05,1753961819552.2,4.52,3.0800000000000005,2.0,1753961817120.0,1753961822120.0,1.0,1.0,541848.445824,541853.445824,613.0,23.874529791323244,1.7919153965140082,1.773521633485855,0.1224631074354891,10.392304845413264,0.8867608167429275,17.11011173950124,23.874529791323244,23.882889056461096,13.897970781661732,0.9933426225142016,0.9933426225142016,0.0428575750829927,0.0428575750829927,4.0,2.1132726026289754,4.236108806255526,0.0,0.0,0.0,0.1228070175438596,1753961814217.5342,1753961819217.5342
0.9802484472049692,0.0001229736507079,0.3623404255319149,0.0041802172928927,0.9875776397515528,0.3989361702127659,0.5855436211092584,0.1597837097070888,0.5855436211092584,0.1597837097070888,1.0,1.0,9.0,2.0,3.4220344588794735e-05,1753961819552.2,4.52,3.0800000000000005,2.0,1753961817120.0,1753961822120.0,1.0,1.0,541853.445824,541858.445824,587.0,23.30603527849854,1.1949563737720543,1.7655519504220645,0.0918541626295462,10.392304845413264,0.8827759752110322,16.97908181833544,23.30603527849854,29.725081653600224,12.076078547602672,0.9870587053426428,0.9870587053426428,0.0661715935197614,0.0661715935197614,8.0,6.280666905930556,41.00488867934502,0.0,0.0,0.0,0.1228070175438596,1753961819217.5342,1753961824217.5342
0.9761490683229814,0.0001162918097295,0.3555319148936169,0.0039071525577184,0.9813664596273292,0.3829787234042553,0.5814442422272708,0.1665922203453868,0.5814442422272708,0.1665922203453868,1.0,1.0,9.0,2.0,2.2616102625772602e-07,1753961819552.2,4.52,3.0800000000000005,2.0,1753961817120.0,1753961822120.0,1.0,1.0,541848.445824,541853.445824,613.0,23.874529791323244,1.7919153965140082,1.773521633485855,0.1224631074354891,10.392304845413264,0.8867608167429275,17.11011173950124,23.874529791323244,23.882889056461096,13.897970781661732,0.9933426225142016,0.9933426225142016,0.0428575750829927,0.0428575750829927,4.0,2.1132726026289754,4.236108806255526,0.0,0.0,0.0,0.1228070175438596,1753961814217.5342,1753961819217.5342
0.9761490683229814,0.0001162918097295,0.3555319148936169,0.0039071525577184,0.9813664596273292,0.3829787234042553,0.5814442422272708,0.1665922203453868,0.5814442422272708,0.1665922203453868,1.0,1.0,9.0,2.0,2.2616102625772602e-07,1753961819552.2,4.52,3.0800000000000005,2.0,1753961817120.0,1753961822120.0,1.0,1.0,541853.445824,541858.445824,587.0,23.30603527849854,1.1949563737720543,1.7655519504220645,0.0918541626295462,10.392304845413264,0.8827759752110322,16.97908181833544,23.30603527849854,29.725081653600224,12.076078547602672,0.9870587053426428,0.9870587053426428,0.0661715935197614,0.0661715935197614,8.0,6.280666905930556,41.00488867934502,0.0,0.0,0.0,0.1228070175438596,1753961819217.5342,1753961824217.5342
0.9732919254658386,0.0001593302727518,0.3559574468085105,0.0042155273879583,0.9813664596273292,0.3803191489361702,0.5785870993701281,0.1661666884304932,0.5785870993701281,0.1661666884304932,1.0,1.0,9.0,2.0,4.006576251834065e-05,1753961819552.2,4.52,3.0800000000000005,2.0,1753961817120.0,1753961822120.0,1.0,1.0,541848.445824,541853.445824,613.0,23.874529791323244,1.7919153965140082,1.773521633485855,0.1224631074354891,10.392304845413264,0.8867608167429275,17.11011173950124,23.874529791323244,23.882889056461096,13.897970781661732,0.9933426225142016,0.9933426225142016,0.0428575750829927,0.0428575750829927,4.0,2.1132726026289754,4.236108806255526,0.0,0.0,0.0,0.1228070175438596,1753961814217.5342,1753961819217.5342
0.9732919254658386,0.0001593302727518,0.3559574468085105,0.0042155273879583,0.9813664596273292,0.3803191489361702,0.5785870993701281,0.1661666884304932,0.5785870993701281,0.1661666884304932,1.0,1.0,9.0,2.0,4.006576251834065e-05,1753961819552.2,4.52,3.0800000000000005,2.0,1753961817120.0,1753961822120.0,1.0,1.0,541853.445824,541858.445824,587.0,23.30603527849854,1.1949563737720543,1.7655519504220645,0.0918541626295462,10.392304845413264,0.8827759752110322,16.97908181833544,23.30603527849854,29.725081653600224,12.076078547602672,0.9870587053426428,0.9870587053426428,0.0661715935197614,0.0661715935197614,8.0,6.280666905930556,41.00488867934502,0.0,0.0,0.0,0.1228070175438596,1753961819217.5342,1753961824217.5342
0.9688198757763976,0.000135010223371,0.3661702127659574,0.0038256677229515,0.9751552795031057,0.3829787234042553,0.574115049680687,0.1559539224730464,0.574115049680687,0.1559539224730464,1.0,1.0,9.0,2.0,2.481526322740512e-05,1753961819552.2,4.52,3.0800000000000005,2.0,1753961817120.0,1753961822120.0,1.0,1.0,541848.445824,541853.445824,613.0,23.874529791323244,1.7919153965140082,1.773521633485855,0.1224631074354891,10.392304845413264,0.8867608167429275,17.11011173950124,23.874529791323244,23.882889056461096,13.897970781661732,0.9933426225142016,0.9933426225142016,0.0428575750829927,0.0428575750829927,4.0,2.1132726026289754,4.236108806255526,0.0,0.0,0.0,0.1228070175438596,1753961814217.5342,1753961819217.5342
0.9688198757763976,0.000135010223371,0.3661702127659574,0.0038256677229515,0.9751552795031057,0.3829787234042553,0.574115049680687,0.1559539224730464,0.574115049680687,0.1559539224730464,1.0,1.0,9.0,2.0,2.481526322740512e-05,1753961819552.2,4.52,3.0800000000000005,2.0,1753961817120.0,1753961822120.0,1.0,1.0,541853.445824,541858.445824,587.0,23.30603527849854,1.1949563737720543,1.7655519504220645,0.0918541626295462,10.392304845413264,0.8827759752110322,16.97908181833544,23.30603527849854,29.725081653600224,12.076078547602672,0.9870587053426428,0.9870587053426428,0.0661715935197614,0.0661715935197614,8.0,6.280666905930556,41.00488867934502,0.0,0.0,0.0,0.1228070175438596,1753961819217.5342,1753961824217.5342
0.9658385093167702,0.0001716754754831,0.3574468085106382,0.0034857401539157,0.9751552795031057,0.3803191489361702,0.5711336832210596,0.1646773267283655,0.5711336832210596,0.1646773267283655,1.0,1.0,9.0,2.0,4.1127900170392187e-05,1753961819552.2,4.52,3.0800000000000005,2.0,1753961817120.0,1753961822120.0,1.0,1.0,541848.445824,541853.445824,613.0,23.874529791323244,1.7919153965140082,1.773521633485855,0.1224631074354891,10.392304845413264,0.8867608167429275,17.11011173950124,23.874529791323244,23.882889056461096,13.897970781661732,0.9933426225142016,0.9933426225142016,0.0428575750829927,0.0428575750829927,4.0,2.1132726026289754,4.236108806255526,0.0,0.0,0.0,0.1228070175438596,1753961814217.5342,1753961819217.5342
0.9658385093167702,0.0001716754754831,0.3574468085106382,0.0034857401539157,0.9751552795031057,0.3803191489361702,0.5711336832210596,0.1646773267283655,0.5711336832210596,0.1646773267283655,1.0,1.0,9.0,2.0,4.1127900170392187e-05,1753961819552.2,4.52,3.0800000000000005,2.0,1753961817120.0,1753961822120.0,1.0,1.0,541853.445824,541858.445824,587.0,23.30603527849854,1.1949563737720543,1.7655519504220645,0.0918541626295462,10.392304845413264,0.8827759752110322,16.97908181833544,23.30603527849854,29.725081653600224,12.076078547602672,0.9870587053426428,0.9870587053426428,0.0661715935197614,0.0661715935197614,8.0,6.280666905930556,41.00488867934502,0.0,0.0,0.0,0.1228070175438596,1753961819217.5342,1753961824217.5342
0.972919254658385,0.0001169090698661,0.3557446808510637,0.0042786781349026,0.9813664596273292,0.3803191489361702,0.5782144285626745,0.16637945438794,0.5782144285626745,0.16637945438794,1.0,1.0,9.0,2.0,0.2507527690058936,1753961819552.2,4.52,3.0800000000000005,2.0,1753961817120.0,1753961822120.0,1.0,1.0,541848.445824,541853.445824,613.0,23.874529791323244,1.7919153965140082,1.773521633485855,0.1224631074354891,10.392304845413264,0.8867608167429275,17.11011173950124,23.874529791323244,23.882889056461096,13.897970781661732,0.9933426225142016,0.9933426225142016,0.0428575750829927,0.0428575750829927,4.0,2.1132726026289754,4.236108806255526,0.0,0.0,0.0,0.1228070175438596,1753961814217.5342,1753961819217.5342
0.972919254658385,0.0001169090698661,0.3557446808510637,0.0042786781349026,0.9813664596273292,0.3803191489361702,0.5782144285626745,0.16637945438794,0.5782144285626745,0.16637945438794,1.0,1.0,9.0,2.0,0.2507527690058936,1753961819552.2,4.52,3.0800000000000005,2.0,1753961817120.0,1753961822120.0,1.0,1.0,541853.445824,541858.445824,587.0,23.30603527849854,1.1949563737720543,1.7655519504220645,0.0918541626295462,10.392304845413264,0.8827759752110322,16.97908181833544,23.30603527849854,29.725081653600224,12.076078547602672,0.9870587053426428,0.9870587053426428,0.0661715935197614,0.0661715935197614,8.0,6.280666905930556,41.00488867934502,0.0,0.0,0.0,0.1228070175438596,1753961819217.5342,1753961824217.5342
0.9532919254658384,0.0001269086840785,0.3576595744680851,0.0057170212765957,0.9627329192546584,0.3723404255319149,0.5585870993701278,0.1644645607709186,0.5585870993701278,0.1644645607709186,1.0,1.0,9.0,2.0,0.2287186676870599,1753961851808.0,3.93,2.7350000000000003,2.0,1753961847126.0,1753961852126.0,1.0,1.0,541878.445824,541883.445824,503.0,23.306467632771746,1.956824837335038,2.285251551262864,0.191236844180347,10.392304845413264,1.142625775631432,16.82894995270082,23.306467632771746,34.29346004326935,41.5006347092266,0.9713427083033714,0.9713427083033714,0.0816183062176216,0.0816183062176216,8.0,14.299152324691642,53.57364224748463,0.0,0.0,0.0,0.1228070175438596,1753961844217.5342,1753961849217.5342
0.9532919254658384,0.0001269086840785,0.3576595744680851,0.0057170212765957,0.9627329192546584,0.3723404255319149,0.5585870993701278,0.1644645607709186,0.5585870993701278,0.1644645607709186,1.0,1.0,9.0,2.0,0.2287186676870599,1753961851808.0,3.93,2.7350000000000003,2.0,1753961847126.0,1753961852126.0,1.0,1.0,541883.445824,541888.445824,528.0,22.351886672649535,1.7336286226474402,2.274190132902086,0.1709638089685829,10.392304845413264,1.137095066451043,15.92261031130196,22.351886672649535,23.95298566496437,24.86200103355628,0.9683520651604868,0.9683520651604868,0.0918848643905201,0.0918848643905201,17.0,11.206387496062144,42.64256093131807,0.0,0.0,0.0,0.1228070175438596,1753961849217.5342,1753961854217.5342
0.9377639751552796,9.643146483546135e-05,0.3568085106382977,0.0037356722498868,0.9440993788819876,0.3617021276595745,0.5430591490595691,0.165315624600706,0.5430591490595691,0.165315624600706,1.0,1.0,9.0,2.0,0.8224523881437604,1753961851808.0,3.93,2.7350000000000003,2.0,1753961847126.0,1753961852126.0,1.0,1.0,541878.445824,541883.445824,503.0,23.306467632771746,1.956824837335038,2.285251551262864,0.191236844180347,10.392304845413264,1.142625775631432,16.82894995270082,23.306467632771746,34.29346004326935,41.5006347092266,0.9713427083033714,0.9713427083033714,0.0816183062176216,0.0816183062176216,8.0,14.299152324691642,53.57364224748463,0.0,0.0,0.0,0.1228070175438596,1753961844217.5342,1753961849217.5342
0.9377639751552796,9.643146483546135e-05,0.3568085106382977,0.0037356722498868,0.9440993788819876,0.3617021276595745,0.5430591490595691,0.165315624600706,0.5430591490595691,0.165315624600706,1.0,1.0,9.0,2.0,0.8224523881437604,1753961851808.0,3.93,2.7350000000000003,2.0,1753961847126.0,1753961852126.0,1.0,1.0,541883.445824,541888.445824,528.0,22.351886672649535,1.7336286226474402,2.274190132902086,0.1709638089685829,10.392304845413264,1.137095066451043,15.92261031130196,22.351886672649535,23.95298566496437,24.86200103355628,0.9683520651604868,0.9683520651604868,0.0918848643905201,0.0918848643905201,17.0,11.206387496062144,42.64256093131807,0.0,0.0,0.0,0.1228070175438596,1753961849217.5342,1753961854217.5342
0.8945341614906832,0.000252289649319,0.358723404255319,0.0038707107288365,0.906832298136646,0.3936170212765957,0.4998293353949726,0.1634007309836848,0.4998293353949726,0.1634007309836848,1.0,1.0,9.0,2.0,0.0123619586982513,1753961851808.0,3.93,2.7350000000000003,2.0,1753961847126.0,1753961852126.0,1.0,1.0,541878.445824,541883.445824,503.0,23.306467632771746,1.956824837335038,2.285251551262864,0.191236844180347,10.392304845413264,1.142625775631432,16.82894995270082,23.306467632771746,34.29346004326935,41.5006347092266,0.9713427083033714,0.9713427083033714,0.0816183062176216,0.0816183062176216,8.0,14.299152324691642,53.57364224748463,0.0,0.0,0.0,0.1228070175438596,1753961844217.5342,1753961849217.5342
0.8945341614906832,0.000252289649319,0.358723404255319,0.0038707107288365,0.906832298136646,0.3936170212765957,0.4998293353949726,0.1634007309836848,0.4998293353949726,0.1634007309836848,1.0,1.0,9.0,2.0,0.0123619586982513,1753961851808.0,3.93,2.7350000000000003,2.0,1753961847126.0,1753961852126.0,1.0,1.0,541883.445824,541888.445824,528.0,22.351886672649535,1.7336286226474402,2.274190132902086,0.1709638089685829,10.392304845413264,1.137095066451043,15.92261031130196,22.351886672649535,23.95298566496437,24.86200103355628,0.9683520651604868,0.9683520651604868,0.0918848643905201,0.0918848643905201,17.0,11.206387496062144,42.64256093131807,0.0,0.0,0.0,0.1228070175438596,1753961849217.5342,1753961854217.5342
0.8980124223602485,0.0016312487944137,0.3561702127659574,0.0035864191942055,0.9177018633540374,0.3829787234042553,0.5033075962645379,0.1659539224730463,0.5033075962645379,0.1659539224730463,1.0,1.0,9.0,2.0,0.3952213216275834,1753961851808.0,3.93,2.7350000000000003,2.0,1753961847126.0,1753961852126.0,1.0,1.0,541878.445824,541883.445824,503.0,23.306467632771746,1.956824837335038,2.285251551262864,0.191236844180347,10.392304845413264,1.142625775631432,16.82894995270082,23.306467632771746,34.29346004326935,41.5006347092266,0.9713427083033714,0.9713427083033714,0.0816183062176216,0.0816183062176216,8.0,14.299152324691642,53.57364224748463,0.0,0.0,0.0,0.1228070175438596,1753961844217.5342,1753961849217.5342
0.8980124223602485,0.0016312487944137,0.3561702127659574,0.0035864191942055,0.9177018633540374,0.3829787234042553,0.5033075962645379,0.1659539224730463,0.5033075962645379,0.1659539224730463,1.0,1.0,9.0,2.0,0.3952213216275834,1753961851808.0,3.93,2.7350000000000003,2.0,1753961847126.0,1753961852126.0,1.0,1.0,541883.445824,541888.445824,528.0,22.351886672649535,1.7336286226474402,2.274190132902086,0.1709638089685829,10.392304845413264,1.137095066451043,15.92261031130196,22.351886672649535,23.95298566496437,24.86200103355628,0.9683520651604868,0.9683520651604868,0.0918848643905201,0.0918848643905201,17.0,11.206387496062144,42.64256093131807,0.0,0.0,0.0,0.1228070175438596,1753961849217.5342,1753961854217.5342
0.9606211180124224,0.0002463022259943,0.3578723404255318,0.0035027614305115,0.9736024844720498,0.3936170212765957,0.5659162919167118,0.164251794813472,0.5659162919167118,0.164251794813472,1.0,1.0,9.0,2.0,0.252287493263342,1753961851808.0,3.93,2.7350000000000003,2.0,1753961847126.0,1753961852126.0,1.0,1.0,541878.445824,541883.445824,503.0,23.306467632771746,1.956824837335038,2.285251551262864,0.191236844180347,10.392304845413264,1.142625775631432,16.82894995270082,23.306467632771746,34.29346004326935,41.5006347092266,0.9713427083033714,0.9713427083033714,0.0816183062176216,0.0816183062176216,8.0,14.299152324691642,53.57364224748463,0.0,0.0,0.0,0.1228070175438596,1753961844217.5342,1753961849217.5342
0.9606211180124224,0.0002463022259943,0.3578723404255318,0.0035027614305115,0.9736024844720498,0.3936170212765957,0.5659162919167118,0.164251794813472,0.5659162919167118,0.164251794813472,1.0,1.0,9.0,2.0,0.252287493263342,1753961851808.0,3.93,2.7350000000000003,2.0,1753961847126.0,1753961852126.0,1.0,1.0,541883.445824,541888.445824,528.0,22.351886672649535,1.7336286226474402,2.274190132902086,0.1709638089685829,10.392304845413264,1.137095066451043,15.92261031130196,22.351886672649535,23.95298566496437,24.86200103355628,0.9683520651604868,0.9683520651604868,0.0918848643905201,0.0918848643905201,17.0,11.206387496062144,42.64256093131807,0.0,0.0,0.0,0.1228070175438596,1753961849217.5342,1753961854217.5342
0.9347826086956524,0.0001068631611434,0.3568085106382979,0.0036315527387958,0.9440993788819876,0.3829787234042553,0.5400777825999417,0.1653156246007058,0.5400777825999417,0.1653156246007058,1.0,1.0,9.0,2.0,0.837476949357609,1753961851808.0,3.93,2.7350000000000003,2.0,1753961847126.0,1753961852126.0,1.0,1.0,541878.445824,541883.445824,503.0,23.306467632771746,1.956824837335038,2.285251551262864,0.191236844180347,10.392304845413264,1.142625775631432,16.82894995270082,23.306467632771746,34.29346004326935,41.5006347092266,0.9713427083033714,0.9713427083033714,0.0816183062176216,0.0816183062176216,8.0,14.299152324691642,53.57364224748463,0.0,0.0,0.0,0.1228070175438596,1753961844217.5342,1753961849217.5342
0.9347826086956524,0.0001068631611434,0.3568085106382979,0.0036315527387958,0.9440993788819876,0.3829787234042553,0.5400777825999417,0.1653156246007058,0.5400777825999417,0.1653156246007058,1.0,1.0,9.0,2.0,0.837476949357609,1753961851808.0,3.93,2.7350000000000003,2.0,1753961847126.0,1753961852126.0,1.0,1.0,541883.445824,541888.445824,528.0,22.351886672649535,1.7336286226474402,2.274190132902086,0.1709638089685829,10.392304845413264,1.137095066451043,15.92261031130196,22.351886672649535,23.95298566496437,24.86200103355628,0.9683520651604868,0.9683520651604868,0.0918848643905201,0.0918848643905201,17.0,11.206387496062144,42.64256093131807,0.0,0.0,0.0,0.1228070175438596,1753961849217.5342,1753961854217.5342
0.9045962732919254,0.0001122796188418,0.3546808510638297,0.0036107288365776,0.9130434782608696,0.3803191489361702,0.5098914471962148,0.167443284175174,0.5098914471962148,0.167443284175174,1.0,1.0,9.0,2.0,0.209202599368164,1753961851808.0,3.93,2.7350000000000003,2.0,1753961847126.0,1753961852126.0,1.0,1.0,541878.445824,541883.445824,503.0,23.306467632771746,1.956824837335038,2.285251551262864,0.191236844180347,10.392304845413264,1.142625775631432,16.82894995270082,23.306467632771746,34.29346004326935,41.5006347092266,0.9713427083033714,0.9713427083033714,0.0816183062176216,0.0816183062176216,8.0,14.299152324691642,53.57364224748463,0.0,0.0,0.0,0.1228070175438596,1753961844217.5342,1753961849217.5342
0.9045962732919254,0.0001122796188418,0.3546808510638297,0.0036107288365776,0.9130434782608696,0.3803191489361702,0.5098914471962148,0.167443284175174,0.5098914471962148,0.167443284175174,1.0,1.0,9.0,2.0,0.209202599368164,1753961851808.0,3.93,2.7350000000000003,2.0,1753961847126.0,1753961852126.0,1.0,1.0,541883.445824,541888.445824,528.0,22.351886672649535,1.7336286226474402,2.274190132902086,0.1709638089685829,10.392304845413264,1.137095066451043,15.92261031130196,22.351886672649535,23.95298566496437,24.86200103355628,0.9683520651604868,0.9683520651604868,0.0918848643905201,0.0918848643905201,17.0,11.206387496062144,42.64256093131807,0.0,0.0,0.0,0.1228070175438596,1753961849217.5342,1753961854217.5342
0.892670807453416,7.258979206049177e-05,0.3542553191489361,0.0026946582163875,0.9006211180124224,0.3803191489361702,0.4979659813577053,0.1678688160900677,0.4979659813577053,0.1678688160900677,1.0,1.0,9.0,2.0,0.0021663348246596,1753961884836.2727,4.853636363636364,1.970909090909091,2.0,1753961882133.0,1753961887133.0,0.0,1.0,541913.445824,541918.445824,531.0,23.06911098338812,2.281029400856428,2.2209078511363893,0.2084843422706549,10.392304845413264,1.1104539255681949,16.84821568490939,23.06911098338812,22.68001874216195,36.84554266866687,0.8786437472528319,0.8786437472528319,0.1376354304770632,0.1376354304770632,31.0,6.677761206907927,18.148432465233597,0.0,0.0,0.0,0.1228070175438596,1753961879217.5342,1753961884217.5342
0.892670807453416,7.258979206049177e-05,0.3542553191489361,0.0026946582163875,0.9006211180124224,0.3803191489361702,0.4979659813577053,0.1678688160900677,0.4979659813577053,0.1678688160900677,1.0,1.0,9.0,2.0,0.0021663348246596,1753961884836.2727,4.853636363636364,1.970909090909091,2.0,1753961882133.0,1753961887133.0,0.0,1.0,541918.445824,541923.445824,542.0,21.951576961650748,1.473886751394738,2.116378587356027,0.1428060726102537,10.392304845413264,1.0581892936780135,15.71292043769807,21.951576961650748,16.838151344698776,15.466783065668016,0.9086435075923996,0.9086435075923996,0.1178946549360999,0.1178946549360999,15.0,10.951163245401046,37.27987764683127,0.0,0.0,0.0,0.1228070175438596,1753961884217.5342,1753961889217.5342
0.8939130434782608,7.228116199220736e-05,0.3627659574468085,0.0039667270258035,0.9006211180124224,0.3882978723404255,0.4992082173825502,0.1593581777921952,0.4992082173825502,0.1593581777921952,1.0,1.0,9.0,2.0,4.066270608373405e-05,1753961884836.2727,4.853636363636364,1.970909090909091,2.0,1753961882133.0,1753961887133.0,0.0,0.0,541913.445824,541918.445824,531.0,23.06911098338812,2.281029400856428,2.2209078511363893,0.2084843422706549,10.392304845413264,1.1104539255681949,16.84821568490939,23.06911098338812,22.68001874216195,36.84554266866687,0.8786437472528319,0.8786437472528319,0.1376354304770632,0.1376354304770632,31.0,6.677761206907927,18.148432465233597,0.0,0.0,0.0,0.1228070175438596,1753961879217.5342,1753961884217.5342
0.8939130434782608,7.228116199220736e-05,0.3627659574468085,0.0039667270258035,0.9006211180124224,0.3882978723404255,0.4992082173825502,0.1593581777921952,0.4992082173825502,0.1593581777921952,1.0,1.0,9.0,2.0,4.066270608373405e-05,1753961884836.2727,4.853636363636364,1.970909090909091,2.0,1753961882133.0,1753961887133.0,0.0,0.0,541918.445824,541923.445824,542.0,21.951576961650748,1.473886751394738,2.116378587356027,0.1428060726102537,10.392304845413264,1.0581892936780135,15.71292043769807,21.951576961650748,16.838151344698776,15.466783065668016,0.9086435075923996,0.9086435075923996,0.1178946549360999,0.1178946549360999,15.0,10.951163245401046,37.27987764683127,0.0,0.0,0.0,0.1228070175438596,1753961884217.5342,1753961889217.5342
0.8920496894409937,8.624667258207665e-05,0.3561702127659574,0.0033555454956994,0.9006211180124224,0.3723404255319149,0.4973448633452831,0.1659539224730463,0.4973448633452831,0.1659539224730463,1.0,1.0,9.0,2.0,0.0294202989372661,1753961884836.2727,4.853636363636364,1.970909090909091,2.0,1753961882133.0,1753961887133.0,0.0,0.0,541913.445824,541918.445824,531.0,23.06911098338812,2.281029400856428,2.2209078511363893,0.2084843422706549,10.392304845413264,1.1104539255681949,16.84821568490939,23.06911098338812,22.68001874216195,36.84554266866687,0.8786437472528319,0.8786437472528319,0.1376354304770632,0.1376354304770632,31.0,6.677761206907927,18.148432465233597,0.0,0.0,0.0,0.1228070175438596,1753961879217.5342,1753961884217.5342
0.8920496894409937,8.624667258207665e-05,0.3561702127659574,0.0033555454956994,0.9006211180124224,0.3723404255319149,0.4973448633452831,0.1659539224730463,0.4973448633452831,0.1659539224730463,1.0,1.0,9.0,2.0,0.0294202989372661,1753961884836.2727,4.853636363636364,1.970909090909091,2.0,1753961882133.0,1753961887133.0,0.0,0.0,541918.445824,541923.445824,542.0,21.951576961650748,1.473886751394738,2.116378587356027,0.1428060726102537,10.392304845413264,1.0581892936780135,15.71292043769807,21.951576961650748,16.838151344698776,15.466783065668016,0.9086435075923996,0.9086435075923996,0.1178946549360999,0.1178946549360999,15.0,10.951163245401046,37.27987764683127,0.0,0.0,0.0,0.1228070175438596,1753961884217.5342,1753961889217.5342
0.8956521739130434,0.0001126499749238,0.3574468085106382,0.0027614305115436,0.9006211180124224,0.3803191489361702,0.5009473478173327,0.1646773267283655,0.5009473478173327,0.1646773267283655,1.0,1.0,9.0,2.0,2.000800957468649e-05,1753961884836.2727,4.853636363636364,1.970909090909091,2.0,1753961882133.0,1753961887133.0,0.0,0.0,541913.445824,541918.445824,531.0,23.06911098338812,2.281029400856428,2.2209078511363893,0.2084843422706549,10.392304845413264,1.1104539255681949,16.84821568490939,23.06911098338812,22.68001874216195,36.84554266866687,0.8786437472528319,0.8786437472528319,0.1376354304770632,0.1376354304770632,31.0,6.677761206907927,18.148432465233597,0.0,0.0,0.0,0.1228070175438596,1753961879217.5342,1753961884217.5342
0.8956521739130434,0.0001126499749238,0.3574468085106382,0.0027614305115436,0.9006211180124224,0.3803191489361702,0.5009473478173327,0.1646773267283655,0.5009473478173327,0.1646773267283655,1.0,1.0,9.0,2.0,2.000800957468649e-05,1753961884836.2727,4.853636363636364,1.970909090909091,2.0,1753961882133.0,1753961887133.0,0.0,0.0,541918.445824,541923.445824,542.0,21.951576961650748,1.473886751394738,2.116378587356027,0.1428060726102537,10.392304845413264,1.0581892936780135,15.71292043769807,21.951576961650748,16.838151344698776,15.466783065668016,0.9086435075923996,0.9086435075923996,0.1178946549360999,0.1178946549360999,15.0,10.951163245401046,37.27987764683127,0.0,0.0,0.0,0.1228070175438596,1753961884217.5342,1753961889217.5342
0.8968944099378884,6.326916399830278e-05,0.3627659574468084,0.0030794477138976,0.9006211180124224,0.3829787234042553,0.5021895838421777,0.1593581777921953,0.5021895838421777,0.1593581777921953,1.0,1.0,9.0,2.0,0.097016901513201,1753961884836.2727,4.853636363636364,1.970909090909091,2.0,1753961882133.0,1753961887133.0,0.0,0.0,541913.445824,541918.445824,531.0,23.06911098338812,2.281029400856428,2.2209078511363893,0.2084843422706549,10.392304845413264,1.1104539255681949,16.84821568490939,23.06911098338812,22.68001874216195,36.84554266866687,0.8786437472528319,0.8786437472528319,0.1376354304770632,0.1376354304770632,31.0,6.677761206907927,18.148432465233597,0.0,0.0,0.0,0.1228070175438596,1753961879217.5342,1753961884217.5342
0.8968944099378884,6.326916399830278e-05,0.3627659574468084,0.0030794477138976,0.9006211180124224,0.3829787234042553,0.5021895838421777,0.1593581777921953,0.5021895838421777,0.1593581777921953,1.0,1.0,9.0,2.0,0.097016901513201,1753961884836.2727,4.853636363636364,1.970909090909091,2.0,1753961882133.0,1753961887133.0,0.0,0.0,541918.445824,541923.445824,542.0,21.951576961650748,1.473886751394738,2.116378587356027,0.1428060726102537,10.392304845413264,1.0581892936780135,15.71292043769807,21.951576961650748,16.838151344698776,15.466783065668016,0.9086435075923996,0.9086435075923996,0.1178946549360999,0.1178946549360999,15.0,10.951163245401046,37.27987764683127,0.0,0.0,0.0,0.1228070175438596,1753961884217.5342,1753961889217.5342
0.9053416149068324,0.000113514139115,0.356595744680851,0.0036995925758261,0.9130434782608696,0.3803191489361702,0.5106367888111216,0.1655283905581527,0.5106367888111216,0.1655283905581527,1.0,1.0,9.0,2.0,4.153890693574255e-05,1753961910483.2856,5.799999999999999,3.132857142857143,2.0,1753961907138.0,1753961912138.0,0.0,0.0,541938.445824,541943.445824,565.0,25.33306176735296,1.7537409158304451,2.4602675593944703,0.1572777966398456,10.392304845413264,1.2301337796972351,17.625997806928186,25.33306176735296,31.724142577446617,34.36786192141525,0.9826057398261684,0.9826057398261684,0.0629933312500878,0.0629933312500878,8.0,6.479951586394362,26.01132381748909,0.0,0.0,0.0,0.1228070175438596,1753961904217.5342,1753961909217.5342
0.9053416149068324,0.000113514139115,0.356595744680851,0.0036995925758261,0.9130434782608696,0.3803191489361702,0.5106367888111216,0.1655283905581527,0.5106367888111216,0.1655283905581527,1.0,1.0,9.0,2.0,4.153890693574255e-05,1753961910483.2856,5.799999999999999,3.132857142857143,2.0,1753961907138.0,1753961912138.0,0.0,0.0,541943.445824,541948.445824,588.0,26.09515210181596,1.5682830044825369,2.513605412451752,0.1262686412903273,10.392304845413264,1.256802706225876,17.528177187262095,26.09515210181596,21.928431251870837,13.046454900942557,0.9975604214811928,0.9975604214811928,0.0223034727875912,0.0223034727875912,0.0,6.067765790252996,36.95177149100074,0.0,0.0,0.0,0.1228070175438596,1753961909217.5342,1753961914217.5342
0.9055900621118014,0.0001126499749238,0.3627659574468084,0.0041930737890448,0.9130434782608696,0.3909574468085106,0.5108852360160907,0.1593581777921953,0.5108852360160907,0.1593581777921953,1.0,1.0,9.0,2.0,2.2456570178268693e-07,1753961914659.3635,5.7754545454545445,5.509090909090909,2.0,1753961912139.0,1753961917139.0,0.0,0.0,541943.445824,541948.445824,588.0,26.09515210181596,1.5682830044825369,2.513605412451752,0.1262686412903273,10.392304845413264,1.256802706225876,17.528177187262095,26.09515210181596,21.928431251870837,13.046454900942557,0.9975604214811928,0.9975604214811928,0.0223034727875912,0.0223034727875912,0.0,6.067765790252996,36.95177149100074,0.0,0.0,0.0,0.1228070175438596,1753961909217.5342,1753961914217.5342
0.9055900621118014,0.0001126499749238,0.3627659574468084,0.0041930737890448,0.9130434782608696,0.3909574468085106,0.5108852360160907,0.1593581777921953,0.5108852360160907,0.1593581777921953,1.0,1.0,9.0,2.0,2.2456570178268693e-07,1753961914659.3635,5.7754545454545445,5.509090909090909,2.0,1753961912139.0,1753961917139.0,0.0,0.0,541948.445824,541953.445824,583.0,25.857331874934992,1.3829765999882522,2.365043278676992,0.1311746235788798,10.392304845413264,1.1825216393384963,16.14905426601021,25.857331874934992,22.43891435503258,11.919571902241303,0.9894937700442828,0.9894937700442828,0.0582226284289965,0.0582226284289965,7.0,5.725844749546385,29.33390838668173,0.0,0.0,0.0,0.1228070175438596,1753961914217.5342,1753961919217.5342
0.898136645962733,0.0001589444851664,0.3612765957446808,0.0042415572657311,0.906832298136646,0.3803191489361702,0.5034318198670225,0.1608475394943229,0.5034318198670225,0.1608475394943229,1.0,1.0,9.0,2.0,0.5539517098682295,1753961919041.5,5.9350000000000005,6.6,2.0,1753961917140.0,1753961922140.0,0.0,0.0,541948.445824,541953.445824,583.0,25.857331874934992,1.3829765999882522,2.365043278676992,0.1311746235788798,10.392304845413264,1.1825216393384963,16.14905426601021,25.857331874934992,22.43891435503258,11.919571902241303,0.9894937700442828,0.9894937700442828,0.0582226284289965,0.0582226284289965,7.0,5.725844749546385,29.33390838668173,0.0,0.0,0.0,0.1228070175438596,1753961914217.5342,1753961919217.5342
0.898136645962733,0.0001589444851664,0.3612765957446808,0.0042415572657311,0.906832298136646,0.3803191489361702,0.5034318198670225,0.1608475394943229,0.5034318198670225,0.1608475394943229,1.0,1.0,9.0,2.0,0.5539517098682295,1753961919041.5,5.9350000000000005,6.6,2.0,1753961917140.0,1753961922140.0,0.0,0.0,541953.445824,541958.445824,608.0,28.00663430454037,1.689347579651181,2.5704580089119475,0.1559154736167003,10.392304845413264,1.2852290044559738,18.65110923253316,28.00663430454037,30.296455081227936,5.973786512407459,0.9945766146451324,0.9945766146451324,0.0397121430235224,0.0397121430235224,4.0,2.8919680088745103,6.223023088177925,0.0,0.0,0.0,0.1228070175438596,1753961919217.5342,1753961924217.5342
0.8495652173913044,0.0007288144747502,0.3610638297872339,0.0038361702127659,0.8680124223602484,0.3829787234042553,0.4548603912955938,0.1610603054517698,0.4548603912955938,0.1610603054517698,1.0,1.0,9.0,2.0,0.0667162255823908,1753961919041.5,5.9350000000000005,6.6,2.0,1753961917140.0,1753961922140.0,0.0,0.0,541948.445824,541953.445824,583.0,25.857331874934992,1.3829765999882522,2.365043278676992,0.1311746235788798,10.392304845413264,1.1825216393384963,16.14905426601021,25.857331874934992,22.43891435503258,11.919571902241303,0.9894937700442828,0.9894937700442828,0.0582226284289965,0.0582226284289965,7.0,5.725844749546385,29.33390838668173,0.0,0.0,0.0,0.1228070175438596,1753961914217.5342,1753961919217.5342
0.8495652173913044,0.0007288144747502,0.3610638297872339,0.0038361702127659,0.8680124223602484,0.3829787234042553,0.4548603912955938,0.1610603054517698,0.4548603912955938,0.1610603054517698,1.0,1.0,9.0,2.0,0.0667162255823908,1753961919041.5,5.9350000000000005,6.6,2.0,1753961917140.0,1753961922140.0,0.0,0.0,541953.445824,541958.445824,608.0,28.00663430454037,1.689347579651181,2.5704580089119475,0.1559154736167003,10.392304845413264,1.2852290044559738,18.65110923253316,28.00663430454037,30.296455081227936,5.973786512407459,0.9945766146451324,0.9945766146451324,0.0397121430235224,0.0397121430235224,4.0,2.8919680088745103,6.223023088177925,0.0,0.0,0.0,0.1228070175438596,1753961919217.5342,1753961924217.5342
0.8383850931677017,6.402530766559956e-05,0.3587234042553191,0.004585966500679,0.84472049689441,0.401595744680851,0.4436802670719911,0.1634007309836846,0.4436802670719911,0.1634007309836846,1.0,1.0,9.0,2.0,4.931497112565054e-10,1753961919041.5,5.9350000000000005,6.6,2.0,1753961917140.0,1753961922140.0,0.0,0.0,541948.445824,541953.445824,583.0,25.857331874934992,1.3829765999882522,2.365043278676992,0.1311746235788798,10.392304845413264,1.1825216393384963,16.14905426601021,25.857331874934992,22.43891435503258,11.919571902241303,0.9894937700442828,0.9894937700442828,0.0582226284289965,0.0582226284289965,7.0,5.725844749546385,29.33390838668173,0.0,0.0,0.0,0.1228070175438596,1753961914217.5342,1753961919217.5342
0.8383850931677017,6.402530766559956e-05,0.3587234042553191,0.004585966500679,0.84472049689441,0.401595744680851,0.4436802670719911,0.1634007309836846,0.4436802670719911,0.1634007309836846,1.0,1.0,9.0,2.0,4.931497112565054e-10,1753961919041.5,5.9350000000000005,6.6,2.0,1753961917140.0,1753961922140.0,0.0,0.0,541953.445824,541958.445824,608.0,28.00663430454037,1.689347579651181,2.5704580089119475,0.1559154736167003,10.392304845413264,1.2852290044559738,18.65110923253316,28.00663430454037,30.296455081227936,5.973786512407459,0.9945766146451324,0.9945766146451324,0.0397121430235224,0.0397121430235224,4.0,2.8919680088745103,6.223023088177925,0.0,0.0,0.0,0.1228070175438596,1753961919217.5342,1753961924217.5342
0.842360248447205,8.778982292349832e-05,0.3572340425531914,0.0044277501131733,0.8509316770186336,0.3829787234042553,0.4476554223514944,0.1648900926858124,0.4476554223514944,0.1648900926858124,1.0,1.0,9.0,2.0,4.775172122469475e-05,1753961919041.5,5.9350000000000005,6.6,2.0,1753961917140.0,1753961922140.0,0.0,0.0,541948.445824,541953.445824,583.0,25.857331874934992,1.3829765999882522,2.365043278676992,0.1311746235788798,10.392304845413264,1.1825216393384963,16.14905426601021,25.857331874934992,22.43891435503258,11.919571902241303,0.9894937700442828,0.9894937700442828,0.0582226284289965,0.0582226284289965,7.0,5.725844749546385,29.33390838668173,0.0,0.0,0.0,0.1228070175438596,1753961914217.5342,1753961919217.5342
0.842360248447205,8.778982292349832e-05,0.3572340425531914,0.0044277501131733,0.8509316770186336,0.3829787234042553,0.4476554223514944,0.1648900926858124,0.4476554223514944,0.1648900926858124,1.0,1.0,9.0,2.0,4.775172122469475e-05,1753961919041.5,5.9350000000000005,6.6,2.0,1753961917140.0,1753961922140.0,0.0,0.0,541953.445824,541958.445824,608.0,28.00663430454037,1.689347579651181,2.5704580089119475,0.1559154736167003,10.392304845413264,1.2852290044559738,18.65110923253316,28.00663430454037,30.296455081227936,5.973786512407459,0.9945766146451324,0.9945766146451324,0.0397121430235224,0.0397121430235224,4.0,2.8919680088745103,6.223023088177925,0.0,0.0,0.0,0.1228070175438596,1753961919217.5342,1753961924217.5342
0.8450931677018633,5.9272404614019445e-05,0.3536170212765956,0.0035244907197827,0.8509316770186336,0.3696808510638297,0.4503883416061526,0.1685071139624081,0.4503883416061526,0.1685071139624081,1.0,1.0,9.0,2.0,0.0338768263617606,1753961919041.5,5.9350000000000005,6.6,2.0,1753961917140.0,1753961922140.0,0.0,0.0,541948.445824,541953.445824,583.0,25.857331874934992,1.3829765999882522,2.365043278676992,0.1311746235788798,10.392304845413264,1.1825216393384963,16.14905426601021,25.857331874934992,22.43891435503258,11.919571902241303,0.9894937700442828,0.9894937700442828,0.0582226284289965,0.0582226284289965,7.0,5.725844749546385,29.33390838668173,0.0,0.0,0.0,0.1228070175438596,1753961914217.5342,1753961919217.5342
0.8450931677018633,5.9272404614019445e-05,0.3536170212765956,0.0035244907197827,0.8509316770186336,0.3696808510638297,0.4503883416061526,0.1685071139624081,0.4503883416061526,0.1685071139624081,1.0,1.0,9.0,2.0,0.0338768263617606,1753961919041.5,5.9350000000000005,6.6,2.0,1753961917140.0,1753961922140.0,0.0,0.0,541953.445824,541958.445824,608.0,28.00663430454037,1.689347579651181,2.5704580089119475,0.1559154736167003,10.392304845413264,1.2852290044559738,18.65110923253316,28.00663430454037,30.296455081227936,5.973786512407459,0.9945766146451324,0.9945766146451324,0.0397121430235224,0.0397121430235224,4.0,2.8919680088745103,6.223023088177925,0.0,0.0,0.0,0.1228070175438596,1753961919217.5342,1753961924217.5342
0.8503105590062111,8.062960533929969e-05,0.3648936170212765,0.0035411951109099,0.8571428571428571,0.3936170212765957,0.4556057329105005,0.1572305182177272,0.4556057329105005,0.1572305182177272,1.0,1.0,9.0,2.0,8.74219991039465e-10,1753961919041.5,5.9350000000000005,6.6,2.0,1753961917140.0,1753961922140.0,0.0,0.0,541948.445824,541953.445824,583.0,25.857331874934992,1.3829765999882522,2.365043278676992,0.1311746235788798,10.392304845413264,1.1825216393384963,16.14905426601021,25.857331874934992,22.43891435503258,11.919571902241303,0.9894937700442828,0.9894937700442828,0.0582226284289965,0.0582226284289965,7.0,5.725844749546385,29.33390838668173,0.0,0.0,0.0,0.1228070175438596,1753961914217.5342,1753961919217.5342
0.8503105590062111,8.062960533929969e-05,0.3648936170212765,0.0035411951109099,0.8571428571428571,0.3936170212765957,0.4556057329105005,0.1572305182177272,0.4556057329105005,0.1572305182177272,1.0,1.0,9.0,2.0,8.74219991039465e-10,1753961919041.5,5.9350000000000005,6.6,2.0,1753961917140.0,1753961922140.0,0.0,0.0,541953.445824,541958.445824,608.0,28.00663430454037,1.689347579651181,2.5704580089119475,0.1559154736167003,10.392304845413264,1.2852290044559738,18.65110923253316,28.00663430454037,30.296455081227936,5.973786512407459,0.9945766146451324,0.9945766146451324,0.0397121430235224,0.0397121430235224,4.0,2.8919680088745103,6.223023088177925,0.0,0.0,0.0,0.1228070175438596,1753961919217.5342,1753961924217.5342
0.8530434782608693,7.809883877936759e-05,0.3608510638297872,0.0038200090538705,0.8571428571428571,0.401595744680851,0.4583386521651587,0.1612730714092166,0.4583386521651587,0.1612730714092166,1.0,1.0,9.0,2.0,,1753961919041.5,5.9350000000000005,6.6,2.0,1753961917140.0,1753961922140.0,0.0,0.0,541948.445824,541953.445824,583.0,25.857331874934992,1.3829765999882522,2.365043278676992,0.1311746235788798,10.392304845413264,1.1825216393384963,16.14905426601021,25.857331874934992,22.43891435503258,11.919571902241303,0.9894937700442828,0.9894937700442828,0.0582226284289965,0.0582226284289965,7.0,5.725844749546385,29.33390838668173,0.0,0.0,0.0,0.1228070175438596,1753961914217.5342,1753961919217.5342
0.8530434782608693,7.809883877936759e-05,0.3608510638297872,0.0038200090538705,0.8571428571428571,0.401595744680851,0.4583386521651587,0.1612730714092166,0.4583386521651587,0.1612730714092166,1.0,1.0,9.0,2.0,,1753961919041.5,5.9350000000000005,6.6,2.0,1753961917140.0,1753961922140.0,0.0,0.0,541953.445824,541958.445824,608.0,28.00663430454037,1.689347579651181,2.5704580089119475,0.1559154736167003,10.392304845413264,1.2852290044559738,18.65110923253316,28.00663430454037,30.296455081227936,5.973786512407459,0.9945766146451324,0.9945766146451324,0.0397121430235224,0.0397121430235224,4.0,2.8919680088745103,6.223023088177925,0.0,0.0,0.0,0.1228070175438596,1753961919217.5342,1753961924217.5342
0.6944099378881988,8.950271980247711e-05,0.3448936170212765,0.0041199185151652,0.7018633540372671,0.3696808510638297,0.2997051117924882,0.1772305182177272,0.2997051117924882,0.1772305182177272,0.0,0.0,9.0,3.0,8.776894747097351e-05,1753961275401.0,5.0,5.0,3.0,1753961275401.0,1753961280401.0,0.0,1.0,541308.445824,541313.445824,585.0,25.16443025733712,1.2316844278255934,2.5517296458242007,0.1345744033381817,10.392304845413264,1.2758648229121003,17.842930012078433,25.16443025733712,26.520807702975667,13.189449661972828,0.9946859546829366,0.9946859546829366,0.0363235421012108,0.0363235421012108,1.0,4.984894388976339,14.36248119281228,0.0,0.0,0.0,0.1228070175438596,1753961274217.5342,1753961279217.5342
0.6944099378881988,8.950271980247711e-05,0.3448936170212765,0.0041199185151652,0.7018633540372671,0.3696808510638297,0.2997051117924882,0.1772305182177272,0.2997051117924882,0.1772305182177272,0.0,0.0,9.0,3.0,8.776894747097351e-05,1753961275401.0,5.0,5.0,3.0,1753961275401.0,1753961280401.0,0.0,1.0,541313.445824,541318.445824,599.0,23.893322210921244,0.9350108090291012,2.3761104771106254,0.0945795263026629,10.392304845413264,1.1880552385553127,18.35768640581931,23.893322210921244,24.158139166332624,14.211535352880835,0.9951479868929252,0.9951479868929252,0.0228790129650617,0.0228790129650617,0.0,4.667619831436959,14.857135154673433,0.0,0.0,0.0,0.1228070175438596,1753961279217.5342,1753961284217.5342
0.6976397515527952,0.000142648817561,0.3589361702127658,0.0047660027161611,0.7080745341614907,0.3909574468085106,0.3029349254570846,0.163187965026238,0.3029349254570846,0.163187965026238,0.0,0.0,9.0,3.0,0.0019728752132823,1753961282545.2,5.426,3.96,3.0,1753961280402.0,1753961285402.0,0.0,0.0,541313.445824,541318.445824,599.0,23.893322210921244,0.9350108090291012,2.3761104771106254,0.0945795263026629,10.392304845413264,1.1880552385553127,18.35768640581931,23.893322210921244,24.158139166332624,14.211535352880835,0.9951479868929252,0.9951479868929252,0.0228790129650617,0.0228790129650617,0.0,4.667619831436959,14.857135154673433,0.0,0.0,0.0,0.1228070175438596,1753961279217.5342,1753961284217.5342
0.6976397515527952,0.000142648817561,0.3589361702127658,0.0047660027161611,0.7080745341614907,0.3909574468085106,0.3029349254570846,0.163187965026238,0.3029349254570846,0.163187965026238,0.0,0.0,9.0,3.0,0.0019728752132823,1753961282545.2,5.426,3.96,3.0,1753961280402.0,1753961285402.0,0.0,0.0,541318.445824,541323.445824,569.0,22.713513848917326,1.239047956507603,2.221099675212717,0.1376870515238331,10.392304845413264,1.1105498376063585,16.688710490517348,22.713513848917326,32.79629334450953,12.529239968205587,0.9883350356949102,0.9883350356949102,0.0601487805137495,0.0601487805137495,4.0,6.80097423702151,29.027422550803703,0.0,0.0,0.0,0.1228070175438596,1753961284217.5342,1753961289217.5342
0.7007453416149068,9.365379422090232e-05,0.3508510638297872,0.0035649162516976,0.7080745341614907,0.3696808510638297,0.3060405155191961,0.1712730714092166,0.3060405155191961,0.1712730714092166,0.0,0.0,9.0,3.0,0.0,1753961282545.2,5.426,3.96,3.0,1753961280402.0,1753961285402.0,0.0,0.0,541313.445824,541318.445824,599.0,23.893322210921244,0.9350108090291012,2.3761104771106254,0.0945795263026629,10.392304845413264,1.1880552385553127,18.35768640581931,23.893322210921244,24.158139166332624,14.211535352880835,0.9951479868929252,0.9951479868929252,0.0228790129650617,0.0228790129650617,0.0,4.667619831436959,14.857135154673433,0.0,0.0,0.0,0.1228070175438596,1753961279217.5342,1753961284217.5342
0.7007453416149068,9.365379422090232e-05,0.3508510638297872,0.0035649162516976,0.7080745341614907,0.3696808510638297,0.3060405155191961,0.1712730714092166,0.3060405155191961,0.1712730714092166,0.0,0.0,9.0,3.0,0.0,1753961282545.2,5.426,3.96,3.0,1753961280402.0,1753961285402.0,0.0,0.0,541318.445824,541323.445824,569.0,22.713513848917326,1.239047956507603,2.221099675212717,0.1376870515238331,10.392304845413264,1.1105498376063585,16.688710490517348,22.713513848917326,32.79629334450953,12.529239968205587,0.9883350356949102,0.9883350356949102,0.0601487805137495,0.0601487805137495,4.0,6.80097423702151,29.027422550803703,0.0,0.0,0.0,0.1228070175438596,1753961284217.5342,1753961289217.5342
0.6998757763975155,0.0001071563597083,0.352127659574468,0.0034778180172023,0.7080745341614907,0.3617021276595745,0.3051709503018049,0.1699964756645357,0.3051709503018049,0.1699964756645357,0.0,0.0,9.0,3.0,1.364091585658268e-09,1753961293763.875,5.06625,3.4,3.0,1753961290404.0,1753961295404.0,0.0,0.0,541323.445824,541328.445824,606.0,22.06467137814338,0.6328478978166486,2.112394242703421,0.0609947429326738,10.392304845413264,1.0561971213517105,16.013038404919744,22.06467137814338,27.949246332016997,11.070627944740636,0.9971929129741208,0.9971929129741208,0.0277026609849988,0.0277026609849988,1.0,3.651618045702594,22.510156512858437,0.0,0.0,0.0,0.1228070175438596,1753961289217.5342,1753961294217.5342
0.6998757763975155,0.0001071563597083,0.352127659574468,0.0034778180172023,0.7080745341614907,0.3617021276595745,0.3051709503018049,0.1699964756645357,0.3051709503018049,0.1699964756645357,0.0,0.0,9.0,3.0,1.364091585658268e-09,1753961293763.875,5.06625,3.4,3.0,1753961290404.0,1753961295404.0,0.0,0.0,541328.445824,541333.445824,571.0,22.623255403562464,1.5551141143561873,2.184844620179494,0.1670040601403112,10.392304845413264,1.092422310089747,17.559899730035188,22.623255403562464,38.30834624446987,13.65508418530782,0.9793731398468516,0.9793731398468516,0.0851751086713282,0.0851751086713282,13.0,8.886120104187874,35.45092407696004,0.0,0.0,0.0,0.1228070175438596,1753961294217.5342,1753961299217.5342
0.7072049689440993,8.488870028162525e-05,0.3497872340425531,0.0034976912630149,0.7142857142857143,0.3803191489361702,0.3125001428483887,0.1723369011964506,0.3125001428483887,0.1723369011964506,0.0,0.0,9.0,3.0,0.0440765527029925,1753961296624.5,5.4,3.4,3.0,1753961295405.0,1753961300405.0,0.0,0.0,541328.445824,541333.445824,571.0,22.623255403562464,1.5551141143561873,2.184844620179494,0.1670040601403112,10.392304845413264,1.092422310089747,17.559899730035188,22.623255403562464,38.30834624446987,13.65508418530782,0.9793731398468516,0.9793731398468516,0.0851751086713282,0.0851751086713282,13.0,8.886120104187874,35.45092407696004,0.0,0.0,0.0,0.1228070175438596,1753961294217.5342,1753961299217.5342
0.7072049689440993,8.488870028162525e-05,0.3497872340425531,0.0034976912630149,0.7142857142857143,0.3803191489361702,0.3125001428483887,0.1723369011964506,0.3125001428483887,0.1723369011964506,0.0,0.0,9.0,3.0,0.0440765527029925,1753961296624.5,5.4,3.4,3.0,1753961295405.0,1753961300405.0,0.0,0.0,541333.445824,541338.445824,532.0,23.442687450286527,1.1123200302672476,2.289445354589,0.124640852637683,10.392304845413264,1.1447226772944998,17.29550139813624,23.442687450286527,44.37642252813372,8.195547037209042,0.985483949722852,0.985483949722852,0.0691756101905646,0.0691756101905646,10.0,10.66239160500778,47.94891736087851,0.0,0.0,0.0,0.1228070175438596,1753961299217.5342,1753961304217.5342
0.7137888198757765,0.0001262914239419,0.3474468085106382,0.0035111362607514,0.7251552795031057,0.3617021276595745,0.3190839937800658,0.1746773267283656,0.3190839937800658,0.1746773267283656,0.0,0.0,9.0,3.0,0.281126251956686,1753961296624.5,5.4,3.4,3.0,1753961295405.0,1753961300405.0,0.0,0.0,541328.445824,541333.445824,571.0,22.623255403562464,1.5551141143561873,2.184844620179494,0.1670040601403112,10.392304845413264,1.092422310089747,17.559899730035188,22.623255403562464,38.30834624446987,13.65508418530782,0.9793731398468516,0.9793731398468516,0.0851751086713282,0.0851751086713282,13.0,8.886120104187874,35.45092407696004,0.0,0.0,0.0,0.1228070175438596,1753961294217.5342,1753961299217.5342
0.7137888198757765,0.0001262914239419,0.3474468085106382,0.0035111362607514,0.7251552795031057,0.3617021276595745,0.3190839937800658,0.1746773267283656,0.3190839937800658,0.1746773267283656,0.0,0.0,9.0,3.0,0.281126251956686,1753961296624.5,5.4,3.4,3.0,1753961295405.0,1753961300405.0,0.0,0.0,541333.445824,541338.445824,532.0,23.442687450286527,1.1123200302672476,2.289445354589,0.124640852637683,10.392304845413264,1.1447226772944998,17.29550139813624,23.442687450286527,44.37642252813372,8.195547037209042,0.985483949722852,0.985483949722852,0.0691756101905646,0.0691756101905646,10.0,10.66239160500778,47.94891736087851,0.0,0.0,0.0,0.1228070175438596,1753961299217.5342,1753961304217.5342
0.7247204968944098,5.623239844141828e-05,0.3568085106382978,0.0045278859212313,0.7329192546583851,0.3882978723404255,0.3300156707986991,0.1653156246007059,0.3300156707986991,0.1653156246007059,0.0,0.0,9.0,3.0,0.0544634966092156,1753961296624.5,5.4,3.4,3.0,1753961295405.0,1753961300405.0,0.0,0.0,541328.445824,541333.445824,571.0,22.623255403562464,1.5551141143561873,2.184844620179494,0.1670040601403112,10.392304845413264,1.092422310089747,17.559899730035188,22.623255403562464,38.30834624446987,13.65508418530782,0.9793731398468516,0.9793731398468516,0.0851751086713282,0.0851751086713282,13.0,8.886120104187874,35.45092407696004,0.0,0.0,0.0,0.1228070175438596,1753961294217.5342,1753961299217.5342
0.7247204968944098,5.623239844141828e-05,0.3568085106382978,0.0045278859212313,0.7329192546583851,0.3882978723404255,0.3300156707986991,0.1653156246007059,0.3300156707986991,0.1653156246007059,0.0,0.0,9.0,3.0,0.0544634966092156,1753961296624.5,5.4,3.4,3.0,1753961295405.0,1753961300405.0,0.0,0.0,541333.445824,541338.445824,532.0,23.442687450286527,1.1123200302672476,2.289445354589,0.124640852637683,10.392304845413264,1.1447226772944998,17.29550139813624,23.442687450286527,44.37642252813372,8.195547037209042,0.985483949722852,0.985483949722852,0.0691756101905646,0.0691756101905646,10.0,10.66239160500778,47.94891736087851,0.0,0.0,0.0,0.1228070175438596,1753961299217.5342,1753961304217.5342
0.731304347826087,8.303691987191799e-05,0.352127659574468,0.0055466274332277,0.7391304347826086,0.3776595744680851,0.3365995217303764,0.1699964756645357,0.3365995217303764,0.1699964756645357,0.0,0.0,9.0,3.0,3.88674598735011e-05,1753961296624.5,5.4,3.4,3.0,1753961295405.0,1753961300405.0,0.0,0.0,541328.445824,541333.445824,571.0,22.623255403562464,1.5551141143561873,2.184844620179494,0.1670040601403112,10.392304845413264,1.092422310089747,17.559899730035188,22.623255403562464,38.30834624446987,13.65508418530782,0.9793731398468516,0.9793731398468516,0.0851751086713282,0.0851751086713282,13.0,8.886120104187874,35.45092407696004,0.0,0.0,0.0,0.1228070175438596,1753961294217.5342,1753961299217.5342
0.731304347826087,8.303691987191799e-05,0.352127659574468,0.0055466274332277,0.7391304347826086,0.3776595744680851,0.3365995217303764,0.1699964756645357,0.3365995217303764,0.1699964756645357,0.0,0.0,9.0,3.0,3.88674598735011e-05,1753961296624.5,5.4,3.4,3.0,1753961295405.0,1753961300405.0,0.0,0.0,541333.445824,541338.445824,532.0,23.442687450286527,1.1123200302672476,2.289445354589,0.124640852637683,10.392304845413264,1.1447226772944998,17.29550139813624,23.442687450286527,44.37642252813372,8.195547037209042,0.985483949722852,0.985483949722852,0.0691756101905646,0.0691756101905646,10.0,10.66239160500778,47.94891736087851,0.0,0.0,0.0,0.1228070175438596,1753961299217.5342,1753961304217.5342
0.7296894409937886,0.0001284518344199,0.3517021276595744,0.0045921684019918,0.7391304347826086,0.3696808510638297,0.334984614898078,0.1704220075794293,0.334984614898078,0.1704220075794293,0.0,0.0,9.0,3.0,0.4906018010373376,1753961296624.5,5.4,3.4,3.0,1753961295405.0,1753961300405.0,0.0,0.0,541328.445824,541333.445824,571.0,22.623255403562464,1.5551141143561873,2.184844620179494,0.1670040601403112,10.392304845413264,1.092422310089747,17.559899730035188,22.623255403562464,38.30834624446987,13.65508418530782,0.9793731398468516,0.9793731398468516,0.0851751086713282,0.0851751086713282,13.0,8.886120104187874,35.45092407696004,0.0,0.0,0.0,0.1228070175438596,1753961294217.5342,1753961299217.5342
0.7296894409937886,0.0001284518344199,0.3517021276595744,0.0045921684019918,0.7391304347826086,0.3696808510638297,0.334984614898078,0.1704220075794293,0.334984614898078,0.1704220075794293,0.0,0.0,9.0,3.0,0.4906018010373376,1753961296624.5,5.4,3.4,3.0,1753961295405.0,1753961300405.0,0.0,0.0,541333.445824,541338.445824,532.0,23.442687450286527,1.1123200302672476,2.289445354589,0.124640852637683,10.392304845413264,1.1447226772944998,17.29550139813624,23.442687450286527,44.37642252813372,8.195547037209042,0.985483949722852,0.985483949722852,0.0691756101905646,0.0691756101905646,10.0,10.66239160500778,47.94891736087851,0.0,0.0,0.0,0.1228070175438596,1753961299217.5342,1753961304217.5342
0.756894409937888,0.0001651325180355,0.3489361702127659,0.0042643730194658,0.7639751552795031,0.3723404255319149,0.3621895838421774,0.1731879650262379,0.3621895838421774,0.1731879650262379,0.0,0.0,9.0,3.0,5.609653989638328e-05,1753961296624.5,5.4,3.4,3.0,1753961295405.0,1753961300405.0,0.0,0.0,541328.445824,541333.445824,571.0,22.623255403562464,1.5551141143561873,2.184844620179494,0.1670040601403112,10.392304845413264,1.092422310089747,17.559899730035188,22.623255403562464,38.30834624446987,13.65508418530782,0.9793731398468516,0.9793731398468516,0.0851751086713282,0.0851751086713282,13.0,8.886120104187874,35.45092407696004,0.0,0.0,0.0,0.1228070175438596,1753961294217.5342,1753961299217.5342
0.756894409937888,0.0001651325180355,0.3489361702127659,0.0042643730194658,0.7639751552795031,0.3723404255319149,0.3621895838421774,0.1731879650262379,0.3621895838421774,0.1731879650262379,0.0,0.0,9.0,3.0,5.609653989638328e-05,1753961296624.5,5.4,3.4,3.0,1753961295405.0,1753961300405.0,0.0,0.0,541333.445824,541338.445824,532.0,23.442687450286527,1.1123200302672476,2.289445354589,0.124640852637683,10.392304845413264,1.1447226772944998,17.29550139813624,23.442687450286527,44.37642252813372,8.195547037209042,0.985483949722852,0.985483949722852,0.0691756101905646,0.0691756101905646,10.0,10.66239160500778,47.94891736087851,0.0,0.0,0.0,0.1228070175438596,1753961299217.5342,1753961304217.5342
0.7596273291925466,6.365495158365828e-05,0.3536170212765956,0.0057291081937528,0.7639751552795031,0.3617021276595745,0.364922503096836,0.1685071139624081,0.364922503096836,0.1685071139624081,0.0,0.0,9.0,3.0,0.2964265965260522,1753961296624.5,5.4,3.4,3.0,1753961295405.0,1753961300405.0,0.0,0.0,541328.445824,541333.445824,571.0,22.623255403562464,1.5551141143561873,2.184844620179494,0.1670040601403112,10.392304845413264,1.092422310089747,17.559899730035188,22.623255403562464,38.30834624446987,13.65508418530782,0.9793731398468516,0.9793731398468516,0.0851751086713282,0.0851751086713282,13.0,8.886120104187874,35.45092407696004,0.0,0.0,0.0,0.1228070175438596,1753961294217.5342,1753961299217.5342
0.7596273291925466,6.365495158365828e-05,0.3536170212765956,0.0057291081937528,0.7639751552795031,0.3617021276595745,0.364922503096836,0.1685071139624081,0.364922503096836,0.1685071139624081,0.0,0.0,9.0,3.0,0.2964265965260522,1753961296624.5,5.4,3.4,3.0,1753961295405.0,1753961300405.0,0.0,0.0,541333.445824,541338.445824,532.0,23.442687450286527,1.1123200302672476,2.289445354589,0.124640852637683,10.392304845413264,1.1447226772944998,17.29550139813624,23.442687450286527,44.37642252813372,8.195547037209042,0.985483949722852,0.985483949722852,0.0691756101905646,0.0691756101905646,10.0,10.66239160500778,47.94891736087851,0.0,0.0,0.0,0.1228070175438596,1753961299217.5342,1753961304217.5342
0.7503105590062111,6.789861502256877e-05,0.3508510638297871,0.005398325033952,0.7577639751552795,0.3909574468085106,0.3556057329105005,0.1712730714092166,0.3556057329105005,0.1712730714092166,0.0,0.0,9.0,3.0,0.1393867788364976,1753961296624.5,5.4,3.4,3.0,1753961295405.0,1753961300405.0,0.0,0.0,541328.445824,541333.445824,571.0,22.623255403562464,1.5551141143561873,2.184844620179494,0.1670040601403112,10.392304845413264,1.092422310089747,17.559899730035188,22.623255403562464,38.30834624446987,13.65508418530782,0.9793731398468516,0.9793731398468516,0.0851751086713282,0.0851751086713282,13.0,8.886120104187874,35.45092407696004,0.0,0.0,0.0,0.1228070175438596,1753961294217.5342,1753961299217.5342
0.7503105590062111,6.789861502256877e-05,0.3508510638297871,0.005398325033952,0.7577639751552795,0.3909574468085106,0.3556057329105005,0.1712730714092166,0.3556057329105005,0.1712730714092166,0.0,0.0,9.0,3.0,0.1393867788364976,1753961296624.5,5.4,3.4,3.0,1753961295405.0,1753961300405.0,0.0,0.0,541333.445824,541338.445824,532.0,23.442687450286527,1.1123200302672476,2.289445354589,0.124640852637683,10.392304845413264,1.1447226772944998,17.29550139813624,23.442687450286527,44.37642252813372,8.195547037209042,0.985483949722852,0.985483949722852,0.0691756101905646,0.0691756101905646,10.0,10.66239160500778,47.94891736087851,0.0,0.0,0.0,0.1228070175438596,1753961299217.5342,1753961304217.5342
0.7565217391304347,6.789861502256873e-05,0.3463829787234042,0.0050120416478044,0.7639751552795031,0.3617021276595745,0.3618169130347241,0.1757411565155995,0.3618169130347241,0.1757411565155995,0.0,0.0,9.0,3.0,2.2234871590569466e-07,1753961340242.5,5.53,3.8,3.0,1753961335413.0,1753961340413.0,0.0,0.0,541368.445824,541373.445824,529.0,22.798795736231103,1.3206335389728912,2.0763090534996387,0.1302811784036763,10.392304845413264,1.0381545267498191,16.2982238549008,22.798795736231103,40.3015328434185,13.238960054156076,0.978547295212993,0.978547295212993,0.0833794064982917,0.0833794064982917,9.0,9.600650400995546,40.48262264352292,0.0,0.0,0.0,0.1228070175438596,1753961334217.5342,1753961339217.5342
0.7565217391304347,6.789861502256873e-05,0.3463829787234042,0.0050120416478044,0.7639751552795031,0.3617021276595745,0.3618169130347241,0.1757411565155995,0.3618169130347241,0.1757411565155995,0.0,0.0,9.0,3.0,2.2234871590569466e-07,1753961340242.5,5.53,3.8,3.0,1753961335413.0,1753961340413.0,0.0,0.0,541373.445824,541378.445824,606.0,22.317548896404848,0.4972652365780955,2.019081982992084,0.0626673345246151,10.392304845413264,1.0095409914960418,14.618061447228364,22.317548896404848,16.68090248283586,6.117289710821899,0.998452171040025,0.998452171040025,0.012962702805636,0.012962702805636,0.0,2.636330607347673,8.756519450558006,0.0,0.0,0.0,0.1228070175438596,1753961339217.5342,1753961344217.5342
0.7638509316770187,8.25431117626638e-05,0.3470212765957445,0.005137573562698,0.7701863354037267,0.3776595744680851,0.369146105581308,0.1751028586432592,0.369146105581308,0.1751028586432592,0.0,0.0,9.0,3.0,6.0041313824329984e-05,1753961343242.2104,4.326315789473685,2.9242105263157896,3.0,1753961340414.0,1753961345414.0,1.0,0.0,541373.445824,541378.445824,606.0,22.317548896404848,0.4972652365780955,2.019081982992084,0.0626673345246151,10.392304845413264,1.0095409914960418,14.618061447228364,22.317548896404848,16.68090248283586,6.117289710821899,0.998452171040025,0.998452171040025,0.012962702805636,0.012962702805636,0.0,2.636330607347673,8.756519450558006,0.0,0.0,0.0,0.1228070175438596,1753961339217.5342,1753961344217.5342
0.7638509316770187,8.25431117626638e-05,0.3470212765957445,0.005137573562698,0.7701863354037267,0.3776595744680851,0.369146105581308,0.1751028586432592,0.369146105581308,0.1751028586432592,0.0,0.0,9.0,3.0,6.0041313824329984e-05,1753961343242.2104,4.326315789473685,2.9242105263157896,3.0,1753961340414.0,1753961345414.0,1.0,0.0,541378.445824,541383.445824,586.0,21.73363161913047,1.012642423741959,1.920196125747936,0.0955565894766836,10.392304845413264,0.9600980628739684,15.465281099756083,21.73363161913047,27.39808066059396,16.558508969624757,0.9895404366687988,0.9895404366687988,0.0544929318637774,0.0544929318637774,6.0,8.498532869720856,44.239553012388455,0.0,0.0,0.0,0.1228070175438596,1753961344217.5342,1753961349217.5342
0.762608695652174,5.4457775548783055e-05,0.3538297872340426,0.0042725667722951,0.7701863354037267,0.3803191489361702,0.3679038695564634,0.1682943480049611,0.3679038695564634,0.1682943480049611,0.0,0.0,9.0,3.0,6.804484349376447e-05,1753961348559.889,2.4522222222222223,2.39,3.0,1753961345415.0,1753961350415.0,1.0,1.0,541378.445824,541383.445824,586.0,21.73363161913047,1.012642423741959,1.920196125747936,0.0955565894766836,10.392304845413264,0.9600980628739684,15.465281099756083,21.73363161913047,27.39808066059396,16.558508969624757,0.9895404366687988,0.9895404366687988,0.0544929318637774,0.0544929318637774,6.0,8.498532869720856,44.239553012388455,0.0,0.0,0.0,0.1228070175438596,1753961344217.5342,1753961349217.5342
0.762608695652174,5.4457775548783055e-05,0.3538297872340426,0.0042725667722951,0.7701863354037267,0.3803191489361702,0.3679038695564634,0.1682943480049611,0.3679038695564634,0.1682943480049611,0.0,0.0,9.0,3.0,6.804484349376447e-05,1753961348559.889,2.4522222222222223,2.39,3.0,1753961345415.0,1753961350415.0,1.0,1.0,541383.445824,541388.445824,518.0,21.77384350752887,1.4172305427935492,1.9061517797453755,0.1301556801261365,10.392304845413264,0.9530758898726877,15.185098735036917,21.77384350752887,33.170375888815336,8.998803302526518,0.9773112856759526,0.9773112856759526,0.0869041343533208,0.0869041343533208,14.0,8.630929810408048,31.09115073718009,0.0,0.0,0.0,0.1228070175438596,1753961349217.5342,1753961354217.5342
0.7634782608695652,8.30832143821615e-05,0.3472340425531914,0.0055263014938886,0.7701863354037267,0.3590425531914893,0.3687734347738545,0.1748900926858123,0.3687734347738545,0.1748900926858123,0.0,0.0,9.0,3.0,0.1574204765449157,1753961352562.0,2.6,2.33,3.0,1753961350416.0,1753961355416.0,1.0,1.0,541383.445824,541388.445824,518.0,21.77384350752887,1.4172305427935492,1.9061517797453755,0.1301556801261365,10.392304845413264,0.9530758898726877,15.185098735036917,21.77384350752887,33.170375888815336,8.998803302526518,0.9773112856759526,0.9773112856759526,0.0869041343533208,0.0869041343533208,14.0,8.630929810408048,31.09115073718009,0.0,0.0,0.0,0.1228070175438596,1753961349217.5342,1753961354217.5342
0.7634782608695652,8.30832143821615e-05,0.3472340425531914,0.0055263014938886,0.7701863354037267,0.3590425531914893,0.3687734347738545,0.1748900926858123,0.3687734347738545,0.1748900926858123,0.0,0.0,9.0,3.0,0.1574204765449157,1753961352562.0,2.6,2.33,3.0,1753961350416.0,1753961355416.0,1.0,1.0,541388.445824,541393.445824,575.0,22.210423993681893,1.460146519563176,1.977087749391535,0.1295764069601166,10.392304845413264,0.9885438746957677,15.024331429321697,22.210423993681893,31.252774997031363,8.604545064780176,0.9882244659664056,0.9882244659664056,0.0638800540390136,0.0638800540390136,8.0,4.578376941957396,19.142851387266745,0.0,0.0,0.0,0.1228070175438596,1753961354217.5342,1753961359217.5342
0.7505590062111799,7.771305119401271e-05,0.3506382978723403,0.0057580805794477,0.7577639751552795,0.3696808510638297,0.3558541801154692,0.1714858373666634,0.3558541801154692,0.1714858373666634,0.0,0.0,9.0,3.0,0.0468100073527396,1753961352562.0,2.6,2.33,3.0,1753961350416.0,1753961355416.0,1.0,1.0,541383.445824,541388.445824,518.0,21.77384350752887,1.4172305427935492,1.9061517797453755,0.1301556801261365,10.392304845413264,0.9530758898726877,15.185098735036917,21.77384350752887,33.170375888815336,8.998803302526518,0.9773112856759526,0.9773112856759526,0.0869041343533208,0.0869041343533208,14.0,8.630929810408048,31.09115073718009,0.0,0.0,0.0,0.1228070175438596,1753961349217.5342,1753961354217.5342
0.7505590062111799,7.771305119401271e-05,0.3506382978723403,0.0057580805794477,0.7577639751552795,0.3696808510638297,0.3558541801154692,0.1714858373666634,0.3558541801154692,0.1714858373666634,0.0,0.0,9.0,3.0,0.0468100073527396,1753961352562.0,2.6,2.33,3.0,1753961350416.0,1753961355416.0,1.0,1.0,541388.445824,541393.445824,575.0,22.210423993681893,1.460146519563176,1.977087749391535,0.1295764069601166,10.392304845413264,0.9885438746957677,15.024331429321697,22.210423993681893,31.252774997031363,8.604545064780176,0.9882244659664056,0.9882244659664056,0.0638800540390136,0.0638800540390136,8.0,4.578376941957396,19.142851387266745,0.0,0.0,0.0,0.1228070175438596,1753961354217.5342,1753961359217.5342
0.7537888198757763,7.987346167200369e-05,0.3519148936170213,0.0050558623811679,0.7577639751552795,0.4015957446808511,0.3590839937800656,0.1702092416219825,0.3590839937800656,0.1702092416219825,0.0,0.0,9.0,3.0,0.1407740533874568,1753961364047.3333,2.3766666666666665,2.33,3.0,1753961360418.0,1753961365418.0,1.0,1.0,541393.445824,541398.445824,499.0,22.214162394036983,1.7257040476429106,1.973100377297172,0.158425566561892,10.392304845413264,0.986550188648586,15.265523514254095,22.214162394036983,31.803996394653154,10.462977832576676,0.9846856743694388,0.9846856743694388,0.0673643151022195,0.0673643151022195,6.0,6.197437272358237,17.907487498212202,0.0,0.0,0.0,0.1228070175438596,1753961359217.5342,1753961364217.5342
0.7537888198757763,7.987346167200369e-05,0.3519148936170213,0.0050558623811679,0.7577639751552795,0.4015957446808511,0.3590839937800656,0.1702092416219825,0.3590839937800656,0.1702092416219825,0.0,0.0,9.0,3.0,0.1407740533874568,1753961364047.3333,2.3766666666666665,2.33,3.0,1753961360418.0,1753961365418.0,1.0,1.0,541398.445824,541403.445824,619.0,20.764939493312568,0.4467256928712291,1.8471604548559035,0.043624344858824,10.392304845413264,0.9235802274279518,14.231085421037472,20.764939493312568,29.231406230795752,10.920193407316626,0.9993584980227762,0.9993584980227762,0.0089777847023394,0.0089777847023394,0.0,2.18271650417118,3.1219854899694828,0.0,0.0,0.0,0.1228070175438596,1753961364217.5342,1753961369217.5342
0.7563975155279503,7.451872998726929e-05,0.3397872340425531,0.007158940697148,0.7624223602484472,0.3617021276595745,0.3616926894322397,0.1823369011964506,0.3616926894322397,0.1823369011964506,0.0,0.0,9.0,3.0,0.1474591245732445,1753961366982.0,1.7999999999999998,2.33,3.0,1753961365419.0,1753961370419.0,1.0,1.0,541398.445824,541403.445824,619.0,20.764939493312568,0.4467256928712291,1.8471604548559035,0.043624344858824,10.392304845413264,0.9235802274279518,14.231085421037472,20.764939493312568,29.231406230795752,10.920193407316626,0.9993584980227762,0.9993584980227762,0.0089777847023394,0.0089777847023394,0.0,2.18271650417118,3.1219854899694828,0.0,0.0,0.0,0.1228070175438596,1753961364217.5342,1753961369217.5342
0.7563975155279503,7.451872998726929e-05,0.3397872340425531,0.007158940697148,0.7624223602484472,0.3617021276595745,0.3616926894322397,0.1823369011964506,0.3616926894322397,0.1823369011964506,0.0,0.0,9.0,3.0,0.1474591245732445,1753961366982.0,1.7999999999999998,2.33,3.0,1753961365419.0,1753961370419.0,1.0,1.0,541403.445824,541408.445824,535.0,23.893668165889228,1.907760687383176,2.117874314383823,0.1768479812041022,10.392304845413264,1.0589371571919115,19.918794627843937,23.893668165889228,47.57551890158968,15.113858211590442,0.9817027334871592,0.9817027334871592,0.0714759566895376,0.0714759566895376,7.0,12.194999603217529,56.158545190269614,0.0,0.0,0.0,0.1228070175438596,1753961369217.5342,1753961374217.5342
0.7500621118012424,6.4133328189499e-05,0.3478723404255319,0.0038535536441828,0.7562111801242236,0.3856382978723404,0.3553572857055317,0.1742517948134719,0.3553572857055317,0.1742517948134719,0.0,0.0,9.0,3.0,0.0367739911754031,1753961366982.0,1.7999999999999998,2.33,3.0,1753961365419.0,1753961370419.0,1.0,1.0,541398.445824,541403.445824,619.0,20.764939493312568,0.4467256928712291,1.8471604548559035,0.043624344858824,10.392304845413264,0.9235802274279518,14.231085421037472,20.764939493312568,29.231406230795752,10.920193407316626,0.9993584980227762,0.9993584980227762,0.0089777847023394,0.0089777847023394,0.0,2.18271650417118,3.1219854899694828,0.0,0.0,0.0,0.1228070175438596,1753961364217.5342,1753961369217.5342
0.7500621118012424,6.4133328189499e-05,0.3478723404255319,0.0038535536441828,0.7562111801242236,0.3856382978723404,0.3553572857055317,0.1742517948134719,0.3553572857055317,0.1742517948134719,0.0,0.0,9.0,3.0,0.0367739911754031,1753961366982.0,1.7999999999999998,2.33,3.0,1753961365419.0,1753961370419.0,1.0,1.0,541403.445824,541408.445824,535.0,23.893668165889228,1.907760687383176,2.117874314383823,0.1768479812041022,10.392304845413264,1.0589371571919115,19.918794627843937,23.893668165889228,47.57551890158968,15.113858211590442,0.9817027334871592,0.9817027334871592,0.0714759566895376,0.0714759566895376,7.0,12.194999603217529,56.158545190269614,0.0,0.0,0.0,0.1228070175438596,1753961369217.5342,1753961374217.5342
0.7453416149068324,3.857875853555031e-05,0.3557446808510637,0.0046634676324128,0.7515527950310559,0.3882978723404255,0.3506367888111217,0.16637945438794,0.3506367888111217,0.16637945438794,0.0,0.0,9.0,3.0,0.0349159769124665,1753961366982.0,1.7999999999999998,2.33,3.0,1753961365419.0,1753961370419.0,1.0,1.0,541398.445824,541403.445824,619.0,20.764939493312568,0.4467256928712291,1.8471604548559035,0.043624344858824,10.392304845413264,0.9235802274279518,14.231085421037472,20.764939493312568,29.231406230795752,10.920193407316626,0.9993584980227762,0.9993584980227762,0.0089777847023394,0.0089777847023394,0.0,2.18271650417118,3.1219854899694828,0.0,0.0,0.0,0.1228070175438596,1753961364217.5342,1753961369217.5342
0.7453416149068324,3.857875853555031e-05,0.3557446808510637,0.0046634676324128,0.7515527950310559,0.3882978723404255,0.3506367888111217,0.16637945438794,0.3506367888111217,0.16637945438794,0.0,0.0,9.0,3.0,0.0349159769124665,1753961366982.0,1.7999999999999998,2.33,3.0,1753961365419.0,1753961370419.0,1.0,1.0,541403.445824,541408.445824,535.0,23.893668165889228,1.907760687383176,2.117874314383823,0.1768479812041022,10.392304845413264,1.0589371571919115,19.918794627843937,23.893668165889228,47.57551890158968,15.113858211590442,0.9817027334871592,0.9817027334871592,0.0714759566895376,0.0714759566895376,7.0,12.194999603217529,56.158545190269614,0.0,0.0,0.0,0.1228070175438596,1753961369217.5342,1753961374217.5342
0.7469565217391305,7.532116816480839e-05,0.3525531914893617,0.0047488003621548,0.7515527950310559,0.3803191489361702,0.3522516956434199,0.169570943749642,0.3522516956434199,0.169570943749642,0.0,0.0,9.0,3.0,4.377021674883776e-05,1753961366982.0,1.7999999999999998,2.33,3.0,1753961365419.0,1753961370419.0,1.0,1.0,541398.445824,541403.445824,619.0,20.764939493312568,0.4467256928712291,1.8471604548559035,0.043624344858824,10.392304845413264,0.9235802274279518,14.231085421037472,20.764939493312568,29.231406230795752,10.920193407316626,0.9993584980227762,0.9993584980227762,0.0089777847023394,0.0089777847023394,0.0,2.18271650417118,3.1219854899694828,0.0,0.0,0.0,0.1228070175438596,1753961364217.5342,1753961369217.5342
0.7469565217391305,7.532116816480839e-05,0.3525531914893617,0.0047488003621548,0.7515527950310559,0.3803191489361702,0.3522516956434199,0.169570943749642,0.3522516956434199,0.169570943749642,0.0,0.0,9.0,3.0,4.377021674883776e-05,1753961366982.0,1.7999999999999998,2.33,3.0,1753961365419.0,1753961370419.0,1.0,1.0,541403.445824,541408.445824,535.0,23.893668165889228,1.907760687383176,2.117874314383823,0.1768479812041022,10.392304845413264,1.0589371571919115,19.918794627843937,23.893668165889228,47.57551890158968,15.113858211590442,0.9817027334871592,0.9817027334871592,0.0714759566895376,0.0714759566895376,7.0,12.194999603217529,56.158545190269614,0.0,0.0,0.0,0.1228070175438596,1753961369217.5342,1753961374217.5342
0.7470807453416148,4.9442536939161365e-05,0.3489361702127659,0.0055273879583521,0.7515527950310559,0.3617021276595745,0.3523759192459042,0.1731879650262379,0.3523759192459042,0.1731879650262379,0.0,0.0,9.0,3.0,,1753961366982.0,1.7999999999999998,2.33,3.0,1753961365419.0,1753961370419.0,1.0,1.0,541398.445824,541403.445824,619.0,20.764939493312568,0.4467256928712291,1.8471604548559035,0.043624344858824,10.392304845413264,0.9235802274279518,14.231085421037472,20.764939493312568,29.231406230795752,10.920193407316626,0.9993584980227762,0.9993584980227762,0.0089777847023394,0.0089777847023394,0.0,2.18271650417118,3.1219854899694828,0.0,0.0,0.0,0.1228070175438596,1753961364217.5342,1753961369217.5342
0.7470807453416148,4.9442536939161365e-05,0.3489361702127659,0.0055273879583521,0.7515527950310559,0.3617021276595745,0.3523759192459042,0.1731879650262379,0.3523759192459042,0.1731879650262379,0.0,0.0,9.0,3.0,,1753961366982.0,1.7999999999999998,2.33,3.0,1753961365419.0,1753961370419.0,1.0,1.0,541403.445824,541408.445824,535.0,23.893668165889228,1.907760687383176,2.117874314383823,0.1768479812041022,10.392304845413264,1.0589371571919115,19.918794627843937,23.893668165889228,47.57551890158968,15.113858211590442,0.9817027334871592,0.9817027334871592,0.0714759566895376,0.0714759566895376,7.0,12.194999603217529,56.158545190269614,0.0,0.0,0.0,0.1228070175438596,1753961369217.5342,1753961374217.5342
0.415527950310559,4.668029782801619e-05,0.3478723404255319,0.0042836124943413,0.422360248447205,0.3723404255319149,0.0208231242148483,0.1742517948134719,0.0208231242148483,0.1742517948134719,0.0,0.0,9.0,4.0,3.685612706907796e-05,1753960105904.0,5.0,5.0,4.0,1753960105904.0,1753960110904.0,0.0,1.0,540138.445824,540143.445824,620.0,23.810687617061856,1.92295616295364,1.812743514486744,0.1492273646495508,10.392304845413264,0.906371757243372,15.843308448180972,23.810687617061856,35.890700100032085,6.023335718623835,0.9996480771119588,0.9996480771119588,0.0027737397532307,0.0027737397532307,0.0,1.6800954461061106,2.675903294532328,0.0,0.0,0.0,0.1228070175438596,1753960104217.5342,1753960109217.5342
0.415527950310559,4.668029782801619e-05,0.3478723404255319,0.0042836124943413,0.422360248447205,0.3723404255319149,0.0208231242148483,0.1742517948134719,0.0208231242148483,0.1742517948134719,0.0,0.0,9.0,4.0,3.685612706907796e-05,1753960105904.0,5.0,5.0,4.0,1753960105904.0,1753960110904.0,0.0,1.0,540143.445824,540148.445824,617.0,24.70995713691857,1.4359994363178623,1.877355410039058,0.099971155994484,10.392304845413264,0.9386777050195292,18.023564467969265,24.70995713691857,40.10977270028707,3.245089776810344,0.9967096743110716,0.9967096743110716,0.0317121769628129,0.0317121769628129,2.0,1.759147409305331,3.274357161493706,0.0,0.0,0.0,0.1228070175438596,1753960109217.5342,1753960114217.5342
0.4165217391304348,5.927240461401962e-05,0.3455319148936169,0.0049897691263014,0.422360248447205,0.3617021276595745,0.0218169130347241,0.1765922203453868,0.0218169130347241,0.1765922203453868,0.0,0.0,9.0,4.0,0.1421506605731976,1753960105904.0,5.0,5.0,4.0,1753960105904.0,1753960110904.0,0.0,0.0,540138.445824,540143.445824,620.0,23.810687617061856,1.92295616295364,1.812743514486744,0.1492273646495508,10.392304845413264,0.906371757243372,15.843308448180972,23.810687617061856,35.890700100032085,6.023335718623835,0.9996480771119588,0.9996480771119588,0.0027737397532307,0.0027737397532307,0.0,1.6800954461061106,2.675903294532328,0.0,0.0,0.0,0.1228070175438596,1753960104217.5342,1753960109217.5342
0.4165217391304348,5.927240461401962e-05,0.3455319148936169,0.0049897691263014,0.422360248447205,0.3617021276595745,0.0218169130347241,0.1765922203453868,0.0218169130347241,0.1765922203453868,0.0,0.0,9.0,4.0,0.1421506605731976,1753960105904.0,5.0,5.0,4.0,1753960105904.0,1753960110904.0,0.0,0.0,540143.445824,540148.445824,617.0,24.70995713691857,1.4359994363178623,1.877355410039058,0.099971155994484,10.392304845413264,0.9386777050195292,18.023564467969265,24.70995713691857,40.10977270028707,3.245089776810344,0.9967096743110716,0.9967096743110716,0.0317121769628129,0.0317121769628129,2.0,1.759147409305331,3.274357161493706,0.0,0.0,0.0,0.1228070175438596,1753960109217.5342,1753960114217.5342
0.4214906832298136,6.019829481887249e-05,0.3497872340425531,0.005208872793119,0.4285714285714285,0.3617021276595745,0.0267858571341029,0.1723369011964506,0.0267858571341029,0.1723369011964506,0.0,0.0,9.0,4.0,0.4526946366018757,1753960117709.5,5.933333333333334,5.0,4.0,1753960115906.0,1753960120906.0,0.0,0.0,540148.445824,540153.445824,607.0,24.33948667348201,1.626953597648062,1.8558871137384143,0.1234330433472887,10.392304845413264,0.9279435568692072,16.578764946069473,24.33948667348201,26.35444687653502,14.910756922035636,0.9921560096896592,0.9921560096896592,0.0521341774288175,0.0521341774288175,7.0,4.048830420186341,9.19302787591863,0.0,0.0,0.0,0.1228070175438596,1753960114217.5342,1753960119217.5342
0.4214906832298136,6.019829481887249e-05,0.3497872340425531,0.005208872793119,0.4285714285714285,0.3617021276595745,0.0267858571341029,0.1723369011964506,0.0267858571341029,0.1723369011964506,0.0,0.0,9.0,4.0,0.4526946366018757,1753960117709.5,5.933333333333334,5.0,4.0,1753960115906.0,1753960120906.0,0.0,0.0,540153.445824,540158.445824,619.0,23.465985833565693,1.5550956272522003,1.8159695273725855,0.104397567873087,10.392304845413264,0.9079847636862928,14.514912166215678,23.465985833565693,19.500337001163924,12.686596136515508,0.999323408414193,0.999323408414193,0.006240658345296,0.006240658345296,0.0,2.1841868529267763,3.815026691817245,0.0,0.0,0.0,0.1228070175438596,1753960119217.5342,1753960124217.5342
0.4054658385093168,5.715828864627154e-05,0.3536170212765956,0.0047648709823449,0.4099378881987577,0.3829787234042553,0.0107610124136061,0.1685071139624081,0.0107610124136061,0.1685071139624081,0.0,0.0,9.0,4.0,0.0460888709712239,1753960124738.7144,6.869999999999999,4.2,4.0,1753960120907.0,1753960125907.0,0.0,0.0,540153.445824,540158.445824,619.0,23.465985833565693,1.5550956272522003,1.8159695273725855,0.104397567873087,10.392304845413264,0.9079847636862928,14.514912166215678,23.465985833565693,19.500337001163924,12.686596136515508,0.999323408414193,0.999323408414193,0.006240658345296,0.006240658345296,0.0,2.1841868529267763,3.815026691817245,0.0,0.0,0.0,0.1228070175438596,1753960119217.5342,1753960124217.5342
0.4054658385093168,5.715828864627154e-05,0.3536170212765956,0.0047648709823449,0.4099378881987577,0.3829787234042553,0.0107610124136061,0.1685071139624081,0.0107610124136061,0.1685071139624081,0.0,0.0,9.0,4.0,0.0460888709712239,1753960124738.7144,6.869999999999999,4.2,4.0,1753960120907.0,1753960125907.0,0.0,0.0,540158.445824,540163.445824,599.0,23.39297668430913,1.1456841416570882,1.8084595045378693,0.0809447607102189,10.392304845413264,0.9042297522689344,15.272644138465653,23.39297668430913,23.21687762557704,10.4371806230847,0.988515303665694,0.988515303665694,0.063795193999305,0.063795193999305,10.0,3.1130256337562687,8.429377048505554,0.0,0.0,0.0,0.1228070175438596,1753960124217.5342,1753960129217.5342
0.4083229813664596,4.445816133636859e-05,0.3491489361702127,0.0045255319148936,0.4099378881987577,0.4069148936170212,0.013618155270749,0.1729751990687911,0.013618155270749,0.1729751990687911,0.0,0.0,9.0,4.0,1.5265707271740071e-09,1753960124738.7144,6.869999999999999,4.2,4.0,1753960120907.0,1753960125907.0,0.0,0.0,540153.445824,540158.445824,619.0,23.465985833565693,1.5550956272522003,1.8159695273725855,0.104397567873087,10.392304845413264,0.9079847636862928,14.514912166215678,23.465985833565693,19.500337001163924,12.686596136515508,0.999323408414193,0.999323408414193,0.006240658345296,0.006240658345296,0.0,2.1841868529267763,3.815026691817245,0.0,0.0,0.0,0.1228070175438596,1753960119217.5342,1753960124217.5342
0.4083229813664596,4.445816133636859e-05,0.3491489361702127,0.0045255319148936,0.4099378881987577,0.4069148936170212,0.013618155270749,0.1729751990687911,0.013618155270749,0.1729751990687911,0.0,0.0,9.0,4.0,1.5265707271740071e-09,1753960124738.7144,6.869999999999999,4.2,4.0,1753960120907.0,1753960125907.0,0.0,0.0,540158.445824,540163.445824,599.0,23.39297668430913,1.1456841416570882,1.8084595045378693,0.0809447607102189,10.392304845413264,0.9042297522689344,15.272644138465653,23.39297668430913,23.21687762557704,10.4371806230847,0.988515303665694,0.988515303665694,0.063795193999305,0.063795193999305,10.0,3.1130256337562687,8.429377048505554,0.0,0.0,0.0,0.1228070175438596,1753960124217.5342,1753960129217.5342
0.4079503105590061,4.234404536862048e-05,0.346595744680851,0.0048623358985966,0.4161490683229814,0.3696808510638297,0.0132454844632954,0.1755283905581527,0.0132454844632954,0.1755283905581527,0.0,0.0,9.0,4.0,0.043866027459309,1753960124738.7144,6.869999999999999,4.2,4.0,1753960120907.0,1753960125907.0,0.0,0.0,540153.445824,540158.445824,619.0,23.465985833565693,1.5550956272522003,1.8159695273725855,0.104397567873087,10.392304845413264,0.9079847636862928,14.514912166215678,23.465985833565693,19.500337001163924,12.686596136515508,0.999323408414193,0.999323408414193,0.006240658345296,0.006240658345296,0.0,2.1841868529267763,3.815026691817245,0.0,0.0,0.0,0.1228070175438596,1753960119217.5342,1753960124217.5342
0.4079503105590061,4.234404536862048e-05,0.346595744680851,0.0048623358985966,0.4161490683229814,0.3696808510638297,0.0132454844632954,0.1755283905581527,0.0132454844632954,0.1755283905581527,0.0,0.0,9.0,4.0,0.043866027459309,1753960124738.7144,6.869999999999999,4.2,4.0,1753960120907.0,1753960125907.0,0.0,0.0,540158.445824,540163.445824,599.0,23.39297668430913,1.1456841416570882,1.8084595045378693,0.0809447607102189,10.392304845413264,0.9042297522689344,15.272644138465653,23.39297668430913,23.21687762557704,10.4371806230847,0.988515303665694,0.988515303665694,0.063795193999305,0.063795193999305,10.0,3.1130256337562687,8.429377048505554,0.0,0.0,0.0,0.1228070175438596,1753960124217.5342,1753960129217.5342
0.4154037267080745,4.41958257783268e-05,0.3474468085106382,0.0048013128112267,0.422360248447205,0.351063829787234,0.0206989006123639,0.1746773267283655,0.0206989006123639,0.1746773267283655,0.0,0.0,9.0,4.0,2.05172094610046e-07,1753960124738.7144,6.869999999999999,4.2,4.0,1753960120907.0,1753960125907.0,0.0,0.0,540153.445824,540158.445824,619.0,23.465985833565693,1.5550956272522003,1.8159695273725855,0.104397567873087,10.392304845413264,0.9079847636862928,14.514912166215678,23.465985833565693,19.500337001163924,12.686596136515508,0.999323408414193,0.999323408414193,0.006240658345296,0.006240658345296,0.0,2.1841868529267763,3.815026691817245,0.0,0.0,0.0,0.1228070175438596,1753960119217.5342,1753960124217.5342
0.4154037267080745,4.41958257783268e-05,0.3474468085106382,0.0048013128112267,0.422360248447205,0.351063829787234,0.0206989006123639,0.1746773267283655,0.0206989006123639,0.1746773267283655,0.0,0.0,9.0,4.0,2.05172094610046e-07,1753960124738.7144,6.869999999999999,4.2,4.0,1753960120907.0,1753960125907.0,0.0,0.0,540158.445824,540163.445824,599.0,23.39297668430913,1.1456841416570882,1.8084595045378693,0.0809447607102189,10.392304845413264,0.9042297522689344,15.272644138465653,23.39297668430913,23.21687762557704,10.4371806230847,0.988515303665694,0.988515303665694,0.063795193999305,0.063795193999305,10.0,3.1130256337562687,8.429377048505554,0.0,0.0,0.0,0.1228070175438596,1753960124217.5342,1753960129217.5342
0.4201242236024843,7.987346167200329e-05,0.3457446808510637,0.0043560434585785,0.4285714285714285,0.3696808510638297,0.0254193975067737,0.17637945438794,0.0254193975067737,0.17637945438794,0.0,0.0,9.0,4.0,0.0974167431988375,1753960144969.0,7.13,3.535,4.0,1753960140911.0,1753960145911.0,0.0,0.0,540173.445824,540178.445824,619.0,23.16066960664001,0.7874854167339828,1.7938031117062796,0.0608675270695137,10.392304845413264,0.8969015558531397,14.438270281203929,23.16066960664001,25.31923131247818,9.28431955072464,0.9997696819012624,0.9997696819012624,0.0045755916270251,0.0045755916270251,0.0,1.3026081690793074,1.9098187961900208,0.0,0.0,0.0,0.1228070175438596,1753960139217.5342,1753960144217.5342
0.4201242236024843,7.987346167200329e-05,0.3457446808510637,0.0043560434585785,0.4285714285714285,0.3696808510638297,0.0254193975067737,0.17637945438794,0.0254193975067737,0.17637945438794,0.0,0.0,9.0,4.0,0.0974167431988375,1753960144969.0,7.13,3.535,4.0,1753960140911.0,1753960145911.0,0.0,0.0,540178.445824,540183.445824,617.0,22.265761999976228,0.6535578084297315,1.7300851223917264,0.0478105579257221,10.392304845413264,0.8650425611958632,13.356569088695943,22.265761999976228,19.58346516437208,10.083771008980088,0.99587394711429,0.99587394711429,0.0338497150634333,0.0338497150634333,2.0,2.770991770128036,4.466694068950699,0.0,0.0,0.0,0.1228070175438596,1753960144217.5342,1753960149217.5342
0.4306832298136646,9.507349253501012e-05,0.3489361702127659,0.0051697600724309,0.4409937888198758,0.3723404255319149,0.0359784037179539,0.1731879650262378,0.0359784037179539,0.1731879650262378,0.0,0.0,9.0,4.0,6.404998589113766e-05,1753960149189.0,7.13,4.466,4.0,1753960145912.0,1753960150912.0,0.0,0.0,540178.445824,540183.445824,617.0,22.265761999976228,0.6535578084297315,1.7300851223917264,0.0478105579257221,10.392304845413264,0.8650425611958632,13.356569088695943,22.265761999976228,19.58346516437208,10.083771008980088,0.99587394711429,0.99587394711429,0.0338497150634333,0.0338497150634333,2.0,2.770991770128036,4.466694068950699,0.0,0.0,0.0,0.1228070175438596,1753960144217.5342,1753960149217.5342
0.4306832298136646,9.507349253501012e-05,0.3489361702127659,0.0051697600724309,0.4409937888198758,0.3723404255319149,0.0359784037179539,0.1731879650262378,0.0359784037179539,0.1731879650262378,0.0,0.0,9.0,4.0,6.404998589113766e-05,1753960149189.0,7.13,4.466,4.0,1753960145912.0,1753960150912.0,0.0,0.0,540183.445824,540188.445824,605.0,22.79665122247601,1.0405432579978642,1.7675046836239376,0.0765093904913228,10.392304845413264,0.8837523418119688,14.179753838260812,22.79665122247601,19.447579121961265,8.273923227468904,0.9859926496927855,0.9859926496927855,0.073951503882399,0.073951503882399,12.0,3.1916526297251533,6.736120800445175,0.0,0.0,0.0,0.1228070175438596,1753960149217.5342,1753960154217.5342
0.4331677018633539,7.532116816480858e-05,0.3497872340425531,0.0065352648257129,0.4409937888198758,0.3617021276595745,0.0384628757676433,0.1723369011964506,0.0384628757676433,0.1723369011964506,0.0,0.0,9.0,4.0,0.2584010485910245,1753960151501.0,7.13,5.4,4.0,1753960150913.0,1753960155913.0,0.0,0.0,540183.445824,540188.445824,605.0,22.79665122247601,1.0405432579978642,1.7675046836239376,0.0765093904913228,10.392304845413264,0.8837523418119688,14.179753838260812,22.79665122247601,19.447579121961265,8.273923227468904,0.9859926496927855,0.9859926496927855,0.073951503882399,0.073951503882399,12.0,3.1916526297251533,6.736120800445175,0.0,0.0,0.0,0.1228070175438596,1753960149217.5342,1753960154217.5342
0.4331677018633539,7.532116816480858e-05,0.3497872340425531,0.0065352648257129,0.4409937888198758,0.3617021276595745,0.0384628757676433,0.1723369011964506,0.0384628757676433,0.1723369011964506,0.0,0.0,9.0,4.0,0.2584010485910245,1753960151501.0,7.13,5.4,4.0,1753960150913.0,1753960155913.0,0.0,0.0,540188.445824,540193.445824,565.0,24.081320326121585,1.4109366044323253,1.861550236587535,0.1196601089652586,10.392304845413264,0.9307751182937676,16.349185491908468,24.081320326121585,25.04526133966725,8.295768100972305,0.9657765678959196,0.9657765678959196,0.1095448351809219,0.1095448351809219,22.0,6.7280000943126,28.290905215499315,0.0,0.0,0.0,0.1228070175438596,1753960154217.5342,1753960159217.5342
0.4439751552795032,4.0492264958913945e-05,0.3463829787234042,0.0052157537347215,0.4472049689440994,0.3936170212765957,0.0492703291837925,0.1757411565155996,0.0492703291837925,0.1757411565155996,0.0,0.0,9.0,4.0,9.8733425382892e-10,1753960151501.0,7.13,5.4,4.0,1753960150913.0,1753960155913.0,0.0,0.0,540183.445824,540188.445824,605.0,22.79665122247601,1.0405432579978642,1.7675046836239376,0.0765093904913228,10.392304845413264,0.8837523418119688,14.179753838260812,22.79665122247601,19.447579121961265,8.273923227468904,0.9859926496927855,0.9859926496927855,0.073951503882399,0.073951503882399,12.0,3.1916526297251533,6.736120800445175,0.0,0.0,0.0,0.1228070175438596,1753960149217.5342,1753960154217.5342
0.4439751552795032,4.0492264958913945e-05,0.3463829787234042,0.0052157537347215,0.4472049689440994,0.3936170212765957,0.0492703291837925,0.1757411565155996,0.0492703291837925,0.1757411565155996,0.0,0.0,9.0,4.0,9.8733425382892e-10,1753960151501.0,7.13,5.4,4.0,1753960150913.0,1753960155913.0,0.0,0.0,540188.445824,540193.445824,565.0,24.081320326121585,1.4109366044323253,1.861550236587535,0.1196601089652586,10.392304845413264,0.9307751182937676,16.349185491908468,24.081320326121585,25.04526133966725,8.295768100972305,0.9657765678959196,0.9657765678959196,0.1095448351809219,0.1095448351809219,22.0,6.7280000943126,28.290905215499315,0.0,0.0,0.0,0.1228070175438596,1753960154217.5342,1753960159217.5342
0.4450931677018633,6.421048570657031e-05,0.3551063829787234,0.0049429153463105,0.4518633540372671,0.3803191489361702,0.0503883416061526,0.1670177522602804,0.0503883416061526,0.1670177522602804,0.0,0.0,9.0,4.0,2.9467018132289545e-05,1753960164191.8,7.184,6.280000000000001,4.0,1753960160915.0,1753960165915.0,0.0,0.0,540193.445824,540198.445824,599.0,24.455952261410246,1.470807199797581,2.005245837907053,0.1400034318288525,10.392304845413264,1.0026229189535265,15.283603848109266,24.455952261410246,29.50861679057462,46.33619204255615,0.9800474092549474,0.9800474092549474,0.0701586564472333,0.0701586564472333,7.0,4.733671314654113,10.679059961266615,0.0,0.0,0.0,0.1228070175438596,1753960159217.5342,1753960164217.5342
0.4450931677018633,6.421048570657031e-05,0.3551063829787234,0.0049429153463105,0.4518633540372671,0.3803191489361702,0.0503883416061526,0.1670177522602804,0.0503883416061526,0.1670177522602804,0.0,0.0,9.0,4.0,2.9467018132289545e-05,1753960164191.8,7.184,6.280000000000001,4.0,1753960160915.0,1753960165915.0,0.0,0.0,540198.445824,540203.445824,611.0,23.529796126984387,1.1131404020595532,2.0589084220028755,0.0910477348648409,10.392304845413264,1.0294542110014375,15.08970847233371,23.529796126984387,17.32707431925392,9.863059992043022,0.9874021731816308,0.9874021731816308,0.0637242010590211,0.0637242010590211,10.0,4.3012568389266,10.437937360383827,0.0,0.0,0.0,0.1228070175438596,1753960164217.5342,1753960169217.5342
0.4509316770186335,9.413217082674272e-05,0.3451063829787233,0.0048173834314169,0.4596273291925465,0.3590425531914893,0.0562268509229229,0.1770177522602805,0.0562268509229229,0.1770177522602805,0.0,0.0,9.0,4.0,2.755107046967769e-05,1753960167394.0,7.4,6.87,4.0,1753960165916.0,1753960170916.0,0.0,0.0,540198.445824,540203.445824,611.0,23.529796126984387,1.1131404020595532,2.0589084220028755,0.0910477348648409,10.392304845413264,1.0294542110014375,15.08970847233371,23.529796126984387,17.32707431925392,9.863059992043022,0.9874021731816308,0.9874021731816308,0.0637242010590211,0.0637242010590211,10.0,4.3012568389266,10.437937360383827,0.0,0.0,0.0,0.1228070175438596,1753960164217.5342,1753960169217.5342
0.4509316770186335,9.413217082674272e-05,0.3451063829787233,0.0048173834314169,0.4596273291925465,0.3590425531914893,0.0562268509229229,0.1770177522602805,0.0562268509229229,0.1770177522602805,0.0,0.0,9.0,4.0,2.755107046967769e-05,1753960167394.0,7.4,6.87,4.0,1753960165916.0,1753960170916.0,0.0,0.0,540203.445824,540208.445824,616.0,24.312208257203245,0.7673012035892802,2.112686088829311,0.0687825015989629,10.392304845413264,1.0563430444146558,17.26809126023699,24.312208257203245,26.355713544052065,4.428224166363214,0.9952525979852338,0.9952525979852338,0.039857924256506,0.039857924256506,3.0,2.0914937624742485,7.099562710307865,0.0,0.0,0.0,0.1228070175438596,1753960169217.5342,1753960174217.5342
0.4575155279503105,8.735774082789999e-05,0.3499999999999999,0.0050396106835672,0.4658385093167702,0.3696808510638297,0.0628107018545999,0.1721241352390038,0.0628107018545999,0.1721241352390038,0.0,0.0,9.0,4.0,5.980854784194555e-05,1753960167394.0,7.4,6.87,4.0,1753960165916.0,1753960170916.0,0.0,0.0,540198.445824,540203.445824,611.0,23.529796126984387,1.1131404020595532,2.0589084220028755,0.0910477348648409,10.392304845413264,1.0294542110014375,15.08970847233371,23.529796126984387,17.32707431925392,9.863059992043022,0.9874021731816308,0.9874021731816308,0.0637242010590211,0.0637242010590211,10.0,4.3012568389266,10.437937360383827,0.0,0.0,0.0,0.1228070175438596,1753960164217.5342,1753960169217.5342
0.4575155279503105,8.735774082789999e-05,0.3499999999999999,0.0050396106835672,0.4658385093167702,0.3696808510638297,0.0628107018545999,0.1721241352390038,0.0628107018545999,0.1721241352390038,0.0,0.0,9.0,4.0,5.980854784194555e-05,1753960167394.0,7.4,6.87,4.0,1753960165916.0,1753960170916.0,0.0,0.0,540203.445824,540208.445824,616.0,24.312208257203245,0.7673012035892802,2.112686088829311,0.0687825015989629,10.392304845413264,1.0563430444146558,17.26809126023699,24.312208257203245,26.355713544052065,4.428224166363214,0.9952525979852338,0.9952525979852338,0.039857924256506,0.039857924256506,3.0,2.0914937624742485,7.099562710307865,0.0,0.0,0.0,0.1228070175438596,1753960169217.5342,1753960174217.5342
0.4567701863354036,8.056787932564317e-05,0.3448936170212765,0.0060936622906292,0.4658385093167702,0.3590425531914893,0.062065360239693,0.1772305182177272,0.062065360239693,0.1772305182177272,0.0,0.0,9.0,4.0,0.0815796732734111,1753960167394.0,7.4,6.87,4.0,1753960165916.0,1753960170916.0,0.0,0.0,540198.445824,540203.445824,611.0,23.529796126984387,1.1131404020595532,2.0589084220028755,0.0910477348648409,10.392304845413264,1.0294542110014375,15.08970847233371,23.529796126984387,17.32707431925392,9.863059992043022,0.9874021731816308,0.9874021731816308,0.0637242010590211,0.0637242010590211,10.0,4.3012568389266,10.437937360383827,0.0,0.0,0.0,0.1228070175438596,1753960164217.5342,1753960169217.5342
0.4567701863354036,8.056787932564317e-05,0.3448936170212765,0.0060936622906292,0.4658385093167702,0.3590425531914893,0.062065360239693,0.1772305182177272,0.062065360239693,0.1772305182177272,0.0,0.0,9.0,4.0,0.0815796732734111,1753960167394.0,7.4,6.87,4.0,1753960165916.0,1753960170916.0,0.0,0.0,540203.445824,540208.445824,616.0,24.312208257203245,0.7673012035892802,2.112686088829311,0.0687825015989629,10.392304845413264,1.0563430444146558,17.26809126023699,24.312208257203245,26.355713544052065,4.428224166363214,0.9952525979852338,0.9952525979852338,0.039857924256506,0.039857924256506,3.0,2.0914937624742485,7.099562710307865,0.0,0.0,0.0,0.1228070175438596,1753960169217.5342,1753960174217.5342
0.4511801242236025,6.1355657574939e-05,0.3485106382978722,0.0049414214576731,0.4580745341614906,0.375,0.0564752981278919,0.1736134969411316,0.0564752981278919,0.1736134969411316,0.0,0.0,9.0,4.0,6.00591201324106e-10,1753960167394.0,7.4,6.87,4.0,1753960165916.0,1753960170916.0,0.0,0.0,540198.445824,540203.445824,611.0,23.529796126984387,1.1131404020595532,2.0589084220028755,0.0910477348648409,10.392304845413264,1.0294542110014375,15.08970847233371,23.529796126984387,17.32707431925392,9.863059992043022,0.9874021731816308,0.9874021731816308,0.0637242010590211,0.0637242010590211,10.0,4.3012568389266,10.437937360383827,0.0,0.0,0.0,0.1228070175438596,1753960164217.5342,1753960169217.5342
0.4511801242236025,6.1355657574939e-05,0.3485106382978722,0.0049414214576731,0.4580745341614906,0.375,0.0564752981278919,0.1736134969411316,0.0564752981278919,0.1736134969411316,0.0,0.0,9.0,4.0,6.00591201324106e-10,1753960167394.0,7.4,6.87,4.0,1753960165916.0,1753960170916.0,0.0,0.0,540203.445824,540208.445824,616.0,24.312208257203245,0.7673012035892802,2.112686088829311,0.0687825015989629,10.392304845413264,1.0563430444146558,17.26809126023699,24.312208257203245,26.355713544052065,4.428224166363214,0.9952525979852338,0.9952525979852338,0.039857924256506,0.039857924256506,3.0,2.0914937624742485,7.099562710307865,0.0,0.0,0.0,0.1228070175438596,1753960169217.5342,1753960174217.5342
0.4554037267080745,5.623239844141793e-05,0.3525531914893617,0.005079266636487,0.4596273291925465,0.3909574468085106,0.0606989006123639,0.169570943749642,0.0606989006123639,0.169570943749642,0.0,0.0,9.0,4.0,0.0845672384113862,1753960167394.0,7.4,6.87,4.0,1753960165916.0,1753960170916.0,0.0,0.0,540198.445824,540203.445824,611.0,23.529796126984387,1.1131404020595532,2.0589084220028755,0.0910477348648409,10.392304845413264,1.0294542110014375,15.08970847233371,23.529796126984387,17.32707431925392,9.863059992043022,0.9874021731816308,0.9874021731816308,0.0637242010590211,0.0637242010590211,10.0,4.3012568389266,10.437937360383827,0.0,0.0,0.0,0.1228070175438596,1753960164217.5342,1753960169217.5342
0.4554037267080745,5.623239844141793e-05,0.3525531914893617,0.005079266636487,0.4596273291925465,0.3909574468085106,0.0606989006123639,0.169570943749642,0.0606989006123639,0.169570943749642,0.0,0.0,9.0,4.0,0.0845672384113862,1753960167394.0,7.4,6.87,4.0,1753960165916.0,1753960170916.0,0.0,0.0,540203.445824,540208.445824,616.0,24.312208257203245,0.7673012035892802,2.112686088829311,0.0687825015989629,10.392304845413264,1.0563430444146558,17.26809126023699,24.312208257203245,26.355713544052065,4.428224166363214,0.9952525979852338,0.9952525979852338,0.039857924256506,0.039857924256506,3.0,2.0914937624742485,7.099562710307865,0.0,0.0,0.0,0.1228070175438596,1753960169217.5342,1753960174217.5342
0.4643478260869564,7.493538057945304e-05,0.3472340425531914,0.0049423268447261,0.4720496894409938,0.3617021276595745,0.0696429999912458,0.1748900926858123,0.0696429999912458,0.1748900926858123,0.0,0.0,9.0,4.0,8.687153706848481e-10,1753960167394.0,7.4,6.87,4.0,1753960165916.0,1753960170916.0,0.0,0.0,540198.445824,540203.445824,611.0,23.529796126984387,1.1131404020595532,2.0589084220028755,0.0910477348648409,10.392304845413264,1.0294542110014375,15.08970847233371,23.529796126984387,17.32707431925392,9.863059992043022,0.9874021731816308,0.9874021731816308,0.0637242010590211,0.0637242010590211,10.0,4.3012568389266,10.437937360383827,0.0,0.0,0.0,0.1228070175438596,1753960164217.5342,1753960169217.5342
0.4643478260869564,7.493538057945304e-05,0.3472340425531914,0.0049423268447261,0.4720496894409938,0.3617021276595745,0.0696429999912458,0.1748900926858123,0.0696429999912458,0.1748900926858123,0.0,0.0,9.0,4.0,8.687153706848481e-10,1753960167394.0,7.4,6.87,4.0,1753960165916.0,1753960170916.0,0.0,0.0,540203.445824,540208.445824,616.0,24.312208257203245,0.7673012035892802,2.112686088829311,0.0687825015989629,10.392304845413264,1.0563430444146558,17.26809126023699,24.312208257203245,26.355713544052065,4.428224166363214,0.9952525979852338,0.9952525979852338,0.039857924256506,0.039857924256506,3.0,2.0914937624742485,7.099562710307865,0.0,0.0,0.0,0.1228070175438596,1753960169217.5342,1753960174217.5342
0.4699378881987577,6.729678638941434e-05,0.3480851063829786,0.0049209597102761,0.4782608695652174,0.3617021276595745,0.0752330621030471,0.1740390288560251,0.0752330621030471,0.1740390288560251,0.0,0.0,9.0,4.0,1.063998184459975e-09,1753960167394.0,7.4,6.87,4.0,1753960165916.0,1753960170916.0,0.0,0.0,540198.445824,540203.445824,611.0,23.529796126984387,1.1131404020595532,2.0589084220028755,0.0910477348648409,10.392304845413264,1.0294542110014375,15.08970847233371,23.529796126984387,17.32707431925392,9.863059992043022,0.9874021731816308,0.9874021731816308,0.0637242010590211,0.0637242010590211,10.0,4.3012568389266,10.437937360383827,0.0,0.0,0.0,0.1228070175438596,1753960164217.5342,1753960169217.5342
0.4699378881987577,6.729678638941434e-05,0.3480851063829786,0.0049209597102761,0.4782608695652174,0.3617021276595745,0.0752330621030471,0.1740390288560251,0.0752330621030471,0.1740390288560251,0.0,0.0,9.0,4.0,1.063998184459975e-09,1753960167394.0,7.4,6.87,4.0,1753960165916.0,1753960170916.0,0.0,0.0,540203.445824,540208.445824,616.0,24.312208257203245,0.7673012035892802,2.112686088829311,0.0687825015989629,10.392304845413264,1.0563430444146558,17.26809126023699,24.312208257203245,26.355713544052065,4.428224166363214,0.9952525979852338,0.9952525979852338,0.039857924256506,0.039857924256506,3.0,2.0914937624742485,7.099562710307865,0.0,0.0,0.0,0.1228070175438596,1753960169217.5342,1753960174217.5342
0.471055900621118,7.308360016974676e-05,0.3529787234042553,0.0046387052965142,0.4782608695652174,0.3617021276595745,0.0763510745254074,0.1691454118347484,0.0763510745254074,0.1691454118347484,0.0,0.0,9.0,4.0,4.429764873981652e-05,1753960167394.0,7.4,6.87,4.0,1753960165916.0,1753960170916.0,0.0,0.0,540198.445824,540203.445824,611.0,23.529796126984387,1.1131404020595532,2.0589084220028755,0.0910477348648409,10.392304845413264,1.0294542110014375,15.08970847233371,23.529796126984387,17.32707431925392,9.863059992043022,0.9874021731816308,0.9874021731816308,0.0637242010590211,0.0637242010590211,10.0,4.3012568389266,10.437937360383827,0.0,0.0,0.0,0.1228070175438596,1753960164217.5342,1753960169217.5342
0.471055900621118,7.308360016974676e-05,0.3529787234042553,0.0046387052965142,0.4782608695652174,0.3617021276595745,0.0763510745254074,0.1691454118347484,0.0763510745254074,0.1691454118347484,0.0,0.0,9.0,4.0,4.429764873981652e-05,1753960167394.0,7.4,6.87,4.0,1753960165916.0,1753960170916.0,0.0,0.0,540203.445824,540208.445824,616.0,24.312208257203245,0.7673012035892802,2.112686088829311,0.0687825015989629,10.392304845413264,1.0563430444146558,17.26809126023699,24.312208257203245,26.355713544052065,4.428224166363214,0.9952525979852338,0.9952525979852338,0.039857924256506,0.039857924256506,3.0,2.0914937624742485,7.099562710307865,0.0,0.0,0.0,0.1228070175438596,1753960169217.5342,1753960174217.5342
0.4791304347826087,0.0001034065043786,0.3438297872340425,0.0041939339067451,0.4891304347826087,0.3590425531914893,0.0844256086868981,0.1782943480049613,0.0844256086868981,0.1782943480049613,0.0,0.0,9.0,4.0,1.7638972692501357e-07,1753960167394.0,7.4,6.87,4.0,1753960165916.0,1753960170916.0,0.0,0.0,540198.445824,540203.445824,611.0,23.529796126984387,1.1131404020595532,2.0589084220028755,0.0910477348648409,10.392304845413264,1.0294542110014375,15.08970847233371,23.529796126984387,17.32707431925392,9.863059992043022,0.9874021731816308,0.9874021731816308,0.0637242010590211,0.0637242010590211,10.0,4.3012568389266,10.437937360383827,0.0,0.0,0.0,0.1228070175438596,1753960164217.5342,1753960169217.5342
0.4791304347826087,0.0001034065043786,0.3438297872340425,0.0041939339067451,0.4891304347826087,0.3590425531914893,0.0844256086868981,0.1782943480049613,0.0844256086868981,0.1782943480049613,0.0,0.0,9.0,4.0,1.7638972692501357e-07,1753960167394.0,7.4,6.87,4.0,1753960165916.0,1753960170916.0,0.0,0.0,540203.445824,540208.445824,616.0,24.312208257203245,0.7673012035892802,2.112686088829311,0.0687825015989629,10.392304845413264,1.0563430444146558,17.26809126023699,24.312208257203245,26.355713544052065,4.428224166363214,0.9952525979852338,0.9952525979852338,0.039857924256506,0.039857924256506,3.0,2.0914937624742485,7.099562710307865,0.0,0.0,0.0,0.1228070175438596,1753960169217.5342,1753960174217.5342
0.4817391304347825,8.049072180857208e-05,0.351063829787234,0.0044363965595291,0.4906832298136646,0.3829787234042553,0.0870343043390719,0.1710603054517697,0.0870343043390719,0.1710603054517697,0.0,0.0,9.0,4.0,9.786034196979863e-10,1753960167394.0,7.4,6.87,4.0,1753960165916.0,1753960170916.0,0.0,0.0,540198.445824,540203.445824,611.0,23.529796126984387,1.1131404020595532,2.0589084220028755,0.0910477348648409,10.392304845413264,1.0294542110014375,15.08970847233371,23.529796126984387,17.32707431925392,9.863059992043022,0.9874021731816308,0.9874021731816308,0.0637242010590211,0.0637242010590211,10.0,4.3012568389266,10.437937360383827,0.0,0.0,0.0,0.1228070175438596,1753960164217.5342,1753960169217.5342
0.4817391304347825,8.049072180857208e-05,0.351063829787234,0.0044363965595291,0.4906832298136646,0.3829787234042553,0.0870343043390719,0.1710603054517697,0.0870343043390719,0.1710603054517697,0.0,0.0,9.0,4.0,9.786034196979863e-10,1753960167394.0,7.4,6.87,4.0,1753960165916.0,1753960170916.0,0.0,0.0,540203.445824,540208.445824,616.0,24.312208257203245,0.7673012035892802,2.112686088829311,0.0687825015989629,10.392304845413264,1.0563430444146558,17.26809126023699,24.312208257203245,26.355713544052065,4.428224166363214,0.9952525979852338,0.9952525979852338,0.039857924256506,0.039857924256506,3.0,2.0914937624742485,7.099562710307865,0.0,0.0,0.0,0.1228070175438596,1753960169217.5342,1753960174217.5342
0.4869565217391304,3.549245785270616e-05,0.3523404255319148,0.0045026708918062,0.4906832298136646,0.3803191489361702,0.0922516956434198,0.1697837097070889,0.0922516956434198,0.1697837097070889,0.0,0.0,9.0,4.0,4.081265549789971e-05,1753960219102.3333,7.400000000000001,7.400000000000001,4.0,1753960215926.0,1753960220926.0,0.0,0.0,540248.445824,540253.445824,620.0,22.55478273264844,0.5880843176117412,1.9541741218102944,0.0491525772437819,10.392304845413264,0.9770870609051472,14.38397493586458,22.55478273264844,25.33833022804443,8.857564922334856,0.999586335191241,0.999586335191241,0.0020297799165845,0.0020297799165845,0.0,2.349292800037304,4.58043069345317,0.0,0.0,0.0,0.1228070175438596,1753960214217.5342,1753960219217.5342
0.4869565217391304,3.549245785270616e-05,0.3523404255319148,0.0045026708918062,0.4906832298136646,0.3803191489361702,0.0922516956434198,0.1697837097070889,0.0922516956434198,0.1697837097070889,0.0,0.0,9.0,4.0,4.081265549789971e-05,1753960219102.3333,7.400000000000001,7.400000000000001,4.0,1753960215926.0,1753960220926.0,0.0,0.0,540253.445824,540258.445824,616.0,22.8695014992183,0.8557943009874063,1.9819426044886543,0.0730414255611218,10.392304845413264,0.9909713022443272,15.26342606867748,22.8695014992183,34.37385916244723,5.827166786141868,0.994939061307383,0.994939061307383,0.0359352812577172,0.0359352812577172,2.0,2.721714046886718,5.158951862726308,0.0,0.0,0.0,0.1228070175438596,1753960219217.5342,1753960224217.5342
0.4899378881987577,6.425678021681232e-05,0.352127659574468,0.0052840651878678,0.4953416149068322,0.3723404255319149,0.0952330621030471,0.1699964756645357,0.0952330621030471,0.1699964756645357,0.0,0.0,9.0,4.0,4.848699796191028e-05,1753960219102.3333,7.400000000000001,7.400000000000001,4.0,1753960215926.0,1753960220926.0,0.0,0.0,540248.445824,540253.445824,620.0,22.55478273264844,0.5880843176117412,1.9541741218102944,0.0491525772437819,10.392304845413264,0.9770870609051472,14.38397493586458,22.55478273264844,25.33833022804443,8.857564922334856,0.999586335191241,0.999586335191241,0.0020297799165845,0.0020297799165845,0.0,2.349292800037304,4.58043069345317,0.0,0.0,0.0,0.1228070175438596,1753960214217.5342,1753960219217.5342
0.4899378881987577,6.425678021681232e-05,0.352127659574468,0.0052840651878678,0.4953416149068322,0.3723404255319149,0.0952330621030471,0.1699964756645357,0.0952330621030471,0.1699964756645357,0.0,0.0,9.0,4.0,4.848699796191028e-05,1753960219102.3333,7.400000000000001,7.400000000000001,4.0,1753960215926.0,1753960220926.0,0.0,0.0,540253.445824,540258.445824,616.0,22.8695014992183,0.8557943009874063,1.9819426044886543,0.0730414255611218,10.392304845413264,0.9909713022443272,15.26342606867748,22.8695014992183,34.37385916244723,5.827166786141868,0.994939061307383,0.994939061307383,0.0359352812577172,0.0359352812577172,2.0,2.721714046886718,5.158951862726308,0.0,0.0,0.0,0.1228070175438596,1753960219217.5342,1753960224217.5342
0.4914285714285714,7.968828363103232e-05,0.3468085106382979,0.0041693073789044,0.4968944099378882,0.3723404255319149,0.0967237453328607,0.1753156246007059,0.0967237453328607,0.1753156246007059,0.0,0.0,9.0,4.0,1.174670219262043e-09,1753960219102.3333,7.400000000000001,7.400000000000001,4.0,1753960215926.0,1753960220926.0,0.0,0.0,540248.445824,540253.445824,620.0,22.55478273264844,0.5880843176117412,1.9541741218102944,0.0491525772437819,10.392304845413264,0.9770870609051472,14.38397493586458,22.55478273264844,25.33833022804443,8.857564922334856,0.999586335191241,0.999586335191241,0.0020297799165845,0.0020297799165845,0.0,2.349292800037304,4.58043069345317,0.0,0.0,0.0,0.1228070175438596,1753960214217.5342,1753960219217.5342
0.4914285714285714,7.968828363103232e-05,0.3468085106382979,0.0041693073789044,0.4968944099378882,0.3723404255319149,0.0967237453328607,0.1753156246007059,0.0967237453328607,0.1753156246007059,0.0,0.0,9.0,4.0,1.174670219262043e-09,1753960219102.3333,7.400000000000001,7.400000000000001,4.0,1753960215926.0,1753960220926.0,0.0,0.0,540253.445824,540258.445824,616.0,22.8695014992183,0.8557943009874063,1.9819426044886543,0.0730414255611218,10.392304845413264,0.9909713022443272,15.26342606867748,22.8695014992183,34.37385916244723,5.827166786141868,0.994939061307383,0.994939061307383,0.0359352812577172,0.0359352812577172,2.0,2.721714046886718,5.158951862726308,0.0,0.0,0.0,0.1228070175438596,1753960219217.5342,1753960224217.5342
0.4980124223602484,5.661818602677335e-05,0.3493617021276596,0.0043972838388411,0.5031055900621118,0.3776595744680851,0.1033075962645377,0.1727624331113442,0.1033075962645377,0.1727624331113442,0.0,0.0,9.0,4.0,3.0921692596985423e-05,1753960219102.3333,7.400000000000001,7.400000000000001,4.0,1753960215926.0,1753960220926.0,0.0,0.0,540248.445824,540253.445824,620.0,22.55478273264844,0.5880843176117412,1.9541741218102944,0.0491525772437819,10.392304845413264,0.9770870609051472,14.38397493586458,22.55478273264844,25.33833022804443,8.857564922334856,0.999586335191241,0.999586335191241,0.0020297799165845,0.0020297799165845,0.0,2.349292800037304,4.58043069345317,0.0,0.0,0.0,0.1228070175438596,1753960214217.5342,1753960219217.5342
0.4980124223602484,5.661818602677335e-05,0.3493617021276596,0.0043972838388411,0.5031055900621118,0.3776595744680851,0.1033075962645377,0.1727624331113442,0.1033075962645377,0.1727624331113442,0.0,0.0,9.0,4.0,3.0921692596985423e-05,1753960219102.3333,7.400000000000001,7.400000000000001,4.0,1753960215926.0,1753960220926.0,0.0,0.0,540253.445824,540258.445824,616.0,22.8695014992183,0.8557943009874063,1.9819426044886543,0.0730414255611218,10.392304845413264,0.9909713022443272,15.26342606867748,22.8695014992183,34.37385916244723,5.827166786141868,0.994939061307383,0.994939061307383,0.0359352812577172,0.0359352812577172,2.0,2.721714046886718,5.158951862726308,0.0,0.0,0.0,0.1228070175438596,1753960219217.5342,1753960224217.5342
0.4991304347826087,5.363990586782898e-05,0.3419148936170212,0.0052196016296966,0.5031055900621118,0.3696808510638297,0.1044256086868981,0.1802092416219825,0.1044256086868981,0.1802092416219825,0.0,0.0,9.0,4.0,3.679657226469702e-05,1753960219102.3333,7.400000000000001,7.400000000000001,4.0,1753960215926.0,1753960220926.0,0.0,0.0,540248.445824,540253.445824,620.0,22.55478273264844,0.5880843176117412,1.9541741218102944,0.0491525772437819,10.392304845413264,0.9770870609051472,14.38397493586458,22.55478273264844,25.33833022804443,8.857564922334856,0.999586335191241,0.999586335191241,0.0020297799165845,0.0020297799165845,0.0,2.349292800037304,4.58043069345317,0.0,0.0,0.0,0.1228070175438596,1753960214217.5342,1753960219217.5342
0.4991304347826087,5.363990586782898e-05,0.3419148936170212,0.0052196016296966,0.5031055900621118,0.3696808510638297,0.1044256086868981,0.1802092416219825,0.1044256086868981,0.1802092416219825,0.0,0.0,9.0,4.0,3.679657226469702e-05,1753960219102.3333,7.400000000000001,7.400000000000001,4.0,1753960215926.0,1753960220926.0,0.0,0.0,540253.445824,540258.445824,616.0,22.8695014992183,0.8557943009874063,1.9819426044886543,0.0730414255611218,10.392304845413264,0.9909713022443272,15.26342606867748,22.8695014992183,34.37385916244723,5.827166786141868,0.994939061307383,0.994939061307383,0.0359352812577172,0.0359352812577172,2.0,2.721714046886718,5.158951862726308,0.0,0.0,0.0,0.1228070175438596,1753960219217.5342,1753960224217.5342
0.5032298136645962,5.476640561706712e-05,0.3542553191489361,0.0051392032593933,0.5093167701863354,0.3776595744680851,0.1085249875688855,0.1678688160900676,0.1085249875688855,0.1678688160900676,0.0,0.0,9.0,4.0,5.38358390061442e-05,1753960219102.3333,7.400000000000001,7.400000000000001,4.0,1753960215926.0,1753960220926.0,0.0,0.0,540248.445824,540253.445824,620.0,22.55478273264844,0.5880843176117412,1.9541741218102944,0.0491525772437819,10.392304845413264,0.9770870609051472,14.38397493586458,22.55478273264844,25.33833022804443,8.857564922334856,0.999586335191241,0.999586335191241,0.0020297799165845,0.0020297799165845,0.0,2.349292800037304,4.58043069345317,0.0,0.0,0.0,0.1228070175438596,1753960214217.5342,1753960219217.5342
0.5032298136645962,5.476640561706712e-05,0.3542553191489361,0.0051392032593933,0.5093167701863354,0.3776595744680851,0.1085249875688855,0.1678688160900676,0.1085249875688855,0.1678688160900676,0.0,0.0,9.0,4.0,5.38358390061442e-05,1753960219102.3333,7.400000000000001,7.400000000000001,4.0,1753960215926.0,1753960220926.0,0.0,0.0,540253.445824,540258.445824,616.0,22.8695014992183,0.8557943009874063,1.9819426044886543,0.0730414255611218,10.392304845413264,0.9909713022443272,15.26342606867748,22.8695014992183,34.37385916244723,5.827166786141868,0.994939061307383,0.994939061307383,0.0359352812577172,0.0359352812577172,2.0,2.721714046886718,5.158951862726308,0.0,0.0,0.0,0.1228070175438596,1753960219217.5342,1753960224217.5342
0.5100621118012423,7.042938158250077e-05,0.3459574468085105,0.0055918515165233,0.515527950310559,0.3590425531914893,0.1153572857055316,0.1761666884304932,0.1153572857055316,0.1761666884304932,0.0,0.0,9.0,4.0,7.207646333110522e-05,1753960250724.0,7.400000000000001,7.133333333333334,4.0,1753960245932.0,1753960250932.0,0.0,0.0,540278.445824,540283.445824,620.0,21.80963484011814,2.455644198797903,1.9269123691037944,0.2172181735176052,10.392304845413264,0.9634561845518972,15.97238377697875,21.80963484011814,32.184565737059074,2.3248264924182567,0.9984563041633407,0.9984563041633407,0.0084084967543698,0.0084084967543698,0.0,1.4779509679269234,1.1159708702964488,0.0,0.0,0.0,0.1228070175438596,1753960244217.5342,1753960249217.5342
0.5100621118012423,7.042938158250077e-05,0.3459574468085105,0.0055918515165233,0.515527950310559,0.3590425531914893,0.1153572857055316,0.1761666884304932,0.1153572857055316,0.1761666884304932,0.0,0.0,9.0,4.0,7.207646333110522e-05,1753960250724.0,7.400000000000001,7.133333333333334,4.0,1753960245932.0,1753960250932.0,0.0,0.0,540283.445824,540288.445824,619.0,25.81126515583671,0.8566219190834752,2.316083078107187,0.0608770881500709,10.392304845413264,1.1580415390535934,15.804190972375062,25.81126515583671,15.860407702958708,8.799452467398105,0.9980346742043044,0.9980346742043044,0.0228535528142806,0.0228535528142806,0.0,2.8370019317620443,5.660527717919824,0.0,0.0,0.0,0.1228070175438596,1753960249217.5342,1753960254217.5342
0.5105590062111801,8.024381775394478e-05,0.3448936170212765,0.0040791760977818,0.515527950310559,0.3723404255319149,0.1158541801154695,0.1772305182177272,0.1158541801154695,0.1772305182177272,0.0,0.0,9.0,4.0,1.923308092090941e-05,1753960252892.2856,6.4,3.9982142857142846,4.0,1753960250933.0,1753960255933.0,0.0,0.0,540283.445824,540288.445824,619.0,25.81126515583671,0.8566219190834752,2.316083078107187,0.0608770881500709,10.392304845413264,1.1580415390535934,15.804190972375062,25.81126515583671,15.860407702958708,8.799452467398105,0.9980346742043044,0.9980346742043044,0.0228535528142806,0.0228535528142806,0.0,2.8370019317620443,5.660527717919824,0.0,0.0,0.0,0.1228070175438596,1753960249217.5342,1753960254217.5342
0.5105590062111801,8.024381775394478e-05,0.3448936170212765,0.0040791760977818,0.515527950310559,0.3723404255319149,0.1158541801154695,0.1772305182177272,0.1158541801154695,0.1772305182177272,0.0,0.0,9.0,4.0,1.923308092090941e-05,1753960252892.2856,6.4,3.9982142857142846,4.0,1753960250933.0,1753960255933.0,0.0,0.0,540288.445824,540293.445824,601.0,23.76970331536808,1.4490034184762484,2.1359816032246104,0.1257748054966358,10.392304845413264,1.0679908016123052,14.926262479991513,23.76970331536808,20.48932920266575,14.364147840488435,0.9871816292820542,0.9871816292820542,0.0597728511133719,0.0597728511133719,5.0,6.762139293361551,31.12664076798904,0.0,0.0,0.0,0.1228070175438596,1753960254217.5342,1753960259217.5342
0.5187577639751553,6.209636973882205e-05,0.347659574468085,0.0043750113173381,0.5217391304347826,0.3617021276595745,0.1240529378794446,0.1744645607709187,0.1240529378794446,0.1744645607709187,0.0,0.0,9.0,4.0,4.597999333152816e-10,1753960258973.6667,3.9333333333333336,2.87,4.0,1753960255934.0,1753960260934.0,1.0,0.0,540288.445824,540293.445824,601.0,23.76970331536808,1.4490034184762484,2.1359816032246104,0.1257748054966358,10.392304845413264,1.0679908016123052,14.926262479991513,23.76970331536808,20.48932920266575,14.364147840488435,0.9871816292820542,0.9871816292820542,0.0597728511133719,0.0597728511133719,5.0,6.762139293361551,31.12664076798904,0.0,0.0,0.0,0.1228070175438596,1753960254217.5342,1753960259217.5342
0.5187577639751553,6.209636973882205e-05,0.347659574468085,0.0043750113173381,0.5217391304347826,0.3617021276595745,0.1240529378794446,0.1744645607709187,0.1240529378794446,0.1744645607709187,0.0,0.0,9.0,4.0,4.597999333152816e-10,1753960258973.6667,3.9333333333333336,2.87,4.0,1753960255934.0,1753960260934.0,1.0,0.0,540293.445824,540298.445824,607.0,23.15039230889005,1.1724715288716625,2.05810159413297,0.098036619152878,10.392304845413264,1.029050797066485,15.205181728720673,23.15039230889005,21.338598602980024,11.500544631601429,0.988909351847838,0.988909351847838,0.061264048438017,0.061264048438017,8.0,3.493434937154265,7.271918122832543,0.0,0.0,0.0,0.1228070175438596,1753960259217.5342,1753960264217.5342
0.5172670807453416,7.721924308475777e-05,0.3536170212765956,0.0043393390674513,0.5217391304347826,0.3723404255319149,0.1225622546496309,0.1685071139624081,0.1225622546496309,0.1685071139624081,0.0,0.0,9.0,4.0,,1753960262123.4,5.0,2.87,4.0,1753960260935.0,1753960265935.0,0.0,1.0,540293.445824,540298.445824,607.0,23.15039230889005,1.1724715288716625,2.05810159413297,0.098036619152878,10.392304845413264,1.029050797066485,15.205181728720673,23.15039230889005,21.338598602980024,11.500544631601429,0.988909351847838,0.988909351847838,0.061264048438017,0.061264048438017,8.0,3.493434937154265,7.271918122832543,0.0,0.0,0.0,0.1228070175438596,1753960259217.5342,1753960264217.5342
0.5172670807453416,7.721924308475777e-05,0.3536170212765956,0.0043393390674513,0.5217391304347826,0.3723404255319149,0.1225622546496309,0.1685071139624081,0.1225622546496309,0.1685071139624081,0.0,0.0,9.0,4.0,,1753960262123.4,5.0,2.87,4.0,1753960260935.0,1753960265935.0,0.0,1.0,540298.445824,540303.445824,578.0,24.805599092284087,1.829614431286033,2.1957493695097905,0.1621550631255652,10.392304845413264,1.0978746847548952,18.20290212665346,24.805599092284087,34.4758313332527,12.856765996982652,0.974572052930624,0.974572052930624,0.0924359068063533,0.0924359068063533,17.0,8.769982519353665,33.699462349978845,0.0,0.0,0.0,0.1228070175438596,1753960264217.5342,1753960269217.5342
0.0403726708074534,8.525905636356618e-05,0.3527659574468085,0.0063846084200995,0.0434782608695652,0.3962765957446807,0.3543321552882572,0.1693581777921952,0.3543321552882572,0.1693581777921952,1.0,0.0,9.0,5.0,0.2967779695114376,1753962074757.0,5.0,5.0,5.0,1753962074757.0,1753962079757.0,0.0,1.0,542108.445824,542113.445824,584.0,23.779157535497028,1.4866797854805132,1.7329543088077997,0.1275006611616365,10.392304845413264,0.8664771544038998,16.94007058177291,23.779157535497028,32.258020339891104,14.48873201832802,0.989027292351552,0.989027292351552,0.059163116945196,0.059163116945196,8.0,6.934694000386658,32.28217742194198,0.0,0.0,0.0,0.1228070175438596,1753962074217.5342,1753962079217.5342
0.0403726708074534,8.525905636356618e-05,0.3527659574468085,0.0063846084200995,0.0434782608695652,0.3962765957446807,0.3543321552882572,0.1693581777921952,0.3543321552882572,0.1693581777921952,1.0,0.0,9.0,5.0,0.2967779695114376,1753962074757.0,5.0,5.0,5.0,1753962074757.0,1753962079757.0,0.0,1.0,542113.445824,542118.445824,604.0,22.95211405414628,1.1061203070333954,1.672313444849394,0.091539043196634,10.392304845413264,0.836156722424697,15.41359235748456,22.95211405414628,16.933346363995785,9.39108962757214,0.9942515577210628,0.9942515577210628,0.0367193087915844,0.0367193087915844,2.0,4.364976038965152,17.938052744786713,0.0,0.0,0.0,0.1228070175438596,1753962079217.5342,1753962084217.5342
0.0557763975155279,0.0011010223371011,0.3587234042553191,0.0058308736985061,0.0729813664596273,0.4042553191489361,0.3389284285801827,0.1634007309836846,0.3389284285801827,0.1634007309836846,1.0,0.0,9.0,5.0,0.2152438257413744,1753962081900.125,5.5,5.565,5.0,1753962079758.0,1753962084758.0,0.0,0.0,542113.445824,542118.445824,604.0,22.95211405414628,1.1061203070333954,1.672313444849394,0.091539043196634,10.392304845413264,0.836156722424697,15.41359235748456,22.95211405414628,16.933346363995785,9.39108962757214,0.9942515577210628,0.9942515577210628,0.0367193087915844,0.0367193087915844,2.0,4.364976038965152,17.938052744786713,0.0,0.0,0.0,0.1228070175438596,1753962079217.5342,1753962084217.5342
0.0557763975155279,0.0011010223371011,0.3587234042553191,0.0058308736985061,0.0729813664596273,0.4042553191489361,0.3389284285801827,0.1634007309836846,0.3389284285801827,0.1634007309836846,1.0,0.0,9.0,5.0,0.2152438257413744,1753962081900.125,5.5,5.565,5.0,1753962079758.0,1753962084758.0,0.0,0.0,542118.445824,542123.445824,600.0,23.025472405810294,0.6627589349167635,1.6761263659621513,0.0456387685564463,10.392304845413264,0.8380631829810756,16.228833857742377,23.025472405810294,32.904051901119495,8.169398315622498,0.9953187492869646,0.9953187492869646,0.0428970228567916,0.0428970228567916,4.0,2.648231282157844,7.817416352816556,0.0,0.0,0.0,0.1228070175438596,1753962084217.5342,1753962089217.5342
0.0149068322981366,5.4010261949770414e-05,0.3523404255319148,0.0060418288818469,0.0186335403726708,0.3723404255319149,0.3797979937975739,0.1697837097070889,0.3797979937975739,0.1697837097070889,1.0,0.0,9.0,5.0,0.1588267722115541,1753962081900.125,5.5,5.565,5.0,1753962079758.0,1753962084758.0,0.0,0.0,542113.445824,542118.445824,604.0,22.95211405414628,1.1061203070333954,1.672313444849394,0.091539043196634,10.392304845413264,0.836156722424697,15.41359235748456,22.95211405414628,16.933346363995785,9.39108962757214,0.9942515577210628,0.9942515577210628,0.0367193087915844,0.0367193087915844,2.0,4.364976038965152,17.938052744786713,0.0,0.0,0.0,0.1228070175438596,1753962079217.5342,1753962084217.5342
0.0149068322981366,5.4010261949770414e-05,0.3523404255319148,0.0060418288818469,0.0186335403726708,0.3723404255319149,0.3797979937975739,0.1697837097070889,0.3797979937975739,0.1697837097070889,1.0,0.0,9.0,5.0,0.1588267722115541,1753962081900.125,5.5,5.565,5.0,1753962079758.0,1753962084758.0,0.0,0.0,542118.445824,542123.445824,600.0,23.025472405810294,0.6627589349167635,1.6761263659621513,0.0456387685564463,10.392304845413264,0.8380631829810756,16.228833857742377,23.025472405810294,32.904051901119495,8.169398315622498,0.9953187492869646,0.9953187492869646,0.0428970228567916,0.0428970228567916,4.0,2.648231282157844,7.817416352816556,0.0,0.0,0.0,0.1228070175438596,1753962084217.5342,1753962089217.5342
0.0248447204968944,4.3208209559816335e-05,0.3568085106382978,0.0050620642824807,0.031055900621118,0.3909574468085106,0.3698601055988162,0.1653156246007059,0.3698601055988162,0.1653156246007059,1.0,0.0,9.0,5.0,4.207729954123404e-05,1753962093336.2856,6.445714285714286,6.065714285714286,5.0,1753962089760.0,1753962094760.0,0.0,0.0,542123.445824,542128.445824,609.0,22.101324292661957,0.7347598050958151,1.6080252008615905,0.0533392658491636,10.392304845413264,0.8040126004307951,15.172299659070037,22.101324292661957,30.586181059728847,11.46148651260779,0.9917787396175518,0.9917787396175518,0.0572769195033276,0.0572769195033276,8.0,3.424718993587712,10.272280007198344,0.0,0.0,0.0,0.1228070175438596,1753962089217.5342,1753962094217.5342
0.0248447204968944,4.3208209559816335e-05,0.3568085106382978,0.0050620642824807,0.031055900621118,0.3909574468085106,0.3698601055988162,0.1653156246007059,0.3698601055988162,0.1653156246007059,1.0,0.0,9.0,5.0,4.207729954123404e-05,1753962093336.2856,6.445714285714286,6.065714285714286,5.0,1753962089760.0,1753962094760.0,0.0,0.0,542128.445824,542133.445824,596.0,21.67659191122166,0.7631005577669528,1.6003706255582115,0.0574507257996528,10.392304845413264,0.8001853127791059,13.85451864481686,21.67659191122166,27.14630532598546,8.626667321486542,0.992335440462352,0.992335440462352,0.0467331064222084,0.0467331064222084,3.0,5.2209565896404,28.753344322279386,0.0,0.0,0.0,0.1228070175438596,1753962094217.5342,1753962099217.5342
0.0207453416149068,6.421048570656993e-05,0.3570212765957447,0.0058359438660027,0.0248447204968944,0.3696808510638297,0.3739594844808038,0.1651028586432591,0.3739594844808038,0.1651028586432591,1.0,0.0,9.0,5.0,0.0301691711890377,1753962097267.3333,6.777499999999999,7.5775000000000015,5.0,1753962094761.0,1753962099761.0,0.0,0.0,542128.445824,542133.445824,596.0,21.67659191122166,0.7631005577669528,1.6003706255582115,0.0574507257996528,10.392304845413264,0.8001853127791059,13.85451864481686,21.67659191122166,27.14630532598546,8.626667321486542,0.992335440462352,0.992335440462352,0.0467331064222084,0.0467331064222084,3.0,5.2209565896404,28.753344322279386,0.0,0.0,0.0,0.1228070175438596,1753962094217.5342,1753962099217.5342
0.0207453416149068,6.421048570656993e-05,0.3570212765957447,0.0058359438660027,0.0248447204968944,0.3696808510638297,0.3739594844808038,0.1651028586432591,0.3739594844808038,0.1651028586432591,1.0,0.0,9.0,5.0,0.0301691711890377,1753962097267.3333,6.777499999999999,7.5775000000000015,5.0,1753962094761.0,1753962099761.0,0.0,0.0,542133.445824,542138.445824,600.0,22.20337372210273,0.8557185699247455,1.6241266523664868,0.0661458539793588,10.392304845413264,0.8120633261832436,14.850629079495931,22.20337372210273,31.40408505474718,8.984479967529943,0.9949302414086024,0.9949302414086024,0.0390986163962856,0.0390986163962856,3.0,6.254102154409973,50.27754128810165,0.0,0.0,0.0,0.1228070175438596,1753962099217.5342,1753962104217.5342
0.0255900621118012,5.499787816828051e-05,0.3585106382978723,0.0067598460842009,0.031055900621118,0.3803191489361702,0.3691147639839094,0.1636134969411315,0.3691147639839094,0.1636134969411315,1.0,0.0,9.0,5.0,0.5139308724626329,1753962101277.5,7.265000000000001,7.4,5.0,1753962099762.0,1753962104762.0,0.0,0.0,542133.445824,542138.445824,600.0,22.20337372210273,0.8557185699247455,1.6241266523664868,0.0661458539793588,10.392304845413264,0.8120633261832436,14.850629079495931,22.20337372210273,31.40408505474718,8.984479967529943,0.9949302414086024,0.9949302414086024,0.0390986163962856,0.0390986163962856,3.0,6.254102154409973,50.27754128810165,0.0,0.0,0.0,0.1228070175438596,1753962099217.5342,1753962104217.5342
0.0255900621118012,5.499787816828051e-05,0.3585106382978723,0.0067598460842009,0.031055900621118,0.3803191489361702,0.3691147639839094,0.1636134969411315,0.3691147639839094,0.1636134969411315,1.0,0.0,9.0,5.0,0.5139308724626329,1753962101277.5,7.265000000000001,7.4,5.0,1753962099762.0,1753962104762.0,0.0,0.0,542138.445824,542143.445824,594.0,22.26589388770302,0.6475071470564889,1.6293177749682708,0.0493635168943503,10.392304845413264,0.8146588874841354,14.773638469491862,22.26589388770302,32.74058577651251,3.235036457585925,0.9944040933835028,0.9944040933835028,0.0457913452205455,0.0457913452205455,5.0,2.8199689558172403,16.352503579765997,0.0,0.0,0.0,0.1228070175438596,1753962104217.5342,1753962109217.5342
0.0496894409937888,0.000117279425948,0.3563829787234042,0.0064022181982797,0.0559006211180124,0.3696808510638297,0.3450153851019218,0.1657411565155995,0.3450153851019218,0.1657411565155995,1.0,0.0,9.0,5.0,0.5880858204445523,1753962107258.0,7.0,7.13,5.0,1753962104763.0,1753962109763.0,0.0,0.0,542138.445824,542143.445824,594.0,22.26589388770302,0.6475071470564889,1.6293177749682708,0.0493635168943503,10.392304845413264,0.8146588874841354,14.773638469491862,22.26589388770302,32.74058577651251,3.235036457585925,0.9944040933835028,0.9944040933835028,0.0457913452205455,0.0457913452205455,5.0,2.8199689558172403,16.352503579765997,0.0,0.0,0.0,0.1228070175438596,1753962104217.5342,1753962109217.5342
0.0496894409937888,0.000117279425948,0.3563829787234042,0.0064022181982797,0.0559006211180124,0.3696808510638297,0.3450153851019218,0.1657411565155995,0.3450153851019218,0.1657411565155995,1.0,0.0,9.0,5.0,0.5880858204445523,1753962107258.0,7.0,7.13,5.0,1753962104763.0,1753962109763.0,0.0,0.0,542143.445824,542148.445824,612.0,23.25457200020275,0.8412670192457352,1.6978873632542673,0.0571889293767552,10.392304845413264,0.8489436816271336,15.779583501910036,23.25457200020275,34.78071643218952,1.947023950283486,0.994447390716086,0.994447390716086,0.0495105638582065,0.0495105638582065,5.0,1.5312141614385038,3.870427327461117,0.0,0.0,0.0,0.1228070175438596,1753962109217.5342,1753962114217.5342
0.0709316770186335,3.5631341383434256e-05,0.3585106382978723,0.0067281575373472,0.0745341614906832,0.4122340425531914,0.3237731490770771,0.1636134969411315,0.3237731490770771,0.1636134969411315,1.0,0.0,9.0,5.0,0.2943364874959685,1753962107258.0,7.0,7.13,5.0,1753962104763.0,1753962109763.0,0.0,0.0,542138.445824,542143.445824,594.0,22.26589388770302,0.6475071470564889,1.6293177749682708,0.0493635168943503,10.392304845413264,0.8146588874841354,14.773638469491862,22.26589388770302,32.74058577651251,3.235036457585925,0.9944040933835028,0.9944040933835028,0.0457913452205455,0.0457913452205455,5.0,2.8199689558172403,16.352503579765997,0.0,0.0,0.0,0.1228070175438596,1753962104217.5342,1753962109217.5342
0.0709316770186335,3.5631341383434256e-05,0.3585106382978723,0.0067281575373472,0.0745341614906832,0.4122340425531914,0.3237731490770771,0.1636134969411315,0.3237731490770771,0.1636134969411315,1.0,0.0,9.0,5.0,0.2943364874959685,1753962107258.0,7.0,7.13,5.0,1753962104763.0,1753962109763.0,0.0,0.0,542143.445824,542148.445824,612.0,23.25457200020275,0.8412670192457352,1.6978873632542673,0.0571889293767552,10.392304845413264,0.8489436816271336,15.779583501910036,23.25457200020275,34.78071643218952,1.947023950283486,0.994447390716086,0.994447390716086,0.0495105638582065,0.0495105638582065,5.0,1.5312141614385038,3.870427327461117,0.0,0.0,0.0,0.1228070175438596,1753962109217.5342,1753962114217.5342
0.0848447204968944,7.5012538096524e-05,0.3514893617021276,0.0057807152557718,0.093167701863354,0.4148936170212766,0.3098601055988162,0.1706347735368761,0.3098601055988162,0.1706347735368761,1.0,0.0,9.0,5.0,0.2923694092928297,1753962107258.0,7.0,7.13,5.0,1753962104763.0,1753962109763.0,0.0,0.0,542138.445824,542143.445824,594.0,22.26589388770302,0.6475071470564889,1.6293177749682708,0.0493635168943503,10.392304845413264,0.8146588874841354,14.773638469491862,22.26589388770302,32.74058577651251,3.235036457585925,0.9944040933835028,0.9944040933835028,0.0457913452205455,0.0457913452205455,5.0,2.8199689558172403,16.352503579765997,0.0,0.0,0.0,0.1228070175438596,1753962104217.5342,1753962109217.5342
0.0848447204968944,7.5012538096524e-05,0.3514893617021276,0.0057807152557718,0.093167701863354,0.4148936170212766,0.3098601055988162,0.1706347735368761,0.3098601055988162,0.1706347735368761,1.0,0.0,9.0,5.0,0.2923694092928297,1753962107258.0,7.0,7.13,5.0,1753962104763.0,1753962109763.0,0.0,0.0,542143.445824,542148.445824,612.0,23.25457200020275,0.8412670192457352,1.6978873632542673,0.0571889293767552,10.392304845413264,0.8489436816271336,15.779583501910036,23.25457200020275,34.78071643218952,1.947023950283486,0.994447390716086,0.994447390716086,0.0495105638582065,0.0495105638582065,5.0,1.5312141614385038,3.870427327461117,0.0,0.0,0.0,0.1228070175438596,1753962109217.5342,1753962114217.5342
0.0982608695652173,5.50750356853516e-05,0.3544680851063829,0.0035963784517881,0.1055900621118012,0.3723404255319149,0.2964439565304932,0.1676560501326209,0.2964439565304932,0.1676560501326209,1.0,0.0,9.0,5.0,0.1459259011565576,1753962107258.0,7.0,7.13,5.0,1753962104763.0,1753962109763.0,0.0,0.0,542138.445824,542143.445824,594.0,22.26589388770302,0.6475071470564889,1.6293177749682708,0.0493635168943503,10.392304845413264,0.8146588874841354,14.773638469491862,22.26589388770302,32.74058577651251,3.235036457585925,0.9944040933835028,0.9944040933835028,0.0457913452205455,0.0457913452205455,5.0,2.8199689558172403,16.352503579765997,0.0,0.0,0.0,0.1228070175438596,1753962104217.5342,1753962109217.5342
0.0982608695652173,5.50750356853516e-05,0.3544680851063829,0.0035963784517881,0.1055900621118012,0.3723404255319149,0.2964439565304932,0.1676560501326209,0.2964439565304932,0.1676560501326209,1.0,0.0,9.0,5.0,0.1459259011565576,1753962107258.0,7.0,7.13,5.0,1753962104763.0,1753962109763.0,0.0,0.0,542143.445824,542148.445824,612.0,23.25457200020275,0.8412670192457352,1.6978873632542673,0.0571889293767552,10.392304845413264,0.8489436816271336,15.779583501910036,23.25457200020275,34.78071643218952,1.947023950283486,0.994447390716086,0.994447390716086,0.0495105638582065,0.0495105638582065,5.0,1.5312141614385038,3.870427327461117,0.0,0.0,0.0,0.1228070175438596,1753962109217.5342,1753962114217.5342
0.1062111801242235,3.89645461209058e-05,0.357659574468085,0.0047935264825712,0.1118012422360248,0.3776595744680851,0.288493645971487,0.1644645607709188,0.288493645971487,0.1644645607709188,1.0,0.0,9.0,5.0,0.4882590172860446,1753962127965.2,6.816,6.388,5.0,1753962124767.0,1753962129767.0,0.0,0.0,542158.445824,542163.445824,580.0,22.51822618172502,1.4732808861347566,1.6537796124889688,0.1047087085964342,10.392304845413264,0.8268898062444844,14.673296169081985,22.51822618172502,32.95844894593829,9.760098233216876,0.9949376900034932,0.9949376900034932,0.0389917418979812,0.0389917418979812,3.0,3.816503365787337,11.465923639873076,0.0,0.0,0.0,0.1228070175438596,1753962124217.5342,1753962129217.5342
0.1062111801242235,3.89645461209058e-05,0.357659574468085,0.0047935264825712,0.1118012422360248,0.3776595744680851,0.288493645971487,0.1644645607709188,0.288493645971487,0.1644645607709188,1.0,0.0,9.0,5.0,0.4882590172860446,1753962127965.2,6.816,6.388,5.0,1753962124767.0,1753962129767.0,0.0,0.0,542163.445824,542168.445824,601.0,21.524211965890583,0.6095547894703988,1.5887515328901665,0.0443109708808122,10.392304845413264,0.7943757664450832,13.237706948331228,21.524211965890583,22.32288763379444,5.594552117339185,0.9966230567284944,0.9966230567284944,0.034459640892609,0.034459640892609,3.0,2.8431792139922427,8.142156932734816,0.0,0.0,0.0,0.1228070175438596,1753962129217.5342,1753962134217.5342
0.121614906832298,4.334709309054429e-05,0.3546808510638297,0.0053852874603893,0.124223602484472,0.3696808510638297,0.2730899192634125,0.167443284175174,0.2730899192634125,0.167443284175174,1.0,0.0,9.0,5.0,0.4076908749114849,1753962132652.375,5.665833333333333,3.6679166666666654,5.0,1753962129768.0,1753962134768.0,0.0,0.0,542163.445824,542168.445824,601.0,21.524211965890583,0.6095547894703988,1.5887515328901665,0.0443109708808122,10.392304845413264,0.7943757664450832,13.237706948331228,21.524211965890583,22.32288763379444,5.594552117339185,0.9966230567284944,0.9966230567284944,0.034459640892609,0.034459640892609,3.0,2.8431792139922427,8.142156932734816,0.0,0.0,0.0,0.1228070175438596,1753962129217.5342,1753962134217.5342
0.121614906832298,4.334709309054429e-05,0.3546808510638297,0.0053852874603893,0.124223602484472,0.3696808510638297,0.2730899192634125,0.167443284175174,0.2730899192634125,0.167443284175174,1.0,0.0,9.0,5.0,0.4076908749114849,1753962132652.375,5.665833333333333,3.6679166666666654,5.0,1753962129768.0,1753962134768.0,0.0,0.0,542168.445824,542173.445824,570.0,21.789959085268805,1.2528082301625278,1.6048661846074197,0.0957840585386057,10.392304845413264,0.8024330923037097,14.189261993956292,21.789959085268805,29.850171972966827,12.03824016253684,0.977654497534877,0.977654497534877,0.0897867794284601,0.0897867794284601,15.0,7.584783902875409,35.34163022290189,0.0,0.0,0.0,0.1228070175438596,1753962134217.5342,1753962139217.5342
0.1382608695652173,5.680336406774428e-05,0.3517021276595743,0.0045514259846084,0.1428571428571428,0.3723404255319149,0.2564439565304933,0.1704220075794294,0.2564439565304933,0.1704220075794294,1.0,0.0,9.0,5.0,0.4443858964334808,1753962136399.6667,3.7566666666666655,2.33,5.0,1753962134769.0,1753962139769.0,1.0,0.0,542168.445824,542173.445824,570.0,21.789959085268805,1.2528082301625278,1.6048661846074197,0.0957840585386057,10.392304845413264,0.8024330923037097,14.189261993956292,21.789959085268805,29.850171972966827,12.03824016253684,0.977654497534877,0.977654497534877,0.0897867794284601,0.0897867794284601,15.0,7.584783902875409,35.34163022290189,0.0,0.0,0.0,0.1228070175438596,1753962134217.5342,1753962139217.5342
0.1382608695652173,5.680336406774428e-05,0.3517021276595743,0.0045514259846084,0.1428571428571428,0.3723404255319149,0.2564439565304933,0.1704220075794294,0.2564439565304933,0.1704220075794294,1.0,0.0,9.0,5.0,0.4443858964334808,1753962136399.6667,3.7566666666666655,2.33,5.0,1753962134769.0,1753962139769.0,1.0,0.0,542173.445824,542178.445824,542.0,21.81603155789829,1.341563572727512,1.5986227250997642,0.0785120909445686,10.392304845413264,0.7993113625498821,15.16121308050298,21.81603155789829,33.24931411414144,12.27211203778842,0.9826174062838726,0.9826174062838726,0.0743753822692417,0.0743753822692417,10.0,5.452691405846444,24.486382235274707,0.0,0.0,0.0,0.1228070175438596,1753962139217.5342,1753962144217.5342
0.1541614906832297,7.513599012383775e-05,0.3542553191489361,0.0073166591217745,0.1614906832298136,0.3723404255319149,0.2405433354124808,0.1678688160900677,0.2405433354124808,0.1678688160900677,1.0,0.0,9.0,5.0,0.0973484131465613,1753962139962.0,3.67,2.6,5.0,1753962139770.0,1753962144770.0,1.0,1.0,542173.445824,542178.445824,542.0,21.81603155789829,1.341563572727512,1.5986227250997642,0.0785120909445686,10.392304845413264,0.7993113625498821,15.16121308050298,21.81603155789829,33.24931411414144,12.27211203778842,0.9826174062838726,0.9826174062838726,0.0743753822692417,0.0743753822692417,10.0,5.452691405846444,24.486382235274707,0.0,0.0,0.0,0.1228070175438596,1753962139217.5342,1753962144217.5342
0.1541614906832297,7.513599012383775e-05,0.3542553191489361,0.0073166591217745,0.1614906832298136,0.3723404255319149,0.2405433354124808,0.1678688160900677,0.2405433354124808,0.1678688160900677,1.0,0.0,9.0,5.0,0.0973484131465613,1753962139962.0,3.67,2.6,5.0,1753962139770.0,1753962144770.0,1.0,1.0,542178.445824,542183.445824,521.0,23.046309237123765,1.8256688370988896,1.611253321415767,0.1307313351812306,10.392304845413264,0.8056266607078835,15.712827799703934,23.046309237123765,34.95097760002639,30.684807526287333,0.9722220857449664,0.9722220857449664,0.0763395432442955,0.0763395432442955,7.0,11.775276953921678,42.39213628829422,0.0,0.0,0.0,0.1228070175438596,1753962144217.5342,1753962149217.5342
0.1449689440993788,5.958103468230388e-05,0.3514893617021276,0.0061473970122227,0.1490683229813664,0.3909574468085106,0.2497358819963318,0.1706347735368762,0.2497358819963318,0.1706347735368762,1.0,0.0,9.0,5.0,0.0015444248615337,1753962139962.0,3.67,2.6,5.0,1753962139770.0,1753962144770.0,1.0,1.0,542173.445824,542178.445824,542.0,21.81603155789829,1.341563572727512,1.5986227250997642,0.0785120909445686,10.392304845413264,0.7993113625498821,15.16121308050298,21.81603155789829,33.24931411414144,12.27211203778842,0.9826174062838726,0.9826174062838726,0.0743753822692417,0.0743753822692417,10.0,5.452691405846444,24.486382235274707,0.0,0.0,0.0,0.1228070175438596,1753962139217.5342,1753962144217.5342
0.1449689440993788,5.958103468230388e-05,0.3514893617021276,0.0061473970122227,0.1490683229813664,0.3909574468085106,0.2497358819963318,0.1706347735368762,0.2497358819963318,0.1706347735368762,1.0,0.0,9.0,5.0,0.0015444248615337,1753962139962.0,3.67,2.6,5.0,1753962139770.0,1753962144770.0,1.0,1.0,542178.445824,542183.445824,521.0,23.046309237123765,1.8256688370988896,1.611253321415767,0.1307313351812306,10.392304845413264,0.8056266607078835,15.712827799703934,23.046309237123765,34.95097760002639,30.684807526287333,0.9722220857449664,0.9722220857449664,0.0763395432442955,0.0763395432442955,7.0,11.775276953921678,42.39213628829422,0.0,0.0,0.0,0.1228070175438596,1753962144217.5342,1753962149217.5342
0.1454658385093167,4.4890243431966336e-05,0.358723404255319,0.0054641919420552,0.1490683229813664,0.3723404255319149,0.2492389875863939,0.1634007309836848,0.2492389875863939,0.1634007309836848,1.0,0.0,9.0,5.0,0.2726872989313095,1753962139962.0,3.67,2.6,5.0,1753962139770.0,1753962144770.0,1.0,1.0,542173.445824,542178.445824,542.0,21.81603155789829,1.341563572727512,1.5986227250997642,0.0785120909445686,10.392304845413264,0.7993113625498821,15.16121308050298,21.81603155789829,33.24931411414144,12.27211203778842,0.9826174062838726,0.9826174062838726,0.0743753822692417,0.0743753822692417,10.0,5.452691405846444,24.486382235274707,0.0,0.0,0.0,0.1228070175438596,1753962139217.5342,1753962144217.5342
0.1454658385093167,4.4890243431966336e-05,0.358723404255319,0.0054641919420552,0.1490683229813664,0.3723404255319149,0.2492389875863939,0.1634007309836848,0.2492389875863939,0.1634007309836848,1.0,0.0,9.0,5.0,0.2726872989313095,1753962139962.0,3.67,2.6,5.0,1753962139770.0,1753962144770.0,1.0,1.0,542178.445824,542183.445824,521.0,23.046309237123765,1.8256688370988896,1.611253321415767,0.1307313351812306,10.392304845413264,0.8056266607078835,15.712827799703934,23.046309237123765,34.95097760002639,30.684807526287333,0.9722220857449664,0.9722220857449664,0.0763395432442955,0.0763395432442955,7.0,11.775276953921678,42.39213628829422,0.0,0.0,0.0,0.1228070175438596,1753962144217.5342,1753962149217.5342
0.1566459627329192,4.674202384167274e-05,0.352127659574468,0.0057005432322317,0.1614906832298136,0.375,0.2380588633627914,0.1699964756645357,0.2380588633627914,0.1699964756645357,1.0,0.0,9.0,5.0,0.117247137911907,1753962139962.0,3.67,2.6,5.0,1753962139770.0,1753962144770.0,1.0,1.0,542173.445824,542178.445824,542.0,21.81603155789829,1.341563572727512,1.5986227250997642,0.0785120909445686,10.392304845413264,0.7993113625498821,15.16121308050298,21.81603155789829,33.24931411414144,12.27211203778842,0.9826174062838726,0.9826174062838726,0.0743753822692417,0.0743753822692417,10.0,5.452691405846444,24.486382235274707,0.0,0.0,0.0,0.1228070175438596,1753962139217.5342,1753962144217.5342
0.1566459627329192,4.674202384167274e-05,0.352127659574468,0.0057005432322317,0.1614906832298136,0.375,0.2380588633627914,0.1699964756645357,0.2380588633627914,0.1699964756645357,1.0,0.0,9.0,5.0,0.117247137911907,1753962139962.0,3.67,2.6,5.0,1753962139770.0,1753962144770.0,1.0,1.0,542178.445824,542183.445824,521.0,23.046309237123765,1.8256688370988896,1.611253321415767,0.1307313351812306,10.392304845413264,0.8056266607078835,15.712827799703934,23.046309237123765,34.95097760002639,30.684807526287333,0.9722220857449664,0.9722220857449664,0.0763395432442955,0.0763395432442955,7.0,11.775276953921678,42.39213628829422,0.0,0.0,0.0,0.1228070175438596,1753962144217.5342,1753962149217.5342
0.1657142857142856,4.851664673430807e-05,0.3589361702127659,0.0040733816206428,0.1723602484472049,0.3803191489361702,0.228990540381425,0.1631879650262379,0.228990540381425,0.1631879650262379,1.0,0.0,9.0,5.0,0.069806016026797,1753962139962.0,3.67,2.6,5.0,1753962139770.0,1753962144770.0,1.0,1.0,542173.445824,542178.445824,542.0,21.81603155789829,1.341563572727512,1.5986227250997642,0.0785120909445686,10.392304845413264,0.7993113625498821,15.16121308050298,21.81603155789829,33.24931411414144,12.27211203778842,0.9826174062838726,0.9826174062838726,0.0743753822692417,0.0743753822692417,10.0,5.452691405846444,24.486382235274707,0.0,0.0,0.0,0.1228070175438596,1753962139217.5342,1753962144217.5342
0.1657142857142856,4.851664673430807e-05,0.3589361702127659,0.0040733816206428,0.1723602484472049,0.3803191489361702,0.228990540381425,0.1631879650262379,0.228990540381425,0.1631879650262379,1.0,0.0,9.0,5.0,0.069806016026797,1753962139962.0,3.67,2.6,5.0,1753962139770.0,1753962144770.0,1.0,1.0,542178.445824,542183.445824,521.0,23.046309237123765,1.8256688370988896,1.611253321415767,0.1307313351812306,10.392304845413264,0.8056266607078835,15.712827799703934,23.046309237123765,34.95097760002639,30.684807526287333,0.9722220857449664,0.9722220857449664,0.0763395432442955,0.0763395432442955,7.0,11.775276953921678,42.39213628829422,0.0,0.0,0.0,0.1228070175438596,1753962144217.5342,1753962149217.5342
0.1726708074534161,4.012190887697232e-05,0.3553191489361701,0.005789950203712,0.1739130434782608,0.3696808510638297,0.2220340186422945,0.1668049863028337,0.2220340186422945,0.1668049863028337,1.0,0.0,9.0,5.0,0.1026998858366771,1753962139962.0,3.67,2.6,5.0,1753962139770.0,1753962144770.0,1.0,1.0,542173.445824,542178.445824,542.0,21.81603155789829,1.341563572727512,1.5986227250997642,0.0785120909445686,10.392304845413264,0.7993113625498821,15.16121308050298,21.81603155789829,33.24931411414144,12.27211203778842,0.9826174062838726,0.9826174062838726,0.0743753822692417,0.0743753822692417,10.0,5.452691405846444,24.486382235274707,0.0,0.0,0.0,0.1228070175438596,1753962139217.5342,1753962144217.5342
0.1726708074534161,4.012190887697232e-05,0.3553191489361701,0.005789950203712,0.1739130434782608,0.3696808510638297,0.2220340186422945,0.1668049863028337,0.2220340186422945,0.1668049863028337,1.0,0.0,9.0,5.0,0.1026998858366771,1753962139962.0,3.67,2.6,5.0,1753962139770.0,1753962144770.0,1.0,1.0,542178.445824,542183.445824,521.0,23.046309237123765,1.8256688370988896,1.611253321415767,0.1307313351812306,10.392304845413264,0.8056266607078835,15.712827799703934,23.046309237123765,34.95097760002639,30.684807526287333,0.9722220857449664,0.9722220857449664,0.0763395432442955,0.0763395432442955,7.0,11.775276953921678,42.39213628829422,0.0,0.0,0.0,0.1228070175438596,1753962144217.5342,1753962149217.5342
0.1799999999999999,3.93349022028471e-05,0.3606382978723403,0.0067915346310547,0.186335403726708,0.4095744680851063,0.2147048260957106,0.1614858373666634,0.2147048260957106,0.1614858373666634,1.0,0.0,9.0,5.0,0.0001153353777358,1753962139962.0,3.67,2.6,5.0,1753962139770.0,1753962144770.0,1.0,1.0,542173.445824,542178.445824,542.0,21.81603155789829,1.341563572727512,1.5986227250997642,0.0785120909445686,10.392304845413264,0.7993113625498821,15.16121308050298,21.81603155789829,33.24931411414144,12.27211203778842,0.9826174062838726,0.9826174062838726,0.0743753822692417,0.0743753822692417,10.0,5.452691405846444,24.486382235274707,0.0,0.0,0.0,0.1228070175438596,1753962139217.5342,1753962144217.5342
0.1799999999999999,3.93349022028471e-05,0.3606382978723403,0.0067915346310547,0.186335403726708,0.4095744680851063,0.2147048260957106,0.1614858373666634,0.2147048260957106,0.1614858373666634,1.0,0.0,9.0,5.0,0.0001153353777358,1753962139962.0,3.67,2.6,5.0,1753962139770.0,1753962144770.0,1.0,1.0,542178.445824,542183.445824,521.0,23.046309237123765,1.8256688370988896,1.611253321415767,0.1307313351812306,10.392304845413264,0.8056266607078835,15.712827799703934,23.046309237123765,34.95097760002639,30.684807526287333,0.9722220857449664,0.9722220857449664,0.0763395432442955,0.0763395432442955,7.0,11.775276953921678,42.39213628829422,0.0,0.0,0.0,0.1228070175438596,1753962144217.5342,1753962149217.5342
0.1826086956521738,4.320820955981634e-05,0.3517021276595744,0.0048954730647351,0.186335403726708,0.3723404255319149,0.2120961304435367,0.1704220075794293,0.2120961304435367,0.1704220075794293,1.0,0.0,9.0,5.0,2.8334947702930956e-09,1753962139962.0,3.67,2.6,5.0,1753962139770.0,1753962144770.0,1.0,1.0,542173.445824,542178.445824,542.0,21.81603155789829,1.341563572727512,1.5986227250997642,0.0785120909445686,10.392304845413264,0.7993113625498821,15.16121308050298,21.81603155789829,33.24931411414144,12.27211203778842,0.9826174062838726,0.9826174062838726,0.0743753822692417,0.0743753822692417,10.0,5.452691405846444,24.486382235274707,0.0,0.0,0.0,0.1228070175438596,1753962139217.5342,1753962144217.5342
0.1826086956521738,4.320820955981634e-05,0.3517021276595744,0.0048954730647351,0.186335403726708,0.3723404255319149,0.2120961304435367,0.1704220075794293,0.2120961304435367,0.1704220075794293,1.0,0.0,9.0,5.0,2.8334947702930956e-09,1753962139962.0,3.67,2.6,5.0,1753962139770.0,1753962144770.0,1.0,1.0,542178.445824,542183.445824,521.0,23.046309237123765,1.8256688370988896,1.611253321415767,0.1307313351812306,10.392304845413264,0.8056266607078835,15.712827799703934,23.046309237123765,34.95097760002639,30.684807526287333,0.9722220857449664,0.9722220857449664,0.0763395432442955,0.0763395432442955,7.0,11.775276953921678,42.39213628829422,0.0,0.0,0.0,0.1228070175438596,1753962144217.5342,1753962149217.5342
0.1889440993788819,2.791558967632418e-05,0.3517021276595743,0.0053798551380715,0.1925465838509316,0.3962765957446807,0.2057607267168287,0.1704220075794294,0.2057607267168287,0.1704220075794294,1.0,0.0,9.0,5.0,0.0279099300708736,1753962139962.0,3.67,2.6,5.0,1753962139770.0,1753962144770.0,1.0,1.0,542173.445824,542178.445824,542.0,21.81603155789829,1.341563572727512,1.5986227250997642,0.0785120909445686,10.392304845413264,0.7993113625498821,15.16121308050298,21.81603155789829,33.24931411414144,12.27211203778842,0.9826174062838726,0.9826174062838726,0.0743753822692417,0.0743753822692417,10.0,5.452691405846444,24.486382235274707,0.0,0.0,0.0,0.1228070175438596,1753962139217.5342,1753962144217.5342
0.1889440993788819,2.791558967632418e-05,0.3517021276595743,0.0053798551380715,0.1925465838509316,0.3962765957446807,0.2057607267168287,0.1704220075794294,0.2057607267168287,0.1704220075794294,1.0,0.0,9.0,5.0,0.0279099300708736,1753962139962.0,3.67,2.6,5.0,1753962139770.0,1753962144770.0,1.0,1.0,542178.445824,542183.445824,521.0,23.046309237123765,1.8256688370988896,1.611253321415767,0.1307313351812306,10.392304845413264,0.8056266607078835,15.712827799703934,23.046309237123765,34.95097760002639,30.684807526287333,0.9722220857449664,0.9722220857449664,0.0763395432442955,0.0763395432442955,7.0,11.775276953921678,42.39213628829422,0.0,0.0,0.0,0.1228070175438596,1753962144217.5342,1753962149217.5342
0.1937888198757763,4.166505921839437e-05,0.3589361702127658,0.003729334540516,0.1987577639751552,0.3723404255319149,0.2009160062199343,0.163187965026238,0.2009160062199343,0.163187965026238,1.0,0.0,9.0,5.0,0.2951250101289734,1753962139962.0,3.67,2.6,5.0,1753962139770.0,1753962144770.0,1.0,1.0,542173.445824,542178.445824,542.0,21.81603155789829,1.341563572727512,1.5986227250997642,0.0785120909445686,10.392304845413264,0.7993113625498821,15.16121308050298,21.81603155789829,33.24931411414144,12.27211203778842,0.9826174062838726,0.9826174062838726,0.0743753822692417,0.0743753822692417,10.0,5.452691405846444,24.486382235274707,0.0,0.0,0.0,0.1228070175438596,1753962139217.5342,1753962144217.5342
0.1937888198757763,4.166505921839437e-05,0.3589361702127658,0.003729334540516,0.1987577639751552,0.3723404255319149,0.2009160062199343,0.163187965026238,0.2009160062199343,0.163187965026238,1.0,0.0,9.0,5.0,0.2951250101289734,1753962139962.0,3.67,2.6,5.0,1753962139770.0,1753962144770.0,1.0,1.0,542178.445824,542183.445824,521.0,23.046309237123765,1.8256688370988896,1.611253321415767,0.1307313351812306,10.392304845413264,0.8056266607078835,15.712827799703934,23.046309237123765,34.95097760002639,30.684807526287333,0.9722220857449664,0.9722220857449664,0.0763395432442955,0.0763395432442955,7.0,11.775276953921678,42.39213628829422,0.0,0.0,0.0,0.1228070175438596,1753962144217.5342,1753962149217.5342
0.2029813664596272,2.69125419544e-05,0.3512765957446809,0.0050814395654142,0.2049689440993788,0.3989361702127659,0.1917234596360833,0.1708475394943229,0.1917234596360833,0.1708475394943229,1.0,0.0,9.0,5.0,0.276968642324837,1753962139962.0,3.67,2.6,5.0,1753962139770.0,1753962144770.0,1.0,1.0,542173.445824,542178.445824,542.0,21.81603155789829,1.341563572727512,1.5986227250997642,0.0785120909445686,10.392304845413264,0.7993113625498821,15.16121308050298,21.81603155789829,33.24931411414144,12.27211203778842,0.9826174062838726,0.9826174062838726,0.0743753822692417,0.0743753822692417,10.0,5.452691405846444,24.486382235274707,0.0,0.0,0.0,0.1228070175438596,1753962139217.5342,1753962144217.5342
0.2029813664596272,2.69125419544e-05,0.3512765957446809,0.0050814395654142,0.2049689440993788,0.3989361702127659,0.1917234596360833,0.1708475394943229,0.1917234596360833,0.1708475394943229,1.0,0.0,9.0,5.0,0.276968642324837,1753962139962.0,3.67,2.6,5.0,1753962139770.0,1753962144770.0,1.0,1.0,542178.445824,542183.445824,521.0,23.046309237123765,1.8256688370988896,1.611253321415767,0.1307313351812306,10.392304845413264,0.8056266607078835,15.712827799703934,23.046309237123765,34.95097760002639,30.684807526287333,0.9722220857449664,0.9722220857449664,0.0763395432442955,0.0763395432442955,7.0,11.775276953921678,42.39213628829422,0.0,0.0,0.0,0.1228070175438596,1753962144217.5342,1753962149217.5342
0.2121739130434782,4.06774429998843e-05,0.3606382978723404,0.0053248076052512,0.217391304347826,0.3829787234042553,0.1825309130522324,0.1614858373666634,0.1825309130522324,0.1614858373666634,1.0,0.0,9.0,5.0,0.1613629776536039,1753962139962.0,3.67,2.6,5.0,1753962139770.0,1753962144770.0,1.0,1.0,542173.445824,542178.445824,542.0,21.81603155789829,1.341563572727512,1.5986227250997642,0.0785120909445686,10.392304845413264,0.7993113625498821,15.16121308050298,21.81603155789829,33.24931411414144,12.27211203778842,0.9826174062838726,0.9826174062838726,0.0743753822692417,0.0743753822692417,10.0,5.452691405846444,24.486382235274707,0.0,0.0,0.0,0.1228070175438596,1753962139217.5342,1753962144217.5342
0.2121739130434782,4.06774429998843e-05,0.3606382978723404,0.0053248076052512,0.217391304347826,0.3829787234042553,0.1825309130522324,0.1614858373666634,0.1825309130522324,0.1614858373666634,1.0,0.0,9.0,5.0,0.1613629776536039,1753962139962.0,3.67,2.6,5.0,1753962139770.0,1753962144770.0,1.0,1.0,542178.445824,542183.445824,521.0,23.046309237123765,1.8256688370988896,1.611253321415767,0.1307313351812306,10.392304845413264,0.8056266607078835,15.712827799703934,23.046309237123765,34.95097760002639,30.684807526287333,0.9722220857449664,0.9722220857449664,0.0763395432442955,0.0763395432442955,7.0,11.775276953921678,42.39213628829422,0.0,0.0,0.0,0.1228070175438596,1753962144217.5342,1753962149217.5342
0.2212422360248446,6.464256780216809e-05,0.3557446808510637,0.0058042553191489,0.2236024844720497,0.3723404255319149,0.1734625900708659,0.16637945438794,0.1734625900708659,0.16637945438794,1.0,0.0,9.0,5.0,5.692591650741161e-05,1753962204628.0,3.93,2.6,5.0,1753962199782.0,1753962204782.0,1.0,1.0,542233.445824,542238.445824,552.0,24.351233455190048,1.330847941883454,1.7545726287771202,0.0980440179761741,10.392304845413264,0.8772863143885601,16.28606857993436,24.351233455190048,35.070183253946595,13.308647689684342,0.9725073920118052,0.9725073920118052,0.0954736250642699,0.0954736250642699,16.0,8.044577570204948,31.593147833614367,0.0,0.0,0.0,0.1228070175438596,1753962199217.5342,1753962204217.5342
0.2212422360248446,6.464256780216809e-05,0.3557446808510637,0.0058042553191489,0.2236024844720497,0.3723404255319149,0.1734625900708659,0.16637945438794,0.1734625900708659,0.16637945438794,1.0,0.0,9.0,5.0,5.692591650741161e-05,1753962204628.0,3.93,2.6,5.0,1753962199782.0,1753962204782.0,1.0,1.0,542238.445824,542243.445824,610.0,22.594424824179967,0.6389115351379175,1.6163939631397568,0.0595422053996436,10.392304845413264,0.8081969815698784,14.432714165466876,22.594424824179967,21.327618445406944,7.813010742373279,0.9971953789218676,0.9971953789218676,0.0235725953759755,0.0235725953759755,1.0,2.7123110467000067,8.315266708081358,0.0,0.0,0.0,0.1228070175438596,1753962204217.5342,1753962209217.5342
0.2270807453416148,4.3455113614443865e-05,0.3542553191489361,0.0047181982797645,0.2298136645962732,0.3723404255319149,0.1676240807540957,0.1678688160900677,0.1676240807540957,0.1678688160900677,1.0,0.0,9.0,5.0,0.0360954235094276,1753962207112.5,5.053,2.842,5.0,1753962204783.0,1753962209783.0,0.0,1.0,542238.445824,542243.445824,610.0,22.594424824179967,0.6389115351379175,1.6163939631397568,0.0595422053996436,10.392304845413264,0.8081969815698784,14.432714165466876,22.594424824179967,21.327618445406944,7.813010742373279,0.9971953789218676,0.9971953789218676,0.0235725953759755,0.0235725953759755,1.0,2.7123110467000067,8.315266708081358,0.0,0.0,0.0,0.1228070175438596,1753962204217.5342,1753962209217.5342
0.2270807453416148,4.3455113614443865e-05,0.3542553191489361,0.0047181982797645,0.2298136645962732,0.3723404255319149,0.1676240807540957,0.1678688160900677,0.1676240807540957,0.1678688160900677,1.0,0.0,9.0,5.0,0.0360954235094276,1753962207112.5,5.053,2.842,5.0,1753962204783.0,1753962209783.0,0.0,1.0,542243.445824,542248.445824,570.0,22.055430334485667,1.2652711138449724,1.5824594482090346,0.1112668630146498,10.392304845413264,0.7912297241045173,14.20164829563008,22.055430334485667,22.598784637924624,10.763147107836788,0.9848334609729772,0.9848334609729772,0.0692628129596037,0.0692628129596037,11.0,7.596719375001769,36.41229301356767,0.0,0.0,0.0,0.1228070175438596,1753962209217.5342,1753962214217.5342
0.2340372670807453,3.9257744685776274e-05,0.3593617021276595,0.0065291534631054,0.2360248447204969,0.401595744680851,0.1606675590149653,0.1627624331113443,0.1606675590149653,0.1627624331113443,1.0,0.0,9.0,5.0,0.0900836180580392,1753962211977.6,5.105,2.307,5.0,1753962209784.0,1753962214784.0,0.0,0.0,542243.445824,542248.445824,570.0,22.055430334485667,1.2652711138449724,1.5824594482090346,0.1112668630146498,10.392304845413264,0.7912297241045173,14.20164829563008,22.055430334485667,22.598784637924624,10.763147107836788,0.9848334609729772,0.9848334609729772,0.0692628129596037,0.0692628129596037,11.0,7.596719375001769,36.41229301356767,0.0,0.0,0.0,0.1228070175438596,1753962209217.5342,1753962214217.5342
0.2340372670807453,3.9257744685776274e-05,0.3593617021276595,0.0065291534631054,0.2360248447204969,0.401595744680851,0.1606675590149653,0.1627624331113443,0.1606675590149653,0.1627624331113443,1.0,0.0,9.0,5.0,0.0900836180580392,1753962211977.6,5.105,2.307,5.0,1753962209784.0,1753962214784.0,0.0,0.0,542248.445824,542253.445824,603.0,24.01813918430067,0.7756170562760533,1.70412773641846,0.052622505052098,10.392304845413264,0.8520638682092302,17.52314150546679,24.01813918430067,37.326137272182265,3.0220605904337683,0.9897892088445336,0.9897892088445336,0.0592374202375032,0.0592374202375032,7.0,2.202336773665781,5.832448027280668,0.0,0.0,0.0,0.1228070175438596,1753962214217.5342,1753962219217.5342
0.242111801242236,3.316230083715913e-05,0.3527659574468085,0.0037952014486192,0.2422360248447205,0.3829787234042553,0.1525930248534746,0.1693581777921953,0.1525930248534746,0.1693581777921953,1.0,0.0,9.0,5.0,,1753962211977.6,5.105,2.307,5.0,1753962209784.0,1753962214784.0,0.0,0.0,542243.445824,542248.445824,570.0,22.055430334485667,1.2652711138449724,1.5824594482090346,0.1112668630146498,10.392304845413264,0.7912297241045173,14.20164829563008,22.055430334485667,22.598784637924624,10.763147107836788,0.9848334609729772,0.9848334609729772,0.0692628129596037,0.0692628129596037,11.0,7.596719375001769,36.41229301356767,0.0,0.0,0.0,0.1228070175438596,1753962209217.5342,1753962214217.5342
0.242111801242236,3.316230083715913e-05,0.3527659574468085,0.0037952014486192,0.2422360248447205,0.3829787234042553,0.1525930248534746,0.1693581777921953,0.1525930248534746,0.1693581777921953,1.0,0.0,9.0,5.0,,1753962211977.6,5.105,2.307,5.0,1753962209784.0,1753962214784.0,0.0,0.0,542248.445824,542253.445824,603.0,24.01813918430067,0.7756170562760533,1.70412773641846,0.052622505052098,10.392304845413264,0.8520638682092302,17.52314150546679,24.01813918430067,37.326137272182265,3.0220605904337683,0.9897892088445336,0.9897892088445336,0.0592374202375032,0.0592374202375032,7.0,2.202336773665781,5.832448027280668,0.0,0.0,0.0,0.1228070175438596,1753962214217.5342,1753962219217.5342
0.6860869565217392,0.0001006288337641,0.3548936170212765,0.0038649162516976,0.6956521739130435,0.3936170212765957,0.2913821304260286,0.1672305182177272,0.2913821304260286,0.1672305182177272,1.0,0.0,9.0,6.0,0.088789072973751,1753961008369.0,5.0,5.0,6.0,1753961008369.0,1753961013369.0,0.0,1.0,541038.445824,541043.445824,447.0,21.21135886022133,3.657169254125833,1.7016714935863613,0.3025428012251547,10.392304845413264,0.8508357467931806,16.187799724821268,21.21135886022133,53.08364653364949,30.89202115412954,0.8320908713179043,0.8320908713179043,0.1963939384542738,0.1963939384542738,90.0,37.36289390279968,82.69435295166052,0.0,0.0,0.0,0.1228070175438596,1753961004217.5342,1753961009217.5342
0.6860869565217392,0.0001006288337641,0.3548936170212765,0.0038649162516976,0.6956521739130435,0.3936170212765957,0.2913821304260286,0.1672305182177272,0.2913821304260286,0.1672305182177272,1.0,0.0,9.0,6.0,0.088789072973751,1753961008369.0,5.0,5.0,6.0,1753961008369.0,1753961013369.0,0.0,1.0,541043.445824,541048.445824,527.0,27.95048014035248,2.860941570884968,2.2070345561347358,0.22975241120862,10.392304845413264,1.1035172780673677,19.4870210398352,27.95048014035248,25.26244448803852,16.397173029174038,0.9820442575413222,0.9820442575413222,0.068131953278196,0.068131953278196,7.0,12.546024431268602,54.15809639887172,0.0,0.0,0.0,0.1228070175438596,1753961009217.5342,1753961014217.5342
0.6791304347826085,8.581459048647776e-05,0.3463829787234042,0.0023502037120869,0.6832298136645962,0.3723404255319149,0.2844256086868978,0.1757411565155995,0.2844256086868978,0.1757411565155995,1.0,0.0,9.0,6.0,0.0015293431456608,1753961017883.6667,5.27,5.266666666666667,6.0,1753961013370.0,1753961018370.0,0.0,0.0,541043.445824,541048.445824,527.0,27.95048014035248,2.860941570884968,2.2070345561347358,0.22975241120862,10.392304845413264,1.1035172780673677,19.4870210398352,27.95048014035248,25.26244448803852,16.397173029174038,0.9820442575413222,0.9820442575413222,0.068131953278196,0.068131953278196,7.0,12.546024431268602,54.15809639887172,0.0,0.0,0.0,0.1228070175438596,1753961009217.5342,1753961014217.5342
0.6791304347826085,8.581459048647776e-05,0.3463829787234042,0.0023502037120869,0.6832298136645962,0.3723404255319149,0.2844256086868978,0.1757411565155995,0.2844256086868978,0.1757411565155995,1.0,0.0,9.0,6.0,0.0015293431456608,1753961017883.6667,5.27,5.266666666666667,6.0,1753961013370.0,1753961018370.0,0.0,0.0,541048.445824,541053.445824,599.0,25.43761717393088,1.396477622458777,1.9887932294999373,0.104332276204411,10.392304845413264,0.9943966147499688,16.83352581775093,25.43761717393088,15.003221945490743,6.673006725968949,0.9924941087329716,0.9924941087329716,0.0445583058305772,0.0445583058305772,4.0,2.5983476714553424,9.343517755909073,0.0,0.0,0.0,0.1228070175438596,1753961014217.5342,1753961019217.5342
0.6798757763975156,9.291308205701912e-05,0.3531914893617021,0.0033091896785875,0.6832298136645962,0.3803191489361702,0.285170950301805,0.1689326458773017,0.285170950301805,0.1689326458773017,1.0,0.0,9.0,6.0,2.783636022059761e-05,1753961020627.0,5.683125,3.68375,6.0,1753961018371.0,1753961023371.0,0.0,0.0,541048.445824,541053.445824,599.0,25.43761717393088,1.396477622458777,1.9887932294999373,0.104332276204411,10.392304845413264,0.9943966147499688,16.83352581775093,25.43761717393088,15.003221945490743,6.673006725968949,0.9924941087329716,0.9924941087329716,0.0445583058305772,0.0445583058305772,4.0,2.5983476714553424,9.343517755909073,0.0,0.0,0.0,0.1228070175438596,1753961014217.5342,1753961019217.5342
0.6798757763975156,9.291308205701912e-05,0.3531914893617021,0.0033091896785875,0.6832298136645962,0.3803191489361702,0.285170950301805,0.1689326458773017,0.285170950301805,0.1689326458773017,1.0,0.0,9.0,6.0,2.783636022059761e-05,1753961020627.0,5.683125,3.68375,6.0,1753961018371.0,1753961023371.0,0.0,0.0,541053.445824,541058.445824,552.0,23.014672840934224,1.7868160272923066,1.7873932669627648,0.1430619887553063,10.392304845413264,0.8936966334813824,15.97659942739246,23.014672840934224,22.40759534512183,21.69735788699566,0.9783161590552696,0.9783161590552696,0.0830302095141594,0.0830302095141594,16.0,9.59506050677448,40.33186568413719,0.0,0.0,0.0,0.1228070175438596,1753961019217.5342,1753961024217.5342
0.6824844720496892,5.499787816828033e-05,0.3540425531914893,0.00287025803531,0.6894409937888198,0.3723404255319149,0.2877796459539786,0.1680815820475145,0.2877796459539786,0.1680815820475145,1.0,0.0,9.0,6.0,0.0027035289688177,1753961020627.0,5.683125,3.68375,6.0,1753961018371.0,1753961023371.0,0.0,0.0,541048.445824,541053.445824,599.0,25.43761717393088,1.396477622458777,1.9887932294999373,0.104332276204411,10.392304845413264,0.9943966147499688,16.83352581775093,25.43761717393088,15.003221945490743,6.673006725968949,0.9924941087329716,0.9924941087329716,0.0445583058305772,0.0445583058305772,4.0,2.5983476714553424,9.343517755909073,0.0,0.0,0.0,0.1228070175438596,1753961014217.5342,1753961019217.5342
0.6824844720496892,5.499787816828033e-05,0.3540425531914893,0.00287025803531,0.6894409937888198,0.3723404255319149,0.2877796459539786,0.1680815820475145,0.2877796459539786,0.1680815820475145,1.0,0.0,9.0,6.0,0.0027035289688177,1753961020627.0,5.683125,3.68375,6.0,1753961018371.0,1753961023371.0,0.0,0.0,541053.445824,541058.445824,552.0,23.014672840934224,1.7868160272923066,1.7873932669627648,0.1430619887553063,10.392304845413264,0.8936966334813824,15.97659942739246,23.014672840934224,22.40759534512183,21.69735788699566,0.9783161590552696,0.9783161590552696,0.0830302095141594,0.0830302095141594,16.0,9.59506050677448,40.33186568413719,0.0,0.0,0.0,0.1228070175438596,1753961019217.5342,1753961024217.5342
0.6860869565217391,8.67404806913315e-05,0.3540425531914893,0.0041287460389316,0.6894409937888198,0.3723404255319149,0.2913821304260285,0.1680815820475145,0.2913821304260285,0.1680815820475145,1.0,0.0,9.0,6.0,8.92839974401845e-10,1753961020627.0,5.683125,3.68375,6.0,1753961018371.0,1753961023371.0,0.0,0.0,541048.445824,541053.445824,599.0,25.43761717393088,1.396477622458777,1.9887932294999373,0.104332276204411,10.392304845413264,0.9943966147499688,16.83352581775093,25.43761717393088,15.003221945490743,6.673006725968949,0.9924941087329716,0.9924941087329716,0.0445583058305772,0.0445583058305772,4.0,2.5983476714553424,9.343517755909073,0.0,0.0,0.0,0.1228070175438596,1753961014217.5342,1753961019217.5342
0.6860869565217391,8.67404806913315e-05,0.3540425531914893,0.0041287460389316,0.6894409937888198,0.3723404255319149,0.2913821304260285,0.1680815820475145,0.2913821304260285,0.1680815820475145,1.0,0.0,9.0,6.0,8.92839974401845e-10,1753961020627.0,5.683125,3.68375,6.0,1753961018371.0,1753961023371.0,0.0,0.0,541053.445824,541058.445824,552.0,23.014672840934224,1.7868160272923066,1.7873932669627648,0.1430619887553063,10.392304845413264,0.8936966334813824,15.97659942739246,23.014672840934224,22.40759534512183,21.69735788699566,0.9783161590552696,0.9783161590552696,0.0830302095141594,0.0830302095141594,16.0,9.59506050677448,40.33186568413719,0.0,0.0,0.0,0.1228070175438596,1753961019217.5342,1753961024217.5342
0.6918012422360248,8.470352224065452e-05,0.353404255319149,0.0042702127659574,0.6956521739130435,0.3909574468085106,0.2970964161403142,0.1687198799198548,0.2970964161403142,0.1687198799198548,1.0,0.0,9.0,6.0,5.517532306727701e-10,1753961020627.0,5.683125,3.68375,6.0,1753961018371.0,1753961023371.0,0.0,0.0,541048.445824,541053.445824,599.0,25.43761717393088,1.396477622458777,1.9887932294999373,0.104332276204411,10.392304845413264,0.9943966147499688,16.83352581775093,25.43761717393088,15.003221945490743,6.673006725968949,0.9924941087329716,0.9924941087329716,0.0445583058305772,0.0445583058305772,4.0,2.5983476714553424,9.343517755909073,0.0,0.0,0.0,0.1228070175438596,1753961014217.5342,1753961019217.5342
0.6918012422360248,8.470352224065452e-05,0.353404255319149,0.0042702127659574,0.6956521739130435,0.3909574468085106,0.2970964161403142,0.1687198799198548,0.2970964161403142,0.1687198799198548,1.0,0.0,9.0,6.0,5.517532306727701e-10,1753961020627.0,5.683125,3.68375,6.0,1753961018371.0,1753961023371.0,0.0,0.0,541053.445824,541058.445824,552.0,23.014672840934224,1.7868160272923066,1.7873932669627648,0.1430619887553063,10.392304845413264,0.8936966334813824,15.97659942739246,23.014672840934224,22.40759534512183,21.69735788699566,0.9783161590552696,0.9783161590552696,0.0830302095141594,0.0830302095141594,16.0,9.59506050677448,40.33186568413719,0.0,0.0,0.0,0.1228070175438596,1753961019217.5342,1753961024217.5342
0.6949068322981367,8.894718567956515e-05,0.3544680851063829,0.0043976459936622,0.7018633540372671,0.3803191489361702,0.300202006202426,0.1676560501326209,0.300202006202426,0.1676560501326209,1.0,0.0,9.0,6.0,0.002841126157418,1753961020627.0,5.683125,3.68375,6.0,1753961018371.0,1753961023371.0,0.0,0.0,541048.445824,541053.445824,599.0,25.43761717393088,1.396477622458777,1.9887932294999373,0.104332276204411,10.392304845413264,0.9943966147499688,16.83352581775093,25.43761717393088,15.003221945490743,6.673006725968949,0.9924941087329716,0.9924941087329716,0.0445583058305772,0.0445583058305772,4.0,2.5983476714553424,9.343517755909073,0.0,0.0,0.0,0.1228070175438596,1753961014217.5342,1753961019217.5342
0.6949068322981367,8.894718567956515e-05,0.3544680851063829,0.0043976459936622,0.7018633540372671,0.3803191489361702,0.300202006202426,0.1676560501326209,0.300202006202426,0.1676560501326209,1.0,0.0,9.0,6.0,0.002841126157418,1753961020627.0,5.683125,3.68375,6.0,1753961018371.0,1753961023371.0,0.0,0.0,541053.445824,541058.445824,552.0,23.014672840934224,1.7868160272923066,1.7873932669627648,0.1430619887553063,10.392304845413264,0.8936966334813824,15.97659942739246,23.014672840934224,22.40759534512183,21.69735788699566,0.9783161590552696,0.9783161590552696,0.0830302095141594,0.0830302095141594,16.0,9.59506050677448,40.33186568413719,0.0,0.0,0.0,0.1228070175438596,1753961019217.5342,1753961024217.5342
0.6968944099378882,9.87616218510092e-05,0.347659574468085,0.0045741964689904,0.7018633540372671,0.3617021276595745,0.3021895838421776,0.1744645607709187,0.3021895838421776,0.1744645607709187,1.0,0.0,9.0,6.0,1.3509421446675936e-09,1753961020627.0,5.683125,3.68375,6.0,1753961018371.0,1753961023371.0,0.0,0.0,541048.445824,541053.445824,599.0,25.43761717393088,1.396477622458777,1.9887932294999373,0.104332276204411,10.392304845413264,0.9943966147499688,16.83352581775093,25.43761717393088,15.003221945490743,6.673006725968949,0.9924941087329716,0.9924941087329716,0.0445583058305772,0.0445583058305772,4.0,2.5983476714553424,9.343517755909073,0.0,0.0,0.0,0.1228070175438596,1753961014217.5342,1753961019217.5342
0.6968944099378882,9.87616218510092e-05,0.347659574468085,0.0045741964689904,0.7018633540372671,0.3617021276595745,0.3021895838421776,0.1744645607709187,0.3021895838421776,0.1744645607709187,1.0,0.0,9.0,6.0,1.3509421446675936e-09,1753961020627.0,5.683125,3.68375,6.0,1753961018371.0,1753961023371.0,0.0,0.0,541053.445824,541058.445824,552.0,23.014672840934224,1.7868160272923066,1.7873932669627648,0.1430619887553063,10.392304845413264,0.8936966334813824,15.97659942739246,23.014672840934224,22.40759534512183,21.69735788699566,0.9783161590552696,0.9783161590552696,0.0830302095141594,0.0830302095141594,16.0,9.59506050677448,40.33186568413719,0.0,0.0,0.0,0.1228070175438596,1753961019217.5342,1753961024217.5342
0.6996273291925464,6.598510859920553e-05,0.3478723404255319,0.0049807605251244,0.7065217391304348,0.3936170212765957,0.3049225030968358,0.1742517948134719,0.3049225030968358,0.1742517948134719,1.0,0.0,9.0,6.0,3.8937489487664326e-05,1753961020627.0,5.683125,3.68375,6.0,1753961018371.0,1753961023371.0,0.0,0.0,541048.445824,541053.445824,599.0,25.43761717393088,1.396477622458777,1.9887932294999373,0.104332276204411,10.392304845413264,0.9943966147499688,16.83352581775093,25.43761717393088,15.003221945490743,6.673006725968949,0.9924941087329716,0.9924941087329716,0.0445583058305772,0.0445583058305772,4.0,2.5983476714553424,9.343517755909073,0.0,0.0,0.0,0.1228070175438596,1753961014217.5342,1753961019217.5342
0.6996273291925464,6.598510859920553e-05,0.3478723404255319,0.0049807605251244,0.7065217391304348,0.3936170212765957,0.3049225030968358,0.1742517948134719,0.3049225030968358,0.1742517948134719,1.0,0.0,9.0,6.0,3.8937489487664326e-05,1753961020627.0,5.683125,3.68375,6.0,1753961018371.0,1753961023371.0,0.0,0.0,541053.445824,541058.445824,552.0,23.014672840934224,1.7868160272923066,1.7873932669627648,0.1430619887553063,10.392304845413264,0.8936966334813824,15.97659942739246,23.014672840934224,22.40759534512183,21.69735788699566,0.9783161590552696,0.9783161590552696,0.0830302095141594,0.0830302095141594,16.0,9.59506050677448,40.33186568413719,0.0,0.0,0.0,0.1228070175438596,1753961019217.5342,1753961024217.5342
0.6995031055900621,8.470352224065462e-05,0.3487234042553191,0.0041117700316885,0.7018633540372671,0.3829787234042553,0.3047982794943515,0.1734007309836846,0.3047982794943515,0.1734007309836846,1.0,0.0,9.0,6.0,0.0350007866389638,1753961057180.5715,5.342857142857143,3.342857142857142,6.0,1753961053378.0,1753961058378.0,0.0,0.0,541083.445824,541088.445824,404.0,21.94695323219109,1.8893057017947583,1.651017415923041,0.1528367364428162,10.392304845413264,0.8255087079615205,15.82616102974635,21.94695323219109,43.688805242922776,17.131527918290196,0.977683866779957,0.977683866779957,0.0744213803067157,0.0744213803067157,7.0,14.575005366376692,63.83258848703585,0.0,0.0,0.0,0.1228070175438596,1753961049217.5342,1753961054217.5342
0.6995031055900621,8.470352224065462e-05,0.3487234042553191,0.0041117700316885,0.7018633540372671,0.3829787234042553,0.3047982794943515,0.1734007309836846,0.3047982794943515,0.1734007309836846,1.0,0.0,9.0,6.0,0.0350007866389638,1753961057180.5715,5.342857142857143,3.342857142857142,6.0,1753961053378.0,1753961058378.0,0.0,0.0,541088.445824,541093.445824,594.0,21.52808831713147,1.257594397606427,1.6570824739695111,0.0857454901414051,10.392304845413264,0.8285412369847556,14.247522208786645,21.52808831713147,25.95310957636083,32.75195343823746,0.9785946517201388,0.9785946517201388,0.0736450686211183,0.0736450686211183,8.0,4.1357670020819,12.35679827104509,0.0,0.0,0.0,0.1228070175438596,1753961054217.5342,1753961059217.5342
0.7036024844720496,7.413294240191379e-05,0.3553191489361701,0.0036713444997736,0.7080745341614907,0.3936170212765957,0.308897658376339,0.1668049863028337,0.308897658376339,0.1668049863028337,1.0,0.0,9.0,6.0,0.0034055430406485,1753961058800.5,3.67,3.535,6.0,1753961058379.0,1753961063379.0,1.0,0.0,541088.445824,541093.445824,594.0,21.52808831713147,1.257594397606427,1.6570824739695111,0.0857454901414051,10.392304845413264,0.8285412369847556,14.247522208786645,21.52808831713147,25.95310957636083,32.75195343823746,0.9785946517201388,0.9785946517201388,0.0736450686211183,0.0736450686211183,8.0,4.1357670020819,12.35679827104509,0.0,0.0,0.0,0.1228070175438596,1753961054217.5342,1753961059217.5342
0.7036024844720496,7.413294240191379e-05,0.3553191489361701,0.0036713444997736,0.7080745341614907,0.3936170212765957,0.308897658376339,0.1668049863028337,0.308897658376339,0.1668049863028337,1.0,0.0,9.0,6.0,0.0034055430406485,1753961058800.5,3.67,3.535,6.0,1753961058379.0,1753961063379.0,1.0,0.0,541093.445824,541098.445824,259.0,19.356173567931712,2.970388720634919,1.4504271094256749,0.2406159081055463,10.392304845413264,0.7252135547128373,15.775844661786149,19.356173567931712,67.68987038104,51.19406026454246,0.6954217338133595,0.6954217338133595,0.172300817919127,0.172300817919127,112.0,52.30708280874622,77.46518455472048,0.0,0.0,0.0,0.1228070175438596,1753961059217.5342,1753961064217.5342
0.7049689440993789,0.0001145789128505,0.354468085106383,0.0057240380262562,0.7142857142857143,0.3936170212765957,0.3102641180036683,0.1676560501326208,0.3102641180036683,0.1676560501326208,1.0,0.0,9.0,6.0,6.192113895373474e-05,1753961058800.5,3.67,3.535,6.0,1753961058379.0,1753961063379.0,1.0,1.0,541088.445824,541093.445824,594.0,21.52808831713147,1.257594397606427,1.6570824739695111,0.0857454901414051,10.392304845413264,0.8285412369847556,14.247522208786645,21.52808831713147,25.95310957636083,32.75195343823746,0.9785946517201388,0.9785946517201388,0.0736450686211183,0.0736450686211183,8.0,4.1357670020819,12.35679827104509,0.0,0.0,0.0,0.1228070175438596,1753961054217.5342,1753961059217.5342
0.7049689440993789,0.0001145789128505,0.354468085106383,0.0057240380262562,0.7142857142857143,0.3936170212765957,0.3102641180036683,0.1676560501326208,0.3102641180036683,0.1676560501326208,1.0,0.0,9.0,6.0,6.192113895373474e-05,1753961058800.5,3.67,3.535,6.0,1753961058379.0,1753961063379.0,1.0,1.0,541093.445824,541098.445824,259.0,19.356173567931712,2.970388720634919,1.4504271094256749,0.2406159081055463,10.392304845413264,0.7252135547128373,15.775844661786149,19.356173567931712,67.68987038104,51.19406026454246,0.6954217338133595,0.6954217338133595,0.172300817919127,0.172300817919127,112.0,52.30708280874622,77.46518455472048,0.0,0.0,0.0,0.1228070175438596,1753961059217.5342,1753961064217.5342
0.7017391304347826,7.174105937270966e-05,0.3429787234042553,0.0052583069262109,0.7080745341614907,0.3882978723404255,0.307034304339072,0.1791454118347485,0.307034304339072,0.1791454118347485,1.0,0.0,9.0,6.0,0.2367204124098087,1753961058800.5,3.67,3.535,6.0,1753961058379.0,1753961063379.0,1.0,1.0,541088.445824,541093.445824,594.0,21.52808831713147,1.257594397606427,1.6570824739695111,0.0857454901414051,10.392304845413264,0.8285412369847556,14.247522208786645,21.52808831713147,25.95310957636083,32.75195343823746,0.9785946517201388,0.9785946517201388,0.0736450686211183,0.0736450686211183,8.0,4.1357670020819,12.35679827104509,0.0,0.0,0.0,0.1228070175438596,1753961054217.5342,1753961059217.5342
0.7017391304347826,7.174105937270966e-05,0.3429787234042553,0.0052583069262109,0.7080745341614907,0.3882978723404255,0.307034304339072,0.1791454118347485,0.307034304339072,0.1791454118347485,1.0,0.0,9.0,6.0,0.2367204124098087,1753961058800.5,3.67,3.535,6.0,1753961058379.0,1753961063379.0,1.0,1.0,541093.445824,541098.445824,259.0,19.356173567931712,2.970388720634919,1.4504271094256749,0.2406159081055463,10.392304845413264,0.7252135547128373,15.775844661786149,19.356173567931712,67.68987038104,51.19406026454246,0.6954217338133595,0.6954217338133595,0.172300817919127,0.172300817919127,112.0,52.30708280874622,77.46518455472048,0.0,0.0,0.0,0.1228070175438596,1753961059217.5342,1753961064217.5342
0.7075776397515527,6.61085606265193e-05,0.347659574468085,0.0024012675418741,0.7142857142857143,0.3617021276595745,0.3128728136558421,0.1744645607709188,0.3128728136558421,0.1744645607709188,1.0,0.0,9.0,6.0,0.0548859986631646,1753961058800.5,3.67,3.535,6.0,1753961058379.0,1753961063379.0,1.0,1.0,541088.445824,541093.445824,594.0,21.52808831713147,1.257594397606427,1.6570824739695111,0.0857454901414051,10.392304845413264,0.8285412369847556,14.247522208786645,21.52808831713147,25.95310957636083,32.75195343823746,0.9785946517201388,0.9785946517201388,0.0736450686211183,0.0736450686211183,8.0,4.1357670020819,12.35679827104509,0.0,0.0,0.0,0.1228070175438596,1753961054217.5342,1753961059217.5342
0.7075776397515527,6.61085606265193e-05,0.347659574468085,0.0024012675418741,0.7142857142857143,0.3617021276595745,0.3128728136558421,0.1744645607709188,0.3128728136558421,0.1744645607709188,1.0,0.0,9.0,6.0,0.0548859986631646,1753961058800.5,3.67,3.535,6.0,1753961058379.0,1753961063379.0,1.0,1.0,541093.445824,541098.445824,259.0,19.356173567931712,2.970388720634919,1.4504271094256749,0.2406159081055463,10.392304845413264,0.7252135547128373,15.775844661786149,19.356173567931712,67.68987038104,51.19406026454246,0.6954217338133595,0.6954217338133595,0.172300817919127,0.172300817919127,112.0,52.30708280874622,77.46518455472048,0.0,0.0,0.0,0.1228070175438596,1753961059217.5342,1753961064217.5342
0.7069565217391305,0.0001075421472937,0.3561702127659573,0.0020698958804889,0.7142857142857143,0.3803191489361702,0.3122516956434198,0.1659539224730464,0.3122516956434198,0.1659539224730464,1.0,0.0,9.0,6.0,1.822964115964653e-05,1753961058800.5,3.67,3.535,6.0,1753961058379.0,1753961063379.0,1.0,1.0,541088.445824,541093.445824,594.0,21.52808831713147,1.257594397606427,1.6570824739695111,0.0857454901414051,10.392304845413264,0.8285412369847556,14.247522208786645,21.52808831713147,25.95310957636083,32.75195343823746,0.9785946517201388,0.9785946517201388,0.0736450686211183,0.0736450686211183,8.0,4.1357670020819,12.35679827104509,0.0,0.0,0.0,0.1228070175438596,1753961054217.5342,1753961059217.5342
0.7069565217391305,0.0001075421472937,0.3561702127659573,0.0020698958804889,0.7142857142857143,0.3803191489361702,0.3122516956434198,0.1659539224730464,0.3122516956434198,0.1659539224730464,1.0,0.0,9.0,6.0,1.822964115964653e-05,1753961058800.5,3.67,3.535,6.0,1753961058379.0,1753961063379.0,1.0,1.0,541093.445824,541098.445824,259.0,19.356173567931712,2.970388720634919,1.4504271094256749,0.2406159081055463,10.392304845413264,0.7252135547128373,15.775844661786149,19.356173567931712,67.68987038104,51.19406026454246,0.6954217338133595,0.6954217338133595,0.172300817919127,0.172300817919127,112.0,52.30708280874622,77.46518455472048,0.0,0.0,0.0,0.1228070175438596,1753961059217.5342,1753961064217.5342
0.7084472049689442,8.241965973535003e-05,0.3568085106382977,0.0025179266636487,0.7142857142857143,0.3936170212765957,0.3137423788732336,0.165315624600706,0.3137423788732336,0.165315624600706,1.0,0.0,9.0,6.0,0.0010787344679284,1753961058800.5,3.67,3.535,6.0,1753961058379.0,1753961063379.0,1.0,1.0,541088.445824,541093.445824,594.0,21.52808831713147,1.257594397606427,1.6570824739695111,0.0857454901414051,10.392304845413264,0.8285412369847556,14.247522208786645,21.52808831713147,25.95310957636083,32.75195343823746,0.9785946517201388,0.9785946517201388,0.0736450686211183,0.0736450686211183,8.0,4.1357670020819,12.35679827104509,0.0,0.0,0.0,0.1228070175438596,1753961054217.5342,1753961059217.5342
0.7084472049689442,8.241965973535003e-05,0.3568085106382977,0.0025179266636487,0.7142857142857143,0.3936170212765957,0.3137423788732336,0.165315624600706,0.3137423788732336,0.165315624600706,1.0,0.0,9.0,6.0,0.0010787344679284,1753961058800.5,3.67,3.535,6.0,1753961058379.0,1753961063379.0,1.0,1.0,541093.445824,541098.445824,259.0,19.356173567931712,2.970388720634919,1.4504271094256749,0.2406159081055463,10.392304845413264,0.7252135547128373,15.775844661786149,19.356173567931712,67.68987038104,51.19406026454246,0.6954217338133595,0.6954217338133595,0.172300817919127,0.172300817919127,112.0,52.30708280874622,77.46518455472048,0.0,0.0,0.0,0.1228070175438596,1753961059217.5342,1753961064217.5342
0.7120496894409937,6.907140928204958e-05,0.3512765957446808,0.0024693979176097,0.7204968944099379,0.3617021276595745,0.317344863345283,0.170847539494323,0.317344863345283,0.170847539494323,1.0,0.0,9.0,6.0,0.0435819592658059,1753961058800.5,3.67,3.535,6.0,1753961058379.0,1753961063379.0,1.0,1.0,541088.445824,541093.445824,594.0,21.52808831713147,1.257594397606427,1.6570824739695111,0.0857454901414051,10.392304845413264,0.8285412369847556,14.247522208786645,21.52808831713147,25.95310957636083,32.75195343823746,0.9785946517201388,0.9785946517201388,0.0736450686211183,0.0736450686211183,8.0,4.1357670020819,12.35679827104509,0.0,0.0,0.0,0.1228070175438596,1753961054217.5342,1753961059217.5342
0.7120496894409937,6.907140928204958e-05,0.3512765957446808,0.0024693979176097,0.7204968944099379,0.3617021276595745,0.317344863345283,0.170847539494323,0.317344863345283,0.170847539494323,1.0,0.0,9.0,6.0,0.0435819592658059,1753961058800.5,3.67,3.535,6.0,1753961058379.0,1753961063379.0,1.0,1.0,541093.445824,541098.445824,259.0,19.356173567931712,2.970388720634919,1.4504271094256749,0.2406159081055463,10.392304845413264,0.7252135547128373,15.775844661786149,19.356173567931712,67.68987038104,51.19406026454246,0.6954217338133595,0.6954217338133595,0.172300817919127,0.172300817919127,112.0,52.30708280874622,77.46518455472048,0.0,0.0,0.0,0.1228070175438596,1753961059217.5342,1753961064217.5342
0.7122981366459626,7.629335287990461e-05,0.354468085106383,0.0030214576731552,0.7204968944099379,0.3829787234042553,0.317593310550252,0.1676560501326208,0.317593310550252,0.1676560501326208,1.0,0.0,9.0,6.0,0.004614213408121,1753961058800.5,3.67,3.535,6.0,1753961058379.0,1753961063379.0,1.0,1.0,541088.445824,541093.445824,594.0,21.52808831713147,1.257594397606427,1.6570824739695111,0.0857454901414051,10.392304845413264,0.8285412369847556,14.247522208786645,21.52808831713147,25.95310957636083,32.75195343823746,0.9785946517201388,0.9785946517201388,0.0736450686211183,0.0736450686211183,8.0,4.1357670020819,12.35679827104509,0.0,0.0,0.0,0.1228070175438596,1753961054217.5342,1753961059217.5342
0.7122981366459626,7.629335287990461e-05,0.354468085106383,0.0030214576731552,0.7204968944099379,0.3829787234042553,0.317593310550252,0.1676560501326208,0.317593310550252,0.1676560501326208,1.0,0.0,9.0,6.0,0.004614213408121,1753961058800.5,3.67,3.535,6.0,1753961058379.0,1753961063379.0,1.0,1.0,541093.445824,541098.445824,259.0,19.356173567931712,2.970388720634919,1.4504271094256749,0.2406159081055463,10.392304845413264,0.7252135547128373,15.775844661786149,19.356173567931712,67.68987038104,51.19406026454246,0.6954217338133595,0.6954217338133595,0.172300817919127,0.172300817919127,112.0,52.30708280874622,77.46518455472048,0.0,0.0,0.0,0.1228070175438596,1753961059217.5342,1753961064217.5342
0.7141614906832298,7.791366073839774e-05,0.3491489361702127,0.0013883657763693,0.7204968944099379,0.3617021276595745,0.3194566645875191,0.1729751990687911,0.3194566645875191,0.1729751990687911,1.0,0.0,9.0,6.0,0.0780377589582371,1753961100788.3914,4.929565217391304,3.226086956521738,6.0,1753961098387.0,1753961103387.0,0.0,1.0,541128.445824,541133.445824,533.0,25.259599334978915,1.8812214597049803,2.049592714519352,0.1755419848949242,10.392304845413264,1.024796357259676,17.671787702180026,25.259599334978915,28.83026544819582,21.441147461044302,0.9849918906654797,0.9849918906654797,0.0624454573747894,0.0624454573747894,7.0,9.516949496875398,38.50019282439799,0.0,0.0,0.0,0.1228070175438596,1753961094217.5342,1753961099217.5342
0.7141614906832298,7.791366073839774e-05,0.3491489361702127,0.0013883657763693,0.7204968944099379,0.3617021276595745,0.3194566645875191,0.1729751990687911,0.3194566645875191,0.1729751990687911,1.0,0.0,9.0,6.0,0.0780377589582371,1753961100788.3914,4.929565217391304,3.226086956521738,6.0,1753961098387.0,1753961103387.0,0.0,1.0,541133.445824,541138.445824,608.0,23.444833502943972,0.8380128158016614,2.017295343737604,0.0720798108017522,10.392304845413264,1.008647671868802,14.97523551227667,23.444833502943972,11.826251369172176,9.641783780354276,0.9962013691994728,0.9962013691994728,0.0255817028185768,0.0255817028185768,1.0,3.273978894145118,22.47990025666498,0.0,0.0,0.0,0.1228070175438596,1753961099217.5342,1753961104217.5342
0.7103105590062111,7.061455962347159e-05,0.3517021276595744,0.0032567224988682,0.7142857142857143,0.3829787234042553,0.3156057329105005,0.1704220075794293,0.3156057329105005,0.1704220075794293,1.0,0.0,9.0,6.0,0.0029678467478504,1753961105473.5,4.4675,1.53,6.0,1753961103388.0,1753961108388.0,1.0,0.0,541133.445824,541138.445824,608.0,23.444833502943972,0.8380128158016614,2.017295343737604,0.0720798108017522,10.392304845413264,1.008647671868802,14.97523551227667,23.444833502943972,11.826251369172176,9.641783780354276,0.9962013691994728,0.9962013691994728,0.0255817028185768,0.0255817028185768,1.0,3.273978894145118,22.47990025666498,0.0,0.0,0.0,0.1228070175438596,1753961099217.5342,1753961104217.5342
0.7103105590062111,7.061455962347159e-05,0.3517021276595744,0.0032567224988682,0.7142857142857143,0.3829787234042553,0.3156057329105005,0.1704220075794293,0.3156057329105005,0.1704220075794293,1.0,0.0,9.0,6.0,0.0029678467478504,1753961105473.5,4.4675,1.53,6.0,1753961103388.0,1753961108388.0,1.0,0.0,541138.445824,541143.445824,203.0,19.81977304522911,5.165304646426517,1.5908885515917293,0.4505822646837273,10.392304845413262,0.7954442757958646,16.982373113604083,19.81977304522911,80.67667537270911,55.480746973015336,0.7372343106910145,0.7372343106910145,0.1899766623187058,0.1899766623187058,69.0,71.73862346300105,112.384491468688,0.0,0.0,0.0,0.1228070175438596,1753961104217.5342,1753961109217.5342
0.7070807453416148,6.38246981212147e-05,0.3480851063829786,0.002299864191942,0.7142857142857143,0.3617021276595745,0.3123759192459042,0.1740390288560251,0.3123759192459042,0.1740390288560251,1.0,0.0,9.0,6.0,0.0489887426989354,1753961111768.111,5.029999999999999,2.1544444444444446,6.0,1753961108389.0,1753961113389.0,0.0,1.0,541138.445824,541143.445824,203.0,19.81977304522911,5.165304646426517,1.5908885515917293,0.4505822646837273,10.392304845413262,0.7954442757958646,16.982373113604083,19.81977304522911,80.67667537270911,55.480746973015336,0.7372343106910145,0.7372343106910145,0.1899766623187058,0.1899766623187058,69.0,71.73862346300105,112.384491468688,0.0,0.0,0.0,0.1228070175438596,1753961104217.5342,1753961109217.5342
0.7070807453416148,6.38246981212147e-05,0.3480851063829786,0.002299864191942,0.7142857142857143,0.3617021276595745,0.3123759192459042,0.1740390288560251,0.3123759192459042,0.1740390288560251,1.0,0.0,9.0,6.0,0.0489887426989354,1753961111768.111,5.029999999999999,2.1544444444444446,6.0,1753961108389.0,1753961113389.0,0.0,1.0,541143.445824,541148.445824,588.0,20.479967780067295,1.071933269454373,1.6940835871937758,0.1012085827588372,10.392304845413264,0.8470417935968879,13.562199100871585,20.479967780067295,20.23379406608285,12.31972785383102,0.9911458449194054,0.9911458449194054,0.0488205272299055,0.0488205272299055,5.0,4.72345487472278,23.046221620960505,0.0,0.0,0.0,0.1228070175438596,1753961109217.5342,1753961114217.5342
0.7103105590062111,0.0001045638671347,0.3497872340425531,0.0025425079221367,0.7204968944099379,0.3803191489361702,0.3156057329105005,0.1723369011964507,0.3156057329105005,0.1723369011964507,1.0,0.0,9.0,6.0,1.0473536048111372e-05,1753961114901.0,5.27,3.13,6.0,1753961113390.0,1753961118390.0,0.0,0.0,541143.445824,541148.445824,588.0,20.479967780067295,1.071933269454373,1.6940835871937758,0.1012085827588372,10.392304845413264,0.8470417935968879,13.562199100871585,20.479967780067295,20.23379406608285,12.31972785383102,0.9911458449194054,0.9911458449194054,0.0488205272299055,0.0488205272299055,5.0,4.72345487472278,23.046221620960505,0.0,0.0,0.0,0.1228070175438596,1753961109217.5342,1753961114217.5342
0.7103105590062111,0.0001045638671347,0.3497872340425531,0.0025425079221367,0.7204968944099379,0.3803191489361702,0.3156057329105005,0.1723369011964507,0.3156057329105005,0.1723369011964507,1.0,0.0,9.0,6.0,1.0473536048111372e-05,1753961114901.0,5.27,3.13,6.0,1753961113390.0,1753961118390.0,0.0,0.0,541148.445824,541153.445824,329.0,19.994928933161987,2.479687140270148,1.596843621577022,0.2102247744835855,10.392304845413264,0.7984218107885109,16.745880588826633,19.994928933161987,88.43363745525845,62.68525008363978,0.7375384953808107,0.7375384953808107,0.1891532018677016,0.1891532018677016,111.0,32.49474440313078,73.66955958315918,0.0,0.0,0.0,0.1228070175438596,1753961114217.5342,1753961119217.5342
0.7145341614906832,0.0001218471509586,0.3508510638297872,0.0026052059755545,0.7251552795031057,0.3723404255319149,0.3198293353949725,0.1712730714092166,0.3198293353949725,0.1712730714092166,1.0,0.0,9.0,6.0,5.858576336627917e-05,1753961114901.0,5.27,3.13,6.0,1753961113390.0,1753961118390.0,0.0,0.0,541143.445824,541148.445824,588.0,20.479967780067295,1.071933269454373,1.6940835871937758,0.1012085827588372,10.392304845413264,0.8470417935968879,13.562199100871585,20.479967780067295,20.23379406608285,12.31972785383102,0.9911458449194054,0.9911458449194054,0.0488205272299055,0.0488205272299055,5.0,4.72345487472278,23.046221620960505,0.0,0.0,0.0,0.1228070175438596,1753961109217.5342,1753961114217.5342
0.7145341614906832,0.0001218471509586,0.3508510638297872,0.0026052059755545,0.7251552795031057,0.3723404255319149,0.3198293353949725,0.1712730714092166,0.3198293353949725,0.1712730714092166,1.0,0.0,9.0,6.0,5.858576336627917e-05,1753961114901.0,5.27,3.13,6.0,1753961113390.0,1753961118390.0,0.0,0.0,541148.445824,541153.445824,329.0,19.994928933161987,2.479687140270148,1.596843621577022,0.2102247744835855,10.392304845413264,0.7984218107885109,16.745880588826633,19.994928933161987,88.43363745525845,62.68525008363978,0.7375384953808107,0.7375384953808107,0.1891532018677016,0.1891532018677016,111.0,32.49474440313078,73.66955958315918,0.0,0.0,0.0,0.1228070175438596,1753961114217.5342,1753961119217.5342
0.7147826086956521,8.616951506500553e-05,0.3544680851063829,0.0038634676324128,0.7204968944099379,0.3723404255319149,0.3200777825999415,0.1676560501326209,0.3200777825999415,0.1676560501326209,1.0,0.0,9.0,6.0,3.3089455965811306e-05,1753961114901.0,5.27,3.13,6.0,1753961113390.0,1753961118390.0,0.0,0.0,541143.445824,541148.445824,588.0,20.479967780067295,1.071933269454373,1.6940835871937758,0.1012085827588372,10.392304845413264,0.8470417935968879,13.562199100871585,20.479967780067295,20.23379406608285,12.31972785383102,0.9911458449194054,0.9911458449194054,0.0488205272299055,0.0488205272299055,5.0,4.72345487472278,23.046221620960505,0.0,0.0,0.0,0.1228070175438596,1753961109217.5342,1753961114217.5342
0.7147826086956521,8.616951506500553e-05,0.3544680851063829,0.0038634676324128,0.7204968944099379,0.3723404255319149,0.3200777825999415,0.1676560501326209,0.3200777825999415,0.1676560501326209,1.0,0.0,9.0,6.0,3.3089455965811306e-05,1753961114901.0,5.27,3.13,6.0,1753961113390.0,1753961118390.0,0.0,0.0,541148.445824,541153.445824,329.0,19.994928933161987,2.479687140270148,1.596843621577022,0.2102247744835855,10.392304845413264,0.7984218107885109,16.745880588826633,19.994928933161987,88.43363745525845,62.68525008363978,0.7375384953808107,0.7375384953808107,0.1891532018677016,0.1891532018677016,111.0,32.49474440313078,73.66955958315918,0.0,0.0,0.0,0.1228070175438596,1753961114217.5342,1753961119217.5342
0.7185093167701863,0.0001009837583426,0.3495744680851064,0.0032775464010864,0.7267080745341615,0.4069148936170212,0.3238044906744756,0.1725496671538974,0.3238044906744756,0.1725496671538974,1.0,0.0,9.0,6.0,0.0001878606174351,1753961114901.0,5.27,3.13,6.0,1753961113390.0,1753961118390.0,0.0,0.0,541143.445824,541148.445824,588.0,20.479967780067295,1.071933269454373,1.6940835871937758,0.1012085827588372,10.392304845413264,0.8470417935968879,13.562199100871585,20.479967780067295,20.23379406608285,12.31972785383102,0.9911458449194054,0.9911458449194054,0.0488205272299055,0.0488205272299055,5.0,4.72345487472278,23.046221620960505,0.0,0.0,0.0,0.1228070175438596,1753961109217.5342,1753961114217.5342
0.7185093167701863,0.0001009837583426,0.3495744680851064,0.0032775464010864,0.7267080745341615,0.4069148936170212,0.3238044906744756,0.1725496671538974,0.3238044906744756,0.1725496671538974,1.0,0.0,9.0,6.0,0.0001878606174351,1753961114901.0,5.27,3.13,6.0,1753961113390.0,1753961118390.0,0.0,0.0,541148.445824,541153.445824,329.0,19.994928933161987,2.479687140270148,1.596843621577022,0.2102247744835855,10.392304845413264,0.7984218107885109,16.745880588826633,19.994928933161987,88.43363745525845,62.68525008363978,0.7375384953808107,0.7375384953808107,0.1891532018677016,0.1891532018677016,111.0,32.49474440313078,73.66955958315918,0.0,0.0,0.0,0.1228070175438596,1753961114217.5342,1753961119217.5342
0.7187577639751553,7.721924308475772e-05,0.3548936170212766,0.0070382978723404,0.7267080745341615,0.3936170212765957,0.3240529378794447,0.1672305182177272,0.3240529378794447,0.1672305182177272,1.0,0.0,9.0,6.0,0.1997364472279754,1753961114901.0,5.27,3.13,6.0,1753961113390.0,1753961118390.0,0.0,0.0,541143.445824,541148.445824,588.0,20.479967780067295,1.071933269454373,1.6940835871937758,0.1012085827588372,10.392304845413264,0.8470417935968879,13.562199100871585,20.479967780067295,20.23379406608285,12.31972785383102,0.9911458449194054,0.9911458449194054,0.0488205272299055,0.0488205272299055,5.0,4.72345487472278,23.046221620960505,0.0,0.0,0.0,0.1228070175438596,1753961109217.5342,1753961114217.5342
0.7187577639751553,7.721924308475772e-05,0.3548936170212766,0.0070382978723404,0.7267080745341615,0.3936170212765957,0.3240529378794447,0.1672305182177272,0.3240529378794447,0.1672305182177272,1.0,0.0,9.0,6.0,0.1997364472279754,1753961114901.0,5.27,3.13,6.0,1753961113390.0,1753961118390.0,0.0,0.0,541148.445824,541153.445824,329.0,19.994928933161987,2.479687140270148,1.596843621577022,0.2102247744835855,10.392304845413264,0.7984218107885109,16.745880588826633,19.994928933161987,88.43363745525845,62.68525008363978,0.7375384953808107,0.7375384953808107,0.1891532018677016,0.1891532018677016,111.0,32.49474440313078,73.66955958315918,0.0,0.0,0.0,0.1228070175438596,1753961114217.5342,1753961119217.5342
0.713167701863354,0.0001877859650476,0.3480851063829786,0.0238933454051607,0.7142857142857143,0.401595744680851,0.3184628757676433,0.1740390288560251,0.3184628757676433,0.1740390288560251,1.0,0.0,9.0,6.0,0.020190589418893,1753961114901.0,5.27,3.13,6.0,1753961113390.0,1753961118390.0,0.0,0.0,541143.445824,541148.445824,588.0,20.479967780067295,1.071933269454373,1.6940835871937758,0.1012085827588372,10.392304845413264,0.8470417935968879,13.562199100871585,20.479967780067295,20.23379406608285,12.31972785383102,0.9911458449194054,0.9911458449194054,0.0488205272299055,0.0488205272299055,5.0,4.72345487472278,23.046221620960505,0.0,0.0,0.0,0.1228070175438596,1753961109217.5342,1753961114217.5342
0.713167701863354,0.0001877859650476,0.3480851063829786,0.0238933454051607,0.7142857142857143,0.401595744680851,0.3184628757676433,0.1740390288560251,0.3184628757676433,0.1740390288560251,1.0,0.0,9.0,6.0,0.020190589418893,1753961114901.0,5.27,3.13,6.0,1753961113390.0,1753961118390.0,0.0,0.0,541148.445824,541153.445824,329.0,19.994928933161987,2.479687140270148,1.596843621577022,0.2102247744835855,10.392304845413264,0.7984218107885109,16.745880588826633,19.994928933161987,88.43363745525845,62.68525008363978,0.7375384953808107,0.7375384953808107,0.1891532018677016,0.1891532018677016,111.0,32.49474440313078,73.66955958315918,0.0,0.0,0.0,0.1228070175438596,1753961114217.5342,1753961119217.5342
0.7132919254658385,0.0001024034566567,0.3434042553191488,0.0032369397917609,0.7204968944099379,0.3696808510638297,0.3185870993701279,0.1787198799198549,0.3185870993701279,0.1787198799198549,1.0,0.0,9.0,6.0,0.0043974862884683,1753961144621.8333,3.866666666666666,2.7983333333333333,6.0,1753961143396.0,1753961148396.0,1.0,0.0,541173.445824,541178.445824,483.0,24.996019894847567,2.984142250080734,2.101109877687748,0.2363197371564332,10.392304845413264,1.050554938843874,17.10533503347482,24.996019894847567,34.771083556097594,18.118461838005164,0.964577887812458,0.964577887812458,0.0898562345453602,0.0898562345453602,7.0,13.632009538251909,45.77673458784117,0.0,0.0,0.0,0.1228070175438596,1753961139217.5342,1753961144217.5342
0.7132919254658385,0.0001024034566567,0.3434042553191488,0.0032369397917609,0.7204968944099379,0.3696808510638297,0.3185870993701279,0.1787198799198549,0.3185870993701279,0.1787198799198549,1.0,0.0,9.0,6.0,0.0043974862884683,1753961144621.8333,3.866666666666666,2.7983333333333333,6.0,1753961143396.0,1753961148396.0,1.0,0.0,541178.445824,541183.445824,321.0,21.498086223129288,3.0927522096385176,1.851480707692989,0.2784692514576195,10.392304845413264,0.9257403538464944,14.865363008078454,21.498086223129288,44.90050835433599,44.134185710159926,0.8985959938617749,0.8985959938617749,0.1629318767130151,0.1629318767130151,37.0,48.57127554484298,138.91955275317005,0.0,0.0,0.0,0.1228070175438596,1753961144217.5342,1753961149217.5342
0.7207453416149069,0.0001141313992515,0.3497872340425532,0.0026285196921684,0.7267080745341615,0.3696808510638297,0.3260405155191963,0.1723369011964506,0.3260405155191963,0.1723369011964506,1.0,0.0,9.0,6.0,,1753961144621.8333,3.866666666666666,2.7983333333333333,6.0,1753961143396.0,1753961148396.0,1.0,1.0,541173.445824,541178.445824,483.0,24.996019894847567,2.984142250080734,2.101109877687748,0.2363197371564332,10.392304845413264,1.050554938843874,17.10533503347482,24.996019894847567,34.771083556097594,18.118461838005164,0.964577887812458,0.964577887812458,0.0898562345453602,0.0898562345453602,7.0,13.632009538251909,45.77673458784117,0.0,0.0,0.0,0.1228070175438596,1753961139217.5342,1753961144217.5342
0.7207453416149069,0.0001141313992515,0.3497872340425532,0.0026285196921684,0.7267080745341615,0.3696808510638297,0.3260405155191963,0.1723369011964506,0.3260405155191963,0.1723369011964506,1.0,0.0,9.0,6.0,,1753961144621.8333,3.866666666666666,2.7983333333333333,6.0,1753961143396.0,1753961148396.0,1.0,1.0,541178.445824,541183.445824,321.0,21.498086223129288,3.0927522096385176,1.851480707692989,0.2784692514576195,10.392304845413264,0.9257403538464944,14.865363008078454,21.498086223129288,44.90050835433599,44.134185710159926,0.8985959938617749,0.8985959938617749,0.1629318767130151,0.1629318767130151,37.0,48.57127554484298,138.91955275317005,0.0,0.0,0.0,0.1228070175438596,1753961144217.5342,1753961149217.5342
0.6021118012422361,5.927240461401975e-05,0.3534042553191489,0.0053657311000452,0.6086956521739131,0.3723404255319149,0.2074069751465254,0.1687198799198549,0.2074069751465254,0.1687198799198549,0.0,1.0,9.0,7.0,0.0065909286381444,1753960391736.0,5.0,5.0,7.0,1753960391736.0,1753960396736.0,0.0,1.0,540423.445824,540428.445824,619.0,21.97693177258292,1.8190092123994892,1.7666704915966387,0.1343040964540512,10.392304845413264,0.8833352457983193,13.588901039763345,21.97693177258292,37.52152750049605,25.404101719347462,0.999397417735882,0.999397417735882,0.0030179177621091,0.0030179177621091,0.0,2.3949157532359875,4.40741299320194,0.0,0.0,0.0,0.1228070175438596,1753960389217.5342,1753960394217.5342
0.6021118012422361,5.927240461401975e-05,0.3534042553191489,0.0053657311000452,0.6086956521739131,0.3723404255319149,0.2074069751465254,0.1687198799198549,0.2074069751465254,0.1687198799198549,0.0,1.0,9.0,7.0,0.0065909286381444,1753960391736.0,5.0,5.0,7.0,1753960391736.0,1753960396736.0,0.0,1.0,540428.445824,540433.445824,608.0,27.206719343149032,1.282120633884939,2.480025554493181,0.364822497742723,10.392304845413264,1.2400127772465908,19.69041437118803,27.206719343149032,57.29443345472852,51.440841864545966,0.9761343804975106,0.9761343804975106,0.0703171369225695,0.0703171369225695,2.0,5.786045314713893,12.31963158416944,0.0,0.0,0.0,0.1228070175438596,1753960394217.5342,1753960399217.5342
0.5982608695652175,7.320705219706058e-05,0.3568085106382978,0.0033735174287007,0.6071428571428572,0.3936170212765957,0.2035560434695069,0.1653156246007059,0.2035560434695069,0.1653156246007059,0.0,1.0,9.0,7.0,0.399062147901591,1753960391736.0,5.0,5.0,7.0,1753960391736.0,1753960396736.0,0.0,0.0,540423.445824,540428.445824,619.0,21.97693177258292,1.8190092123994892,1.7666704915966387,0.1343040964540512,10.392304845413264,0.8833352457983193,13.588901039763345,21.97693177258292,37.52152750049605,25.404101719347462,0.999397417735882,0.999397417735882,0.0030179177621091,0.0030179177621091,0.0,2.3949157532359875,4.40741299320194,0.0,0.0,0.0,0.1228070175438596,1753960389217.5342,1753960394217.5342
0.5982608695652175,7.320705219706058e-05,0.3568085106382978,0.0033735174287007,0.6071428571428572,0.3936170212765957,0.2035560434695069,0.1653156246007059,0.2035560434695069,0.1653156246007059,0.0,1.0,9.0,7.0,0.399062147901591,1753960391736.0,5.0,5.0,7.0,1753960391736.0,1753960396736.0,0.0,0.0,540428.445824,540433.445824,608.0,27.206719343149032,1.282120633884939,2.480025554493181,0.364822497742723,10.392304845413264,1.2400127772465908,19.69041437118803,27.206719343149032,57.29443345472852,51.440841864545966,0.9761343804975106,0.9761343804975106,0.0703171369225695,0.0703171369225695,2.0,5.786045314713893,12.31963158416944,0.0,0.0,0.0,0.1228070175438596,1753960394217.5342,1753960399217.5342
0.5806211180124223,0.0002302997569538,0.3563829787234042,0.0045371208691715,0.59472049689441,0.3723404255319149,0.1859162919167117,0.1657411565155995,0.1859162919167117,0.1657411565155995,0.0,1.0,9.0,7.0,0.1338195346085509,1753960391736.0,5.0,5.0,7.0,1753960391736.0,1753960396736.0,0.0,0.0,540423.445824,540428.445824,619.0,21.97693177258292,1.8190092123994892,1.7666704915966387,0.1343040964540512,10.392304845413264,0.8833352457983193,13.588901039763345,21.97693177258292,37.52152750049605,25.404101719347462,0.999397417735882,0.999397417735882,0.0030179177621091,0.0030179177621091,0.0,2.3949157532359875,4.40741299320194,0.0,0.0,0.0,0.1228070175438596,1753960389217.5342,1753960394217.5342
0.5806211180124223,0.0002302997569538,0.3563829787234042,0.0045371208691715,0.59472049689441,0.3723404255319149,0.1859162919167117,0.1657411565155995,0.1859162919167117,0.1657411565155995,0.0,1.0,9.0,7.0,0.1338195346085509,1753960391736.0,5.0,5.0,7.0,1753960391736.0,1753960396736.0,0.0,0.0,540428.445824,540433.445824,608.0,27.206719343149032,1.282120633884939,2.480025554493181,0.364822497742723,10.392304845413264,1.2400127772465908,19.69041437118803,27.206719343149032,57.29443345472852,51.440841864545966,0.9761343804975106,0.9761343804975106,0.0703171369225695,0.0703171369225695,2.0,5.786045314713893,12.31963158416944,0.0,0.0,0.0,0.1228070175438596,1753960394217.5342,1753960399217.5342
0.5741614906832297,8.357702249141656e-05,0.3525531914893616,0.007261249434133,0.577639751552795,0.3723404255319149,0.1794566645875191,0.1695709437496421,0.1794566645875191,0.1695709437496421,0.0,1.0,9.0,7.0,0.0851855801530566,1753960409971.0,4.6,5.0,7.0,1753960406739.0,1753960411739.0,0.0,0.0,540438.445824,540443.445824,599.0,26.51275935841562,1.936043405857626,2.6629088077150764,0.1938224298239461,10.392304845413264,1.3314544038575382,19.360664194161583,26.51275935841562,26.19724302470784,10.301637036026344,0.9904459915578212,0.9904459915578212,0.05106237109834,0.05106237109834,4.0,6.081147098792099,29.529330235726786,0.0,0.0,0.0,0.1228070175438596,1753960404217.5342,1753960409217.5342
0.5741614906832297,8.357702249141656e-05,0.3525531914893616,0.007261249434133,0.577639751552795,0.3723404255319149,0.1794566645875191,0.1695709437496421,0.1794566645875191,0.1695709437496421,0.0,1.0,9.0,7.0,0.0851855801530566,1753960409971.0,4.6,5.0,7.0,1753960406739.0,1753960411739.0,0.0,0.0,540443.445824,540448.445824,600.0,24.443613685585145,1.6051015396666517,2.469032016822622,0.154287295850597,10.392304845413264,1.234516008411311,17.28030822506652,24.443613685585145,25.580940366912536,10.660202585691644,0.9818219089084792,0.9818219089084792,0.0802937319936793,0.0802937319936793,16.0,6.7999916435995456,33.097541318251395,0.0,0.0,0.0,0.1228070175438596,1753960409217.5342,1753960414217.5342
0.582608695652174,7.561436672967893e-05,0.3465957446808509,0.0076554549569941,0.5900621118012422,0.3617021276595745,0.1879038695564633,0.1755283905581528,0.1879038695564633,0.1755283905581528,0.0,1.0,9.0,7.0,7.212979493840618e-05,1753960409971.0,4.6,5.0,7.0,1753960406739.0,1753960411739.0,0.0,0.0,540438.445824,540443.445824,599.0,26.51275935841562,1.936043405857626,2.6629088077150764,0.1938224298239461,10.392304845413264,1.3314544038575382,19.360664194161583,26.51275935841562,26.19724302470784,10.301637036026344,0.9904459915578212,0.9904459915578212,0.05106237109834,0.05106237109834,4.0,6.081147098792099,29.529330235726786,0.0,0.0,0.0,0.1228070175438596,1753960404217.5342,1753960409217.5342
0.582608695652174,7.561436672967893e-05,0.3465957446808509,0.0076554549569941,0.5900621118012422,0.3617021276595745,0.1879038695564633,0.1755283905581528,0.1879038695564633,0.1755283905581528,0.0,1.0,9.0,7.0,7.212979493840618e-05,1753960409971.0,4.6,5.0,7.0,1753960406739.0,1753960411739.0,0.0,0.0,540443.445824,540448.445824,600.0,24.443613685585145,1.6051015396666517,2.469032016822622,0.154287295850597,10.392304845413264,1.234516008411311,17.28030822506652,24.443613685585145,25.580940366912536,10.660202585691644,0.9818219089084792,0.9818219089084792,0.0802937319936793,0.0802937319936793,16.0,6.7999916435995456,33.097541318251395,0.0,0.0,0.0,0.1228070175438596,1753960409217.5342,1753960414217.5342
0.5843478260869565,0.0001000578681378,0.3531914893617021,0.0065323675871435,0.5900621118012422,0.3776595744680851,0.1896429999912458,0.1689326458773017,0.1896429999912458,0.1689326458773017,0.0,1.0,9.0,7.0,6.133127482646231e-05,1753960420425.0,5.1325,5.0,7.0,1753960416741.0,1753960421741.0,0.0,0.0,540448.445824,540453.445824,595.0,26.837188855735263,1.3606755521095306,2.658620173813988,0.119878975085377,10.392304845413264,1.3293100869069938,19.226607916114872,26.837188855735263,41.33168401240534,8.108559301958884,0.9899339228149774,0.9899339228149774,0.0599663664063813,0.0599663664063813,7.0,5.762825778753912,23.11603561254716,0.0,0.0,0.0,0.1228070175438596,1753960414217.5342,1753960419217.5342
0.5843478260869565,0.0001000578681378,0.3531914893617021,0.0065323675871435,0.5900621118012422,0.3776595744680851,0.1896429999912458,0.1689326458773017,0.1896429999912458,0.1689326458773017,0.0,1.0,9.0,7.0,6.133127482646231e-05,1753960420425.0,5.1325,5.0,7.0,1753960416741.0,1753960421741.0,0.0,0.0,540453.445824,540458.445824,609.0,24.42051766263193,2.451729902806613,2.4043027865588416,0.2126514440365827,10.392304845413264,1.2021513932794208,16.054687002597653,24.42051766263193,27.736007979180595,11.764812996699538,0.9983174983100136,0.9983174983100136,0.0219483765898395,0.0219483765898395,1.0,2.701639657582076,4.976918755513975,0.0,0.0,0.0,0.1228070175438596,1753960419217.5342,1753960424217.5342
0.5854658385093168,8.149376953049681e-05,0.3512765957446808,0.0053258940697148,0.5900621118012422,0.3829787234042553,0.1907610124136061,0.1708475394943229,0.1907610124136061,0.1708475394943229,0.0,1.0,9.0,7.0,7.651971672621132e-05,1753960423039.0,5.53,5.533333333333334,7.0,1753960421742.0,1753960426742.0,0.0,0.0,540453.445824,540458.445824,609.0,24.42051766263193,2.451729902806613,2.4043027865588416,0.2126514440365827,10.392304845413264,1.2021513932794208,16.054687002597653,24.42051766263193,27.736007979180595,11.764812996699538,0.9983174983100136,0.9983174983100136,0.0219483765898395,0.0219483765898395,1.0,2.701639657582076,4.976918755513975,0.0,0.0,0.0,0.1228070175438596,1753960419217.5342,1753960424217.5342
0.5854658385093168,8.149376953049681e-05,0.3512765957446808,0.0053258940697148,0.5900621118012422,0.3829787234042553,0.1907610124136061,0.1708475394943229,0.1907610124136061,0.1708475394943229,0.0,1.0,9.0,7.0,7.651971672621132e-05,1753960423039.0,5.53,5.533333333333334,7.0,1753960421742.0,1753960426742.0,0.0,0.0,540458.445824,540463.445824,611.0,25.332489011444835,1.985696612462603,2.4664469504668847,0.1829651098192651,10.392304845413264,1.2332234752334426,18.17198950526039,25.332489011444835,35.089960657148985,13.742365865998956,0.9913659602583772,0.9913659602583772,0.0569695643952778,0.0569695643952778,9.0,5.645325050254765,28.497494252140108,0.0,0.0,0.0,0.1228070175438596,1753960424217.5342,1753960429217.5342
0.5914285714285714,8.840708306006745e-05,0.3495744680851063,0.0068311905839746,0.5962732919254659,0.3617021276595745,0.1967237453328608,0.1725496671538974,0.1967237453328608,0.1725496671538974,0.0,1.0,9.0,7.0,0.0012685828523107,1753960431113.0,4.866666666666666,5.53,7.0,1753960426743.0,1753960431743.0,0.0,0.0,540458.445824,540463.445824,611.0,25.332489011444835,1.985696612462603,2.4664469504668847,0.1829651098192651,10.392304845413264,1.2332234752334426,18.17198950526039,25.332489011444835,35.089960657148985,13.742365865998956,0.9913659602583772,0.9913659602583772,0.0569695643952778,0.0569695643952778,9.0,5.645325050254765,28.497494252140108,0.0,0.0,0.0,0.1228070175438596,1753960424217.5342,1753960429217.5342
0.5914285714285714,8.840708306006745e-05,0.3495744680851063,0.0068311905839746,0.5962732919254659,0.3617021276595745,0.1967237453328608,0.1725496671538974,0.1967237453328608,0.1725496671538974,0.0,1.0,9.0,7.0,0.0012685828523107,1753960431113.0,4.866666666666666,5.53,7.0,1753960426743.0,1753960431743.0,0.0,0.0,540463.445824,540468.445824,619.0,23.56806284434632,2.188321809438411,2.318324897186789,0.2058478275287315,10.392304845413264,1.1591624485933942,14.437642061829916,23.56806284434632,19.25099419791084,6.65998612144073,0.9998687244698848,0.9998687244698848,0.0011487529022539,0.0011487529022539,0.0,1.897245518198925,2.9208834089529856,0.0,0.0,0.0,0.1228070175438596,1753960429217.5342,1753960434217.5342
0.5893167701863354,7.505883260676699e-05,0.3553191489361702,0.0057944771389769,0.5962732919254659,0.3803191489361702,0.1946119440906248,0.1668049863028335,0.1946119440906248,0.1668049863028335,0.0,1.0,9.0,7.0,0.0332882980757761,1753960434137.0,3.93,5.53,7.0,1753960431744.0,1753960436744.0,0.0,0.0,540463.445824,540468.445824,619.0,23.56806284434632,2.188321809438411,2.318324897186789,0.2058478275287315,10.392304845413264,1.1591624485933942,14.437642061829916,23.56806284434632,19.25099419791084,6.65998612144073,0.9998687244698848,0.9998687244698848,0.0011487529022539,0.0011487529022539,0.0,1.897245518198925,2.9208834089529856,0.0,0.0,0.0,0.1228070175438596,1753960429217.5342,1753960434217.5342
0.5893167701863354,7.505883260676699e-05,0.3553191489361702,0.0057944771389769,0.5962732919254659,0.3803191489361702,0.1946119440906248,0.1668049863028335,0.1946119440906248,0.1668049863028335,0.0,1.0,9.0,7.0,0.0332882980757761,1753960434137.0,3.93,5.53,7.0,1753960431744.0,1753960436744.0,0.0,0.0,540468.445824,540473.445824,609.0,24.74835184670836,1.7643279099154452,2.399749909541566,0.1716005342684723,10.392304845413264,1.199874954770783,17.850703236970784,24.74835184670836,34.42435685914731,9.616004107039146,0.989881070758686,0.989881070758686,0.055696395375202,0.055696395375202,6.0,4.620165901926793,12.68222772889416,0.0,0.0,0.0,0.1228070175438596,1753960434217.5342,1753960439217.5342
0.598136645962733,7.445700397361241e-05,0.3534042553191489,0.0062258488003621,0.6024844720496895,0.425531914893617,0.2034318198670223,0.1687198799198549,0.2034318198670223,0.1687198799198549,0.0,1.0,9.0,7.0,5.07801383861231e-10,1753960434137.0,3.93,5.53,7.0,1753960431744.0,1753960436744.0,0.0,0.0,540463.445824,540468.445824,619.0,23.56806284434632,2.188321809438411,2.318324897186789,0.2058478275287315,10.392304845413264,1.1591624485933942,14.437642061829916,23.56806284434632,19.25099419791084,6.65998612144073,0.9998687244698848,0.9998687244698848,0.0011487529022539,0.0011487529022539,0.0,1.897245518198925,2.9208834089529856,0.0,0.0,0.0,0.1228070175438596,1753960429217.5342,1753960434217.5342
0.598136645962733,7.445700397361241e-05,0.3534042553191489,0.0062258488003621,0.6024844720496895,0.425531914893617,0.2034318198670223,0.1687198799198549,0.2034318198670223,0.1687198799198549,0.0,1.0,9.0,7.0,5.07801383861231e-10,1753960434137.0,3.93,5.53,7.0,1753960431744.0,1753960436744.0,0.0,0.0,540468.445824,540473.445824,609.0,24.74835184670836,1.7643279099154452,2.399749909541566,0.1716005342684723,10.392304845413264,1.199874954770783,17.850703236970784,24.74835184670836,34.42435685914731,9.616004107039146,0.989881070758686,0.989881070758686,0.055696395375202,0.055696395375202,6.0,4.620165901926793,12.68222772889416,0.0,0.0,0.0,0.1228070175438596,1753960434217.5342,1753960439217.5342
0.5951552795031055,7.359283978241607e-05,0.3534042553191489,0.0060628791308284,0.6024844720496895,0.3590425531914893,0.2004504534073949,0.1687198799198549,0.2004504534073949,0.1687198799198549,0.0,1.0,9.0,7.0,0.0632756835947831,1753960434137.0,3.93,5.53,7.0,1753960431744.0,1753960436744.0,0.0,0.0,540463.445824,540468.445824,619.0,23.56806284434632,2.188321809438411,2.318324897186789,0.2058478275287315,10.392304845413264,1.1591624485933942,14.437642061829916,23.56806284434632,19.25099419791084,6.65998612144073,0.9998687244698848,0.9998687244698848,0.0011487529022539,0.0011487529022539,0.0,1.897245518198925,2.9208834089529856,0.0,0.0,0.0,0.1228070175438596,1753960429217.5342,1753960434217.5342
0.5951552795031055,7.359283978241607e-05,0.3534042553191489,0.0060628791308284,0.6024844720496895,0.3590425531914893,0.2004504534073949,0.1687198799198549,0.2004504534073949,0.1687198799198549,0.0,1.0,9.0,7.0,0.0632756835947831,1753960434137.0,3.93,5.53,7.0,1753960431744.0,1753960436744.0,0.0,0.0,540468.445824,540473.445824,609.0,24.74835184670836,1.7643279099154452,2.399749909541566,0.1716005342684723,10.392304845413264,1.199874954770783,17.850703236970784,24.74835184670836,34.42435685914731,9.616004107039146,0.989881070758686,0.989881070758686,0.055696395375202,0.055696395375202,6.0,4.620165901926793,12.68222772889416,0.0,0.0,0.0,0.1228070175438596,1753960434217.5342,1753960439217.5342
0.6028571428571429,6.081555495544169e-05,0.3508510638297872,0.0052489361702127,0.6086956521739131,0.3670212765957447,0.2081523167614322,0.1712730714092166,0.2081523167614322,0.1712730714092166,0.0,1.0,9.0,7.0,0.0314374493917507,1753960434137.0,3.93,5.53,7.0,1753960431744.0,1753960436744.0,0.0,0.0,540463.445824,540468.445824,619.0,23.56806284434632,2.188321809438411,2.318324897186789,0.2058478275287315,10.392304845413264,1.1591624485933942,14.437642061829916,23.56806284434632,19.25099419791084,6.65998612144073,0.9998687244698848,0.9998687244698848,0.0011487529022539,0.0011487529022539,0.0,1.897245518198925,2.9208834089529856,0.0,0.0,0.0,0.1228070175438596,1753960429217.5342,1753960434217.5342
0.6028571428571429,6.081555495544169e-05,0.3508510638297872,0.0052489361702127,0.6086956521739131,0.3670212765957447,0.2081523167614322,0.1712730714092166,0.2081523167614322,0.1712730714092166,0.0,1.0,9.0,7.0,0.0314374493917507,1753960434137.0,3.93,5.53,7.0,1753960431744.0,1753960436744.0,0.0,0.0,540468.445824,540473.445824,609.0,24.74835184670836,1.7643279099154452,2.399749909541566,0.1716005342684723,10.392304845413264,1.199874954770783,17.850703236970784,24.74835184670836,34.42435685914731,9.616004107039146,0.989881070758686,0.989881070758686,0.055696395375202,0.055696395375202,6.0,4.620165901926793,12.68222772889416,0.0,0.0,0.0,0.1228070175438596,1753960434217.5342,1753960439217.5342
0.6045962732919256,5.340843331661601e-05,0.3525531914893616,0.0063468085106382,0.6086956521739131,0.3590425531914893,0.2098914471962149,0.1695709437496421,0.2098914471962149,0.1695709437496421,0.0,1.0,9.0,7.0,0.1564929483747175,1753960455036.818,2.1518181818181814,6.453636363636363,7.0,1753960451748.0,1753960456748.0,0.0,0.0,540483.445824,540488.445824,605.0,26.608963107929966,3.679049638803249,2.5544110112407115,0.3171923546802487,10.392304845413264,1.2772055056203555,16.825886932964774,26.608963107929966,37.48576800785216,41.70666669232252,0.9903687148582804,0.9903687148582804,0.0496233851721805,0.0496233851721805,5.0,4.347934386121921,11.464238836342092,0.0,0.0,0.0,0.1228070175438596,1753960449217.5342,1753960454217.5342
0.6045962732919256,5.340843331661601e-05,0.3525531914893616,0.0063468085106382,0.6086956521739131,0.3590425531914893,0.2098914471962149,0.1695709437496421,0.2098914471962149,0.1695709437496421,0.0,1.0,9.0,7.0,0.1564929483747175,1753960455036.818,2.1518181818181814,6.453636363636363,7.0,1753960451748.0,1753960456748.0,0.0,0.0,540488.445824,540493.445824,602.0,25.722937443185923,1.8155589432965007,2.4642093452203158,0.168199136440749,10.392304845413264,1.2321046726101577,15.4708458822756,25.722937443185923,26.113856228692523,10.511547635541504,0.991979993003686,0.991979993003686,0.0493802183587861,0.0493802183587861,2.0,5.402013311392607,27.140260144345312,0.0,0.0,0.0,0.1228070175438596,1753960454217.5342,1753960459217.5342
0.6064596273291926,7.83303113305814e-05,0.3529787234042553,0.0066803531009506,0.6149068322981367,0.3829787234042553,0.2117548012334819,0.1691454118347485,0.2117548012334819,0.1691454118347485,0.0,1.0,9.0,7.0,2.50221141170449e-05,1753960458778.5,2.556666666666666,8.730000000000002,7.0,1753960456749.0,1753960461749.0,0.0,0.0,540488.445824,540493.445824,602.0,25.722937443185923,1.8155589432965007,2.4642093452203158,0.168199136440749,10.392304845413264,1.2321046726101577,15.4708458822756,25.722937443185923,26.113856228692523,10.511547635541504,0.991979993003686,0.991979993003686,0.0493802183587861,0.0493802183587861,2.0,5.402013311392607,27.140260144345312,0.0,0.0,0.0,0.1228070175438596,1753960454217.5342,1753960459217.5342
0.6064596273291926,7.83303113305814e-05,0.3529787234042553,0.0066803531009506,0.6149068322981367,0.3829787234042553,0.2117548012334819,0.1691454118347485,0.2117548012334819,0.1691454118347485,0.0,1.0,9.0,7.0,2.50221141170449e-05,1753960458778.5,2.556666666666666,8.730000000000002,7.0,1753960456749.0,1753960461749.0,0.0,0.0,540493.445824,540498.445824,591.0,26.2603503048984,1.844627161877442,2.523787266499255,0.1645101089211939,10.392304845413264,1.2618936332496276,16.81251788351073,26.2603503048984,31.665124539613544,13.398306285682963,0.9926258267561658,0.9926258267561658,0.0446652098127571,0.0446652098127571,4.0,4.968589557026832,17.57469092393591,0.0,0.0,0.0,0.1228070175438596,1753960459217.5342,1753960464217.5342
0.6130434782608696,6.056865090081373e-05,0.3506382978723403,0.0071342688999547,0.6149068322981367,0.4095744680851063,0.2183386521651589,0.1714858373666634,0.2183386521651589,0.1714858373666634,0.0,1.0,9.0,7.0,9.324851904260524e-05,1753960458778.5,2.556666666666666,8.730000000000002,7.0,1753960456749.0,1753960461749.0,0.0,0.0,540488.445824,540493.445824,602.0,25.722937443185923,1.8155589432965007,2.4642093452203158,0.168199136440749,10.392304845413264,1.2321046726101577,15.4708458822756,25.722937443185923,26.113856228692523,10.511547635541504,0.991979993003686,0.991979993003686,0.0493802183587861,0.0493802183587861,2.0,5.402013311392607,27.140260144345312,0.0,0.0,0.0,0.1228070175438596,1753960454217.5342,1753960459217.5342
0.6130434782608696,6.056865090081373e-05,0.3506382978723403,0.0071342688999547,0.6149068322981367,0.4095744680851063,0.2183386521651589,0.1714858373666634,0.2183386521651589,0.1714858373666634,0.0,1.0,9.0,7.0,9.324851904260524e-05,1753960458778.5,2.556666666666666,8.730000000000002,7.0,1753960456749.0,1753960461749.0,0.0,0.0,540493.445824,540498.445824,591.0,26.2603503048984,1.844627161877442,2.523787266499255,0.1645101089211939,10.392304845413264,1.2618936332496276,16.81251788351073,26.2603503048984,31.665124539613544,13.398306285682963,0.9926258267561658,0.9926258267561658,0.0446652098127571,0.0446652098127571,4.0,4.968589557026832,17.57469092393591,0.0,0.0,0.0,0.1228070175438596,1753960459217.5342,1753960464217.5342
0.6115527950310559,0.0001037151344469,0.3523404255319149,0.0089798098687188,0.6149068322981367,0.3696808510638297,0.2168479689353452,0.1697837097070889,0.2168479689353452,0.1697837097070889,0.0,1.0,9.0,7.0,0.0306262459161159,1753960458778.5,2.556666666666666,8.730000000000002,7.0,1753960456749.0,1753960461749.0,0.0,0.0,540488.445824,540493.445824,602.0,25.722937443185923,1.8155589432965007,2.4642093452203158,0.168199136440749,10.392304845413264,1.2321046726101577,15.4708458822756,25.722937443185923,26.113856228692523,10.511547635541504,0.991979993003686,0.991979993003686,0.0493802183587861,0.0493802183587861,2.0,5.402013311392607,27.140260144345312,0.0,0.0,0.0,0.1228070175438596,1753960454217.5342,1753960459217.5342
0.6115527950310559,0.0001037151344469,0.3523404255319149,0.0089798098687188,0.6149068322981367,0.3696808510638297,0.2168479689353452,0.1697837097070889,0.2168479689353452,0.1697837097070889,0.0,1.0,9.0,7.0,0.0306262459161159,1753960458778.5,2.556666666666666,8.730000000000002,7.0,1753960456749.0,1753960461749.0,0.0,0.0,540493.445824,540498.445824,591.0,26.2603503048984,1.844627161877442,2.523787266499255,0.1645101089211939,10.392304845413264,1.2618936332496276,16.81251788351073,26.2603503048984,31.665124539613544,13.398306285682963,0.9926258267561658,0.9926258267561658,0.0446652098127571,0.0446652098127571,4.0,4.968589557026832,17.57469092393591,0.0,0.0,0.0,0.1228070175438596,1753960459217.5342,1753960464217.5342
0.6141614906832298,7.505883260676622e-05,0.3602127659574468,0.0082933906745133,0.6211180124223602,0.3829787234042553,0.2194566645875191,0.161911369281557,0.2194566645875191,0.161911369281557,0.0,1.0,9.0,7.0,3.760981086379703e-05,1753960458778.5,2.556666666666666,8.730000000000002,7.0,1753960456749.0,1753960461749.0,0.0,0.0,540488.445824,540493.445824,602.0,25.722937443185923,1.8155589432965007,2.4642093452203158,0.168199136440749,10.392304845413264,1.2321046726101577,15.4708458822756,25.722937443185923,26.113856228692523,10.511547635541504,0.991979993003686,0.991979993003686,0.0493802183587861,0.0493802183587861,2.0,5.402013311392607,27.140260144345312,0.0,0.0,0.0,0.1228070175438596,1753960454217.5342,1753960459217.5342
0.6141614906832298,7.505883260676622e-05,0.3602127659574468,0.0082933906745133,0.6211180124223602,0.3829787234042553,0.2194566645875191,0.161911369281557,0.2194566645875191,0.161911369281557,0.0,1.0,9.0,7.0,3.760981086379703e-05,1753960458778.5,2.556666666666666,8.730000000000002,7.0,1753960456749.0,1753960461749.0,0.0,0.0,540493.445824,540498.445824,591.0,26.2603503048984,1.844627161877442,2.523787266499255,0.1645101089211939,10.392304845413264,1.2618936332496276,16.81251788351073,26.2603503048984,31.665124539613544,13.398306285682963,0.9926258267561658,0.9926258267561658,0.0446652098127571,0.0446652098127571,4.0,4.968589557026832,17.57469092393591,0.0,0.0,0.0,0.1228070175438596,1753960459217.5342,1753960464217.5342
0.6191304347826087,9.789745765981196e-05,0.3504255319148935,0.0082137166138524,0.6273291925465838,0.3617021276595745,0.224425608686898,0.1716986033241102,0.224425608686898,0.1716986033241102,0.0,1.0,9.0,7.0,1.2971987976604347e-09,1753960458778.5,2.556666666666666,8.730000000000002,7.0,1753960456749.0,1753960461749.0,0.0,0.0,540488.445824,540493.445824,602.0,25.722937443185923,1.8155589432965007,2.4642093452203158,0.168199136440749,10.392304845413264,1.2321046726101577,15.4708458822756,25.722937443185923,26.113856228692523,10.511547635541504,0.991979993003686,0.991979993003686,0.0493802183587861,0.0493802183587861,2.0,5.402013311392607,27.140260144345312,0.0,0.0,0.0,0.1228070175438596,1753960454217.5342,1753960459217.5342
0.6191304347826087,9.789745765981196e-05,0.3504255319148935,0.0082137166138524,0.6273291925465838,0.3617021276595745,0.224425608686898,0.1716986033241102,0.224425608686898,0.1716986033241102,0.0,1.0,9.0,7.0,1.2971987976604347e-09,1753960458778.5,2.556666666666666,8.730000000000002,7.0,1753960456749.0,1753960461749.0,0.0,0.0,540493.445824,540498.445824,591.0,26.2603503048984,1.844627161877442,2.523787266499255,0.1645101089211939,10.392304845413264,1.2618936332496276,16.81251788351073,26.2603503048984,31.665124539613544,13.398306285682963,0.9926258267561658,0.9926258267561658,0.0446652098127571,0.0446652098127571,4.0,4.968589557026832,17.57469092393591,0.0,0.0,0.0,0.1228070175438596,1753960459217.5342,1753960464217.5342
0.6191304347826087,5.931869912426166e-05,0.3480851063829787,0.0080898143956541,0.6273291925465838,0.3617021276595745,0.224425608686898,0.1740390288560251,0.224425608686898,0.1740390288560251,0.0,1.0,9.0,7.0,0.0720638068848061,1753960458778.5,2.556666666666666,8.730000000000002,7.0,1753960456749.0,1753960461749.0,0.0,0.0,540488.445824,540493.445824,602.0,25.722937443185923,1.8155589432965007,2.4642093452203158,0.168199136440749,10.392304845413264,1.2321046726101577,15.4708458822756,25.722937443185923,26.113856228692523,10.511547635541504,0.991979993003686,0.991979993003686,0.0493802183587861,0.0493802183587861,2.0,5.402013311392607,27.140260144345312,0.0,0.0,0.0,0.1228070175438596,1753960454217.5342,1753960459217.5342
0.6191304347826087,5.931869912426166e-05,0.3480851063829787,0.0080898143956541,0.6273291925465838,0.3617021276595745,0.224425608686898,0.1740390288560251,0.224425608686898,0.1740390288560251,0.0,1.0,9.0,7.0,0.0720638068848061,1753960458778.5,2.556666666666666,8.730000000000002,7.0,1753960456749.0,1753960461749.0,0.0,0.0,540493.445824,540498.445824,591.0,26.2603503048984,1.844627161877442,2.523787266499255,0.1645101089211939,10.392304845413264,1.2618936332496276,16.81251788351073,26.2603503048984,31.665124539613544,13.398306285682963,0.9926258267561658,0.9926258267561658,0.0446652098127571,0.0446652098127571,4.0,4.968589557026832,17.57469092393591,0.0,0.0,0.0,0.1228070175438596,1753960459217.5342,1753960464217.5342
0.6264596273291925,9.414760233015666e-05,0.3480851063829787,0.0069037573562698,0.6335403726708074,0.3829787234042553,0.2317548012334818,0.1740390288560251,0.2317548012334818,0.1740390288560251,0.0,1.0,9.0,7.0,1.442543659777723e-09,1753960458778.5,2.556666666666666,8.730000000000002,7.0,1753960456749.0,1753960461749.0,0.0,0.0,540488.445824,540493.445824,602.0,25.722937443185923,1.8155589432965007,2.4642093452203158,0.168199136440749,10.392304845413264,1.2321046726101577,15.4708458822756,25.722937443185923,26.113856228692523,10.511547635541504,0.991979993003686,0.991979993003686,0.0493802183587861,0.0493802183587861,2.0,5.402013311392607,27.140260144345312,0.0,0.0,0.0,0.1228070175438596,1753960454217.5342,1753960459217.5342
0.6264596273291925,9.414760233015666e-05,0.3480851063829787,0.0069037573562698,0.6335403726708074,0.3829787234042553,0.2317548012334818,0.1740390288560251,0.2317548012334818,0.1740390288560251,0.0,1.0,9.0,7.0,1.442543659777723e-09,1753960458778.5,2.556666666666666,8.730000000000002,7.0,1753960456749.0,1753960461749.0,0.0,0.0,540493.445824,540498.445824,591.0,26.2603503048984,1.844627161877442,2.523787266499255,0.1645101089211939,10.392304845413264,1.2618936332496276,16.81251788351073,26.2603503048984,31.665124539613544,13.398306285682963,0.9926258267561658,0.9926258267561658,0.0446652098127571,0.0446652098127571,4.0,4.968589557026832,17.57469092393591,0.0,0.0,0.0,0.1228070175438596,1753960459217.5342,1753960464217.5342
0.6279503105590062,9.451795841209807e-05,0.3519148936170213,0.007287641466727,0.6335403726708074,0.401595744680851,0.2332454844632955,0.1702092416219825,0.2332454844632955,0.1702092416219825,0.0,1.0,9.0,7.0,2.40310091718187e-09,1753960458778.5,2.556666666666666,8.730000000000002,7.0,1753960456749.0,1753960461749.0,0.0,0.0,540488.445824,540493.445824,602.0,25.722937443185923,1.8155589432965007,2.4642093452203158,0.168199136440749,10.392304845413264,1.2321046726101577,15.4708458822756,25.722937443185923,26.113856228692523,10.511547635541504,0.991979993003686,0.991979993003686,0.0493802183587861,0.0493802183587861,2.0,5.402013311392607,27.140260144345312,0.0,0.0,0.0,0.1228070175438596,1753960454217.5342,1753960459217.5342
0.6279503105590062,9.451795841209807e-05,0.3519148936170213,0.007287641466727,0.6335403726708074,0.401595744680851,0.2332454844632955,0.1702092416219825,0.2332454844632955,0.1702092416219825,0.0,1.0,9.0,7.0,2.40310091718187e-09,1753960458778.5,2.556666666666666,8.730000000000002,7.0,1753960456749.0,1753960461749.0,0.0,0.0,540493.445824,540498.445824,591.0,26.2603503048984,1.844627161877442,2.523787266499255,0.1645101089211939,10.392304845413264,1.2618936332496276,16.81251788351073,26.2603503048984,31.665124539613544,13.398306285682963,0.9926258267561658,0.9926258267561658,0.0446652098127571,0.0446652098127571,4.0,4.968589557026832,17.57469092393591,0.0,0.0,0.0,0.1228070175438596,1753960459217.5342,1753960464217.5342
0.6321739130434783,7.606188032869124e-05,0.3489361702127658,0.0069171570846536,0.639751552795031,0.3617021276595745,0.2374690869477676,0.1731879650262379,0.2374690869477676,0.1731879650262379,0.0,1.0,9.0,7.0,0.3536577385165954,1753960458778.5,2.556666666666666,8.730000000000002,7.0,1753960456749.0,1753960461749.0,0.0,0.0,540488.445824,540493.445824,602.0,25.722937443185923,1.8155589432965007,2.4642093452203158,0.168199136440749,10.392304845413264,1.2321046726101577,15.4708458822756,25.722937443185923,26.113856228692523,10.511547635541504,0.991979993003686,0.991979993003686,0.0493802183587861,0.0493802183587861,2.0,5.402013311392607,27.140260144345312,0.0,0.0,0.0,0.1228070175438596,1753960454217.5342,1753960459217.5342
0.6321739130434783,7.606188032869124e-05,0.3489361702127658,0.0069171570846536,0.639751552795031,0.3617021276595745,0.2374690869477676,0.1731879650262379,0.2374690869477676,0.1731879650262379,0.0,1.0,9.0,7.0,0.3536577385165954,1753960458778.5,2.556666666666666,8.730000000000002,7.0,1753960456749.0,1753960461749.0,0.0,0.0,540493.445824,540498.445824,591.0,26.2603503048984,1.844627161877442,2.523787266499255,0.1645101089211939,10.392304845413264,1.2618936332496276,16.81251788351073,26.2603503048984,31.665124539613544,13.398306285682963,0.9926258267561658,0.9926258267561658,0.0446652098127571,0.0446652098127571,4.0,4.968589557026832,17.57469092393591,0.0,0.0,0.0,0.1228070175438596,1753960459217.5342,1753960464217.5342
0.6467080745341615,0.0001028355387523,0.3459574468085105,0.0067733816206428,0.6521739130434783,0.4122340425531914,0.2520032484384508,0.1761666884304932,0.2520032484384508,0.1761666884304932,0.0,1.0,9.0,7.0,0.0456753240986375,1753960504655.4614,3.6876923076923074,7.68846153846154,7.0,1753960501758.0,1753960506758.0,0.0,0.0,540533.445824,540538.445824,576.0,28.475592743589143,3.566354348738748,2.8674171403384063,0.3350175787754033,10.392304845413264,1.433708570169203,18.21681469193889,28.475592743589143,28.20597740448396,10.1749009347924,0.9916656851454628,0.9916656851454628,0.0502261358506167,0.0502261358506167,5.0,4.416518992536185,14.645724793319603,0.0,0.0,0.0,0.1228070175438596,1753960499217.5342,1753960504217.5342
0.6467080745341615,0.0001028355387523,0.3459574468085105,0.0067733816206428,0.6521739130434783,0.4122340425531914,0.2520032484384508,0.1761666884304932,0.2520032484384508,0.1761666884304932,0.0,1.0,9.0,7.0,0.0456753240986375,1753960504655.4614,3.6876923076923074,7.68846153846154,7.0,1753960501758.0,1753960506758.0,0.0,0.0,540538.445824,540543.445824,614.0,24.137916645224827,2.3647235971671265,2.4592041494525305,0.2330417256520857,10.392304845413264,1.2296020747262653,13.853186165639109,24.137916645224827,22.21627695140003,5.619179717591763,0.9985653508126208,0.9985653508126208,0.0197720799796253,0.0197720799796253,1.0,2.819730778034937,5.174706248774491,0.0,0.0,0.0,0.1228070175438596,1753960504217.5342,1753960509217.5342
0.6496894409937889,7.715751707110094e-05,0.3451063829787233,0.007827795382526,0.6583850931677019,0.3617021276595745,0.2549846148980783,0.1770177522602805,0.2549846148980783,0.1770177522602805,0.0,1.0,9.0,7.0,0.2010617308847407,1753960509778.9285,3.4014285714285704,7.800000000000002,7.0,1753960506759.0,1753960511759.0,0.0,0.0,540538.445824,540543.445824,614.0,24.137916645224827,2.3647235971671265,2.4592041494525305,0.2330417256520857,10.392304845413264,1.2296020747262653,13.853186165639109,24.137916645224827,22.21627695140003,5.619179717591763,0.9985653508126208,0.9985653508126208,0.0197720799796253,0.0197720799796253,1.0,2.819730778034937,5.174706248774491,0.0,0.0,0.0,0.1228070175438596,1753960504217.5342,1753960509217.5342
0.6496894409937889,7.715751707110094e-05,0.3451063829787233,0.007827795382526,0.6583850931677019,0.3617021276595745,0.2549846148980783,0.1770177522602805,0.2549846148980783,0.1770177522602805,0.0,1.0,9.0,7.0,0.2010617308847407,1753960509778.9285,3.4014285714285704,7.800000000000002,7.0,1753960506759.0,1753960511759.0,0.0,0.0,540543.445824,540548.445824,617.0,27.588310752247004,3.0783036038443403,2.824098061496472,0.3043867226934058,10.392304845413264,1.4120490307482358,15.974738937741638,27.588310752247004,25.259471969268183,8.015858255598943,0.9986344520071736,0.9986344520071736,0.0124478079325875,0.0124478079325875,0.0,2.154265692540015,4.137660793526734,0.0,0.0,0.0,0.1228070175438596,1753960509217.5342,1753960514217.5342
0.651304347826087,7.871609891593719e-05,0.3485106382978722,0.002451607062019,0.6583850931677019,0.3723404255319149,0.2565995217303764,0.1736134969411316,0.2565995217303764,0.1736134969411316,0.0,1.0,9.0,7.0,0.0043766492438533,1753960514100.2856,2.22,8.808571428571428,7.0,1753960511760.0,1753960516760.0,0.0,0.0,540543.445824,540548.445824,617.0,27.588310752247004,3.0783036038443403,2.824098061496472,0.3043867226934058,10.392304845413264,1.4120490307482358,15.974738937741638,27.588310752247004,25.259471969268183,8.015858255598943,0.9986344520071736,0.9986344520071736,0.0124478079325875,0.0124478079325875,0.0,2.154265692540015,4.137660793526734,0.0,0.0,0.0,0.1228070175438596,1753960509217.5342,1753960514217.5342
0.651304347826087,7.871609891593719e-05,0.3485106382978722,0.002451607062019,0.6583850931677019,0.3723404255319149,0.2565995217303764,0.1736134969411316,0.2565995217303764,0.1736134969411316,0.0,1.0,9.0,7.0,0.0043766492438533,1753960514100.2856,2.22,8.808571428571428,7.0,1753960511760.0,1753960516760.0,0.0,0.0,540548.445824,540553.445824,600.0,25.257294483743262,1.9083773200692868,2.5610291928611986,0.1876624689660606,10.392304845413264,1.2805145964305993,16.043486169494475,25.257294483743262,32.342979584038304,8.845483963049317,0.9938084963460432,0.9938084963460432,0.0366105209714824,0.0366105209714824,2.0,4.269211059868061,10.15333775428276,0.0,0.0,0.0,0.1228070175438596,1753960514217.5342,1753960519217.5342
0.6500621118012423,6.729678638941424e-05,0.3529787234042553,0.0041543232231779,0.6583850931677019,0.3723404255319149,0.2553572857055317,0.1691454118347485,0.2553572857055317,0.1691454118347485,0.0,1.0,9.0,7.0,0.1036873588992942,1753960514100.2856,2.22,8.808571428571428,7.0,1753960511760.0,1753960516760.0,0.0,0.0,540543.445824,540548.445824,617.0,27.588310752247004,3.0783036038443403,2.824098061496472,0.3043867226934058,10.392304845413264,1.4120490307482358,15.974738937741638,27.588310752247004,25.259471969268183,8.015858255598943,0.9986344520071736,0.9986344520071736,0.0124478079325875,0.0124478079325875,0.0,2.154265692540015,4.137660793526734,0.0,0.0,0.0,0.1228070175438596,1753960509217.5342,1753960514217.5342
0.6500621118012423,6.729678638941424e-05,0.3529787234042553,0.0041543232231779,0.6583850931677019,0.3723404255319149,0.2553572857055317,0.1691454118347485,0.2553572857055317,0.1691454118347485,0.0,1.0,9.0,7.0,0.1036873588992942,1753960514100.2856,2.22,8.808571428571428,7.0,1753960511760.0,1753960516760.0,0.0,0.0,540548.445824,540553.445824,600.0,25.257294483743262,1.9083773200692868,2.5610291928611986,0.1876624689660606,10.392304845413264,1.2805145964305993,16.043486169494475,25.257294483743262,32.342979584038304,8.845483963049317,0.9938084963460432,0.9938084963460432,0.0366105209714824,0.0366105209714824,2.0,4.269211059868061,10.15333775428276,0.0,0.0,0.0,0.1228070175438596,1753960514217.5342,1753960519217.5342
0.653913043478261,5.715828864627158e-05,0.3529787234042552,0.0074182435491172,0.6583850931677019,0.3617021276595745,0.2592082173825503,0.1691454118347486,0.2592082173825503,0.1691454118347486,0.0,1.0,9.0,7.0,2.397387625465489e-05,1753960514100.2856,2.22,8.808571428571428,7.0,1753960511760.0,1753960516760.0,0.0,0.0,540543.445824,540548.445824,617.0,27.588310752247004,3.0783036038443403,2.824098061496472,0.3043867226934058,10.392304845413264,1.4120490307482358,15.974738937741638,27.588310752247004,25.259471969268183,8.015858255598943,0.9986344520071736,0.9986344520071736,0.0124478079325875,0.0124478079325875,0.0,2.154265692540015,4.137660793526734,0.0,0.0,0.0,0.1228070175438596,1753960509217.5342,1753960514217.5342
0.653913043478261,5.715828864627158e-05,0.3529787234042552,0.0074182435491172,0.6583850931677019,0.3617021276595745,0.2592082173825503,0.1691454118347486,0.2592082173825503,0.1691454118347486,0.0,1.0,9.0,7.0,2.397387625465489e-05,1753960514100.2856,2.22,8.808571428571428,7.0,1753960511760.0,1753960516760.0,0.0,0.0,540548.445824,540553.445824,600.0,25.257294483743262,1.9083773200692868,2.5610291928611986,0.1876624689660606,10.392304845413264,1.2805145964305993,16.043486169494475,25.257294483743262,32.342979584038304,8.845483963049317,0.9938084963460432,0.9938084963460432,0.0366105209714824,0.0366105209714824,2.0,4.269211059868061,10.15333775428276,0.0,0.0,0.0,0.1228070175438596,1753960514217.5342,1753960519217.5342
0.653416149068323,6.326916399830277e-05,0.3514893617021277,0.0068762335898596,0.6583850931677019,0.401595744680851,0.2587113229726124,0.1706347735368761,0.2587113229726124,0.1706347735368761,0.0,1.0,9.0,7.0,4.575062901283492e-05,1753960514100.2856,2.22,8.808571428571428,7.0,1753960511760.0,1753960516760.0,0.0,0.0,540543.445824,540548.445824,617.0,27.588310752247004,3.0783036038443403,2.824098061496472,0.3043867226934058,10.392304845413264,1.4120490307482358,15.974738937741638,27.588310752247004,25.259471969268183,8.015858255598943,0.9986344520071736,0.9986344520071736,0.0124478079325875,0.0124478079325875,0.0,2.154265692540015,4.137660793526734,0.0,0.0,0.0,0.1228070175438596,1753960509217.5342,1753960514217.5342
0.653416149068323,6.326916399830277e-05,0.3514893617021277,0.0068762335898596,0.6583850931677019,0.401595744680851,0.2587113229726124,0.1706347735368761,0.2587113229726124,0.1706347735368761,0.0,1.0,9.0,7.0,4.575062901283492e-05,1753960514100.2856,2.22,8.808571428571428,7.0,1753960511760.0,1753960516760.0,0.0,0.0,540548.445824,540553.445824,600.0,25.257294483743262,1.9083773200692868,2.5610291928611986,0.1876624689660606,10.392304845413264,1.2805145964305993,16.043486169494475,25.257294483743262,32.342979584038304,8.845483963049317,0.9938084963460432,0.9938084963460432,0.0366105209714824,0.0366105209714824,2.0,4.269211059868061,10.15333775428276,0.0,0.0,0.0,0.1228070175438596,1753960514217.5342,1753960519217.5342
0.6535403726708074,5.291462520736103e-05,0.3525531914893616,0.007885966500679,0.6583850931677019,0.3882978723404255,0.2588355465750968,0.1695709437496421,0.2588355465750968,0.1695709437496421,0.0,1.0,9.0,7.0,7.69949920728907e-05,1753960514100.2856,2.22,8.808571428571428,7.0,1753960511760.0,1753960516760.0,0.0,0.0,540543.445824,540548.445824,617.0,27.588310752247004,3.0783036038443403,2.824098061496472,0.3043867226934058,10.392304845413264,1.4120490307482358,15.974738937741638,27.588310752247004,25.259471969268183,8.015858255598943,0.9986344520071736,0.9986344520071736,0.0124478079325875,0.0124478079325875,0.0,2.154265692540015,4.137660793526734,0.0,0.0,0.0,0.1228070175438596,1753960509217.5342,1753960514217.5342
0.6535403726708074,5.291462520736103e-05,0.3525531914893616,0.007885966500679,0.6583850931677019,0.3882978723404255,0.2588355465750968,0.1695709437496421,0.2588355465750968,0.1695709437496421,0.0,1.0,9.0,7.0,7.69949920728907e-05,1753960514100.2856,2.22,8.808571428571428,7.0,1753960511760.0,1753960516760.0,0.0,0.0,540548.445824,540553.445824,600.0,25.257294483743262,1.9083773200692868,2.5610291928611986,0.1876624689660606,10.392304845413264,1.2805145964305993,16.043486169494475,25.257294483743262,32.342979584038304,8.845483963049317,0.9938084963460432,0.9938084963460432,0.0366105209714824,0.0366105209714824,2.0,4.269211059868061,10.15333775428276,0.0,0.0,0.0,0.1228070175438596,1753960514217.5342,1753960519217.5342
0.6565217391304349,6.982755294934626e-05,0.3465957446808509,0.0064286555002263,0.6583850931677019,0.3590425531914893,0.2618169130347242,0.1755283905581528,0.2618169130347242,0.1755283905581528,0.0,1.0,9.0,7.0,6.686541296045368e-05,1753960539844.35,2.9890000000000003,6.5875,7.0,1753960536765.0,1753960541765.0,0.0,0.0,540568.445824,540573.445824,579.0,23.62183969633181,2.3280978772294763,2.3201147621855944,0.2180413710448173,10.392304845413264,1.1600573810927974,16.14247777173013,23.62183969633181,30.532241319985182,14.7690615803365,0.9908571826946256,0.9908571826946256,0.0505644891954763,0.0505644891954763,5.0,8.182431484733835,41.72846402980119,0.0,0.0,0.0,0.1228070175438596,1753960534217.5342,1753960539217.5342
0.6565217391304349,6.982755294934626e-05,0.3465957446808509,0.0064286555002263,0.6583850931677019,0.3590425531914893,0.2618169130347242,0.1755283905581528,0.2618169130347242,0.1755283905581528,0.0,1.0,9.0,7.0,6.686541296045368e-05,1753960539844.35,2.9890000000000003,6.5875,7.0,1753960536765.0,1753960541765.0,0.0,0.0,540573.445824,540578.445824,593.0,22.033137037549277,1.3745739517064803,2.181625582553936,0.1304955178690362,10.392304845413264,1.090812791276968,13.918591176756957,22.033137037549277,16.838232394922322,8.960315790989075,0.9899180774066846,0.9899180774066846,0.0635796330215107,0.0635796330215107,9.0,3.4825333962251817,10.317235495229822,0.0,0.0,0.0,0.1228070175438596,1753960539217.5342,1753960544217.5342
0.6570186335403727,6.217352725589306e-05,0.3434042553191488,0.0050884563150746,0.6645962732919255,0.3617021276595745,0.2623138074446621,0.1787198799198549,0.2623138074446621,0.1787198799198549,0.0,1.0,9.0,7.0,8.179255929997924e-10,1753960543175.9167,3.4466666666666668,3.2225,7.0,1753960541766.0,1753960546766.0,1.0,0.0,540573.445824,540578.445824,593.0,22.033137037549277,1.3745739517064803,2.181625582553936,0.1304955178690362,10.392304845413264,1.090812791276968,13.918591176756957,22.033137037549277,16.838232394922322,8.960315790989075,0.9899180774066846,0.9899180774066846,0.0635796330215107,0.0635796330215107,9.0,3.4825333962251817,10.317235495229822,0.0,0.0,0.0,0.1228070175438596,1753960539217.5342,1753960544217.5342
0.6570186335403727,6.217352725589306e-05,0.3434042553191488,0.0050884563150746,0.6645962732919255,0.3617021276595745,0.2623138074446621,0.1787198799198549,0.2623138074446621,0.1787198799198549,0.0,1.0,9.0,7.0,8.179255929997924e-10,1753960543175.9167,3.4466666666666668,3.2225,7.0,1753960541766.0,1753960546766.0,1.0,0.0,540578.445824,540583.445824,511.0,21.97248123975952,1.9498189954252665,2.203826852680133,0.2668523668381071,10.392304845413264,1.1019134263400665,15.133846333500264,21.97248123975952,33.18710142443191,16.047689125328628,0.978579165860648,0.978579165860648,0.0670672698718467,0.0670672698718467,4.0,9.365839560406394,51.46051944409972,0.0,0.0,0.0,0.1228070175438596,1753960544217.5342,1753960549217.5342
0.6585093167701863,8.099996142124172e-05,0.3436170212765957,0.0052161611588954,0.6645962732919255,0.3829787234042553,0.2638044906744757,0.1785071139624081,0.2638044906744757,0.1785071139624081,0.0,1.0,9.0,7.0,0.0030523608024491,1753960549852.8572,2.5614285714285714,1.7228571428571426,7.0,1753960546767.0,1753960551767.0,1.0,1.0,540578.445824,540583.445824,511.0,21.97248123975952,1.9498189954252665,2.203826852680133,0.2668523668381071,10.392304845413264,1.1019134263400665,15.133846333500264,21.97248123975952,33.18710142443191,16.047689125328628,0.978579165860648,0.978579165860648,0.0670672698718467,0.0670672698718467,4.0,9.365839560406394,51.46051944409972,0.0,0.0,0.0,0.1228070175438596,1753960544217.5342,1753960549217.5342
0.6585093167701863,8.099996142124172e-05,0.3436170212765957,0.0052161611588954,0.6645962732919255,0.3829787234042553,0.2638044906744757,0.1785071139624081,0.2638044906744757,0.1785071139624081,0.0,1.0,9.0,7.0,0.0030523608024491,1753960549852.8572,2.5614285714285714,1.7228571428571426,7.0,1753960546767.0,1753960551767.0,1.0,1.0,540583.445824,540588.445824,583.0,22.71792067186064,1.882923102256272,2.3061227962039053,0.208479504530611,10.392304845413264,1.1530613981019526,13.78301606306791,22.71792067186064,16.9450401905151,14.692477988679476,0.9841998503901396,0.9841998503901396,0.0707861676653136,0.0707861676653136,11.0,7.469143274177245,47.85533748543492,0.0,0.0,0.0,0.1228070175438596,1753960549217.5342,1753960554217.5342
0.6598757763975156,8.110798194514116e-05,0.3480851063829787,0.008352376641014,0.6645962732919255,0.3776595744680851,0.265170950301805,0.1740390288560251,0.265170950301805,0.1740390288560251,0.0,1.0,9.0,7.0,8.625512117459623e-05,1753960553797.0833,4.066666666666666,1.53,7.0,1753960551768.0,1753960556768.0,1.0,1.0,540583.445824,540588.445824,583.0,22.71792067186064,1.882923102256272,2.3061227962039053,0.208479504530611,10.392304845413264,1.1530613981019526,13.78301606306791,22.71792067186064,16.9450401905151,14.692477988679476,0.9841998503901396,0.9841998503901396,0.0707861676653136,0.0707861676653136,11.0,7.469143274177245,47.85533748543492,0.0,0.0,0.0,0.1228070175438596,1753960549217.5342,1753960554217.5342
0.6598757763975156,8.110798194514116e-05,0.3480851063829787,0.008352376641014,0.6645962732919255,0.3776595744680851,0.265170950301805,0.1740390288560251,0.265170950301805,0.1740390288560251,0.0,1.0,9.0,7.0,8.625512117459623e-05,1753960553797.0833,4.066666666666666,1.53,7.0,1753960551768.0,1753960556768.0,1.0,1.0,540588.445824,540593.445824,593.0,23.8174163583298,1.8303632079188616,2.3127353960465986,0.1720748166112367,10.392304845413264,1.1563676980232993,16.334657044787544,23.8174163583298,33.6515697065512,6.102539066335936,0.9916526602580268,0.9916526602580268,0.0550868418374963,0.0550868418374963,8.0,4.12300505199338,19.881895335327656,0.0,0.0,0.0,0.1228070175438596,1753960554217.5342,1753960559217.5342
0.662111801242236,0.0001141931252652,0.3517021276595745,0.0065296966953372,0.6708074534161491,0.3723404255319149,0.2674069751465254,0.1704220075794292,0.2674069751465254,0.1704220075794292,0.0,1.0,9.0,7.0,7.151503499980614e-10,1753960556899.0,5.8,1.53,7.0,1753960556769.0,1753960561769.0,0.0,1.0,540588.445824,540593.445824,593.0,23.8174163583298,1.8303632079188616,2.3127353960465986,0.1720748166112367,10.392304845413264,1.1563676980232993,16.334657044787544,23.8174163583298,33.6515697065512,6.102539066335936,0.9916526602580268,0.9916526602580268,0.0550868418374963,0.0550868418374963,8.0,4.12300505199338,19.881895335327656,0.0,0.0,0.0,0.1228070175438596,1753960554217.5342,1753960559217.5342
0.662111801242236,0.0001141931252652,0.3517021276595745,0.0065296966953372,0.6708074534161491,0.3723404255319149,0.2674069751465254,0.1704220075794292,0.2674069751465254,0.1704220075794292,0.0,1.0,9.0,7.0,7.151503499980614e-10,1753960556899.0,5.8,1.53,7.0,1753960556769.0,1753960561769.0,0.0,1.0,540593.445824,540598.445824,406.0,22.110625501122467,2.5421295023638693,2.155167895181916,0.2706610537211325,10.392304845413262,1.077583947590958,15.746340013995216,22.110625501122467,45.5467811653368,19.71221918968643,0.9116307030690182,0.9116307030690182,0.1507113521246492,0.1507113521246492,42.0,18.532978475057096,57.255460563543664,0.0,0.0,0.0,0.1228070175438596,1753960559217.5342,1753960564217.5342
0.6636024844720496,7.616990085259056e-05,0.3482978723404255,0.0067895427795382,0.6708074534161491,0.3776595744680851,0.268897658376339,0.1738262628985783,0.268897658376339,0.1738262628985783,0.0,1.0,9.0,7.0,3.749643034251097e-07,1753960556899.0,5.8,1.53,7.0,1753960556769.0,1753960561769.0,0.0,0.0,540588.445824,540593.445824,593.0,23.8174163583298,1.8303632079188616,2.3127353960465986,0.1720748166112367,10.392304845413264,1.1563676980232993,16.334657044787544,23.8174163583298,33.6515697065512,6.102539066335936,0.9916526602580268,0.9916526602580268,0.0550868418374963,0.0550868418374963,8.0,4.12300505199338,19.881895335327656,0.0,0.0,0.0,0.1228070175438596,1753960554217.5342,1753960559217.5342
0.6636024844720496,7.616990085259056e-05,0.3482978723404255,0.0067895427795382,0.6708074534161491,0.3776595744680851,0.268897658376339,0.1738262628985783,0.268897658376339,0.1738262628985783,0.0,1.0,9.0,7.0,3.749643034251097e-07,1753960556899.0,5.8,1.53,7.0,1753960556769.0,1753960561769.0,0.0,0.0,540593.445824,540598.445824,406.0,22.110625501122467,2.5421295023638693,2.155167895181916,0.2706610537211325,10.392304845413262,1.077583947590958,15.746340013995216,22.110625501122467,45.5467811653368,19.71221918968643,0.9116307030690182,0.9116307030690182,0.1507113521246492,0.1507113521246492,42.0,18.532978475057096,57.255460563543664,0.0,0.0,0.0,0.1228070175438596,1753960559217.5342,1753960564217.5342
0.663975155279503,6.211180124223604e-05,0.3491489361702127,0.0060782707107288,0.6708074534161491,0.3617021276595745,0.2692703291837924,0.1729751990687911,0.2692703291837924,0.1729751990687911,0.0,1.0,9.0,7.0,0.0269460866170301,1753960556899.0,5.8,1.53,7.0,1753960556769.0,1753960561769.0,0.0,0.0,540588.445824,540593.445824,593.0,23.8174163583298,1.8303632079188616,2.3127353960465986,0.1720748166112367,10.392304845413264,1.1563676980232993,16.334657044787544,23.8174163583298,33.6515697065512,6.102539066335936,0.9916526602580268,0.9916526602580268,0.0550868418374963,0.0550868418374963,8.0,4.12300505199338,19.881895335327656,0.0,0.0,0.0,0.1228070175438596,1753960554217.5342,1753960559217.5342
0.663975155279503,6.211180124223604e-05,0.3491489361702127,0.0060782707107288,0.6708074534161491,0.3617021276595745,0.2692703291837924,0.1729751990687911,0.2692703291837924,0.1729751990687911,0.0,1.0,9.0,7.0,0.0269460866170301,1753960556899.0,5.8,1.53,7.0,1753960556769.0,1753960561769.0,0.0,0.0,540593.445824,540598.445824,406.0,22.110625501122467,2.5421295023638693,2.155167895181916,0.2706610537211325,10.392304845413262,1.077583947590958,15.746340013995216,22.110625501122467,45.5467811653368,19.71221918968643,0.9116307030690182,0.9116307030690182,0.1507113521246492,0.1507113521246492,42.0,18.532978475057096,57.255460563543664,0.0,0.0,0.0,0.1228070175438596,1753960559217.5342,1753960564217.5342
0.6624844720496894,7.038308707225801e-05,0.3451063829787233,0.005256496152105,0.6708074534161491,0.3617021276595745,0.2677796459539788,0.1770177522602805,0.2677796459539788,0.1770177522602805,0.0,1.0,9.0,7.0,2.832237389797244e-05,1753960575753.7085,3.965,3.032083333333333,7.0,1753960571772.0,1753960576772.0,1.0,0.0,540603.445824,540608.445824,601.0,28.317538059360277,4.352277562581106,2.880483654666183,0.4713762221278808,10.392304845413264,1.4402418273330917,18.34075661430389,28.317538059360277,44.04287528328665,46.61964306937355,0.9835468848959792,0.9835468848959792,0.0622597997775849,0.0622597997775849,5.0,5.735663890735726,19.159344689146195,0.0,0.0,0.0,0.1228070175438596,1753960569217.5342,1753960574217.5342
0.6624844720496894,7.038308707225801e-05,0.3451063829787233,0.005256496152105,0.6708074534161491,0.3617021276595745,0.2677796459539788,0.1770177522602805,0.2677796459539788,0.1770177522602805,0.0,1.0,9.0,7.0,2.832237389797244e-05,1753960575753.7085,3.965,3.032083333333333,7.0,1753960571772.0,1753960576772.0,1.0,0.0,540608.445824,540613.445824,569.0,30.056269815313566,3.6655132524727536,3.18657181158866,0.368462451464064,10.392304845413264,1.59328590579433,18.627957080859844,30.056269815313566,21.093401555369937,11.829491095764674,0.9893387394238112,0.9893387394238112,0.055301236711312,0.055301236711312,6.0,6.9822832422724845,33.29303640087497,0.0,0.0,0.0,0.1228070175438596,1753960574217.5342,1753960579217.5342
0.6591304347826088,7.197253192392295e-05,0.3521276595744681,0.0049083295608872,0.6645962732919255,0.3829787234042553,0.2644256086868982,0.1699964756645356,0.2644256086868982,0.1699964756645356,0.0,1.0,9.0,7.0,0.0001039426768117,1753960577836.2727,3.252727272727273,6.745454545454544,7.0,1753960576773.0,1753960581773.0,0.0,1.0,540608.445824,540613.445824,569.0,30.056269815313566,3.6655132524727536,3.18657181158866,0.368462451464064,10.392304845413264,1.59328590579433,18.627957080859844,30.056269815313566,21.093401555369937,11.829491095764674,0.9893387394238112,0.9893387394238112,0.055301236711312,0.055301236711312,6.0,6.9822832422724845,33.29303640087497,0.0,0.0,0.0,0.1228070175438596,1753960574217.5342,1753960579217.5342
0.6591304347826088,7.197253192392295e-05,0.3521276595744681,0.0049083295608872,0.6645962732919255,0.3829787234042553,0.2644256086868982,0.1699964756645356,0.2644256086868982,0.1699964756645356,0.0,1.0,9.0,7.0,0.0001039426768117,1753960577836.2727,3.252727272727273,6.745454545454544,7.0,1753960576773.0,1753960581773.0,0.0,1.0,540613.445824,540618.445824,588.0,26.54026793091157,2.161074160511476,2.8137793166148515,0.211062006808839,10.392304845413264,1.4068896583074255,16.22764097317461,26.54026793091157,20.759923249001197,10.45280833151601,0.9920785318205644,0.9920785318205644,0.0442270231954958,0.0442270231954958,3.0,4.407813301178643,33.12149304925959,0.0,0.0,0.0,0.1228070175438596,1753960579217.5342,1753960584217.5342
0.6587577639751554,8.85922611010378e-05,0.3512765957446808,0.0070370755998189,0.6645962732919255,0.3617021276595745,0.2640529378794448,0.1708475394943229,0.2640529378794448,0.1708475394943229,0.0,1.0,9.0,7.0,,1753960584362.8235,3.8258823529411767,5.423529411764706,7.0,1753960581774.0,1753960586774.0,0.0,0.0,540613.445824,540618.445824,588.0,26.54026793091157,2.161074160511476,2.8137793166148515,0.211062006808839,10.392304845413264,1.4068896583074255,16.22764097317461,26.54026793091157,20.759923249001197,10.45280833151601,0.9920785318205644,0.9920785318205644,0.0442270231954958,0.0442270231954958,3.0,4.407813301178643,33.12149304925959,0.0,0.0,0.0,0.1228070175438596,1753960579217.5342,1753960584217.5342
0.6587577639751554,8.85922611010378e-05,0.3512765957446808,0.0070370755998189,0.6645962732919255,0.3617021276595745,0.2640529378794448,0.1708475394943229,0.2640529378794448,0.1708475394943229,0.0,1.0,9.0,7.0,,1753960584362.8235,3.8258823529411767,5.423529411764706,7.0,1753960581774.0,1753960586774.0,0.0,0.0,540618.445824,540623.445824,616.0,22.994317531303373,0.687815776694058,2.45137246486736,0.0770554673661968,10.392304845413264,1.22568623243368,13.4893739768401,22.994317531303373,9.305083608996688,3.3373550445022886,0.9970807684906994,0.9970807684906994,0.0262066519746406,0.0262066519746406,2.0,2.136831702560373,3.746144637792937,0.0,0.0,0.0,0.1228070175438596,1753960584217.5342,1753960589217.5342
0.7513043478260869,5.240538559469167e-05,0.3785106382978722,0.0037849253055681,0.7577639751552795,0.3829787234042553,0.3565995217303763,0.1436134969411315,0.3565995217303763,0.1436134969411315,0.0,1.0,9.0,8.0,0.2293432082305783,1753961514074.0,5.0,5.0,8.0,1753961514074.0,1753961519074.0,0.0,1.0,541543.445824,541548.445824,598.0,23.38853402126986,0.6023812783242185,1.7733130345449846,0.0458590185756808,10.392304845413264,0.8866565172724923,15.89473972373763,23.38853402126986,46.19103543711655,4.075398106543574,0.9959830272343994,0.9959830272343994,0.0341913982335156,0.0341913982335156,2.0,2.559593721532591,20.948889778689715,0.0,0.0,0.0,0.1228070175438596,1753961509217.5342,1753961514217.5342
0.7513043478260869,5.240538559469167e-05,0.3785106382978722,0.0037849253055681,0.7577639751552795,0.3829787234042553,0.3565995217303763,0.1436134969411315,0.3565995217303763,0.1436134969411315,0.0,1.0,9.0,8.0,0.2293432082305783,1753961514074.0,5.0,5.0,8.0,1753961514074.0,1753961519074.0,0.0,1.0,541548.445824,541553.445824,620.0,26.682472270885885,1.322501356457089,2.010575446877364,0.0959852423543367,10.392304845413264,1.005287723438682,18.34563215462993,26.682472270885885,34.97116947029008,8.722547129492899,0.9996845619555548,0.9996845619555548,0.0021282191703501,0.0021282191703501,0.0,1.7372734137559414,3.782537446850808,0.0,0.0,0.0,0.1228070175438596,1753961514217.5342,1753961519217.5342
0.7545341614906832,0.0001423401874927,0.3761702127659573,0.0037698506111362,0.7639751552795031,0.3936170212765957,0.3598293353949726,0.1459539224730464,0.3598293353949726,0.1459539224730464,0.0,1.0,9.0,8.0,1.0,1753961514074.0,5.0,5.0,8.0,1753961514074.0,1753961519074.0,0.0,0.0,541543.445824,541548.445824,598.0,23.38853402126986,0.6023812783242185,1.7733130345449846,0.0458590185756808,10.392304845413264,0.8866565172724923,15.89473972373763,23.38853402126986,46.19103543711655,4.075398106543574,0.9959830272343994,0.9959830272343994,0.0341913982335156,0.0341913982335156,2.0,2.559593721532591,20.948889778689715,0.0,0.0,0.0,0.1228070175438596,1753961509217.5342,1753961514217.5342
0.7545341614906832,0.0001423401874927,0.3761702127659573,0.0037698506111362,0.7639751552795031,0.3936170212765957,0.3598293353949726,0.1459539224730464,0.3598293353949726,0.1459539224730464,0.0,1.0,9.0,8.0,1.0,1753961514074.0,5.0,5.0,8.0,1753961514074.0,1753961519074.0,0.0,0.0,541548.445824,541553.445824,620.0,26.682472270885885,1.322501356457089,2.010575446877364,0.0959852423543367,10.392304845413264,1.005287723438682,18.34563215462993,26.682472270885885,34.97116947029008,8.722547129492899,0.9996845619555548,0.9996845619555548,0.0021282191703501,0.0021282191703501,0.0,1.7372734137559414,3.782537446850808,0.0,0.0,0.0,0.1228070175438596,1753961514217.5342,1753961519217.5342
0.677142857142857,0.0001319239226881,0.3868085106382979,0.0018096876414667,0.6832298136645962,0.4122340425531914,0.2824380310471464,0.1353156246007059,0.2824380310471464,0.1353156246007059,0.0,1.0,9.0,8.0,0.1357546168133825,1753961526622.3635,4.926363636363638,4.103636363636364,8.0,1753961524076.0,1753961529076.0,0.0,0.0,541553.445824,541558.445824,607.0,27.526817883977884,1.9288986590888464,2.0907440352416184,0.135535645820035,10.392304845413264,1.0453720176208092,19.991670774181003,27.526817883977884,21.472013549196053,14.02880335376768,0.9911479588742778,0.9911479588742778,0.0407681920407767,0.0407681920407767,1.0,2.268288350918776,7.638587960266422,0.0,0.0,0.0,0.1228070175438596,1753961519217.5342,1753961524217.5342
0.677142857142857,0.0001319239226881,0.3868085106382979,0.0018096876414667,0.6832298136645962,0.4122340425531914,0.2824380310471464,0.1353156246007059,0.2824380310471464,0.1353156246007059,0.0,1.0,9.0,8.0,0.1357546168133825,1753961526622.3635,4.926363636363638,4.103636363636364,8.0,1753961524076.0,1753961529076.0,0.0,0.0,541558.445824,541563.445824,610.0,23.16271120339134,1.0446664930343714,1.796939417791216,0.0716404205387761,10.392304845413264,0.8984697088956081,15.1359969986395,23.16271120339134,13.191053104062116,9.598542615587249,0.993509080322983,0.993509080322983,0.03295405403448,0.03295405403448,1.0,2.492936560210093,4.084266437021556,0.0,0.0,0.0,0.1228070175438596,1753961524217.5342,1753961529217.5342
0.6918012422360249,0.0001186528297519,0.3876595744680851,0.0023320959710276,0.7003105590062112,0.4148936170212766,0.2970964161403143,0.1344645607709187,0.2970964161403143,0.1344645607709187,0.0,1.0,9.0,8.0,0.2987718413765655,1753961532438.5833,4.933333333333334,4.8,8.0,1753961529077.0,1753961534077.0,0.0,0.0,541558.445824,541563.445824,610.0,23.16271120339134,1.0446664930343714,1.796939417791216,0.0716404205387761,10.392304845413264,0.8984697088956081,15.1359969986395,23.16271120339134,13.191053104062116,9.598542615587249,0.993509080322983,0.993509080322983,0.03295405403448,0.03295405403448,1.0,2.492936560210093,4.084266437021556,0.0,0.0,0.0,0.1228070175438596,1753961524217.5342,1753961529217.5342
0.6918012422360249,0.0001186528297519,0.3876595744680851,0.0023320959710276,0.7003105590062112,0.4148936170212766,0.2970964161403143,0.1344645607709187,0.2970964161403143,0.1344645607709187,0.0,1.0,9.0,8.0,0.2987718413765655,1753961532438.5833,4.933333333333334,4.8,8.0,1753961529077.0,1753961534077.0,0.0,0.0,541563.445824,541568.445824,620.0,26.132290837924376,1.989077935824985,2.029602856146452,0.1547461911985483,10.392304845413264,1.0148014280732258,16.402101273364174,26.132290837924376,19.29685020836961,4.935612258305143,0.9990433451435444,0.9990433451435444,0.0168959824962074,0.0168959824962074,0.0,1.389966559964534,2.6674199460570684,0.0,0.0,0.0,0.1228070175438596,1753961529217.5342,1753961534217.5342
0.7044720496894409,6.186489718760874e-05,0.3812765957446808,0.0035598008148483,0.7080745341614907,0.3936170212765957,0.3097672235937302,0.140847539494323,0.3097672235937302,0.140847539494323,0.0,1.0,9.0,8.0,0.3034720544312613,1753961536218.0,4.47,7.0,8.0,1753961534078.0,1753961539078.0,0.0,0.0,541563.445824,541568.445824,620.0,26.132290837924376,1.989077935824985,2.029602856146452,0.1547461911985483,10.392304845413264,1.0148014280732258,16.402101273364174,26.132290837924376,19.29685020836961,4.935612258305143,0.9990433451435444,0.9990433451435444,0.0168959824962074,0.0168959824962074,0.0,1.389966559964534,2.6674199460570684,0.0,0.0,0.0,0.1228070175438596,1753961529217.5342,1753961534217.5342
0.7044720496894409,6.186489718760874e-05,0.3812765957446808,0.0035598008148483,0.7080745341614907,0.3936170212765957,0.3097672235937302,0.140847539494323,0.3097672235937302,0.140847539494323,0.0,1.0,9.0,8.0,0.3034720544312613,1753961536218.0,4.47,7.0,8.0,1753961534078.0,1753961539078.0,0.0,0.0,541568.445824,541573.445824,594.0,24.23104697639973,1.84069890030152,1.8653135608231215,0.1374992144236526,10.392304845413264,0.9326567804115607,15.188881023987545,24.23104697639973,18.18274314108149,7.927703941071227,0.9860500882783022,0.9860500882783022,0.0690989330707241,0.0690989330707241,10.0,4.68120771590216,29.59473544802216,0.0,0.0,0.0,0.1228070175438596,1753961534217.5342,1753961539217.5342
0.7202484472049691,0.000104872497203,0.3817021276595744,0.0051545495699411,0.7267080745341615,0.401595744680851,0.3255436211092584,0.1404220075794293,0.3255436211092584,0.1404220075794293,0.0,1.0,9.0,8.0,0.0316947290232241,1753961536218.0,4.47,7.0,8.0,1753961534078.0,1753961539078.0,0.0,0.0,541563.445824,541568.445824,620.0,26.132290837924376,1.989077935824985,2.029602856146452,0.1547461911985483,10.392304845413264,1.0148014280732258,16.402101273364174,26.132290837924376,19.29685020836961,4.935612258305143,0.9990433451435444,0.9990433451435444,0.0168959824962074,0.0168959824962074,0.0,1.389966559964534,2.6674199460570684,0.0,0.0,0.0,0.1228070175438596,1753961529217.5342,1753961534217.5342
0.7202484472049691,0.000104872497203,0.3817021276595744,0.0051545495699411,0.7267080745341615,0.401595744680851,0.3255436211092584,0.1404220075794293,0.3255436211092584,0.1404220075794293,0.0,1.0,9.0,8.0,0.0316947290232241,1753961536218.0,4.47,7.0,8.0,1753961534078.0,1753961539078.0,0.0,0.0,541568.445824,541573.445824,594.0,24.23104697639973,1.84069890030152,1.8653135608231215,0.1374992144236526,10.392304845413264,0.9326567804115607,15.188881023987545,24.23104697639973,18.18274314108149,7.927703941071227,0.9860500882783022,0.9860500882783022,0.0690989330707241,0.0690989330707241,10.0,4.68120771590216,29.59473544802216,0.0,0.0,0.0,0.1228070175438596,1753961534217.5342,1753961539217.5342
0.7238509316770189,6.976582693568928e-05,0.381063829787234,0.0033440018107741,0.7267080745341615,0.3829787234042553,0.3291461055813082,0.1410603054517697,0.3291461055813082,0.1410603054517697,0.0,1.0,9.0,8.0,0.2224459119768523,1753961546534.1,5.9715,6.7995,8.0,1753961544080.0,1753961549080.0,0.0,0.0,541573.445824,541578.445824,613.0,26.18964960724029,1.4059887526411887,2.013614407298339,0.1156616133378744,10.392304845413264,1.0068072036491695,17.66331427787135,26.18964960724029,19.516553044219968,3.760128353822896,0.9979145953522052,0.9979145953522052,0.0220192849743347,0.0220192849743347,1.0,2.113151715063652,4.443974724455292,0.0,0.0,0.0,0.1228070175438596,1753961539217.5342,1753961544217.5342
0.7238509316770189,6.976582693568928e-05,0.381063829787234,0.0033440018107741,0.7267080745341615,0.3829787234042553,0.3291461055813082,0.1410603054517697,0.3291461055813082,0.1410603054517697,0.0,1.0,9.0,8.0,0.2224459119768523,1753961546534.1,5.9715,6.7995,8.0,1753961544080.0,1753961549080.0,0.0,0.0,541578.445824,541583.445824,616.0,22.5021959481004,1.090960076378992,1.7453646693980815,0.0738228803104278,10.392304845413264,0.8726823346990408,13.29341540088912,22.5021959481004,11.083194115173749,8.123744117503842,0.9954303873878332,0.9954303873878332,0.03260404206512,0.03260404206512,1.0,2.463809934209817,5.129820361205153,0.0,0.0,0.0,0.1228070175438596,1753961544217.5342,1753961549217.5342
0.7341614906832299,6.635546468114606e-05,0.3799999999999999,0.0036941602535083,0.7391304347826086,0.4042553191489361,0.3394566645875193,0.1421241352390038,0.3394566645875193,0.1421241352390038,0.0,1.0,9.0,8.0,0.0502299796933737,1753961552700.1428,4.771428571428571,5.492857142857143,8.0,1753961549081.0,1753961554081.0,0.0,0.0,541578.445824,541583.445824,616.0,22.5021959481004,1.090960076378992,1.7453646693980815,0.0738228803104278,10.392304845413264,0.8726823346990408,13.29341540088912,22.5021959481004,11.083194115173749,8.123744117503842,0.9954303873878332,0.9954303873878332,0.03260404206512,0.03260404206512,1.0,2.463809934209817,5.129820361205153,0.0,0.0,0.0,0.1228070175438596,1753961544217.5342,1753961549217.5342
0.7341614906832299,6.635546468114606e-05,0.3799999999999999,0.0036941602535083,0.7391304347826086,0.4042553191489361,0.3394566645875193,0.1421241352390038,0.3394566645875193,0.1421241352390038,0.0,1.0,9.0,8.0,0.0502299796933737,1753961552700.1428,4.771428571428571,5.492857142857143,8.0,1753961549081.0,1753961554081.0,0.0,0.0,541583.445824,541588.445824,608.0,22.408245940986934,1.3876123894829506,1.737550902053381,0.1088950539888638,10.392304845413264,0.8687754510266905,12.91833256901465,22.408245940986934,14.572033584383602,8.812963614681044,0.9966297913892764,0.9966297913892764,0.028827382432702,0.028827382432702,1.0,2.865021054294414,7.431528663888722,0.0,0.0,0.0,0.1228070175438596,1753961549217.5342,1753961554217.5342
0.7486956521739131,9.599938273986342e-05,0.3838297872340425,0.0038154821186057,0.7577639751552795,0.3936170212765957,0.3539908260782025,0.1382943480049613,0.3539908260782025,0.1382943480049613,0.0,1.0,9.0,8.0,0.0847795858246626,1753961556446.0,4.47,5.27,8.0,1753961554082.0,1753961559082.0,0.0,0.0,541583.445824,541588.445824,608.0,22.408245940986934,1.3876123894829506,1.737550902053381,0.1088950539888638,10.392304845413264,0.8687754510266905,12.91833256901465,22.408245940986934,14.572033584383602,8.812963614681044,0.9966297913892764,0.9966297913892764,0.028827382432702,0.028827382432702,1.0,2.865021054294414,7.431528663888722,0.0,0.0,0.0,0.1228070175438596,1753961549217.5342,1753961554217.5342
0.7486956521739131,9.599938273986342e-05,0.3838297872340425,0.0038154821186057,0.7577639751552795,0.3936170212765957,0.3539908260782025,0.1382943480049613,0.3539908260782025,0.1382943480049613,0.0,1.0,9.0,8.0,0.0847795858246626,1753961556446.0,4.47,5.27,8.0,1753961554082.0,1753961559082.0,0.0,0.0,541588.445824,541593.445824,507.0,24.34114003658841,1.837044580699784,1.869223920666784,0.150500489311917,10.392304845413264,0.934611960333392,16.540728216864956,24.34114003658841,30.640007541789227,12.50806588035894,0.9795735473948092,0.9795735473948092,0.0731787463734179,0.0731787463734179,6.0,9.390474298347495,37.08311285169101,0.0,0.0,0.0,0.1228070175438596,1753961554217.5342,1753961559217.5342
0.7496894409937889,0.0002426603911886,0.3829787234042552,0.0044861928474422,0.7639751552795031,0.4122340425531914,0.3549846148980782,0.1391454118347485,0.3549846148980782,0.1391454118347485,0.0,1.0,9.0,8.0,0.179592328124833,1753961556446.0,4.47,5.27,8.0,1753961554082.0,1753961559082.0,0.0,0.0,541583.445824,541588.445824,608.0,22.408245940986934,1.3876123894829506,1.737550902053381,0.1088950539888638,10.392304845413264,0.8687754510266905,12.91833256901465,22.408245940986934,14.572033584383602,8.812963614681044,0.9966297913892764,0.9966297913892764,0.028827382432702,0.028827382432702,1.0,2.865021054294414,7.431528663888722,0.0,0.0,0.0,0.1228070175438596,1753961549217.5342,1753961554217.5342
0.7496894409937889,0.0002426603911886,0.3829787234042552,0.0044861928474422,0.7639751552795031,0.4122340425531914,0.3549846148980782,0.1391454118347485,0.3549846148980782,0.1391454118347485,0.0,1.0,9.0,8.0,0.179592328124833,1753961556446.0,4.47,5.27,8.0,1753961554082.0,1753961559082.0,0.0,0.0,541588.445824,541593.445824,507.0,24.34114003658841,1.837044580699784,1.869223920666784,0.150500489311917,10.392304845413264,0.934611960333392,16.540728216864956,24.34114003658841,30.640007541789227,12.50806588035894,0.9795735473948092,0.9795735473948092,0.0731787463734179,0.0731787463734179,6.0,9.390474298347495,37.08311285169101,0.0,0.0,0.0,0.1228070175438596,1753961554217.5342,1753961559217.5342
0.736894409937888,8.29597623548469e-05,0.3695744680851063,0.0041322317790855,0.7453416149068323,0.401595744680851,0.3421895838421774,0.1525496671538975,0.3421895838421774,0.1525496671538975,0.0,1.0,9.0,8.0,0.0073832019049835,1753961566977.0,5.0,5.27,8.0,1753961564084.0,1753961569084.0,0.0,0.0,541593.445824,541598.445824,534.0,27.678112518859564,2.3112787272089728,2.1309979334658817,0.1740313813420791,10.392304845413264,1.0654989667329409,18.582148137396462,27.678112518859564,31.455771269759914,12.996298955912923,0.9857497891199116,0.9857497891199116,0.057706831370158,0.057706831370158,4.0,9.942634242993098,49.466753204981686,0.0,0.0,0.0,0.1228070175438596,1753961559217.5342,1753961564217.5342
0.736894409937888,8.29597623548469e-05,0.3695744680851063,0.0041322317790855,0.7453416149068323,0.401595744680851,0.3421895838421774,0.1525496671538975,0.3421895838421774,0.1525496671538975,0.0,1.0,9.0,8.0,0.0073832019049835,1753961566977.0,5.0,5.27,8.0,1753961564084.0,1753961569084.0,0.0,0.0,541598.445824,541603.445824,608.0,24.38381745555819,3.748946850378065,1.8822255771103416,0.2701373026220005,10.392304845413264,0.9411127885551708,14.505537008772976,24.38381745555819,17.961860680076413,10.33685351639516,0.9961211006450416,0.9961211006450416,0.0293289256808894,0.0293289256808894,0.0,2.665931798677845,7.802257990996029,0.0,0.0,0.0,0.1228070175438596,1753961564217.5342,1753961569217.5342
0.7467080745341615,6.525982793873686e-05,0.3836170212765957,0.0045152105024898,0.7515527950310559,0.4202127659574468,0.3520032484384509,0.138507113962408,0.3520032484384509,0.138507113962408,0.0,1.0,9.0,8.0,0.003106967699515,1753961571206.0,5.0,5.533333333333334,8.0,1753961569085.0,1753961574085.0,0.0,0.0,541598.445824,541603.445824,608.0,24.38381745555819,3.748946850378065,1.8822255771103416,0.2701373026220005,10.392304845413264,0.9411127885551708,14.505537008772976,24.38381745555819,17.961860680076413,10.33685351639516,0.9961211006450416,0.9961211006450416,0.0293289256808894,0.0293289256808894,0.0,2.665931798677845,7.802257990996029,0.0,0.0,0.0,0.1228070175438596,1753961564217.5342,1753961569217.5342
0.7467080745341615,6.525982793873686e-05,0.3836170212765957,0.0045152105024898,0.7515527950310559,0.4202127659574468,0.3520032484384509,0.138507113962408,0.3520032484384509,0.138507113962408,0.0,1.0,9.0,8.0,0.003106967699515,1753961571206.0,5.0,5.533333333333334,8.0,1753961569085.0,1753961574085.0,0.0,0.0,541603.445824,541608.445824,524.0,22.559936830281696,2.1295370550791834,1.7387710531429403,0.1551861464734134,10.392304845413264,0.8693855265714702,13.859689423673831,22.559936830281696,20.50960818959205,17.078218436562562,0.97927875244166,0.97927875244166,0.0761318212053534,0.0761318212053534,9.0,10.081554960089138,34.3662182678985,0.0,0.0,0.0,0.1228070175438596,1753961569217.5342,1753961574217.5342
0.7562732919254658,0.0001181435901392,0.3889361702127659,0.0040659121774558,0.7639751552795031,0.401595744680851,0.3615684658297551,0.1331879650262379,0.3615684658297551,0.1331879650262379,0.0,1.0,9.0,8.0,0.0036564612733764,1753961571206.0,5.0,5.533333333333334,8.0,1753961569085.0,1753961574085.0,0.0,0.0,541598.445824,541603.445824,608.0,24.38381745555819,3.748946850378065,1.8822255771103416,0.2701373026220005,10.392304845413264,0.9411127885551708,14.505537008772976,24.38381745555819,17.961860680076413,10.33685351639516,0.9961211006450416,0.9961211006450416,0.0293289256808894,0.0293289256808894,0.0,2.665931798677845,7.802257990996029,0.0,0.0,0.0,0.1228070175438596,1753961564217.5342,1753961569217.5342
0.7562732919254658,0.0001181435901392,0.3889361702127659,0.0040659121774558,0.7639751552795031,0.401595744680851,0.3615684658297551,0.1331879650262379,0.3615684658297551,0.1331879650262379,0.0,1.0,9.0,8.0,0.0036564612733764,1753961571206.0,5.0,5.533333333333334,8.0,1753961569085.0,1753961574085.0,0.0,0.0,541603.445824,541608.445824,524.0,22.559936830281696,2.1295370550791834,1.7387710531429403,0.1551861464734134,10.392304845413264,0.8693855265714702,13.859689423673831,22.559936830281696,20.50960818959205,17.078218436562562,0.97927875244166,0.97927875244166,0.0761318212053534,0.0761318212053534,9.0,10.081554960089138,34.3662182678985,0.0,0.0,0.0,0.1228070175438596,1753961569217.5342,1753961574217.5342
0.750807453416149,9.820608772809702e-05,0.3748936170212766,0.0047241285649615,0.7577639751552795,0.4122340425531914,0.3561026273204383,0.1472305182177272,0.3561026273204383,0.1472305182177272,0.0,1.0,9.0,8.0,2.122747984546756e-05,1753961571206.0,5.0,5.533333333333334,8.0,1753961569085.0,1753961574085.0,0.0,0.0,541598.445824,541603.445824,608.0,24.38381745555819,3.748946850378065,1.8822255771103416,0.2701373026220005,10.392304845413264,0.9411127885551708,14.505537008772976,24.38381745555819,17.961860680076413,10.33685351639516,0.9961211006450416,0.9961211006450416,0.0293289256808894,0.0293289256808894,0.0,2.665931798677845,7.802257990996029,0.0,0.0,0.0,0.1228070175438596,1753961564217.5342,1753961569217.5342
0.750807453416149,9.820608772809702e-05,0.3748936170212766,0.0047241285649615,0.7577639751552795,0.4122340425531914,0.3561026273204383,0.1472305182177272,0.3561026273204383,0.1472305182177272,0.0,1.0,9.0,8.0,2.122747984546756e-05,1753961571206.0,5.0,5.533333333333334,8.0,1753961569085.0,1753961574085.0,0.0,0.0,541603.445824,541608.445824,524.0,22.559936830281696,2.1295370550791834,1.7387710531429403,0.1551861464734134,10.392304845413264,0.8693855265714702,13.859689423673831,22.559936830281696,20.50960818959205,17.078218436562562,0.97927875244166,0.97927875244166,0.0761318212053534,0.0761318212053534,9.0,10.081554960089138,34.3662182678985,0.0,0.0,0.0,0.1228070175438596,1753961569217.5342,1753961574217.5342
0.7515527950310559,8.641641911963289e-05,0.3744680851063829,0.0043005885015844,0.7577639751552795,0.401595744680851,0.3568479689353452,0.1476560501326209,0.3568479689353452,0.1476560501326209,0.0,1.0,9.0,8.0,3.545947997805855e-05,1753961585897.6,5.0,5.0,8.0,1753961584088.0,1753961589088.0,0.0,0.0,541613.445824,541618.445824,527.0,28.989102561441623,2.335296055847192,2.2773845064146294,0.1907041806055192,10.392304845413264,1.1386922532073147,21.470989464267177,28.989102561441623,31.251905223520662,10.058102406577516,0.9783263771692184,0.9783263771692184,0.070918024016271,0.070918024016271,8.0,13.4227398453016,64.28144605334826,0.0,0.0,0.0,0.1228070175438596,1753961579217.5342,1753961584217.5342
0.7515527950310559,8.641641911963289e-05,0.3744680851063829,0.0043005885015844,0.7577639751552795,0.401595744680851,0.3568479689353452,0.1476560501326209,0.3568479689353452,0.1476560501326209,0.0,1.0,9.0,8.0,3.545947997805855e-05,1753961585897.6,5.0,5.0,8.0,1753961584088.0,1753961589088.0,0.0,0.0,541618.445824,541623.445824,567.0,24.25864377021156,1.8773191954652964,1.9589916911414336,0.1431087601873441,10.392304845413264,0.9794958455707168,15.133015136960749,24.25864377021156,26.637279152774017,13.01342415228376,0.98686769096007,0.98686769096007,0.0605681227069294,0.0605681227069294,6.0,8.167906368321555,40.26298912785618,0.0,0.0,0.0,0.1228070175438596,1753961584217.5342,1753961589217.5342
0.7557763975155278,9.481115697696884e-05,0.3763829787234041,0.0049112267994567,0.7639751552795031,0.4095744680851063,0.3610715714198172,0.1457411565155996,0.3610715714198172,0.1457411565155996,0.0,1.0,9.0,8.0,0.3121344419396494,1753961591139.0,5.0,4.335,8.0,1753961589089.0,1753961594089.0,0.0,0.0,541618.445824,541623.445824,567.0,24.25864377021156,1.8773191954652964,1.9589916911414336,0.1431087601873441,10.392304845413264,0.9794958455707168,15.133015136960749,24.25864377021156,26.637279152774017,13.01342415228376,0.98686769096007,0.98686769096007,0.0605681227069294,0.0605681227069294,6.0,8.167906368321555,40.26298912785618,0.0,0.0,0.0,0.1228070175438596,1753961584217.5342,1753961589217.5342
0.7557763975155278,9.481115697696884e-05,0.3763829787234041,0.0049112267994567,0.7639751552795031,0.4095744680851063,0.3610715714198172,0.1457411565155996,0.3610715714198172,0.1457411565155996,0.0,1.0,9.0,8.0,0.3121344419396494,1753961591139.0,5.0,4.335,8.0,1753961589089.0,1753961594089.0,0.0,0.0,541623.445824,541628.445824,533.0,26.491161892291714,1.6871996530245308,2.1152271065170734,0.1351930868034362,10.392304845413264,1.057613553258537,18.279322391513496,26.491161892291714,35.04510139845311,6.841377623482536,0.9770647484305076,0.9770647484305076,0.0859454971078677,0.0859454971078677,12.0,6.431851662190126,16.08151380380024,0.0,0.0,0.0,0.1228070175438596,1753961589217.5342,1753961594217.5342
0.775527950310559,0.00011575170711,0.3734042553191488,0.0043334087822544,0.782608695652174,0.3936170212765957,0.3808231242148484,0.1487198799198549,0.3808231242148484,0.1487198799198549,0.0,1.0,9.0,8.0,0.3381672734597744,1753961597587.111,4.760000000000001,4.614444444444445,8.0,1753961594090.0,1753961599090.0,0.0,0.0,541623.445824,541628.445824,533.0,26.491161892291714,1.6871996530245308,2.1152271065170734,0.1351930868034362,10.392304845413264,1.057613553258537,18.279322391513496,26.491161892291714,35.04510139845311,6.841377623482536,0.9770647484305076,0.9770647484305076,0.0859454971078677,0.0859454971078677,12.0,6.431851662190126,16.08151380380024,0.0,0.0,0.0,0.1228070175438596,1753961589217.5342,1753961594217.5342
0.775527950310559,0.00011575170711,0.3734042553191488,0.0043334087822544,0.782608695652174,0.3936170212765957,0.3808231242148484,0.1487198799198549,0.3808231242148484,0.1487198799198549,0.0,1.0,9.0,8.0,0.3381672734597744,1753961597587.111,4.760000000000001,4.614444444444445,8.0,1753961594090.0,1753961599090.0,0.0,0.0,541628.445824,541633.445824,592.0,22.99894845134641,1.6307397278086264,1.8586623725801417,0.1175508369959658,10.392304845413264,0.9293311862900708,13.549091322691371,22.99894845134641,21.861110385127027,7.777702713440592,0.994002760596372,0.994002760596372,0.0480386252941402,0.0480386252941402,5.0,3.586106048862394,11.455109799502573,0.0,0.0,0.0,0.1228070175438596,1753961594217.5342,1753961599217.5342
0.801614906832298,0.0002259326414875,0.3731914893617021,0.0035800814848347,0.8136645962732919,0.401595744680851,0.4069100807365873,0.1489326458773017,0.4069100807365873,0.1489326458773017,0.0,1.0,9.0,8.0,0.4040318047778049,1753961600812.3,4.308000000000001,6.412999999999999,8.0,1753961599091.0,1753961604091.0,0.0,0.0,541628.445824,541633.445824,592.0,22.99894845134641,1.6307397278086264,1.8586623725801417,0.1175508369959658,10.392304845413264,0.9293311862900708,13.549091322691371,22.99894845134641,21.861110385127027,7.777702713440592,0.994002760596372,0.994002760596372,0.0480386252941402,0.0480386252941402,5.0,3.586106048862394,11.455109799502573,0.0,0.0,0.0,0.1228070175438596,1753961594217.5342,1753961599217.5342
0.801614906832298,0.0002259326414875,0.3731914893617021,0.0035800814848347,0.8136645962732919,0.401595744680851,0.4069100807365873,0.1489326458773017,0.4069100807365873,0.1489326458773017,0.0,1.0,9.0,8.0,0.4040318047778049,1753961600812.3,4.308000000000001,6.412999999999999,8.0,1753961599091.0,1753961604091.0,0.0,0.0,541633.445824,541638.445824,571.0,24.008506226202407,2.1655383723598143,1.9484406398344256,0.1680384285416923,10.392304845413264,0.9742203199172128,15.222200908764702,24.008506226202407,29.3500092786626,10.079365969429348,0.9920145479200424,0.9920145479200424,0.0479818998463302,0.0479818998463302,3.0,5.442387719925117,26.694210885195325,0.0,0.0,0.0,0.1228070175438596,1753961599217.5342,1753961604217.5342
0.8248447204968946,0.0001049342232166,0.375531914893617,0.0044963784517881,0.8322981366459627,0.3829787234042553,0.430139894401184,0.1465922203453867,0.430139894401184,0.1465922203453867,0.0,1.0,9.0,8.0,3.662367091220577e-05,1753961600812.3,4.308000000000001,6.412999999999999,8.0,1753961599091.0,1753961604091.0,0.0,0.0,541628.445824,541633.445824,592.0,22.99894845134641,1.6307397278086264,1.8586623725801417,0.1175508369959658,10.392304845413264,0.9293311862900708,13.549091322691371,22.99894845134641,21.861110385127027,7.777702713440592,0.994002760596372,0.994002760596372,0.0480386252941402,0.0480386252941402,5.0,3.586106048862394,11.455109799502573,0.0,0.0,0.0,0.1228070175438596,1753961594217.5342,1753961599217.5342
0.8248447204968946,0.0001049342232166,0.375531914893617,0.0044963784517881,0.8322981366459627,0.3829787234042553,0.430139894401184,0.1465922203453867,0.430139894401184,0.1465922203453867,0.0,1.0,9.0,8.0,3.662367091220577e-05,1753961600812.3,4.308000000000001,6.412999999999999,8.0,1753961599091.0,1753961604091.0,0.0,0.0,541633.445824,541638.445824,571.0,24.008506226202407,2.1655383723598143,1.9484406398344256,0.1680384285416923,10.392304845413264,0.9742203199172128,15.222200908764702,24.008506226202407,29.3500092786626,10.079365969429348,0.9920145479200424,0.9920145479200424,0.0479818998463302,0.0479818998463302,3.0,5.442387719925117,26.694210885195325,0.0,0.0,0.0,0.1228070175438596,1753961599217.5342,1753961604217.5342
0.8351552795031055,0.0001145171868369,0.3742553191489361,0.0041362154821186,0.84472049689441,0.3936170212765957,0.4404504534073949,0.1478688160900677,0.4404504534073949,0.1478688160900677,0.0,1.0,9.0,8.0,0.0784028711071207,1753961600812.3,4.308000000000001,6.412999999999999,8.0,1753961599091.0,1753961604091.0,0.0,0.0,541628.445824,541633.445824,592.0,22.99894845134641,1.6307397278086264,1.8586623725801417,0.1175508369959658,10.392304845413264,0.9293311862900708,13.549091322691371,22.99894845134641,21.861110385127027,7.777702713440592,0.994002760596372,0.994002760596372,0.0480386252941402,0.0480386252941402,5.0,3.586106048862394,11.455109799502573,0.0,0.0,0.0,0.1228070175438596,1753961594217.5342,1753961599217.5342
0.8351552795031055,0.0001145171868369,0.3742553191489361,0.0041362154821186,0.84472049689441,0.3936170212765957,0.4404504534073949,0.1478688160900677,0.4404504534073949,0.1478688160900677,0.0,1.0,9.0,8.0,0.0784028711071207,1753961600812.3,4.308000000000001,6.412999999999999,8.0,1753961599091.0,1753961604091.0,0.0,0.0,541633.445824,541638.445824,571.0,24.008506226202407,2.1655383723598143,1.9484406398344256,0.1680384285416923,10.392304845413264,0.9742203199172128,15.222200908764702,24.008506226202407,29.3500092786626,10.079365969429348,0.9920145479200424,0.9920145479200424,0.0479818998463302,0.0479818998463302,3.0,5.442387719925117,26.694210885195325,0.0,0.0,0.0,0.1228070175438596,1753961599217.5342,1753961604217.5342
0.8429813664596273,9.419389684039948e-05,0.3719148936170212,0.0037390674513354,0.84472049689441,0.3936170212765957,0.4482765403639167,0.1502092416219826,0.4482765403639167,0.1502092416219826,0.0,1.0,9.0,8.0,0.2523651088726051,1753961618807.0,4.2,6.87,8.0,1753961614094.0,1753961619094.0,0.0,0.0,541643.445824,541648.445824,586.0,25.75239319494636,1.248261052221736,2.0726082683707565,0.1059564189753103,10.392304845413264,1.0363041341853785,17.641774138065983,25.75239319494636,25.36947131636349,4.526571802006241,0.9951555068231194,0.9951555068231194,0.0381607927923303,0.0381607927923303,2.0,4.027032858036495,18.60860721770262,0.0,0.0,0.0,0.1228070175438596,1753961609217.5342,1753961614217.5342
0.8429813664596273,9.419389684039948e-05,0.3719148936170212,0.0037390674513354,0.84472049689441,0.3936170212765957,0.4482765403639167,0.1502092416219826,0.4482765403639167,0.1502092416219826,0.0,1.0,9.0,8.0,0.2523651088726051,1753961618807.0,4.2,6.87,8.0,1753961614094.0,1753961619094.0,0.0,0.0,541648.445824,541653.445824,588.0,27.146514349377327,2.0402104615880408,2.1861652354787817,0.1621149701313772,10.392304845413264,1.0930826177393909,18.56034813086596,27.146514349377327,28.49139896815296,10.486383852971512,0.993346560370432,0.993346560370432,0.0432517937694666,0.0432517937694666,3.0,4.959130003997794,25.105636757509497,0.0,0.0,0.0,0.1228070175438596,1753961614217.5342,1753961619217.5342
0.8520496894409938,7.513599012383731e-05,0.3704255319148936,0.0039868266183793,0.8571428571428571,0.3803191489361702,0.4573448633452832,0.1516986033241101,0.4573448633452832,0.1516986033241101,0.0,1.0,9.0,8.0,0.1670438640535539,1753961621147.1052,3.512105263157895,8.450526315789473,8.0,1753961619095.0,1753961624095.0,0.0,0.0,541648.445824,541653.445824,588.0,27.146514349377327,2.0402104615880408,2.1861652354787817,0.1621149701313772,10.392304845413264,1.0930826177393909,18.56034813086596,27.146514349377327,28.49139896815296,10.486383852971512,0.993346560370432,0.993346560370432,0.0432517937694666,0.0432517937694666,3.0,4.959130003997794,25.105636757509497,0.0,0.0,0.0,0.1228070175438596,1753961614217.5342,1753961619217.5342
0.8520496894409938,7.513599012383731e-05,0.3704255319148936,0.0039868266183793,0.8571428571428571,0.3803191489361702,0.4573448633452832,0.1516986033241101,0.4573448633452832,0.1516986033241101,0.0,1.0,9.0,8.0,0.1670438640535539,1753961621147.1052,3.512105263157895,8.450526315789473,8.0,1753961619095.0,1753961624095.0,0.0,0.0,541653.445824,541658.445824,596.0,26.22103218418244,1.854973933167396,2.179339961718729,0.1524797330137231,10.392304845413264,1.0896699808593648,17.341750703894313,26.22103218418244,32.18945066395237,8.238228350430786,0.9899728864516216,0.9899728864516216,0.0547118697022051,0.0547118697022051,5.0,4.253962983110208,11.954340925077306,0.0,0.0,0.0,0.1228070175438596,1753961619217.5342,1753961624217.5342
0.8614906832298138,7.754330465645588e-05,0.3697872340425531,0.0046516976007243,0.8695652173913043,0.3936170212765957,0.4667858571341032,0.1523369011964506,0.4667858571341032,0.1523369011964506,0.0,1.0,9.0,8.0,5.340317550333939e-05,1753961624807.6667,2.33,8.466666666666667,8.0,1753961624096.0,1753961629096.0,0.0,0.0,541653.445824,541658.445824,596.0,26.22103218418244,1.854973933167396,2.179339961718729,0.1524797330137231,10.392304845413264,1.0896699808593648,17.341750703894313,26.22103218418244,32.18945066395237,8.238228350430786,0.9899728864516216,0.9899728864516216,0.0547118697022051,0.0547118697022051,5.0,4.253962983110208,11.954340925077306,0.0,0.0,0.0,0.1228070175438596,1753961619217.5342,1753961624217.5342
0.8614906832298138,7.754330465645588e-05,0.3697872340425531,0.0046516976007243,0.8695652173913043,0.3936170212765957,0.4667858571341032,0.1523369011964506,0.4667858571341032,0.1523369011964506,0.0,1.0,9.0,8.0,5.340317550333939e-05,1753961624807.6667,2.33,8.466666666666667,8.0,1753961624096.0,1753961629096.0,0.0,0.0,541658.445824,541663.445824,560.0,26.676001493185776,2.796319707065089,2.1957174523952903,0.2164810620262108,10.392304845413264,1.0978587261976451,18.69872097941041,26.676001493185776,27.94111314917943,9.34989925714581,0.9870178946769336,0.9870178946769336,0.0614167512192323,0.0614167512192323,7.0,3.914853830677989,10.10935238802937,0.0,0.0,0.0,0.1228070175438596,1753961624217.5342,1753961629217.5342
0.8556521739130435,0.0001351182438949,0.3689361702127659,0.0055293798098687,0.8633540372670807,0.3723404255319149,0.4609473478173329,0.1531879650262378,0.4609473478173329,0.1531879650262378,0.0,1.0,9.0,8.0,5.796484357559664e-05,1753961633217.75,1.935,8.467500000000001,8.0,1753961629097.0,1753961634097.0,0.0,0.0,541658.445824,541663.445824,560.0,26.676001493185776,2.796319707065089,2.1957174523952903,0.2164810620262108,10.392304845413264,1.0978587261976451,18.69872097941041,26.676001493185776,27.94111314917943,9.34989925714581,0.9870178946769336,0.9870178946769336,0.0614167512192323,0.0614167512192323,7.0,3.914853830677989,10.10935238802937,0.0,0.0,0.0,0.1228070175438596,1753961624217.5342,1753961629217.5342
0.8556521739130435,0.0001351182438949,0.3689361702127659,0.0055293798098687,0.8633540372670807,0.3723404255319149,0.4609473478173329,0.1531879650262378,0.4609473478173329,0.1531879650262378,0.0,1.0,9.0,8.0,5.796484357559664e-05,1753961633217.75,1.935,8.467500000000001,8.0,1753961629097.0,1753961634097.0,0.0,0.0,541663.445824,541668.445824,599.0,29.33772065798712,3.238907459532064,2.405205107976021,0.2570777433668231,10.392304845413264,1.2026025539880103,20.2157589461641,29.33772065798712,33.27921012772362,11.538791629161407,0.9958729497652464,0.9958729497652464,0.0316225699796716,0.0316225699796716,2.0,3.5432865620122307,13.058742101766608,0.0,0.0,0.0,0.1228070175438596,1753961629217.5342,1753961634217.5342
0.8522981366459627,0.0001161837892056,0.3587234042553191,0.0052152105024898,0.8571428571428571,0.3856382978723404,0.457593310550252,0.1634007309836846,0.457593310550252,0.1634007309836846,0.0,1.0,9.0,8.0,0.2491436971175396,1753961637122.6667,1.98,8.91,8.0,1753961634098.0,1753961639098.0,0.0,0.0,541663.445824,541668.445824,599.0,29.33772065798712,3.238907459532064,2.405205107976021,0.2570777433668231,10.392304845413264,1.2026025539880103,20.2157589461641,29.33772065798712,33.27921012772362,11.538791629161407,0.9958729497652464,0.9958729497652464,0.0316225699796716,0.0316225699796716,2.0,3.5432865620122307,13.058742101766608,0.0,0.0,0.0,0.1228070175438596,1753961629217.5342,1753961634217.5342
0.8522981366459627,0.0001161837892056,0.3587234042553191,0.0052152105024898,0.8571428571428571,0.3856382978723404,0.457593310550252,0.1634007309836846,0.457593310550252,0.1634007309836846,0.0,1.0,9.0,8.0,0.2491436971175396,1753961637122.6667,1.98,8.91,8.0,1753961634098.0,1753961639098.0,0.0,0.0,541668.445824,541673.445824,546.0,24.94305596741633,1.98247880243522,2.05228670999858,0.1578296635401847,10.392304845413264,1.02614335499929,16.65937504240678,24.94305596741633,29.5207768626198,8.690260303448536,0.9888942246699928,0.9888942246699928,0.0558369249483231,0.0558369249483231,6.0,4.440167516728397,13.326696931118908,0.0,0.0,0.0,0.1228070175438596,1753961634217.5342,1753961639217.5342
0.8708074534161492,0.0001527718838007,0.3651063829787234,0.0041033952014486,0.8757763975155279,0.3803191489361702,0.4761026273204385,0.1570177522602804,0.4761026273204385,0.1570177522602804,0.0,1.0,9.0,8.0,4.28723657177573e-05,1753961637122.6667,1.98,8.91,8.0,1753961634098.0,1753961639098.0,0.0,0.0,541663.445824,541668.445824,599.0,29.33772065798712,3.238907459532064,2.405205107976021,0.2570777433668231,10.392304845413264,1.2026025539880103,20.2157589461641,29.33772065798712,33.27921012772362,11.538791629161407,0.9958729497652464,0.9958729497652464,0.0316225699796716,0.0316225699796716,2.0,3.5432865620122307,13.058742101766608,0.0,0.0,0.0,0.1228070175438596,1753961629217.5342,1753961634217.5342
0.8708074534161492,0.0001527718838007,0.3651063829787234,0.0041033952014486,0.8757763975155279,0.3803191489361702,0.4761026273204385,0.1570177522602804,0.4761026273204385,0.1570177522602804,0.0,1.0,9.0,8.0,4.28723657177573e-05,1753961637122.6667,1.98,8.91,8.0,1753961634098.0,1753961639098.0,0.0,0.0,541668.445824,541673.445824,546.0,24.94305596741633,1.98247880243522,2.05228670999858,0.1578296635401847,10.392304845413264,1.02614335499929,16.65937504240678,24.94305596741633,29.5207768626198,8.690260303448536,0.9888942246699928,0.9888942246699928,0.0558369249483231,0.0558369249483231,6.0,4.440167516728397,13.326696931118908,0.0,0.0,0.0,0.1228070175438596,1753961634217.5342,1753961639217.5342
0.870807453416149,0.000117279425948,0.3591489361702126,0.0034656405613399,0.8804347826086957,0.3723404255319149,0.4761026273204383,0.1629751990687911,0.4761026273204383,0.1629751990687911,0.0,1.0,9.0,8.0,0.0529607071705418,1753961647726.0,2.07,8.0675,8.0,1753961644100.0,1753961649100.0,0.0,0.0,541673.445824,541678.445824,545.0,25.89691028019244,1.8459316605176184,2.1413797146499047,0.1643287521249754,10.392304845413264,1.0706898573249524,18.733745060571447,25.89691028019244,30.468983027367152,11.915646240573103,0.98099704227235,0.98099704227235,0.0725765559886965,0.0725765559886965,9.0,8.51696591746492,35.52393620527328,0.0,0.0,0.0,0.1228070175438596,1753961639217.5342,1753961644217.5342
0.870807453416149,0.000117279425948,0.3591489361702126,0.0034656405613399,0.8804347826086957,0.3723404255319149,0.4761026273204383,0.1629751990687911,0.4761026273204383,0.1629751990687911,0.0,1.0,9.0,8.0,0.0529607071705418,1753961647726.0,2.07,8.0675,8.0,1753961644100.0,1753961649100.0,0.0,0.0,541678.445824,541683.445824,574.0,28.581037859228424,1.4397617285568418,2.397398251883853,0.1154605399509761,10.392304845413264,1.1986991259419266,19.81795519502203,28.581037859228424,32.513277303346065,5.107993696451093,0.9921921835100556,0.9921921835100556,0.0450318424986971,0.0450318424986971,4.0,2.7177971379747423,5.948030493641901,0.0,0.0,0.0,0.1228070175438596,1753961644217.5342,1753961649217.5342
0.8696894409937889,0.0001180355696153,0.3663829787234041,0.0050120416478044,0.8757763975155279,0.3803191489361702,0.4749846148980782,0.1557411565155996,0.4749846148980782,0.1557411565155996,0.0,1.0,9.0,8.0,3.971353703726666e-05,1753961651410.3333,3.245,7.691666666666666,8.0,1753961649101.0,1753961654101.0,0.0,0.0,541678.445824,541683.445824,574.0,28.581037859228424,1.4397617285568418,2.397398251883853,0.1154605399509761,10.392304845413264,1.1986991259419266,19.81795519502203,28.581037859228424,32.513277303346065,5.107993696451093,0.9921921835100556,0.9921921835100556,0.0450318424986971,0.0450318424986971,4.0,2.7177971379747423,5.948030493641901,0.0,0.0,0.0,0.1228070175438596,1753961644217.5342,1753961649217.5342
0.8696894409937889,0.0001180355696153,0.3663829787234041,0.0050120416478044,0.8757763975155279,0.3803191489361702,0.4749846148980782,0.1557411565155996,0.4749846148980782,0.1557411565155996,0.0,1.0,9.0,8.0,3.971353703726666e-05,1753961651410.3333,3.245,7.691666666666666,8.0,1753961649101.0,1753961654101.0,0.0,0.0,541683.445824,541688.445824,460.0,26.22454956609721,2.8234878633354783,2.20219256885551,0.2427171296019041,10.392304845413264,1.101096284427755,18.40743934766611,26.22454956609721,36.95926499492997,11.421974965751629,0.9623817795194508,0.9623817795194508,0.0932297819226,0.0932297819226,10.0,14.978294857661345,47.54844745688125,0.0,0.0,0.0,0.1228070175438596,1753961649217.5342,1753961654217.5342
0.8724223602484473,0.0001129740364955,0.3651063829787234,0.0057828881846989,0.8819875776397516,0.3909574468085106,0.4777175341527367,0.1570177522602804,0.4777175341527367,0.1570177522602804,0.0,1.0,9.0,8.0,,1753961651410.3333,3.245,7.691666666666666,8.0,1753961649101.0,1753961654101.0,0.0,0.0,541678.445824,541683.445824,574.0,28.581037859228424,1.4397617285568418,2.397398251883853,0.1154605399509761,10.392304845413264,1.1986991259419266,19.81795519502203,28.581037859228424,32.513277303346065,5.107993696451093,0.9921921835100556,0.9921921835100556,0.0450318424986971,0.0450318424986971,4.0,2.7177971379747423,5.948030493641901,0.0,0.0,0.0,0.1228070175438596,1753961644217.5342,1753961649217.5342
0.8724223602484473,0.0001129740364955,0.3651063829787234,0.0057828881846989,0.8819875776397516,0.3909574468085106,0.4777175341527367,0.1570177522602804,0.4777175341527367,0.1570177522602804,0.0,1.0,9.0,8.0,,1753961651410.3333,3.245,7.691666666666666,8.0,1753961649101.0,1753961654101.0,0.0,0.0,541683.445824,541688.445824,460.0,26.22454956609721,2.8234878633354783,2.20219256885551,0.2427171296019041,10.392304845413264,1.101096284427755,18.40743934766611,26.22454956609721,36.95926499492997,11.421974965751629,0.9623817795194508,0.9623817795194508,0.0932297819226,0.0932297819226,10.0,14.978294857661345,47.54844745688125,0.0,0.0,0.0,0.1228070175438596,1753961649217.5342,1753961654217.5342
