video_id,timestamp,GSR,HR,P_id
1,1752840211147,0.9104477611940298,0.26666666666666666,4
1,1752840211248,0.9402985074626866,0.3333333333333333,4
1,1752840211349,0.9104477611940298,0.7333333333333333,4
1,1752840211450,0.9104477611940298,0.4,4
1,1752840211551,0.9253731343283582,0.4,4
1,1752840211652,0.9104477611940298,0.3333333333333333,4
1,1752840211753,0.9104477611940298,0.26666666666666666,4
1,1752840211854,0.9104477611940298,0.3333333333333333,4
1,1752840211955,0.8805970149253731,0.26666666666666666,4
1,1752840212055,0.8805970149253731,0.4666666666666667,4
1,1752840212156,0.8656716417910447,0.8,4
1,1752840212257,0.8656716417910447,0.3333333333333333,4
1,1752840212358,0.8656716417910447,0.3333333333333333,4
1,1752840212459,0.8656716417910447,0.3333333333333333,4
1,1752840212560,0.8507462686567164,0.26666666666666666,4
1,1752840212661,0.8656716417910447,0.2,4
1,1752840212762,0.8656716417910447,0.2,4
1,1752840212862,0.8805970149253731,0.4,4
1,1752840212963,0.8805970149253731,0.8,4
1,1752840213064,0.8805970149253731,0.2,4
1,1752840213165,0.8656716417910447,0.13333333333333333,4
1,1752840213266,0.8955223880597015,0.4,4
1,1752840213367,0.9104477611940298,0.26666666666666666,4
1,1752840213468,0.9253731343283582,0.26666666666666666,4
1,1752840213568,0.9253731343283582,0.26666666666666666,4
1,1752840213669,0.8955223880597015,0.2,4
1,1752840213770,0.9253731343283582,0.6666666666666666,4
1,1752840213871,0.9104477611940298,0.2,4
1,1752840213972,0.9104477611940298,0.4,4
1,1752840214073,0.8805970149253731,0.4,4
1,1752840214174,0.8955223880597015,0.2,4
1,1752840214275,0.8805970149253731,0.2,4
1,1752840214375,0.8805970149253731,0.2,4
1,1752840214476,0.8805970149253731,0.7333333333333333,4
1,1752840214577,0.8805970149253731,0.4,4
1,1752840214678,0.8656716417910447,0.26666666666666666,4
1,1752840214779,0.8656716417910447,0.3333333333333333,4
1,1752840214880,0.8805970149253731,0.13333333333333333,4
1,1752840214981,0.8656716417910447,0.2,4
1,1752840215082,0.8805970149253731,0.13333333333333333,4
1,1752840215183,0.8656716417910447,0.4666666666666667,4
1,1752840215284,0.8955223880597015,0.6,4
1,1752840215385,0.8656716417910447,0.26666666666666666,4
1,1752840215485,0.8805970149253731,0.2,4
1,1752840215586,0.8955223880597015,0.2,4
1,1752840215687,0.9104477611940298,0.2,4
1,1752840215788,0.9104477611940298,0.3333333333333333,4
1,1752840215889,0.9104477611940298,0.13333333333333333,4
1,1752840215990,0.9104477611940298,0.6666666666666666,4
1,1752840216090,0.9253731343283582,0.26666666666666666,4
1,1752840216192,0.9104477611940298,0.26666666666666666,4
1,1752840216292,0.9104477611940298,0.26666666666666666,4
1,1752840216393,0.9104477611940298,0.4,4
1,1752840216494,0.8955223880597015,0.2,4
1,1752840216595,0.8955223880597015,0.2,4
1,1752840216696,0.8805970149253731,0.5333333333333333,4
1,1752840216797,0.8805970149253731,0.6666666666666666,4
1,1752840216898,0.8955223880597015,0.26666666666666666,4
1,1752840216999,0.8507462686567164,0.2,4
1,1752840217099,0.8805970149253731,0.13333333333333333,4
1,1752840217200,0.8507462686567164,0.26666666666666666,4
1,1752840217301,0.8507462686567164,0.4,4
1,1752840217402,0.8507462686567164,0.3333333333333333,4
1,1752840217503,0.8656716417910447,0.6666666666666666,4
1,1752840217604,0.8656716417910447,0.26666666666666666,4
1,1752840217705,0.8656716417910447,0.26666666666666666,4
1,1752840217806,0.8805970149253731,0.4,4
1,1752840217907,0.8805970149253731,0.26666666666666666,4
1,1752840218007,0.8955223880597015,0.26666666666666666,4
1,1752840218109,0.8955223880597015,0.2,4
1,1752840218209,0.9104477611940298,0.6,4
1,1752840218310,0.9104477611940298,0.6,4
1,1752840218411,0.9104477611940298,0.3333333333333333,4
1,1752840218512,0.9104477611940298,0.3333333333333333,4
1,1752840218613,0.9104477611940298,0.3333333333333333,4
1,1752840218713,0.8955223880597015,0.26666666666666666,4
1,1752840218814,0.8955223880597015,0.26666666666666666,4
1,1752840218915,0.8955223880597015,0.4666666666666667,4
1,1752840219016,0.9253731343283582,0.6666666666666666,4
1,1752840219117,0.8805970149253731,0.26666666666666666,4
1,1752840219218,0.8805970149253731,0.3333333333333333,4
1,1752840219319,0.8656716417910447,0.3333333333333333,4
1,1752840219420,0.8805970149253731,0.2,4
1,1752840219520,0.8507462686567164,0.3333333333333333,4
1,1752840219621,0.8507462686567164,0.4,4
1,1752840219723,0.8656716417910447,0.6,4
1,1752840219823,0.8656716417910447,0.2,4
1,1752840219924,0.8507462686567164,0.13333333333333333,4
1,1752840220025,0.8656716417910447,0.3333333333333333,4
1,1752840220126,0.8656716417910447,0.13333333333333333,4
1,1752840220227,0.8955223880597015,0.3333333333333333,4
1,1752840220328,0.8955223880597015,0.3333333333333333,4
1,1752840220428,0.8955223880597015,0.6,4
1,1752840220529,0.9104477611940298,0.4,4
1,1752840220630,0.9104477611940298,0.2,4
1,1752840220731,0.9104477611940298,0.4,4
1,1752840220832,0.9253731343283582,0.26666666666666666,4
1,1752840220933,0.8955223880597015,0.26666666666666666,4
1,1752840221034,0.8955223880597015,0.26666666666666666,4
1,1752840221135,0.8805970149253731,0.2,4
1,1752840221235,0.8955223880597015,0.6,4
1,1752840221337,0.8955223880597015,0.26666666666666666,4
1,1752840221437,0.8805970149253731,0.3333333333333333,4
1,1752840221538,0.8656716417910447,0.3333333333333333,4
1,1752840221639,0.8656716417910447,0.2,4
1,1752840221740,0.8656716417910447,0.26666666666666666,4
1,1752840221841,0.8507462686567164,0.26666666666666666,4
1,1752840221942,0.8656716417910447,0.3333333333333333,4
1,1752840222042,0.8507462686567164,0.4666666666666667,4
1,1752840222143,0.8507462686567164,0.26666666666666666,4
1,1752840222244,0.8656716417910447,0.3333333333333333,4
1,1752840222345,0.8656716417910447,0.2,4
1,1752840222446,0.8805970149253731,0.2,4
1,1752840222547,0.8805970149253731,0.26666666666666666,4
1,1752840222648,0.9104477611940298,0.4,4
1,1752840222749,0.8656716417910447,0.5333333333333333,4
1,1752840222850,0.9104477611940298,0.4,4
1,1752840222951,0.9104477611940298,0.3333333333333333,4
1,1752840223051,0.9104477611940298,0.3333333333333333,4
1,1752840223152,0.8955223880597015,0.3333333333333333,4
1,1752840223253,0.8955223880597015,0.3333333333333333,4
1,1752840223354,0.8955223880597015,0.3333333333333333,4
1,1752840223455,0.8955223880597015,0.3333333333333333,4
1,1752840223556,0.8955223880597015,0.5333333333333333,4
1,1752840223657,0.8955223880597015,0.3333333333333333,4
1,1752840223758,0.8805970149253731,0.3333333333333333,4
1,1752840223858,0.8805970149253731,0.3333333333333333,4
1,1752840223959,0.8656716417910447,0.2,4
1,1752840224060,0.8656716417910447,0.26666666666666666,4
1,1752840224161,0.835820895522388,0.3333333333333333,4
1,1752840224262,0.8656716417910447,0.3333333333333333,4
1,1752840224363,0.8507462686567164,0.6,4
1,1752840224464,0.8656716417910447,0.26666666666666666,4
1,1752840224565,0.8955223880597015,0.3333333333333333,4
1,1752840224666,0.8805970149253731,0.26666666666666666,4
1,1752840224766,0.8208955223880597,0.4,4
1,1752840224867,0.8955223880597015,0.2,4
1,1752840224968,0.8805970149253731,0.26666666666666666,4
1,1752840225069,0.8805970149253731,0.4666666666666667,4
1,1752840225170,0.8955223880597015,0.4666666666666667,4
1,1752840225271,0.8955223880597015,0.3333333333333333,4
1,1752840225372,0.9253731343283582,0.4,4
1,1752840225473,0.9104477611940298,0.3333333333333333,4
1,1752840225574,0.9104477611940298,0.4,4
1,1752840225674,0.9104477611940298,0.4,4
1,1752840225775,0.9104477611940298,0.4666666666666667,4
1,1752840225876,0.9253731343283582,0.4666666666666667,4
1,1752840225977,0.9104477611940298,0.4,4
1,1752840226078,0.8955223880597015,0.4,4
1,1752840226179,0.8805970149253731,0.3333333333333333,4
1,1752840226280,0.9104477611940298,0.2,4
1,1752840226380,0.8656716417910447,0.3333333333333333,4
1,1752840226481,0.8656716417910447,0.3333333333333333,4
1,1752840226582,0.8955223880597015,0.6666666666666666,4
1,1752840226683,0.8507462686567164,0.4,4
1,1752840226784,0.8656716417910447,0.26666666666666666,4
1,1752840226885,0.8656716417910447,0.3333333333333333,4
1,1752840226986,0.8656716417910447,0.3333333333333333,4
1,1752840227086,0.8805970149253731,0.3333333333333333,4
1,1752840227188,0.8805970149253731,0.26666666666666666,4
1,1752840227288,0.8805970149253731,0.26666666666666666,4
1,1752840227389,0.8955223880597015,0.5333333333333333,4
1,1752840227490,0.8955223880597015,0.3333333333333333,4
1,1752840227591,0.9104477611940298,0.3333333333333333,4
1,1752840227692,0.9104477611940298,0.3333333333333333,4
1,1752840227793,0.9104477611940298,0.3333333333333333,4
1,1752840227894,0.8955223880597015,0.26666666666666666,4
1,1752840227995,0.9104477611940298,0.4,4
1,1752840228095,0.9104477611940298,0.6,4
1,1752840228196,0.9104477611940298,0.4,4
1,1752840228297,0.8955223880597015,0.3333333333333333,4
1,1752840228398,0.8955223880597015,0.4,4
1,1752840228499,0.8656716417910447,0.3333333333333333,4
1,1752840228600,0.8805970149253731,0.3333333333333333,4
1,1752840228701,0.8656716417910447,0.3333333333333333,4
1,1752840228802,0.8507462686567164,0.4,4
1,1752840228903,0.8507462686567164,0.6666666666666666,4
1,1752840229003,0.8656716417910447,0.3333333333333333,4
1,1752840229104,0.835820895522388,0.26666666666666666,4
1,1752840229205,0.8507462686567164,0.4,4
1,1752840229306,0.8656716417910447,0.4,4
1,1752840229407,0.8656716417910447,0.26666666666666666,4
1,1752840229508,0.8656716417910447,0.3333333333333333,4
1,1752840229609,0.8805970149253731,0.3333333333333333,4
1,1752840229709,0.8805970149253731,0.6,4
1,1752840229810,0.8955223880597015,0.3333333333333333,4
1,1752840229911,0.8955223880597015,0.3333333333333333,4
1,1752840230013,0.9104477611940298,0.4,4
1,1752840230113,0.9104477611940298,0.3333333333333333,4
1,1752840230214,0.9253731343283582,0.3333333333333333,4
1,1752840230315,0.9253731343283582,0.26666666666666666,4
1,1752840230416,0.9253731343283582,0.6,4
1,1752840230516,0.9104477611940298,0.4666666666666667,4
1,1752840230617,0.8805970149253731,0.2,4
1,1752840230718,0.8805970149253731,0.4,4
1,1752840230819,0.8805970149253731,0.2,4
1,1752840230920,0.8805970149253731,0.3333333333333333,4
1,1752840231021,0.8656716417910447,0.3333333333333333,4
1,1752840231122,0.8656716417910447,0.4666666666666667,4
1,1752840231223,0.8656716417910447,0.6,4
1,1752840231324,0.8507462686567164,0.3333333333333333,4
1,1752840231425,0.8507462686567164,0.26666666666666666,4
1,1752840231525,0.8656716417910447,0.4,4
1,1752840231626,0.8507462686567164,0.26666666666666666,4
1,1752840231727,0.8656716417910447,0.26666666666666666,4
1,1752840231828,0.8656716417910447,0.26666666666666666,4
1,1752840231929,0.8805970149253731,0.3333333333333333,4
1,1752840232030,0.9104477611940298,0.5333333333333333,4
1,1752840232131,0.8955223880597015,0.3333333333333333,4
1,1752840232231,0.9104477611940298,0.4,4
1,1752840232332,0.9104477611940298,0.26666666666666666,4
1,1752840232433,0.9104477611940298,0.26666666666666666,4
1,1752840232534,0.9104477611940298,0.26666666666666666,4
1,1752840232635,0.9253731343283582,0.3333333333333333,4
1,1752840232736,0.9253731343283582,0.4666666666666667,4
1,1752840232837,0.8656716417910447,0.5333333333333333,4
1,1752840232938,0.8955223880597015,0.3333333333333333,4
1,1752840233038,0.8955223880597015,0.4,4
1,1752840233139,0.8805970149253731,0.4666666666666667,4
1,1752840233240,0.8805970149253731,0.3333333333333333,4
1,1752840233342,0.8805970149253731,0.3333333333333333,4
1,1752840233442,0.8656716417910447,0.26666666666666666,4
1,1752840233543,0.8656716417910447,0.5333333333333333,4
1,1752840233644,0.8656716417910447,0.4666666666666667,4
1,1752840233745,0.8507462686567164,0.3333333333333333,4
1,1752840233846,0.8507462686567164,0.26666666666666666,4
1,1752840233947,0.8656716417910447,0.3333333333333333,4
1,1752840234047,0.8656716417910447,0.26666666666666666,4
1,1752840234148,0.8805970149253731,0.2,4
1,1752840234249,0.8805970149253731,0.26666666666666666,4
1,1752840234350,0.835820895522388,0.6,4
1,1752840234451,0.8805970149253731,0.4,4
1,1752840234552,0.8955223880597015,0.26666666666666666,4
1,1752840234653,0.8955223880597015,0.3333333333333333,4
1,1752840234754,0.8955223880597015,0.4,4
1,1752840234854,0.9104477611940298,0.2,4
1,1752840234955,0.9104477611940298,0.26666666666666666,4
1,1752840235056,0.9104477611940298,0.4,4
1,1752840235157,0.9104477611940298,0.5333333333333333,4
1,1752840235258,0.9104477611940298,0.3333333333333333,4
1,1752840235359,0.8955223880597015,0.4,4
1,1752840235460,0.9402985074626866,0.3333333333333333,4
1,1752840235561,0.8656716417910447,0.3333333333333333,4
1,1752840235661,0.8955223880597015,0.26666666666666666,4
1,1752840235762,0.8805970149253731,0.4666666666666667,4
1,1752840235863,0.8656716417910447,0.6,4
1,1752840235964,0.8805970149253731,0.26666666666666666,4
1,1752840236065,0.8507462686567164,0.3333333333333333,4
1,1752840236166,0.8656716417910447,0.2,4
1,1752840236267,0.8656716417910447,0.13333333333333333,4
1,1752840236368,0.835820895522388,0.4666666666666667,4
1,1752840236469,0.8656716417910447,0.26666666666666666,4
1,1752840236570,0.8656716417910447,0.6,4
1,1752840236671,0.8656716417910447,0.4,4
1,1752840236772,0.8805970149253731,0.26666666666666666,4
1,1752840236872,0.8955223880597015,0.4,4
1,1752840236973,0.8955223880597015,0.3333333333333333,4
1,1752840237074,0.8955223880597015,0.26666666666666666,4
1,1752840237175,0.9104477611940298,0.26666666666666666,4
1,1752840237276,0.8955223880597015,0.4666666666666667,4
1,1752840237376,0.9104477611940298,0.6,4
1,1752840237477,0.9104477611940298,0.26666666666666666,4
1,1752840237578,0.9104477611940298,0.4,4
1,1752840237679,0.8955223880597015,0.26666666666666666,4
1,1752840237780,0.8955223880597015,0.26666666666666666,4
1,1752840237881,0.8955223880597015,0.3333333333333333,4
1,1752840237982,0.8805970149253731,0.6,4
1,1752840238083,0.8955223880597015,0.5333333333333333,4
1,1752840238183,0.8208955223880597,0.3333333333333333,4
1,1752840238284,0.835820895522388,0.3333333333333333,4
1,1752840238385,0.8507462686567164,0.26666666666666666,4
1,1752840238486,0.8507462686567164,0.26666666666666666,4
1,1752840238587,0.8507462686567164,0.3333333333333333,4
1,1752840238688,0.8507462686567164,0.2,4
1,1752840238789,0.8656716417910447,0.7333333333333333,4
1,1752840238890,0.8656716417910447,0.3333333333333333,4
1,1752840238991,0.8656716417910447,0.3333333333333333,4
1,1752840239091,0.8805970149253731,0.3333333333333333,4
1,1752840239193,0.8955223880597015,0.26666666666666666,4
1,1752840239293,0.8955223880597015,0.26666666666666666,4
1,1752840239394,0.8955223880597015,0.26666666666666666,4
1,1752840239495,0.9104477611940298,0.2,4
1,1752840239596,0.9104477611940298,0.6666666666666666,4
1,1752840239697,0.9104477611940298,0.3333333333333333,4
1,1752840239798,0.9253731343283582,0.3333333333333333,4
1,1752840239899,0.9402985074626866,0.4,4
1,1752840240000,0.9104477611940298,0.2,4
1,1752840240100,0.9104477611940298,0.26666666666666666,4
1,1752840240201,0.9104477611940298,0.2,4
1,1752840240302,0.8805970149253731,0.6666666666666666,4
1,1752840240403,0.8805970149253731,0.4666666666666667,4
1,1752840240504,0.8955223880597015,0.3333333333333333,4
1,1752840240605,0.8656716417910447,0.4,4
1,1752840240706,0.8656716417910447,0.26666666666666666,4
1,1752840240807,0.8656716417910447,0.3333333333333333,4
1,1752840240907,0.8507462686567164,0.26666666666666666,4
1,1752840241008,0.8656716417910447,0.6666666666666666,4
1,1752840241109,0.8507462686567164,0.4,4
1,1752840241210,0.8656716417910447,0.26666666666666666,4
1,1752840241311,0.8656716417910447,0.3333333333333333,4
1,1752840241412,0.8656716417910447,0.3333333333333333,4
1,1752840241513,0.8805970149253731,0.2,4
1,1752840241613,0.9253731343283582,0.26666666666666666,4
1,1752840241714,0.8955223880597015,0.6666666666666666,4
1,1752840241815,0.9104477611940298,0.4,4
1,1752840241916,0.8955223880597015,0.2,4
1,1752840242017,0.9104477611940298,0.4,4
1,1752840242118,0.9552238805970149,0.2,4
1,1752840242219,0.9104477611940298,0.2,4
1,1752840242320,0.8955223880597015,0.4666666666666667,4
1,1752840242421,0.9253731343283582,0.5333333333333333,4
1,1752840242522,0.8955223880597015,0.3333333333333333,4
1,1752840242622,0.8805970149253731,0.26666666666666666,4
1,1752840242723,0.8955223880597015,0.3333333333333333,4
1,1752840242824,0.8805970149253731,0.2,4
1,1752840242925,0.8656716417910447,0.3333333333333333,4
1,1752840243026,0.8656716417910447,0.6666666666666666,4
1,1752840243127,0.8507462686567164,0.4,4
1,1752840243227,0.8507462686567164,0.26666666666666666,4
1,1752840243328,0.8507462686567164,0.3333333333333333,4
1,1752840243429,0.8656716417910447,0.2,4
1,1752840243530,0.8805970149253731,0.2,4
1,1752840243631,0.8656716417910447,0.26666666666666666,4
1,1752840243732,0.9104477611940298,0.7333333333333333,4
1,1752840243833,0.8805970149253731,0.4,4
1,1752840243934,0.9104477611940298,0.26666666666666666,4
1,1752840244035,0.8955223880597015,0.26666666666666666,4
1,1752840244135,0.8955223880597015,0.2,4
1,1752840244236,0.8955223880597015,0.26666666666666666,4
1,1752840244337,0.9104477611940298,0.3333333333333333,4
1,1752840244438,0.9104477611940298,0.5333333333333333,4
1,1752840244539,0.9104477611940298,0.4666666666666667,4
1,1752840244640,0.9104477611940298,0.26666666666666666,4
1,1752840244741,0.9104477611940298,0.3333333333333333,4
1,1752840244842,0.9104477611940298,0.26666666666666666,4
1,1752840244943,0.8955223880597015,0.3333333333333333,4
1,1752840245044,0.8955223880597015,0.26666666666666666,4
1,1752840245144,0.8656716417910447,0.6,4
1,1752840245245,0.8656716417910447,0.4,4
1,1752840245346,0.8507462686567164,0.3333333333333333,4
1,1752840245447,0.8656716417910447,0.4,4
1,1752840245548,0.8507462686567164,0.26666666666666666,4
1,1752840245649,0.8507462686567164,0.3333333333333333,4
1,1752840245750,0.8656716417910447,0.2,4
1,1752840245850,0.8955223880597015,0.6666666666666666,4
1,1752840245952,0.8656716417910447,0.4,4
1,1752840246052,0.8656716417910447,0.3333333333333333,4
1,1752840246153,0.8805970149253731,0.3333333333333333,4
1,1752840246254,0.8805970149253731,0.3333333333333333,4
1,1752840246355,0.8955223880597015,0.26666666666666666,4
1,1752840246456,0.8955223880597015,0.3333333333333333,4
1,1752840246557,0.9104477611940298,0.4,4
1,1752840246658,0.9104477611940298,0.4666666666666667,4
1,1752840246759,0.9104477611940298,0.3333333333333333,4
1,1752840246859,0.9104477611940298,0.3333333333333333,4
1,1752840246960,0.9104477611940298,0.4666666666666667,4
1,1752840247061,0.8955223880597015,0.26666666666666666,4
1,1752840247162,0.8955223880597015,0.26666666666666666,4
1,1752840247263,0.8955223880597015,0.6,4
1,1752840247364,0.8805970149253731,0.4,4
1,1752840247465,0.8805970149253731,0.26666666666666666,4
1,1752840247565,0.8656716417910447,0.2,4
1,1752840247666,0.8656716417910447,0.3333333333333333,4
1,1752840247767,0.835820895522388,0.4,4
1,1752840247868,0.8507462686567164,0.3333333333333333,4
1,1752840247969,0.8507462686567164,0.5333333333333333,4
1,1752840248070,0.8656716417910447,0.4,4
1,1752840248171,0.8507462686567164,0.3333333333333333,4
1,1752840248272,0.8656716417910447,0.3333333333333333,4
1,1752840248372,0.8656716417910447,0.26666666666666666,4
1,1752840248473,0.8805970149253731,0.26666666666666666,4
1,1752840248575,0.8805970149253731,0.3333333333333333,4
1,1752840248675,0.8805970149253731,0.4666666666666667,4
1,1752840248776,0.8955223880597015,0.3333333333333333,4
1,1752840248877,0.8955223880597015,0.4,4
1,1752840248978,0.9402985074626866,0.26666666666666666,4
1,1752840249079,0.9253731343283582,0.26666666666666666,4
1,1752840249180,0.9104477611940298,0.26666666666666666,4
1,1752840249280,0.9253731343283582,0.4,4
1,1752840249381,0.9402985074626866,0.6,4
1,1752840249482,0.8955223880597015,0.3333333333333333,4
1,1752840249583,0.8955223880597015,0.4,4
1,1752840249684,0.8805970149253731,0.3333333333333333,4
1,1752840249785,0.8656716417910447,0.26666666666666666,4
1,1752840249886,0.8656716417910447,0.26666666666666666,4
1,1752840249987,0.8656716417910447,0.6,4
1,1752840250087,0.8656716417910447,0.5333333333333333,4
1,1752840250188,0.8656716417910447,0.26666666666666666,4
1,1752840250289,0.8507462686567164,0.4,4
1,1752840250390,0.8656716417910447,0.2,4
1,1752840250491,0.8507462686567164,0.3333333333333333,4
1,1752840250592,0.8507462686567164,0.26666666666666666,4
1,1752840250693,0.8656716417910447,0.5333333333333333,4
1,1752840250794,0.8805970149253731,0.4666666666666667,4
1,1752840250894,0.8805970149253731,0.26666666666666666,4
1,1752840250996,0.8805970149253731,0.4,4
1,1752840251097,0.9104477611940298,0.2,4
1,1752840251197,0.8955223880597015,0.3333333333333333,4
1,1752840251298,0.9104477611940298,0.2,4
1,1752840251399,0.9253731343283582,0.3333333333333333,4
1,1752840251500,0.9104477611940298,0.6,4
1,1752840251601,0.9104477611940298,0.3333333333333333,4
1,1752840251702,0.9253731343283582,0.13333333333333333,4
1,1752840251803,0.9104477611940298,0.4,4
1,1752840251904,0.9104477611940298,0.26666666666666666,4
1,1752840252005,0.8955223880597015,0.2,4
1,1752840252105,0.8805970149253731,0.4,4
1,1752840252206,0.8805970149253731,0.5333333333333333,4
1,1752840252307,0.8656716417910447,0.2,4
1,1752840252408,0.8507462686567164,0.4,4
1,1752840252509,0.8656716417910447,0.2,4
1,1752840252610,0.8507462686567164,0.26666666666666666,4
1,1752840252710,0.8507462686567164,0.3333333333333333,4
1,1752840252811,0.8656716417910447,0.4,4
1,1752840252912,0.8656716417910447,0.5333333333333333,4
1,1752840253013,0.8805970149253731,0.2,4
1,1752840253114,0.8805970149253731,0.26666666666666666,4
1,1752840253215,0.8805970149253731,0.3333333333333333,4
1,1752840253316,0.8805970149253731,0.3333333333333333,4
1,1752840253417,0.8955223880597015,0.2,4
1,1752840253517,0.8955223880597015,0.26666666666666666,4
1,1752840253618,0.8805970149253731,0.5333333333333333,4
1,1752840253719,0.8955223880597015,0.3333333333333333,4
1,1752840253820,0.9104477611940298,0.3333333333333333,4
1,1752840253921,0.8955223880597015,0.3333333333333333,4
1,1752840254022,0.9104477611940298,0.26666666666666666,4
1,1752840254123,0.9104477611940298,0.26666666666666666,4
1,1752840254224,0.8955223880597015,0.26666666666666666,4
1,1752840254324,0.8955223880597015,0.6,4
1,1752840254425,0.8805970149253731,0.4,4
1,1752840254526,0.8805970149253731,0.26666666666666666,4
1,1752840254627,0.8805970149253731,0.4,4
1,1752840254728,0.8656716417910447,0.3333333333333333,4
1,1752840254829,0.8656716417910447,0.3333333333333333,4
1,1752840254930,0.8507462686567164,0.3333333333333333,4
1,1752840255031,0.8656716417910447,0.6,4
1,1752840255132,0.8656716417910447,0.4666666666666667,4
1,1752840255232,0.8656716417910447,0.2,4
1,1752840255334,0.8656716417910447,0.4,4
1,1752840255434,0.8805970149253731,0.26666666666666666,4
1,1752840255535,0.8805970149253731,0.26666666666666666,4
1,1752840255636,0.8955223880597015,0.2,4
1,1752840255737,0.8955223880597015,0.6666666666666666,4
1,1752840255838,0.8805970149253731,0.4,4
1,1752840255939,0.8955223880597015,0.26666666666666666,4
1,1752840256040,0.9104477611940298,0.4666666666666667,4
1,1752840256141,0.9104477611940298,0.3333333333333333,4
1,1752840256242,0.9104477611940298,0.3333333333333333,4
1,1752840256342,0.9104477611940298,0.3333333333333333,4
1,1752840256443,0.9253731343283582,0.6,4
1,1752840256544,0.8955223880597015,0.3333333333333333,4
1,1752840256645,0.8955223880597015,0.3333333333333333,4
1,1752840256746,0.8955223880597015,0.3333333333333333,4
1,1752840256847,0.8805970149253731,0.26666666666666666,4
1,1752840256948,0.8805970149253731,0.3333333333333333,4
1,1752840257049,0.8656716417910447,0.4,4
1,1752840257149,0.8507462686567164,0.6666666666666666,4
1,1752840257250,0.8656716417910447,0.3333333333333333,4
1,1752840257351,0.8208955223880597,0.2,4
1,1752840257452,0.8507462686567164,0.3333333333333333,4
1,1752840257553,0.8656716417910447,0.2,4
1,1752840257654,0.8507462686567164,0.26666666666666666,4
1,1752840257754,0.8656716417910447,0.3333333333333333,4
1,1752840257855,0.8805970149253731,0.6,4
1,1752840257956,0.8656716417910447,0.26666666666666666,4
1,1752840258057,0.8805970149253731,0.3333333333333333,4
1,1752840258158,0.8955223880597015,0.4,4
1,1752840258259,0.9253731343283582,0.3333333333333333,4
1,1752840258360,0.9104477611940298,0.26666666666666666,4
1,1752840258461,0.9104477611940298,0.3333333333333333,4
1,1752840258562,0.9104477611940298,0.7333333333333333,4
1,1752840258663,0.9104477611940298,0.3333333333333333,4
1,1752840258764,0.9104477611940298,0.4,4
1,1752840258864,0.9253731343283582,0.3333333333333333,4
1,1752840258965,0.8955223880597015,0.26666666666666666,4
1,1752840259066,0.8955223880597015,0.2,4
1,1752840259167,0.8955223880597015,0.4,4
1,1752840259268,0.8805970149253731,0.6,4
1,1752840259368,0.8656716417910447,0.3333333333333333,4
1,1752840259469,0.8656716417910447,0.4,4
1,1752840259570,0.8656716417910447,0.4,4
1,1752840259671,0.8507462686567164,0.2,4
1,1752840259772,0.8507462686567164,0.26666666666666666,4
1,1752840259873,0.8656716417910447,0.26666666666666666,4
1,1752840259974,0.8507462686567164,0.7333333333333333,4
1,1752840260075,0.8656716417910447,0.3333333333333333,4
1,1752840260175,0.8656716417910447,0.3333333333333333,4
1,1752840260276,0.8656716417910447,0.3333333333333333,4
1,1752840260377,0.8805970149253731,0.2,4
1,1752840260478,0.8955223880597015,0.3333333333333333,4
1,1752840260579,0.9104477611940298,0.5333333333333333,4
1,1752840260680,0.9104477611940298,0.4666666666666667,4
1,1752840260781,0.9253731343283582,0.2,4
1,1752840260882,0.8955223880597015,0.26666666666666666,4
1,1752840260983,0.9402985074626866,0.3333333333333333,4
1,1752840261084,0.9104477611940298,0.26666666666666666,4
1,1752840261184,0.8805970149253731,0.3333333333333333,4
1,1752840261285,0.9104477611940298,0.6,4
1,1752840261386,0.8955223880597015,0.3333333333333333,4
1,1752840261487,0.8955223880597015,0.2,4
1,1752840261588,0.9253731343283582,0.3333333333333333,4
1,1752840261689,0.8805970149253731,0.4,4
1,1752840261790,0.8805970149253731,0.3333333333333333,4
1,1752840261891,0.8656716417910447,0.3333333333333333,4
1,1752840261992,0.8507462686567164,0.4666666666666667,4
1,1752840262092,0.8507462686567164,0.3333333333333333,4
1,1752840262193,0.8507462686567164,0.2,4
1,1752840262294,0.8507462686567164,0.4,4
1,1752840262395,0.8656716417910447,0.26666666666666666,4
1,1752840262496,0.8507462686567164,0.3333333333333333,4
1,1752840262597,0.8656716417910447,0.2,4
1,1752840262698,0.8805970149253731,0.4,4
1,1752840262798,0.8805970149253731,0.4,4
1,1752840262899,0.8955223880597015,0.2,4
1,1752840263000,0.8955223880597015,0.4666666666666667,4
1,1752840263101,0.8507462686567164,0.26666666666666666,4
1,1752840263202,0.9104477611940298,0.26666666666666666,4
1,1752840263303,0.9104477611940298,0.26666666666666666,4
1,1752840263404,0.9104477611940298,0.4,4
1,1752840263505,0.9104477611940298,0.6,4
1,1752840263605,0.9104477611940298,0.26666666666666666,4
1,1752840263706,0.8955223880597015,0.3333333333333333,4
1,1752840263807,0.8955223880597015,0.4,4
1,1752840263908,0.8805970149253731,0.3333333333333333,4
1,1752840264009,0.8805970149253731,0.3333333333333333,4
1,1752840264110,0.8656716417910447,0.2,4
1,1752840264211,0.8656716417910447,0.5333333333333333,4
1,1752840264312,0.8656716417910447,0.4666666666666667,4
1,1752840264413,0.835820895522388,0.26666666666666666,4
1,1752840264514,0.8656716417910447,0.3333333333333333,4
1,1752840264615,0.8656716417910447,0.2,4
1,1752840264715,0.8656716417910447,0.26666666666666666,4
1,1752840264816,0.8955223880597015,0.2,4
1,1752840264917,0.8656716417910447,0.3333333333333333,4
1,1752840265018,0.8507462686567164,0.4666666666666667,4
1,1752840265119,0.8656716417910447,0.2,4
1,1752840265220,0.8805970149253731,0.26666666666666666,4
1,1752840265321,0.8955223880597015,0.4,4
1,1752840265421,0.8955223880597015,0.26666666666666666,4
1,1752840265523,0.8955223880597015,0.3333333333333333,4
1,1752840265623,0.8955223880597015,0.26666666666666666,4
1,1752840265724,0.9104477611940298,0.6,4
1,1752840265825,0.9104477611940298,0.4,4
1,1752840265926,0.9104477611940298,0.3333333333333333,4
1,1752840266027,0.9104477611940298,0.3333333333333333,4
1,1752840266127,0.8955223880597015,0.3333333333333333,4
1,1752840266228,0.8955223880597015,0.4,4
1,1752840266329,0.8805970149253731,0.3333333333333333,4
1,1752840266430,0.8805970149253731,0.5333333333333333,4
1,1752840266531,0.8805970149253731,0.26666666666666666,4
1,1752840266632,0.8656716417910447,0.3333333333333333,4
1,1752840266733,0.835820895522388,0.4,4
1,1752840266834,0.8656716417910447,0.26666666666666666,4
1,1752840266935,0.8656716417910447,0.2,4
1,1752840267035,0.835820895522388,0.3333333333333333,4
1,1752840267136,0.8507462686567164,0.6,4
1,1752840267237,0.8507462686567164,0.3333333333333333,4
1,1752840267338,0.8656716417910447,0.3333333333333333,4
1,1752840267439,0.8805970149253731,0.4,4
1,1752840267540,0.8656716417910447,0.26666666666666666,4
1,1752840267641,0.8955223880597015,0.3333333333333333,4
1,1752840267741,0.8955223880597015,0.3333333333333333,4
1,1752840267842,0.9104477611940298,0.6666666666666666,4
1,1752840267943,0.9104477611940298,0.3333333333333333,4
1,1752840268044,0.9104477611940298,0.26666666666666666,4
1,1752840268145,0.9104477611940298,0.4,4
1,1752840268246,0.9253731343283582,0.26666666666666666,4
1,1752840268347,0.9253731343283582,0.3333333333333333,4
1,1752840268448,0.8955223880597015,0.4,4
1,1752840268549,0.8955223880597015,0.7333333333333333,4
1,1752840268649,0.9104477611940298,0.4666666666666667,4
1,1752840268750,0.9104477611940298,0.4,4
1,1752840268851,0.8507462686567164,0.2,4
1,1752840268952,0.8805970149253731,0.4,4
1,1752840269053,0.8656716417910447,0.3333333333333333,4
1,1752840269154,0.8805970149253731,0.3333333333333333,4
1,1752840269255,0.8656716417910447,0.4666666666666667,4
1,1752840269356,0.8656716417910447,0.5333333333333333,4
1,1752840269456,0.8656716417910447,0.2,4
1,1752840269558,0.8507462686567164,0.3333333333333333,4
1,1752840269658,0.8656716417910447,0.3333333333333333,4
1,1752840269759,0.8805970149253731,0.3333333333333333,4
1,1752840269860,0.8805970149253731,0.26666666666666666,4
1,1752840269961,0.8805970149253731,0.3333333333333333,4
1,1752840270062,0.8955223880597015,0.5333333333333333,4
1,1752840270163,0.9104477611940298,0.3333333333333333,4
1,1752840270263,0.8955223880597015,0.26666666666666666,4
1,1752840270365,0.8955223880597015,0.4,4
1,1752840270465,0.9104477611940298,0.3333333333333333,4
1,1752840270566,0.8955223880597015,0.2,4
1,1752840270667,0.9104477611940298,0.26666666666666666,4
1,1752840270768,0.9253731343283582,0.4,4
1,1752840270869,0.8805970149253731,0.5333333333333333,4
1,1752840270970,0.9104477611940298,0.3333333333333333,4
1,1752840271070,0.8805970149253731,0.3333333333333333,4
1,1752840271171,0.8805970149253731,0.4,4
1,1752840271272,0.8656716417910447,0.3333333333333333,4
1,1752840271373,0.8656716417910447,0.26666666666666666,4
1,1752840271474,0.8507462686567164,0.3333333333333333,4
1,1752840271575,0.8507462686567164,0.6,4
1,1752840271676,0.8507462686567164,0.3333333333333333,4
1,1752840271777,0.8507462686567164,0.4,4
1,1752840271878,0.8507462686567164,0.26666666666666666,4
1,1752840271979,0.8656716417910447,0.3333333333333333,4
1,1752840272080,0.8656716417910447,0.2,4
1,1752840272180,0.8805970149253731,0.4,4
1,1752840272281,0.8805970149253731,0.5333333333333333,4
1,1752840272382,0.8955223880597015,0.4,4
1,1752840272483,0.8955223880597015,0.26666666666666666,4
1,1752840272584,0.9253731343283582,0.4,4
1,1752840272684,0.8656716417910447,0.4,4
1,1752840272785,0.9104477611940298,0.4,4
1,1752840272886,0.9104477611940298,0.3333333333333333,4
1,1752840272987,0.9253731343283582,0.5333333333333333,4
1,1752840273088,0.9104477611940298,0.4,4
1,1752840273189,0.9104477611940298,0.3333333333333333,4
1,1752840273290,0.8955223880597015,0.4,4
1,1752840273391,0.8955223880597015,0.3333333333333333,4
1,1752840273492,0.8805970149253731,0.26666666666666666,4
1,1752840273592,0.8805970149253731,0.26666666666666666,4
1,1752840273693,0.8656716417910447,0.5333333333333333,4
1,1752840273794,0.8656716417910447,0.6,4
1,1752840273895,0.8656716417910447,0.3333333333333333,4
1,1752840273996,0.8805970149253731,0.26666666666666666,4
1,1752840274097,0.8507462686567164,0.4,4
1,1752840274198,0.8507462686567164,0.26666666666666666,4
1,1752840274299,0.9104477611940298,0.4666666666666667,4
1,1752840274399,0.8656716417910447,0.2,4
1,1752840274500,0.8805970149253731,0.5333333333333333,4
1,1752840274601,0.8805970149253731,0.4666666666666667,4
1,1752840274702,0.8805970149253731,0.4,4
1,1752840274803,0.8955223880597015,0.4,4
1,1752840274904,0.8955223880597015,0.3333333333333333,4
1,1752840275005,0.8955223880597015,0.2,4
1,1752840275106,0.9104477611940298,0.3333333333333333,4
1,1752840275207,0.9104477611940298,0.4,4
1,1752840275307,0.9104477611940298,0.7333333333333333,4
1,1752840275408,0.9104477611940298,0.4,4
1,1752840275509,0.9253731343283582,0.4,4
1,1752840275610,0.8955223880597015,0.3333333333333333,4
1,1752840275711,0.8955223880597015,0.26666666666666666,4
1,1752840275812,0.8955223880597015,0.3333333333333333,4
1,1752840275913,0.8805970149253731,0.26666666666666666,4
1,1752840276014,0.8805970149253731,0.6666666666666666,4
1,1752840276115,0.8656716417910447,0.4,4
1,1752840276215,0.8805970149253731,0.4,4
1,1752840276316,0.8656716417910447,0.3333333333333333,4
1,1752840276417,0.8656716417910447,0.26666666666666666,4
1,1752840276518,0.8656716417910447,0.2,4
1,1752840276619,0.8507462686567164,0.3333333333333333,4
1,1752840276720,0.8507462686567164,0.4666666666666667,4
1,1752840276821,0.8656716417910447,0.6,4
1,1752840276922,0.8656716417910447,0.3333333333333333,4
1,1752840277022,0.8805970149253731,0.4,4
1,1752840277123,0.8955223880597015,0.4,4
1,1752840277224,0.9104477611940298,0.26666666666666666,4
1,1752840277325,0.9104477611940298,0.26666666666666666,4
1,1752840277426,0.9104477611940298,0.26666666666666666,4
1,1752840277527,0.9104477611940298,0.4,4
1,1752840277628,0.9104477611940298,0.6666666666666666,4
1,1752840277729,0.9104477611940298,0.4,4
1,1752840277830,0.9104477611940298,0.26666666666666666,4
1,1752840277930,0.9104477611940298,0.3333333333333333,4
1,1752840278031,0.8955223880597015,0.2,4
1,1752840278132,0.8805970149253731,0.26666666666666666,4
1,1752840278233,0.8805970149253731,0.3333333333333333,4
1,1752840278334,0.8805970149253731,0.6,4
1,1752840278435,0.8805970149253731,0.3333333333333333,4
1,1752840278536,0.8656716417910447,0.26666666666666666,4
1,1752840278637,0.8656716417910447,0.3333333333333333,4
1,1752840278737,0.8656716417910447,0.2,4
1,1752840278838,0.8656716417910447,0.26666666666666666,4
1,1752840278939,0.8656716417910447,0.26666666666666666,4
1,1752840279040,0.8656716417910447,0.3333333333333333,4
1,1752840279141,0.8656716417910447,0.6,4
1,1752840279242,0.8656716417910447,0.4,4
1,1752840279343,0.8955223880597015,0.26666666666666666,4
1,1752840279444,0.8955223880597015,0.3333333333333333,4
1,1752840279545,0.8955223880597015,0.2,4
1,1752840279645,0.9104477611940298,0.26666666666666666,4
1,1752840279746,0.8955223880597015,0.3333333333333333,4
1,1752840279847,0.9253731343283582,0.3333333333333333,4
1,1752840279948,0.9104477611940298,0.6,4
1,1752840280049,0.8955223880597015,0.3333333333333333,4
1,1752840280150,0.9104477611940298,0.26666666666666666,4
1,1752840280251,0.9253731343283582,0.4,4
1,1752840280352,0.9253731343283582,0.26666666666666666,4
1,1752840280453,0.8955223880597015,0.26666666666666666,4
1,1752840280553,0.8805970149253731,0.2,4
1,1752840280654,0.8805970149253731,0.5333333333333333,4
1,1752840280755,0.835820895522388,0.26666666666666666,4
1,1752840280856,0.8955223880597015,0.26666666666666666,4
1,1752840280957,0.8955223880597015,0.4,4
1,1752840281058,0.8507462686567164,0.26666666666666666,4
1,1752840281159,0.8507462686567164,0.26666666666666666,4
1,1752840281260,0.8656716417910447,0.3333333333333333,4
1,1752840281361,0.8656716417910447,0.6,4
1,1752840281462,0.8656716417910447,0.4,4
1,1752840281562,0.8805970149253731,0.26666666666666666,4
1,1752840281663,0.8805970149253731,0.3333333333333333,4
1,1752840281764,0.8805970149253731,0.26666666666666666,4
1,1752840281865,0.9104477611940298,0.3333333333333333,4
1,1752840281966,0.9104477611940298,0.4,4
1,1752840282067,0.9253731343283582,0.2,4
1,1752840282168,0.9104477611940298,0.6666666666666666,4
1,1752840282268,0.8656716417910447,0.4,4
1,1752840282369,0.9104477611940298,0.3333333333333333,4
1,1752840282470,0.9104477611940298,0.3333333333333333,4
1,1752840282571,0.8955223880597015,0.3333333333333333,4
1,1752840282672,0.8955223880597015,0.26666666666666666,4
1,1752840282773,0.8955223880597015,0.3333333333333333,4
1,1752840282874,0.8805970149253731,0.4,4
1,1752840282975,0.8805970149253731,0.6,4
1,1752840283075,0.8656716417910447,0.3333333333333333,4
1,1752840283176,0.8656716417910447,0.3333333333333333,4
1,1752840283277,0.8507462686567164,0.4,4
1,1752840283378,0.8656716417910447,0.3333333333333333,4
1,1752840283479,0.8507462686567164,0.26666666666666666,4
1,1752840283580,0.8805970149253731,0.3333333333333333,4
1,1752840283681,0.835820895522388,0.5333333333333333,4
1,1752840283782,0.8656716417910447,0.3333333333333333,4
1,1752840283882,0.8805970149253731,0.3333333333333333,4
1,1752840283983,0.8507462686567164,0.4666666666666667,4
1,1752840284084,0.9104477611940298,0.2,4
1,1752840284185,0.8805970149253731,0.4,4
1,1752840284286,0.9104477611940298,0.2,4
1,1752840284387,0.8955223880597015,0.5333333333333333,4
1,1752840284488,0.9253731343283582,0.6,4
1,1752840284589,0.9104477611940298,0.3333333333333333,4
1,1752840284689,0.9253731343283582,0.3333333333333333,4
1,1752840284790,0.9104477611940298,0.3333333333333333,4
1,1752840284891,0.9104477611940298,0.26666666666666666,4
1,1752840284992,0.8955223880597015,0.26666666666666666,4
1,1752840285093,0.8955223880597015,0.3333333333333333,4
1,1752840285194,0.8805970149253731,0.6666666666666666,4
1,1752840285295,0.8805970149253731,0.4,4
1,1752840285396,0.8805970149253731,0.26666666666666666,4
1,1752840285497,0.8656716417910447,0.4,4
1,1752840285597,0.8656716417910447,0.2,4
1,1752840285698,0.8507462686567164,0.26666666666666666,4
1,1752840285799,0.8507462686567164,0.26666666666666666,4
1,1752840285900,0.8955223880597015,0.5333333333333333,4
1,1752840286001,0.8656716417910447,0.4666666666666667,4
1,1752840286102,0.8507462686567164,0.4,4
1,1752840286203,0.8656716417910447,0.3333333333333333,4
1,1752840286303,0.8955223880597015,0.26666666666666666,4
1,1752840286404,0.8805970149253731,0.26666666666666666,4
1,1752840286505,0.8805970149253731,0.3333333333333333,4
1,1752840286606,0.9104477611940298,0.26666666666666666,4
1,1752840286707,0.8955223880597015,0.6666666666666666,4
1,1752840286808,0.9253731343283582,0.4,4
1,1752840286909,0.9104477611940298,0.3333333333333333,4
1,1752840287010,0.9104477611940298,0.4,4
1,1752840287110,0.9104477611940298,0.3333333333333333,4
1,1752840287212,0.9104477611940298,0.26666666666666666,4
1,1752840287312,0.9104477611940298,0.26666666666666666,4
1,1752840287413,0.8955223880597015,0.26666666666666666,4
1,1752840287514,0.8955223880597015,0.7333333333333333,4
1,1752840287615,0.8955223880597015,0.3333333333333333,4
1,1752840287716,0.8805970149253731,0.26666666666666666,4
1,1752840287817,0.8656716417910447,0.2,4
1,1752840287918,0.8656716417910447,0.26666666666666666,4
1,1752840288019,0.8656716417910447,0.4,4
1,1752840288119,0.835820895522388,0.26666666666666666,4
1,1752840288220,0.8507462686567164,0.26666666666666666,4
1,1752840288321,0.8656716417910447,0.6,4
1,1752840288422,0.8656716417910447,0.26666666666666666,4
1,1752840288523,0.8805970149253731,0.3333333333333333,4
1,1752840288624,0.8805970149253731,0.26666666666666666,4
1,1752840288725,0.8805970149253731,0.26666666666666666,4
1,1752840288825,0.8955223880597015,0.2,4
1,1752840288927,0.8955223880597015,0.3333333333333333,4
1,1752840289028,0.9104477611940298,0.6,4
1,1752840289128,0.9253731343283582,0.4,4
1,1752840289229,0.8955223880597015,0.4,4
1,1752840289330,0.9253731343283582,0.3333333333333333,4
1,1752840289431,0.9253731343283582,0.26666666666666666,4
1,1752840289532,0.9402985074626866,0.2,4
1,1752840289633,0.9104477611940298,0.3333333333333333,4
1,1752840289733,0.8955223880597015,0.4666666666666667,4
1,1752840289834,0.8955223880597015,0.5333333333333333,4
1,1752840289936,0.8805970149253731,0.3333333333333333,4
1,1752840290036,0.8656716417910447,0.26666666666666666,4
1,1752840290137,0.8507462686567164,0.4,4
1,1752840290238,0.8656716417910447,0.13333333333333333,4
1,1752840290339,0.9104477611940298,0.2,4
1,1752840290440,0.8507462686567164,0.26666666666666666,4
1,1752840290541,0.8805970149253731,0.5333333333333333,4
1,1752840290641,0.8507462686567164,0.2,4
1,1752840290743,0.8656716417910447,0.4,4
1,1752840290844,0.8656716417910447,0.26666666666666666,4
1,1752840290944,0.8656716417910447,0.3333333333333333,4
1,1752840291045,0.8805970149253731,0.26666666666666666,4
1,1752840291146,0.8805970149253731,0.5333333333333333,4
1,1752840291247,0.8955223880597015,0.4666666666666667,4
1,1752840291347,0.9104477611940298,0.26666666666666666,4
1,1752840291448,0.9104477611940298,0.3333333333333333,4
1,1752840291549,0.9104477611940298,0.13333333333333333,4
1,1752840291650,0.9104477611940298,0.26666666666666666,4
1,1752840291751,0.8955223880597015,0.2,4
1,1752840291852,0.8955223880597015,0.7333333333333333,4
1,1752840291953,0.9104477611940298,0.4666666666666667,4
1,1752840292054,0.8955223880597015,0.26666666666666666,4
1,1752840292155,0.8955223880597015,0.3333333333333333,4
1,1752840292256,0.8805970149253731,0.3333333333333333,4
1,1752840292356,0.8805970149253731,0.26666666666666666,4
1,1752840292457,0.8656716417910447,0.3333333333333333,4
1,1752840292558,0.8656716417910447,0.3333333333333333,4
1,1752840292659,0.8656716417910447,0.5333333333333333,4
1,1752840292760,0.8656716417910447,0.3333333333333333,4
1,1752840292861,0.8656716417910447,0.4,4
1,1752840292961,0.8656716417910447,0.26666666666666666,4
1,1752840293063,0.8656716417910447,0.26666666666666666,4
1,1752840293163,0.8656716417910447,0.3333333333333333,4
1,1752840293264,0.8955223880597015,0.26666666666666666,4
1,1752840293365,0.8805970149253731,0.6,4
1,1752840293466,0.8805970149253731,0.4,4
1,1752840293567,0.8955223880597015,0.26666666666666666,4
1,1752840293668,0.9104477611940298,0.3333333333333333,4
1,1752840293769,0.9104477611940298,0.26666666666666666,4
1,1752840293870,0.8805970149253731,0.4,4
1,1752840293971,0.9104477611940298,0.4,4
1,1752840294072,0.9104477611940298,0.6666666666666666,4
1,1752840294172,0.9104477611940298,0.3333333333333333,4
1,1752840294273,0.9253731343283582,0.3333333333333333,4
1,1752840294374,0.8955223880597015,0.4,4
1,1752840294475,0.8955223880597015,0.26666666666666666,4
1,1752840294576,0.8955223880597015,0.3333333333333333,4
1,1752840294677,0.8805970149253731,0.26666666666666666,4
1,1752840294777,0.8805970149253731,0.3333333333333333,4
1,1752840294878,0.8805970149253731,0.4666666666666667,4
1,1752840294979,0.8656716417910447,0.6,4
1,1752840295080,0.8656716417910447,0.3333333333333333,4
1,1752840295181,0.8656716417910447,0.26666666666666666,4
1,1752840295282,0.8656716417910447,0.2,4
1,1752840295383,0.8507462686567164,0.2,4
1,1752840295484,0.8656716417910447,0.3333333333333333,4
1,1752840295584,0.8507462686567164,0.26666666666666666,4
1,1752840295685,0.8507462686567164,0.4,4
1,1752840295786,0.8805970149253731,0.4,4
1,1752840295887,0.8955223880597015,0.2,4
1,1752840295988,0.8805970149253731,0.3333333333333333,4
1,1752840296089,0.8955223880597015,0.3333333333333333,4
1,1752840296190,0.9104477611940298,0.26666666666666666,4
1,1752840296291,0.8955223880597015,0.26666666666666666,4
1,1752840296392,0.9104477611940298,0.3333333333333333,4
1,1752840296492,0.9104477611940298,0.4666666666666667,4
1,1752840296593,0.9253731343283582,0.4666666666666667,4
1,1752840296694,0.9104477611940298,0.3333333333333333,4
1,1752840296795,0.9104477611940298,0.3333333333333333,4
1,1752840296896,0.8955223880597015,0.26666666666666666,4
1,1752840296997,0.8955223880597015,0.26666666666666666,4
1,1752840297098,0.8955223880597015,0.3333333333333333,4
1,1752840297198,0.8805970149253731,0.26666666666666666,4
1,1752840297299,0.8656716417910447,0.4666666666666667,4
1,1752840297400,0.8656716417910447,0.4666666666666667,4
1,1752840297501,0.8507462686567164,0.4,4
1,1752840297602,0.8507462686567164,0.4,4
1,1752840297703,0.8805970149253731,0.2,4
1,1752840297804,0.8507462686567164,0.26666666666666666,4
1,1752840297905,0.8805970149253731,0.13333333333333333,4
1,1752840298006,0.8656716417910447,0.4,4
1,1752840298106,0.8805970149253731,0.4666666666666667,4
1,1752840298207,0.8805970149253731,0.3333333333333333,4
1,1752840298308,0.8805970149253731,0.3333333333333333,4
1,1752840298409,0.9104477611940298,0.2,4
1,1752840298510,0.8955223880597015,0.26666666666666666,4
1,1752840298611,0.9253731343283582,0.4,4
1,1752840298712,0.9253731343283582,0.4,4
1,1752840298813,0.9104477611940298,0.4666666666666667,4
1,1752840298914,0.9104477611940298,0.3333333333333333,4
1,1752840299015,0.9104477611940298,0.3333333333333333,4
1,1752840299116,0.9253731343283582,0.26666666666666666,4
1,1752840299216,0.8955223880597015,0.26666666666666666,4
1,1752840299317,0.8955223880597015,0.3333333333333333,4
1,1752840299418,0.9253731343283582,0.3333333333333333,4
1,1752840299519,0.8955223880597015,0.4666666666666667,4
1,1752840299620,0.8955223880597015,0.3333333333333333,4
1,1752840299721,0.8805970149253731,0.3333333333333333,4
1,1752840299821,0.8656716417910447,0.26666666666666666,4
1,1752840299922,0.8656716417910447,0.26666666666666666,4
1,1752840300023,0.8507462686567164,0.26666666666666666,4
1,1752840300124,0.8507462686567164,0.3333333333333333,4
1,1752840300225,0.8507462686567164,0.4666666666666667,4
1,1752840300326,0.8656716417910447,0.26666666666666666,4
1,1752840300427,0.8656716417910447,0.26666666666666666,4
1,1752840300528,0.8805970149253731,0.4,4
1,1752840300629,0.8955223880597015,0.3333333333333333,4
1,1752840300729,0.8955223880597015,0.3333333333333333,4
1,1752840300830,0.9104477611940298,0.4,4
1,1752840300931,0.8955223880597015,0.4666666666666667,4
1,1752840301032,0.9104477611940298,0.4,4
1,1752840301133,0.9104477611940298,0.4666666666666667,4
1,1752840301234,0.9104477611940298,0.4,4
1,1752840301335,0.9552238805970149,0.3333333333333333,4
1,1752840301435,0.9104477611940298,0.4,4
1,1752840301536,0.8955223880597015,0.3333333333333333,4
1,1752840301637,0.9253731343283582,0.6,4
1,1752840301738,0.8955223880597015,0.4,4
1,1752840301839,0.8805970149253731,0.4,4
1,1752840301940,0.8805970149253731,0.3333333333333333,4
1,1752840302041,0.8805970149253731,0.3333333333333333,4
1,1752840302141,0.8656716417910447,0.3333333333333333,4
1,1752840302242,0.8656716417910447,0.26666666666666666,4
1,1752840302343,0.8656716417910447,0.5333333333333333,4
1,1752840302444,0.8656716417910447,0.4666666666666667,4
1,1752840302545,0.8656716417910447,0.26666666666666666,4
1,1752840302646,0.8656716417910447,0.4,4
1,1752840302747,0.8656716417910447,0.26666666666666666,4
1,1752840302848,0.8656716417910447,0.3333333333333333,4
1,1752840302949,0.8507462686567164,0.2,4
1,1752840303049,0.8955223880597015,0.4,4
1,1752840303150,0.8955223880597015,0.4,4
1,1752840303251,0.9104477611940298,0.3333333333333333,4
1,1752840303352,0.9253731343283582,0.3333333333333333,4
1,1752840303453,0.8656716417910447,0.4,4
1,1752840303554,0.9253731343283582,0.3333333333333333,4
1,1752840303655,0.9104477611940298,0.4,4
1,1752840303756,0.9104477611940298,0.3333333333333333,4
1,1752840303857,0.8955223880597015,0.6,4
1,1752840303957,0.9104477611940298,0.4,4
1,1752840304058,0.8955223880597015,0.4,4
1,1752840304159,0.8805970149253731,0.26666666666666666,4
1,1752840304260,0.8805970149253731,0.26666666666666666,4
1,1752840304361,0.8805970149253731,0.26666666666666666,4
1,1752840304462,0.8805970149253731,0.26666666666666666,4
1,1752840304563,0.8656716417910447,0.3333333333333333,4
1,1752840304664,0.8507462686567164,0.4666666666666667,4
1,1752840304765,0.8656716417910447,0.3333333333333333,4
1,1752840304865,0.8507462686567164,0.3333333333333333,4
1,1752840304966,0.8507462686567164,0.4,4
1,1752840305067,0.8656716417910447,0.26666666666666666,4
1,1752840305168,0.8656716417910447,0.2,4
1,1752840305269,0.8656716417910447,0.26666666666666666,4
1,1752840305370,0.8656716417910447,0.5333333333333333,4
1,1752840305471,0.8805970149253731,0.3333333333333333,4
1,1752840305571,0.8955223880597015,0.26666666666666666,4
1,1752840305672,0.8955223880597015,0.26666666666666666,4
1,1752840305773,0.9104477611940298,0.26666666666666666,4
1,1752840305874,0.9253731343283582,0.3333333333333333,4
1,1752840305975,0.9104477611940298,0.3333333333333333,4
1,1752840306076,0.9104477611940298,0.4,4
1,1752840306177,0.9104477611940298,0.4666666666666667,4
1,1752840306278,0.9104477611940298,0.3333333333333333,4
1,1752840306379,0.9253731343283582,0.4,4
1,1752840306480,0.8955223880597015,0.3333333333333333,4
1,1752840306581,0.8955223880597015,0.3333333333333333,4
1,1752840306681,0.8805970149253731,0.26666666666666666,4
1,1752840306782,0.8805970149253731,0.26666666666666666,4
1,1752840306883,0.8656716417910447,0.4666666666666667,4
1,1752840306984,0.835820895522388,0.3333333333333333,4
1,1752840307085,0.8656716417910447,0.26666666666666666,4
1,1752840307186,0.8656716417910447,0.3333333333333333,4
1,1752840307287,0.8507462686567164,0.26666666666666666,4
1,1752840307387,0.8507462686567164,0.3333333333333333,4
1,1752840307488,0.8656716417910447,0.3333333333333333,4
1,1752840307589,0.8507462686567164,0.5333333333333333,4
1,1752840307690,0.8656716417910447,0.4,4
1,1752840307791,0.8805970149253731,0.26666666666666666,4
1,1752840307892,0.8805970149253731,0.3333333333333333,4
1,1752840307993,0.8955223880597015,0.26666666666666666,4
1,1752840308094,0.8955223880597015,0.3333333333333333,4
1,1752840308194,0.8955223880597015,0.3333333333333333,4
1,1752840308295,0.9104477611940298,0.3333333333333333,4
1,1752840308396,0.9253731343283582,0.4666666666666667,4
1,1752840308497,0.9104477611940298,0.3333333333333333,4
1,1752840308598,0.9104477611940298,0.3333333333333333,4
1,1752840308699,0.9104477611940298,0.3333333333333333,4
1,1752840308800,0.8955223880597015,0.26666666666666666,4
1,1752840308901,0.9104477611940298,0.3333333333333333,4
1,1752840309001,0.8955223880597015,0.3333333333333333,4
1,1752840309102,0.8955223880597015,0.5333333333333333,4
1,1752840309203,0.8805970149253731,0.4,4
1,1752840309304,0.8805970149253731,0.26666666666666666,4
1,1752840309405,0.8805970149253731,0.4666666666666667,4
1,1752840309506,0.835820895522388,0.4,4
1,1752840309607,0.8656716417910447,0.4,4
1,1752840309708,0.8507462686567164,0.3333333333333333,4
1,1752840309808,0.8507462686567164,0.6,4
1,1752840309909,0.8507462686567164,0.3333333333333333,4
1,1752840310010,0.8656716417910447,0.3333333333333333,4
1,1752840310111,0.8656716417910447,0.26666666666666666,4
1,1752840310212,0.8805970149253731,0.26666666666666666,4
1,1752840310313,0.8805970149253731,0.26666666666666666,4
1,1752840310414,0.8955223880597015,0.26666666666666666,4
1,1752840310515,0.8955223880597015,0.5333333333333333,4
1,1752840310616,0.8955223880597015,0.3333333333333333,4
1,1752840310717,0.9104477611940298,0.26666666666666666,4
1,1752840310817,0.9253731343283582,0.4,4
1,1752840310918,0.9104477611940298,0.26666666666666666,4
1,1752840311019,0.9253731343283582,0.4,4
1,1752840311120,0.9104477611940298,0.3333333333333333,4
1,1752840311221,0.9104477611940298,0.5333333333333333,4
1,1752840311322,0.8955223880597015,0.4,4
1,1752840311423,0.8955223880597015,0.3333333333333333,4
1,1752840311524,0.8805970149253731,0.3333333333333333,4
1,1752840311625,0.8805970149253731,0.3333333333333333,4
1,1752840311726,0.8656716417910447,0.4,4
1,1752840311826,0.8656716417910447,0.5333333333333333,4
1,1752840311927,0.8656716417910447,0.4,4
1,1752840312028,0.8507462686567164,0.26666666666666666,4
1,1752840312129,0.8507462686567164,0.3333333333333333,4
1,1752840312230,0.8656716417910447,0.3333333333333333,4
1,1752840312331,0.8507462686567164,0.3333333333333333,4
1,1752840312431,0.9104477611940298,0.4,4
1,1752840312532,0.8507462686567164,0.5333333333333333,4
1,1752840312633,0.9253731343283582,0.26666666666666666,4
1,1752840312734,0.8805970149253731,0.3333333333333333,4
1,1752840312835,0.8955223880597015,0.2,4
1,1752840312936,0.8656716417910447,0.4,4
1,1752840313037,0.8955223880597015,0.26666666666666666,4
1,1752840313137,0.8805970149253731,0.3333333333333333,4
1,1752840313238,0.9104477611940298,0.5333333333333333,4
1,1752840313339,0.8805970149253731,0.4,4
1,1752840313440,0.9104477611940298,0.3333333333333333,4
1,1752840313541,0.9104477611940298,0.4,4
1,1752840313642,0.9104477611940298,0.26666666666666666,4
1,1752840313743,0.9104477611940298,0.3333333333333333,4
1,1752840313844,0.8955223880597015,0.3333333333333333,4
1,1752840313945,0.8955223880597015,0.5333333333333333,4
1,1752840314046,0.8805970149253731,0.26666666666666666,4
1,1752840314146,0.8805970149253731,0.3333333333333333,4
1,1752840314247,0.8805970149253731,0.3333333333333333,4
1,1752840314348,0.8656716417910447,0.3333333333333333,4
1,1752840314449,0.8656716417910447,0.4,4
1,1752840314550,0.8656716417910447,0.4666666666666667,4
1,1752840314651,0.8656716417910447,0.4,4
1,1752840314752,0.8805970149253731,0.2,4
1,1752840314852,0.8507462686567164,0.3333333333333333,4
1,1752840314953,0.8507462686567164,0.3333333333333333,4
1,1752840315054,0.8805970149253731,0.26666666666666666,4
1,1752840315155,0.8656716417910447,0.2,4
1,1752840315256,0.8805970149253731,0.6,4
1,1752840315357,0.8955223880597015,0.26666666666666666,4
1,1752840315458,0.8955223880597015,0.26666666666666666,4
1,1752840315559,0.8955223880597015,0.3333333333333333,4
1,1752840315660,0.9253731343283582,0.3333333333333333,4
1,1752840315760,0.8955223880597015,0.13333333333333333,4
1,1752840315861,0.9104477611940298,0.3333333333333333,4
1,1752840315962,0.9104477611940298,0.4666666666666667,4
1,1752840316063,0.9253731343283582,0.26666666666666666,4
1,1752840316164,0.9253731343283582,0.3333333333333333,4
1,1752840316265,0.8955223880597015,0.3333333333333333,4
1,1752840316366,0.8805970149253731,0.26666666666666666,4
1,1752840316466,0.8955223880597015,0.26666666666666666,4
1,1752840316567,0.8805970149253731,0.4666666666666667,4
1,1752840316668,0.8656716417910447,0.3333333333333333,4
1,1752840316769,0.8955223880597015,0.2,4
1,1752840316870,0.8507462686567164,0.4,4
1,1752840316971,0.8507462686567164,0.3333333333333333,4
1,1752840317072,0.8656716417910447,0.2,4
1,1752840317173,0.8805970149253731,0.26666666666666666,4
1,1752840317274,0.8507462686567164,0.5333333333333333,4
1,1752840317375,0.8656716417910447,0.4,4
1,1752840317476,0.8656716417910447,0.3333333333333333,4
1,1752840317576,0.8656716417910447,0.26666666666666666,4
1,1752840317677,0.8805970149253731,0.3333333333333333,4
1,1752840317778,0.8805970149253731,0.26666666666666666,4
1,1752840317879,0.8955223880597015,0.3333333333333333,4
1,1752840317980,0.8955223880597015,0.4,4
1,1752840318081,0.9253731343283582,0.4666666666666667,4
1,1752840318182,0.9253731343283582,0.26666666666666666,4
1,1752840318283,0.9104477611940298,0.26666666666666666,4
1,1752840318383,0.9104477611940298,0.3333333333333333,4
1,1752840318484,0.9104477611940298,0.26666666666666666,4
1,1752840318585,0.8955223880597015,0.26666666666666666,4
1,1752840318686,0.8955223880597015,0.4,4
1,1752840318787,0.8955223880597015,0.5333333333333333,4
1,1752840318888,0.9104477611940298,0.4,4
1,1752840318989,0.8507462686567164,0.26666666666666666,4
1,1752840319089,0.8805970149253731,0.4,4
1,1752840319190,0.8656716417910447,0.26666666666666666,4
1,1752840319291,0.8805970149253731,0.3333333333333333,4
1,1752840319392,0.8507462686567164,0.3333333333333333,4
1,1752840319493,0.8507462686567164,0.4666666666666667,4
1,1752840319594,0.8507462686567164,0.3333333333333333,4
1,1752840319695,0.8656716417910447,0.26666666666666666,4
1,1752840319796,0.8507462686567164,0.3333333333333333,4
1,1752840319896,0.8656716417910447,0.26666666666666666,4
1,1752840319997,0.8805970149253731,0.4,4
1,1752840320098,0.8805970149253731,0.3333333333333333,4
1,1752840320199,0.8805970149253731,0.5333333333333333,4
1,1752840320300,0.8955223880597015,0.2,4
1,1752840320401,0.9104477611940298,0.3333333333333333,4
1,1752840320502,0.9253731343283582,0.13333333333333333,4
1,1752840320603,0.8955223880597015,0.3333333333333333,4
1,1752840320704,0.9104477611940298,0.4,4
1,1752840320804,0.9104477611940298,0.3333333333333333,4
1,1752840320905,0.9104477611940298,0.5333333333333333,4
1,1752840321006,0.9104477611940298,0.26666666666666666,4
1,1752840321107,0.8955223880597015,0.3333333333333333,4
1,1752840321208,0.8955223880597015,0.4,4
1,1752840321309,0.8805970149253731,0.3333333333333333,4
1,1752840321410,0.8805970149253731,0.26666666666666666,4
1,1752840321510,0.8656716417910447,0.26666666666666666,4
1,1752840321612,0.8656716417910447,0.4666666666666667,4
1,1752840321712,0.8507462686567164,0.26666666666666666,4
1,1752840321813,0.8656716417910447,0.3333333333333333,4
1,1752840321914,0.8656716417910447,0.3333333333333333,4
1,1752840322015,0.8507462686567164,0.26666666666666666,4
1,1752840322116,0.8656716417910447,0.13333333333333333,4
1,1752840322217,0.8955223880597015,0.2,4
1,1752840322318,0.8955223880597015,0.5333333333333333,4
1,1752840322419,0.8656716417910447,0.26666666666666666,4
1,1752840322520,0.8805970149253731,0.3333333333333333,4
1,1752840322621,0.8805970149253731,0.4666666666666667,4
1,1752840322721,0.9104477611940298,0.2,4
1,1752840322822,0.8955223880597015,0.3333333333333333,4
1,1752840322923,0.9253731343283582,0.3333333333333333,4
1,1752840323024,0.9104477611940298,0.4666666666666667,4
1,1752840323125,0.9104477611940298,0.4,4
1,1752840323226,0.9104477611940298,0.26666666666666666,4
1,1752840323326,0.8955223880597015,0.4,4
1,1752840323427,0.9104477611940298,0.3333333333333333,4
1,1752840323528,0.8955223880597015,0.4,4
1,1752840323629,0.8955223880597015,0.3333333333333333,4
1,1752840323730,0.8805970149253731,0.5333333333333333,4
1,1752840323831,0.8656716417910447,0.4,4
1,1752840323932,0.8656716417910447,0.3333333333333333,4
1,1752840324033,0.8656716417910447,0.4,4
1,1752840324134,0.8656716417910447,0.3333333333333333,4
1,1752840324234,0.8656716417910447,0.26666666666666666,4
1,1752840324335,0.8656716417910447,0.26666666666666666,4
1,1752840324436,0.8507462686567164,0.5333333333333333,4
1,1752840324537,0.8656716417910447,0.4,4
1,1752840324638,0.8656716417910447,0.3333333333333333,4
1,1752840324739,0.8656716417910447,0.4,4
1,1752840324840,0.8805970149253731,0.3333333333333333,4
1,1752840324941,0.8955223880597015,0.26666666666666666,4
1,1752840325041,0.8955223880597015,0.3333333333333333,4
1,1752840325142,0.9104477611940298,0.4666666666666667,4
1,1752840325243,0.9104477611940298,0.4,4
1,1752840325344,0.9104477611940298,0.26666666666666666,4
1,1752840325445,0.9104477611940298,0.4,4
1,1752840325546,0.8955223880597015,0.3333333333333333,4
1,1752840325647,0.9104477611940298,0.3333333333333333,4
1,1752840325748,0.9104477611940298,0.3333333333333333,4
1,1752840325848,0.9104477611940298,0.6,4
1,1752840325949,0.8805970149253731,0.4,4
1,1752840326050,0.8955223880597015,0.4666666666666667,4
1,1752840326151,0.8805970149253731,0.4,4
1,1752840326252,0.8955223880597015,0.3333333333333333,4
1,1752840326353,0.8656716417910447,0.26666666666666666,4
1,1752840326454,0.8656716417910447,0.3333333333333333,4
1,1752840326555,0.8507462686567164,0.5333333333333333,4
1,1752840326655,0.8507462686567164,0.4666666666666667,4
1,1752840326756,0.8507462686567164,0.26666666666666666,4
1,1752840326857,0.8507462686567164,0.4,4
1,1752840326958,0.8656716417910447,0.3333333333333333,4
1,1752840327059,0.8656716417910447,0.26666666666666666,4
1,1752840327160,0.8805970149253731,0.26666666666666666,4
1,1752840327261,0.8955223880597015,0.4666666666666667,4
1,1752840327362,0.8955223880597015,0.4666666666666667,4
1,1752840327463,0.8805970149253731,0.3333333333333333,4
1,1752840327563,0.9104477611940298,0.4,4
1,1752840327664,0.9104477611940298,0.3333333333333333,4
1,1752840327765,0.9104477611940298,0.26666666666666666,4
1,1752840327866,0.9104477611940298,0.3333333333333333,4
1,1752840327967,0.9104477611940298,0.5333333333333333,4
1,1752840328068,0.8805970149253731,0.4,4
1,1752840328169,0.8805970149253731,0.26666666666666666,4
1,1752840328270,0.8955223880597015,0.4,4
1,1752840328370,0.8805970149253731,0.3333333333333333,4
1,1752840328471,0.8805970149253731,0.4,4
1,1752840328572,0.8507462686567164,0.26666666666666666,4
1,1752840328673,0.8805970149253731,0.5333333333333333,4
1,1752840328774,0.8656716417910447,0.6,4
1,1752840328875,0.8507462686567164,0.3333333333333333,4
1,1752840328976,0.8507462686567164,0.4666666666666667,4
1,1752840329077,0.8507462686567164,0.3333333333333333,4
1,1752840329178,0.8507462686567164,0.3333333333333333,4
1,1752840329279,0.8656716417910447,0.26666666666666666,4
1,1752840329379,0.8656716417910447,0.4666666666666667,4
1,1752840329480,0.8656716417910447,0.4666666666666667,4
1,1752840329581,0.8805970149253731,0.3333333333333333,4
1,1752840329682,0.8955223880597015,0.4,4
1,1752840329783,0.9104477611940298,0.26666666666666666,4
1,1752840329884,0.8955223880597015,0.3333333333333333,4
1,1752840329985,0.9104477611940298,0.26666666666666666,4
1,1752840330085,0.9104477611940298,0.5333333333333333,4
1,1752840330186,0.9402985074626866,0.4,4
1,1752840330287,0.8955223880597015,0.3333333333333333,4
1,1752840330388,0.9104477611940298,0.3333333333333333,4
1,1752840330489,0.8955223880597015,0.3333333333333333,4
1,1752840330590,0.9104477611940298,0.26666666666666666,4
1,1752840330691,0.8955223880597015,0.4,4
1,1752840330792,0.8805970149253731,0.5333333333333333,4
1,1752840330893,0.8805970149253731,0.4,4
1,1752840330993,0.8656716417910447,0.2,4
1,1752840331094,0.8656716417910447,0.4,4
1,1752840331195,0.8507462686567164,0.26666666666666666,4
1,1752840331296,0.8507462686567164,0.26666666666666666,4
1,1752840331397,0.8507462686567164,0.26666666666666666,4
1,1752840331498,0.8656716417910447,0.5333333333333333,4
1,1752840331599,0.8656716417910447,0.4,4
1,1752840331699,0.8805970149253731,0.3333333333333333,4
1,1752840331800,0.8656716417910447,0.2,4
1,1752840331901,0.8955223880597015,0.4,4
1,1752840332002,0.8955223880597015,0.4,4
1,1752840332103,0.9104477611940298,0.26666666666666666,4
1,1752840332204,0.9104477611940298,0.3333333333333333,4
1,1752840332305,0.9253731343283582,0.5333333333333333,4
1,1752840332406,0.9104477611940298,0.3333333333333333,4
1,1752840332506,0.9104477611940298,0.3333333333333333,4
1,1752840332607,0.8955223880597015,0.3333333333333333,4
1,1752840332708,0.8955223880597015,0.26666666666666666,4
1,1752840332809,0.8805970149253731,0.3333333333333333,4
1,1752840332910,0.9104477611940298,0.26666666666666666,4
1,1752840333011,0.8955223880597015,0.4,4
1,1752840333112,0.8805970149253731,0.4,4
1,1752840333213,0.8656716417910447,0.3333333333333333,4
1,1752840333314,0.8656716417910447,0.26666666666666666,4
1,1752840333414,0.8656716417910447,0.3333333333333333,4
1,1752840333515,0.8507462686567164,0.26666666666666666,4
1,1752840333616,0.8507462686567164,0.2,4
1,1752840333717,0.8955223880597015,0.26666666666666666,4
1,1752840333818,0.8507462686567164,0.4,4
1,1752840333919,0.8656716417910447,0.4,4
1,1752840334020,0.8805970149253731,0.2,4
1,1752840334121,0.8805970149253731,0.26666666666666666,4
1,1752840334222,0.8656716417910447,0.26666666666666666,4
1,1752840334323,0.8805970149253731,0.26666666666666666,4
1,1752840334423,0.8955223880597015,0.26666666666666666,4
1,1752840334524,0.9104477611940298,0.4666666666666667,4
1,1752840334625,0.9104477611940298,0.3333333333333333,4
1,1752840334726,0.9104477611940298,0.3333333333333333,4
1,1752840334827,0.9104477611940298,0.4,4
1,1752840334928,0.9253731343283582,0.3333333333333333,4
1,1752840335029,0.9104477611940298,0.4,4
1,1752840335129,0.8955223880597015,0.26666666666666666,4
1,1752840335230,0.8955223880597015,0.4,4
1,1752840335331,0.8955223880597015,0.5333333333333333,4
1,1752840335432,0.8805970149253731,0.4,4
1,1752840335533,0.8805970149253731,0.4,4
1,1752840335634,0.8805970149253731,0.4,4
1,1752840335735,0.8656716417910447,0.4,4
1,1752840335836,0.8507462686567164,0.26666666666666666,4
1,1752840335937,0.8507462686567164,0.26666666666666666,4
1,1752840336037,0.8507462686567164,0.3333333333333333,4
1,1752840336138,0.835820895522388,0.4,4
1,1752840336239,0.8656716417910447,0.4666666666666667,4
1,1752840336340,0.8507462686567164,0.3333333333333333,4
1,1752840336441,0.8656716417910447,0.4,4
1,1752840336542,0.8805970149253731,0.26666666666666666,4
1,1752840336643,0.8955223880597015,0.3333333333333333,4
1,1752840336744,0.8805970149253731,0.3333333333333333,4
1,1752840336844,0.8955223880597015,0.3333333333333333,4
1,1752840336945,0.8955223880597015,0.4,4
1,1752840337046,0.9104477611940298,0.4666666666666667,4
1,1752840337147,0.9104477611940298,0.3333333333333333,4
1,1752840337248,0.9104477611940298,0.4,4
1,1752840337349,0.9104477611940298,0.3333333333333333,4
1,1752840337450,0.9104477611940298,0.26666666666666666,4
1,1752840337551,0.8955223880597015,0.4,4
1,1752840337652,0.8955223880597015,0.26666666666666666,4
1,1752840337752,0.9104477611940298,0.5333333333333333,4
1,1752840337853,0.8656716417910447,0.6,4
1,1752840337954,0.8656716417910447,0.3333333333333333,4
1,1752840338055,0.8656716417910447,0.3333333333333333,4
1,1752840338156,0.8805970149253731,0.3333333333333333,4
1,1752840338257,0.8507462686567164,0.26666666666666666,4
1,1752840338357,0.8507462686567164,0.26666666666666666,4
1,1752840338458,0.8507462686567164,0.3333333333333333,4
1,1752840338559,0.8507462686567164,0.4666666666666667,4
1,1752840338660,0.8507462686567164,0.4666666666666667,4
1,1752840338761,0.8656716417910447,0.26666666666666666,4
1,1752840338862,0.8656716417910447,0.3333333333333333,4
1,1752840338963,0.8805970149253731,0.3333333333333333,4
1,1752840339064,0.8805970149253731,0.26666666666666666,4
1,1752840339165,0.8955223880597015,0.4,4
1,1752840339265,0.8955223880597015,0.3333333333333333,4
1,1752840339366,0.8955223880597015,0.4666666666666667,4
1,1752840339467,0.9253731343283582,0.26666666666666666,4
1,1752840339568,0.9104477611940298,0.4,4
1,1752840339669,0.9253731343283582,0.2,4
1,1752840339770,0.8955223880597015,0.3333333333333333,4
1,1752840339871,0.9253731343283582,0.13333333333333333,4
1,1752840339972,0.9104477611940298,0.3333333333333333,4
1,1752840340073,0.8955223880597015,0.6666666666666666,4
1,1752840340173,0.8805970149253731,0.4,4
1,1752840340274,0.8805970149253731,0.3333333333333333,4
1,1752840340375,0.8656716417910447,0.3333333333333333,4
1,1752840340476,0.8656716417910447,0.26666666666666666,4
1,1752840340577,0.8507462686567164,0.26666666666666666,4
1,1752840340678,0.8507462686567164,0.3333333333333333,4
1,1752840340779,0.8656716417910447,0.5333333333333333,4
1,1752840340880,0.8507462686567164,0.3333333333333333,4
1,1752840340980,0.8656716417910447,0.26666666666666666,4
1,1752840341081,0.8656716417910447,0.3333333333333333,4
1,1752840341182,0.8656716417910447,0.3333333333333333,4
1,1752840341283,0.8805970149253731,0.4666666666666667,4
1,1752840341384,0.9253731343283582,0.4666666666666667,4
1,1752840341485,0.8805970149253731,0.6,4
1,1752840341586,0.9104477611940298,0.4,4
1,1752840341687,0.9253731343283582,0.4666666666666667,4
1,1752840341787,0.9104477611940298,0.4666666666666667,4
1,1752840341888,0.9253731343283582,0.4,4
1,1752840341989,0.9104477611940298,0.3333333333333333,4
1,1752840342090,0.9104477611940298,0.6,4
1,1752840342191,0.8955223880597015,0.3333333333333333,4
1,1752840342292,0.8955223880597015,0.2,4
1,1752840342393,0.8955223880597015,0.4,4
1,1752840342493,0.8955223880597015,0.5333333333333333,4
1,1752840342595,0.8805970149253731,0.26666666666666666,4
1,1752840342695,0.8656716417910447,0.6666666666666666,4
1,1752840342796,0.8507462686567164,0.3333333333333333,4
1,1752840342897,0.8507462686567164,0.3333333333333333,4
1,1752840342998,0.8656716417910447,0.4,4
1,1752840343099,0.8507462686567164,0.3333333333333333,4
1,1752840343200,0.8507462686567164,0.26666666666666666,4
1,1752840343301,0.8656716417910447,0.4,4
1,1752840343402,0.8507462686567164,0.5333333333333333,4
1,1752840343502,0.8656716417910447,0.2,4
1,1752840343603,0.8805970149253731,0.26666666666666666,4
1,1752840343704,0.8805970149253731,0.3333333333333333,4
1,1752840343805,0.8805970149253731,0.3333333333333333,4
1,1752840343906,0.8955223880597015,0.2,4
1,1752840344007,0.8955223880597015,0.4666666666666667,4
1,1752840344108,0.9104477611940298,0.3333333333333333,4
1,1752840344209,0.9104477611940298,0.3333333333333333,4
1,1752840344309,0.9104477611940298,0.26666666666666666,4
1,1752840344410,0.9104477611940298,0.2,4
1,1752840344511,0.9104477611940298,0.26666666666666666,4
1,1752840344612,0.9104477611940298,0.5333333333333333,4
1,1752840344713,0.8955223880597015,0.4666666666666667,4
1,1752840344814,0.8955223880597015,0.3333333333333333,4
1,1752840344915,0.8805970149253731,0.26666666666666666,4
1,1752840345016,0.9104477611940298,0.3333333333333333,4
1,1752840345117,0.8656716417910447,0.2,4
1,1752840345217,0.8656716417910447,0.4,4
1,1752840345318,0.8507462686567164,0.4666666666666667,4
1,1752840345419,0.8507462686567164,0.3333333333333333,4
1,1752840345520,0.8507462686567164,0.3333333333333333,4
1,1752840345621,0.8507462686567164,0.2,4
1,1752840345722,0.8507462686567164,0.26666666666666666,4
1,1752840345823,0.8656716417910447,0.2,4
1,1752840345924,0.8656716417910447,0.3333333333333333,4
1,1752840346024,0.8656716417910447,0.4,4
1,1752840346125,0.8805970149253731,0.3333333333333333,4
1,1752840346226,0.8805970149253731,0.3333333333333333,4
1,1752840346327,0.8805970149253731,0.3333333333333333,4
1,1752840346428,0.8955223880597015,0.26666666666666666,4
1,1752840346529,0.9104477611940298,0.4,4
1,1752840346630,0.8955223880597015,0.4666666666666667,4
1,1752840346731,0.9104477611940298,0.26666666666666666,4
1,1752840346832,0.9104477611940298,0.4,4
1,1752840346932,0.8955223880597015,0.4,4
1,1752840347033,0.9253731343283582,0.2,4
1,1752840347134,0.8656716417910447,0.4,4
1,1752840347235,0.9104477611940298,0.4,4
1,1752840347336,0.8805970149253731,0.4666666666666667,4
1,1752840347437,0.8805970149253731,0.2,4
1,1752840347538,0.8656716417910447,0.4,4
1,1752840347639,0.8656716417910447,0.4,4
1,1752840347739,0.8656716417910447,0.4666666666666667,4
1,1752840347840,0.8507462686567164,0.2,4
1,1752840347941,0.8656716417910447,0.5333333333333333,4
1,1752840348042,0.8507462686567164,0.3333333333333333,4
1,1752840348143,0.8507462686567164,0.3333333333333333,4
1,1752840348244,0.8656716417910447,0.3333333333333333,4
1,1752840348345,0.8656716417910447,0.26666666666666666,4
1,1752840348445,0.8507462686567164,0.3333333333333333,4
1,1752840348547,0.8955223880597015,0.5333333333333333,4
1,1752840348647,0.8955223880597015,0.3333333333333333,4
1,1752840348748,0.8955223880597015,0.26666666666666666,4
1,1752840348849,0.8955223880597015,0.3333333333333333,4
1,1752840348950,0.9104477611940298,0.26666666666666666,4
1,1752840349051,0.9253731343283582,0.2,4
1,1752840349152,0.9104477611940298,0.4,4
1,1752840349253,0.9253731343283582,0.4666666666666667,4
1,1752840349354,0.8955223880597015,0.4,4
1,1752840349454,0.9104477611940298,0.4,4
1,1752840349555,0.8955223880597015,0.26666666666666666,4
1,1752840349656,0.8955223880597015,0.3333333333333333,4
1,1752840349757,0.8805970149253731,0.4,4
1,1752840349858,0.8805970149253731,0.4666666666666667,4
1,1752840349959,0.8805970149253731,0.26666666666666666,4
1,1752840350060,0.8656716417910447,0.3333333333333333,4
1,1752840350161,0.8507462686567164,0.3333333333333333,4
1,1752840350262,0.8507462686567164,0.26666666666666666,4
1,1752840350362,0.8507462686567164,0.4,4
1,1752840350463,0.8805970149253731,0.4,4
1,1752840350564,0.8656716417910447,0.2,4
1,1752840350665,0.8656716417910447,0.3333333333333333,4
1,1752840350766,0.8656716417910447,0.3333333333333333,4
1,1752840350867,0.8656716417910447,0.26666666666666666,4
1,1752840350968,0.8955223880597015,0.4,4
1,1752840351069,0.9253731343283582,0.4,4
1,1752840351170,0.8955223880597015,0.26666666666666666,4
1,1752840351270,0.9253731343283582,0.26666666666666666,4
1,1752840351371,0.8955223880597015,0.3333333333333333,4
1,1752840351472,0.9104477611940298,0.26666666666666666,4
1,1752840351573,0.9104477611940298,0.3333333333333333,4
1,1752840351674,0.9104477611940298,0.4,4
1,1752840351775,0.8955223880597015,0.3333333333333333,4
1,1752840351876,0.9104477611940298,0.3333333333333333,4
1,1752840351977,0.8955223880597015,0.3333333333333333,4
1,1752840352078,0.8805970149253731,0.26666666666666666,4
1,1752840352178,0.8805970149253731,0.4,4
1,1752840352279,0.8805970149253731,0.4666666666666667,4
1,1752840352380,0.8656716417910447,0.3333333333333333,4
1,1752840352481,0.8656716417910447,0.3333333333333333,4
1,1752840352582,0.8656716417910447,0.3333333333333333,4
1,1752840352683,0.8507462686567164,0.4,4
1,1752840352784,0.8656716417910447,0.3333333333333333,4
1,1752840352884,0.8656716417910447,0.3333333333333333,4
1,1752840352985,0.8656716417910447,0.4666666666666667,4
1,1752840353086,0.8507462686567164,0.4666666666666667,4
1,1752840353187,0.8656716417910447,0.4,4
1,1752840353288,0.8656716417910447,0.3333333333333333,4
1,1752840353389,0.8656716417910447,0.3333333333333333,4
1,1752840353490,0.8805970149253731,0.4666666666666667,4
1,1752840353590,0.8955223880597015,0.4,4
1,1752840353691,0.8955223880597015,0.3333333333333333,4
1,1752840353792,0.9104477611940298,0.3333333333333333,4
1,1752840353893,0.8955223880597015,0.4,4
1,1752840353994,0.9253731343283582,0.3333333333333333,4
1,1752840354095,0.9104477611940298,0.3333333333333333,4
1,1752840354196,0.9402985074626866,0.5333333333333333,4
1,1752840354297,0.8955223880597015,0.3333333333333333,4
1,1752840354398,0.8955223880597015,0.3333333333333333,4
1,1752840354499,0.8955223880597015,0.4,4
1,1752840354599,0.8805970149253731,0.26666666666666666,4
1,1752840354700,0.8805970149253731,0.3333333333333333,4
1,1752840354801,0.8656716417910447,0.3333333333333333,4
1,1752840354902,0.8656716417910447,0.5333333333333333,4
1,1752840355003,0.8656716417910447,0.3333333333333333,4
1,1752840355104,0.8656716417910447,0.4,4
1,1752840355205,0.8507462686567164,0.3333333333333333,4
1,1752840355306,0.8507462686567164,0.3333333333333333,4
1,1752840355407,0.8507462686567164,0.3333333333333333,4
1,1752840355507,0.8656716417910447,0.3333333333333333,4
1,1752840355608,0.8656716417910447,0.4666666666666667,4
1,1752840355709,0.8656716417910447,0.26666666666666666,4
1,1752840355810,0.8656716417910447,0.3333333333333333,4
1,1752840355911,0.8805970149253731,0.3333333333333333,4
1,1752840356012,0.8955223880597015,0.26666666666666666,4
1,1752840356113,0.9104477611940298,0.26666666666666666,4
1,1752840356214,0.9104477611940298,0.4,4
1,1752840356314,0.8955223880597015,0.4666666666666667,4
1,1752840356415,0.9104477611940298,0.3333333333333333,4
1,1752840356516,0.9104477611940298,0.4,4
1,1752840356617,0.9253731343283582,0.4,4
1,1752840356718,0.9104477611940298,0.3333333333333333,4
1,1752840356819,0.9104477611940298,0.3333333333333333,4
1,1752840356920,0.8805970149253731,0.3333333333333333,4
1,1752840357021,0.8805970149253731,0.4666666666666667,4
1,1752840357121,0.8805970149253731,0.4,4
1,1752840357222,0.8656716417910447,0.3333333333333333,4
1,1752840357323,0.8656716417910447,0.4,4
1,1752840357424,0.8805970149253731,0.13333333333333333,4
1,1752840357525,0.8656716417910447,0.4,4
1,1752840357626,0.8507462686567164,0.26666666666666666,4
1,1752840357726,0.8507462686567164,0.4666666666666667,4
1,1752840357828,0.8507462686567164,0.4666666666666667,4
1,1752840357929,0.8507462686567164,0.3333333333333333,4
1,1752840358029,0.8507462686567164,0.26666666666666666,4
1,1752840358130,0.8507462686567164,0.3333333333333333,4
1,1752840358231,0.8656716417910447,0.26666666666666666,4
1,1752840358332,0.8955223880597015,0.26666666666666666,4
1,1752840358433,0.9104477611940298,0.5333333333333333,4
1,1752840358534,0.9104477611940298,0.3333333333333333,4
1,1752840358635,0.8955223880597015,0.3333333333333333,4
1,1752840358736,0.9104477611940298,0.26666666666666666,4
1,1752840358836,0.8656716417910447,0.2,4
1,1752840358937,0.9253731343283582,0.3333333333333333,4
1,1752840359038,0.8955223880597015,0.5333333333333333,4
1,1752840359139,0.8955223880597015,0.4,4
1,1752840359240,0.8955223880597015,0.26666666666666666,4
1,1752840359341,0.8955223880597015,0.3333333333333333,4
1,1752840359441,0.8955223880597015,0.4,4
1,1752840359542,0.8805970149253731,0.3333333333333333,4
1,1752840359643,0.8955223880597015,0.5333333333333333,4
1,1752840359744,0.8656716417910447,0.4,4
1,1752840359845,0.8656716417910447,0.3333333333333333,4
1,1752840359946,0.8656716417910447,0.3333333333333333,4
1,1752840360047,0.8656716417910447,0.4,4
1,1752840360148,0.8507462686567164,0.26666666666666666,4
1,1752840360249,0.8805970149253731,0.5333333333333333,4
1,1752840360350,0.8507462686567164,0.4666666666666667,4
1,1752840360450,0.8656716417910447,0.3333333333333333,4
1,1752840360551,0.8656716417910447,0.4,4
1,1752840360652,0.8805970149253731,0.2,4
1,1752840360753,0.8805970149253731,0.3333333333333333,4
1,1752840360854,0.8805970149253731,0.4666666666666667,4
1,1752840360955,0.8955223880597015,0.4666666666666667,4
1,1752840361055,0.8955223880597015,0.3333333333333333,4
1,1752840361157,0.9104477611940298,0.4,4
1,1752840361257,0.9104477611940298,0.3333333333333333,4
1,1752840361358,0.9104477611940298,0.3333333333333333,4
1,1752840361459,0.9104477611940298,0.4666666666666667,4
1,1752840361560,0.8955223880597015,0.5333333333333333,4
1,1752840361661,0.8955223880597015,0.26666666666666666,4
1,1752840361762,0.8955223880597015,0.4666666666666667,4
1,1752840361863,0.8955223880597015,0.3333333333333333,4
1,1752840361964,0.8805970149253731,0.3333333333333333,4
1,1752840362065,0.8805970149253731,0.5333333333333333,4
1,1752840362166,0.8656716417910447,0.4666666666666667,4
1,1752840362266,0.8656716417910447,0.3333333333333333,4
1,1752840362367,0.8507462686567164,0.4,4
1,1752840362468,0.8507462686567164,0.26666666666666666,4
1,1752840362569,0.8507462686567164,0.3333333333333333,4
1,1752840362670,0.8656716417910447,0.4666666666666667,4
1,1752840362771,0.8507462686567164,0.6,4
1,1752840362871,0.8507462686567164,0.4666666666666667,4
1,1752840362972,0.8656716417910447,0.3333333333333333,4
1,1752840363073,0.8656716417910447,0.4,4
1,1752840363174,0.8805970149253731,0.3333333333333333,4
1,1752840363275,0.8955223880597015,0.4666666666666667,4
1,1752840363376,0.8955223880597015,0.5333333333333333,4
1,1752840363477,0.8955223880597015,0.3333333333333333,4
1,1752840363578,0.8955223880597015,0.4,4
1,1752840363678,0.9104477611940298,0.26666666666666666,4
1,1752840363779,0.9104477611940298,0.3333333333333333,4
1,1752840363880,0.9253731343283582,0.4666666666666667,4
1,1752840363981,0.9253731343283582,0.3333333333333333,4
1,1752840364082,0.8955223880597015,0.3333333333333333,4
1,1752840364183,0.8955223880597015,0.3333333333333333,4
1,1752840364284,0.8955223880597015,0.26666666666666666,4
1,1752840364385,0.8955223880597015,0.3333333333333333,4
1,1752840364486,0.8955223880597015,0.4666666666666667,4
1,1752840364586,0.8805970149253731,0.4,4
1,1752840364687,0.8656716417910447,0.26666666666666666,4
1,1752840364788,0.8507462686567164,0.3333333333333333,4
1,1752840364889,0.8507462686567164,0.2,4
1,1752840364990,0.8656716417910447,0.3333333333333333,4
1,1752840365091,0.8507462686567164,0.4,4
1,1752840365192,0.8507462686567164,0.26666666666666666,4
1,1752840365293,0.8656716417910447,0.26666666666666666,4
1,1752840365393,0.8656716417910447,0.2,4
1,1752840365494,0.8656716417910447,0.26666666666666666,4
1,1752840365595,0.8656716417910447,0.4,4
1,1752840365696,0.8805970149253731,0.4666666666666667,4
1,1752840365797,0.8955223880597015,0.2,4
1,1752840365898,0.8955223880597015,0.2,4
1,1752840365999,0.9104477611940298,0.3333333333333333,4
1,1752840366100,0.9104477611940298,0.26666666666666666,4
1,1752840366201,0.9104477611940298,0.4666666666666667,4
1,1752840366301,0.9104477611940298,0.4,4
1,1752840366402,0.9253731343283582,0.26666666666666666,4
1,1752840366503,0.9104477611940298,0.3333333333333333,4
1,1752840366604,0.8805970149253731,0.2,4
1,1752840366705,0.8955223880597015,0.26666666666666666,4
1,1752840366806,0.8805970149253731,0.4666666666666667,4
1,1752840366907,0.8805970149253731,0.4,4
1,1752840367008,0.8805970149253731,0.3333333333333333,4
1,1752840367109,0.835820895522388,0.3333333333333333,4
1,1752840367210,0.8507462686567164,0.2,4
1,1752840367310,0.8656716417910447,0.4,4
1,1752840367411,0.8507462686567164,0.4,4
1,1752840367512,0.8507462686567164,0.26666666666666666,4
1,1752840367613,0.8507462686567164,0.4,4
1,1752840367714,0.8656716417910447,0.3333333333333333,4
1,1752840367815,0.8656716417910447,0.26666666666666666,4
1,1752840367916,0.8656716417910447,0.5333333333333333,4
1,1752840368016,0.8805970149253731,0.4,4
1,1752840368117,0.8805970149253731,0.26666666666666666,4
1,1752840368218,0.8805970149253731,0.3333333333333333,4
1,1752840368319,0.9104477611940298,0.4,4
1,1752840368420,0.8955223880597015,0.4,4
1,1752840368521,0.9104477611940298,0.3333333333333333,4
1,1752840368622,0.8955223880597015,0.4666666666666667,4
1,1752840368723,0.8955223880597015,0.3333333333333333,4
1,1752840368824,0.9104477611940298,0.2,4
1,1752840368924,0.9104477611940298,0.3333333333333333,4
1,1752840369025,0.8805970149253731,0.4,4
1,1752840369126,0.8805970149253731,0.26666666666666666,4
1,1752840369227,0.8805970149253731,0.4666666666666667,4
1,1752840369328,0.8805970149253731,0.4,4
1,1752840369429,0.8656716417910447,0.3333333333333333,4
1,1752840369530,0.8805970149253731,0.3333333333333333,4
1,1752840369630,0.8656716417910447,0.3333333333333333,4
1,1752840369731,0.8656716417910447,0.26666666666666666,4
1,1752840369832,0.8507462686567164,0.3333333333333333,4
1,1752840369933,0.8955223880597015,0.6,4
1,1752840370034,0.8656716417910447,0.4,4
1,1752840370135,0.9104477611940298,0.26666666666666666,4
1,1752840370236,0.8955223880597015,0.2,4
1,1752840370337,0.9104477611940298,0.3333333333333333,4
1,1752840370438,0.8805970149253731,0.2,4
1,1752840370539,0.8805970149253731,0.4,4
1,1752840370639,0.8955223880597015,0.4,4
1,1752840370740,0.8955223880597015,0.26666666666666666,4
1,1752840370841,0.8955223880597015,0.4666666666666667,4
1,1752840370942,0.9104477611940298,0.3333333333333333,4
1,1752840371043,0.9104477611940298,0.2,4
1,1752840371144,0.8955223880597015,0.4,4
1,1752840371245,0.8955223880597015,0.5333333333333333,4
1,1752840371346,0.8955223880597015,0.3333333333333333,4
1,1752840371447,0.8955223880597015,0.3333333333333333,4
1,1752840371547,0.9104477611940298,0.2,4
1,1752840371648,0.8805970149253731,0.26666666666666666,4
1,1752840371749,0.8656716417910447,0.3333333333333333,4
1,1752840371850,0.8656716417910447,0.4,4
1,1752840371951,0.8656716417910447,0.4,4
1,1752840372052,0.8955223880597015,0.4,4
1,1752840372152,0.8656716417910447,0.3333333333333333,4
1,1752840372253,0.835820895522388,0.26666666666666666,4
1,1752840372354,0.8656716417910447,0.26666666666666666,4
1,1752840372455,0.8507462686567164,0.4666666666666667,4
1,1752840372556,0.8656716417910447,0.26666666666666666,4
1,1752840372657,0.8656716417910447,0.3333333333333333,4
1,1752840372758,0.8656716417910447,0.3333333333333333,4
1,1752840372859,0.8805970149253731,0.3333333333333333,4
1,1752840372959,0.8805970149253731,0.3333333333333333,4
1,1752840373060,0.8955223880597015,0.4666666666666667,4
1,1752840373161,0.8955223880597015,0.3333333333333333,4
1,1752840373262,0.8955223880597015,0.4,4
1,1752840373363,0.9104477611940298,0.4,4
1,1752840373464,0.8955223880597015,0.26666666666666666,4
1,1752840373565,0.9104477611940298,0.4,4
1,1752840373666,0.8955223880597015,0.6,4
1,1752840373767,0.9253731343283582,0.4,4
1,1752840373868,0.8955223880597015,0.26666666666666666,4
1,1752840373968,0.9253731343283582,0.26666666666666666,4
1,1752840374069,0.8656716417910447,0.4,4
1,1752840374170,0.8507462686567164,0.4,4
1,1752840374271,0.835820895522388,0.4666666666666667,4
1,1752840374372,0.8507462686567164,0.3333333333333333,4
1,1752840374473,0.8507462686567164,0.3333333333333333,4
1,1752840374574,0.8507462686567164,0.3333333333333333,4
1,1752840374675,0.8507462686567164,0.3333333333333333,4
1,1752840374775,0.8507462686567164,0.4666666666666667,4
1,1752840374877,0.8507462686567164,0.3333333333333333,4
1,1752840374977,0.8656716417910447,0.26666666666666666,4
1,1752840375078,0.8656716417910447,0.3333333333333333,4
1,1752840375179,0.8805970149253731,0.3333333333333333,4
1,1752840375280,0.8805970149253731,0.26666666666666666,4
1,1752840375381,0.8955223880597015,0.5333333333333333,4
1,1752840375481,0.8955223880597015,0.26666666666666666,4
1,1752840375582,0.9104477611940298,0.3333333333333333,4
1,1752840375683,0.9104477611940298,0.3333333333333333,4
1,1752840375784,0.9104477611940298,0.3333333333333333,4
1,1752840375885,0.8955223880597015,0.4,4
1,1752840375986,0.9104477611940298,0.5333333333333333,4
1,1752840376087,0.8955223880597015,0.3333333333333333,4
1,1752840376188,0.8955223880597015,0.4,4
1,1752840376289,0.8805970149253731,0.3333333333333333,4
1,1752840376390,0.8656716417910447,0.3333333333333333,4
1,1752840376490,0.8656716417910447,0.4666666666666667,4
1,1752840376591,0.8805970149253731,0.4666666666666667,4
1,1752840376692,0.8507462686567164,0.4,4
1,1752840376793,0.8507462686567164,0.3333333333333333,4
1,1752840376894,0.8507462686567164,0.26666666666666666,4
1,1752840376995,0.8507462686567164,0.3333333333333333,4
1,1752840377095,0.8507462686567164,0.3333333333333333,4
1,1752840377197,0.8507462686567164,0.5333333333333333,4
1,1752840377298,0.8507462686567164,0.3333333333333333,4
1,1752840377398,0.8656716417910447,0.3333333333333333,4
1,1752840377499,0.8656716417910447,0.4,4
1,1752840377600,0.8805970149253731,0.26666666666666666,4
1,1752840377701,0.8955223880597015,0.3333333333333333,4
1,1752840377802,0.9253731343283582,0.4,4
1,1752840377903,0.8955223880597015,0.4666666666666667,4
1,1752840378004,0.8955223880597015,0.26666666666666666,4
1,1752840378104,0.8805970149253731,0.4666666666666667,4
1,1752840378205,0.9104477611940298,0.3333333333333333,4
1,1752840378306,0.8955223880597015,0.26666666666666666,4
1,1752840378407,0.8955223880597015,0.4,4
1,1752840378508,0.8955223880597015,0.5333333333333333,4
1,1752840378609,0.8805970149253731,0.3333333333333333,4
1,1752840378710,0.8805970149253731,0.26666666666666666,4
1,1752840378811,0.8656716417910447,0.3333333333333333,4
1,1752840378911,0.8656716417910447,0.2,4
1,1752840379012,0.8507462686567164,0.3333333333333333,4
1,1752840379113,0.8507462686567164,0.5333333333333333,4
1,1752840379214,0.8507462686567164,0.26666666666666666,4
1,1752840379315,0.8507462686567164,0.26666666666666666,4
1,1752840379416,0.8507462686567164,0.4,4
1,1752840379517,0.8507462686567164,0.26666666666666666,4
1,1752840379618,0.8507462686567164,0.26666666666666666,4
1,1752840379718,0.8656716417910447,0.4666666666666667,4
1,1752840379819,0.8955223880597015,0.26666666666666666,4
1,1752840379920,0.8805970149253731,0.13333333333333333,4
1,1752840380021,0.8955223880597015,0.4,4
1,1752840380122,0.8805970149253731,0.2,4
1,1752840380223,0.8955223880597015,0.26666666666666666,4
1,1752840380324,0.9104477611940298,0.5333333333333333,4
1,1752840380425,0.8955223880597015,0.3333333333333333,4
1,1752840380526,0.9104477611940298,0.4,4
1,1752840380626,0.8955223880597015,0.3333333333333333,4
1,1752840380727,0.8955223880597015,0.26666666666666666,4
1,1752840380828,0.8955223880597015,0.3333333333333333,4
1,1752840380929,0.8805970149253731,0.5333333333333333,4
1,1752840381030,0.8805970149253731,0.4,4
1,1752840381131,0.8805970149253731,0.3333333333333333,4
1,1752840381232,0.8656716417910447,0.26666666666666666,4
1,1752840381333,0.8805970149253731,0.3333333333333333,4
1,1752840381434,0.8507462686567164,0.3333333333333333,4
1,1752840381534,0.8805970149253731,0.4,4
1,1752840381635,0.8656716417910447,0.4,4
1,1752840381736,0.835820895522388,0.3333333333333333,4
1,1752840381837,0.8656716417910447,0.3333333333333333,4
1,1752840381938,0.8507462686567164,0.3333333333333333,4
1,1752840382039,0.8656716417910447,0.26666666666666666,4
1,1752840382140,0.8656716417910447,0.3333333333333333,4
1,1752840382241,0.8656716417910447,0.5333333333333333,4
1,1752840382341,0.8805970149253731,0.26666666666666666,4
1,1752840382442,0.8955223880597015,0.3333333333333333,4
1,1752840382543,0.8955223880597015,0.3333333333333333,4
1,1752840382644,0.8955223880597015,0.26666666666666666,4
1,1752840382745,0.8955223880597015,0.3333333333333333,4
1,1752840382846,0.9104477611940298,0.5333333333333333,4
1,1752840382947,0.9104477611940298,0.4666666666666667,4
1,1752840383048,0.9253731343283582,0.4,4
1,1752840383149,0.8955223880597015,0.3333333333333333,4
1,1752840383249,0.8955223880597015,0.3333333333333333,4
1,1752840383350,0.8805970149253731,0.3333333333333333,4
1,1752840383451,0.8805970149253731,0.4666666666666667,4
1,1752840383552,0.8656716417910447,0.5333333333333333,4
1,1752840383653,0.8507462686567164,0.26666666666666666,4
1,1752840383754,0.835820895522388,0.3333333333333333,4
1,1752840383855,0.8507462686567164,0.3333333333333333,4
1,1752840383956,0.8507462686567164,0.2,4
1,1752840384056,0.8507462686567164,0.3333333333333333,4
1,1752840384158,0.8507462686567164,0.6,4
1,1752840384258,0.8507462686567164,0.4,4
1,1752840384359,0.8656716417910447,0.3333333333333333,4
1,1752840384460,0.8656716417910447,0.3333333333333333,4
1,1752840384561,0.8805970149253731,0.3333333333333333,4
1,1752840384662,0.8805970149253731,0.26666666666666666,4
1,1752840384763,0.8955223880597015,0.26666666666666666,4
1,1752840384863,0.8955223880597015,0.6,4
1,1752840384964,0.8955223880597015,0.4,4
1,1752840385065,0.8955223880597015,0.3333333333333333,4
1,1752840385166,0.8955223880597015,0.3333333333333333,4
1,1752840385267,0.8955223880597015,0.26666666666666666,4
1,1752840385368,0.9253731343283582,0.3333333333333333,4
1,1752840385469,0.8955223880597015,0.4666666666666667,4
1,1752840385570,0.9104477611940298,0.4,4
1,1752840385671,0.8805970149253731,0.4,4
1,1752840385771,0.8208955223880597,0.3333333333333333,4
1,1752840385872,0.835820895522388,0.2,4
1,1752840385973,0.8507462686567164,0.4,4
1,1752840386074,0.8507462686567164,0.5333333333333333,4
1,1752840386176,0.8507462686567164,0.2,4
1,1752840386276,0.8507462686567164,0.3333333333333333,4
1,1752840386377,0.8805970149253731,0.2,4
1,1752840386478,0.835820895522388,0.06666666666666667,4
1,1752840386578,0.8507462686567164,0.4666666666666667,4
1,1752840386680,0.8656716417910447,0.4,4
1,1752840386780,0.8805970149253731,0.26666666666666666,4
1,1752840386881,0.8805970149253731,0.4666666666666667,4
1,1752840386982,0.8805970149253731,0.3333333333333333,4
1,1752840387083,0.8955223880597015,0.13333333333333333,4
1,1752840387184,0.9104477611940298,0.5333333333333333,4
1,1752840387285,0.9402985074626866,0.4,4
1,1752840387386,0.9104477611940298,0.3333333333333333,4
1,1752840387486,0.9253731343283582,0.3333333333333333,4
1,1752840387587,0.8955223880597015,0.3333333333333333,4
1,1752840387688,0.8955223880597015,0.3333333333333333,4
1,1752840387789,0.8805970149253731,0.5333333333333333,4
1,1752840387890,0.8805970149253731,0.4,4
1,1752840387991,0.8805970149253731,0.3333333333333333,4
1,1752840388092,0.8805970149253731,0.4,4
1,1752840388192,0.8805970149253731,0.26666666666666666,4
2,1752840508443,0.8507462686567164,0.26666666666666666,4
2,1752840508544,0.835820895522388,0.26666666666666666,4
2,1752840508645,0.8507462686567164,0.13333333333333333,4
2,1752840508746,0.8507462686567164,0.4666666666666667,4
2,1752840508846,0.8507462686567164,0.3333333333333333,4
2,1752840508947,0.8656716417910447,0.26666666666666666,4
2,1752840509048,0.8656716417910447,0.3333333333333333,4
2,1752840509149,0.8805970149253731,0.3333333333333333,4
2,1752840509250,0.9253731343283582,0.3333333333333333,4
2,1752840509351,0.8955223880597015,0.4,4
2,1752840509452,0.8955223880597015,0.4,4
2,1752840509552,0.8955223880597015,0.4,4
2,1752840509653,0.9253731343283582,0.3333333333333333,4
2,1752840509754,0.8955223880597015,0.3333333333333333,4
2,1752840509855,0.8955223880597015,0.3333333333333333,4
2,1752840509956,0.8805970149253731,0.2,4
2,1752840510057,0.8507462686567164,0.3333333333333333,4
2,1752840510158,0.835820895522388,0.26666666666666666,4
2,1752840510259,0.8507462686567164,0.4,4
2,1752840510360,0.8507462686567164,0.4666666666666667,4
2,1752840510461,0.8507462686567164,0.3333333333333333,4
2,1752840510562,0.835820895522388,0.3333333333333333,4
2,1752840510663,0.835820895522388,0.3333333333333333,4
2,1752840510763,0.8507462686567164,0.26666666666666666,4
2,1752840510864,0.835820895522388,0.3333333333333333,4
2,1752840510965,0.8507462686567164,0.26666666666666666,4
2,1752840511066,0.8507462686567164,0.26666666666666666,4
2,1752840511167,0.8656716417910447,0.4666666666666667,4
2,1752840511268,0.8507462686567164,0.3333333333333333,4
2,1752840511369,0.8955223880597015,0.26666666666666666,4
2,1752840511469,0.8805970149253731,0.3333333333333333,4
2,1752840511570,0.8805970149253731,0.26666666666666666,4
2,1752840511671,0.9104477611940298,0.3333333333333333,4
2,1752840511772,0.9253731343283582,0.3333333333333333,4
2,1752840511873,0.8955223880597015,0.26666666666666666,4
2,1752840511974,0.8955223880597015,0.4,4
2,1752840512075,0.8805970149253731,0.4666666666666667,4
2,1752840512175,0.8805970149253731,0.4,4
2,1752840512276,0.8656716417910447,0.3333333333333333,4
2,1752840512377,0.8656716417910447,0.3333333333333333,4
2,1752840512478,0.8656716417910447,0.3333333333333333,4
2,1752840512579,0.8507462686567164,0.3333333333333333,4
2,1752840512680,0.835820895522388,0.4,4
2,1752840512781,0.8507462686567164,0.4,4
2,1752840512882,0.835820895522388,0.4,4
2,1752840512982,0.835820895522388,0.26666666666666666,4
2,1752840513083,0.8656716417910447,0.4,4
2,1752840513184,0.835820895522388,0.26666666666666666,4
2,1752840513285,0.835820895522388,0.3333333333333333,4
2,1752840513386,0.8656716417910447,0.3333333333333333,4
2,1752840513487,0.8656716417910447,0.4666666666666667,4
2,1752840513588,0.8656716417910447,0.4,4
2,1752840513689,0.9253731343283582,0.2,4
2,1752840513789,0.8805970149253731,0.3333333333333333,4
2,1752840513890,0.8955223880597015,0.3333333333333333,4
2,1752840513991,0.8805970149253731,0.26666666666666666,4
2,1752840514092,0.8656716417910447,0.26666666666666666,4
2,1752840514193,0.8656716417910447,0.4,4
2,1752840514294,0.8805970149253731,0.5333333333333333,4
2,1752840514395,0.8955223880597015,0.4,4
2,1752840514496,0.8955223880597015,0.3333333333333333,4
2,1752840514596,0.8805970149253731,0.4,4
2,1752840514697,0.8507462686567164,0.26666666666666666,4
2,1752840514798,0.8507462686567164,0.3333333333333333,4
2,1752840514899,0.8507462686567164,0.4,4
2,1752840515000,0.835820895522388,0.4666666666666667,4
2,1752840515101,0.835820895522388,0.4,4
2,1752840515202,0.835820895522388,0.26666666666666666,4
2,1752840515303,0.835820895522388,0.3333333333333333,4
2,1752840515404,0.835820895522388,0.26666666666666666,4
2,1752840515504,0.8656716417910447,0.2,4
2,1752840515605,0.8656716417910447,0.13333333333333333,4
2,1752840515706,0.8208955223880597,0.4666666666666667,4
2,1752840515807,0.8656716417910447,0.4666666666666667,4
2,1752840515908,0.8955223880597015,0.3333333333333333,4
2,1752840516009,0.8507462686567164,0.3333333333333333,4
2,1752840516110,0.8805970149253731,0.3333333333333333,4
2,1752840516211,0.8955223880597015,0.3333333333333333,4
2,1752840516311,0.8955223880597015,0.3333333333333333,4
2,1752840516412,0.8955223880597015,0.4666666666666667,4
2,1752840516513,0.8955223880597015,0.4,4
2,1752840516614,0.8805970149253731,0.3333333333333333,4
2,1752840516715,0.8955223880597015,0.4,4
2,1752840516816,0.8656716417910447,0.4,4
2,1752840516917,0.8656716417910447,0.26666666666666666,4
2,1752840517017,0.8656716417910447,0.26666666666666666,4
2,1752840517118,0.8507462686567164,0.4666666666666667,4
2,1752840517219,0.835820895522388,0.5333333333333333,4
2,1752840517320,0.835820895522388,0.3333333333333333,4
2,1752840517421,0.8507462686567164,0.3333333333333333,4
2,1752840517522,0.835820895522388,0.4,4
2,1752840517623,0.8507462686567164,0.3333333333333333,4
2,1752840517724,0.8507462686567164,0.2,4
2,1752840517825,0.8507462686567164,0.4,4
2,1752840517926,0.8656716417910447,0.4666666666666667,4
2,1752840518026,0.8656716417910447,0.3333333333333333,4
2,1752840518127,0.9104477611940298,0.3333333333333333,4
2,1752840518228,0.8955223880597015,0.26666666666666666,4
2,1752840518329,0.8805970149253731,0.26666666666666666,4
2,1752840518430,0.8955223880597015,0.3333333333333333,4
2,1752840518531,0.8955223880597015,0.26666666666666666,4
2,1752840518632,0.8955223880597015,0.5333333333333333,4
2,1752840518732,0.8805970149253731,0.4,4
2,1752840518833,0.8805970149253731,0.3333333333333333,4
2,1752840518934,0.8805970149253731,0.4,4
2,1752840519035,0.8656716417910447,0.3333333333333333,4
2,1752840519136,0.8656716417910447,0.3333333333333333,4
2,1752840519237,0.8507462686567164,0.26666666666666666,4
2,1752840519338,0.8656716417910447,0.4666666666666667,4
2,1752840519439,0.8507462686567164,0.4,4
2,1752840519540,0.8507462686567164,0.26666666666666666,4
2,1752840519640,0.835820895522388,0.3333333333333333,4
2,1752840519742,0.8208955223880597,0.26666666666666666,4
2,1752840519842,0.835820895522388,0.26666666666666666,4
2,1752840519943,0.8507462686567164,0.3333333333333333,4
2,1752840520044,0.8656716417910447,0.3333333333333333,4
2,1752840520145,0.8507462686567164,0.5333333333333333,4
2,1752840520246,0.8656716417910447,0.3333333333333333,4
2,1752840520347,0.8656716417910447,0.3333333333333333,4
2,1752840520448,0.8955223880597015,0.2,4
2,1752840520548,0.8805970149253731,0.3333333333333333,4
2,1752840520649,0.8805970149253731,0.26666666666666666,4
2,1752840520750,0.8955223880597015,0.26666666666666666,4
2,1752840520851,0.8955223880597015,0.4,4
2,1752840520952,0.8805970149253731,0.3333333333333333,4
2,1752840521053,0.8805970149253731,0.26666666666666666,4
2,1752840521154,0.8805970149253731,0.3333333333333333,4
2,1752840521255,0.8805970149253731,0.26666666666666666,4
2,1752840521356,0.8656716417910447,0.2,4
2,1752840521457,0.8656716417910447,0.3333333333333333,4
2,1752840521557,0.8507462686567164,0.4,4
2,1752840521658,0.8656716417910447,0.26666666666666666,4
2,1752840521760,0.835820895522388,0.3333333333333333,4
2,1752840521860,0.835820895522388,0.4,4
2,1752840521961,0.835820895522388,0.3333333333333333,4
2,1752840522062,0.8507462686567164,0.3333333333333333,4
2,1752840522163,0.8507462686567164,0.4666666666666667,4
2,1752840522263,0.8507462686567164,0.26666666666666666,4
2,1752840522364,0.8507462686567164,0.26666666666666666,4
2,1752840522465,0.8805970149253731,0.3333333333333333,4
2,1752840522566,0.8805970149253731,0.3333333333333333,4
2,1752840522667,0.8805970149253731,0.3333333333333333,4
2,1752840522768,0.8805970149253731,0.4666666666666667,4
2,1752840522869,0.8805970149253731,0.3333333333333333,4
2,1752840522970,0.8955223880597015,0.4,4
2,1752840523071,0.8955223880597015,0.3333333333333333,4
2,1752840523171,0.8805970149253731,0.26666666666666666,4
2,1752840523272,0.8955223880597015,0.4,4
2,1752840523373,0.8955223880597015,0.4666666666666667,4
2,1752840523474,0.835820895522388,0.5333333333333333,4
2,1752840523575,0.8656716417910447,0.3333333333333333,4
2,1752840523676,0.8507462686567164,0.3333333333333333,4
2,1752840523777,0.8507462686567164,0.3333333333333333,4
2,1752840523877,0.8208955223880597,0.4,4
2,1752840523978,0.835820895522388,0.26666666666666666,4
2,1752840524079,0.8656716417910447,0.3333333333333333,4
2,1752840524180,0.835820895522388,0.5333333333333333,4
2,1752840524281,0.835820895522388,0.3333333333333333,4
2,1752840524382,0.8507462686567164,0.3333333333333333,4
2,1752840524483,0.8507462686567164,0.3333333333333333,4
2,1752840524584,0.8507462686567164,0.26666666666666666,4
2,1752840524684,0.8507462686567164,0.26666666666666666,4
2,1752840524786,0.8805970149253731,0.26666666666666666,4
2,1752840524886,0.8805970149253731,0.4666666666666667,4
2,1752840524987,0.8955223880597015,0.3333333333333333,4
2,1752840525088,0.9253731343283582,0.26666666666666666,4
2,1752840525189,0.8955223880597015,0.2,4
2,1752840525290,0.8805970149253731,0.26666666666666666,4
2,1752840525391,0.8805970149253731,0.3333333333333333,4
2,1752840525492,0.8955223880597015,0.4,4
2,1752840525592,0.8805970149253731,0.5333333333333333,4
2,1752840525693,0.8805970149253731,0.3333333333333333,4
2,1752840525794,0.8656716417910447,0.3333333333333333,4
2,1752840525895,0.8656716417910447,0.3333333333333333,4
2,1752840525996,0.8507462686567164,0.3333333333333333,4
2,1752840526097,0.8507462686567164,0.3333333333333333,4
2,1752840526198,0.835820895522388,0.3333333333333333,4
2,1752840526299,0.835820895522388,0.4,4
2,1752840526399,0.835820895522388,0.3333333333333333,4
2,1752840526500,0.835820895522388,0.3333333333333333,4
2,1752840526601,0.835820895522388,0.3333333333333333,4
2,1752840526702,0.8507462686567164,0.2,4
2,1752840526803,0.8507462686567164,0.4,4
2,1752840526904,0.8507462686567164,0.4,4
2,1752840527005,0.8656716417910447,0.4,4
2,1752840527106,0.8805970149253731,0.26666666666666666,4
2,1752840527206,0.8955223880597015,0.4,4
2,1752840527307,0.9253731343283582,0.2,4
2,1752840527408,0.9253731343283582,0.3333333333333333,4
2,1752840527509,0.8805970149253731,0.4,4
2,1752840527610,0.9104477611940298,0.4,4
2,1752840527711,0.8955223880597015,0.26666666666666666,4
2,1752840527812,0.835820895522388,0.26666666666666666,4
2,1752840527913,0.8805970149253731,0.3333333333333333,4
2,1752840528014,0.8656716417910447,0.3333333333333333,4
2,1752840528114,0.8507462686567164,0.3333333333333333,4
2,1752840528215,0.8507462686567164,0.4666666666666667,4
2,1752840528316,0.8507462686567164,0.4,4
2,1752840528417,0.835820895522388,0.3333333333333333,4
2,1752840528518,0.835820895522388,0.4,4
2,1752840528619,0.835820895522388,0.26666666666666666,4
2,1752840528720,0.835820895522388,0.26666666666666666,4
2,1752840528821,0.8507462686567164,0.4666666666666667,4
2,1752840528922,0.8507462686567164,0.4,4
2,1752840529022,0.8507462686567164,0.2,4
2,1752840529123,0.8656716417910447,0.26666666666666666,4
2,1752840529224,0.8507462686567164,0.4,4
2,1752840529325,0.8656716417910447,0.3333333333333333,4
2,1752840529426,0.8805970149253731,0.26666666666666666,4
2,1752840529527,0.8805970149253731,0.4,4
2,1752840529628,0.8805970149253731,0.4,4
2,1752840529729,0.8955223880597015,0.3333333333333333,4
2,1752840529829,0.8955223880597015,0.4,4
2,1752840529930,0.8805970149253731,0.26666666666666666,4
2,1752840530031,0.8805970149253731,0.3333333333333333,4
2,1752840530133,0.8805970149253731,0.3333333333333333,4
2,1752840530233,0.8656716417910447,0.5333333333333333,4
2,1752840530334,0.8656716417910447,0.3333333333333333,4
2,1752840530435,0.8805970149253731,0.3333333333333333,4
2,1752840530536,0.8208955223880597,0.26666666666666666,4
2,1752840530637,0.8507462686567164,0.3333333333333333,4
2,1752840530737,0.8656716417910447,0.3333333333333333,4
2,1752840530839,0.8656716417910447,0.4,4
2,1752840530939,0.835820895522388,0.26666666666666666,4
2,1752840531040,0.8507462686567164,0.26666666666666666,4
2,1752840531141,0.835820895522388,0.3333333333333333,4
2,1752840531242,0.835820895522388,0.3333333333333333,4
2,1752840531343,0.8507462686567164,0.3333333333333333,4
2,1752840531444,0.8656716417910447,0.3333333333333333,4
2,1752840531545,0.8656716417910447,0.5333333333333333,4
2,1752840531646,0.8805970149253731,0.26666666666666666,4
2,1752840531746,0.8805970149253731,0.4,4
2,1752840531847,0.8805970149253731,0.4,4
2,1752840531948,0.8955223880597015,0.4,4
2,1752840532049,0.8955223880597015,0.4666666666666667,4
2,1752840532150,0.8805970149253731,0.4666666666666667,4
2,1752840532251,0.8805970149253731,0.4,4
2,1752840532351,0.8955223880597015,0.4,4
2,1752840532453,0.8656716417910447,0.3333333333333333,4
2,1752840532553,0.8656716417910447,0.3333333333333333,4
2,1752840532654,0.8656716417910447,0.4666666666666667,4
2,1752840532755,0.8507462686567164,0.4666666666666667,4
2,1752840532856,0.835820895522388,0.4,4
2,1752840532957,0.835820895522388,0.2,4
2,1752840533058,0.835820895522388,0.3333333333333333,4
2,1752840533159,0.835820895522388,0.26666666666666666,4
2,1752840533260,0.835820895522388,0.4666666666666667,4
2,1752840533360,0.8208955223880597,0.4666666666666667,4
2,1752840533462,0.835820895522388,0.3333333333333333,4
2,1752840533562,0.8507462686567164,0.4,4
2,1752840533663,0.8507462686567164,0.4,4
2,1752840533764,0.8656716417910447,0.3333333333333333,4
2,1752840533865,0.8805970149253731,0.3333333333333333,4
2,1752840533966,0.8656716417910447,0.4,4
2,1752840534067,0.8656716417910447,0.5333333333333333,4
2,1752840534167,0.8805970149253731,0.4,4
2,1752840534268,0.8805970149253731,0.4,4
2,1752840534369,0.8805970149253731,0.4,4
2,1752840534470,0.8656716417910447,0.26666666666666666,4
2,1752840534571,0.8805970149253731,0.3333333333333333,4
2,1752840534672,0.8955223880597015,0.4666666666666667,4
2,1752840534773,0.8656716417910447,0.3333333333333333,4
2,1752840534874,0.8656716417910447,0.4,4
2,1752840534974,0.8507462686567164,0.3333333333333333,4
2,1752840535075,0.835820895522388,0.3333333333333333,4
2,1752840535176,0.835820895522388,0.4,4
2,1752840535277,0.835820895522388,0.26666666666666666,4
2,1752840535378,0.835820895522388,0.4666666666666667,4
2,1752840535479,0.8208955223880597,0.4666666666666667,4
2,1752840535580,0.8208955223880597,0.4,4
2,1752840535680,0.835820895522388,0.26666666666666666,4
2,1752840535781,0.835820895522388,0.3333333333333333,4
2,1752840535882,0.8507462686567164,0.3333333333333333,4
2,1752840535983,0.8507462686567164,0.26666666666666666,4
2,1752840536084,0.8507462686567164,0.3333333333333333,4
2,1752840536185,0.8656716417910447,0.4666666666666667,4
2,1752840536286,0.8805970149253731,0.3333333333333333,4
2,1752840536387,0.8805970149253731,0.3333333333333333,4
2,1752840536488,0.8656716417910447,0.3333333333333333,4
2,1752840536589,0.8805970149253731,0.3333333333333333,4
2,1752840536689,0.8955223880597015,0.3333333333333333,4
2,1752840536790,0.8955223880597015,0.3333333333333333,4
2,1752840536891,0.8805970149253731,0.4666666666666667,4
2,1752840536992,0.8805970149253731,0.4666666666666667,4
2,1752840537093,0.8805970149253731,0.3333333333333333,4
2,1752840537194,0.8507462686567164,0.3333333333333333,4
2,1752840537295,0.8507462686567164,0.2,4
2,1752840537396,0.835820895522388,0.3333333333333333,4
2,1752840537496,0.8208955223880597,0.4,4
2,1752840537597,0.8208955223880597,0.5333333333333333,4
2,1752840537698,0.8208955223880597,0.3333333333333333,4
2,1752840537799,0.8208955223880597,0.3333333333333333,4
2,1752840537900,0.835820895522388,0.3333333333333333,4
2,1752840538001,0.8208955223880597,0.3333333333333333,4
2,1752840538102,0.835820895522388,0.3333333333333333,4
2,1752840538203,0.8507462686567164,0.26666666666666666,4
2,1752840538303,0.8507462686567164,0.4666666666666667,4
2,1752840538404,0.8805970149253731,0.3333333333333333,4
2,1752840538505,0.8955223880597015,0.13333333333333333,4
2,1752840538606,0.8507462686567164,0.3333333333333333,4
2,1752840538707,0.8805970149253731,0.4666666666666667,4
2,1752840538808,0.8805970149253731,0.3333333333333333,4
2,1752840538909,0.8805970149253731,0.3333333333333333,4
2,1752840539010,0.8805970149253731,0.3333333333333333,4
2,1752840539110,0.8656716417910447,0.5333333333333333,4
2,1752840539211,0.8656716417910447,0.4,4
2,1752840539312,0.8507462686567164,0.4,4
2,1752840539413,0.8507462686567164,0.4,4
2,1752840539514,0.8507462686567164,0.26666666666666666,4
2,1752840539615,0.835820895522388,0.3333333333333333,4
2,1752840539716,0.835820895522388,0.4,4
2,1752840539817,0.8208955223880597,0.4666666666666667,4
2,1752840539918,0.8208955223880597,0.4,4
2,1752840540019,0.835820895522388,0.3333333333333333,4
2,1752840540119,0.8059701492537313,0.4,4
2,1752840540220,0.835820895522388,0.3333333333333333,4
2,1752840540321,0.8507462686567164,0.3333333333333333,4
2,1752840540422,0.8507462686567164,0.4,4
2,1752840540523,0.8805970149253731,0.4666666666666667,4
2,1752840540624,0.8507462686567164,0.4666666666666667,4
2,1752840540725,0.8656716417910447,0.4,4
2,1752840540826,0.8656716417910447,0.3333333333333333,4
2,1752840540926,0.8656716417910447,0.2,4
2,1752840541027,0.8656716417910447,0.26666666666666666,4
2,1752840541128,0.8805970149253731,0.26666666666666666,4
2,1752840541229,0.8656716417910447,0.6,4
2,1752840541330,0.8656716417910447,0.4666666666666667,4
2,1752840541431,0.8805970149253731,0.26666666666666666,4
2,1752840541532,0.8507462686567164,0.3333333333333333,4
2,1752840541633,0.8507462686567164,0.4,4
2,1752840541733,0.835820895522388,0.3333333333333333,4
2,1752840541834,0.8208955223880597,0.26666666666666666,4
2,1752840541935,0.835820895522388,0.5333333333333333,4
2,1752840542036,0.8059701492537313,0.4666666666666667,4
2,1752840542137,0.8507462686567164,0.26666666666666666,4
2,1752840542238,0.8208955223880597,0.4,4
2,1752840542339,0.835820895522388,0.26666666666666666,4
2,1752840542440,0.8059701492537313,0.2,4
2,1752840542541,0.8059701492537313,0.4,4
2,1752840542641,0.8507462686567164,0.4,4
2,1752840542742,0.8507462686567164,0.4666666666666667,4
2,1752840542843,0.8507462686567164,0.3333333333333333,4
2,1752840542944,0.8656716417910447,0.3333333333333333,4
2,1752840543045,0.8507462686567164,0.3333333333333333,4
2,1752840543146,0.8656716417910447,0.3333333333333333,4
2,1752840543247,0.8805970149253731,0.26666666666666666,4
2,1752840543348,0.8805970149253731,0.3333333333333333,4
2,1752840543448,0.8805970149253731,0.26666666666666666,4
2,1752840543549,0.8656716417910447,0.6,4
2,1752840543650,0.8656716417910447,0.3333333333333333,4
2,1752840543751,0.8507462686567164,0.26666666666666666,4
2,1752840543852,0.8507462686567164,0.3333333333333333,4
2,1752840543953,0.8656716417910447,0.26666666666666666,4
2,1752840544054,0.8507462686567164,0.2,4
2,1752840544155,0.835820895522388,0.26666666666666666,4
2,1752840544256,0.835820895522388,0.5333333333333333,4
2,1752840544356,0.8507462686567164,0.26666666666666666,4
2,1752840544458,0.8208955223880597,0.3333333333333333,4
2,1752840544558,0.835820895522388,0.26666666666666666,4
2,1752840544659,0.8208955223880597,0.26666666666666666,4
2,1752840544760,0.835820895522388,0.26666666666666666,4
2,1752840544861,0.835820895522388,0.2,4
2,1752840544962,0.835820895522388,0.5333333333333333,4
2,1752840545063,0.835820895522388,0.4,4
2,1752840545164,0.8507462686567164,0.3333333333333333,4
2,1752840545264,0.8656716417910447,0.3333333333333333,4
2,1752840545365,0.8656716417910447,0.3333333333333333,4
2,1752840545466,0.8656716417910447,0.26666666666666666,4
2,1752840545567,0.8656716417910447,0.4,4
2,1752840545668,0.8656716417910447,0.3333333333333333,4
2,1752840545769,0.8805970149253731,0.4666666666666667,4
2,1752840545870,0.8656716417910447,0.4,4
2,1752840545970,0.8656716417910447,0.3333333333333333,4
2,1752840546071,0.8507462686567164,0.3333333333333333,4
2,1752840546172,0.8507462686567164,0.26666666666666666,4
2,1752840546273,0.835820895522388,0.3333333333333333,4
2,1752840546374,0.835820895522388,0.3333333333333333,4
2,1752840546475,0.8507462686567164,0.4666666666666667,4
2,1752840546576,0.8059701492537313,0.4666666666666667,4
2,1752840546677,0.8208955223880597,0.26666666666666666,4
2,1752840546777,0.8507462686567164,0.26666666666666666,4
2,1752840546878,0.8208955223880597,0.26666666666666666,4
2,1752840546979,0.8208955223880597,0.26666666666666666,4
2,1752840547080,0.8208955223880597,0.26666666666666666,4
2,1752840547181,0.835820895522388,0.4,4
2,1752840547282,0.8507462686567164,0.4666666666666667,4
2,1752840547383,0.8507462686567164,0.3333333333333333,4
2,1752840547484,0.8507462686567164,0.3333333333333333,4
2,1752840547585,0.8656716417910447,0.3333333333333333,4
2,1752840547685,0.8656716417910447,0.3333333333333333,4
2,1752840547786,0.8656716417910447,0.3333333333333333,4
2,1752840547887,0.8805970149253731,0.3333333333333333,4
2,1752840547988,0.8805970149253731,0.6,4
2,1752840548089,0.8955223880597015,0.4,4
2,1752840548190,0.8507462686567164,0.2,4
2,1752840548291,0.8656716417910447,0.4,4
2,1752840548392,0.8507462686567164,0.3333333333333333,4
2,1752840548493,0.8507462686567164,0.26666666666666666,4
2,1752840548593,0.8507462686567164,0.3333333333333333,4
2,1752840548694,0.835820895522388,0.26666666666666666,4
2,1752840548795,0.835820895522388,0.5333333333333333,4
2,1752840548896,0.8208955223880597,0.4,4
2,1752840548997,0.8208955223880597,0.3333333333333333,4
2,1752840549098,0.8208955223880597,0.3333333333333333,4
2,1752840549199,0.8208955223880597,0.3333333333333333,4
2,1752840549299,0.8208955223880597,0.3333333333333333,4
2,1752840549400,0.835820895522388,0.26666666666666666,4
2,1752840549502,0.835820895522388,0.5333333333333333,4
2,1752840549603,0.8507462686567164,0.4,4
2,1752840549703,0.8656716417910447,0.4,4
2,1752840549804,0.8656716417910447,0.4,4
2,1752840549905,0.8805970149253731,0.2,4
2,1752840550006,0.8805970149253731,0.26666666666666666,4
2,1752840550107,0.8656716417910447,0.3333333333333333,4
2,1752840550208,0.8656716417910447,0.4,4
2,1752840550309,0.8805970149253731,0.5333333333333333,4
2,1752840550409,0.8507462686567164,0.4,4
2,1752840550510,0.8656716417910447,0.3333333333333333,4
2,1752840550611,0.8656716417910447,0.4,4
2,1752840550712,0.8507462686567164,0.3333333333333333,4
2,1752840550813,0.835820895522388,0.3333333333333333,4
2,1752840550914,0.835820895522388,0.26666666666666666,4
2,1752840551015,0.835820895522388,0.26666666666666666,4
2,1752840551115,0.835820895522388,0.6,4
2,1752840551216,0.8208955223880597,0.4,4
2,1752840551317,0.8208955223880597,0.3333333333333333,4
2,1752840551418,0.7910447761194029,0.26666666666666666,4
2,1752840551519,0.8208955223880597,0.3333333333333333,4
2,1752840551620,0.8208955223880597,0.4,4
2,1752840551721,0.8208955223880597,0.26666666666666666,4
2,1752840551821,0.8059701492537313,0.4666666666666667,4
2,1752840551923,0.8507462686567164,0.4,4
2,1752840552023,0.8507462686567164,0.3333333333333333,4
2,1752840552124,0.8507462686567164,0.4,4
2,1752840552225,0.8507462686567164,0.3333333333333333,4
2,1752840552326,0.8656716417910447,0.3333333333333333,4
2,1752840552427,0.8805970149253731,0.26666666666666666,4
2,1752840552528,0.8805970149253731,0.4,4
2,1752840552629,0.8805970149253731,0.4666666666666667,4
2,1752840552729,0.8805970149253731,0.4,4
2,1752840552830,0.8805970149253731,0.3333333333333333,4
2,1752840552931,0.8507462686567164,0.3333333333333333,4
2,1752840553032,0.8507462686567164,0.4,4
2,1752840553133,0.8507462686567164,0.3333333333333333,4
2,1752840553234,0.8507462686567164,0.26666666666666666,4
2,1752840553335,0.835820895522388,0.4,4
2,1752840553436,0.835820895522388,0.5333333333333333,4
2,1752840553537,0.835820895522388,0.4,4
2,1752840553637,0.8208955223880597,0.3333333333333333,4
2,1752840553738,0.835820895522388,0.3333333333333333,4
2,1752840553839,0.8208955223880597,0.2,4
2,1752840553940,0.8507462686567164,0.3333333333333333,4
2,1752840554041,0.7910447761194029,0.2,4
2,1752840554142,0.835820895522388,0.4666666666666667,4
2,1752840554243,0.835820895522388,0.4,4
2,1752840554344,0.835820895522388,0.3333333333333333,4
2,1752840554445,0.8507462686567164,0.3333333333333333,4
2,1752840554545,0.8507462686567164,0.26666666666666666,4
2,1752840554646,0.8507462686567164,0.4,4
2,1752840554747,0.8656716417910447,0.26666666666666666,4
2,1752840554848,0.8656716417910447,0.4,4
2,1752840554949,0.8805970149253731,0.5333333333333333,4
2,1752840555050,0.8656716417910447,0.3333333333333333,4
2,1752840555151,0.8656716417910447,0.4,4
2,1752840555252,0.8656716417910447,0.3333333333333333,4
2,1752840555353,0.8507462686567164,0.3333333333333333,4
2,1752840555453,0.8507462686567164,0.3333333333333333,4
2,1752840555554,0.8507462686567164,0.26666666666666666,4
2,1752840555655,0.835820895522388,0.5333333333333333,4
2,1752840555756,0.835820895522388,0.4666666666666667,4
2,1752840555857,0.8208955223880597,0.4,4
2,1752840555958,0.7611940298507462,0.3333333333333333,4
2,1752840556059,0.835820895522388,0.3333333333333333,4
2,1752840556159,0.7910447761194029,0.3333333333333333,4
2,1752840556260,0.8656716417910447,0.2,4
2,1752840556361,0.835820895522388,0.3333333333333333,4
2,1752840556462,0.8208955223880597,0.4666666666666667,4
2,1752840556563,0.8507462686567164,0.3333333333333333,4
2,1752840556664,0.8507462686567164,0.4,4
2,1752840556765,0.8507462686567164,0.26666666666666666,4
2,1752840556866,0.8656716417910447,0.3333333333333333,4
2,1752840556967,0.8805970149253731,0.26666666666666666,4
2,1752840557067,0.8656716417910447,0.3333333333333333,4
2,1752840557168,0.8656716417910447,0.5333333333333333,4
2,1752840557269,0.8656716417910447,0.4666666666666667,4
2,1752840557370,0.8656716417910447,0.3333333333333333,4
2,1752840557471,0.8656716417910447,0.4,4
2,1752840557572,0.8656716417910447,0.3333333333333333,4
2,1752840557673,0.8656716417910447,0.4,4
2,1752840557774,0.8208955223880597,0.26666666666666666,4
2,1752840557875,0.8059701492537313,0.2,4
2,1752840557975,0.835820895522388,0.4,4
2,1752840558076,0.835820895522388,0.4666666666666667,4
2,1752840558177,0.8208955223880597,0.3333333333333333,4
2,1752840558278,0.8059701492537313,0.4,4
2,1752840558379,0.8208955223880597,0.3333333333333333,4
2,1752840558480,0.8208955223880597,0.3333333333333333,4
2,1752840558581,0.8208955223880597,0.26666666666666666,4
2,1752840558682,0.8208955223880597,0.3333333333333333,4
2,1752840558782,0.8208955223880597,0.5333333333333333,4
2,1752840558883,0.835820895522388,0.4,4
2,1752840558984,0.8507462686567164,0.26666666666666666,4
2,1752840559085,0.8507462686567164,0.4,4
2,1752840559186,0.8507462686567164,0.26666666666666666,4
2,1752840559287,0.8656716417910447,0.3333333333333333,4
2,1752840559388,0.8805970149253731,0.3333333333333333,4
2,1752840559489,0.8656716417910447,0.4,4
2,1752840559590,0.8805970149253731,0.5333333333333333,4
2,1752840559690,0.8805970149253731,0.3333333333333333,4
2,1752840559791,0.8955223880597015,0.2,4
2,1752840559892,0.8656716417910447,0.3333333333333333,4
2,1752840559993,0.8656716417910447,0.3333333333333333,4
2,1752840560094,0.8208955223880597,0.2,4
2,1752840560195,0.8507462686567164,0.3333333333333333,4
2,1752840560296,0.835820895522388,0.4666666666666667,4
2,1752840560397,0.835820895522388,0.4666666666666667,4
2,1752840560497,0.835820895522388,0.2,4
2,1752840560598,0.8208955223880597,0.26666666666666666,4
2,1752840560699,0.8208955223880597,0.3333333333333333,4
2,1752840560800,0.8208955223880597,0.26666666666666666,4
2,1752840560901,0.8208955223880597,0.26666666666666666,4
2,1752840561002,0.835820895522388,0.4,4
2,1752840561103,0.835820895522388,0.4666666666666667,4
2,1752840561204,0.835820895522388,0.3333333333333333,4
2,1752840561305,0.835820895522388,0.3333333333333333,4
2,1752840561406,0.8507462686567164,0.26666666666666666,4
2,1752840561507,0.8656716417910447,0.26666666666666666,4
2,1752840561607,0.8805970149253731,0.3333333333333333,4
2,1752840561708,0.8656716417910447,0.4,4
2,1752840561809,0.8507462686567164,0.5333333333333333,4
2,1752840561910,0.8805970149253731,0.4,4
2,1752840562011,0.8656716417910447,0.4,4
2,1752840562112,0.8805970149253731,0.4,4
2,1752840562213,0.8656716417910447,0.26666666666666666,4
2,1752840562313,0.8656716417910447,0.3333333333333333,4
2,1752840562415,0.8805970149253731,0.26666666666666666,4
2,1752840562515,0.835820895522388,0.3333333333333333,4
2,1752840562616,0.8507462686567164,0.5333333333333333,4
2,1752840562717,0.835820895522388,0.26666666666666666,4
2,1752840562818,0.835820895522388,0.26666666666666666,4
2,1752840562919,0.8208955223880597,0.4,4
2,1752840563019,0.8208955223880597,0.2,4
2,1752840563120,0.8208955223880597,0.3333333333333333,4
2,1752840563221,0.8208955223880597,0.26666666666666666,4
2,1752840563322,0.8656716417910447,0.4,4
2,1752840563423,0.835820895522388,0.3333333333333333,4
2,1752840563524,0.8507462686567164,0.3333333333333333,4
2,1752840563625,0.835820895522388,0.4,4
2,1752840563726,0.8656716417910447,0.26666666666666666,4
2,1752840563827,0.8507462686567164,0.3333333333333333,4
2,1752840563927,0.8656716417910447,0.26666666666666666,4
2,1752840564028,0.8656716417910447,0.4666666666666667,4
2,1752840564129,0.8656716417910447,0.4,4
2,1752840564230,0.8656716417910447,0.3333333333333333,4
2,1752840564331,0.8656716417910447,0.4,4
2,1752840564432,0.8507462686567164,0.26666666666666666,4
2,1752840564533,0.8656716417910447,0.3333333333333333,4
2,1752840564634,0.8656716417910447,0.4,4
2,1752840564735,0.8656716417910447,0.3333333333333333,4
2,1752840564836,0.8656716417910447,0.5333333333333333,4
2,1752840564936,0.8507462686567164,0.4,4
2,1752840565037,0.835820895522388,0.3333333333333333,4
2,1752840565138,0.8208955223880597,0.4666666666666667,4
2,1752840565239,0.8208955223880597,0.3333333333333333,4
2,1752840565340,0.8208955223880597,0.26666666666666666,4
2,1752840565441,0.8208955223880597,0.3333333333333333,4
2,1752840565541,0.8208955223880597,0.5333333333333333,4
2,1752840565642,0.8208955223880597,0.3333333333333333,4
2,1752840565743,0.8059701492537313,0.26666666666666666,4
2,1752840565844,0.835820895522388,0.3333333333333333,4
2,1752840565945,0.8208955223880597,0.26666666666666666,4
2,1752840566046,0.8507462686567164,0.26666666666666666,4
2,1752840566147,0.8507462686567164,0.3333333333333333,4
2,1752840566248,0.8507462686567164,0.4666666666666667,4
2,1752840566349,0.8656716417910447,0.4,4
2,1752840566450,0.8656716417910447,0.3333333333333333,4
2,1752840566550,0.8805970149253731,0.3333333333333333,4
2,1752840566652,0.8656716417910447,0.3333333333333333,4
2,1752840566752,0.8656716417910447,0.3333333333333333,4
2,1752840566853,0.8805970149253731,0.3333333333333333,4
2,1752840566954,0.8656716417910447,0.5333333333333333,4
2,1752840567055,0.8656716417910447,0.4666666666666667,4
2,1752840567156,0.8656716417910447,0.26666666666666666,4
2,1752840567257,0.8507462686567164,0.4666666666666667,4
2,1752840567357,0.7910447761194029,0.26666666666666666,4
2,1752840567458,0.835820895522388,0.3333333333333333,4
2,1752840567559,0.835820895522388,0.4,4
2,1752840567660,0.8208955223880597,0.3333333333333333,4
2,1752840567761,0.8208955223880597,0.5333333333333333,4
2,1752840567862,0.8208955223880597,0.3333333333333333,4
2,1752840567963,0.8208955223880597,0.3333333333333333,4
2,1752840568064,0.835820895522388,0.4,4
2,1752840568164,0.8208955223880597,0.26666666666666666,4
2,1752840568265,0.835820895522388,0.26666666666666666,4
2,1752840568367,0.835820895522388,0.3333333333333333,4
2,1752840568467,0.8507462686567164,0.2,4
2,1752840568568,0.8507462686567164,0.6,4
2,1752840568669,0.8805970149253731,0.4,4
2,1752840568770,0.8656716417910447,0.3333333333333333,4
2,1752840568871,0.8805970149253731,0.4,4
2,1752840568972,0.8805970149253731,0.3333333333333333,4
2,1752840569072,0.8656716417910447,0.4,4
2,1752840569173,0.8805970149253731,0.3333333333333333,4
2,1752840569274,0.8656716417910447,0.4,4
2,1752840569375,0.8656716417910447,0.4666666666666667,4
2,1752840569476,0.8507462686567164,0.3333333333333333,4
2,1752840569577,0.8507462686567164,0.3333333333333333,4
2,1752840569678,0.8507462686567164,0.3333333333333333,4
2,1752840569779,0.8208955223880597,0.26666666666666666,4
2,1752840569879,0.835820895522388,0.26666666666666666,4
2,1752840569981,0.8208955223880597,0.26666666666666666,4
2,1752840570081,0.8208955223880597,0.4666666666666667,4
2,1752840570182,0.8208955223880597,0.4,4
2,1752840570283,0.8208955223880597,0.26666666666666666,4
2,1752840570384,0.8208955223880597,0.3333333333333333,4
2,1752840570485,0.8208955223880597,0.3333333333333333,4
2,1752840570586,0.835820895522388,0.26666666666666666,4
2,1752840570687,0.835820895522388,0.26666666666666666,4
2,1752840570788,0.8507462686567164,0.26666666666666666,4
2,1752840570889,0.8507462686567164,0.4666666666666667,4
2,1752840570989,0.835820895522388,0.26666666666666666,4
2,1752840571090,0.8656716417910447,0.2,4
2,1752840571191,0.8805970149253731,0.3333333333333333,4
2,1752840571292,0.8507462686567164,0.3333333333333333,4
2,1752840571393,0.8656716417910447,0.4,4
2,1752840571494,0.8955223880597015,0.3333333333333333,4
2,1752840571595,0.8656716417910447,0.4,4
2,1752840571695,0.8656716417910447,0.4666666666666667,4
2,1752840571796,0.8507462686567164,0.3333333333333333,4
2,1752840571897,0.835820895522388,0.4,4
2,1752840571998,0.8507462686567164,0.4,4
2,1752840572099,0.8507462686567164,0.13333333333333333,4
2,1752840572200,0.8208955223880597,0.26666666666666666,4
2,1752840572301,0.8507462686567164,0.4,4
2,1752840572402,0.8208955223880597,0.4666666666666667,4
2,1752840572502,0.8208955223880597,0.4666666666666667,4
2,1752840572604,0.8208955223880597,0.3333333333333333,4
2,1752840572704,0.8208955223880597,0.4,4
2,1752840572805,0.8208955223880597,0.3333333333333333,4
2,1752840572906,0.835820895522388,0.3333333333333333,4
2,1752840573007,0.835820895522388,0.2,4
2,1752840573108,0.8507462686567164,0.4,4
2,1752840573209,0.8507462686567164,0.4,4
2,1752840573310,0.8507462686567164,0.4666666666666667,4
2,1752840573410,0.8507462686567164,0.3333333333333333,4
2,1752840573511,0.8656716417910447,0.4,4
2,1752840573612,0.8656716417910447,0.3333333333333333,4
2,1752840573713,0.8805970149253731,0.26666666666666666,4
2,1752840573814,0.8656716417910447,0.4,4
2,1752840573915,0.8805970149253731,0.3333333333333333,4
2,1752840574016,0.8656716417910447,0.5333333333333333,4
2,1752840574117,0.8507462686567164,0.3333333333333333,4
2,1752840574218,0.8507462686567164,0.4,4
2,1752840574319,0.8656716417910447,0.4,4
2,1752840574420,0.8507462686567164,0.3333333333333333,4
2,1752840574520,0.835820895522388,0.3333333333333333,4
2,1752840574621,0.8208955223880597,0.3333333333333333,4
2,1752840574722,0.8208955223880597,0.4,4
2,1752840574823,0.8208955223880597,0.4666666666666667,4
2,1752840574924,0.8208955223880597,0.3333333333333333,4
2,1752840575025,0.835820895522388,0.3333333333333333,4
2,1752840575126,0.8208955223880597,0.26666666666666666,4
2,1752840575226,0.8507462686567164,0.26666666666666666,4
2,1752840575327,0.8208955223880597,0.3333333333333333,4
2,1752840575428,0.835820895522388,0.26666666666666666,4
2,1752840575529,0.8507462686567164,0.5333333333333333,4
2,1752840575630,0.8507462686567164,0.4,4
2,1752840575731,0.8656716417910447,0.3333333333333333,4
2,1752840575832,0.8656716417910447,0.3333333333333333,4
2,1752840575932,0.8656716417910447,0.4,4
2,1752840576033,0.8656716417910447,0.3333333333333333,4
2,1752840576134,0.8805970149253731,0.3333333333333333,4
2,1752840576235,0.8656716417910447,0.4666666666666667,4
2,1752840576336,0.8656716417910447,0.4666666666666667,4
2,1752840576437,0.8507462686567164,0.4,4
2,1752840576538,0.8507462686567164,0.3333333333333333,4
2,1752840576639,0.835820895522388,0.26666666666666666,4
2,1752840576739,0.835820895522388,0.26666666666666666,4
2,1752840576840,0.835820895522388,0.3333333333333333,4
2,1752840576942,0.8059701492537313,0.2,4
2,1752840577042,0.8208955223880597,0.6,4
2,1752840577143,0.8208955223880597,0.4666666666666667,4
2,1752840577244,0.8208955223880597,0.26666666666666666,4
2,1752840577345,0.8208955223880597,0.4,4
2,1752840577446,0.8208955223880597,0.26666666666666666,4
2,1752840577547,0.8208955223880597,0.26666666666666666,4
2,1752840577648,0.7910447761194029,0.4,4
2,1752840577748,0.8208955223880597,0.26666666666666666,4
2,1752840577849,0.835820895522388,0.5333333333333333,4
2,1752840577950,0.8507462686567164,0.4666666666666667,4
2,1752840578051,0.8507462686567164,0.3333333333333333,4
2,1752840578152,0.8656716417910447,0.4,4
2,1752840578253,0.8805970149253731,0.3333333333333333,4
2,1752840578354,0.8656716417910447,0.3333333333333333,4
2,1752840578455,0.8955223880597015,0.26666666666666666,4
2,1752840578555,0.8805970149253731,0.4,4
2,1752840578656,0.8656716417910447,0.5333333333333333,4
2,1752840578757,0.8805970149253731,0.26666666666666666,4
2,1752840578858,0.8656716417910447,0.4,4
2,1752840578959,0.835820895522388,0.4,4
2,1752840579060,0.8507462686567164,0.4,4
2,1752840579161,0.835820895522388,0.3333333333333333,4
2,1752840579262,0.8208955223880597,0.3333333333333333,4
2,1752840579362,0.8208955223880597,0.5333333333333333,4
2,1752840579463,0.8208955223880597,0.4,4
2,1752840579565,0.8208955223880597,0.3333333333333333,4
2,1752840579665,0.8059701492537313,0.26666666666666666,4
2,1752840579766,0.8208955223880597,0.3333333333333333,4
2,1752840579867,0.8208955223880597,0.26666666666666666,4
2,1752840579968,0.8208955223880597,0.3333333333333333,4
2,1752840580069,0.835820895522388,0.3333333333333333,4
2,1752840580169,0.835820895522388,0.5333333333333333,4
2,1752840580271,0.8507462686567164,0.4,4
2,1752840580371,0.8656716417910447,0.26666666666666666,4
2,1752840580472,0.8656716417910447,0.4,4
2,1752840580573,0.8805970149253731,0.26666666666666666,4
2,1752840580674,0.8507462686567164,0.26666666666666666,4
2,1752840580775,0.8805970149253731,0.3333333333333333,4
2,1752840580876,0.8805970149253731,0.5333333333333333,4
2,1752840580977,0.8805970149253731,0.4,4
2,1752840581078,0.8805970149253731,0.3333333333333333,4
2,1752840581178,0.8656716417910447,0.4,4
2,1752840581279,0.8507462686567164,0.26666666666666666,4
2,1752840581380,0.8507462686567164,0.3333333333333333,4
2,1752840581481,0.835820895522388,0.3333333333333333,4
2,1752840581582,0.8507462686567164,0.4,4
2,1752840581683,0.835820895522388,0.4666666666666667,4
2,1752840581783,0.7910447761194029,0.3333333333333333,4
2,1752840581884,0.8208955223880597,0.3333333333333333,4
2,1752840581985,0.8059701492537313,0.3333333333333333,4
2,1752840582086,0.8059701492537313,0.26666666666666666,4
2,1752840582187,0.8208955223880597,0.3333333333333333,4
2,1752840582288,0.8208955223880597,0.26666666666666666,4
2,1752840582389,0.8507462686567164,0.3333333333333333,4
2,1752840582490,0.835820895522388,0.5333333333333333,4
2,1752840582591,0.835820895522388,0.26666666666666666,4
2,1752840582692,0.8059701492537313,0.26666666666666666,4
2,1752840582792,0.8507462686567164,0.4,4
2,1752840582893,0.8656716417910447,0.26666666666666666,4
2,1752840582994,0.8656716417910447,0.3333333333333333,4
2,1752840583095,0.8656716417910447,0.26666666666666666,4
2,1752840583196,0.8656716417910447,0.5333333333333333,4
2,1752840583297,0.8656716417910447,0.4,4
2,1752840583398,0.8656716417910447,0.3333333333333333,4
2,1752840583498,0.8656716417910447,0.4666666666666667,4
2,1752840583600,0.8656716417910447,0.26666666666666666,4
2,1752840583700,0.8507462686567164,0.3333333333333333,4
2,1752840583801,0.8507462686567164,0.26666666666666666,4
2,1752840583902,0.835820895522388,0.4,4
2,1752840584003,0.8208955223880597,0.4666666666666667,4
2,1752840584104,0.8208955223880597,0.3333333333333333,4
2,1752840584205,0.8208955223880597,0.3333333333333333,4
2,1752840584306,0.8208955223880597,0.3333333333333333,4
2,1752840584406,0.8059701492537313,0.26666666666666666,4
2,1752840584507,0.835820895522388,0.4,4
2,1752840584608,0.8208955223880597,0.3333333333333333,4
2,1752840584709,0.8208955223880597,0.2,4
2,1752840584810,0.8208955223880597,0.5333333333333333,4
2,1752840584911,0.8507462686567164,0.3333333333333333,4
2,1752840585012,0.8507462686567164,0.4,4
2,1752840585113,0.8507462686567164,0.3333333333333333,4
2,1752840585214,0.8656716417910447,0.26666666666666666,4
2,1752840585315,0.8805970149253731,0.26666666666666666,4
2,1752840585415,0.8656716417910447,0.2,4
2,1752840585516,0.8656716417910447,0.4666666666666667,4
2,1752840585617,0.8805970149253731,0.4,4
2,1752840585718,0.8656716417910447,0.3333333333333333,4
2,1752840585819,0.8805970149253731,0.4,4
2,1752840585920,0.8656716417910447,0.3333333333333333,4
2,1752840586020,0.8656716417910447,0.26666666666666666,4
2,1752840586121,0.8507462686567164,0.3333333333333333,4
2,1752840586222,0.8805970149253731,0.26666666666666666,4
2,1752840586323,0.8656716417910447,0.4,4
2,1752840586424,0.8208955223880597,0.26666666666666666,4
2,1752840586525,0.835820895522388,0.3333333333333333,4
2,1752840586626,0.8208955223880597,0.4,4
2,1752840586727,0.8208955223880597,0.2,4
2,1752840586828,0.8208955223880597,0.26666666666666666,4
2,1752840586928,0.8208955223880597,0.3333333333333333,4
2,1752840587029,0.8208955223880597,0.2,4
2,1752840587131,0.8208955223880597,0.4666666666666667,4
2,1752840587231,0.835820895522388,0.4,4
2,1752840587332,0.835820895522388,0.26666666666666666,4
2,1752840587433,0.8507462686567164,0.3333333333333333,4
2,1752840587534,0.8507462686567164,0.3333333333333333,4
2,1752840587635,0.8656716417910447,0.3333333333333333,4
2,1752840587736,0.8656716417910447,0.4,4
2,1752840587836,0.8656716417910447,0.3333333333333333,4
2,1752840587937,0.8805970149253731,0.5333333333333333,4
2,1752840588038,0.8805970149253731,0.4666666666666667,4
2,1752840588139,0.8805970149253731,0.3333333333333333,4
2,1752840588240,0.8656716417910447,0.4666666666666667,4
2,1752840588341,0.8805970149253731,0.26666666666666666,4
2,1752840588442,0.8656716417910447,0.26666666666666666,4
2,1752840588543,0.8656716417910447,0.26666666666666666,4
2,1752840588644,0.835820895522388,0.4,4
2,1752840588744,0.835820895522388,0.6,4
2,1752840588845,0.835820895522388,0.4,4
2,1752840588946,0.835820895522388,0.3333333333333333,4
2,1752840589047,0.8208955223880597,0.4,4
2,1752840589148,0.835820895522388,0.26666666666666666,4
2,1752840589249,0.8059701492537313,0.26666666666666666,4
2,1752840589350,0.835820895522388,0.3333333333333333,4
2,1752840589451,0.8059701492537313,0.2,4
2,1752840589551,0.8208955223880597,0.6,4
2,1752840589652,0.835820895522388,0.4,4
2,1752840589753,0.8507462686567164,0.26666666666666666,4
2,1752840589854,0.835820895522388,0.4,4
2,1752840589955,0.8507462686567164,0.26666666666666666,4
2,1752840590056,0.8507462686567164,0.4,4
2,1752840590157,0.8805970149253731,0.2,4
2,1752840590258,0.8805970149253731,0.4,4
2,1752840590358,0.8955223880597015,0.3333333333333333,4
2,1752840590459,0.8656716417910447,0.4,4
2,1752840590560,0.8805970149253731,0.3333333333333333,4
2,1752840590661,0.8656716417910447,0.26666666666666666,4
2,1752840590762,0.8656716417910447,0.2,4
2,1752840590863,0.8656716417910447,0.26666666666666666,4
2,1752840590964,0.8507462686567164,0.3333333333333333,4
2,1752840591065,0.835820895522388,0.4666666666666667,4
2,1752840591165,0.835820895522388,0.4666666666666667,4
2,1752840591266,0.8507462686567164,0.3333333333333333,4
2,1752840591367,0.835820895522388,0.3333333333333333,4
2,1752840591468,0.8208955223880597,0.3333333333333333,4
2,1752840591569,0.8208955223880597,0.3333333333333333,4
2,1752840591670,0.8059701492537313,0.3333333333333333,4
2,1752840591771,0.8059701492537313,0.26666666666666666,4
2,1752840591872,0.8059701492537313,0.26666666666666666,4
2,1752840591973,0.835820895522388,0.4666666666666667,4
2,1752840592074,0.835820895522388,0.2,4
2,1752840592174,0.835820895522388,0.3333333333333333,4
2,1752840592275,0.835820895522388,0.3333333333333333,4
2,1752840592376,0.8507462686567164,0.4,4
2,1752840592477,0.835820895522388,0.3333333333333333,4
2,1752840592578,0.8656716417910447,0.4666666666666667,4
2,1752840592679,0.8656716417910447,0.4666666666666667,4
2,1752840592779,0.8656716417910447,0.4666666666666667,4
2,1752840592881,0.8805970149253731,0.26666666666666666,4
2,1752840592981,0.8656716417910447,0.26666666666666666,4
2,1752840593082,0.8656716417910447,0.3333333333333333,4
2,1752840593183,0.8656716417910447,0.3333333333333333,4
2,1752840593284,0.8507462686567164,0.3333333333333333,4
2,1752840593385,0.8507462686567164,0.3333333333333333,4
2,1752840593486,0.835820895522388,0.4666666666666667,4
2,1752840593587,0.835820895522388,0.3333333333333333,4
2,1752840593687,0.8208955223880597,0.3333333333333333,4
2,1752840593788,0.835820895522388,0.3333333333333333,4
2,1752840593889,0.8208955223880597,0.3333333333333333,4
2,1752840593990,0.835820895522388,0.3333333333333333,4
2,1752840594091,0.8208955223880597,0.26666666666666666,4
2,1752840594192,0.8208955223880597,0.3333333333333333,4
2,1752840594293,0.8208955223880597,0.4666666666666667,4
2,1752840594394,0.8208955223880597,0.4,4
2,1752840594495,0.8507462686567164,0.3333333333333333,4
2,1752840594595,0.8208955223880597,0.3333333333333333,4
2,1752840594696,0.8507462686567164,0.3333333333333333,4
2,1752840594797,0.8507462686567164,0.26666666666666666,4
2,1752840594898,0.8656716417910447,0.4,4
2,1752840594999,0.8656716417910447,0.26666666666666666,4
2,1752840595100,0.8656716417910447,0.4666666666666667,4
2,1752840595201,0.8656716417910447,0.4,4
2,1752840595301,0.8656716417910447,0.3333333333333333,4
2,1752840595402,0.8805970149253731,0.3333333333333333,4
2,1752840595503,0.8805970149253731,0.26666666666666666,4
2,1752840595604,0.8656716417910447,0.4,4
2,1752840595705,0.8805970149253731,0.3333333333333333,4
2,1752840595806,0.8656716417910447,0.4666666666666667,4
2,1752840595907,0.8805970149253731,0.4,4
2,1752840596008,0.8507462686567164,0.26666666666666666,4
2,1752840596108,0.835820895522388,0.4,4
2,1752840596210,0.8208955223880597,0.3333333333333333,4
2,1752840596310,0.8208955223880597,0.3333333333333333,4
2,1752840596411,0.8208955223880597,0.26666666666666666,4
2,1752840596512,0.8208955223880597,0.26666666666666666,4
2,1752840596613,0.8208955223880597,0.3333333333333333,4
2,1752840596714,0.8208955223880597,0.4666666666666667,4
2,1752840596815,0.8208955223880597,0.4,4
2,1752840596916,0.8208955223880597,0.3333333333333333,4
2,1752840597017,0.835820895522388,0.3333333333333333,4
2,1752840597118,0.835820895522388,0.3333333333333333,4
2,1752840597219,0.8507462686567164,0.3333333333333333,4
2,1752840597319,0.8656716417910447,0.26666666666666666,4
2,1752840597420,0.8507462686567164,0.3333333333333333,4
2,1752840597521,0.8656716417910447,0.4,4
2,1752840597622,0.8656716417910447,0.4666666666666667,4
2,1752840597723,0.8656716417910447,0.26666666666666666,4
2,1752840597823,0.8805970149253731,0.4,4
2,1752840597924,0.8507462686567164,0.4,4
2,1752840598025,0.8805970149253731,0.26666666666666666,4
2,1752840598126,0.8656716417910447,0.4,4
2,1752840598227,0.8507462686567164,0.3333333333333333,4
2,1752840598328,0.8507462686567164,0.5333333333333333,4
2,1752840598429,0.8208955223880597,0.4666666666666667,4
2,1752840598530,0.8208955223880597,0.3333333333333333,4
2,1752840598631,0.8208955223880597,0.3333333333333333,4
2,1752840598731,0.8208955223880597,0.26666666666666666,4
2,1752840598832,0.8208955223880597,0.3333333333333333,4
2,1752840598933,0.8208955223880597,0.3333333333333333,4
2,1752840599034,0.8059701492537313,0.3333333333333333,4
2,1752840599135,0.8208955223880597,0.5333333333333333,4
2,1752840599236,0.835820895522388,0.4666666666666667,4
2,1752840599337,0.8208955223880597,0.4,4
2,1752840599438,0.835820895522388,0.4,4
2,1752840599538,0.8507462686567164,0.26666666666666666,4
2,1752840599639,0.8507462686567164,0.26666666666666666,4
2,1752840599740,0.8656716417910447,0.3333333333333333,4
2,1752840599841,0.8507462686567164,0.26666666666666666,4
2,1752840599942,0.8656716417910447,0.6,4
2,1752840600043,0.835820895522388,0.5333333333333333,4
2,1752840600144,0.8656716417910447,0.3333333333333333,4
2,1752840600245,0.8656716417910447,0.4,4
2,1752840600346,0.8656716417910447,0.3333333333333333,4
2,1752840600447,0.8656716417910447,0.3333333333333333,4
2,1752840600547,0.8656716417910447,0.26666666666666666,4
2,1752840600648,0.8507462686567164,0.5333333333333333,4
2,1752840600749,0.835820895522388,0.4666666666666667,4
2,1752840600850,0.835820895522388,0.4,4
2,1752840600951,0.8656716417910447,0.26666666666666666,4
2,1752840601052,0.8208955223880597,0.4,4
2,1752840601152,0.8059701492537313,0.26666666666666666,4
2,1752840601254,0.8059701492537313,0.26666666666666666,4
2,1752840601354,0.8208955223880597,0.26666666666666666,4
2,1752840601456,0.7910447761194029,0.5333333333333333,4
2,1752840601556,0.8208955223880597,0.3333333333333333,4
2,1752840601657,0.8208955223880597,0.26666666666666666,4
2,1752840601758,0.835820895522388,0.3333333333333333,4
2,1752840601859,0.835820895522388,0.3333333333333333,4
2,1752840601960,0.8507462686567164,0.26666666666666666,4
2,1752840602060,0.8507462686567164,0.2,4
2,1752840602162,0.8656716417910447,0.3333333333333333,4
2,1752840602262,0.8656716417910447,0.5333333333333333,4
2,1752840602363,0.8805970149253731,0.4,4
2,1752840602464,0.8805970149253731,0.3333333333333333,4
2,1752840602565,0.8656716417910447,0.4666666666666667,4
2,1752840602666,0.8656716417910447,0.26666666666666666,4
2,1752840602767,0.8656716417910447,0.26666666666666666,4
2,1752840602868,0.8656716417910447,0.3333333333333333,4
2,1752840602968,0.8656716417910447,0.5333333333333333,4
2,1752840603069,0.8507462686567164,0.4666666666666667,4
2,1752840603170,0.835820895522388,0.3333333333333333,4
2,1752840603271,0.835820895522388,0.4,4
2,1752840603372,0.835820895522388,0.26666666666666666,4
2,1752840603473,0.8208955223880597,0.3333333333333333,4
2,1752840603574,0.8208955223880597,0.3333333333333333,4
2,1752840603675,0.8208955223880597,0.2,4
2,1752840603775,0.8059701492537313,0.6,4
2,1752840603876,0.8208955223880597,0.4666666666666667,4
2,1752840603977,0.8208955223880597,0.3333333333333333,4
2,1752840604078,0.835820895522388,0.26666666666666666,4
2,1752840604179,0.7910447761194029,0.2,4
2,1752840604280,0.835820895522388,0.26666666666666666,4
2,1752840604381,0.8507462686567164,0.26666666666666666,4
2,1752840604482,0.8656716417910447,0.26666666666666666,4
2,1752840604583,0.8656716417910447,0.6,4
2,1752840604684,0.8656716417910447,0.4,4
2,1752840604784,0.8656716417910447,0.4,4
2,1752840604885,0.8805970149253731,0.3333333333333333,4
2,1752840604986,0.8656716417910447,0.3333333333333333,4
2,1752840605087,0.8805970149253731,0.3333333333333333,4
2,1752840605188,0.8656716417910447,0.3333333333333333,4
2,1752840605289,0.8656716417910447,0.4666666666666667,4
2,1752840605390,0.8955223880597015,0.3333333333333333,4
2,1752840605490,0.8507462686567164,0.4,4
2,1752840605592,0.8507462686567164,0.4666666666666667,4
2,1752840605692,0.835820895522388,0.3333333333333333,4
2,1752840605793,0.8208955223880597,0.3333333333333333,4
2,1752840605894,0.8208955223880597,0.26666666666666666,4
2,1752840605995,0.8208955223880597,0.26666666666666666,4
2,1752840606096,0.8208955223880597,0.6,4
2,1752840606197,0.8208955223880597,0.4,4
2,1752840606298,0.8208955223880597,0.3333333333333333,4
2,1752840606398,0.8208955223880597,0.4,4
2,1752840606499,0.835820895522388,0.2,4
2,1752840606600,0.835820895522388,0.26666666666666666,4
2,1752840606701,0.8507462686567164,0.26666666666666666,4
2,1752840606802,0.8656716417910447,0.6,4
2,1752840606903,0.8656716417910447,0.4,4
2,1752840607004,0.8656716417910447,0.3333333333333333,4
2,1752840607104,0.8656716417910447,0.4666666666666667,4
2,1752840607205,0.8656716417910447,0.3333333333333333,4
2,1752840607306,0.8656716417910447,0.26666666666666666,4
2,1752840607407,0.8805970149253731,0.4666666666666667,4
2,1752840607508,0.8955223880597015,0.5333333333333333,4
2,1752840607609,0.8656716417910447,0.3333333333333333,4
2,1752840607710,0.8507462686567164,0.3333333333333333,4
2,1752840607811,0.8656716417910447,0.26666666666666666,4
2,1752840607912,0.835820895522388,0.4666666666666667,4
2,1752840608012,0.8208955223880597,0.26666666666666666,4
2,1752840608113,0.8208955223880597,0.6666666666666666,4
2,1752840608214,0.8208955223880597,0.3333333333333333,4
2,1752840608315,0.8208955223880597,0.3333333333333333,4
2,1752840608416,0.8059701492537313,0.3333333333333333,4
2,1752840608517,0.8059701492537313,0.3333333333333333,4
2,1752840608618,0.8208955223880597,0.26666666666666666,4
2,1752840608719,0.835820895522388,0.26666666666666666,4
2,1752840608820,0.8208955223880597,0.5333333333333333,4
2,1752840608920,0.835820895522388,0.4,4
2,1752840609021,0.8507462686567164,0.3333333333333333,4
2,1752840609122,0.8656716417910447,0.26666666666666666,4
2,1752840609223,0.8955223880597015,0.2,4
2,1752840609324,0.8805970149253731,0.2,4
2,1752840609425,0.835820895522388,0.3333333333333333,4
2,1752840609526,0.8805970149253731,0.26666666666666666,4
2,1752840609627,0.8805970149253731,0.5333333333333333,4
2,1752840609727,0.8656716417910447,0.3333333333333333,4
2,1752840609828,0.8507462686567164,0.26666666666666666,4
2,1752840609929,0.8507462686567164,0.3333333333333333,4
2,1752840610030,0.8507462686567164,0.26666666666666666,4
2,1752840610131,0.8507462686567164,0.2,4
2,1752840610232,0.835820895522388,0.26666666666666666,4
2,1752840610333,0.835820895522388,0.4666666666666667,4
2,1752840610434,0.8208955223880597,0.4,4
2,1752840610534,0.835820895522388,0.3333333333333333,4
2,1752840610635,0.8208955223880597,0.4,4
2,1752840610736,0.8208955223880597,0.2,4
2,1752840610837,0.835820895522388,0.26666666666666666,4
2,1752840610938,0.8208955223880597,0.26666666666666666,4
2,1752840611039,0.8208955223880597,0.26666666666666666,4
2,1752840611140,0.8208955223880597,0.3333333333333333,4
2,1752840611241,0.8507462686567164,0.26666666666666666,4
2,1752840611342,0.8507462686567164,0.3333333333333333,4
2,1752840611443,0.8208955223880597,0.26666666666666666,4
2,1752840611543,0.8507462686567164,0.26666666666666666,4
2,1752840611644,0.8507462686567164,0.3333333333333333,4
2,1752840611745,0.8656716417910447,0.3333333333333333,4
2,1752840611846,0.8805970149253731,0.26666666666666666,4
2,1752840611947,0.8656716417910447,0.4666666666666667,4
2,1752840612048,0.8656716417910447,0.3333333333333333,4
2,1752840612149,0.8656716417910447,0.3333333333333333,4
2,1752840612250,0.8656716417910447,0.4,4
2,1752840612350,0.8507462686567164,0.3333333333333333,4
2,1752840612452,0.8507462686567164,0.26666666666666666,4
2,1752840612552,0.835820895522388,0.3333333333333333,4
2,1752840612653,0.835820895522388,0.5333333333333333,4
2,1752840612754,0.8208955223880597,0.3333333333333333,4
2,1752840612855,0.8208955223880597,0.3333333333333333,4
2,1752840612956,0.8208955223880597,0.3333333333333333,4
2,1752840613057,0.8507462686567164,0.2,4
2,1752840613157,0.8208955223880597,0.3333333333333333,4
2,1752840613258,0.7910447761194029,0.13333333333333333,4
2,1752840613359,0.8208955223880597,0.3333333333333333,4
2,1752840613460,0.8208955223880597,0.5333333333333333,4
2,1752840613561,0.8208955223880597,0.3333333333333333,4
2,1752840613662,0.8507462686567164,0.3333333333333333,4
2,1752840613763,0.8507462686567164,0.13333333333333333,4
2,1752840613864,0.835820895522388,0.4,4
2,1752840613965,0.8507462686567164,0.26666666666666666,4
2,1752840614065,0.8656716417910447,0.26666666666666666,4
2,1752840614166,0.8656716417910447,0.4666666666666667,4
2,1752840614267,0.8805970149253731,0.4,4
2,1752840614368,0.8805970149253731,0.3333333333333333,4
2,1752840614469,0.8656716417910447,0.3333333333333333,4
2,1752840614570,0.8656716417910447,0.3333333333333333,4
2,1752840614671,0.8507462686567164,0.3333333333333333,4
2,1752840614771,0.8656716417910447,0.4,4
2,1752840614872,0.835820895522388,0.3333333333333333,4
2,1752840614973,0.8208955223880597,0.6,4
2,1752840615074,0.8507462686567164,0.2,4
2,1752840615175,0.8208955223880597,0.26666666666666666,4
2,1752840615276,0.835820895522388,0.3333333333333333,4
2,1752840615377,0.835820895522388,0.26666666666666666,4
2,1752840615478,0.8059701492537313,0.4,4
2,1752840615578,0.8208955223880597,0.3333333333333333,4
2,1752840615679,0.8208955223880597,0.5333333333333333,4
2,1752840615780,0.8208955223880597,0.4,4
2,1752840615881,0.8208955223880597,0.26666666666666666,4
2,1752840615982,0.835820895522388,0.3333333333333333,4
2,1752840616083,0.8507462686567164,0.26666666666666666,4
2,1752840616184,0.8507462686567164,0.26666666666666666,4
2,1752840616285,0.8656716417910447,0.4,4
2,1752840616385,0.8656716417910447,0.26666666666666666,4
2,1752840616486,0.8656716417910447,0.5333333333333333,4
2,1752840616587,0.8656716417910447,0.3333333333333333,4
2,1752840616688,0.8656716417910447,0.2,4
2,1752840616789,0.8656716417910447,0.4,4
2,1752840616890,0.8656716417910447,0.26666666666666666,4
2,1752840616991,0.8507462686567164,0.2,4
2,1752840617092,0.8656716417910447,0.4,4
2,1752840617193,0.8507462686567164,0.4666666666666667,4
2,1752840617293,0.8507462686567164,0.5333333333333333,4
2,1752840617394,0.835820895522388,0.26666666666666666,4
2,1752840617495,0.8208955223880597,0.3333333333333333,4
2,1752840617596,0.8208955223880597,0.3333333333333333,4
2,1752840617697,0.8208955223880597,0.3333333333333333,4
2,1752840617798,0.8208955223880597,0.26666666666666666,4
2,1752840617899,0.8208955223880597,0.26666666666666666,4
2,1752840618000,0.8208955223880597,0.6,4
2,1752840618101,0.8208955223880597,0.3333333333333333,4
2,1752840618201,0.8208955223880597,0.3333333333333333,4
2,1752840618302,0.835820895522388,0.3333333333333333,4
2,1752840618403,0.835820895522388,0.3333333333333333,4
2,1752840618504,0.8507462686567164,0.26666666666666666,4
2,1752840618605,0.8507462686567164,0.3333333333333333,4
2,1752840618706,0.8656716417910447,0.26666666666666666,4
2,1752840618807,0.9104477611940298,0.6666666666666666,4
2,1752840618907,0.8805970149253731,0.4666666666666667,4
2,1752840619008,0.8656716417910447,0.3333333333333333,4
2,1752840619109,0.8805970149253731,0.4666666666666667,4
2,1752840619210,0.8805970149253731,0.4,4
2,1752840619311,0.8656716417910447,0.4666666666666667,4
2,1752840619412,0.8507462686567164,0.3333333333333333,4
2,1752840619513,0.8507462686567164,0.4,4
2,1752840619614,0.835820895522388,0.6,4
2,1752840619715,0.835820895522388,0.3333333333333333,4
2,1752840619816,0.835820895522388,0.26666666666666666,4
2,1752840619916,0.8208955223880597,0.4,4
2,1752840620017,0.8208955223880597,0.26666666666666666,4
2,1752840620118,0.8208955223880597,0.3333333333333333,4
2,1752840620219,0.8208955223880597,0.13333333333333333,4
2,1752840620320,0.8059701492537313,0.4666666666666667,4
2,1752840620421,0.8208955223880597,0.4666666666666667,4
2,1752840620522,0.8507462686567164,0.3333333333333333,4
2,1752840620622,0.835820895522388,0.26666666666666666,4
2,1752840620723,0.835820895522388,0.3333333333333333,4
2,1752840620824,0.8507462686567164,0.26666666666666666,4
2,1752840620925,0.8507462686567164,0.3333333333333333,4
2,1752840621026,0.8656716417910447,0.3333333333333333,4
2,1752840621127,0.8507462686567164,0.4,4
2,1752840621228,0.8656716417910447,0.5333333333333333,4
2,1752840621329,0.8805970149253731,0.3333333333333333,4
2,1752840621430,0.8805970149253731,0.4,4
2,1752840621530,0.8656716417910447,0.3333333333333333,4
2,1752840621631,0.8656716417910447,0.3333333333333333,4
2,1752840621732,0.8507462686567164,0.3333333333333333,4
2,1752840621833,0.8507462686567164,0.26666666666666666,4
2,1752840621934,0.8507462686567164,0.4,4
2,1752840622035,0.835820895522388,0.4666666666666667,4
2,1752840622136,0.835820895522388,0.3333333333333333,4
2,1752840622237,0.8208955223880597,0.4,4
2,1752840622338,0.8208955223880597,0.3333333333333333,4
2,1752840622438,0.8507462686567164,0.2,4
2,1752840622539,0.8059701492537313,0.26666666666666666,4
2,1752840622640,0.835820895522388,0.3333333333333333,4
2,1752840622741,0.8208955223880597,0.5333333333333333,4
2,1752840622842,0.8208955223880597,0.3333333333333333,4
2,1752840622943,0.8208955223880597,0.26666666666666666,4
2,1752840623044,0.8208955223880597,0.3333333333333333,4
2,1752840623144,0.835820895522388,0.3333333333333333,4
2,1752840623245,0.8507462686567164,0.26666666666666666,4
2,1752840623346,0.8656716417910447,0.3333333333333333,4
2,1752840623447,0.8656716417910447,0.13333333333333333,4
2,1752840623548,0.8656716417910447,0.5333333333333333,4
2,1752840623649,0.8656716417910447,0.4,4
2,1752840623750,0.8656716417910447,0.4,4
2,1752840623851,0.8656716417910447,0.3333333333333333,4
2,1752840623952,0.8656716417910447,0.3333333333333333,4
2,1752840624052,0.8656716417910447,0.26666666666666666,4
2,1752840624153,0.8507462686567164,0.3333333333333333,4
2,1752840624254,0.8507462686567164,0.3333333333333333,4
2,1752840624355,0.8507462686567164,0.6,4
2,1752840624456,0.835820895522388,0.3333333333333333,4
2,1752840624557,0.835820895522388,0.3333333333333333,4
2,1752840624658,0.8507462686567164,0.2,4
2,1752840624758,0.835820895522388,0.26666666666666666,4
2,1752840624860,0.7761194029850746,0.2,4
2,1752840624960,0.8059701492537313,0.26666666666666666,4
2,1752840625061,0.8208955223880597,0.4666666666666667,4
2,1752840625162,0.8208955223880597,0.4666666666666667,4
2,1752840625263,0.8208955223880597,0.3333333333333333,4
2,1752840625364,0.835820895522388,0.26666666666666666,4
2,1752840625465,0.835820895522388,0.26666666666666666,4
2,1752840625566,0.8507462686567164,0.26666666666666666,4
2,1752840625667,0.8507462686567164,0.26666666666666666,4
2,1752840625767,0.8656716417910447,0.3333333333333333,4
2,1752840625868,0.8656716417910447,0.4666666666666667,4
2,1752840625969,0.8805970149253731,0.5333333333333333,4
2,1752840626070,0.8656716417910447,0.4,4
2,1752840626171,0.8656716417910447,0.3333333333333333,4
2,1752840626272,0.8955223880597015,0.13333333333333333,4
2,1752840626373,0.8656716417910447,0.3333333333333333,4
2,1752840626474,0.8656716417910447,0.3333333333333333,4
2,1752840626575,0.8656716417910447,0.3333333333333333,4
2,1752840626675,0.8208955223880597,0.3333333333333333,4
2,1752840626776,0.835820895522388,0.6,4
2,1752840626877,0.835820895522388,0.4,4
2,1752840626978,0.8208955223880597,0.3333333333333333,4
2,1752840627079,0.8208955223880597,0.26666666666666666,4
2,1752840627180,0.8208955223880597,0.26666666666666666,4
2,1752840627281,0.8208955223880597,0.4,4
2,1752840627381,0.8208955223880597,0.26666666666666666,4
2,1752840627482,0.8208955223880597,0.6,4
2,1752840627583,0.835820895522388,0.4666666666666667,4
2,1752840627684,0.8208955223880597,0.4,4
2,1752840627785,0.835820895522388,0.3333333333333333,4
2,1752840627886,0.835820895522388,0.26666666666666666,4
2,1752840627987,0.8507462686567164,0.26666666666666666,4
2,1752840628088,0.8507462686567164,0.26666666666666666,4
2,1752840628188,0.8507462686567164,0.3333333333333333,4
2,1752840628289,0.8656716417910447,0.6666666666666666,4
2,1752840628390,0.8805970149253731,0.26666666666666666,4
2,1752840628491,0.8507462686567164,0.3333333333333333,4
2,1752840628592,0.8805970149253731,0.3333333333333333,4
2,1752840628693,0.8507462686567164,0.4666666666666667,4
2,1752840628794,0.8507462686567164,0.26666666666666666,4
2,1752840628895,0.8656716417910447,0.3333333333333333,4
2,1752840628995,0.8507462686567164,0.26666666666666666,4
2,1752840629096,0.8507462686567164,0.5333333333333333,4
2,1752840629198,0.835820895522388,0.5333333333333333,4
2,1752840629298,0.8507462686567164,0.26666666666666666,4
2,1752840629399,0.8208955223880597,0.4,4
2,1752840629500,0.8208955223880597,0.3333333333333333,4
2,1752840629601,0.8208955223880597,0.26666666666666666,4
2,1752840629702,0.8059701492537313,0.3333333333333333,4
2,1752840629803,0.835820895522388,0.26666666666666666,4
2,1752840629904,0.8059701492537313,0.8,4
2,1752840630004,0.8208955223880597,0.26666666666666666,4
2,1752840630105,0.835820895522388,0.3333333333333333,4
2,1752840630206,0.835820895522388,0.3333333333333333,4
2,1752840630307,0.835820895522388,0.26666666666666666,4
2,1752840630408,0.8507462686567164,0.26666666666666666,4
2,1752840630509,0.8507462686567164,0.26666666666666666,4
2,1752840630610,0.835820895522388,0.6,4
2,1752840630711,0.8656716417910447,0.4666666666666667,4
2,1752840630811,0.8656716417910447,0.4,4
2,1752840630912,0.8805970149253731,0.3333333333333333,4
2,1752840631013,0.8507462686567164,0.26666666666666666,4
2,1752840631114,0.8656716417910447,0.2,4
2,1752840631215,0.8656716417910447,0.3333333333333333,4
2,1752840631316,0.8656716417910447,0.26666666666666666,4
2,1752840631417,0.8507462686567164,0.6666666666666666,4
2,1752840631517,0.8507462686567164,0.4666666666666667,4
2,1752840631619,0.835820895522388,0.26666666666666666,4
2,1752840631719,0.835820895522388,0.4,4
2,1752840631820,0.835820895522388,0.2,4
2,1752840631921,0.835820895522388,0.26666666666666666,4
2,1752840632022,0.8208955223880597,0.26666666666666666,4
2,1752840632123,0.8059701492537313,0.5333333333333333,4
2,1752840632224,0.8059701492537313,0.5333333333333333,4
2,1752840632324,0.8208955223880597,0.2,4
2,1752840632425,0.8507462686567164,0.4666666666666667,4
2,1752840632526,0.8208955223880597,0.3333333333333333,4
2,1752840632627,0.8208955223880597,0.3333333333333333,4
2,1752840632728,0.835820895522388,0.3333333333333333,4
2,1752840632829,0.8507462686567164,0.2,4
2,1752840632930,0.8507462686567164,0.6,4
2,1752840633031,0.8805970149253731,0.4666666666666667,4
2,1752840633132,0.8656716417910447,0.4,4
2,1752840633232,0.8656716417910447,0.3333333333333333,4
2,1752840633333,0.8656716417910447,0.26666666666666666,4
2,1752840633434,0.8656716417910447,0.26666666666666666,4
2,1752840633535,0.8656716417910447,0.3333333333333333,4
2,1752840633636,0.8656716417910447,0.2,4
2,1752840633737,0.8656716417910447,0.3333333333333333,4
2,1752840633838,0.8507462686567164,0.6,4
2,1752840633938,0.8507462686567164,0.3333333333333333,4
2,1752840634039,0.8507462686567164,0.2,4
2,1752840634140,0.835820895522388,0.26666666666666666,4
2,1752840634241,0.8208955223880597,0.2,4
2,1752840634342,0.835820895522388,0.2,4
2,1752840634443,0.8507462686567164,0.2,4
2,1752840634544,0.7761194029850746,0.3333333333333333,4
2,1752840634645,0.8059701492537313,0.6,4
2,1752840634746,0.8208955223880597,0.4666666666666667,4
2,1752840634847,0.8059701492537313,0.26666666666666666,4
2,1752840634947,0.8208955223880597,0.3333333333333333,4
2,1752840635048,0.8208955223880597,0.26666666666666666,4
2,1752840635149,0.835820895522388,0.3333333333333333,4
2,1752840635250,0.8507462686567164,0.26666666666666666,4
2,1752840635351,0.8507462686567164,0.26666666666666666,4
2,1752840635452,0.8507462686567164,0.5333333333333333,4
2,1752840635553,0.8656716417910447,0.4,4
2,1752840635654,0.8805970149253731,0.3333333333333333,4
2,1752840635754,0.8656716417910447,0.4,4
2,1752840635856,0.8656716417910447,0.3333333333333333,4
2,1752840635956,0.8805970149253731,0.3333333333333333,4
2,1752840636057,0.8656716417910447,0.3333333333333333,4
2,1752840636158,0.8656716417910447,0.3333333333333333,4
2,1752840636259,0.8955223880597015,0.4666666666666667,4
2,1752840636360,0.8656716417910447,0.4666666666666667,4
2,1752840636461,0.8656716417910447,0.26666666666666666,4
2,1752840636562,0.8507462686567164,0.3333333333333333,4
2,1752840636662,0.8656716417910447,0.26666666666666666,4
2,1752840636763,0.8208955223880597,0.3333333333333333,4
2,1752840636864,0.835820895522388,0.26666666666666666,4
2,1752840636965,0.8059701492537313,0.2,4
2,1752840637066,0.8208955223880597,0.5333333333333333,4
2,1752840637167,0.8208955223880597,0.4,4
2,1752840637268,0.8208955223880597,0.3333333333333333,4
2,1752840637369,0.8208955223880597,0.26666666666666666,4
2,1752840637469,0.835820895522388,0.26666666666666666,4
2,1752840637570,0.835820895522388,0.3333333333333333,4
2,1752840637671,0.835820895522388,0.26666666666666666,4
2,1752840637772,0.835820895522388,0.3333333333333333,4
2,1752840637873,0.8805970149253731,0.5333333333333333,4
2,1752840637974,0.8656716417910447,0.26666666666666666,4
2,1752840638075,0.8805970149253731,0.5333333333333333,4
2,1752840638176,0.8656716417910447,0.4,4
2,1752840638276,0.8805970149253731,0.2,4
2,1752840638377,0.8507462686567164,0.26666666666666666,4
2,1752840638478,0.8656716417910447,0.4,4
2,1752840638579,0.8955223880597015,0.4666666666666667,4
2,1752840638680,0.8656716417910447,0.5333333333333333,4
2,1752840638781,0.8656716417910447,0.3333333333333333,4
2,1752840638882,0.8507462686567164,0.4,4
2,1752840638983,0.8656716417910447,0.26666666666666666,4
2,1752840639083,0.8507462686567164,0.3333333333333333,4
2,1752840639184,0.835820895522388,0.26666666666666666,4
2,1752840639285,0.835820895522388,0.3333333333333333,4
2,1752840639386,0.835820895522388,0.6666666666666666,4
2,1752840639487,0.8059701492537313,0.3333333333333333,4
2,1752840639588,0.8208955223880597,0.4,4
2,1752840639689,0.8208955223880597,0.4,4
2,1752840639790,0.8208955223880597,0.3333333333333333,4
2,1752840639891,0.8208955223880597,0.2,4
2,1752840639992,0.8208955223880597,0.26666666666666666,4
2,1752840640092,0.835820895522388,0.6,4
2,1752840640193,0.835820895522388,0.4,4
2,1752840640294,0.835820895522388,0.3333333333333333,4
2,1752840640395,0.8507462686567164,0.4,4
2,1752840640496,0.8507462686567164,0.26666666666666666,4
2,1752840640597,0.8507462686567164,0.3333333333333333,4
2,1752840640697,0.8656716417910447,0.3333333333333333,4
2,1752840640798,0.8656716417910447,0.4666666666666667,4
2,1752840640899,0.8656716417910447,0.5333333333333333,4
2,1752840641000,0.8656716417910447,0.3333333333333333,4
2,1752840641101,0.8656716417910447,0.4,4
2,1752840641202,0.8656716417910447,0.3333333333333333,4
2,1752840641303,0.8656716417910447,0.26666666666666666,4
2,1752840641404,0.8507462686567164,0.3333333333333333,4
2,1752840641505,0.8656716417910447,0.26666666666666666,4
2,1752840641605,0.8507462686567164,0.6666666666666666,4
2,1752840641706,0.8208955223880597,0.4,4
2,1752840641807,0.835820895522388,0.3333333333333333,4
2,1752840641908,0.835820895522388,0.3333333333333333,4
2,1752840642009,0.8208955223880597,0.4666666666666667,4
2,1752840642110,0.8208955223880597,0.3333333333333333,4
2,1752840642211,0.8059701492537313,0.26666666666666666,4
2,1752840642312,0.8059701492537313,0.4666666666666667,4
2,1752840642413,0.8208955223880597,0.4666666666666667,4
2,1752840642513,0.835820895522388,0.3333333333333333,4
2,1752840642614,0.835820895522388,0.3333333333333333,4
2,1752840642715,0.835820895522388,0.13333333333333333,4
2,1752840642816,0.8507462686567164,0.26666666666666666,4
2,1752840642917,0.8507462686567164,0.26666666666666666,4
2,1752840643018,0.8507462686567164,0.26666666666666666,4
2,1752840643119,0.8656716417910447,0.26666666666666666,4
2,1752840643220,0.8656716417910447,0.5333333333333333,4
2,1752840643320,0.8656716417910447,0.4,4
2,1752840643421,0.8656716417910447,0.3333333333333333,4
2,1752840643522,0.8805970149253731,0.3333333333333333,4
2,1752840643623,0.8656716417910447,0.26666666666666666,4
2,1752840643724,0.8955223880597015,0.3333333333333333,4
2,1752840643825,0.8805970149253731,0.4,4
2,1752840643926,0.8507462686567164,0.4,4
2,1752840644027,0.8507462686567164,0.4666666666666667,4
2,1752840644127,0.8507462686567164,0.4666666666666667,4
2,1752840644228,0.835820895522388,0.3333333333333333,4
2,1752840644329,0.835820895522388,0.3333333333333333,4
2,1752840644430,0.8208955223880597,0.26666666666666666,4
2,1752840644531,0.8208955223880597,0.3333333333333333,4
2,1752840644632,0.8208955223880597,0.26666666666666666,4
2,1752840644733,0.8208955223880597,0.3333333333333333,4
2,1752840644834,0.8208955223880597,0.4666666666666667,4
2,1752840644934,0.8208955223880597,0.4,4
2,1752840645035,0.8208955223880597,0.26666666666666666,4
2,1752840645136,0.8208955223880597,0.3333333333333333,4
2,1752840645237,0.835820895522388,0.26666666666666666,4
2,1752840645338,0.835820895522388,0.3333333333333333,4
2,1752840645439,0.835820895522388,0.26666666666666666,4
2,1752840645540,0.8507462686567164,0.2,4
2,1752840645641,0.8656716417910447,0.3333333333333333,4
2,1752840645741,0.8656716417910447,0.4666666666666667,4
2,1752840645842,0.8656716417910447,0.4666666666666667,4
2,1752840645943,0.8656716417910447,0.26666666666666666,4
2,1752840646044,0.8656716417910447,0.26666666666666666,4
2,1752840646145,0.8805970149253731,0.3333333333333333,4
2,1752840646246,0.8656716417910447,0.3333333333333333,4
2,1752840646347,0.8955223880597015,0.4,4
2,1752840646448,0.8656716417910447,0.5333333333333333,4
2,1752840646549,0.8507462686567164,0.3333333333333333,4
2,1752840646649,0.8507462686567164,0.3333333333333333,4
2,1752840646750,0.8507462686567164,0.3333333333333333,4
2,1752840646851,0.835820895522388,0.26666666666666666,4
2,1752840646952,0.835820895522388,0.26666666666666666,4
2,1752840647053,0.835820895522388,0.3333333333333333,4
2,1752840647154,0.8208955223880597,0.4,4
2,1752840647255,0.8059701492537313,0.4,4
2,1752840647356,0.835820895522388,0.3333333333333333,4
2,1752840647456,0.8208955223880597,0.3333333333333333,4
2,1752840647557,0.8208955223880597,0.4,4
2,1752840647658,0.8507462686567164,0.2,4
2,1752840647759,0.8208955223880597,0.2,4
2,1752840647860,0.835820895522388,0.3333333333333333,4
2,1752840647961,0.835820895522388,0.4666666666666667,4
2,1752840648062,0.8507462686567164,0.4,4
2,1752840648163,0.8507462686567164,0.3333333333333333,4
2,1752840648264,0.8805970149253731,0.3333333333333333,4
2,1752840648364,0.8507462686567164,0.3333333333333333,4
2,1752840648465,0.8656716417910447,0.3333333333333333,4
2,1752840648566,0.8656716417910447,0.3333333333333333,4
2,1752840648667,0.8805970149253731,0.5333333333333333,4
2,1752840648768,0.8656716417910447,0.4666666666666667,4
2,1752840648869,0.8656716417910447,0.3333333333333333,4
2,1752840648970,0.8507462686567164,0.4,4
2,1752840649071,0.8656716417910447,0.3333333333333333,4
2,1752840649172,0.8507462686567164,0.4,4
2,1752840649272,0.835820895522388,0.3333333333333333,4
2,1752840649373,0.835820895522388,0.6,4
2,1752840649474,0.8208955223880597,0.4,4
2,1752840649575,0.8208955223880597,0.3333333333333333,4
2,1752840649676,0.8059701492537313,0.3333333333333333,4
2,1752840649777,0.8208955223880597,0.26666666666666666,4
2,1752840649878,0.8059701492537313,0.3333333333333333,4
2,1752840649979,0.8208955223880597,0.3333333333333333,4
2,1752840650079,0.835820895522388,0.6,4
2,1752840650180,0.8208955223880597,0.4,4
2,1752840650281,0.8208955223880597,0.26666666666666666,4
2,1752840650382,0.835820895522388,0.3333333333333333,4
2,1752840650483,0.835820895522388,0.3333333333333333,4
2,1752840650584,0.8507462686567164,0.3333333333333333,4
2,1752840650685,0.8656716417910447,0.3333333333333333,4
2,1752840650786,0.8656716417910447,0.6,4
2,1752840650887,0.8805970149253731,0.4,4
2,1752840650987,0.8656716417910447,0.3333333333333333,4
2,1752840651088,0.8656716417910447,0.26666666666666666,4
2,1752840651189,0.8656716417910447,0.4,4
2,1752840651290,0.8656716417910447,0.4,4
2,1752840651391,0.8805970149253731,0.26666666666666666,4
2,1752840651492,0.8805970149253731,0.6,4
2,1752840651593,0.8656716417910447,0.3333333333333333,4
2,1752840651693,0.835820895522388,0.3333333333333333,4
2,1752840651795,0.835820895522388,0.3333333333333333,4
2,1752840651895,0.835820895522388,0.26666666666666666,4
2,1752840651996,0.835820895522388,0.3333333333333333,4
2,1752840652097,0.8208955223880597,0.26666666666666666,4
2,1752840652198,0.8208955223880597,0.3333333333333333,4
2,1752840652299,0.835820895522388,0.6,4
2,1752840652400,0.7910447761194029,0.2,4
2,1752840652500,0.8059701492537313,0.3333333333333333,4
2,1752840652602,0.8208955223880597,0.3333333333333333,4
2,1752840652702,0.835820895522388,0.4,4
2,1752840652803,0.8208955223880597,0.26666666666666666,4
2,1752840652904,0.835820895522388,0.26666666666666666,4
2,1752840653005,0.835820895522388,0.4666666666666667,4
2,1752840653106,0.8507462686567164,0.4,4
2,1752840653207,0.8507462686567164,0.3333333333333333,4
2,1752840653307,0.8656716417910447,0.3333333333333333,4
2,1752840653408,0.8656716417910447,0.26666666666666666,4
2,1752840653509,0.8656716417910447,0.3333333333333333,4
2,1752840653610,0.8805970149253731,0.26666666666666666,4
2,1752840653711,0.8805970149253731,0.4,4
2,1752840653812,0.8656716417910447,0.4666666666666667,4
2,1752840653913,0.8656716417910447,0.26666666666666666,4
2,1752840654014,0.8507462686567164,0.3333333333333333,4
2,1752840654115,0.8507462686567164,0.26666666666666666,4
2,1752840654216,0.8507462686567164,0.4,4
2,1752840654316,0.835820895522388,0.3333333333333333,4
2,1752840654417,0.8208955223880597,0.4666666666666667,4
2,1752840654518,0.8208955223880597,0.26666666666666666,4
2,1752840654619,0.8208955223880597,0.26666666666666666,4
2,1752840654720,0.8208955223880597,0.3333333333333333,4
2,1752840654821,0.8208955223880597,0.3333333333333333,4
2,1752840654922,0.8208955223880597,0.3333333333333333,4
2,1752840655023,0.8208955223880597,0.4,4
2,1752840655123,0.8208955223880597,0.4666666666666667,4
2,1752840655224,0.835820895522388,0.2,4
2,1752840655325,0.835820895522388,0.3333333333333333,4
2,1752840655426,0.835820895522388,0.3333333333333333,4
2,1752840655527,0.8507462686567164,0.26666666666666666,4
2,1752840655628,0.8656716417910447,0.3333333333333333,4
2,1752840655729,0.8955223880597015,0.4666666666666667,4
2,1752840655829,0.8656716417910447,0.4,4
2,1752840655931,0.8656716417910447,0.3333333333333333,4
2,1752840656032,0.8656716417910447,0.3333333333333333,4
2,1752840656132,0.8656716417910447,0.4,4
2,1752840656233,0.8656716417910447,0.3333333333333333,4
2,1752840656334,0.8656716417910447,0.26666666666666666,4
2,1752840656435,0.8656716417910447,0.4666666666666667,4
2,1752840656536,0.8805970149253731,0.4,4
2,1752840656637,0.8656716417910447,0.3333333333333333,4
2,1752840656738,0.8507462686567164,0.3333333333333333,4
2,1752840656838,0.835820895522388,0.3333333333333333,4
2,1752840656939,0.835820895522388,0.26666666666666666,4
2,1752840657040,0.835820895522388,0.3333333333333333,4
2,1752840657141,0.8507462686567164,0.5333333333333333,4
2,1752840657242,0.8208955223880597,0.4,4
2,1752840657343,0.8507462686567164,0.3333333333333333,4
2,1752840657444,0.8208955223880597,0.3333333333333333,4
2,1752840657545,0.8208955223880597,0.26666666666666666,4
2,1752840657646,0.8208955223880597,0.3333333333333333,4
2,1752840657746,0.8208955223880597,0.26666666666666666,4
2,1752840657847,0.835820895522388,0.5333333333333333,4
2,1752840657948,0.8507462686567164,0.3333333333333333,4
2,1752840658049,0.8507462686567164,0.3333333333333333,4
2,1752840658150,0.8507462686567164,0.3333333333333333,4
2,1752840658251,0.8805970149253731,0.26666666666666666,4
2,1752840658351,0.8656716417910447,0.4,4
2,1752840658453,0.8656716417910447,0.3333333333333333,4
2,1752840658553,0.8805970149253731,0.5333333333333333,4
2,1752840658654,0.8805970149253731,0.3333333333333333,4
2,1752840658755,0.8805970149253731,0.2,4
2,1752840658856,0.8656716417910447,0.4666666666666667,4
2,1752840658957,0.8507462686567164,0.3333333333333333,4
2,1752840659058,0.8507462686567164,0.3333333333333333,4
2,1752840659159,0.8656716417910447,0.2,4
2,1752840659259,0.8805970149253731,0.4666666666666667,4
2,1752840659361,0.835820895522388,0.4,4
2,1752840659461,0.8208955223880597,0.26666666666666666,4
2,1752840659562,0.835820895522388,0.4,4
2,1752840659663,0.835820895522388,0.3333333333333333,4
2,1752840659764,0.8208955223880597,0.3333333333333333,4
2,1752840659865,0.8208955223880597,0.3333333333333333,4
2,1752840659966,0.8208955223880597,0.4666666666666667,4
2,1752840660066,0.8208955223880597,0.3333333333333333,4
2,1752840660168,0.8208955223880597,0.2,4
2,1752840660269,0.8208955223880597,0.3333333333333333,4
2,1752840660369,0.835820895522388,0.3333333333333333,4
2,1752840660470,0.835820895522388,0.26666666666666666,4
2,1752840660571,0.8507462686567164,0.3333333333333333,4
2,1752840660672,0.8507462686567164,0.4,4
2,1752840660773,0.8805970149253731,0.26666666666666666,4
2,1752840660874,0.8656716417910447,0.4,4
2,1752840660975,0.8507462686567164,0.3333333333333333,4
2,1752840661075,0.8656716417910447,0.3333333333333333,4
2,1752840661176,0.8805970149253731,0.26666666666666666,4
2,1752840661277,0.9104477611940298,0.4666666666666667,4
2,1752840661378,0.8656716417910447,0.4,4
2,1752840661479,0.8507462686567164,0.4,4
2,1752840661580,0.8507462686567164,0.4,4
2,1752840661681,0.8507462686567164,0.3333333333333333,4
2,1752840661782,0.8507462686567164,0.3333333333333333,4
2,1752840661882,0.8507462686567164,0.26666666666666666,4
2,1752840661983,0.8208955223880597,0.3333333333333333,4
2,1752840662084,0.8208955223880597,0.6,4
2,1752840662185,0.8208955223880597,0.3333333333333333,4
2,1752840662286,0.8208955223880597,0.3333333333333333,4
2,1752840662387,0.8208955223880597,0.4,4
2,1752840662488,0.8208955223880597,0.26666666666666666,4
2,1752840662589,0.8208955223880597,0.3333333333333333,4
2,1752840662689,0.8208955223880597,0.4666666666666667,4
2,1752840662790,0.835820895522388,0.4,4
2,1752840662891,0.8507462686567164,0.26666666666666666,4
2,1752840662992,0.8507462686567164,0.2,4
2,1752840663093,0.8507462686567164,0.4,4
2,1752840663194,0.8507462686567164,0.13333333333333333,4
2,1752840663295,0.8656716417910447,0.3333333333333333,4
2,1752840663395,0.8805970149253731,0.4666666666666667,4
2,1752840663496,0.8507462686567164,0.4666666666666667,4
2,1752840663597,0.8656716417910447,0.3333333333333333,4
2,1752840663698,0.8656716417910447,0.3333333333333333,4
2,1752840663799,0.8805970149253731,0.3333333333333333,4
2,1752840663900,0.8805970149253731,0.3333333333333333,4
2,1752840664001,0.8656716417910447,0.3333333333333333,4
2,1752840664102,0.8507462686567164,0.4666666666666667,4
2,1752840664203,0.8507462686567164,0.4666666666666667,4
2,1752840664303,0.835820895522388,0.26666666666666666,4
2,1752840664404,0.835820895522388,0.3333333333333333,4
2,1752840664505,0.835820895522388,0.3333333333333333,4
2,1752840664606,0.8208955223880597,0.26666666666666666,4
2,1752840664707,0.8059701492537313,0.4,4
2,1752840664808,0.8208955223880597,0.2,4
2,1752840664909,0.8208955223880597,0.6,4
2,1752840665010,0.8208955223880597,0.4,4
2,1752840665110,0.8208955223880597,0.4,4
2,1752840665211,0.8208955223880597,0.4,4
2,1752840665312,0.8208955223880597,0.26666666666666666,4
2,1752840665413,0.835820895522388,0.3333333333333333,4
2,1752840665514,0.8507462686567164,0.3333333333333333,4
2,1752840665615,0.8507462686567164,0.4666666666666667,4
2,1752840665716,0.8507462686567164,0.4666666666666667,4
2,1752840665817,0.8656716417910447,0.3333333333333333,4
2,1752840665918,0.8656716417910447,0.4,4
2,1752840666019,0.8656716417910447,0.3333333333333333,4
2,1752840666119,0.8805970149253731,0.3333333333333333,4
2,1752840666221,0.8656716417910447,0.3333333333333333,4
2,1752840666321,0.8656716417910447,0.4666666666666667,4
2,1752840666422,0.8507462686567164,0.5333333333333333,4
2,1752840666523,0.8805970149253731,0.3333333333333333,4
2,1752840666624,0.8507462686567164,0.3333333333333333,4
2,1752840666725,0.8507462686567164,0.3333333333333333,4
2,1752840666826,0.8507462686567164,0.26666666666666666,4
2,1752840666927,0.835820895522388,0.3333333333333333,4
2,1752840667027,0.8208955223880597,0.3333333333333333,4
2,1752840667128,0.8208955223880597,0.6,4
2,1752840667229,0.8208955223880597,0.4,4
2,1752840667330,0.8208955223880597,0.3333333333333333,4
2,1752840667431,0.835820895522388,0.26666666666666666,4
2,1752840667532,0.8208955223880597,0.3333333333333333,4
2,1752840667633,0.8208955223880597,0.2,4
2,1752840667734,0.835820895522388,0.4666666666666667,4
2,1752840667835,0.835820895522388,0.5333333333333333,4
2,1752840667935,0.835820895522388,0.4,4
2,1752840668036,0.835820895522388,0.4,4
2,1752840668137,0.8507462686567164,0.3333333333333333,4
2,1752840668238,0.8656716417910447,0.26666666666666666,4
2,1752840668339,0.8656716417910447,0.26666666666666666,4
2,1752840668440,0.8656716417910447,0.2,4
2,1752840668540,0.8805970149253731,0.7333333333333333,4
2,1752840668641,0.8656716417910447,0.4,4
2,1752840668742,0.8656716417910447,0.26666666666666666,4
2,1752840668843,0.8656716417910447,0.26666666666666666,4
2,1752840668944,0.8656716417910447,0.3333333333333333,4
2,1752840669045,0.8507462686567164,0.3333333333333333,4
2,1752840669146,0.8507462686567164,0.3333333333333333,4
2,1752840669247,0.8507462686567164,0.3333333333333333,4
2,1752840669348,0.835820895522388,0.6666666666666666,4
2,1752840669448,0.8208955223880597,0.4666666666666667,4
2,1752840669549,0.835820895522388,0.3333333333333333,4
2,1752840669650,0.8208955223880597,0.3333333333333333,4
2,1752840669751,0.8208955223880597,0.26666666666666666,4
2,1752840669852,0.8208955223880597,0.3333333333333333,4
2,1752840669953,0.8208955223880597,0.2,4
2,1752840670054,0.8208955223880597,0.5333333333333333,4
2,1752840670155,0.8208955223880597,0.4666666666666667,4
2,1752840670255,0.8208955223880597,0.26666666666666666,4
2,1752840670357,0.835820895522388,0.4,4
2,1752840670457,0.835820895522388,0.26666666666666666,4
2,1752840670558,0.8805970149253731,0.26666666666666666,4
2,1752840670659,0.8656716417910447,0.26666666666666666,4
2,1752840670760,0.8656716417910447,0.3333333333333333,4
2,1752840670861,0.8955223880597015,0.6,4
2,1752840670962,0.8656716417910447,0.4666666666666667,4
2,1752840671062,0.8656716417910447,0.4,4
2,1752840671163,0.8805970149253731,0.4,4
2,1752840671264,0.8805970149253731,0.26666666666666666,4
2,1752840671365,0.8656716417910447,0.26666666666666666,4
2,1752840671466,0.8656716417910447,0.3333333333333333,4
2,1752840671567,0.8656716417910447,0.3333333333333333,4
2,1752840671668,0.8208955223880597,0.5333333333333333,4
2,1752840671769,0.8507462686567164,0.3333333333333333,4
2,1752840671870,0.835820895522388,0.3333333333333333,4
2,1752840671970,0.8208955223880597,0.26666666666666666,4
2,1752840672071,0.835820895522388,0.26666666666666666,4
2,1752840672172,0.8059701492537313,0.26666666666666666,4
2,1752840672273,0.8208955223880597,0.3333333333333333,4
2,1752840672374,0.8208955223880597,0.6,4
2,1752840672475,0.835820895522388,0.3333333333333333,4
2,1752840672576,0.8656716417910447,0.26666666666666666,4
2,1752840672677,0.8208955223880597,0.3333333333333333,4
2,1752840672777,0.835820895522388,0.3333333333333333,4
2,1752840672878,0.835820895522388,0.26666666666666666,4
2,1752840672979,0.8507462686567164,0.5333333333333333,4
2,1752840673080,0.8507462686567164,0.4666666666666667,4
2,1752840673181,0.8507462686567164,0.4,4
2,1752840673282,0.8656716417910447,0.3333333333333333,4
2,1752840673383,0.8656716417910447,0.26666666666666666,4
2,1752840673483,0.8656716417910447,0.26666666666666666,4
2,1752840673584,0.8656716417910447,0.3333333333333333,4
2,1752840673685,0.8805970149253731,0.6,4
2,1752840673786,0.8656716417910447,0.3333333333333333,4
2,1752840673887,0.8656716417910447,0.26666666666666666,4
2,1752840673988,0.8656716417910447,0.3333333333333333,4
2,1752840674089,0.8507462686567164,0.3333333333333333,4
2,1752840674190,0.835820895522388,0.26666666666666666,4
2,1752840674291,0.835820895522388,0.3333333333333333,4
2,1752840674391,0.835820895522388,0.6,4
2,1752840674492,0.8208955223880597,0.4,4
2,1752840674593,0.8208955223880597,0.3333333333333333,4
2,1752840674694,0.8208955223880597,0.3333333333333333,4
2,1752840674795,0.8059701492537313,0.2,4
2,1752840674896,0.8059701492537313,0.3333333333333333,4
2,1752840674997,0.8507462686567164,0.5333333333333333,4
2,1752840675098,0.8208955223880597,0.4666666666666667,4
2,1752840675199,0.835820895522388,0.26666666666666666,4
2,1752840675299,0.8208955223880597,0.3333333333333333,4
2,1752840675401,0.835820895522388,0.3333333333333333,4
2,1752840675501,0.8507462686567164,0.26666666666666666,4
2,1752840675602,0.8656716417910447,0.3333333333333333,4
2,1752840675703,0.8656716417910447,0.6,4
2,1752840675804,0.8656716417910447,0.4,4
2,1752840675905,0.8805970149253731,0.3333333333333333,4
2,1752840676006,0.8805970149253731,0.4,4
2,1752840676107,0.8656716417910447,0.26666666666666666,4
2,1752840676208,0.8656716417910447,0.3333333333333333,4
2,1752840676309,0.8656716417910447,0.26666666666666666,4
2,1752840676409,0.8656716417910447,0.26666666666666666,4
2,1752840676510,0.8507462686567164,0.6,4
2,1752840676611,0.8208955223880597,0.4,4
2,1752840676712,0.835820895522388,0.3333333333333333,4
2,1752840676813,0.835820895522388,0.4,4
2,1752840676914,0.8208955223880597,0.26666666666666666,4
2,1752840677014,0.8208955223880597,0.26666666666666666,4
2,1752840677115,0.8059701492537313,0.26666666666666666,4
2,1752840677216,0.8208955223880597,0.4666666666666667,4
2,1752840677317,0.8208955223880597,0.4,4
2,1752840677418,0.8208955223880597,0.26666666666666666,4
2,1752840677519,0.835820895522388,0.26666666666666666,4
2,1752840677620,0.835820895522388,0.2,4
2,1752840677721,0.835820895522388,0.26666666666666666,4
2,1752840677821,0.8507462686567164,0.26666666666666666,4
2,1752840677922,0.8507462686567164,0.5333333333333333,4
2,1752840678023,0.8507462686567164,0.3333333333333333,4
2,1752840678124,0.8656716417910447,0.26666666666666666,4
2,1752840678225,0.8805970149253731,0.3333333333333333,4
2,1752840678326,0.8507462686567164,0.4666666666666667,4
2,1752840678427,0.8805970149253731,0.26666666666666666,4
2,1752840678528,0.8955223880597015,0.26666666666666666,4
2,1752840678629,0.8656716417910447,0.26666666666666666,4
2,1752840678729,0.8656716417910447,0.4666666666666667,4
2,1752840678830,0.8656716417910447,0.4,4
2,1752840678931,0.8656716417910447,0.26666666666666666,4
2,1752840679032,0.8507462686567164,0.4,4
2,1752840679133,0.8507462686567164,0.26666666666666666,4
2,1752840679234,0.835820895522388,0.3333333333333333,4
2,1752840679335,0.8208955223880597,0.3333333333333333,4
2,1752840679436,0.8208955223880597,0.4,4
2,1752840679536,0.8208955223880597,0.4,4
2,1752840679637,0.8208955223880597,0.26666666666666666,4
2,1752840679738,0.8208955223880597,0.4,4
2,1752840679839,0.8208955223880597,0.26666666666666666,4
2,1752840679940,0.8208955223880597,0.3333333333333333,4
2,1752840680041,0.835820895522388,0.26666666666666666,4
2,1752840680142,0.8656716417910447,0.2,4
2,1752840680243,0.835820895522388,0.4666666666666667,4
2,1752840680344,0.8059701492537313,0.4666666666666667,4
2,1752840680445,0.8507462686567164,0.5333333333333333,4
3,1752839386004,0.7761194029850746,0.3333333333333333,4
3,1752839386105,0.7761194029850746,0.26666666666666666,4
3,1752839386206,0.7761194029850746,0.6,4
3,1752839386307,0.7761194029850746,0.5333333333333333,4
3,1752839386408,0.7761194029850746,0.3333333333333333,4
3,1752839386508,0.7761194029850746,0.3333333333333333,4
3,1752839386609,0.7761194029850746,0.3333333333333333,4
3,1752839386710,0.7910447761194029,0.2,4
3,1752839386811,0.7761194029850746,0.2,4
3,1752839386912,0.7761194029850746,0.2,4
3,1752839387013,0.8208955223880597,0.13333333333333333,4
3,1752839387113,0.7910447761194029,0.3333333333333333,4
3,1752839387214,0.8208955223880597,0.9333333333333333,4
3,1752839387315,0.8208955223880597,0.26666666666666666,4
3,1752839387416,0.8208955223880597,0.2,4
3,1752839387517,0.8208955223880597,0.2,4
3,1752839387618,0.8059701492537313,0.13333333333333333,4
3,1752839387718,0.8208955223880597,0.4,4
3,1752839387819,0.8208955223880597,0.4,4
3,1752839387920,0.8059701492537313,0.2,4
3,1752839388021,0.8059701492537313,0.5333333333333333,4
3,1752839388122,0.8059701492537313,0.7333333333333333,4
3,1752839388223,0.8059701492537313,0.26666666666666666,4
3,1752839388323,0.8059701492537313,0.4,4
3,1752839388424,0.7910447761194029,0.3333333333333333,4
3,1752839388525,0.7761194029850746,0.26666666666666666,4
3,1752839388626,0.7761194029850746,0.2,4
3,1752839388727,0.7761194029850746,0.26666666666666666,4
3,1752839388828,0.7910447761194029,0.4666666666666667,4
3,1752839388928,0.7761194029850746,0.6,4
3,1752839389029,0.7910447761194029,0.26666666666666666,4
3,1752839389130,0.8059701492537313,0.26666666666666666,4
3,1752839389231,0.7910447761194029,0.3333333333333333,4
3,1752839389332,0.7761194029850746,0.26666666666666666,4
3,1752839389433,0.7910447761194029,0.2,4
3,1752839389533,0.7910447761194029,0.6,4
3,1752839389634,0.8059701492537313,0.4,4
3,1752839389735,0.8059701492537313,0.2,4
3,1752839389836,0.8208955223880597,0.4,4
3,1752839389937,0.8208955223880597,0.2,4
3,1752839390038,0.8208955223880597,0.26666666666666666,4
3,1752839390138,0.8208955223880597,0.3333333333333333,4
3,1752839390239,0.8208955223880597,0.6666666666666666,4
3,1752839390340,0.8208955223880597,0.4,4
3,1752839390441,0.8059701492537313,0.26666666666666666,4
3,1752839390542,0.835820895522388,0.26666666666666666,4
3,1752839390643,0.7910447761194029,0.26666666666666666,4
3,1752839390743,0.8059701492537313,0.26666666666666666,4
3,1752839390844,0.8059701492537313,0.3333333333333333,4
3,1752839390945,0.835820895522388,0.6,4
3,1752839391046,0.8059701492537313,0.26666666666666666,4
3,1752839391147,0.8208955223880597,0.26666666666666666,4
3,1752839391248,0.746268656716418,0.4666666666666667,4
3,1752839391349,0.7611940298507462,0.3333333333333333,4
3,1752839391449,0.7611940298507462,0.26666666666666666,4
3,1752839391550,0.7761194029850746,0.26666666666666666,4
3,1752839391651,0.7761194029850746,0.6,4
3,1752839391752,0.7761194029850746,0.3333333333333333,4
3,1752839391853,0.7910447761194029,0.3333333333333333,4
3,1752839391953,0.7910447761194029,0.3333333333333333,4
3,1752839392054,0.8059701492537313,0.26666666666666666,4
3,1752839392155,0.8059701492537313,0.26666666666666666,4
3,1752839392256,0.8059701492537313,0.3333333333333333,4
3,1752839392357,0.8208955223880597,0.6666666666666666,4
3,1752839392458,0.835820895522388,0.26666666666666666,4
3,1752839392558,0.8208955223880597,0.3333333333333333,4
3,1752839392660,0.835820895522388,0.3333333333333333,4
3,1752839392760,0.835820895522388,0.2,4
3,1752839392861,0.835820895522388,0.26666666666666666,4
3,1752839392962,0.8208955223880597,0.3333333333333333,4
3,1752839393063,0.8507462686567164,0.6,4
3,1752839393164,0.835820895522388,0.2,4
3,1752839393264,0.8208955223880597,0.26666666666666666,4
3,1752839393365,0.8208955223880597,0.3333333333333333,4
3,1752839393466,0.7910447761194029,0.26666666666666666,4
3,1752839393567,0.7910447761194029,0.26666666666666666,4
3,1752839393668,0.7910447761194029,0.4,4
3,1752839393769,0.7761194029850746,0.6,4
3,1752839393869,0.7761194029850746,0.3333333333333333,4
3,1752839393970,0.7910447761194029,0.3333333333333333,4
3,1752839394071,0.7910447761194029,0.26666666666666666,4
3,1752839394172,0.7910447761194029,0.2,4
3,1752839394273,0.7910447761194029,0.26666666666666666,4
3,1752839394374,0.7910447761194029,0.4,4
3,1752839394474,0.8059701492537313,0.6,4
3,1752839394575,0.7910447761194029,0.3333333333333333,4
3,1752839394676,0.8059701492537313,0.26666666666666666,4
3,1752839394777,0.8059701492537313,0.4,4
3,1752839394878,0.8208955223880597,0.4,4
3,1752839394978,0.8507462686567164,0.2,4
3,1752839395079,0.835820895522388,0.2,4
3,1752839395180,0.835820895522388,0.6666666666666666,4
3,1752839395281,0.8507462686567164,0.3333333333333333,4
3,1752839395382,0.835820895522388,0.4,4
3,1752839395483,0.835820895522388,0.3333333333333333,4
3,1752839395584,0.8208955223880597,0.26666666666666666,4
3,1752839395684,0.8208955223880597,0.2,4
3,1752839395785,0.8208955223880597,0.4,4
3,1752839395886,0.8208955223880597,0.6666666666666666,4
3,1752839395987,0.8059701492537313,0.3333333333333333,4
3,1752839396088,0.7910447761194029,0.3333333333333333,4
3,1752839396189,0.8208955223880597,0.3333333333333333,4
3,1752839396289,0.7910447761194029,0.26666666666666666,4
3,1752839396391,0.7761194029850746,0.3333333333333333,4
3,1752839396491,0.7761194029850746,0.26666666666666666,4
3,1752839396592,0.7910447761194029,0.6666666666666666,4
3,1752839396693,0.7761194029850746,0.3333333333333333,4
3,1752839396794,0.7761194029850746,0.26666666666666666,4
3,1752839396895,0.7761194029850746,0.3333333333333333,4
3,1752839396996,0.7910447761194029,0.26666666666666666,4
3,1752839397096,0.7910447761194029,0.26666666666666666,4
3,1752839397197,0.8059701492537313,0.3333333333333333,4
3,1752839397298,0.8208955223880597,0.6,4
3,1752839397399,0.8208955223880597,0.4,4
3,1752839397499,0.835820895522388,0.26666666666666666,4
3,1752839397600,0.8208955223880597,0.4,4
3,1752839397701,0.7910447761194029,0.3333333333333333,4
3,1752839397802,0.8208955223880597,0.26666666666666666,4
3,1752839397903,0.835820895522388,0.26666666666666666,4
3,1752839398004,0.835820895522388,0.6,4
3,1752839398105,0.835820895522388,0.4,4
3,1752839398205,0.835820895522388,0.2,4
3,1752839398306,0.8208955223880597,0.4,4
3,1752839398407,0.8208955223880597,0.26666666666666666,4
3,1752839398508,0.8208955223880597,0.3333333333333333,4
3,1752839398609,0.8059701492537313,0.26666666666666666,4
3,1752839398710,0.8059701492537313,0.6,4
3,1752839398811,0.7910447761194029,0.5333333333333333,4
3,1752839398911,0.7910447761194029,0.2,4
3,1752839399012,0.7761194029850746,0.4,4
3,1752839399113,0.7611940298507462,0.2,4
3,1752839399214,0.7910447761194029,0.2,4
3,1752839399315,0.7761194029850746,0.4,4
3,1752839399415,0.7910447761194029,0.3333333333333333,4
3,1752839399516,0.7761194029850746,0.7333333333333333,4
3,1752839399617,0.7761194029850746,0.26666666666666666,4
3,1752839399718,0.8059701492537313,0.26666666666666666,4
3,1752839399819,0.7910447761194029,0.3333333333333333,4
3,1752839399919,0.8208955223880597,0.2,4
3,1752839400020,0.8208955223880597,0.2,4
3,1752839400121,0.8208955223880597,0.3333333333333333,4
3,1752839400222,0.835820895522388,0.6666666666666666,4
3,1752839400323,0.835820895522388,0.3333333333333333,4
3,1752839400424,0.835820895522388,0.3333333333333333,4
3,1752839400524,0.835820895522388,0.4,4
3,1752839400625,0.835820895522388,0.26666666666666666,4
3,1752839400726,0.8208955223880597,0.26666666666666666,4
3,1752839400827,0.835820895522388,0.6,4
3,1752839400928,0.8208955223880597,0.6,4
3,1752839401029,0.8507462686567164,0.2,4
3,1752839401130,0.7910447761194029,0.26666666666666666,4
3,1752839401231,0.8059701492537313,0.26666666666666666,4
3,1752839401331,0.7910447761194029,0.3333333333333333,4
3,1752839401432,0.7910447761194029,0.2,4
3,1752839401533,0.7761194029850746,0.6,4
3,1752839401634,0.7910447761194029,0.5333333333333333,4
3,1752839401734,0.7611940298507462,0.4,4
3,1752839401835,0.7910447761194029,0.3333333333333333,4
3,1752839401936,0.7761194029850746,0.26666666666666666,4
3,1752839402037,0.7910447761194029,0.26666666666666666,4
3,1752839402138,0.7910447761194029,0.3333333333333333,4
3,1752839402239,0.7910447761194029,0.7333333333333333,4
3,1752839402339,0.8059701492537313,0.4,4
3,1752839402440,0.8059701492537313,0.26666666666666666,4
3,1752839402541,0.8208955223880597,0.3333333333333333,4
3,1752839402642,0.8208955223880597,0.26666666666666666,4
3,1752839402743,0.835820895522388,0.26666666666666666,4
3,1752839402844,0.835820895522388,0.5333333333333333,4
3,1752839402945,0.835820895522388,0.5333333333333333,4
3,1752839403045,0.835820895522388,0.26666666666666666,4
3,1752839403146,0.8507462686567164,0.3333333333333333,4
3,1752839403247,0.8507462686567164,0.2,4
3,1752839403348,0.835820895522388,0.13333333333333333,4
3,1752839403449,0.8208955223880597,0.3333333333333333,4
3,1752839403550,0.8059701492537313,0.6666666666666666,4
3,1752839403651,0.8208955223880597,0.4666666666666667,4
3,1752839403751,0.8059701492537313,0.26666666666666666,4
3,1752839403852,0.7910447761194029,0.4,4
3,1752839403953,0.7910447761194029,0.3333333333333333,4
3,1752839404054,0.8059701492537313,0.26666666666666666,4
3,1752839404155,0.7761194029850746,0.26666666666666666,4
3,1752839404255,0.7761194029850746,0.3333333333333333,4
3,1752839404356,0.7761194029850746,0.7333333333333333,4
3,1752839404457,0.7910447761194029,0.26666666666666666,4
3,1752839404558,0.7910447761194029,0.26666666666666666,4
3,1752839404659,0.835820895522388,0.3333333333333333,4
3,1752839404760,0.7910447761194029,0.2,4
3,1752839404860,0.8059701492537313,0.26666666666666666,4
3,1752839404961,0.8208955223880597,0.4666666666666667,4
3,1752839405062,0.8656716417910447,0.6,4
3,1752839405163,0.8208955223880597,0.3333333333333333,4
3,1752839405264,0.8208955223880597,0.3333333333333333,4
3,1752839405365,0.835820895522388,0.2,4
3,1752839405465,0.8507462686567164,0.26666666666666666,4
3,1752839405566,0.835820895522388,0.3333333333333333,4
3,1752839405667,0.835820895522388,0.2,4
3,1752839405768,0.835820895522388,0.8,4
3,1752839405869,0.8208955223880597,0.3333333333333333,4
3,1752839405970,0.8208955223880597,0.3333333333333333,4
3,1752839406070,0.835820895522388,0.3333333333333333,4
3,1752839406171,0.8059701492537313,0.26666666666666666,4
3,1752839406272,0.8059701492537313,0.26666666666666666,4
3,1752839406373,0.7910447761194029,0.2,4
3,1752839406474,0.7910447761194029,0.7333333333333333,4
3,1752839406575,0.8059701492537313,0.5333333333333333,4
3,1752839406676,0.7910447761194029,0.2,4
3,1752839406777,0.7761194029850746,0.4,4
3,1752839406877,0.7910447761194029,0.26666666666666666,4
3,1752839406978,0.7910447761194029,0.2,4
3,1752839407079,0.7910447761194029,0.2,4
3,1752839407180,0.8059701492537313,0.7333333333333333,4
3,1752839407281,0.8208955223880597,0.4,4
3,1752839407381,0.8059701492537313,0.3333333333333333,4
3,1752839407482,0.8059701492537313,0.3333333333333333,4
3,1752839407583,0.8208955223880597,0.26666666666666666,4
3,1752839407684,0.8208955223880597,0.2,4
3,1752839407785,0.835820895522388,0.3333333333333333,4
3,1752839407885,0.835820895522388,0.8,4
3,1752839407986,0.8507462686567164,0.26666666666666666,4
3,1752839408087,0.8955223880597015,0.06666666666666667,4
3,1752839408188,0.8507462686567164,0.3333333333333333,4
3,1752839408289,0.835820895522388,0.3333333333333333,4
3,1752839408390,0.835820895522388,0.26666666666666666,4
3,1752839408490,0.835820895522388,0.6,4
3,1752839408591,0.8208955223880597,0.5333333333333333,4
3,1752839408692,0.835820895522388,0.3333333333333333,4
3,1752839408793,0.8208955223880597,0.4,4
3,1752839408894,0.8059701492537313,0.3333333333333333,4
3,1752839408995,0.8059701492537313,0.2,4
3,1752839409096,0.8059701492537313,0.26666666666666666,4
3,1752839409196,0.8059701492537313,0.5333333333333333,4
3,1752839409298,0.8059701492537313,0.4,4
3,1752839409398,0.8059701492537313,0.3333333333333333,4
3,1752839409499,0.7761194029850746,0.4,4
3,1752839409600,0.7910447761194029,0.26666666666666666,4
3,1752839409701,0.7910447761194029,0.26666666666666666,4
3,1752839409802,0.7910447761194029,0.26666666666666666,4
3,1752839409903,0.8059701492537313,0.7333333333333333,4
3,1752839410003,0.8208955223880597,0.26666666666666666,4
3,1752839410104,0.8208955223880597,0.4,4
3,1752839410205,0.8208955223880597,0.3333333333333333,4
3,1752839410306,0.8208955223880597,0.26666666666666666,4
3,1752839410407,0.835820895522388,0.26666666666666666,4
3,1752839410508,0.835820895522388,0.7333333333333333,4
3,1752839410608,0.835820895522388,0.4666666666666667,4
3,1752839410709,0.835820895522388,0.3333333333333333,4
3,1752839410810,0.835820895522388,0.3333333333333333,4
3,1752839410911,0.835820895522388,0.26666666666666666,4
3,1752839411011,0.835820895522388,0.26666666666666666,4
3,1752839411112,0.835820895522388,0.26666666666666666,4
3,1752839411213,0.8208955223880597,0.8666666666666667,4
3,1752839411314,0.8059701492537313,0.4666666666666667,4
3,1752839411415,0.8059701492537313,0.26666666666666666,4
3,1752839411516,0.8059701492537313,0.4,4
3,1752839411617,0.8059701492537313,0.13333333333333333,4
3,1752839411717,0.7910447761194029,0.26666666666666666,4
3,1752839411818,0.7910447761194029,0.3333333333333333,4
3,1752839411919,0.7761194029850746,0.8,4
3,1752839412020,0.7910447761194029,0.26666666666666666,4
3,1752839412121,0.7910447761194029,0.3333333333333333,4
3,1752839412221,0.7910447761194029,0.4,4
3,1752839412322,0.8059701492537313,0.2,4
3,1752839412423,0.8059701492537313,0.3333333333333333,4
3,1752839412524,0.8208955223880597,0.3333333333333333,4
3,1752839412625,0.8208955223880597,0.7333333333333333,4
3,1752839412726,0.8208955223880597,0.3333333333333333,4
3,1752839412827,0.8656716417910447,0.26666666666666666,4
3,1752839412927,0.8507462686567164,0.3333333333333333,4
3,1752839413028,0.8507462686567164,0.26666666666666666,4
3,1752839413129,0.8507462686567164,0.4,4
3,1752839413230,0.835820895522388,0.06666666666666667,4
3,1752839413331,0.835820895522388,0.4666666666666667,4
3,1752839413432,0.8507462686567164,0.6,4
3,1752839413532,0.8208955223880597,0.4,4
3,1752839413633,0.8208955223880597,0.3333333333333333,4
3,1752839413734,0.8208955223880597,0.26666666666666666,4
3,1752839413835,0.8208955223880597,0.13333333333333333,4
3,1752839413936,0.8059701492537313,0.2,4
3,1752839414037,0.8059701492537313,0.4,4
3,1752839414137,0.8059701492537313,0.6,4
3,1752839414238,0.7910447761194029,0.2,4
3,1752839414339,0.7761194029850746,0.3333333333333333,4
3,1752839414440,0.7910447761194029,0.3333333333333333,4
3,1752839414541,0.7910447761194029,0.2,4
3,1752839414641,0.8059701492537313,0.26666666666666666,4
3,1752839414742,0.8059701492537313,0.7333333333333333,4
3,1752839414843,0.8059701492537313,0.4,4
3,1752839414944,0.8208955223880597,0.26666666666666666,4
3,1752839415045,0.8208955223880597,0.3333333333333333,4
3,1752839415146,0.8208955223880597,0.3333333333333333,4
3,1752839415247,0.835820895522388,0.26666666666666666,4
3,1752839415347,0.835820895522388,0.26666666666666666,4
3,1752839415448,0.8507462686567164,0.6666666666666666,4
3,1752839415549,0.8507462686567164,0.4,4
3,1752839415650,0.8507462686567164,0.2,4
3,1752839415751,0.8507462686567164,0.3333333333333333,4
3,1752839415852,0.835820895522388,0.26666666666666666,4
3,1752839415952,0.8507462686567164,0.2,4
3,1752839416053,0.835820895522388,0.26666666666666666,4
3,1752839416154,0.835820895522388,0.6666666666666666,4
3,1752839416255,0.8208955223880597,0.4666666666666667,4
3,1752839416356,0.8208955223880597,0.2,4
3,1752839416456,0.8059701492537313,0.4,4
3,1752839416557,0.7910447761194029,0.3333333333333333,4
3,1752839416658,0.7910447761194029,0.26666666666666666,4
3,1752839416759,0.7910447761194029,0.4,4
3,1752839416860,0.7910447761194029,0.6666666666666666,4
3,1752839416961,0.7910447761194029,0.26666666666666666,4
3,1752839417062,0.8208955223880597,0.26666666666666666,4
3,1752839417162,0.835820895522388,0.26666666666666666,4
3,1752839417263,0.7761194029850746,0.2,4
3,1752839417364,0.835820895522388,0.13333333333333333,4
3,1752839417465,0.7761194029850746,0.3333333333333333,4
3,1752839417566,0.8059701492537313,0.7333333333333333,4
3,1752839417667,0.7910447761194029,0.3333333333333333,4
3,1752839417767,0.835820895522388,0.4,4
3,1752839417868,0.8656716417910447,0.26666666666666666,4
3,1752839417969,0.8507462686567164,0.26666666666666666,4
3,1752839418070,0.835820895522388,0.26666666666666666,4
3,1752839418171,0.8507462686567164,0.26666666666666666,4
3,1752839418272,0.8507462686567164,0.7333333333333333,4
3,1752839418372,0.835820895522388,0.3333333333333333,4
3,1752839418473,0.8507462686567164,0.26666666666666666,4
3,1752839418574,0.835820895522388,0.4,4
3,1752839418675,0.8208955223880597,0.3333333333333333,4
3,1752839418776,0.835820895522388,0.3333333333333333,4
3,1752839418877,0.8208955223880597,0.5333333333333333,4
3,1752839418977,0.7910447761194029,0.5333333333333333,4
3,1752839419078,0.8059701492537313,0.26666666666666666,4
3,1752839419179,0.8059701492537313,0.3333333333333333,4
3,1752839419280,0.8059701492537313,0.3333333333333333,4
3,1752839419381,0.7611940298507462,0.2,4
3,1752839419482,0.7910447761194029,0.26666666666666666,4
3,1752839419582,0.7910447761194029,0.8,4
3,1752839419683,0.7910447761194029,0.3333333333333333,4
3,1752839419784,0.8059701492537313,0.26666666666666666,4
3,1752839419885,0.8059701492537313,0.3333333333333333,4
3,1752839419986,0.8208955223880597,0.26666666666666666,4
3,1752839420087,0.8208955223880597,0.2,4
3,1752839420188,0.835820895522388,0.3333333333333333,4
3,1752839420289,0.8507462686567164,0.7333333333333333,4
3,1752839420390,0.8507462686567164,0.4,4
3,1752839420490,0.8507462686567164,0.3333333333333333,4
3,1752839420591,0.8507462686567164,0.3333333333333333,4
3,1752839420692,0.8507462686567164,0.26666666666666666,4
3,1752839420793,0.8507462686567164,0.3333333333333333,4
3,1752839420893,0.8507462686567164,0.26666666666666666,4
3,1752839420994,0.835820895522388,0.7333333333333333,4
3,1752839421095,0.8208955223880597,0.5333333333333333,4
3,1752839421196,0.8208955223880597,0.3333333333333333,4
3,1752839421297,0.8208955223880597,0.4,4
3,1752839421397,0.8208955223880597,0.3333333333333333,4
3,1752839421498,0.8208955223880597,0.26666666666666666,4
3,1752839421599,0.8059701492537313,0.4,4
3,1752839421700,0.7910447761194029,0.7333333333333333,4
3,1752839421801,0.8059701492537313,0.3333333333333333,4
3,1752839421902,0.7910447761194029,0.3333333333333333,4
3,1752839422003,0.8059701492537313,0.3333333333333333,4
3,1752839422103,0.7910447761194029,0.13333333333333333,4
3,1752839422204,0.8059701492537313,0.3333333333333333,4
3,1752839422305,0.8059701492537313,0.2,4
3,1752839422406,0.835820895522388,0.7333333333333333,4
3,1752839422507,0.835820895522388,0.26666666666666666,4
3,1752839422607,0.835820895522388,0.26666666666666666,4
3,1752839422708,0.835820895522388,0.4,4
3,1752839422809,0.8507462686567164,0.26666666666666666,4
3,1752839422910,0.8507462686567164,0.26666666666666666,4
3,1752839423011,0.8507462686567164,0.2,4
3,1752839423112,0.8656716417910447,0.6666666666666666,4
3,1752839423212,0.8656716417910447,0.4,4
3,1752839423313,0.8507462686567164,0.26666666666666666,4
3,1752839423414,0.8507462686567164,0.2,4
3,1752839423515,0.835820895522388,0.4,4
3,1752839423616,0.835820895522388,0.3333333333333333,4
3,1752839423717,0.8208955223880597,0.4,4
3,1752839423818,0.8208955223880597,0.6,4
3,1752839423918,0.8059701492537313,0.3333333333333333,4
3,1752839424019,0.8059701492537313,0.26666666666666666,4
3,1752839424120,0.8059701492537313,0.3333333333333333,4
3,1752839424221,0.8059701492537313,0.2,4
3,1752839424322,0.8059701492537313,0.26666666666666666,4
3,1752839424423,0.7910447761194029,0.3333333333333333,4
3,1752839424523,0.8059701492537313,0.7333333333333333,4
3,1752839424624,0.8059701492537313,0.3333333333333333,4
3,1752839424725,0.8208955223880597,0.26666666666666666,4
3,1752839424826,0.8208955223880597,0.3333333333333333,4
3,1752839424927,0.835820895522388,0.2,4
3,1752839425028,0.835820895522388,0.2,4
3,1752839425128,0.835820895522388,0.3333333333333333,4
3,1752839425229,0.835820895522388,0.6666666666666666,4
3,1752839425330,0.8507462686567164,0.4666666666666667,4
3,1752839425431,0.8507462686567164,0.2,4
3,1752839425532,0.8507462686567164,0.3333333333333333,4
3,1752839425633,0.835820895522388,0.26666666666666666,4
3,1752839425733,0.8507462686567164,0.4,4
3,1752839425834,0.8805970149253731,0.2,4
3,1752839425935,0.8507462686567164,0.7333333333333333,4
3,1752839426036,0.835820895522388,0.4,4
3,1752839426137,0.835820895522388,0.26666666666666666,4
3,1752839426238,0.835820895522388,0.4,4
3,1752839426338,0.8208955223880597,0.26666666666666666,4
3,1752839426439,0.8059701492537313,0.26666666666666666,4
3,1752839426540,0.8059701492537313,0.3333333333333333,4
3,1752839426641,0.8059701492537313,0.7333333333333333,4
3,1752839426742,0.8059701492537313,0.3333333333333333,4
3,1752839426843,0.8059701492537313,0.2,4
3,1752839426943,0.8059701492537313,0.4,4
3,1752839427044,0.8059701492537313,0.26666666666666666,4
3,1752839427145,0.8059701492537313,0.2,4
3,1752839427246,0.8208955223880597,0.26666666666666666,4
3,1752839427347,0.8656716417910447,0.5333333333333333,4
3,1752839427448,0.8507462686567164,0.4666666666666667,4
3,1752839427548,0.8805970149253731,0.26666666666666666,4
3,1752839427649,0.8507462686567164,0.3333333333333333,4
3,1752839427750,0.8507462686567164,0.3333333333333333,4
3,1752839427851,0.8507462686567164,0.26666666666666666,4
3,1752839427952,0.8507462686567164,0.26666666666666666,4
3,1752839428053,0.8656716417910447,0.7333333333333333,4
3,1752839428154,0.8507462686567164,0.4666666666666667,4
3,1752839428254,0.8507462686567164,0.26666666666666666,4
3,1752839428355,0.8507462686567164,0.4666666666666667,4
3,1752839428456,0.835820895522388,0.3333333333333333,4
3,1752839428557,0.835820895522388,0.26666666666666666,4
3,1752839428658,0.8507462686567164,0.6,4
3,1752839428759,0.8208955223880597,0.6666666666666666,4
3,1752839428860,0.8059701492537313,0.3333333333333333,4
3,1752839428960,0.8059701492537313,0.4,4
3,1752839429061,0.8208955223880597,0.26666666666666666,4
3,1752839429162,0.7910447761194029,0.3333333333333333,4
3,1752839429263,0.8059701492537313,0.26666666666666666,4
3,1752839429364,0.7910447761194029,0.3333333333333333,4
3,1752839429464,0.835820895522388,0.6,4
3,1752839429565,0.8059701492537313,0.26666666666666666,4
3,1752839429666,0.8059701492537313,0.13333333333333333,4
3,1752839429767,0.8208955223880597,0.4,4
3,1752839429868,0.8208955223880597,0.26666666666666666,4
3,1752839429969,0.835820895522388,0.2,4
3,1752839430069,0.8507462686567164,0.5333333333333333,4
3,1752839430170,0.8656716417910447,0.6,4
3,1752839430271,0.8805970149253731,0.3333333333333333,4
3,1752839430372,0.8656716417910447,0.4666666666666667,4
3,1752839430473,0.8507462686567164,0.3333333333333333,4
3,1752839430574,0.8656716417910447,0.26666666666666666,4
3,1752839430674,0.8656716417910447,0.3333333333333333,4
3,1752839430775,0.8507462686567164,0.7333333333333333,4
3,1752839430876,0.8507462686567164,0.4,4
3,1752839430977,0.835820895522388,0.26666666666666666,4
3,1752839431078,0.835820895522388,0.4,4
3,1752839431179,0.835820895522388,0.2,4
3,1752839431279,0.8208955223880597,0.2,4
3,1752839431380,0.8059701492537313,0.3333333333333333,4
3,1752839431481,0.8208955223880597,0.4,4
3,1752839431582,0.835820895522388,0.7333333333333333,4
3,1752839431683,0.8059701492537313,0.26666666666666666,4
3,1752839431784,0.8059701492537313,0.3333333333333333,4
3,1752839431884,0.8059701492537313,0.3333333333333333,4
3,1752839431985,0.8208955223880597,0.26666666666666666,4
3,1752839432086,0.8208955223880597,0.2,4
3,1752839432187,0.8208955223880597,0.26666666666666666,4
3,1752839432288,0.835820895522388,0.4666666666666667,4
3,1752839432389,0.8507462686567164,0.4666666666666667,4
3,1752839432489,0.8507462686567164,0.26666666666666666,4
3,1752839432590,0.8805970149253731,0.26666666666666666,4
3,1752839432691,0.8805970149253731,0.26666666666666666,4
3,1752839432792,0.8656716417910447,0.2,4
3,1752839432893,0.8656716417910447,0.26666666666666666,4
3,1752839432994,0.8656716417910447,0.6,4
3,1752839433094,0.8507462686567164,0.3333333333333333,4
3,1752839433195,0.8507462686567164,0.26666666666666666,4
3,1752839433296,0.835820895522388,0.3333333333333333,4
3,1752839433397,0.8656716417910447,0.2,4
3,1752839433498,0.8656716417910447,0.3333333333333333,4
3,1752839433599,0.8208955223880597,0.3333333333333333,4
3,1752839433700,0.835820895522388,0.5333333333333333,4
3,1752839433800,0.8208955223880597,0.4666666666666667,4
3,1752839433901,0.8059701492537313,0.2,4
3,1752839434002,0.8059701492537313,0.3333333333333333,4
3,1752839434103,0.8059701492537313,0.26666666666666666,4
3,1752839434204,0.8059701492537313,0.2,4
3,1752839434304,0.8208955223880597,0.26666666666666666,4
3,1752839434405,0.8208955223880597,0.3333333333333333,4
3,1752839434506,0.8208955223880597,0.5333333333333333,4
3,1752839434607,0.8208955223880597,0.3333333333333333,4
3,1752839434708,0.835820895522388,0.26666666666666666,4
3,1752839434809,0.8507462686567164,0.3333333333333333,4
3,1752839434909,0.8507462686567164,0.26666666666666666,4
3,1752839435010,0.8507462686567164,0.2,4
3,1752839435111,0.8656716417910447,0.5333333333333333,4
3,1752839435212,0.8656716417910447,0.4666666666666667,4
3,1752839435313,0.8656716417910447,0.3333333333333333,4
3,1752839435414,0.835820895522388,0.3333333333333333,4
3,1752839435515,0.8507462686567164,0.26666666666666666,4
3,1752839435615,0.8805970149253731,0.2,4
3,1752839435716,0.8656716417910447,0.2,4
3,1752839435817,0.835820895522388,0.7333333333333333,4
3,1752839435918,0.8507462686567164,0.5333333333333333,4
3,1752839436019,0.835820895522388,0.26666666666666666,4
3,1752839436119,0.8208955223880597,0.26666666666666666,4
3,1752839436220,0.8208955223880597,0.3333333333333333,4
3,1752839436321,0.8059701492537313,0.26666666666666666,4
3,1752839436422,0.8059701492537313,0.26666666666666666,4
3,1752839436523,0.8059701492537313,0.6666666666666666,4
3,1752839436624,0.8059701492537313,0.3333333333333333,4
3,1752839436725,0.8208955223880597,0.2,4
3,1752839436825,0.835820895522388,0.4,4
3,1752839436926,0.8208955223880597,0.3333333333333333,4
3,1752839437027,0.8208955223880597,0.2,4
3,1752839437128,0.835820895522388,0.26666666666666666,4
3,1752839437229,0.8507462686567164,0.7333333333333333,4
3,1752839437330,0.8507462686567164,0.3333333333333333,4
3,1752839437430,0.8656716417910447,0.26666666666666666,4
3,1752839437531,0.8955223880597015,0.4666666666666667,4
3,1752839437632,0.8507462686567164,0.3333333333333333,4
3,1752839437733,0.8507462686567164,0.3333333333333333,4
3,1752839437834,0.8656716417910447,0.4666666666666667,4
3,1752839437934,0.8507462686567164,0.8,4
3,1752839438035,0.8507462686567164,0.3333333333333333,4
3,1752839438136,0.8507462686567164,0.4,4
3,1752839438237,0.835820895522388,0.3333333333333333,4
3,1752839438338,0.835820895522388,0.2,4
3,1752839438439,0.8208955223880597,0.3333333333333333,4
3,1752839438540,0.8208955223880597,0.26666666666666666,4
3,1752839438640,0.8208955223880597,0.8,4
3,1752839438741,0.8208955223880597,0.3333333333333333,4
3,1752839438842,0.8059701492537313,0.3333333333333333,4
3,1752839438943,0.8059701492537313,0.3333333333333333,4
3,1752839439044,0.835820895522388,0.13333333333333333,4
3,1752839439145,0.8059701492537313,0.26666666666666666,4
3,1752839439245,0.8208955223880597,0.26666666666666666,4
3,1752839439346,0.8208955223880597,0.5333333333333333,4
3,1752839439447,0.835820895522388,0.5333333333333333,4
3,1752839439548,0.8507462686567164,0.26666666666666666,4
3,1752839439649,0.8656716417910447,0.4,4
3,1752839439750,0.8507462686567164,0.3333333333333333,4
3,1752839439851,0.8805970149253731,0.26666666666666666,4
3,1752839439951,0.8656716417910447,0.2,4
3,1752839440052,0.8805970149253731,0.6,4
3,1752839440153,0.8656716417910447,0.4,4
3,1752839440254,0.8656716417910447,0.13333333333333333,4
3,1752839440355,0.8507462686567164,0.4,4
3,1752839440455,0.8656716417910447,0.26666666666666666,4
3,1752839440556,0.8656716417910447,0.2,4
3,1752839440657,0.8656716417910447,0.26666666666666666,4
3,1752839440758,0.835820895522388,0.6666666666666666,4
3,1752839440859,0.835820895522388,0.4,4
3,1752839440960,0.8208955223880597,0.3333333333333333,4
3,1752839441060,0.8208955223880597,0.4,4
3,1752839441161,0.8059701492537313,0.26666666666666666,4
3,1752839441263,0.8059701492537313,0.2,4
3,1752839441363,0.8208955223880597,0.3333333333333333,4
3,1752839441464,0.8059701492537313,0.4,4
3,1752839441565,0.8208955223880597,0.5333333333333333,4
3,1752839441666,0.8208955223880597,0.26666666666666666,4
3,1752839441767,0.8059701492537313,0.3333333333333333,4
3,1752839441867,0.835820895522388,0.3333333333333333,4
3,1752839441968,0.835820895522388,0.26666666666666666,4
3,1752839442069,0.835820895522388,0.3333333333333333,4
3,1752839442170,0.8507462686567164,0.26666666666666666,4
3,1752839442271,0.8656716417910447,0.6,4
3,1752839442371,0.8656716417910447,0.4,4
3,1752839442472,0.8656716417910447,0.26666666666666666,4
3,1752839442573,0.8656716417910447,0.3333333333333333,4
3,1752839442674,0.8805970149253731,0.3333333333333333,4
3,1752839442775,0.8656716417910447,0.3333333333333333,4
3,1752839442875,0.8507462686567164,0.26666666666666666,4
3,1752839442976,0.8507462686567164,0.6666666666666666,4
3,1752839443077,0.8656716417910447,0.4,4
3,1752839443178,0.835820895522388,0.4,4
3,1752839443279,0.8507462686567164,0.4666666666666667,4
3,1752839443380,0.8208955223880597,0.26666666666666666,4
3,1752839443481,0.835820895522388,0.26666666666666666,4
3,1752839443582,0.835820895522388,0.3333333333333333,4
3,1752839443682,0.8059701492537313,0.4,4
3,1752839443783,0.8059701492537313,0.6666666666666666,4
3,1752839443884,0.8059701492537313,0.26666666666666666,4
3,1752839443985,0.8059701492537313,0.3333333333333333,4
3,1752839444086,0.8208955223880597,0.3333333333333333,4
3,1752839444186,0.8059701492537313,0.3333333333333333,4
3,1752839444287,0.835820895522388,0.26666666666666666,4
3,1752839444388,0.835820895522388,0.3333333333333333,4
3,1752839444489,0.8507462686567164,0.4666666666666667,4
3,1752839444590,0.8507462686567164,0.5333333333333333,4
3,1752839444690,0.8656716417910447,0.26666666666666666,4
3,1752839444791,0.8656716417910447,0.3333333333333333,4
3,1752839444892,0.8656716417910447,0.3333333333333333,4
3,1752839444993,0.8805970149253731,0.26666666666666666,4
3,1752839445094,0.8656716417910447,0.26666666666666666,4
3,1752839445195,0.8656716417910447,0.4,4
3,1752839445295,0.8656716417910447,0.6666666666666666,4
3,1752839445396,0.8507462686567164,0.26666666666666666,4
3,1752839445497,0.8656716417910447,0.4,4
3,1752839445598,0.8507462686567164,0.26666666666666666,4
3,1752839445699,0.8059701492537313,0.2,4
3,1752839445800,0.8208955223880597,0.3333333333333333,4
3,1752839445901,0.8208955223880597,0.26666666666666666,4
3,1752839446001,0.8208955223880597,0.6,4
3,1752839446102,0.835820895522388,0.3333333333333333,4
3,1752839446203,0.8208955223880597,0.26666666666666666,4
3,1752839446304,0.8208955223880597,0.26666666666666666,4
3,1752839446405,0.8059701492537313,0.2,4
3,1752839446505,0.8208955223880597,0.3333333333333333,4
3,1752839446606,0.835820895522388,0.26666666666666666,4
3,1752839446707,0.8208955223880597,0.3333333333333333,4
3,1752839446808,0.835820895522388,0.6,4
3,1752839446909,0.835820895522388,0.26666666666666666,4
3,1752839447010,0.8507462686567164,0.26666666666666666,4
3,1752839447111,0.8507462686567164,0.3333333333333333,4
3,1752839447211,0.8656716417910447,0.26666666666666666,4
3,1752839447312,0.8656716417910447,0.26666666666666666,4
3,1752839447413,0.8656716417910447,0.4,4
3,1752839447514,0.8656716417910447,0.6,4
3,1752839447615,0.8656716417910447,0.4,4
3,1752839447715,0.8656716417910447,0.3333333333333333,4
3,1752839447816,0.8656716417910447,0.4,4
3,1752839447917,0.8656716417910447,0.26666666666666666,4
3,1752839448018,0.8656716417910447,0.3333333333333333,4
3,1752839448119,0.835820895522388,0.3333333333333333,4
3,1752839448220,0.835820895522388,0.6666666666666666,4
3,1752839448321,0.835820895522388,0.4,4
3,1752839448421,0.8208955223880597,0.3333333333333333,4
3,1752839448522,0.8208955223880597,0.26666666666666666,4
3,1752839448623,0.8208955223880597,0.26666666666666666,4
3,1752839448724,0.8208955223880597,0.3333333333333333,4
3,1752839448825,0.8208955223880597,0.26666666666666666,4
3,1752839448926,0.8208955223880597,0.5333333333333333,4
3,1752839449027,0.8059701492537313,0.4666666666666667,4
3,1752839449128,0.835820895522388,0.26666666666666666,4
3,1752839449228,0.835820895522388,0.3333333333333333,4
3,1752839449329,0.8507462686567164,0.3333333333333333,4
3,1752839449430,0.8656716417910447,0.2,4
3,1752839449531,0.8656716417910447,0.26666666666666666,4
3,1752839449631,0.8656716417910447,0.6666666666666666,4
3,1752839449732,0.8656716417910447,0.4666666666666667,4
3,1752839449833,0.8656716417910447,0.3333333333333333,4
3,1752839449934,0.8656716417910447,0.3333333333333333,4
3,1752839450035,0.8805970149253731,0.26666666666666666,4
3,1752839450136,0.8805970149253731,0.26666666666666666,4
3,1752839450237,0.8805970149253731,0.3333333333333333,4
3,1752839450337,0.8656716417910447,0.6666666666666666,4
3,1752839450438,0.8507462686567164,0.4666666666666667,4
3,1752839450539,0.8507462686567164,0.26666666666666666,4
3,1752839450640,0.835820895522388,0.4,4
3,1752839450741,0.835820895522388,0.26666666666666666,4
3,1752839450841,0.835820895522388,0.26666666666666666,4
3,1752839450942,0.8208955223880597,0.26666666666666666,4
3,1752839451043,0.8208955223880597,0.26666666666666666,4
3,1752839451144,0.8059701492537313,0.7333333333333333,4
3,1752839451245,0.8059701492537313,0.4666666666666667,4
3,1752839451346,0.8208955223880597,0.26666666666666666,4
3,1752839451446,0.835820895522388,0.26666666666666666,4
3,1752839451547,0.835820895522388,0.13333333333333333,4
3,1752839451648,0.8507462686567164,0.2,4
3,1752839451749,0.835820895522388,0.3333333333333333,4
3,1752839451850,0.8059701492537313,0.6,4
3,1752839451951,0.8507462686567164,0.6,4
3,1752839452052,0.8507462686567164,0.3333333333333333,4
3,1752839452153,0.8656716417910447,0.3333333333333333,4
3,1752839452253,0.8656716417910447,0.3333333333333333,4
3,1752839452354,0.8805970149253731,0.26666666666666666,4
3,1752839452455,0.8656716417910447,0.26666666666666666,4
3,1752839452556,0.8805970149253731,0.6,4
3,1752839452656,0.8805970149253731,0.4666666666666667,4
3,1752839452757,0.8656716417910447,0.3333333333333333,4
3,1752839452858,0.8656716417910447,0.4,4
3,1752839452959,0.8656716417910447,0.3333333333333333,4
3,1752839453060,0.8656716417910447,0.3333333333333333,4
3,1752839453161,0.8507462686567164,0.2,4
3,1752839453262,0.835820895522388,0.4666666666666667,4
3,1752839453362,0.8208955223880597,0.6,4
3,1752839453463,0.8507462686567164,0.26666666666666666,4
3,1752839453564,0.8507462686567164,0.3333333333333333,4
3,1752839453665,0.8059701492537313,0.2,4
3,1752839453766,0.8507462686567164,0.2,4
3,1752839453866,0.835820895522388,0.2,4
3,1752839453967,0.835820895522388,0.2,4
3,1752839454068,0.835820895522388,0.6,4
3,1752839454169,0.8656716417910447,0.3333333333333333,4
3,1752839454270,0.8507462686567164,0.26666666666666666,4
3,1752839454371,0.8208955223880597,0.4,4
3,1752839454472,0.835820895522388,0.26666666666666666,4
3,1752839454572,0.8656716417910447,0.26666666666666666,4
3,1752839454673,0.8656716417910447,0.26666666666666666,4
3,1752839454774,0.8656716417910447,0.4666666666666667,4
3,1752839454875,0.8656716417910447,0.4666666666666667,4
3,1752839454976,0.8656716417910447,0.3333333333333333,4
3,1752839455077,0.8805970149253731,0.4,4
3,1752839455178,0.8656716417910447,0.26666666666666666,4
3,1752839455278,0.8656716417910447,0.26666666666666666,4
3,1752839455379,0.8656716417910447,0.26666666666666666,4
3,1752839455480,0.8656716417910447,0.4,4
3,1752839455581,0.8656716417910447,0.5333333333333333,4
3,1752839455682,0.8656716417910447,0.4666666666666667,4
3,1752839455783,0.835820895522388,0.2,4
3,1752839455883,0.8507462686567164,0.4,4
3,1752839455984,0.835820895522388,0.26666666666666666,4
3,1752839456085,0.8208955223880597,0.2,4
3,1752839456186,0.8208955223880597,0.26666666666666666,4
3,1752839456287,0.8208955223880597,0.26666666666666666,4
3,1752839456387,0.8208955223880597,0.6666666666666666,4
3,1752839456488,0.8208955223880597,0.3333333333333333,4
3,1752839456589,0.835820895522388,0.3333333333333333,4
3,1752839456690,0.835820895522388,0.3333333333333333,4
3,1752839456791,0.835820895522388,0.26666666666666666,4
3,1752839456891,0.8507462686567164,0.3333333333333333,4
3,1752839456992,0.8507462686567164,0.3333333333333333,4
3,1752839457093,0.8805970149253731,0.6,4
3,1752839457194,0.835820895522388,0.3333333333333333,4
3,1752839457295,0.8805970149253731,0.3333333333333333,4
3,1752839457396,0.8656716417910447,0.4,4
3,1752839457497,0.8805970149253731,0.26666666666666666,4
3,1752839457598,0.8955223880597015,0.4,4
3,1752839457698,0.8805970149253731,0.13333333333333333,4
3,1752839457799,0.8955223880597015,0.6,4
3,1752839457900,0.8656716417910447,0.4,4
3,1752839458001,0.8507462686567164,0.3333333333333333,4
3,1752839458102,0.8507462686567164,0.3333333333333333,4
3,1752839458202,0.8507462686567164,0.3333333333333333,4
3,1752839458303,0.835820895522388,0.26666666666666666,4
3,1752839458404,0.8208955223880597,0.3333333333333333,4
3,1752839458505,0.8208955223880597,0.26666666666666666,4
3,1752839458606,0.8208955223880597,0.6,4
3,1752839458707,0.8208955223880597,0.3333333333333333,4
3,1752839458807,0.8208955223880597,0.26666666666666666,4
3,1752839458908,0.835820895522388,0.3333333333333333,4
3,1752839459009,0.8208955223880597,0.13333333333333333,4
3,1752839459110,0.835820895522388,0.26666666666666666,4
3,1752839459211,0.835820895522388,0.26666666666666666,4
3,1752839459312,0.835820895522388,0.6,4
3,1752839459413,0.8507462686567164,0.3333333333333333,4
3,1752839459513,0.8656716417910447,0.13333333333333333,4
3,1752839459614,0.8805970149253731,0.26666666666666666,4
3,1752839459715,0.835820895522388,0.2,4
3,1752839459816,0.8805970149253731,0.2,4
3,1752839459917,0.8656716417910447,0.3333333333333333,4
3,1752839460018,0.8805970149253731,0.5333333333333333,4
3,1752839460118,0.8656716417910447,0.5333333333333333,4
3,1752839460219,0.8656716417910447,0.26666666666666666,4
3,1752839460320,0.8656716417910447,0.26666666666666666,4
3,1752839460421,0.8507462686567164,0.26666666666666666,4
3,1752839460522,0.8656716417910447,0.2,4
3,1752839460623,0.8507462686567164,0.3333333333333333,4
3,1752839460723,0.835820895522388,0.26666666666666666,4
3,1752839460824,0.8208955223880597,0.8,4
3,1752839460925,0.835820895522388,0.4,4
3,1752839461026,0.8208955223880597,0.2,4
3,1752839461127,0.8208955223880597,0.3333333333333333,4
3,1752839461228,0.8208955223880597,0.2,4
3,1752839461329,0.8208955223880597,0.2,4
3,1752839461429,0.8208955223880597,0.26666666666666666,4
3,1752839461530,0.8208955223880597,0.7333333333333333,4
3,1752839461631,0.835820895522388,0.3333333333333333,4
3,1752839461732,0.835820895522388,0.2,4
3,1752839461833,0.835820895522388,0.26666666666666666,4
3,1752839461934,0.835820895522388,0.26666666666666666,4
3,1752839462034,0.8507462686567164,0.2,4
3,1752839462135,0.8507462686567164,0.26666666666666666,4
3,1752839462236,0.8656716417910447,0.8,4
3,1752839462337,0.8656716417910447,0.3333333333333333,4
3,1752839462437,0.8656716417910447,0.3333333333333333,4
3,1752839462539,0.8656716417910447,0.26666666666666666,4
3,1752839462639,0.8805970149253731,0.26666666666666666,4
3,1752839462740,0.8656716417910447,0.26666666666666666,4
3,1752839462841,0.8656716417910447,0.3333333333333333,4
3,1752839462942,0.8507462686567164,0.6,4
3,1752839463043,0.8656716417910447,0.5333333333333333,4
3,1752839463143,0.8656716417910447,0.2,4
3,1752839463244,0.8507462686567164,0.26666666666666666,4
3,1752839463345,0.835820895522388,0.26666666666666666,4
3,1752839463446,0.8507462686567164,0.3333333333333333,4
3,1752839463547,0.8208955223880597,0.13333333333333333,4
3,1752839463648,0.8507462686567164,0.2,4
3,1752839463749,0.8507462686567164,0.8,4
3,1752839463849,0.8059701492537313,0.3333333333333333,4
3,1752839463950,0.8059701492537313,0.3333333333333333,4
3,1752839464051,0.8208955223880597,0.4,4
3,1752839464152,0.8208955223880597,0.0,4
3,1752839464253,0.8208955223880597,0.26666666666666666,4
3,1752839464354,0.8208955223880597,0.2,4
3,1752839464455,0.835820895522388,0.6666666666666666,4
3,1752839464555,0.8507462686567164,0.26666666666666666,4
3,1752839464656,0.8507462686567164,0.3333333333333333,4
3,1752839464757,0.8656716417910447,0.3333333333333333,4
3,1752839464858,0.8656716417910447,0.2,4
3,1752839464958,0.8805970149253731,0.3333333333333333,4
3,1752839465059,0.8805970149253731,0.3333333333333333,4
3,1752839465160,0.8507462686567164,0.7333333333333333,4
3,1752839465261,0.8656716417910447,0.3333333333333333,4
3,1752839465362,0.8656716417910447,0.2,4
3,1752839465463,0.8656716417910447,0.4,4
3,1752839465563,0.8805970149253731,0.3333333333333333,4
3,1752839465664,0.8507462686567164,0.2,4
3,1752839465765,0.8507462686567164,0.06666666666666667,4
3,1752839465866,0.8656716417910447,0.4666666666666667,4
3,1752839465967,0.8208955223880597,0.6,4
3,1752839466068,0.8208955223880597,0.26666666666666666,4
3,1752839466169,0.8208955223880597,0.3333333333333333,4
3,1752839466269,0.8208955223880597,0.26666666666666666,4
3,1752839466370,0.8208955223880597,0.2,4
3,1752839466471,0.8208955223880597,0.26666666666666666,4
3,1752839466572,0.8208955223880597,0.5333333333333333,4
3,1752839466673,0.8208955223880597,0.5333333333333333,4
3,1752839466773,0.835820895522388,0.26666666666666666,4
3,1752839466875,0.835820895522388,0.3333333333333333,4
3,1752839466975,0.835820895522388,0.26666666666666666,4
3,1752839467076,0.8507462686567164,0.26666666666666666,4
3,1752839467177,0.8507462686567164,0.26666666666666666,4
3,1752839467278,0.8656716417910447,0.6666666666666666,4
3,1752839467379,0.8656716417910447,0.4,4
3,1752839467479,0.8507462686567164,0.3333333333333333,4
3,1752839467580,0.8805970149253731,0.3333333333333333,4
3,1752839467681,0.8656716417910447,0.3333333333333333,4
3,1752839467782,0.8656716417910447,0.26666666666666666,4
3,1752839467883,0.8656716417910447,0.4666666666666667,4
3,1752839467984,0.8805970149253731,0.3333333333333333,4
3,1752839468084,0.8507462686567164,0.6,4
3,1752839468185,0.8805970149253731,0.4,4
3,1752839468286,0.8208955223880597,0.13333333333333333,4
3,1752839468387,0.835820895522388,0.4666666666666667,4
3,1752839468488,0.835820895522388,0.26666666666666666,4
3,1752839468589,0.8208955223880597,0.3333333333333333,4
3,1752839468689,0.8208955223880597,0.2,4
3,1752839468790,0.8208955223880597,0.6666666666666666,4
3,1752839468891,0.8208955223880597,0.4,4
3,1752839468992,0.8208955223880597,0.2,4
3,1752839469093,0.8208955223880597,0.3333333333333333,4
3,1752839469194,0.835820895522388,0.26666666666666666,4
3,1752839469295,0.835820895522388,0.2,4
3,1752839469395,0.835820895522388,0.26666666666666666,4
3,1752839469496,0.8507462686567164,0.7333333333333333,4
3,1752839469597,0.8656716417910447,0.4,4
3,1752839469698,0.8656716417910447,0.2,4
3,1752839469798,0.8656716417910447,0.3333333333333333,4
3,1752839469899,0.8805970149253731,0.2,4
3,1752839470000,0.8656716417910447,0.3333333333333333,4
3,1752839470101,0.8656716417910447,0.3333333333333333,4
3,1752839470202,0.8656716417910447,0.6,4
3,1752839470303,0.8805970149253731,0.5333333333333333,4
3,1752839470404,0.8656716417910447,0.26666666666666666,4
3,1752839470505,0.8656716417910447,0.3333333333333333,4
3,1752839470605,0.8507462686567164,0.26666666666666666,4
3,1752839470706,0.8507462686567164,0.26666666666666666,4
3,1752839470807,0.8507462686567164,0.2,4
3,1752839470908,0.8507462686567164,0.26666666666666666,4
3,1752839471009,0.835820895522388,0.8666666666666667,4
3,1752839471110,0.835820895522388,0.26666666666666666,4
3,1752839471210,0.8208955223880597,0.26666666666666666,4
3,1752839471311,0.835820895522388,0.4,4
3,1752839471412,0.8208955223880597,0.2,4
3,1752839471513,0.8208955223880597,0.26666666666666666,4
3,1752839471614,0.8507462686567164,0.26666666666666666,4
3,1752839471715,0.8208955223880597,0.7333333333333333,4
3,1752839471815,0.8208955223880597,0.2,4
3,1752839471916,0.835820895522388,0.26666666666666666,4
3,1752839472017,0.8507462686567164,0.4,4
3,1752839472118,0.835820895522388,0.06666666666666667,4
3,1752839472219,0.835820895522388,0.4,4
3,1752839472319,0.8656716417910447,0.4,4
3,1752839472420,0.8656716417910447,0.7333333333333333,4
3,1752839472521,0.8656716417910447,0.26666666666666666,4
3,1752839472622,0.8656716417910447,0.3333333333333333,4
3,1752839472723,0.8656716417910447,0.26666666666666666,4
3,1752839472824,0.8805970149253731,0.26666666666666666,4
3,1752839472924,0.8656716417910447,0.26666666666666666,4
3,1752839473025,0.8656716417910447,0.3333333333333333,4
3,1752839473127,0.8656716417910447,0.6666666666666666,4
3,1752839473227,0.8507462686567164,0.3333333333333333,4
3,1752839473328,0.8656716417910447,0.3333333333333333,4
3,1752839473429,0.835820895522388,0.4666666666666667,4
3,1752839473530,0.835820895522388,0.3333333333333333,4
3,1752839473631,0.835820895522388,0.2,4
3,1752839473731,0.8208955223880597,0.5333333333333333,4
3,1752839473832,0.8208955223880597,0.6,4
3,1752839473933,0.8507462686567164,0.26666666666666666,4
3,1752839474034,0.7910447761194029,0.3333333333333333,4
3,1752839474135,0.8059701492537313,0.4,4
3,1752839474235,0.8208955223880597,0.26666666666666666,4
3,1752839474336,0.8208955223880597,0.26666666666666666,4
3,1752839474437,0.835820895522388,0.2,4
3,1752839474538,0.835820895522388,0.8,4
3,1752839474639,0.8507462686567164,0.3333333333333333,4
3,1752839474740,0.8507462686567164,0.3333333333333333,4
3,1752839474840,0.8656716417910447,0.4,4
3,1752839474941,0.8507462686567164,0.2,4
3,1752839475042,0.8507462686567164,0.26666666666666666,4
3,1752839475143,0.8805970149253731,0.26666666666666666,4
3,1752839475244,0.8805970149253731,0.2,4
3,1752839475344,0.8805970149253731,0.6666666666666666,4
3,1752839475445,0.8805970149253731,0.3333333333333333,4
3,1752839475546,0.8656716417910447,0.2,4
3,1752839475647,0.8656716417910447,0.26666666666666666,4
3,1752839475748,0.8656716417910447,0.2,4
3,1752839475849,0.8507462686567164,0.3333333333333333,4
3,1752839475950,0.8507462686567164,0.4,4
3,1752839476050,0.835820895522388,0.8,4
3,1752839476151,0.8208955223880597,0.4,4
3,1752839476252,0.8059701492537313,0.26666666666666666,4
3,1752839476353,0.8208955223880597,0.3333333333333333,4
3,1752839476454,0.8208955223880597,0.26666666666666666,4
3,1752839476555,0.8208955223880597,0.26666666666666666,4
3,1752839476655,0.835820895522388,0.3333333333333333,4
3,1752839476756,0.8208955223880597,0.7333333333333333,4
3,1752839476857,0.835820895522388,0.4,4
3,1752839476958,0.8208955223880597,0.26666666666666666,4
3,1752839477059,0.835820895522388,0.4,4
3,1752839477160,0.835820895522388,0.2,4
3,1752839477260,0.8507462686567164,0.26666666666666666,4
3,1752839477361,0.8507462686567164,0.3333333333333333,4
3,1752839477462,0.8656716417910447,0.4,4
3,1752839477563,0.8805970149253731,0.6,4
3,1752839477664,0.8805970149253731,0.26666666666666666,4
3,1752839477765,0.9253731343283582,0.3333333333333333,4
3,1752839477865,0.8805970149253731,0.3333333333333333,4
3,1752839477966,0.8507462686567164,0.4,4
3,1752839478067,0.8656716417910447,0.3333333333333333,4
3,1752839478168,0.8805970149253731,0.4666666666666667,4
3,1752839478269,0.8656716417910447,0.5333333333333333,4
3,1752839478370,0.8507462686567164,0.2,4
3,1752839478470,0.8507462686567164,0.4,4
3,1752839478571,0.835820895522388,0.26666666666666666,4
3,1752839478672,0.835820895522388,0.26666666666666666,4
3,1752839478773,0.8208955223880597,0.26666666666666666,4
3,1752839478874,0.835820895522388,0.4666666666666667,4
3,1752839478975,0.8208955223880597,0.5333333333333333,4
3,1752839479076,0.8208955223880597,0.26666666666666666,4
3,1752839479177,0.8208955223880597,0.26666666666666666,4
3,1752839479277,0.8208955223880597,0.3333333333333333,4
3,1752839479378,0.8208955223880597,0.2,4
3,1752839479479,0.835820895522388,0.26666666666666666,4
3,1752839479580,0.835820895522388,0.26666666666666666,4
3,1752839479681,0.8507462686567164,0.7333333333333333,4
3,1752839479781,0.8955223880597015,0.3333333333333333,4
3,1752839479882,0.8507462686567164,0.4,4
3,1752839479983,0.8656716417910447,0.3333333333333333,4
3,1752839480084,0.8805970149253731,0.2,4
3,1752839480185,0.8656716417910447,0.3333333333333333,4
3,1752839480286,0.8656716417910447,0.3333333333333333,4
3,1752839480386,0.8805970149253731,0.7333333333333333,4
3,1752839480487,0.8805970149253731,0.3333333333333333,4
3,1752839480588,0.8656716417910447,0.4,4
3,1752839480689,0.8805970149253731,0.3333333333333333,4
3,1752839480790,0.8656716417910447,0.26666666666666666,4
3,1752839480890,0.8656716417910447,0.3333333333333333,4
3,1752839480991,0.8507462686567164,0.6,4
3,1752839481092,0.8507462686567164,0.6,4
3,1752839481193,0.835820895522388,0.3333333333333333,4
3,1752839481294,0.8507462686567164,0.3333333333333333,4
3,1752839481395,0.835820895522388,0.3333333333333333,4
3,1752839481495,0.8208955223880597,0.26666666666666666,4
3,1752839481596,0.835820895522388,0.3333333333333333,4
3,1752839481697,0.8208955223880597,0.3333333333333333,4
3,1752839481798,0.8507462686567164,0.7333333333333333,4
3,1752839481899,0.8208955223880597,0.3333333333333333,4
3,1752839482000,0.8208955223880597,0.2,4
3,1752839482101,0.835820895522388,0.26666666666666666,4
3,1752839482201,0.8507462686567164,0.2,4
3,1752839482302,0.8507462686567164,0.26666666666666666,4
3,1752839482403,0.8507462686567164,0.26666666666666666,4
3,1752839482504,0.8656716417910447,0.7333333333333333,4
3,1752839482605,0.8656716417910447,0.3333333333333333,4
3,1752839482706,0.8805970149253731,0.26666666666666666,4
3,1752839482806,0.8805970149253731,0.3333333333333333,4
3,1752839482907,0.8955223880597015,0.2,4
3,1752839483008,0.8955223880597015,0.26666666666666666,4
3,1752839483109,0.8805970149253731,0.4666666666666667,4
3,1752839483210,0.8805970149253731,0.6666666666666666,4
3,1752839483311,0.8507462686567164,0.4,4
3,1752839483411,0.8656716417910447,0.3333333333333333,4
3,1752839483512,0.8656716417910447,0.3333333333333333,4
3,1752839483613,0.8656716417910447,0.26666666666666666,4
3,1752839483714,0.835820895522388,0.26666666666666666,4
3,1752839483815,0.835820895522388,0.26666666666666666,4
3,1752839483916,0.8507462686567164,0.6666666666666666,4
3,1752839484016,0.8507462686567164,0.4,4
3,1752839484117,0.8059701492537313,0.2,4
3,1752839484218,0.7910447761194029,0.4,4
3,1752839484319,0.835820895522388,0.26666666666666666,4
3,1752839484420,0.8208955223880597,0.26666666666666666,4
3,1752839484521,0.8208955223880597,0.26666666666666666,4
3,1752839484622,0.835820895522388,0.4,4
3,1752839484722,0.835820895522388,0.6,4
3,1752839484823,0.8507462686567164,0.26666666666666666,4
3,1752839484924,0.8507462686567164,0.4,4
3,1752839485025,0.8507462686567164,0.26666666666666666,4
3,1752839485126,0.8507462686567164,0.26666666666666666,4
3,1752839485227,0.8507462686567164,0.4,4
3,1752839485327,0.8955223880597015,0.26666666666666666,4
3,1752839485428,0.8955223880597015,0.7333333333333333,4
3,1752839485529,0.8805970149253731,0.3333333333333333,4
3,1752839485630,0.8805970149253731,0.26666666666666666,4
3,1752839485731,0.8955223880597015,0.26666666666666666,4
3,1752839485831,0.8805970149253731,0.4666666666666667,4
3,1752839485932,0.8656716417910447,0.3333333333333333,4
3,1752839486033,0.8805970149253731,0.26666666666666666,4
3,1752839486134,0.835820895522388,0.4666666666666667,4
3,1752839486235,0.8507462686567164,0.5333333333333333,4
3,1752839486336,0.835820895522388,0.26666666666666666,4
3,1752839486436,0.835820895522388,0.4,4
3,1752839486537,0.8208955223880597,0.26666666666666666,4
3,1752839486638,0.8208955223880597,0.2,4
3,1752839486739,0.835820895522388,0.26666666666666666,4
3,1752839486840,0.8208955223880597,0.26666666666666666,4
3,1752839486941,0.8507462686567164,0.7333333333333333,4
3,1752839487042,0.835820895522388,0.4,4
3,1752839487143,0.8208955223880597,0.26666666666666666,4
3,1752839487244,0.8208955223880597,0.3333333333333333,4
3,1752839487344,0.8507462686567164,0.2,4
3,1752839487445,0.8507462686567164,0.26666666666666666,4
3,1752839487546,0.8656716417910447,0.26666666666666666,4
3,1752839487647,0.8656716417910447,0.6666666666666666,4
3,1752839487748,0.8656716417910447,0.3333333333333333,4
3,1752839487848,0.8805970149253731,0.26666666666666666,4
3,1752839487949,0.8656716417910447,0.26666666666666666,4
3,1752839488050,0.8805970149253731,0.26666666666666666,4
3,1752839488151,0.8955223880597015,0.3333333333333333,4
3,1752839488252,0.8656716417910447,0.3333333333333333,4
3,1752839488352,0.8805970149253731,0.6666666666666666,4
3,1752839488453,0.8805970149253731,0.5333333333333333,4
3,1752839488554,0.8656716417910447,0.26666666666666666,4
3,1752839488655,0.8656716417910447,0.2,4
3,1752839488756,0.835820895522388,0.26666666666666666,4
3,1752839488857,0.8507462686567164,0.26666666666666666,4
3,1752839488957,0.835820895522388,0.2,4
3,1752839489058,0.835820895522388,0.26666666666666666,4
3,1752839489159,0.835820895522388,0.7333333333333333,4
3,1752839489260,0.8208955223880597,0.3333333333333333,4
3,1752839489361,0.835820895522388,0.3333333333333333,4
3,1752839489462,0.8507462686567164,0.3333333333333333,4
3,1752839489563,0.8208955223880597,0.26666666666666666,4
3,1752839489663,0.835820895522388,0.2,4
3,1752839489764,0.835820895522388,0.26666666666666666,4
3,1752839489865,0.8059701492537313,0.8,4
3,1752839489966,0.8507462686567164,0.4,4
3,1752839490067,0.8507462686567164,0.26666666666666666,4
3,1752839490168,0.8507462686567164,0.4,4
3,1752839490268,0.8656716417910447,0.26666666666666666,4
3,1752839490369,0.8656716417910447,0.26666666666666666,4
3,1752839490470,0.8805970149253731,0.3333333333333333,4
3,1752839490571,0.8805970149253731,0.7333333333333333,4
3,1752839490672,0.8805970149253731,0.3333333333333333,4
3,1752839490772,0.8805970149253731,0.26666666666666666,4
3,1752839490873,0.8805970149253731,0.4,4
3,1752839490974,0.8805970149253731,0.26666666666666666,4
3,1752839491075,0.8805970149253731,0.3333333333333333,4
3,1752839491176,0.8805970149253731,0.26666666666666666,4
3,1752839491276,0.8656716417910447,0.7333333333333333,4
3,1752839491378,0.8656716417910447,0.4,4
3,1752839491478,0.8507462686567164,0.26666666666666666,4
3,1752839491579,0.8507462686567164,0.4,4
3,1752839491680,0.835820895522388,0.2,4
3,1752839491781,0.835820895522388,0.2,4
3,1752839491882,0.8507462686567164,0.26666666666666666,4
3,1752839491982,0.8208955223880597,0.7333333333333333,4
3,1752839492083,0.835820895522388,0.4666666666666667,4
3,1752839492184,0.8507462686567164,0.2,4
3,1752839492285,0.835820895522388,0.4666666666666667,4
3,1752839492386,0.8507462686567164,0.13333333333333333,4
3,1752839492487,0.8656716417910447,0.13333333333333333,4
3,1752839492588,0.8507462686567164,0.2,4
3,1752839492689,0.8507462686567164,0.6666666666666666,4
3,1752839492789,0.8656716417910447,0.4,4
3,1752839492890,0.8656716417910447,0.3333333333333333,4
3,1752839492991,0.8805970149253731,0.3333333333333333,4
3,1752839493092,0.8805970149253731,0.26666666666666666,4
3,1752839493193,0.8805970149253731,0.3333333333333333,4
3,1752839493294,0.8805970149253731,0.26666666666666666,4
3,1752839493394,0.8805970149253731,0.4,4
3,1752839493495,0.8656716417910447,0.7333333333333333,4
3,1752839493596,0.8805970149253731,0.26666666666666666,4
3,1752839493697,0.8656716417910447,0.3333333333333333,4
3,1752839493798,0.8805970149253731,0.13333333333333333,4
3,1752839493898,0.8955223880597015,0.2,4
3,1752839493999,0.8507462686567164,0.26666666666666666,4
3,1752839494100,0.8507462686567164,0.3333333333333333,4
3,1752839494201,0.835820895522388,0.5333333333333333,4
3,1752839494302,0.835820895522388,0.6,4
3,1752839494403,0.8208955223880597,0.26666666666666666,4
3,1752839494503,0.8059701492537313,0.26666666666666666,4
3,1752839494604,0.835820895522388,0.26666666666666666,4
3,1752839494705,0.835820895522388,0.2,4
3,1752839494806,0.835820895522388,0.26666666666666666,4
3,1752839494907,0.835820895522388,0.5333333333333333,4
3,1752839495008,0.835820895522388,0.5333333333333333,4
3,1752839495108,0.8507462686567164,0.26666666666666666,4
3,1752839495209,0.835820895522388,0.3333333333333333,4
3,1752839495310,0.8507462686567164,0.26666666666666666,4
3,1752839495411,0.8656716417910447,0.26666666666666666,4
3,1752839495512,0.8805970149253731,0.3333333333333333,4
3,1752839495613,0.8805970149253731,0.26666666666666666,4
3,1752839495713,0.8805970149253731,0.7333333333333333,4
3,1752839495814,0.9104477611940298,0.26666666666666666,4
3,1752839495915,0.8955223880597015,0.3333333333333333,4
3,1752839496016,0.8805970149253731,0.3333333333333333,4
3,1752839496117,0.9104477611940298,0.26666666666666666,4
3,1752839496218,0.9104477611940298,0.26666666666666666,4
3,1752839496318,0.8507462686567164,0.4,4
3,1752839496419,0.8507462686567164,0.5333333333333333,4
3,1752839496520,0.8656716417910447,0.6,4
3,1752839496621,0.8507462686567164,0.26666666666666666,4
3,1752839496722,0.835820895522388,0.3333333333333333,4
3,1752839496823,0.8656716417910447,0.26666666666666666,4
3,1752839496923,0.835820895522388,0.26666666666666666,4
3,1752839497024,0.8208955223880597,0.3333333333333333,4
3,1752839497125,0.8507462686567164,0.5333333333333333,4
3,1752839497226,0.835820895522388,0.5333333333333333,4
3,1752839497327,0.835820895522388,0.26666666666666666,4
3,1752839497428,0.835820895522388,0.3333333333333333,4
3,1752839497529,0.8507462686567164,0.26666666666666666,4
3,1752839497629,0.835820895522388,0.3333333333333333,4
3,1752839497730,0.8507462686567164,0.2,4
3,1752839497831,0.8656716417910447,0.8,4
3,1752839497932,0.8656716417910447,0.3333333333333333,4
3,1752839498033,0.8805970149253731,0.26666666666666666,4
3,1752839498133,0.8507462686567164,0.4,4
3,1752839498234,0.8656716417910447,0.26666666666666666,4
3,1752839498335,0.8805970149253731,0.3333333333333333,4
3,1752839498436,0.8805970149253731,0.4,4
3,1752839498537,0.8805970149253731,0.6,4
3,1752839498638,0.8805970149253731,0.6666666666666666,4
3,1752839498738,0.8805970149253731,0.4,4
3,1752839498839,0.8805970149253731,0.4,4
3,1752839498940,0.8805970149253731,0.4,4
3,1752839499041,0.8656716417910447,0.3333333333333333,4
3,1752839499142,0.8656716417910447,0.3333333333333333,4
3,1752839499243,0.8208955223880597,0.13333333333333333,4
3,1752839499344,0.8656716417910447,0.5333333333333333,4
3,1752839499445,0.835820895522388,0.6666666666666666,4
3,1752839499545,0.835820895522388,0.3333333333333333,4
3,1752839499646,0.8507462686567164,0.26666666666666666,4
3,1752839499747,0.8059701492537313,0.26666666666666666,4
3,1752839499848,0.835820895522388,0.3333333333333333,4
3,1752839499948,0.8507462686567164,0.3333333333333333,4
3,1752839500049,0.8507462686567164,0.2,4
3,1752839500150,0.835820895522388,0.8,4
3,1752839500251,0.8507462686567164,0.4666666666666667,4
3,1752839500352,0.835820895522388,0.26666666666666666,4
3,1752839500453,0.8507462686567164,0.4,4
3,1752839500553,0.8507462686567164,0.26666666666666666,4
3,1752839500654,0.8656716417910447,0.26666666666666666,4
3,1752839500755,0.8805970149253731,0.26666666666666666,4
3,1752839500856,0.8656716417910447,0.3333333333333333,4
3,1752839500957,0.8805970149253731,0.6666666666666666,4
3,1752839501058,0.8805970149253731,0.3333333333333333,4
3,1752839501159,0.8955223880597015,0.3333333333333333,4
3,1752839501260,0.8805970149253731,0.3333333333333333,4
3,1752839501360,0.8805970149253731,0.26666666666666666,4
3,1752839501461,0.8805970149253731,0.26666666666666666,4
3,1752839501562,0.8805970149253731,0.3333333333333333,4
3,1752839501663,0.8656716417910447,0.5333333333333333,4
3,1752839501764,0.8656716417910447,0.5333333333333333,4
3,1752839501864,0.8805970149253731,0.3333333333333333,4
3,1752839501965,0.8507462686567164,0.3333333333333333,4
3,1752839502066,0.8507462686567164,0.3333333333333333,4
3,1752839502167,0.8805970149253731,0.26666666666666666,4
3,1752839502268,0.835820895522388,0.3333333333333333,4
3,1752839502368,0.8507462686567164,0.4,4
3,1752839502469,0.835820895522388,0.6666666666666666,4
3,1752839502570,0.835820895522388,0.3333333333333333,4
3,1752839502671,0.835820895522388,0.26666666666666666,4
3,1752839502772,0.835820895522388,0.3333333333333333,4
3,1752839502873,0.835820895522388,0.2,4
3,1752839502973,0.8507462686567164,0.3333333333333333,4
3,1752839503075,0.8507462686567164,0.26666666666666666,4
3,1752839503175,0.8656716417910447,0.6666666666666666,4
3,1752839503276,0.8656716417910447,0.4,4
3,1752839503377,0.8805970149253731,0.3333333333333333,4
3,1752839503478,0.8805970149253731,0.3333333333333333,4
3,1752839503579,0.9104477611940298,0.2,4
3,1752839503679,0.8805970149253731,0.2,4
3,1752839503780,0.8805970149253731,0.26666666666666666,4
3,1752839503881,0.8805970149253731,0.26666666666666666,4
3,1752839503982,0.9253731343283582,0.6,4
4,1752840800694,0.8208955223880597,0.4,4
4,1752840800795,0.8208955223880597,0.4666666666666667,4
4,1752840800896,0.7910447761194029,0.26666666666666666,4
4,1752840800997,0.8059701492537313,0.4,4
4,1752840801098,0.8208955223880597,0.3333333333333333,4
4,1752840801199,0.8208955223880597,0.3333333333333333,4
4,1752840801299,0.8208955223880597,0.3333333333333333,4
4,1752840801400,0.8208955223880597,0.3333333333333333,4
4,1752840801501,0.8208955223880597,0.4666666666666667,4
4,1752840801602,0.8507462686567164,0.4,4
4,1752840801703,0.835820895522388,0.3333333333333333,4
4,1752840801804,0.8507462686567164,0.4,4
4,1752840801905,0.8507462686567164,0.26666666666666666,4
4,1752840802006,0.8656716417910447,0.3333333333333333,4
4,1752840802107,0.8656716417910447,0.3333333333333333,4
4,1752840802208,0.8656716417910447,0.3333333333333333,4
4,1752840802309,0.8656716417910447,0.4666666666666667,4
4,1752840802409,0.8507462686567164,0.5333333333333333,4
4,1752840802510,0.8507462686567164,0.3333333333333333,4
4,1752840802611,0.8656716417910447,0.4666666666666667,4
4,1752840802712,0.835820895522388,0.3333333333333333,4
4,1752840802813,0.835820895522388,0.3333333333333333,4
4,1752840802914,0.835820895522388,0.26666666666666666,4
4,1752840803015,0.8059701492537313,0.4,4
4,1752840803116,0.7910447761194029,0.5333333333333333,4
4,1752840803216,0.8208955223880597,0.26666666666666666,4
4,1752840803317,0.8208955223880597,0.4,4
4,1752840803418,0.8208955223880597,0.3333333333333333,4
4,1752840803519,0.8059701492537313,0.26666666666666666,4
4,1752840803620,0.8208955223880597,0.26666666666666666,4
4,1752840803721,0.8208955223880597,0.26666666666666666,4
4,1752840803822,0.8208955223880597,0.4666666666666667,4
4,1752840803923,0.8208955223880597,0.4666666666666667,4
4,1752840804023,0.835820895522388,0.26666666666666666,4
4,1752840804124,0.8507462686567164,0.4,4
4,1752840804225,0.8507462686567164,0.4,4
4,1752840804326,0.8656716417910447,0.26666666666666666,4
4,1752840804427,0.8507462686567164,0.3333333333333333,4
4,1752840804528,0.8656716417910447,0.3333333333333333,4
4,1752840804629,0.8656716417910447,0.26666666666666666,4
4,1752840804729,0.8656716417910447,0.5333333333333333,4
4,1752840804830,0.8805970149253731,0.4,4
4,1752840804931,0.835820895522388,0.26666666666666666,4
4,1752840805032,0.8507462686567164,0.4,4
4,1752840805133,0.8507462686567164,0.2,4
4,1752840805234,0.8507462686567164,0.3333333333333333,4
4,1752840805335,0.8208955223880597,0.3333333333333333,4
4,1752840805436,0.8208955223880597,0.4,4
4,1752840805537,0.8208955223880597,0.4666666666666667,4
4,1752840805637,0.8059701492537313,0.26666666666666666,4
4,1752840805738,0.8059701492537313,0.3333333333333333,4
4,1752840805839,0.8208955223880597,0.3333333333333333,4
4,1752840805940,0.8059701492537313,0.26666666666666666,4
4,1752840806041,0.8059701492537313,0.3333333333333333,4
4,1752840806142,0.8208955223880597,0.3333333333333333,4
4,1752840806243,0.8507462686567164,0.4666666666666667,4
4,1752840806344,0.835820895522388,0.26666666666666666,4
4,1752840806445,0.8656716417910447,0.2,4
4,1752840806545,0.8656716417910447,0.3333333333333333,4
4,1752840806646,0.8656716417910447,0.3333333333333333,4
4,1752840806747,0.8656716417910447,0.26666666666666666,4
4,1752840806848,0.8805970149253731,0.2,4
4,1752840806949,0.8507462686567164,0.4,4
4,1752840807050,0.8507462686567164,0.4666666666666667,4
4,1752840807151,0.8656716417910447,0.3333333333333333,4
4,1752840807252,0.835820895522388,0.4,4
4,1752840807353,0.8507462686567164,0.3333333333333333,4
4,1752840807453,0.8507462686567164,0.3333333333333333,4
4,1752840807554,0.835820895522388,0.3333333333333333,4
4,1752840807655,0.8208955223880597,0.4,4
4,1752840807756,0.8208955223880597,0.3333333333333333,4
4,1752840807857,0.8208955223880597,0.4666666666666667,4
4,1752840807958,0.8208955223880597,0.26666666666666666,4
4,1752840808059,0.8208955223880597,0.4,4
4,1752840808159,0.8208955223880597,0.3333333333333333,4
4,1752840808260,0.8208955223880597,0.26666666666666666,4
4,1752840808361,0.8208955223880597,0.3333333333333333,4
4,1752840808462,0.8208955223880597,0.26666666666666666,4
4,1752840808563,0.8208955223880597,0.4666666666666667,4
4,1752840808664,0.8208955223880597,0.3333333333333333,4
4,1752840808765,0.835820895522388,0.4,4
4,1752840808866,0.8507462686567164,0.4,4
4,1752840808967,0.8507462686567164,0.3333333333333333,4
4,1752840809068,0.8507462686567164,0.3333333333333333,4
4,1752840809168,0.8656716417910447,0.3333333333333333,4
4,1752840809269,0.8656716417910447,0.5333333333333333,4
4,1752840809370,0.8656716417910447,0.5333333333333333,4
4,1752840809471,0.8805970149253731,0.2,4
4,1752840809572,0.8507462686567164,0.5333333333333333,4
4,1752840809673,0.8507462686567164,0.3333333333333333,4
4,1752840809774,0.8507462686567164,0.3333333333333333,4
4,1752840809874,0.835820895522388,0.3333333333333333,4
4,1752840809976,0.835820895522388,0.4,4
4,1752840810076,0.835820895522388,0.6,4
4,1752840810177,0.8208955223880597,0.4,4
4,1752840810278,0.8208955223880597,0.3333333333333333,4
4,1752840810379,0.8208955223880597,0.4666666666666667,4
4,1752840810480,0.8059701492537313,0.3333333333333333,4
4,1752840810581,0.8208955223880597,0.2,4
4,1752840810682,0.8208955223880597,0.26666666666666666,4
4,1752840810783,0.8059701492537313,0.4666666666666667,4
4,1752840810883,0.8208955223880597,0.4666666666666667,4
4,1752840810984,0.8208955223880597,0.3333333333333333,4
4,1752840811085,0.8059701492537313,0.4,4
4,1752840811186,0.835820895522388,0.26666666666666666,4
4,1752840811287,0.8507462686567164,0.26666666666666666,4
4,1752840811388,0.8507462686567164,0.3333333333333333,4
4,1752840811488,0.8507462686567164,0.3333333333333333,4
4,1752840811589,0.8656716417910447,0.5333333333333333,4
4,1752840811690,0.8656716417910447,0.3333333333333333,4
4,1752840811791,0.8507462686567164,0.4,4
4,1752840811892,0.8507462686567164,0.3333333333333333,4
4,1752840811993,0.8507462686567164,0.26666666666666666,4
4,1752840812094,0.8507462686567164,0.3333333333333333,4
4,1752840812195,0.8507462686567164,0.3333333333333333,4
4,1752840812296,0.835820895522388,0.4666666666666667,4
4,1752840812396,0.835820895522388,0.6,4
4,1752840812497,0.8208955223880597,0.26666666666666666,4
4,1752840812598,0.8059701492537313,0.3333333333333333,4
4,1752840812699,0.7910447761194029,0.3333333333333333,4
4,1752840812800,0.8208955223880597,0.26666666666666666,4
4,1752840812901,0.8059701492537313,0.3333333333333333,4
4,1752840813002,0.8208955223880597,0.3333333333333333,4
4,1752840813103,0.8208955223880597,0.4666666666666667,4
4,1752840813204,0.8059701492537313,0.4,4
4,1752840813304,0.8208955223880597,0.2,4
4,1752840813405,0.835820895522388,0.4,4
4,1752840813506,0.8507462686567164,0.26666666666666666,4
4,1752840813607,0.835820895522388,0.3333333333333333,4
4,1752840813708,0.8507462686567164,0.26666666666666666,4
4,1752840813809,0.8507462686567164,0.5333333333333333,4
4,1752840813910,0.8656716417910447,0.5333333333333333,4
4,1752840814011,0.8656716417910447,0.3333333333333333,4
4,1752840814111,0.8955223880597015,0.3333333333333333,4
4,1752840814212,0.8656716417910447,0.3333333333333333,4
4,1752840814313,0.835820895522388,0.4,4
4,1752840814415,0.8805970149253731,0.26666666666666666,4
4,1752840814515,0.8507462686567164,0.3333333333333333,4
4,1752840814616,0.835820895522388,0.4,4
4,1752840814717,0.8208955223880597,0.6,4
4,1752840814818,0.8208955223880597,0.26666666666666666,4
4,1752840814919,0.835820895522388,0.26666666666666666,4
4,1752840815019,0.835820895522388,0.3333333333333333,4
4,1752840815120,0.8059701492537313,0.3333333333333333,4
4,1752840815221,0.8059701492537313,0.26666666666666666,4
4,1752840815322,0.8059701492537313,0.3333333333333333,4
4,1752840815423,0.8059701492537313,0.4666666666666667,4
4,1752840815524,0.8059701492537313,0.4666666666666667,4
4,1752840815625,0.835820895522388,0.3333333333333333,4
4,1752840815725,0.8208955223880597,0.4,4
4,1752840815827,0.8507462686567164,0.13333333333333333,4
4,1752840815927,0.835820895522388,0.3333333333333333,4
4,1752840816028,0.8955223880597015,0.2,4
4,1752840816129,0.8656716417910447,0.5333333333333333,4
4,1752840816230,0.8656716417910447,0.5333333333333333,4
4,1752840816331,0.8656716417910447,0.2,4
4,1752840816432,0.8656716417910447,0.3333333333333333,4
4,1752840816533,0.835820895522388,0.2,4
4,1752840816633,0.8805970149253731,0.26666666666666666,4
4,1752840816734,0.8507462686567164,0.26666666666666666,4
4,1752840816835,0.8507462686567164,0.2,4
4,1752840816936,0.8507462686567164,0.6666666666666666,4
4,1752840817037,0.835820895522388,0.4666666666666667,4
4,1752840817138,0.8208955223880597,0.2,4
4,1752840817239,0.8208955223880597,0.3333333333333333,4
4,1752840817340,0.8208955223880597,0.26666666666666666,4
4,1752840817440,0.8059701492537313,0.3333333333333333,4
4,1752840817542,0.8059701492537313,0.26666666666666666,4
4,1752840817642,0.8059701492537313,0.26666666666666666,4
4,1752840817743,0.8208955223880597,0.6,4
4,1752840817844,0.8208955223880597,0.4666666666666667,4
4,1752840817945,0.8208955223880597,0.3333333333333333,4
4,1752840818046,0.8208955223880597,0.3333333333333333,4
4,1752840818147,0.7910447761194029,0.26666666666666666,4
4,1752840818248,0.835820895522388,0.3333333333333333,4
4,1752840818348,0.835820895522388,0.26666666666666666,4
4,1752840818449,0.8507462686567164,0.4,4
4,1752840818550,0.8507462686567164,0.5333333333333333,4
4,1752840818651,0.8656716417910447,0.3333333333333333,4
4,1752840818752,0.8656716417910447,0.4,4
4,1752840818853,0.8656716417910447,0.4,4
4,1752840818954,0.8656716417910447,0.26666666666666666,4
4,1752840819055,0.8805970149253731,0.3333333333333333,4
4,1752840819156,0.835820895522388,0.3333333333333333,4
4,1752840819256,0.835820895522388,0.5333333333333333,4
4,1752840819357,0.835820895522388,0.5333333333333333,4
4,1752840819458,0.835820895522388,0.3333333333333333,4
4,1752840819559,0.835820895522388,0.26666666666666666,4
4,1752840819660,0.8507462686567164,0.3333333333333333,4
4,1752840819761,0.8208955223880597,0.26666666666666666,4
4,1752840819862,0.835820895522388,0.2,4
4,1752840819963,0.835820895522388,0.2,4
4,1752840820063,0.8208955223880597,0.26666666666666666,4
4,1752840820165,0.8059701492537313,0.6666666666666666,4
4,1752840820265,0.835820895522388,0.26666666666666666,4
4,1752840820366,0.8208955223880597,0.3333333333333333,4
4,1752840820467,0.8208955223880597,0.3333333333333333,4
4,1752840820568,0.8208955223880597,0.26666666666666666,4
4,1752840820669,0.835820895522388,0.26666666666666666,4
4,1752840820770,0.8507462686567164,0.26666666666666666,4
4,1752840820871,0.8507462686567164,0.5333333333333333,4
4,1752840820971,0.8507462686567164,0.4,4
4,1752840821072,0.8656716417910447,0.26666666666666666,4
4,1752840821173,0.8656716417910447,0.3333333333333333,4
4,1752840821274,0.8656716417910447,0.26666666666666666,4
4,1752840821375,0.8656716417910447,0.26666666666666666,4
4,1752840821476,0.8656716417910447,0.3333333333333333,4
4,1752840821577,0.8656716417910447,0.3333333333333333,4
4,1752840821678,0.8507462686567164,0.5333333333333333,4
4,1752840821778,0.835820895522388,0.3333333333333333,4
4,1752840821879,0.835820895522388,0.26666666666666666,4
4,1752840821980,0.8208955223880597,0.3333333333333333,4
4,1752840822081,0.8208955223880597,0.26666666666666666,4
4,1752840822182,0.8208955223880597,0.26666666666666666,4
4,1752840822283,0.7910447761194029,0.26666666666666666,4
4,1752840822384,0.8059701492537313,0.3333333333333333,4
4,1752840822485,0.8208955223880597,0.4,4
4,1752840822586,0.8059701492537313,0.4,4
4,1752840822687,0.8208955223880597,0.26666666666666666,4
4,1752840822788,0.8208955223880597,0.3333333333333333,4
4,1752840822888,0.8208955223880597,0.26666666666666666,4
4,1752840822989,0.8507462686567164,0.26666666666666666,4
4,1752840823090,0.835820895522388,0.26666666666666666,4
4,1752840823191,0.8507462686567164,0.4,4
4,1752840823292,0.8507462686567164,0.4,4
4,1752840823393,0.8805970149253731,0.2,4
4,1752840823494,0.8656716417910447,0.4,4
4,1752840823595,0.8656716417910447,0.3333333333333333,4
4,1752840823695,0.8656716417910447,0.3333333333333333,4
4,1752840823796,0.8656716417910447,0.4,4
4,1752840823897,0.8507462686567164,0.2,4
4,1752840823998,0.835820895522388,0.6666666666666666,4
4,1752840824099,0.8507462686567164,0.3333333333333333,4
4,1752840824200,0.8507462686567164,0.4666666666666667,4
4,1752840824301,0.835820895522388,0.3333333333333333,4
4,1752840824401,0.8208955223880597,0.3333333333333333,4
4,1752840824502,0.835820895522388,0.2,4
4,1752840824603,0.8208955223880597,0.26666666666666666,4
4,1752840824704,0.8208955223880597,0.3333333333333333,4
4,1752840824805,0.8059701492537313,0.4666666666666667,4
4,1752840824906,0.8208955223880597,0.4666666666666667,4
4,1752840825007,0.8059701492537313,0.3333333333333333,4
4,1752840825108,0.8059701492537313,0.4,4
4,1752840825209,0.8059701492537313,0.4,4
4,1752840825310,0.835820895522388,0.26666666666666666,4
4,1752840825411,0.835820895522388,0.26666666666666666,4
4,1752840825511,0.8208955223880597,0.26666666666666666,4
4,1752840825612,0.8507462686567164,0.5333333333333333,4
4,1752840825713,0.8507462686567164,0.4,4
4,1752840825814,0.835820895522388,0.26666666666666666,4
4,1752840825915,0.8507462686567164,0.3333333333333333,4
4,1752840826015,0.835820895522388,0.3333333333333333,4
4,1752840826116,0.8656716417910447,0.3333333333333333,4
4,1752840826217,0.8656716417910447,0.4666666666666667,4
4,1752840826318,0.8507462686567164,0.6,4
4,1752840826419,0.8656716417910447,0.4,4
4,1752840826520,0.8507462686567164,0.4,4
4,1752840826621,0.835820895522388,0.4666666666666667,4
4,1752840826722,0.8507462686567164,0.3333333333333333,4
4,1752840826822,0.835820895522388,0.4,4
4,1752840826923,0.8208955223880597,0.26666666666666666,4
4,1752840827024,0.8208955223880597,0.3333333333333333,4
4,1752840827125,0.8208955223880597,0.6666666666666666,4
4,1752840827226,0.8208955223880597,0.3333333333333333,4
4,1752840827327,0.8208955223880597,0.3333333333333333,4
4,1752840827428,0.8208955223880597,0.4,4
4,1752840827529,0.8059701492537313,0.26666666666666666,4
4,1752840827630,0.8208955223880597,0.26666666666666666,4
4,1752840827730,0.7910447761194029,0.4,4
4,1752840827831,0.7910447761194029,0.26666666666666666,4
4,1752840827932,0.835820895522388,0.6,4
4,1752840828033,0.835820895522388,0.3333333333333333,4
4,1752840828134,0.8507462686567164,0.3333333333333333,4
4,1752840828235,0.8507462686567164,0.3333333333333333,4
4,1752840828336,0.8507462686567164,0.26666666666666666,4
4,1752840828437,0.8507462686567164,0.26666666666666666,4
4,1752840828537,0.8656716417910447,0.3333333333333333,4
4,1752840828639,0.8805970149253731,0.6,4
4,1752840828739,0.8805970149253731,0.3333333333333333,4
4,1752840828840,0.8656716417910447,0.26666666666666666,4
4,1752840828941,0.8656716417910447,0.4,4
4,1752840829042,0.8507462686567164,0.26666666666666666,4
4,1752840829143,0.8507462686567164,0.3333333333333333,4
4,1752840829244,0.835820895522388,0.26666666666666666,4
4,1752840829344,0.835820895522388,0.3333333333333333,4
4,1752840829445,0.8507462686567164,0.5333333333333333,4
4,1752840829546,0.835820895522388,0.26666666666666666,4
4,1752840829647,0.835820895522388,0.2,4
4,1752840829748,0.8208955223880597,0.3333333333333333,4
4,1752840829849,0.8059701492537313,0.2,4
4,1752840829950,0.7910447761194029,0.3333333333333333,4
4,1752840830051,0.8059701492537313,0.26666666666666666,4
4,1752840830152,0.8208955223880597,0.26666666666666666,4
4,1752840830253,0.8208955223880597,0.4,4
4,1752840830353,0.8208955223880597,0.5333333333333333,4
4,1752840830455,0.835820895522388,0.26666666666666666,4
4,1752840830555,0.835820895522388,0.3333333333333333,4
4,1752840830656,0.8507462686567164,0.26666666666666666,4
4,1752840830757,0.8507462686567164,0.26666666666666666,4
4,1752840830858,0.8656716417910447,0.3333333333333333,4
4,1752840830959,0.8656716417910447,0.26666666666666666,4
4,1752840831060,0.8656716417910447,0.4,4
4,1752840831160,0.8805970149253731,0.4666666666666667,4
4,1752840831261,0.8656716417910447,0.26666666666666666,4
4,1752840831362,0.8507462686567164,0.4,4
4,1752840831463,0.8507462686567164,0.3333333333333333,4
4,1752840831564,0.8507462686567164,0.26666666666666666,4
4,1752840831665,0.835820895522388,0.3333333333333333,4
4,1752840831766,0.8208955223880597,0.2,4
4,1752840831867,0.8507462686567164,0.4,4
4,1752840831967,0.8208955223880597,0.4666666666666667,4
4,1752840832069,0.8208955223880597,0.26666666666666666,4
4,1752840832169,0.7910447761194029,0.3333333333333333,4
4,1752840832270,0.8059701492537313,0.26666666666666666,4
4,1752840832371,0.8208955223880597,0.26666666666666666,4
4,1752840832472,0.8059701492537313,0.2,4
4,1752840832573,0.8208955223880597,0.26666666666666666,4
4,1752840832674,0.8208955223880597,0.4666666666666667,4
4,1752840832774,0.835820895522388,0.3333333333333333,4
4,1752840832875,0.835820895522388,0.3333333333333333,4
4,1752840832976,0.835820895522388,0.3333333333333333,4
4,1752840833077,0.8507462686567164,0.26666666666666666,4
4,1752840833178,0.8656716417910447,0.3333333333333333,4
4,1752840833279,0.8507462686567164,0.26666666666666666,4
4,1752840833380,0.8656716417910447,0.4666666666666667,4
4,1752840833481,0.8208955223880597,0.4,4
4,1752840833582,0.8955223880597015,0.4,4
4,1752840833682,0.8656716417910447,0.4,4
4,1752840833783,0.8656716417910447,0.3333333333333333,4
4,1752840833884,0.8507462686567164,0.26666666666666666,4
4,1752840833985,0.8507462686567164,0.4,4
4,1752840834086,0.8507462686567164,0.26666666666666666,4
4,1752840834187,0.835820895522388,0.4666666666666667,4
4,1752840834288,0.835820895522388,0.4666666666666667,4
4,1752840834389,0.8507462686567164,0.4,4
4,1752840834490,0.835820895522388,0.4,4
4,1752840834590,0.8208955223880597,0.26666666666666666,4
4,1752840834691,0.8059701492537313,0.3333333333333333,4
4,1752840834792,0.8059701492537313,0.4,4
4,1752840834893,0.8059701492537313,0.3333333333333333,4
4,1752840834994,0.835820895522388,0.3333333333333333,4
4,1752840835095,0.8059701492537313,0.4666666666666667,4
4,1752840835196,0.8208955223880597,0.3333333333333333,4
4,1752840835297,0.8507462686567164,0.2,4
4,1752840835398,0.835820895522388,0.3333333333333333,4
4,1752840835498,0.8656716417910447,0.26666666666666666,4
4,1752840835599,0.8507462686567164,0.3333333333333333,4
4,1752840835700,0.8208955223880597,0.3333333333333333,4
4,1752840835801,0.8507462686567164,0.4666666666666667,4
4,1752840835902,0.8656716417910447,0.5333333333333333,4
4,1752840836003,0.8805970149253731,0.3333333333333333,4
4,1752840836104,0.8507462686567164,0.4,4
4,1752840836204,0.8656716417910447,0.4,4
4,1752840836305,0.8507462686567164,0.3333333333333333,4
4,1752840836406,0.8507462686567164,0.26666666666666666,4
4,1752840836507,0.8507462686567164,0.4666666666666667,4
4,1752840836608,0.835820895522388,0.6,4
4,1752840836709,0.835820895522388,0.3333333333333333,4
4,1752840836810,0.8208955223880597,0.4,4
4,1752840836911,0.8656716417910447,0.3333333333333333,4
4,1752840837012,0.8208955223880597,0.3333333333333333,4
4,1752840837113,0.8059701492537313,0.2,4
4,1752840837213,0.835820895522388,0.4,4
4,1752840837314,0.8059701492537313,0.6,4
4,1752840837415,0.8208955223880597,0.4666666666666667,4
4,1752840837516,0.8059701492537313,0.3333333333333333,4
4,1752840837617,0.8208955223880597,0.26666666666666666,4
4,1752840837718,0.8208955223880597,0.3333333333333333,4
4,1752840837819,0.835820895522388,0.3333333333333333,4
4,1752840837919,0.835820895522388,0.26666666666666666,4
4,1752840838020,0.835820895522388,0.4,4
4,1752840838121,0.8507462686567164,0.5333333333333333,4
4,1752840838222,0.8805970149253731,0.4,4
4,1752840838323,0.8208955223880597,0.3333333333333333,4
4,1752840838424,0.8656716417910447,0.4666666666666667,4
4,1752840838525,0.8507462686567164,0.3333333333333333,4
4,1752840838626,0.8656716417910447,0.4,4
4,1752840838726,0.8507462686567164,0.4,4
4,1752840838828,0.8805970149253731,0.6,4
4,1752840838928,0.8507462686567164,0.4,4
4,1752840839029,0.8656716417910447,0.3333333333333333,4
4,1752840839130,0.835820895522388,0.26666666666666666,4
4,1752840839231,0.835820895522388,0.13333333333333333,4
4,1752840839332,0.8507462686567164,0.4,4
4,1752840839433,0.8208955223880597,0.26666666666666666,4
4,1752840839533,0.8208955223880597,0.3333333333333333,4
4,1752840839635,0.8059701492537313,0.26666666666666666,4
4,1752840839735,0.8059701492537313,0.6666666666666666,4
4,1752840839836,0.8059701492537313,0.3333333333333333,4
4,1752840839937,0.8059701492537313,0.3333333333333333,4
4,1752840840038,0.835820895522388,0.3333333333333333,4
4,1752840840139,0.8208955223880597,0.2,4
4,1752840840240,0.8208955223880597,0.26666666666666666,4
4,1752840840341,0.8208955223880597,0.2,4
4,1752840840441,0.8507462686567164,0.26666666666666666,4
4,1752840840542,0.835820895522388,0.3333333333333333,4
4,1752840840643,0.8656716417910447,0.5333333333333333,4
4,1752840840744,0.8656716417910447,0.4,4
4,1752840840845,0.8656716417910447,0.26666666666666666,4
4,1752840840946,0.8656716417910447,0.3333333333333333,4
4,1752840841047,0.8656716417910447,0.2,4
4,1752840841148,0.8656716417910447,0.3333333333333333,4
4,1752840841249,0.8507462686567164,0.26666666666666666,4
4,1752840841349,0.8507462686567164,0.4666666666666667,4
4,1752840841450,0.8656716417910447,0.4,4
4,1752840841551,0.835820895522388,0.3333333333333333,4
4,1752840841652,0.835820895522388,0.3333333333333333,4
4,1752840841753,0.835820895522388,0.26666666666666666,4
4,1752840841854,0.835820895522388,0.26666666666666666,4
4,1752840841955,0.8208955223880597,0.3333333333333333,4
4,1752840842056,0.8208955223880597,0.26666666666666666,4
4,1752840842156,0.8059701492537313,0.3333333333333333,4
4,1752840842257,0.8059701492537313,0.4666666666666667,4
4,1752840842358,0.8208955223880597,0.2,4
4,1752840842459,0.8208955223880597,0.3333333333333333,4
4,1752840842560,0.8059701492537313,0.26666666666666666,4
4,1752840842661,0.8208955223880597,0.26666666666666666,4
4,1752840842762,0.8208955223880597,0.2,4
4,1752840842863,0.835820895522388,0.2,4
4,1752840842963,0.835820895522388,0.4,4
4,1752840843064,0.8208955223880597,0.4666666666666667,4
4,1752840843165,0.835820895522388,0.26666666666666666,4
4,1752840843266,0.8507462686567164,0.26666666666666666,4
4,1752840843367,0.8507462686567164,0.3333333333333333,4
4,1752840843468,0.8656716417910447,0.26666666666666666,4
4,1752840843569,0.8656716417910447,0.3333333333333333,4
4,1752840843670,0.8656716417910447,0.3333333333333333,4
4,1752840843770,0.8507462686567164,0.5333333333333333,4
4,1752840843872,0.8805970149253731,0.26666666666666666,4
4,1752840843972,0.8656716417910447,0.26666666666666666,4
4,1752840844073,0.8507462686567164,0.4,4
4,1752840844174,0.8507462686567164,0.26666666666666666,4
4,1752840844275,0.835820895522388,0.4,4
4,1752840844376,0.835820895522388,0.3333333333333333,4
4,1752840844477,0.835820895522388,0.5333333333333333,4
4,1752840844578,0.835820895522388,0.4,4
4,1752840844679,0.835820895522388,0.3333333333333333,4
4,1752840844779,0.7910447761194029,0.4,4
4,1752840844880,0.8059701492537313,0.3333333333333333,4
4,1752840844981,0.835820895522388,0.2,4
4,1752840845082,0.8208955223880597,0.3333333333333333,4
4,1752840845183,0.8507462686567164,0.4666666666666667,4
4,1752840845284,0.8507462686567164,0.4666666666666667,4
4,1752840845385,0.8208955223880597,0.3333333333333333,4
4,1752840845486,0.835820895522388,0.3333333333333333,4
4,1752840845587,0.835820895522388,0.26666666666666666,4
4,1752840845688,0.8507462686567164,0.4,4
4,1752840845788,0.8656716417910447,0.4,4
4,1752840845889,0.8507462686567164,0.4,4
4,1752840845990,0.8656716417910447,0.5333333333333333,4
4,1752840846091,0.8656716417910447,0.3333333333333333,4
4,1752840846192,0.8656716417910447,0.4,4
4,1752840846293,0.8656716417910447,0.3333333333333333,4
4,1752840846394,0.8507462686567164,0.3333333333333333,4
4,1752840846494,0.8507462686567164,0.4,4
4,1752840846595,0.8507462686567164,0.3333333333333333,4
4,1752840846696,0.8507462686567164,0.6,4
4,1752840846797,0.835820895522388,0.26666666666666666,4
4,1752840846898,0.8208955223880597,0.4666666666666667,4
4,1752840846999,0.8208955223880597,0.4,4
4,1752840847099,0.8208955223880597,0.3333333333333333,4
4,1752840847201,0.8208955223880597,0.26666666666666666,4
4,1752840847301,0.8059701492537313,0.3333333333333333,4
4,1752840847402,0.8059701492537313,0.3333333333333333,4
4,1752840847503,0.8059701492537313,0.5333333333333333,4
4,1752840847604,0.835820895522388,0.3333333333333333,4
4,1752840847705,0.8208955223880597,0.3333333333333333,4
4,1752840847806,0.835820895522388,0.3333333333333333,4
4,1752840847907,0.8208955223880597,0.26666666666666666,4
4,1752840848007,0.8507462686567164,0.4,4
4,1752840848108,0.8507462686567164,0.26666666666666666,4
4,1752840848209,0.8507462686567164,0.5333333333333333,4
4,1752840848310,0.8656716417910447,0.4,4
4,1752840848411,0.8656716417910447,0.4,4
4,1752840848512,0.8656716417910447,0.4,4
4,1752840848613,0.8805970149253731,0.2,4
4,1752840848714,0.8805970149253731,0.26666666666666666,4
4,1752840848815,0.8805970149253731,0.26666666666666666,4
4,1752840848915,0.8507462686567164,0.5333333333333333,4
4,1752840849016,0.8507462686567164,0.4,4
4,1752840849118,0.8507462686567164,0.3333333333333333,4
4,1752840849218,0.8507462686567164,0.4,4
4,1752840849319,0.835820895522388,0.26666666666666666,4
4,1752840849420,0.8208955223880597,0.3333333333333333,4
4,1752840849521,0.8208955223880597,0.26666666666666666,4
4,1752840849622,0.8208955223880597,0.4,4
4,1752840849722,0.8208955223880597,0.5333333333333333,4
4,1752840849824,0.8208955223880597,0.3333333333333333,4
4,1752840849924,0.8059701492537313,0.3333333333333333,4
4,1752840850025,0.8208955223880597,0.26666666666666666,4
4,1752840850126,0.8208955223880597,0.26666666666666666,4
4,1752840850227,0.8208955223880597,0.26666666666666666,4
4,1752840850328,0.8208955223880597,0.26666666666666666,4
4,1752840850429,0.835820895522388,0.4,4
4,1752840850530,0.835820895522388,0.5333333333333333,4
4,1752840850630,0.8507462686567164,0.3333333333333333,4
4,1752840850731,0.8507462686567164,0.3333333333333333,4
4,1752840850832,0.8507462686567164,0.3333333333333333,4
4,1752840850933,0.8507462686567164,0.3333333333333333,4
4,1752840851034,0.8656716417910447,0.3333333333333333,4
4,1752840851135,0.8656716417910447,0.2,4
4,1752840851236,0.8656716417910447,0.6666666666666666,4
4,1752840851337,0.8656716417910447,0.3333333333333333,4
4,1752840851438,0.8656716417910447,0.3333333333333333,4
4,1752840851538,0.8656716417910447,0.3333333333333333,4
4,1752840851639,0.8507462686567164,0.3333333333333333,4
4,1752840851740,0.835820895522388,0.3333333333333333,4
4,1752840851841,0.8507462686567164,0.3333333333333333,4
4,1752840851942,0.8208955223880597,0.5333333333333333,4
4,1752840852043,0.8208955223880597,0.4,4
4,1752840852144,0.8208955223880597,0.3333333333333333,4
4,1752840852245,0.8059701492537313,0.4,4
4,1752840852345,0.8208955223880597,0.4,4
4,1752840852446,0.8208955223880597,0.26666666666666666,4
4,1752840852547,0.8208955223880597,0.26666666666666666,4
4,1752840852648,0.8208955223880597,0.4,4
4,1752840852749,0.835820895522388,0.4666666666666667,4
4,1752840852850,0.835820895522388,0.3333333333333333,4
4,1752840852951,0.8208955223880597,0.3333333333333333,4
4,1752840853052,0.835820895522388,0.3333333333333333,4
4,1752840853153,0.8507462686567164,0.3333333333333333,4
4,1752840853253,0.8507462686567164,0.26666666666666666,4
4,1752840853354,0.8507462686567164,0.3333333333333333,4
4,1752840853455,0.8656716417910447,0.6,4
4,1752840853556,0.8656716417910447,0.3333333333333333,4
4,1752840853657,0.8507462686567164,0.3333333333333333,4
4,1752840853758,0.8656716417910447,0.4,4
4,1752840853859,0.8656716417910447,0.3333333333333333,4
4,1752840853960,0.8656716417910447,0.26666666666666666,4
4,1752840854060,0.8656716417910447,0.3333333333333333,4
4,1752840854162,0.8507462686567164,0.6,4
4,1752840854262,0.8656716417910447,0.3333333333333333,4
4,1752840854363,0.835820895522388,0.26666666666666666,4
4,1752840854464,0.835820895522388,0.3333333333333333,4
4,1752840854565,0.8208955223880597,0.3333333333333333,4
4,1752840854666,0.8059701492537313,0.3333333333333333,4
4,1752840854766,0.8059701492537313,0.3333333333333333,4
4,1752840854867,0.7910447761194029,0.26666666666666666,4
4,1752840854969,0.8208955223880597,0.4666666666666667,4
4,1752840855069,0.8208955223880597,0.4,4
4,1752840855170,0.8059701492537313,0.3333333333333333,4
4,1752840855271,0.8059701492537313,0.4,4
4,1752840855372,0.8208955223880597,0.3333333333333333,4
4,1752840855473,0.8208955223880597,0.2,4
4,1752840855574,0.835820895522388,0.26666666666666666,4
4,1752840855675,0.8507462686567164,0.26666666666666666,4
4,1752840855775,0.8507462686567164,0.5333333333333333,4
4,1752840855876,0.8507462686567164,0.3333333333333333,4
4,1752840855977,0.8507462686567164,0.4,4
4,1752840856078,0.8507462686567164,0.3333333333333333,4
4,1752840856179,0.8805970149253731,0.2,4
4,1752840856280,0.8656716417910447,0.26666666666666666,4
4,1752840856381,0.8656716417910447,0.2,4
4,1752840856481,0.8507462686567164,0.6666666666666666,4
4,1752840856582,0.8507462686567164,0.4666666666666667,4
4,1752840856683,0.835820895522388,0.3333333333333333,4
4,1752840856784,0.8507462686567164,0.3333333333333333,4
4,1752840856885,0.835820895522388,0.26666666666666666,4
4,1752840856986,0.8208955223880597,0.3333333333333333,4
4,1752840857087,0.8059701492537313,0.4,4
4,1752840857188,0.8208955223880597,0.26666666666666666,4
4,1752840857289,0.8059701492537313,0.6,4
4,1752840857389,0.8059701492537313,0.4,4
4,1752840857490,0.835820895522388,0.2,4
4,1752840857591,0.7910447761194029,0.4,4
4,1752840857692,0.8059701492537313,0.26666666666666666,4
4,1752840857793,0.8208955223880597,0.26666666666666666,4
4,1752840857894,0.8208955223880597,0.26666666666666666,4
4,1752840857995,0.8208955223880597,0.4666666666666667,4
4,1752840858096,0.8507462686567164,0.26666666666666666,4
4,1752840858197,0.835820895522388,0.26666666666666666,4
4,1752840858298,0.8656716417910447,0.26666666666666666,4
4,1752840858398,0.8507462686567164,0.26666666666666666,4
4,1752840858499,0.8656716417910447,0.4,4
4,1752840858600,0.8656716417910447,0.3333333333333333,4
4,1752840858701,0.8805970149253731,0.4666666666666667,4
4,1752840858802,0.8507462686567164,0.4666666666666667,4
4,1752840858903,0.8507462686567164,0.3333333333333333,4
4,1752840859004,0.8656716417910447,0.4,4
4,1752840859104,0.8507462686567164,0.3333333333333333,4
4,1752840859205,0.835820895522388,0.3333333333333333,4
4,1752840859306,0.835820895522388,0.26666666666666666,4
4,1752840859407,0.835820895522388,0.3333333333333333,4
4,1752840859508,0.8208955223880597,0.5333333333333333,4
4,1752840859609,0.835820895522388,0.4,4
4,1752840859710,0.8208955223880597,0.3333333333333333,4
4,1752840859811,0.8059701492537313,0.3333333333333333,4
4,1752840859912,0.8059701492537313,0.3333333333333333,4
4,1752840860013,0.8208955223880597,0.3333333333333333,4
4,1752840860114,0.8059701492537313,0.26666666666666666,4
4,1752840860214,0.8208955223880597,0.4,4
4,1752840860315,0.8208955223880597,0.4666666666666667,4
4,1752840860416,0.7910447761194029,0.3333333333333333,4
4,1752840860517,0.835820895522388,0.26666666666666666,4
4,1752840860618,0.8507462686567164,0.26666666666666666,4
4,1752840860719,0.8507462686567164,0.2,4
4,1752840860819,0.8656716417910447,0.3333333333333333,4
4,1752840860920,0.8507462686567164,0.4,4
4,1752840861021,0.8656716417910447,0.4666666666666667,4
4,1752840861122,0.8507462686567164,0.26666666666666666,4
4,1752840861223,0.8656716417910447,0.4,4
4,1752840861324,0.8656716417910447,0.26666666666666666,4
4,1752840861425,0.8656716417910447,0.26666666666666666,4
4,1752840861526,0.8507462686567164,0.26666666666666666,4
4,1752840861627,0.8507462686567164,0.3333333333333333,4
4,1752840861727,0.8507462686567164,0.6666666666666666,4
4,1752840861828,0.8507462686567164,0.4,4
4,1752840861929,0.835820895522388,0.3333333333333333,4
4,1752840862030,0.8507462686567164,0.3333333333333333,4
4,1752840862131,0.8059701492537313,0.3333333333333333,4
4,1752840862232,0.7910447761194029,0.26666666666666666,4
4,1752840862333,0.8059701492537313,0.3333333333333333,4
4,1752840862434,0.8059701492537313,0.4,4
4,1752840862535,0.8059701492537313,0.4666666666666667,4
4,1752840862636,0.8059701492537313,0.3333333333333333,4
4,1752840862737,0.8208955223880597,0.3333333333333333,4
4,1752840862837,0.8208955223880597,0.26666666666666666,4
4,1752840862938,0.8208955223880597,0.26666666666666666,4
4,1752840863039,0.8208955223880597,0.3333333333333333,4
4,1752840863140,0.835820895522388,0.4,4
4,1752840863241,0.8656716417910447,0.4666666666666667,4
4,1752840863342,0.8507462686567164,0.3333333333333333,4
4,1752840863442,0.8507462686567164,0.4,4
4,1752840863543,0.8656716417910447,0.3333333333333333,4
4,1752840863644,0.8805970149253731,0.4,4
4,1752840863745,0.8656716417910447,0.26666666666666666,4
4,1752840863846,0.8656716417910447,0.3333333333333333,4
4,1752840863947,0.835820895522388,0.6,4
4,1752840864048,0.8805970149253731,0.3333333333333333,4
4,1752840864149,0.8507462686567164,0.4,4
4,1752840864249,0.8656716417910447,0.26666666666666666,4
4,1752840864350,0.8507462686567164,0.26666666666666666,4
4,1752840864451,0.8059701492537313,0.26666666666666666,4
4,1752840864552,0.8208955223880597,0.3333333333333333,4
4,1752840864653,0.8208955223880597,0.4666666666666667,4
4,1752840864754,0.8208955223880597,0.4,4
4,1752840864855,0.8208955223880597,0.3333333333333333,4
4,1752840864956,0.8208955223880597,0.4,4
4,1752840865057,0.8208955223880597,0.3333333333333333,4
4,1752840865158,0.8208955223880597,0.26666666666666666,4
4,1752840865259,0.8059701492537313,0.26666666666666666,4
4,1752840865359,0.835820895522388,0.4,4
4,1752840865460,0.8208955223880597,0.4666666666666667,4
4,1752840865561,0.835820895522388,0.26666666666666666,4
4,1752840865662,0.8507462686567164,0.26666666666666666,4
4,1752840865763,0.8507462686567164,0.2,4
4,1752840865864,0.8507462686567164,0.3333333333333333,4
4,1752840865965,0.8656716417910447,0.4,4
4,1752840866065,0.8656716417910447,0.3333333333333333,4
4,1752840866166,0.8656716417910447,0.4,4
4,1752840866267,0.8656716417910447,0.3333333333333333,4
4,1752840866368,0.8656716417910447,0.3333333333333333,4
4,1752840866469,0.8507462686567164,0.3333333333333333,4
4,1752840866570,0.8507462686567164,0.3333333333333333,4
4,1752840866671,0.8507462686567164,0.26666666666666666,4
4,1752840866771,0.8507462686567164,0.3333333333333333,4
4,1752840866873,0.835820895522388,0.4666666666666667,4
4,1752840866973,0.835820895522388,0.4,4
4,1752840867074,0.8507462686567164,0.3333333333333333,4
4,1752840867175,0.7910447761194029,0.3333333333333333,4
4,1752840867276,0.835820895522388,0.3333333333333333,4
4,1752840867377,0.8208955223880597,0.3333333333333333,4
4,1752840867478,0.8059701492537313,0.26666666666666666,4
4,1752840867579,0.8208955223880597,0.4,4
4,1752840867680,0.8208955223880597,0.4,4
4,1752840867781,0.8059701492537313,0.2,4
4,1752840867881,0.8208955223880597,0.13333333333333333,4
4,1752840867982,0.8059701492537313,0.3333333333333333,4
4,1752840868083,0.835820895522388,0.3333333333333333,4
4,1752840868184,0.835820895522388,0.2,4
4,1752840868285,0.835820895522388,0.3333333333333333,4
4,1752840868386,0.8507462686567164,0.4666666666666667,4
4,1752840868486,0.8507462686567164,0.3333333333333333,4
4,1752840868587,0.8656716417910447,0.4,4
4,1752840868688,0.8656716417910447,0.3333333333333333,4
4,1752840868789,0.8656716417910447,0.3333333333333333,4
4,1752840868890,0.8507462686567164,0.3333333333333333,4
4,1752840868991,0.8507462686567164,0.26666666666666666,4
4,1752840869092,0.8656716417910447,0.4666666666666667,4
4,1752840869193,0.8507462686567164,0.4666666666666667,4
4,1752840869294,0.8507462686567164,0.4,4
4,1752840869394,0.8507462686567164,0.4666666666666667,4
4,1752840869495,0.835820895522388,0.4,4
4,1752840869596,0.8208955223880597,0.3333333333333333,4
4,1752840869697,0.8208955223880597,0.3333333333333333,4
4,1752840869798,0.8208955223880597,0.3333333333333333,4
4,1752840869899,0.8208955223880597,0.4666666666666667,4
4,1752840870000,0.8208955223880597,0.26666666666666666,4
4,1752840870101,0.8059701492537313,0.4,4
4,1752840870201,0.8208955223880597,0.3333333333333333,4
4,1752840870302,0.7910447761194029,0.26666666666666666,4
4,1752840870403,0.8208955223880597,0.3333333333333333,4
4,1752840870504,0.8208955223880597,0.4666666666666667,4
4,1752840870605,0.835820895522388,0.4666666666666667,4
4,1752840870706,0.835820895522388,0.3333333333333333,4
4,1752840870807,0.835820895522388,0.4,4
4,1752840870908,0.8507462686567164,0.3333333333333333,4
4,1752840871009,0.8507462686567164,0.3333333333333333,4
4,1752840871110,0.8656716417910447,0.3333333333333333,4
4,1752840871211,0.8656716417910447,0.3333333333333333,4
4,1752840871311,0.8656716417910447,0.6,4
4,1752840871412,0.8656716417910447,0.4666666666666667,4
4,1752840871513,0.8656716417910447,0.4,4
4,1752840871614,0.8507462686567164,0.26666666666666666,4
4,1752840871715,0.8507462686567164,0.3333333333333333,4
4,1752840871816,0.8507462686567164,0.26666666666666666,4
4,1752840871917,0.835820895522388,0.3333333333333333,4
4,1752840872018,0.8208955223880597,0.6,4
4,1752840872119,0.8208955223880597,0.4,4
4,1752840872219,0.835820895522388,0.26666666666666666,4
4,1752840872320,0.8208955223880597,0.4,4
4,1752840872421,0.7910447761194029,0.3333333333333333,4
4,1752840872522,0.8059701492537313,0.4,4
4,1752840872623,0.8059701492537313,0.3333333333333333,4
4,1752840872724,0.8059701492537313,0.6,4
4,1752840872824,0.8208955223880597,0.4666666666666667,4
4,1752840872926,0.8208955223880597,0.3333333333333333,4
4,1752840873027,0.835820895522388,0.4,4
4,1752840873127,0.835820895522388,0.3333333333333333,4
4,1752840873228,0.835820895522388,0.3333333333333333,4
4,1752840873329,0.8656716417910447,0.4,4
4,1752840873430,0.8656716417910447,0.6,4
4,1752840873531,0.8656716417910447,0.4666666666666667,4
4,1752840873631,0.8507462686567164,0.26666666666666666,4
4,1752840873732,0.8656716417910447,0.4,4
4,1752840873833,0.8507462686567164,0.2,4
4,1752840873934,0.8805970149253731,0.26666666666666666,4
4,1752840874035,0.8507462686567164,0.4,4
4,1752840874136,0.8656716417910447,0.26666666666666666,4
4,1752840874237,0.8507462686567164,0.6,4
4,1752840874338,0.8507462686567164,0.4,4
4,1752840874439,0.8507462686567164,0.3333333333333333,4
4,1752840874540,0.835820895522388,0.3333333333333333,4
4,1752840874640,0.8208955223880597,0.3333333333333333,4
4,1752840874741,0.8208955223880597,0.26666666666666666,4
4,1752840874842,0.8208955223880597,0.26666666666666666,4
4,1752840874943,0.8208955223880597,0.5333333333333333,4
4,1752840875044,0.8059701492537313,0.3333333333333333,4
4,1752840875145,0.8059701492537313,0.3333333333333333,4
4,1752840875246,0.7910447761194029,0.26666666666666666,4
4,1752840875346,0.8208955223880597,0.3333333333333333,4
4,1752840875447,0.8208955223880597,0.2,4
4,1752840875548,0.7910447761194029,0.13333333333333333,4
4,1752840875649,0.8208955223880597,0.3333333333333333,4
4,1752840875750,0.8208955223880597,0.6,4
4,1752840875851,0.835820895522388,0.26666666666666666,4
4,1752840875952,0.8208955223880597,0.2,4
4,1752840876053,0.8507462686567164,0.3333333333333333,4
4,1752840876154,0.8656716417910447,0.26666666666666666,4
4,1752840876254,0.8656716417910447,0.3333333333333333,4
4,1752840876355,0.8656716417910447,0.3333333333333333,4
4,1752840876456,0.8656716417910447,0.3333333333333333,4
4,1752840876557,0.8507462686567164,0.5333333333333333,4
4,1752840876658,0.8656716417910447,0.4,4
4,1752840876759,0.835820895522388,0.2,4
4,1752840876860,0.8507462686567164,0.3333333333333333,4
4,1752840876960,0.8507462686567164,0.26666666666666666,4
4,1752840877062,0.8507462686567164,0.3333333333333333,4
4,1752840877163,0.835820895522388,0.4,4
4,1752840877263,0.8208955223880597,0.3333333333333333,4
4,1752840877364,0.835820895522388,0.4666666666666667,4
4,1752840877465,0.835820895522388,0.2,4
4,1752840877566,0.8059701492537313,0.3333333333333333,4
4,1752840877667,0.7910447761194029,0.3333333333333333,4
4,1752840877768,0.8059701492537313,0.26666666666666666,4
4,1752840877869,0.8059701492537313,0.3333333333333333,4
4,1752840877970,0.8208955223880597,0.26666666666666666,4
4,1752840878070,0.8208955223880597,0.6,4
4,1752840878171,0.8208955223880597,0.3333333333333333,4
4,1752840878272,0.8208955223880597,0.26666666666666666,4
4,1752840878373,0.835820895522388,0.3333333333333333,4
4,1752840878474,0.835820895522388,0.3333333333333333,4
4,1752840878575,0.8507462686567164,0.26666666666666666,4
4,1752840878676,0.8507462686567164,0.3333333333333333,4
4,1752840878776,0.8507462686567164,0.4,4
4,1752840878877,0.8656716417910447,0.5333333333333333,4
4,1752840878978,0.8656716417910447,0.26666666666666666,4
4,1752840879079,0.8805970149253731,0.4,4
4,1752840879180,0.8656716417910447,0.3333333333333333,4
4,1752840879281,0.835820895522388,0.26666666666666666,4
4,1752840879382,0.8656716417910447,0.3333333333333333,4
4,1752840879483,0.835820895522388,0.3333333333333333,4
4,1752840879583,0.8507462686567164,0.6666666666666666,4
4,1752840879684,0.835820895522388,0.5333333333333333,4
4,1752840879785,0.835820895522388,0.3333333333333333,4
4,1752840879886,0.8507462686567164,0.26666666666666666,4
4,1752840879987,0.8208955223880597,0.4,4
4,1752840880088,0.8059701492537313,0.3333333333333333,4
4,1752840880189,0.8208955223880597,0.4,4
4,1752840880290,0.8208955223880597,0.6666666666666666,4
4,1752840880391,0.8059701492537313,0.4,4
4,1752840880492,0.8059701492537313,0.3333333333333333,4
4,1752840880592,0.8059701492537313,0.2,4
4,1752840880693,0.835820895522388,0.26666666666666666,4
4,1752840880794,0.8208955223880597,0.3333333333333333,4
4,1752840880895,0.835820895522388,0.26666666666666666,4
4,1752840880996,0.8507462686567164,0.6,4
4,1752840881097,0.8507462686567164,0.4,4
4,1752840881198,0.8507462686567164,0.3333333333333333,4
4,1752840881299,0.835820895522388,0.4666666666666667,4
4,1752840881399,0.8507462686567164,0.3333333333333333,4
4,1752840881500,0.835820895522388,0.3333333333333333,4
4,1752840881601,0.8656716417910447,0.3333333333333333,4
4,1752840881702,0.8507462686567164,0.26666666666666666,4
4,1752840881803,0.8656716417910447,0.6,4
4,1752840881904,0.8507462686567164,0.5333333333333333,4
4,1752840882005,0.8507462686567164,0.26666666666666666,4
4,1752840882106,0.8507462686567164,0.4,4
4,1752840882207,0.8507462686567164,0.26666666666666666,4
4,1752840882307,0.835820895522388,0.3333333333333333,4
4,1752840882408,0.835820895522388,0.26666666666666666,4
4,1752840882509,0.835820895522388,0.4,4
4,1752840882610,0.8208955223880597,0.5333333333333333,4
4,1752840882711,0.835820895522388,0.26666666666666666,4
4,1752840882812,0.8208955223880597,0.4,4
4,1752840882913,0.8208955223880597,0.26666666666666666,4
4,1752840883014,0.8208955223880597,0.26666666666666666,4
4,1752840883114,0.8208955223880597,0.2,4
4,1752840883215,0.8059701492537313,0.26666666666666666,4
4,1752840883316,0.8059701492537313,0.5333333333333333,4
4,1752840883417,0.8507462686567164,0.3333333333333333,4
4,1752840883518,0.8059701492537313,0.26666666666666666,4
4,1752840883619,0.835820895522388,0.4,4
4,1752840883720,0.8507462686567164,0.2,4
4,1752840883820,0.835820895522388,0.3333333333333333,4
4,1752840883921,0.8507462686567164,0.26666666666666666,4
4,1752840884022,0.8656716417910447,0.4666666666666667,4
4,1752840884123,0.8507462686567164,0.4666666666666667,4
4,1752840884224,0.8656716417910447,0.26666666666666666,4
4,1752840884325,0.8656716417910447,0.3333333333333333,4
4,1752840884426,0.8507462686567164,0.26666666666666666,4
4,1752840884527,0.8507462686567164,0.2,4
4,1752840884628,0.8507462686567164,0.3333333333333333,4
4,1752840884728,0.8656716417910447,0.4,4
4,1752840884829,0.8656716417910447,0.5333333333333333,4
4,1752840884930,0.8507462686567164,0.26666666666666666,4
4,1752840885031,0.835820895522388,0.26666666666666666,4
4,1752840885132,0.8059701492537313,0.3333333333333333,4
4,1752840885233,0.8208955223880597,0.2,4
4,1752840885334,0.8059701492537313,0.3333333333333333,4
4,1752840885435,0.8059701492537313,0.26666666666666666,4
4,1752840885536,0.8208955223880597,0.3333333333333333,4
4,1752840885637,0.8208955223880597,0.4666666666666667,4
4,1752840885737,0.8059701492537313,0.26666666666666666,4
4,1752840885838,0.8059701492537313,0.3333333333333333,4
4,1752840885939,0.8208955223880597,0.26666666666666666,4
4,1752840886040,0.8208955223880597,0.26666666666666666,4
4,1752840886141,0.8208955223880597,0.3333333333333333,4
4,1752840886242,0.8507462686567164,0.3333333333333333,4
4,1752840886343,0.8208955223880597,0.4666666666666667,4
4,1752840886444,0.8507462686567164,0.3333333333333333,4
4,1752840886544,0.8507462686567164,0.3333333333333333,4
4,1752840886645,0.8656716417910447,0.3333333333333333,4
4,1752840886746,0.8805970149253731,0.26666666666666666,4
4,1752840886847,0.8955223880597015,0.3333333333333333,4
4,1752840886948,0.8656716417910447,0.26666666666666666,4
4,1752840887049,0.8507462686567164,0.6,4
4,1752840887150,0.8507462686567164,0.3333333333333333,4
4,1752840887251,0.8507462686567164,0.3333333333333333,4
4,1752840887351,0.8507462686567164,0.26666666666666666,4
4,1752840887452,0.8507462686567164,0.4,4
4,1752840887553,0.8507462686567164,0.26666666666666666,4
4,1752840887654,0.835820895522388,0.4,4
4,1752840887755,0.835820895522388,0.4,4
4,1752840887856,0.8208955223880597,0.4666666666666667,4
4,1752840887957,0.8208955223880597,0.3333333333333333,4
4,1752840888058,0.8059701492537313,0.3333333333333333,4
4,1752840888159,0.8059701492537313,0.4,4
4,1752840888259,0.8059701492537313,0.26666666666666666,4
4,1752840888360,0.835820895522388,0.3333333333333333,4
4,1752840888461,0.8208955223880597,0.26666666666666666,4
4,1752840888562,0.8208955223880597,0.4666666666666667,4
4,1752840888663,0.8507462686567164,0.4666666666666667,4
4,1752840888764,0.8208955223880597,0.2,4
4,1752840888865,0.8208955223880597,0.5333333333333333,4
4,1752840888966,0.835820895522388,0.26666666666666666,4
4,1752840889067,0.835820895522388,0.4,4
4,1752840889167,0.835820895522388,0.3333333333333333,4
4,1752840889268,0.8507462686567164,0.4666666666666667,4
4,1752840889369,0.8507462686567164,0.4666666666666667,4
4,1752840889470,0.8805970149253731,0.3333333333333333,4
4,1752840889571,0.8656716417910447,0.4,4
4,1752840889672,0.8656716417910447,0.3333333333333333,4
4,1752840889773,0.8507462686567164,0.26666666666666666,4
4,1752840889874,0.8507462686567164,0.3333333333333333,4
4,1752840889975,0.8507462686567164,0.4,4
4,1752840890076,0.8507462686567164,0.6,4
4,1752840890176,0.8507462686567164,0.4,4
4,1752840890277,0.8208955223880597,0.26666666666666666,4
4,1752840890378,0.8208955223880597,0.4,4
4,1752840890479,0.8059701492537313,0.26666666666666666,4
4,1752840890580,0.835820895522388,0.4,4
4,1752840890681,0.8059701492537313,0.3333333333333333,4
4,1752840890782,0.7910447761194029,0.26666666666666666,4
4,1752840890883,0.7910447761194029,0.6,4
4,1752840890984,0.8059701492537313,0.3333333333333333,4
4,1752840891084,0.8059701492537313,0.4,4
4,1752840891185,0.7910447761194029,0.3333333333333333,4
4,1752840891286,0.8208955223880597,0.3333333333333333,4
4,1752840891387,0.8208955223880597,0.26666666666666666,4
4,1752840891488,0.835820895522388,0.3333333333333333,4
4,1752840891589,0.835820895522388,0.5333333333333333,4
4,1752840891689,0.8656716417910447,0.3333333333333333,4
4,1752840891790,0.8656716417910447,0.4,4
4,1752840891891,0.8507462686567164,0.4,4
4,1752840891992,0.8805970149253731,0.3333333333333333,4
4,1752840892093,0.8507462686567164,0.26666666666666666,4
4,1752840892194,0.8656716417910447,0.3333333333333333,4
4,1752840892295,0.8507462686567164,0.6,4
4,1752840892396,0.8656716417910447,0.4666666666666667,4
4,1752840892496,0.8507462686567164,0.4,4
4,1752840892598,0.8507462686567164,0.3333333333333333,4
4,1752840892698,0.835820895522388,0.3333333333333333,4
4,1752840892799,0.8656716417910447,0.3333333333333333,4
4,1752840892900,0.8507462686567164,0.4,4
4,1752840893001,0.835820895522388,0.2,4
4,1752840893102,0.835820895522388,0.6666666666666666,4
4,1752840893203,0.8208955223880597,0.4,4
4,1752840893303,0.8208955223880597,0.26666666666666666,4
4,1752840893404,0.7910447761194029,0.4,4
4,1752840893505,0.8059701492537313,0.3333333333333333,4
4,1752840893606,0.8059701492537313,0.26666666666666666,4
4,1752840893707,0.8059701492537313,0.3333333333333333,4
4,1752840893808,0.835820895522388,0.3333333333333333,4
4,1752840893909,0.8208955223880597,0.4666666666666667,4
4,1752840894010,0.8208955223880597,0.4,4
4,1752840894111,0.8208955223880597,0.2,4
4,1752840894212,0.835820895522388,0.3333333333333333,4
4,1752840894312,0.8507462686567164,0.26666666666666666,4
4,1752840894413,0.8805970149253731,0.3333333333333333,4
4,1752840894514,0.8656716417910447,0.26666666666666666,4
4,1752840894615,0.8507462686567164,0.4666666666666667,4
4,1752840894716,0.8805970149253731,0.5333333333333333,4
4,1752840894817,0.8656716417910447,0.4,4
4,1752840894918,0.8507462686567164,0.4,4
4,1752840895018,0.8656716417910447,0.26666666666666666,4
4,1752840895119,0.8507462686567164,0.26666666666666666,4
4,1752840895221,0.8507462686567164,0.26666666666666666,4
4,1752840895321,0.8507462686567164,0.3333333333333333,4
4,1752840895422,0.835820895522388,0.4666666666666667,4
4,1752840895523,0.835820895522388,0.4666666666666667,4
4,1752840895624,0.8208955223880597,0.26666666666666666,4
4,1752840895725,0.8208955223880597,0.3333333333333333,4
4,1752840895826,0.835820895522388,0.3333333333333333,4
4,1752840895926,0.8208955223880597,0.13333333333333333,4
4,1752840896027,0.835820895522388,0.2,4
4,1752840896128,0.8059701492537313,0.3333333333333333,4
4,1752840896229,0.8208955223880597,0.3333333333333333,4
4,1752840896330,0.8208955223880597,0.6,4
4,1752840896431,0.835820895522388,0.26666666666666666,4
4,1752840896532,0.835820895522388,0.26666666666666666,4
4,1752840896633,0.835820895522388,0.3333333333333333,4
4,1752840896733,0.8656716417910447,0.26666666666666666,4
4,1752840896834,0.835820895522388,0.3333333333333333,4
4,1752840896935,0.8507462686567164,0.26666666666666666,4
4,1752840897036,0.8507462686567164,0.5333333333333333,4
4,1752840897137,0.8656716417910447,0.3333333333333333,4
4,1752840897238,0.8656716417910447,0.26666666666666666,4
4,1752840897339,0.8656716417910447,0.4,4
4,1752840897440,0.8656716417910447,0.3333333333333333,4
4,1752840897541,0.8507462686567164,0.3333333333333333,4
4,1752840897642,0.8805970149253731,0.26666666666666666,4
4,1752840897742,0.8507462686567164,0.5333333333333333,4
4,1752840897843,0.8507462686567164,0.4666666666666667,4
4,1752840897944,0.8656716417910447,0.3333333333333333,4
4,1752840898045,0.835820895522388,0.4,4
4,1752840898146,0.835820895522388,0.3333333333333333,4
4,1752840898247,0.835820895522388,0.26666666666666666,4
4,1752840898348,0.8208955223880597,0.26666666666666666,4
4,1752840898448,0.835820895522388,0.2,4
4,1752840898549,0.8208955223880597,0.5333333333333333,4
4,1752840898650,0.8059701492537313,0.4666666666666667,4
4,1752840898751,0.7910447761194029,0.26666666666666666,4
4,1752840898852,0.8208955223880597,0.3333333333333333,4
4,1752840898953,0.8208955223880597,0.3333333333333333,4
4,1752840899054,0.835820895522388,0.2,4
4,1752840899155,0.8059701492537313,0.3333333333333333,4
4,1752840899256,0.835820895522388,0.3333333333333333,4
4,1752840899356,0.835820895522388,0.6,4
4,1752840899458,0.835820895522388,0.3333333333333333,4
4,1752840899558,0.8507462686567164,0.3333333333333333,4
4,1752840899659,0.8507462686567164,0.4,4
4,1752840899760,0.8507462686567164,0.3333333333333333,4
4,1752840899861,0.8656716417910447,0.26666666666666666,4
4,1752840899962,0.8656716417910447,0.4,4
4,1752840900063,0.8656716417910447,0.6666666666666666,4
4,1752840900164,0.8656716417910447,0.4,4
4,1752840900265,0.8656716417910447,0.3333333333333333,4
4,1752840900365,0.8656716417910447,0.3333333333333333,4
4,1752840900466,0.8507462686567164,0.4,4
4,1752840900567,0.8656716417910447,0.3333333333333333,4
4,1752840900668,0.8208955223880597,0.3333333333333333,4
4,1752840900769,0.8208955223880597,0.26666666666666666,4
4,1752840900870,0.835820895522388,0.13333333333333333,4
4,1752840900971,0.8208955223880597,0.6666666666666666,4
4,1752840901072,0.8208955223880597,0.3333333333333333,4
4,1752840901172,0.8059701492537313,0.4,4
4,1752840901274,0.8059701492537313,0.3333333333333333,4
4,1752840901374,0.8059701492537313,0.26666666666666666,4
4,1752840901475,0.8208955223880597,0.2,4
4,1752840901576,0.8059701492537313,0.3333333333333333,4
4,1752840901677,0.835820895522388,0.2,4
4,1752840901778,0.835820895522388,0.5333333333333333,4
4,1752840901879,0.835820895522388,0.4,4
4,1752840901979,0.835820895522388,0.26666666666666666,4
4,1752840902081,0.8507462686567164,0.4,4
4,1752840902181,0.8507462686567164,0.3333333333333333,4
4,1752840902282,0.8656716417910447,0.3333333333333333,4
4,1752840902383,0.8507462686567164,0.4,4
4,1752840902484,0.8656716417910447,0.3333333333333333,4
4,1752840902585,0.8656716417910447,0.6,4
4,1752840902686,0.8507462686567164,0.3333333333333333,4
4,1752840902786,0.8656716417910447,0.3333333333333333,4
4,1752840902887,0.8507462686567164,0.4666666666666667,4
4,1752840902988,0.8656716417910447,0.2,4
4,1752840903089,0.835820895522388,0.3333333333333333,4
4,1752840903190,0.835820895522388,0.26666666666666666,4
4,1752840903291,0.8208955223880597,0.3333333333333333,4
4,1752840903392,0.8208955223880597,0.6,4
4,1752840903492,0.8208955223880597,0.26666666666666666,4
4,1752840903593,0.8208955223880597,0.3333333333333333,4
4,1752840903694,0.8059701492537313,0.26666666666666666,4
4,1752840903795,0.8059701492537313,0.26666666666666666,4
4,1752840903896,0.8208955223880597,0.3333333333333333,4
4,1752840903997,0.8059701492537313,0.3333333333333333,4
4,1752840904098,0.8208955223880597,0.4,4
4,1752840904199,0.8208955223880597,0.4666666666666667,4
4,1752840904300,0.8208955223880597,0.26666666666666666,4
4,1752840904400,0.8208955223880597,0.3333333333333333,4
4,1752840904501,0.835820895522388,0.26666666666666666,4
4,1752840904602,0.8507462686567164,0.26666666666666666,4
4,1752840904703,0.8507462686567164,0.26666666666666666,4
4,1752840904804,0.8507462686567164,0.4666666666666667,4
4,1752840904905,0.8507462686567164,0.4666666666666667,4
4,1752840905006,0.8656716417910447,0.3333333333333333,4
4,1752840905107,0.8656716417910447,0.4,4
4,1752840905208,0.8656716417910447,0.3333333333333333,4
4,1752840905308,0.8656716417910447,0.3333333333333333,4
4,1752840905409,0.8507462686567164,0.4,4
4,1752840905510,0.8955223880597015,0.26666666666666666,4
4,1752840905611,0.8507462686567164,0.6,4
4,1752840905712,0.835820895522388,0.4,4
4,1752840905813,0.835820895522388,0.4,4
4,1752840905914,0.8059701492537313,0.4,4
4,1752840906015,0.8208955223880597,0.2,4
4,1752840906116,0.8059701492537313,0.26666666666666666,4
4,1752840906216,0.7910447761194029,0.3333333333333333,4
4,1752840906317,0.835820895522388,0.4,4
4,1752840906418,0.8059701492537313,0.5333333333333333,4
4,1752840906519,0.8208955223880597,0.3333333333333333,4
4,1752840906620,0.7910447761194029,0.4,4
4,1752840906721,0.8059701492537313,0.3333333333333333,4
4,1752840906822,0.8208955223880597,0.26666666666666666,4
4,1752840906922,0.8208955223880597,0.26666666666666666,4
4,1752840907023,0.835820895522388,0.4666666666666667,4
4,1752840907124,0.835820895522388,0.5333333333333333,4
4,1752840907225,0.8507462686567164,0.3333333333333333,4
4,1752840907326,0.8507462686567164,0.4,4
4,1752840907427,0.8507462686567164,0.26666666666666666,4
4,1752840907528,0.8507462686567164,0.26666666666666666,4
4,1752840907629,0.8507462686567164,0.26666666666666666,4
4,1752840907730,0.8656716417910447,0.3333333333333333,4
4,1752840907830,0.8656716417910447,0.4,4
4,1752840907931,0.8656716417910447,0.4666666666666667,4
4,1752840908032,0.835820895522388,0.13333333333333333,4
4,1752840908133,0.8507462686567164,0.3333333333333333,4
4,1752840908234,0.835820895522388,0.3333333333333333,4
4,1752840908335,0.8208955223880597,0.26666666666666666,4
4,1752840908436,0.835820895522388,0.3333333333333333,4
4,1752840908536,0.8208955223880597,0.2,4
4,1752840908637,0.8208955223880597,0.26666666666666666,4
4,1752840908738,0.8059701492537313,0.4666666666666667,4
4,1752840908839,0.7910447761194029,0.4,4
4,1752840908940,0.8059701492537313,0.26666666666666666,4
4,1752840909041,0.8208955223880597,0.26666666666666666,4
4,1752840909142,0.8059701492537313,0.26666666666666666,4
4,1752840909243,0.835820895522388,0.2,4
4,1752840909344,0.835820895522388,0.3333333333333333,4
4,1752840909444,0.8208955223880597,0.4,4
4,1752840909546,0.835820895522388,0.4666666666666667,4
4,1752840909647,0.835820895522388,0.2,4
4,1752840909747,0.8208955223880597,0.4,4
4,1752840909848,0.8656716417910447,0.26666666666666666,4
4,1752840909949,0.8955223880597015,0.26666666666666666,4
4,1752840910050,0.8656716417910447,0.4,4
4,1752840910151,0.8656716417910447,0.26666666666666666,4
4,1752840910252,0.8656716417910447,0.4666666666666667,4
4,1752840910352,0.8656716417910447,0.4,4
4,1752840910453,0.8507462686567164,0.4666666666666667,4
4,1752840910554,0.8507462686567164,0.3333333333333333,4
4,1752840910655,0.8507462686567164,0.3333333333333333,4
4,1752840910756,0.8507462686567164,0.3333333333333333,4
4,1752840910857,0.8507462686567164,0.26666666666666666,4
4,1752840910958,0.8208955223880597,0.3333333333333333,4
4,1752840911059,0.8208955223880597,0.4666666666666667,4
4,1752840911159,0.8208955223880597,0.4666666666666667,4
4,1752840911260,0.8059701492537313,0.26666666666666666,4
4,1752840911361,0.8059701492537313,0.2,4
4,1752840911462,0.8208955223880597,0.26666666666666666,4
4,1752840911563,0.8059701492537313,0.26666666666666666,4
4,1752840911664,0.8208955223880597,0.3333333333333333,4
4,1752840911765,0.8208955223880597,0.3333333333333333,4
4,1752840911866,0.835820895522388,0.4666666666666667,4
4,1752840911967,0.8059701492537313,0.2,4
4,1752840912067,0.835820895522388,0.4,4
4,1752840912168,0.8507462686567164,0.3333333333333333,4
4,1752840912269,0.835820895522388,0.3333333333333333,4
4,1752840912370,0.8507462686567164,0.3333333333333333,4
4,1752840912471,0.8507462686567164,0.3333333333333333,4
4,1752840912572,0.8507462686567164,0.5333333333333333,4
4,1752840912673,0.8507462686567164,0.3333333333333333,4
4,1752840912773,0.8507462686567164,0.3333333333333333,4
4,1752840912874,0.8656716417910447,0.3333333333333333,4
4,1752840912975,0.8507462686567164,0.3333333333333333,4
4,1752840913076,0.8656716417910447,0.3333333333333333,4
4,1752840913177,0.8507462686567164,0.3333333333333333,4
4,1752840913278,0.8507462686567164,0.4666666666666667,4
4,1752840913379,0.835820895522388,0.4666666666666667,4
4,1752840913480,0.835820895522388,0.3333333333333333,4
4,1752840913581,0.8208955223880597,0.4,4
4,1752840913682,0.8059701492537313,0.4,4
4,1752840913783,0.8059701492537313,0.2,4
4,1752840913884,0.8059701492537313,0.3333333333333333,4
4,1752840913984,0.8059701492537313,0.3333333333333333,4
4,1752840914085,0.8059701492537313,0.4666666666666667,4
4,1752840914186,0.8059701492537313,0.3333333333333333,4
4,1752840914287,0.8208955223880597,0.26666666666666666,4
4,1752840914388,0.835820895522388,0.26666666666666666,4
4,1752840914489,0.8208955223880597,0.26666666666666666,4
4,1752840914589,0.835820895522388,0.3333333333333333,4
4,1752840914690,0.835820895522388,0.4,4
4,1752840914791,0.8507462686567164,0.4666666666666667,4
4,1752840914892,0.8507462686567164,0.3333333333333333,4
4,1752840914993,0.8656716417910447,0.4,4
4,1752840915094,0.8656716417910447,0.3333333333333333,4
4,1752840915195,0.835820895522388,0.26666666666666666,4
4,1752840915296,0.8656716417910447,0.3333333333333333,4
4,1752840915397,0.8507462686567164,0.4666666666666667,4
4,1752840915497,0.8805970149253731,0.4666666666666667,4
4,1752840915598,0.8656716417910447,0.26666666666666666,4
4,1752840915699,0.8507462686567164,0.4666666666666667,4
4,1752840915800,0.8208955223880597,0.4,4
4,1752840915901,0.8059701492537313,0.26666666666666666,4
4,1752840916002,0.835820895522388,0.3333333333333333,4
4,1752840916103,0.8208955223880597,0.3333333333333333,4
4,1752840916203,0.7910447761194029,0.5333333333333333,4
4,1752840916304,0.8059701492537313,0.4,4
4,1752840916405,0.8059701492537313,0.3333333333333333,4
4,1752840916506,0.8059701492537313,0.3333333333333333,4
4,1752840916607,0.8059701492537313,0.3333333333333333,4
4,1752840916708,0.8059701492537313,0.26666666666666666,4
4,1752840916809,0.8059701492537313,0.3333333333333333,4
4,1752840916910,0.8208955223880597,0.4,4
4,1752840917011,0.835820895522388,0.4,4
4,1752840917111,0.8208955223880597,0.26666666666666666,4
4,1752840917212,0.8507462686567164,0.3333333333333333,4
4,1752840917313,0.8507462686567164,0.3333333333333333,4
4,1752840917414,0.8507462686567164,0.2,4
4,1752840917515,0.8507462686567164,0.3333333333333333,4
4,1752840917616,0.8656716417910447,0.5333333333333333,4
4,1752840917717,0.8507462686567164,0.4,4
4,1752840917818,0.8656716417910447,0.3333333333333333,4
4,1752840917918,0.8507462686567164,0.4,4
4,1752840918019,0.8507462686567164,0.3333333333333333,4
4,1752840918120,0.8507462686567164,0.3333333333333333,4
4,1752840918221,0.8507462686567164,0.3333333333333333,4
4,1752840918322,0.835820895522388,0.3333333333333333,4
4,1752840918423,0.835820895522388,0.6,4
4,1752840918524,0.8208955223880597,0.4,4
4,1752840918625,0.8208955223880597,0.3333333333333333,4
4,1752840918726,0.8208955223880597,0.3333333333333333,4
4,1752840918827,0.8059701492537313,0.3333333333333333,4
4,1752840918927,0.8059701492537313,0.3333333333333333,4
4,1752840919028,0.8059701492537313,0.26666666666666666,4
4,1752840919129,0.8059701492537313,0.4,4
4,1752840919230,0.8059701492537313,0.4,4
4,1752840919331,0.8208955223880597,0.3333333333333333,4
4,1752840919432,0.835820895522388,0.3333333333333333,4
4,1752840919533,0.8059701492537313,0.3333333333333333,4
4,1752840919634,0.835820895522388,0.3333333333333333,4
4,1752840919735,0.8507462686567164,0.3333333333333333,4
4,1752840919835,0.835820895522388,0.4666666666666667,4
4,1752840919936,0.8507462686567164,0.3333333333333333,4
4,1752840920037,0.8507462686567164,0.26666666666666666,4
4,1752840920138,0.8805970149253731,0.4,4
4,1752840920239,0.8656716417910447,0.3333333333333333,4
4,1752840920340,0.8656716417910447,0.3333333333333333,4
4,1752840920441,0.8507462686567164,0.4,4
4,1752840920541,0.8656716417910447,0.5333333333333333,4
4,1752840920642,0.835820895522388,0.26666666666666666,4
4,1752840920743,0.8507462686567164,0.4,4
4,1752840920844,0.8507462686567164,0.3333333333333333,4
4,1752840920945,0.835820895522388,0.3333333333333333,4
4,1752840921046,0.835820895522388,0.4,4
4,1752840921147,0.8208955223880597,0.5333333333333333,4
4,1752840921248,0.835820895522388,0.4,4
4,1752840921349,0.8507462686567164,0.4,4
4,1752840921449,0.8208955223880597,0.3333333333333333,4
4,1752840921551,0.8208955223880597,0.2,4
4,1752840921652,0.8507462686567164,0.26666666666666666,4
4,1752840921752,0.835820895522388,0.3333333333333333,4
4,1752840921853,0.8208955223880597,0.5333333333333333,4
4,1752840921954,0.8059701492537313,0.3333333333333333,4
4,1752840922055,0.8208955223880597,0.2,4
4,1752840922156,0.8208955223880597,0.3333333333333333,4
4,1752840922257,0.835820895522388,0.26666666666666666,4
4,1752840922358,0.835820895522388,0.3333333333333333,4
4,1752840922458,0.835820895522388,0.26666666666666666,4
4,1752840922559,0.8805970149253731,0.3333333333333333,4
4,1752840922660,0.8507462686567164,0.5333333333333333,4
4,1752840922761,0.8656716417910447,0.26666666666666666,4
4,1752840922862,0.8656716417910447,0.3333333333333333,4
4,1752840922963,0.8656716417910447,0.3333333333333333,4
4,1752840923064,0.8656716417910447,0.3333333333333333,4
4,1752840923164,0.8805970149253731,0.26666666666666666,4
4,1752840923265,0.8507462686567164,0.4666666666666667,4
4,1752840923366,0.835820895522388,0.5333333333333333,4
4,1752840923467,0.8507462686567164,0.26666666666666666,4
4,1752840923568,0.8507462686567164,0.3333333333333333,4
4,1752840923669,0.8208955223880597,0.3333333333333333,4
4,1752840923770,0.8208955223880597,0.3333333333333333,4
4,1752840923870,0.8208955223880597,0.3333333333333333,4
4,1752840923971,0.8059701492537313,0.4666666666666667,4
4,1752840924072,0.8059701492537313,0.5333333333333333,4
4,1752840924173,0.8208955223880597,0.3333333333333333,4
4,1752840924274,0.8059701492537313,0.4,4
4,1752840924375,0.8208955223880597,0.3333333333333333,4
4,1752840924476,0.8059701492537313,0.26666666666666666,4
4,1752840924577,0.8059701492537313,0.4,4
4,1752840924678,0.835820895522388,0.26666666666666666,4
4,1752840924779,0.7910447761194029,0.4666666666666667,4
4,1752840924880,0.835820895522388,0.3333333333333333,4
4,1752840924980,0.835820895522388,0.26666666666666666,4
4,1752840925081,0.8208955223880597,0.4666666666666667,4
4,1752840925182,0.8507462686567164,0.2,4
4,1752840925283,0.8656716417910447,0.26666666666666666,4
4,1752840925384,0.8656716417910447,0.26666666666666666,4
4,1752840925485,0.8507462686567164,0.4666666666666667,4
4,1752840925585,0.8656716417910447,0.4,4
4,1752840925686,0.8656716417910447,0.3333333333333333,4
4,1752840925787,0.8656716417910447,0.3333333333333333,4
4,1752840925888,0.8507462686567164,0.26666666666666666,4
4,1752840925989,0.8656716417910447,0.26666666666666666,4
4,1752840926090,0.8507462686567164,0.3333333333333333,4
4,1752840926191,0.8656716417910447,0.4666666666666667,4
4,1752840926292,0.835820895522388,0.3333333333333333,4
4,1752840926393,0.835820895522388,0.3333333333333333,4
4,1752840926494,0.835820895522388,0.3333333333333333,4
4,1752840926594,0.8208955223880597,0.3333333333333333,4
4,1752840926695,0.8208955223880597,0.3333333333333333,4
4,1752840926796,0.8208955223880597,0.26666666666666666,4
4,1752840926897,0.8059701492537313,0.4,4
4,1752840926998,0.8208955223880597,0.4,4
4,1752840927099,0.8059701492537313,0.3333333333333333,4
4,1752840927200,0.8208955223880597,0.3333333333333333,4
4,1752840927301,0.8059701492537313,0.26666666666666666,4
4,1752840927401,0.8208955223880597,0.26666666666666666,4
4,1752840927502,0.8208955223880597,0.3333333333333333,4
4,1752840927603,0.8208955223880597,0.3333333333333333,4
4,1752840927704,0.835820895522388,0.4666666666666667,4
4,1752840927805,0.835820895522388,0.3333333333333333,4
4,1752840927906,0.8208955223880597,0.26666666666666666,4
4,1752840928007,0.8507462686567164,0.4,4
4,1752840928108,0.8507462686567164,0.3333333333333333,4
4,1752840928208,0.8507462686567164,0.26666666666666666,4
4,1752840928309,0.8656716417910447,0.5333333333333333,4
4,1752840928410,0.8507462686567164,0.4666666666666667,4
4,1752840928511,0.8507462686567164,0.26666666666666666,4
4,1752840928612,0.8656716417910447,0.3333333333333333,4
4,1752840928713,0.8507462686567164,0.3333333333333333,4
4,1752840928814,0.8507462686567164,0.3333333333333333,4
4,1752840928915,0.8507462686567164,0.2,4
4,1752840929016,0.8805970149253731,0.4666666666666667,4
4,1752840929116,0.835820895522388,0.5333333333333333,4
4,1752840929217,0.8208955223880597,0.26666666666666666,4
4,1752840929318,0.835820895522388,0.3333333333333333,4
4,1752840929419,0.8208955223880597,0.3333333333333333,4
4,1752840929520,0.8059701492537313,0.3333333333333333,4
4,1752840929621,0.8208955223880597,0.3333333333333333,4
4,1752840929722,0.8059701492537313,0.26666666666666666,4
4,1752840929823,0.8059701492537313,0.6,4
4,1752840929923,0.8059701492537313,0.4,4
4,1752840930024,0.8059701492537313,0.3333333333333333,4
4,1752840930125,0.8059701492537313,0.4,4
4,1752840930226,0.8059701492537313,0.3333333333333333,4
4,1752840930327,0.8208955223880597,0.4,4
4,1752840930428,0.8208955223880597,0.26666666666666666,4
4,1752840930529,0.835820895522388,0.6666666666666666,4
4,1752840930630,0.835820895522388,0.4,4
4,1752840930731,0.835820895522388,0.3333333333333333,4
4,1752840930831,0.8656716417910447,0.4,4
4,1752840930932,0.8507462686567164,0.4,4
4,1752840931033,0.8507462686567164,0.3333333333333333,4
4,1752840931134,0.8507462686567164,0.26666666666666666,4
4,1752840931235,0.8507462686567164,0.7333333333333333,4
4,1752840931336,0.8656716417910447,0.3333333333333333,4
4,1752840931437,0.8507462686567164,0.3333333333333333,4
4,1752840931538,0.8507462686567164,0.4666666666666667,4
4,1752840931639,0.8507462686567164,0.26666666666666666,4
4,1752840931740,0.835820895522388,0.3333333333333333,4
4,1752840931840,0.8507462686567164,0.26666666666666666,4
4,1752840931941,0.835820895522388,0.4,4
4,1752840932042,0.8507462686567164,0.6666666666666666,4
4,1752840932143,0.835820895522388,0.4,4
4,1752840932244,0.8208955223880597,0.3333333333333333,4
4,1752840932345,0.8208955223880597,0.3333333333333333,4
4,1752840932446,0.8208955223880597,0.3333333333333333,4
4,1752840932547,0.8208955223880597,0.26666666666666666,4
4,1752840932648,0.8208955223880597,0.13333333333333333,4
4,1752840932748,0.8208955223880597,0.4666666666666667,4
4,1752840932850,0.8059701492537313,0.26666666666666666,4
4,1752840932950,0.8059701492537313,0.3333333333333333,4
4,1752840933051,0.8059701492537313,0.3333333333333333,4
4,1752840933152,0.8059701492537313,0.3333333333333333,4
4,1752840933253,0.8208955223880597,0.3333333333333333,4
4,1752840933354,0.8208955223880597,0.4,4
4,1752840933455,0.835820895522388,0.4,4
4,1752840933555,0.835820895522388,0.26666666666666666,4
4,1752840933656,0.835820895522388,0.4,4
4,1752840933757,0.8507462686567164,0.3333333333333333,4
4,1752840933858,0.8656716417910447,0.26666666666666666,4
4,1752840933959,0.8507462686567164,0.3333333333333333,4
4,1752840934060,0.8656716417910447,0.26666666666666666,4
4,1752840934161,0.8656716417910447,0.6,4
4,1752840934261,0.8656716417910447,0.3333333333333333,4
4,1752840934362,0.8656716417910447,0.2,4
4,1752840934463,0.8656716417910447,0.4,4
4,1752840934564,0.8507462686567164,0.26666666666666666,4
4,1752840934665,0.8507462686567164,0.3333333333333333,4
4,1752840934766,0.8805970149253731,0.3333333333333333,4
4,1752840934867,0.8656716417910447,0.2,4
4,1752840934967,0.8208955223880597,0.4666666666666667,4
4,1752840935068,0.8208955223880597,0.3333333333333333,4
4,1752840935169,0.8208955223880597,0.26666666666666666,4
4,1752840935270,0.8059701492537313,0.3333333333333333,4
4,1752840935371,0.8059701492537313,0.3333333333333333,4
4,1752840935472,0.8059701492537313,0.26666666666666666,4
4,1752840935573,0.8059701492537313,0.26666666666666666,4
4,1752840935674,0.8059701492537313,0.4666666666666667,4
4,1752840935775,0.8059701492537313,0.3333333333333333,4
4,1752840935875,0.8208955223880597,0.26666666666666666,4
4,1752840935976,0.8059701492537313,0.3333333333333333,4
4,1752840936077,0.8208955223880597,0.26666666666666666,4
4,1752840936178,0.8208955223880597,0.2,4
4,1752840936279,0.8208955223880597,0.3333333333333333,4
4,1752840936380,0.8507462686567164,0.4,4
4,1752840936481,0.8507462686567164,0.3333333333333333,4
4,1752840936582,0.8656716417910447,0.3333333333333333,4
4,1752840936682,0.8507462686567164,0.3333333333333333,4
4,1752840936783,0.8656716417910447,0.3333333333333333,4
4,1752840936884,0.835820895522388,0.4,4
4,1752840936985,0.8507462686567164,0.3333333333333333,4
4,1752840937086,0.8507462686567164,0.3333333333333333,4
4,1752840937187,0.8656716417910447,0.3333333333333333,4
4,1752840937288,0.8656716417910447,0.5333333333333333,4
4,1752840937389,0.8507462686567164,0.3333333333333333,4
4,1752840937490,0.8507462686567164,0.3333333333333333,4
4,1752840937591,0.835820895522388,0.4666666666666667,4
4,1752840937691,0.8507462686567164,0.3333333333333333,4
4,1752840937792,0.835820895522388,0.3333333333333333,4
4,1752840937893,0.835820895522388,0.26666666666666666,4
4,1752840937994,0.8208955223880597,0.4,4
4,1752840938095,0.8208955223880597,0.5333333333333333,4
4,1752840938196,0.8059701492537313,0.3333333333333333,4
4,1752840938297,0.8208955223880597,0.3333333333333333,4
4,1752840938397,0.8507462686567164,0.3333333333333333,4
4,1752840938498,0.8059701492537313,0.3333333333333333,4
4,1752840938599,0.8059701492537313,0.3333333333333333,4
4,1752840938700,0.8059701492537313,0.26666666666666666,4
4,1752840938801,0.7910447761194029,0.4,4
4,1752840938902,0.8059701492537313,0.4666666666666667,4
4,1752840939003,0.8208955223880597,0.26666666666666666,4
4,1752840939104,0.8208955223880597,0.3333333333333333,4
4,1752840939205,0.835820895522388,0.3333333333333333,4
4,1752840939305,0.835820895522388,0.3333333333333333,4
4,1752840939407,0.835820895522388,0.3333333333333333,4
4,1752840939507,0.8507462686567164,0.3333333333333333,4
4,1752840939608,0.8507462686567164,0.3333333333333333,4
4,1752840939709,0.8656716417910447,0.5333333333333333,4
4,1752840939810,0.8507462686567164,0.3333333333333333,4
4,1752840939911,0.8507462686567164,0.4,4
4,1752840940012,0.8656716417910447,0.3333333333333333,4
4,1752840940113,0.8507462686567164,0.26666666666666666,4
4,1752840940213,0.8656716417910447,0.26666666666666666,4
4,1752840940314,0.8507462686567164,0.4,4
4,1752840940415,0.8656716417910447,0.4666666666666667,4
4,1752840940516,0.8507462686567164,0.4,4
4,1752840940617,0.8507462686567164,0.3333333333333333,4
4,1752840940718,0.8507462686567164,0.4,4
4,1752840940819,0.8208955223880597,0.4,4
4,1752840940920,0.8507462686567164,0.26666666666666666,4
4,1752840941020,0.8208955223880597,0.3333333333333333,4
4,1752840941121,0.8059701492537313,0.6,4
4,1752840941222,0.8059701492537313,0.3333333333333333,4
4,1752840941323,0.8059701492537313,0.3333333333333333,4
4,1752840941424,0.8059701492537313,0.4,4
4,1752840941525,0.8059701492537313,0.3333333333333333,4
4,1752840941626,0.8059701492537313,0.3333333333333333,4
4,1752840941727,0.8059701492537313,0.26666666666666666,4
4,1752840941828,0.8208955223880597,0.6,4
4,1752840941929,0.8208955223880597,0.4,4
4,1752840942030,0.8208955223880597,0.3333333333333333,4
4,1752840942130,0.835820895522388,0.3333333333333333,4
4,1752840942231,0.8507462686567164,0.4,4
4,1752840942332,0.8507462686567164,0.26666666666666666,4
4,1752840942433,0.8656716417910447,0.3333333333333333,4
4,1752840942534,0.8507462686567164,0.4,4
4,1752840942635,0.835820895522388,0.6666666666666666,4
4,1752840942736,0.8507462686567164,0.4,4
4,1752840942836,0.8507462686567164,0.4,4
4,1752840942937,0.8656716417910447,0.4,4
4,1752840943038,0.8656716417910447,0.3333333333333333,4
4,1752840943139,0.8507462686567164,0.3333333333333333,4
4,1752840943240,0.8507462686567164,0.4666666666666667,4
4,1752840943341,0.8507462686567164,0.6,4
4,1752840943442,0.835820895522388,0.26666666666666666,4
4,1752840943543,0.835820895522388,0.4666666666666667,4
4,1752840943644,0.8208955223880597,0.3333333333333333,4
4,1752840943744,0.835820895522388,0.3333333333333333,4
4,1752840943845,0.8208955223880597,0.26666666666666666,4
4,1752840943946,0.835820895522388,0.26666666666666666,4
4,1752840944047,0.835820895522388,0.7333333333333333,4
4,1752840944148,0.8059701492537313,0.26666666666666666,4
4,1752840944249,0.8208955223880597,0.26666666666666666,4
4,1752840944350,0.8208955223880597,0.2,4
4,1752840944450,0.7910447761194029,0.26666666666666666,4
4,1752840944551,0.7761194029850746,0.3333333333333333,4
4,1752840944652,0.8059701492537313,0.2,4
4,1752840944753,0.8208955223880597,0.2,4
4,1752840944854,0.8208955223880597,0.5333333333333333,4
4,1752840944955,0.835820895522388,0.26666666666666666,4
4,1752840945056,0.8507462686567164,0.3333333333333333,4
4,1752840945157,0.8507462686567164,0.3333333333333333,4
4,1752840945257,0.8507462686567164,0.26666666666666666,4
4,1752840945358,0.8507462686567164,0.3333333333333333,4
4,1752840945459,0.8507462686567164,0.26666666666666666,4
4,1752840945560,0.8507462686567164,0.3333333333333333,4
4,1752840945661,0.8507462686567164,0.5333333333333333,4
4,1752840945762,0.8656716417910447,0.4,4
4,1752840945863,0.8656716417910447,0.26666666666666666,4
4,1752840945964,0.8805970149253731,0.26666666666666666,4
4,1752840946065,0.8507462686567164,0.26666666666666666,4
4,1752840946166,0.8656716417910447,0.26666666666666666,4
4,1752840946266,0.8059701492537313,0.13333333333333333,4
4,1752840946367,0.835820895522388,0.5333333333333333,4
4,1752840946468,0.8208955223880597,0.4,4
4,1752840946569,0.8059701492537313,0.3333333333333333,4
4,1752840946670,0.8059701492537313,0.3333333333333333,4
4,1752840946771,0.8059701492537313,0.2,4
4,1752840946872,0.8059701492537313,0.26666666666666666,4
4,1752840946973,0.8059701492537313,0.26666666666666666,4
4,1752840947073,0.8208955223880597,0.3333333333333333,4
4,1752840947174,0.7910447761194029,0.4666666666666667,4
4,1752840947275,0.8208955223880597,0.4666666666666667,4
4,1752840947376,0.8208955223880597,0.3333333333333333,4
4,1752840947477,0.8208955223880597,0.3333333333333333,4
4,1752840947578,0.835820895522388,0.3333333333333333,4
4,1752840947678,0.8208955223880597,0.2,4
4,1752840947779,0.835820895522388,0.3333333333333333,4
4,1752840947880,0.8656716417910447,0.3333333333333333,4
4,1752840947981,0.8507462686567164,0.4666666666666667,4
4,1752840948082,0.8656716417910447,0.3333333333333333,4
4,1752840948183,0.8507462686567164,0.3333333333333333,4
4,1752840948284,0.8656716417910447,0.3333333333333333,4
4,1752840948385,0.8507462686567164,0.26666666666666666,4
4,1752840948486,0.8656716417910447,0.26666666666666666,4
4,1752840948586,0.8507462686567164,0.3333333333333333,4
4,1752840948687,0.8507462686567164,0.5333333333333333,4
4,1752840948788,0.8507462686567164,0.4,4
4,1752840948889,0.835820895522388,0.26666666666666666,4
4,1752840948990,0.835820895522388,0.4,4
4,1752840949091,0.835820895522388,0.3333333333333333,4
4,1752840949192,0.8208955223880597,0.26666666666666666,4
4,1752840949293,0.8208955223880597,0.3333333333333333,4
4,1752840949394,0.8059701492537313,0.4,4
4,1752840949494,0.8059701492537313,0.5333333333333333,4
4,1752840949595,0.8059701492537313,0.3333333333333333,4
4,1752840949696,0.8059701492537313,0.4,4
4,1752840949797,0.835820895522388,0.4,4
4,1752840949898,0.8059701492537313,0.4,4
4,1752840949999,0.8208955223880597,0.26666666666666666,4
4,1752840950100,0.8059701492537313,0.3333333333333333,4
4,1752840950201,0.8208955223880597,0.2,4
4,1752840950302,0.8507462686567164,0.5333333333333333,4
4,1752840950402,0.835820895522388,0.4,4
4,1752840950503,0.8656716417910447,0.2,4
4,1752840950604,0.8507462686567164,0.4,4
4,1752840950705,0.8507462686567164,0.3333333333333333,4
4,1752840950806,0.8507462686567164,0.3333333333333333,4
4,1752840950907,0.8656716417910447,0.26666666666666666,4
4,1752840951008,0.8656716417910447,0.4,4
4,1752840951109,0.8656716417910447,0.5333333333333333,4
4,1752840951209,0.8507462686567164,0.3333333333333333,4
4,1752840951310,0.835820895522388,0.4,4
4,1752840951411,0.8507462686567164,0.4,4
4,1752840951512,0.835820895522388,0.26666666666666666,4
4,1752840951613,0.835820895522388,0.4,4
4,1752840951714,0.835820895522388,0.26666666666666666,4
4,1752840951815,0.8507462686567164,0.6,4
4,1752840951916,0.835820895522388,0.4666666666666667,4
4,1752840952017,0.835820895522388,0.26666666666666666,4
4,1752840952118,0.8208955223880597,0.4,4
4,1752840952218,0.8059701492537313,0.3333333333333333,4
4,1752840952319,0.8059701492537313,0.4666666666666667,4
4,1752840952420,0.8059701492537313,0.3333333333333333,4
4,1752840952521,0.8059701492537313,0.2,4
4,1752840952622,0.835820895522388,0.4666666666666667,4
4,1752840952723,0.8208955223880597,0.4666666666666667,4
4,1752840952824,0.8208955223880597,0.26666666666666666,4
4,1752840952924,0.8208955223880597,0.3333333333333333,4
4,1752840953025,0.835820895522388,0.3333333333333333,4
4,1752840953126,0.835820895522388,0.26666666666666666,4
4,1752840953227,0.835820895522388,0.26666666666666666,4
4,1752840953328,0.8507462686567164,0.3333333333333333,4
4,1752840953429,0.8507462686567164,0.3333333333333333,4
4,1752840953530,0.8805970149253731,0.5333333333333333,4
4,1752840953631,0.8805970149253731,0.4,4
4,1752840953731,0.8805970149253731,0.3333333333333333,4
4,1752840953833,0.8955223880597015,0.4,4
4,1752840953933,0.8656716417910447,0.2,4
4,1752840954034,0.835820895522388,0.3333333333333333,4
4,1752840954135,0.8507462686567164,0.26666666666666666,4
4,1752840954236,0.8507462686567164,0.4,4
4,1752840954337,0.8507462686567164,0.5333333333333333,4
4,1752840954438,0.8208955223880597,0.3333333333333333,4
4,1752840954538,0.8208955223880597,0.3333333333333333,4
4,1752840954639,0.8059701492537313,0.3333333333333333,4
4,1752840954740,0.8208955223880597,0.3333333333333333,4
4,1752840954841,0.8059701492537313,0.26666666666666666,4
4,1752840954942,0.8059701492537313,0.2,4
4,1752840955043,0.8059701492537313,0.3333333333333333,4
4,1752840955144,0.8059701492537313,0.5333333333333333,4
4,1752840955245,0.8208955223880597,0.3333333333333333,4
4,1752840955345,0.8059701492537313,0.3333333333333333,4
4,1752840955446,0.835820895522388,0.3333333333333333,4
4,1752840955547,0.8208955223880597,0.26666666666666666,4
4,1752840955648,0.835820895522388,0.2,4
4,1752840955749,0.835820895522388,0.26666666666666666,4
4,1752840955850,0.8208955223880597,0.4,4
4,1752840955951,0.835820895522388,0.4,4
4,1752840956052,0.8656716417910447,0.6,4
4,1752840956153,0.8656716417910447,0.4,4
4,1752840956254,0.8656716417910447,0.3333333333333333,4
4,1752840956354,0.8656716417910447,0.4,4
4,1752840956455,0.8507462686567164,0.3333333333333333,4
4,1752840956556,0.8507462686567164,0.3333333333333333,4
4,1752840956657,0.8507462686567164,0.26666666666666666,4
4,1752840956758,0.8656716417910447,0.4,4
4,1752840956859,0.8507462686567164,0.5333333333333333,4
4,1752840956960,0.8208955223880597,0.3333333333333333,4
4,1752840957060,0.835820895522388,0.4,4
4,1752840957161,0.8208955223880597,0.3333333333333333,4
4,1752840957262,0.835820895522388,0.26666666666666666,4
4,1752840957363,0.8208955223880597,0.26666666666666666,4
4,1752840957464,0.8208955223880597,0.4,4
4,1752840957565,0.8059701492537313,0.6,4
4,1752840957666,0.8208955223880597,0.4666666666666667,4
4,1752840957767,0.8208955223880597,0.4,4
4,1752840957868,0.8208955223880597,0.3333333333333333,4
4,1752840957968,0.8208955223880597,0.26666666666666666,4
4,1752840958069,0.8059701492537313,0.4,4
4,1752840958170,0.835820895522388,0.26666666666666666,4
4,1752840958271,0.835820895522388,0.4666666666666667,4
4,1752840958372,0.835820895522388,0.6666666666666666,4
4,1752840958473,0.8507462686567164,0.3333333333333333,4
4,1752840958574,0.8507462686567164,0.4,4
4,1752840958675,0.8507462686567164,0.3333333333333333,4
4,1752840958775,0.8507462686567164,0.26666666666666666,4
4,1752840958876,0.8656716417910447,0.3333333333333333,4
4,1752840958978,0.8507462686567164,0.3333333333333333,4
4,1752840959078,0.8656716417910447,0.5333333333333333,4
4,1752840959179,0.8507462686567164,0.6,4
4,1752840959280,0.8507462686567164,0.3333333333333333,4
4,1752840959381,0.8656716417910447,0.3333333333333333,4
4,1752840959482,0.8507462686567164,0.3333333333333333,4
4,1752840959583,0.835820895522388,0.3333333333333333,4
4,1752840959684,0.835820895522388,0.26666666666666666,4
4,1752840959785,0.835820895522388,0.3333333333333333,4
4,1752840959885,0.835820895522388,0.6666666666666666,4
4,1752840959986,0.8059701492537313,0.3333333333333333,4
4,1752840960087,0.8208955223880597,0.3333333333333333,4
4,1752840960188,0.8059701492537313,0.3333333333333333,4
4,1752840960289,0.8059701492537313,0.26666666666666666,4
4,1752840960389,0.8059701492537313,0.3333333333333333,4
4,1752840960490,0.8059701492537313,0.13333333333333333,4
4,1752840960591,0.8208955223880597,0.3333333333333333,4
4,1752840960692,0.8208955223880597,0.6,4
4,1752840960793,0.8208955223880597,0.3333333333333333,4
4,1752840960894,0.835820895522388,0.3333333333333333,4
4,1752840960995,0.835820895522388,0.26666666666666666,4
4,1752840961096,0.8507462686567164,0.26666666666666666,4
4,1752840961197,0.8507462686567164,0.26666666666666666,4
4,1752840961298,0.8656716417910447,0.2,4
4,1752840961398,0.8656716417910447,0.2,4
4,1752840961499,0.8507462686567164,0.6,4
4,1752840961600,0.8507462686567164,0.6,4
4,1752840961701,0.8656716417910447,0.26666666666666666,4
4,1752840961802,0.8955223880597015,0.3333333333333333,4
4,1752840961903,0.8507462686567164,0.3333333333333333,4
4,1752840962004,0.8507462686567164,0.26666666666666666,4
4,1752840962105,0.835820895522388,0.3333333333333333,4
4,1752840962205,0.835820895522388,0.26666666666666666,4
4,1752840962306,0.8208955223880597,0.5333333333333333,4
4,1752840962407,0.8208955223880597,0.4666666666666667,4
4,1752840962508,0.8208955223880597,0.3333333333333333,4
4,1752840962609,0.8208955223880597,0.4,4
4,1752840962710,0.8208955223880597,0.26666666666666666,4
4,1752840962811,0.8059701492537313,0.26666666666666666,4
4,1752840962912,0.8059701492537313,0.3333333333333333,4
4,1752840963012,0.8059701492537313,0.26666666666666666,4
4,1752840963113,0.8208955223880597,0.4666666666666667,4
4,1752840963214,0.7910447761194029,0.4,4
4,1752840963315,0.835820895522388,0.3333333333333333,4
4,1752840963416,0.8507462686567164,0.26666666666666666,4
4,1752840963517,0.835820895522388,0.2,4
4,1752840963618,0.835820895522388,0.2,4
4,1752840963719,0.8656716417910447,0.4,4
4,1752840963819,0.8507462686567164,0.26666666666666666,4
4,1752840963920,0.8507462686567164,0.4,4
4,1752840964021,0.8507462686567164,0.6666666666666666,4
4,1752840964122,0.8507462686567164,0.26666666666666666,4
4,1752840964223,0.8507462686567164,0.3333333333333333,4
4,1752840964324,0.8656716417910447,0.26666666666666666,4
4,1752840964425,0.8507462686567164,0.26666666666666666,4
4,1752840964526,0.8507462686567164,0.26666666666666666,4
4,1752840964627,0.8507462686567164,0.3333333333333333,4
4,1752840964727,0.8507462686567164,0.6666666666666666,4
4,1752840964828,0.8507462686567164,0.4,4
4,1752840964929,0.8208955223880597,0.3333333333333333,4
4,1752840965030,0.8208955223880597,0.4,4
4,1752840965131,0.8208955223880597,0.2,4
4,1752840965232,0.835820895522388,0.3333333333333333,4
4,1752840965333,0.8059701492537313,0.4,4
4,1752840965434,0.7910447761194029,0.5333333333333333,4
4,1752840965535,0.8059701492537313,0.4,4
4,1752840965636,0.8208955223880597,0.3333333333333333,4
4,1752840965737,0.7910447761194029,0.4,4
5,1752839120706,0.05970149253731343,0.3333333333333333,4
5,1752839120807,0.05970149253731343,0.2,4
5,1752839120908,0.1044776119402985,0.3333333333333333,4
5,1752839121009,0.04477611940298507,0.4,4
5,1752839121110,0.07462686567164178,0.8666666666666667,4
5,1752839121211,0.11940298507462686,0.3333333333333333,4
5,1752839121311,0.08955223880597014,0.3333333333333333,4
5,1752839121412,0.1044776119402985,0.3333333333333333,4
5,1752839121513,0.1044776119402985,0.26666666666666666,4
5,1752839121614,0.1044776119402985,0.3333333333333333,4
5,1752839121715,0.11940298507462686,0.3333333333333333,4
5,1752839121816,0.08955223880597014,0.9333333333333333,4
5,1752839121916,0.11940298507462686,0.5333333333333333,4
5,1752839122017,0.1044776119402985,0.3333333333333333,4
5,1752839122118,0.1044776119402985,0.3333333333333333,4
5,1752839122219,0.1044776119402985,0.26666666666666666,4
5,1752839122320,0.08955223880597014,0.2,4
5,1752839122421,0.1044776119402985,0.26666666666666666,4
5,1752839122521,0.07462686567164178,0.26666666666666666,4
5,1752839122622,0.07462686567164178,0.9333333333333333,4
5,1752839122723,0.05970149253731343,0.4,4
5,1752839122824,0.07462686567164178,0.26666666666666666,4
5,1752839122925,0.07462686567164178,0.2,4
5,1752839123026,0.08955223880597014,0.2,4
5,1752839123127,0.05970149253731343,0.26666666666666666,4
5,1752839123227,0.05970149253731343,0.26666666666666666,4
5,1752839123328,0.08955223880597014,0.7333333333333333,4
5,1752839123429,0.08955223880597014,0.4666666666666667,4
5,1752839123530,0.08955223880597014,0.2,4
5,1752839123631,0.1044776119402985,0.4,4
5,1752839123732,0.11940298507462686,0.2,4
5,1752839123832,0.11940298507462686,0.26666666666666666,4
5,1752839123933,0.11940298507462686,0.3333333333333333,4
5,1752839124034,0.13432835820895522,0.8666666666666667,4
5,1752839124135,0.1044776119402985,0.4,4
5,1752839124236,0.13432835820895522,0.3333333333333333,4
5,1752839124336,0.11940298507462686,0.3333333333333333,4
5,1752839124437,0.11940298507462686,0.3333333333333333,4
5,1752839124538,0.11940298507462686,0.3333333333333333,4
5,1752839124639,0.1044776119402985,0.3333333333333333,4
5,1752839124740,0.1044776119402985,0.8666666666666667,4
5,1752839124841,0.08955223880597014,0.3333333333333333,4
5,1752839124941,0.08955223880597014,0.2,4
5,1752839125043,0.07462686567164178,0.4,4
5,1752839125143,0.07462686567164178,0.13333333333333333,4
5,1752839125244,0.07462686567164178,0.26666666666666666,4
5,1752839125345,0.08955223880597014,0.3333333333333333,4
5,1752839125446,0.07462686567164178,0.8666666666666667,4
5,1752839125547,0.07462686567164178,0.4,4
5,1752839125647,0.07462686567164178,0.13333333333333333,4
5,1752839125748,0.1044776119402985,0.3333333333333333,4
5,1752839125849,0.1044776119402985,0.2,4
5,1752839125950,0.11940298507462686,0.3333333333333333,4
5,1752839126051,0.11940298507462686,0.4,4
5,1752839126152,0.13432835820895522,0.8,4
5,1752839126252,0.13432835820895522,0.26666666666666666,4
5,1752839126353,0.13432835820895522,0.4,4
5,1752839126454,0.14925373134328357,0.26666666666666666,4
5,1752839126555,0.14925373134328357,0.26666666666666666,4
5,1752839126656,0.13432835820895522,0.3333333333333333,4
5,1752839126757,0.13432835820895522,0.2,4
5,1752839126858,0.11940298507462686,0.8666666666666667,4
5,1752839126958,0.11940298507462686,0.3333333333333333,4
5,1752839127059,0.1044776119402985,0.3333333333333333,4
5,1752839127160,0.1044776119402985,0.4666666666666667,4
5,1752839127261,0.08955223880597014,0.13333333333333333,4
5,1752839127361,0.08955223880597014,0.26666666666666666,4
5,1752839127462,0.08955223880597014,0.3333333333333333,4
5,1752839127563,0.1044776119402985,0.8666666666666667,4
5,1752839127664,0.1044776119402985,0.4666666666666667,4
5,1752839127765,0.08955223880597014,0.26666666666666666,4
5,1752839127866,0.07462686567164178,0.2,4
5,1752839127967,0.1044776119402985,0.13333333333333333,4
5,1752839128068,0.1044776119402985,0.2,4
5,1752839128168,0.11940298507462686,0.26666666666666666,4
5,1752839128269,0.11940298507462686,0.8666666666666667,4
5,1752839128370,0.11940298507462686,0.3333333333333333,4
5,1752839128471,0.13432835820895522,0.3333333333333333,4
5,1752839128572,0.13432835820895522,0.3333333333333333,4
5,1752839128673,0.14925373134328357,0.26666666666666666,4
5,1752839128773,0.13432835820895522,0.4,4
5,1752839128874,0.16417910447761194,0.8666666666666667,4
5,1752839128975,0.14925373134328357,0.26666666666666666,4
5,1752839129076,0.11940298507462686,0.3333333333333333,4
5,1752839129177,0.11940298507462686,0.4,4
5,1752839129277,0.13432835820895522,0.3333333333333333,4
5,1752839129378,0.13432835820895522,0.3333333333333333,4
5,1752839129480,0.11940298507462686,0.26666666666666666,4
5,1752839129580,0.1044776119402985,0.9333333333333333,4
5,1752839129681,0.1044776119402985,0.4,4
5,1752839129782,0.1044776119402985,0.3333333333333333,4
5,1752839129883,0.1044776119402985,0.4,4
5,1752839129983,0.1044776119402985,0.26666666666666666,4
5,1752839130084,0.1044776119402985,0.2,4
5,1752839130185,0.1044776119402985,0.2,4
5,1752839130286,0.1044776119402985,0.6,4
5,1752839130387,0.11940298507462686,0.5333333333333333,4
5,1752839130488,0.11940298507462686,0.2,4
5,1752839130588,0.13432835820895522,0.4,4
5,1752839130689,0.13432835820895522,0.3333333333333333,4
5,1752839130790,0.14925373134328357,0.26666666666666666,4
5,1752839130891,0.16417910447761194,0.2,4
5,1752839130992,0.16417910447761194,0.8666666666666667,4
5,1752839131092,0.14925373134328357,0.2,4
5,1752839131193,0.13432835820895522,0.4,4
5,1752839131294,0.19402985074626866,0.4,4
5,1752839131395,0.14925373134328357,0.26666666666666666,4
5,1752839131496,0.16417910447761194,0.2,4
5,1752839131597,0.14925373134328357,0.2,4
5,1752839131697,0.11940298507462686,0.7333333333333333,4
5,1752839131798,0.13432835820895522,0.4666666666666667,4
5,1752839131899,0.11940298507462686,0.26666666666666666,4
5,1752839132000,0.11940298507462686,0.3333333333333333,4
5,1752839132101,0.11940298507462686,0.2,4
5,1752839132201,0.11940298507462686,0.26666666666666666,4
5,1752839132302,0.1044776119402985,0.2,4
5,1752839132403,0.11940298507462686,0.8,4
5,1752839132504,0.13432835820895522,0.4666666666666667,4
5,1752839132605,0.13432835820895522,0.26666666666666666,4
5,1752839132706,0.13432835820895522,0.3333333333333333,4
5,1752839132807,0.14925373134328357,0.13333333333333333,4
5,1752839132907,0.16417910447761194,0.13333333333333333,4
5,1752839133008,0.16417910447761194,0.4666666666666667,4
5,1752839133109,0.14925373134328357,0.6,4
5,1752839133210,0.16417910447761194,0.2,4
5,1752839133311,0.16417910447761194,0.4,4
5,1752839133412,0.16417910447761194,0.4,4
5,1752839133512,0.16417910447761194,0.26666666666666666,4
5,1752839133613,0.16417910447761194,0.26666666666666666,4
5,1752839133714,0.14925373134328357,0.8666666666666667,4
5,1752839133815,0.14925373134328357,0.4666666666666667,4
5,1752839133916,0.14925373134328357,0.3333333333333333,4
5,1752839134017,0.13432835820895522,0.4,4
5,1752839134117,0.13432835820895522,0.26666666666666666,4
5,1752839134218,0.13432835820895522,0.26666666666666666,4
5,1752839134319,0.11940298507462686,0.3333333333333333,4
5,1752839134420,0.11940298507462686,0.8666666666666667,4
5,1752839134521,0.13432835820895522,0.4,4
5,1752839134622,0.13432835820895522,0.2,4
5,1752839134723,0.13432835820895522,0.4,4
5,1752839134824,0.13432835820895522,0.2,4
5,1752839134924,0.13432835820895522,0.2,4
5,1752839135025,0.14925373134328357,0.6666666666666666,4
5,1752839135126,0.13432835820895522,0.4666666666666667,4
5,1752839135227,0.1791044776119403,0.26666666666666666,4
5,1752839135327,0.16417910447761194,0.4,4
5,1752839135428,0.16417910447761194,0.26666666666666666,4
5,1752839135529,0.1791044776119403,0.3333333333333333,4
5,1752839135630,0.1791044776119403,0.3333333333333333,4
5,1752839135731,0.16417910447761194,0.8666666666666667,4
5,1752839135832,0.1791044776119403,0.4,4
5,1752839135932,0.1791044776119403,0.3333333333333333,4
5,1752839136034,0.16417910447761194,0.3333333333333333,4
5,1752839136135,0.16417910447761194,0.26666666666666666,4
5,1752839136235,0.16417910447761194,0.2,4
5,1752839136336,0.1791044776119403,0.3333333333333333,4
5,1752839136437,0.16417910447761194,0.7333333333333333,4
5,1752839136537,0.14925373134328357,0.13333333333333333,4
5,1752839136638,0.14925373134328357,0.3333333333333333,4
5,1752839136739,0.13432835820895522,0.26666666666666666,4
5,1752839136840,0.14925373134328357,0.26666666666666666,4
5,1752839136941,0.14925373134328357,0.3333333333333333,4
5,1752839137042,0.13432835820895522,0.7333333333333333,4
5,1752839137142,0.1044776119402985,0.4,4
5,1752839137243,0.11940298507462686,0.26666666666666666,4
5,1752839137344,0.14925373134328357,0.4,4
5,1752839137445,0.1791044776119403,0.2,4
5,1752839137546,0.1791044776119403,0.2,4
5,1752839137647,0.1791044776119403,0.4666666666666667,4
5,1752839137748,0.1791044776119403,0.8,4
5,1752839137848,0.19402985074626866,0.3333333333333333,4
5,1752839137949,0.19402985074626866,0.4,4
5,1752839138050,0.208955223880597,0.3333333333333333,4
5,1752839138151,0.19402985074626866,0.26666666666666666,4
5,1752839138252,0.1791044776119403,0.2,4
5,1752839138353,0.1791044776119403,0.26666666666666666,4
5,1752839138453,0.1791044776119403,1.0,4
5,1752839138554,0.14925373134328357,0.2,4
5,1752839138655,0.1791044776119403,0.26666666666666666,4
5,1752839138756,0.16417910447761194,0.4666666666666667,4
5,1752839138857,0.16417910447761194,0.13333333333333333,4
5,1752839138958,0.14925373134328357,0.26666666666666666,4
5,1752839139058,0.14925373134328357,0.2,4
5,1752839139159,0.14925373134328357,0.8,4
5,1752839139260,0.16417910447761194,0.3333333333333333,4
5,1752839139361,0.16417910447761194,0.3333333333333333,4
5,1752839139462,0.14925373134328357,0.26666666666666666,4
5,1752839139563,0.19402985074626866,0.26666666666666666,4
5,1752839139663,0.1791044776119403,0.2,4
5,1752839139764,0.1791044776119403,0.7333333333333333,4
5,1752839139865,0.16417910447761194,0.5333333333333333,4
5,1752839139966,0.19402985074626866,0.3333333333333333,4
5,1752839140067,0.19402985074626866,0.4,4
5,1752839140168,0.19402985074626866,0.3333333333333333,4
5,1752839140268,0.19402985074626866,0.26666666666666666,4
5,1752839140369,0.19402985074626866,0.4,4
5,1752839140470,0.208955223880597,0.8,4
5,1752839140571,0.19402985074626866,0.26666666666666666,4
5,1752839140672,0.1791044776119403,0.26666666666666666,4
5,1752839140773,0.1791044776119403,0.26666666666666666,4
5,1752839140873,0.16417910447761194,0.2,4
5,1752839140974,0.1791044776119403,0.26666666666666666,4
5,1752839141075,0.16417910447761194,0.8,4
5,1752839141176,0.11940298507462686,0.3333333333333333,4
5,1752839141277,0.19402985074626866,0.3333333333333333,4
5,1752839141378,0.13432835820895522,0.4,4
5,1752839141478,0.14925373134328357,0.26666666666666666,4
5,1752839141579,0.19402985074626866,0.2,4
5,1752839141680,0.13432835820895522,0.8,4
5,1752839141781,0.1791044776119403,0.3333333333333333,4
5,1752839141882,0.1791044776119403,0.2,4
5,1752839141983,0.19402985074626866,0.26666666666666666,4
5,1752839142083,0.19402985074626866,0.3333333333333333,4
5,1752839142184,0.208955223880597,0.2,4
5,1752839142285,0.208955223880597,0.8,4
5,1752839142386,0.208955223880597,0.4,4
5,1752839142487,0.22388059701492538,0.3333333333333333,4
5,1752839142588,0.19402985074626866,0.3333333333333333,4
5,1752839142689,0.208955223880597,0.2,4
5,1752839142789,0.208955223880597,0.06666666666666667,4
5,1752839142890,0.208955223880597,0.7333333333333333,4
5,1752839142991,0.19402985074626866,0.4,4
5,1752839143092,0.1791044776119403,0.2,4
5,1752839143192,0.19402985074626866,0.4,4
5,1752839143293,0.1791044776119403,0.2,4
5,1752839143394,0.16417910447761194,0.2,4
5,1752839143495,0.16417910447761194,0.3333333333333333,4
5,1752839143596,0.19402985074626866,0.8,4
5,1752839143697,0.16417910447761194,0.26666666666666666,4
5,1752839143798,0.1791044776119403,0.2,4
5,1752839143898,0.1791044776119403,0.4,4
5,1752839143999,0.19402985074626866,0.2,4
5,1752839144100,0.19402985074626866,0.2,4
5,1752839144201,0.19402985074626866,0.4,4
5,1752839144302,0.208955223880597,0.7333333333333333,4
5,1752839144402,0.208955223880597,0.4,4
5,1752839144503,0.22388059701492538,0.3333333333333333,4
5,1752839144604,0.22388059701492538,0.3333333333333333,4
5,1752839144705,0.22388059701492538,0.2,4
5,1752839144806,0.22388059701492538,0.2,4
5,1752839144907,0.22388059701492538,0.8,4
5,1752839145008,0.22388059701492538,0.5333333333333333,4
5,1752839145108,0.208955223880597,0.2,4
5,1752839145209,0.208955223880597,0.3333333333333333,4
5,1752839145310,0.26865671641791045,0.2,4
5,1752839145411,0.19402985074626866,0.2,4
5,1752839145512,0.19402985074626866,0.6666666666666666,4
5,1752839145613,0.19402985074626866,0.4666666666666667,4
5,1752839145713,0.19402985074626866,0.26666666666666666,4
5,1752839145814,0.1791044776119403,0.26666666666666666,4
5,1752839145915,0.16417910447761194,0.3333333333333333,4
5,1752839146016,0.1791044776119403,0.2,4
5,1752839146117,0.19402985074626866,0.26666666666666666,4
5,1752839146218,0.19402985074626866,0.8666666666666667,4
5,1752839146318,0.19402985074626866,0.3333333333333333,4
5,1752839146419,0.208955223880597,0.26666666666666666,4
5,1752839146520,0.208955223880597,0.3333333333333333,4
5,1752839146621,0.22388059701492538,0.2,4
5,1752839146722,0.22388059701492538,0.2,4
5,1752839146823,0.22388059701492538,0.3333333333333333,4
5,1752839146924,0.23880597014925373,0.6,4
5,1752839147024,0.22388059701492538,0.26666666666666666,4
5,1752839147125,0.2537313432835821,0.2,4
5,1752839147226,0.208955223880597,0.26666666666666666,4
5,1752839147327,0.23880597014925373,0.26666666666666666,4
5,1752839147428,0.22388059701492538,0.2,4
5,1752839147529,0.22388059701492538,0.8666666666666667,4
5,1752839147630,0.208955223880597,0.4666666666666667,4
5,1752839147730,0.19402985074626866,0.26666666666666666,4
5,1752839147831,0.19402985074626866,0.4,4
5,1752839147932,0.19402985074626866,0.2,4
5,1752839148033,0.208955223880597,0.2,4
5,1752839148134,0.19402985074626866,0.2,4
5,1752839148235,0.1791044776119403,0.4,4
5,1752839148335,0.19402985074626866,0.8,4
5,1752839148436,0.19402985074626866,0.26666666666666666,4
5,1752839148537,0.208955223880597,0.3333333333333333,4
5,1752839148638,0.208955223880597,0.26666666666666666,4
5,1752839148739,0.208955223880597,0.2,4
5,1752839148839,0.23880597014925373,0.13333333333333333,4
5,1752839148940,0.2537313432835821,0.9333333333333333,4
5,1752839149041,0.23880597014925373,0.4,4
5,1752839149142,0.23880597014925373,0.2,4
5,1752839149243,0.22388059701492538,0.4,4
5,1752839149344,0.208955223880597,0.26666666666666666,4
5,1752839149444,0.26865671641791045,0.13333333333333333,4
5,1752839149545,0.22388059701492538,0.26666666666666666,4
5,1752839149646,0.2537313432835821,0.8666666666666667,4
5,1752839149747,0.22388059701492538,0.4,4
5,1752839149848,0.22388059701492538,0.2,4
5,1752839149949,0.19402985074626866,0.3333333333333333,4
5,1752839150049,0.208955223880597,0.2,4
5,1752839150150,0.208955223880597,0.13333333333333333,4
5,1752839150251,0.19402985074626866,0.4666666666666667,4
5,1752839150352,0.19402985074626866,0.8,4
5,1752839150453,0.19402985074626866,0.3333333333333333,4
5,1752839150554,0.19402985074626866,0.26666666666666666,4
5,1752839150654,0.208955223880597,0.26666666666666666,4
5,1752839150755,0.208955223880597,0.2,4
5,1752839150856,0.23880597014925373,0.26666666666666666,4
5,1752839150957,0.22388059701492538,0.9333333333333333,4
5,1752839151058,0.23880597014925373,0.26666666666666666,4
5,1752839151159,0.23880597014925373,0.3333333333333333,4
5,1752839151259,0.23880597014925373,0.2,4
5,1752839151360,0.2537313432835821,0.3333333333333333,4
5,1752839151461,0.2537313432835821,0.2,4
5,1752839151562,0.2537313432835821,0.4,4
5,1752839151663,0.2537313432835821,0.9333333333333333,4
5,1752839151764,0.2537313432835821,0.3333333333333333,4
5,1752839151864,0.2537313432835821,0.3333333333333333,4
5,1752839151965,0.2537313432835821,0.3333333333333333,4
5,1752839152066,0.23880597014925373,0.26666666666666666,4
5,1752839152167,0.2537313432835821,0.13333333333333333,4
5,1752839152268,0.23880597014925373,0.7333333333333333,4
5,1752839152369,0.208955223880597,0.6666666666666666,4
5,1752839152470,0.208955223880597,0.2,4
5,1752839152571,0.23880597014925373,0.4,4
5,1752839152671,0.19402985074626866,0.26666666666666666,4
5,1752839152772,0.208955223880597,0.26666666666666666,4
5,1752839152873,0.22388059701492538,0.2,4
5,1752839152974,0.2537313432835821,0.8,4
5,1752839153074,0.208955223880597,0.3333333333333333,4
5,1752839153175,0.23880597014925373,0.13333333333333333,4
5,1752839153276,0.23880597014925373,0.26666666666666666,4
5,1752839153377,0.2537313432835821,0.2,4
5,1752839153478,0.26865671641791045,0.2,4
5,1752839153579,0.26865671641791045,0.26666666666666666,4
5,1752839153680,0.26865671641791045,0.9333333333333333,4
5,1752839153780,0.2537313432835821,0.4,4
5,1752839153881,0.26865671641791045,0.26666666666666666,4
5,1752839153982,0.26865671641791045,0.4,4
5,1752839154083,0.26865671641791045,0.2,4
5,1752839154184,0.26865671641791045,0.26666666666666666,4
5,1752839154284,0.2537313432835821,0.8666666666666667,4
5,1752839154385,0.23880597014925373,0.6,4
5,1752839154486,0.23880597014925373,0.2,4
5,1752839154587,0.23880597014925373,0.4,4
5,1752839154688,0.22388059701492538,0.26666666666666666,4
5,1752839154789,0.22388059701492538,0.2,4
5,1752839154889,0.22388059701492538,0.26666666666666666,4
5,1752839154990,0.22388059701492538,0.8666666666666667,4
5,1752839155091,0.23880597014925373,0.5333333333333333,4
5,1752839155192,0.22388059701492538,0.3333333333333333,4
5,1752839155293,0.208955223880597,0.4666666666666667,4
5,1752839155394,0.23880597014925373,0.2,4
5,1752839155495,0.23880597014925373,0.26666666666666666,4
5,1752839155595,0.26865671641791045,0.26666666666666666,4
5,1752839155696,0.23880597014925373,0.5333333333333333,4
5,1752839155797,0.2835820895522388,0.6666666666666666,4
5,1752839155898,0.2835820895522388,0.2,4
5,1752839155999,0.2835820895522388,0.3333333333333333,4
5,1752839156100,0.2835820895522388,0.26666666666666666,4
5,1752839156201,0.2835820895522388,0.2,4
5,1752839156301,0.26865671641791045,0.26666666666666666,4
5,1752839156402,0.26865671641791045,0.8666666666666667,4
5,1752839156503,0.2537313432835821,0.4,4
5,1752839156604,0.2537313432835821,0.2,4
5,1752839156704,0.22388059701492538,0.4,4
5,1752839156805,0.2537313432835821,0.13333333333333333,4
5,1752839156906,0.23880597014925373,0.2,4
5,1752839157007,0.23880597014925373,0.7333333333333333,4
5,1752839157108,0.23880597014925373,0.6666666666666666,4
5,1752839157209,0.2537313432835821,0.26666666666666666,4
5,1752839157310,0.208955223880597,0.26666666666666666,4
5,1752839157410,0.23880597014925373,0.26666666666666666,4
5,1752839157511,0.23880597014925373,0.2,4
5,1752839157612,0.2537313432835821,0.2,4
5,1752839157713,0.2537313432835821,0.8,4
5,1752839157814,0.26865671641791045,0.4666666666666667,4
5,1752839157915,0.26865671641791045,0.26666666666666666,4
5,1752839158015,0.26865671641791045,0.26666666666666666,4
5,1752839158116,0.29850746268656714,0.2,4
5,1752839158217,0.29850746268656714,0.2,4
5,1752839158318,0.2835820895522388,0.26666666666666666,4
5,1752839158419,0.2835820895522388,0.5333333333333333,4
5,1752839158520,0.2835820895522388,0.7333333333333333,4
5,1752839158620,0.2835820895522388,0.2,4
5,1752839158721,0.29850746268656714,0.3333333333333333,4
5,1752839158822,0.2835820895522388,0.3333333333333333,4
5,1752839158923,0.26865671641791045,0.26666666666666666,4
5,1752839159024,0.2835820895522388,0.2,4
5,1752839159125,0.23880597014925373,0.7333333333333333,4
5,1752839159225,0.23880597014925373,0.5333333333333333,4
5,1752839159326,0.23880597014925373,0.26666666666666666,4
5,1752839159427,0.2537313432835821,0.2,4
5,1752839159528,0.2537313432835821,0.2,4
5,1752839159629,0.2537313432835821,0.26666666666666666,4
5,1752839159730,0.2537313432835821,0.26666666666666666,4
5,1752839159830,0.23880597014925373,0.8,4
5,1752839159931,0.26865671641791045,0.26666666666666666,4
5,1752839160032,0.2835820895522388,0.26666666666666666,4
5,1752839160133,0.2835820895522388,0.3333333333333333,4
5,1752839160234,0.2835820895522388,0.13333333333333333,4
5,1752839160334,0.29850746268656714,0.26666666666666666,4
5,1752839160435,0.29850746268656714,0.26666666666666666,4
5,1752839160536,0.29850746268656714,0.7333333333333333,4
5,1752839160637,0.31343283582089554,0.4666666666666667,4
5,1752839160738,0.29850746268656714,0.2,4
5,1752839160839,0.29850746268656714,0.3333333333333333,4
5,1752839160939,0.2835820895522388,0.26666666666666666,4
5,1752839161040,0.2835820895522388,0.2,4
5,1752839161141,0.2835820895522388,0.2,4
5,1752839161242,0.26865671641791045,0.8,4
5,1752839161343,0.26865671641791045,0.5333333333333333,4
5,1752839161444,0.29850746268656714,0.2,4
5,1752839161545,0.2537313432835821,0.3333333333333333,4
5,1752839161645,0.2537313432835821,0.26666666666666666,4
5,1752839161746,0.2537313432835821,0.2,4
5,1752839161847,0.2537313432835821,0.3333333333333333,4
5,1752839161948,0.2537313432835821,0.7333333333333333,4
5,1752839162049,0.26865671641791045,0.3333333333333333,4
5,1752839162150,0.26865671641791045,0.26666666666666666,4
5,1752839162250,0.2835820895522388,0.4,4
5,1752839162351,0.2835820895522388,0.2,4
5,1752839162452,0.29850746268656714,0.26666666666666666,4
5,1752839162553,0.31343283582089554,0.3333333333333333,4
5,1752839162654,0.29850746268656714,0.8,4
5,1752839162755,0.31343283582089554,0.4666666666666667,4
5,1752839162855,0.31343283582089554,0.26666666666666666,4
5,1752839162956,0.3283582089552239,0.3333333333333333,4
5,1752839163057,0.3283582089552239,0.2,4
5,1752839163158,0.31343283582089554,0.26666666666666666,4
5,1752839163259,0.29850746268656714,0.4666666666666667,4
5,1752839163359,0.31343283582089554,0.6666666666666666,4
5,1752839163460,0.26865671641791045,0.7333333333333333,4
5,1752839163561,0.26865671641791045,0.3333333333333333,4
5,1752839163662,0.2835820895522388,0.2,4
5,1752839163763,0.26865671641791045,0.26666666666666666,4
5,1752839163864,0.2537313432835821,0.26666666666666666,4
5,1752839163965,0.26865671641791045,0.2,4
5,1752839164065,0.26865671641791045,0.7333333333333333,4
5,1752839164166,0.26865671641791045,0.4,4
5,1752839164267,0.26865671641791045,0.26666666666666666,4
5,1752839164368,0.2835820895522388,0.4,4
5,1752839164469,0.2835820895522388,0.2,4
5,1752839164570,0.2835820895522388,0.2,4
5,1752839164670,0.31343283582089554,0.5333333333333333,4
5,1752839164771,0.29850746268656714,0.6666666666666666,4
5,1752839164872,0.31343283582089554,0.2,4
5,1752839164973,0.31343283582089554,0.4,4
5,1752839165074,0.3283582089552239,0.26666666666666666,4
5,1752839165175,0.31343283582089554,0.26666666666666666,4
5,1752839165275,0.29850746268656714,0.06666666666666667,4
5,1752839165376,0.31343283582089554,0.7333333333333333,4
5,1752839165477,0.29850746268656714,0.6666666666666666,4
5,1752839165578,0.31343283582089554,0.2,4
5,1752839165679,0.29850746268656714,0.3333333333333333,4
5,1752839165780,0.31343283582089554,0.2,4
5,1752839165881,0.2835820895522388,0.13333333333333333,4
5,1752839165981,0.2835820895522388,0.26666666666666666,4
5,1752839166082,0.2835820895522388,0.26666666666666666,4
5,1752839166183,0.26865671641791045,0.8666666666666667,4
5,1752839166284,0.26865671641791045,0.4,4
5,1752839166385,0.26865671641791045,0.26666666666666666,4
5,1752839166486,0.2835820895522388,0.3333333333333333,4
5,1752839166587,0.2835820895522388,0.2,4
5,1752839166687,0.29850746268656714,0.2,4
5,1752839166788,0.29850746268656714,0.4,4
5,1752839166889,0.3283582089552239,0.8666666666666667,4
5,1752839166990,0.31343283582089554,0.3333333333333333,4
5,1752839167091,0.3283582089552239,0.26666666666666666,4
5,1752839167191,0.31343283582089554,0.3333333333333333,4
5,1752839167292,0.3283582089552239,0.13333333333333333,4
5,1752839167393,0.3582089552238806,0.2,4
5,1752839167494,0.3283582089552239,0.8,4
5,1752839167595,0.3283582089552239,0.7333333333333333,4
5,1752839167695,0.31343283582089554,0.3333333333333333,4
5,1752839167796,0.31343283582089554,0.4,4
5,1752839167897,0.31343283582089554,0.3333333333333333,4
5,1752839167998,0.29850746268656714,0.2,4
5,1752839168099,0.29850746268656714,0.2,4
5,1752839168200,0.29850746268656714,0.2,4
5,1752839168301,0.29850746268656714,0.9333333333333333,4
5,1752839168402,0.2835820895522388,0.4666666666666667,4
5,1752839168502,0.2835820895522388,0.26666666666666666,4
5,1752839168603,0.31343283582089554,0.4,4
5,1752839168704,0.2835820895522388,0.2,4
5,1752839168805,0.29850746268656714,0.26666666666666666,4
5,1752839168906,0.29850746268656714,0.2,4
5,1752839169007,0.31343283582089554,0.6,4
5,1752839169108,0.3283582089552239,0.6666666666666666,4
5,1752839169208,0.3283582089552239,0.2,4
5,1752839169309,0.3283582089552239,0.3333333333333333,4
5,1752839169410,0.3283582089552239,0.26666666666666666,4
5,1752839169511,0.3283582089552239,0.13333333333333333,4
5,1752839169612,0.31343283582089554,0.26666666666666666,4
5,1752839169712,0.3283582089552239,0.6,4
5,1752839169813,0.31343283582089554,0.5333333333333333,4
5,1752839169914,0.3283582089552239,0.0,4
5,1752839170015,0.3283582089552239,0.2,4
5,1752839170116,0.3283582089552239,0.2,4
5,1752839170217,0.31343283582089554,0.26666666666666666,4
5,1752839170317,0.31343283582089554,0.3333333333333333,4
5,1752839170418,0.29850746268656714,0.3333333333333333,4
5,1752839170519,0.29850746268656714,1.0,4
5,1752839170620,0.29850746268656714,0.5333333333333333,4
5,1752839170721,0.29850746268656714,0.2,4
5,1752839170821,0.29850746268656714,0.4,4
5,1752839170922,0.29850746268656714,0.26666666666666666,4
5,1752839171023,0.31343283582089554,0.2,4
5,1752839171124,0.3283582089552239,0.2,4
5,1752839171225,0.3283582089552239,0.26666666666666666,4
5,1752839171326,0.34328358208955223,0.8,4
5,1752839171427,0.3283582089552239,0.3333333333333333,4
5,1752839171527,0.3283582089552239,0.3333333333333333,4
5,1752839171628,0.3283582089552239,0.3333333333333333,4
5,1752839171729,0.3283582089552239,0.2,4
5,1752839171830,0.34328358208955223,0.26666666666666666,4
5,1752839171930,0.3283582089552239,0.3333333333333333,4
5,1752839172031,0.34328358208955223,0.8,4
5,1752839172132,0.34328358208955223,0.3333333333333333,4
5,1752839172233,0.3582089552238806,0.3333333333333333,4
5,1752839172334,0.34328358208955223,0.3333333333333333,4
5,1752839172435,0.3283582089552239,0.2,4
5,1752839172536,0.34328358208955223,0.3333333333333333,4
5,1752839172636,0.31343283582089554,0.3333333333333333,4
5,1752839172737,0.31343283582089554,0.8,4
5,1752839172838,0.29850746268656714,0.3333333333333333,4
5,1752839172939,0.29850746268656714,0.3333333333333333,4
5,1752839173040,0.3283582089552239,0.4,4
5,1752839173141,0.3283582089552239,0.26666666666666666,4
5,1752839173241,0.29850746268656714,0.3333333333333333,4
5,1752839173342,0.31343283582089554,0.2,4
5,1752839173443,0.3283582089552239,0.4,4
5,1752839173544,0.31343283582089554,0.6666666666666666,4
5,1752839173645,0.3283582089552239,0.26666666666666666,4
5,1752839173746,0.3582089552238806,0.3333333333333333,4
5,1752839173847,0.31343283582089554,0.4,4
5,1752839173947,0.3582089552238806,0.2,4
5,1752839174048,0.3582089552238806,0.2,4
5,1752839174149,0.3582089552238806,0.26666666666666666,4
5,1752839174250,0.3582089552238806,0.8,4
5,1752839174351,0.3582089552238806,0.3333333333333333,4
5,1752839174452,0.3582089552238806,0.26666666666666666,4
5,1752839174552,0.34328358208955223,0.4,4
5,1752839174653,0.3582089552238806,0.26666666666666666,4
5,1752839174754,0.34328358208955223,0.3333333333333333,4
5,1752839174855,0.34328358208955223,0.4666666666666667,4
5,1752839174956,0.3283582089552239,0.8666666666666667,4
5,1752839175057,0.34328358208955223,0.4,4
5,1752839175157,0.31343283582089554,0.4,4
5,1752839175258,0.3283582089552239,0.26666666666666666,4
5,1752839175359,0.34328358208955223,0.2,4
5,1752839175460,0.29850746268656714,0.26666666666666666,4
5,1752839175561,0.31343283582089554,0.2,4
5,1752839175662,0.3283582089552239,0.7333333333333333,4
5,1752839175762,0.3283582089552239,0.6666666666666666,4
5,1752839175863,0.3283582089552239,0.26666666666666666,4
5,1752839175964,0.3283582089552239,0.3333333333333333,4
5,1752839176065,0.3582089552238806,0.26666666666666666,4
5,1752839176166,0.373134328358209,0.26666666666666666,4
5,1752839176266,0.3582089552238806,0.2,4
5,1752839176367,0.3582089552238806,0.3333333333333333,4
5,1752839176468,0.373134328358209,0.6666666666666666,4
5,1752839176569,0.3582089552238806,0.7333333333333333,4
5,1752839176670,0.3880597014925373,0.3333333333333333,4
5,1752839176771,0.3283582089552239,0.3333333333333333,4
5,1752839176872,0.373134328358209,0.26666666666666666,4
5,1752839176972,0.3582089552238806,0.26666666666666666,4
5,1752839177073,0.3582089552238806,0.26666666666666666,4
5,1752839177174,0.34328358208955223,0.13333333333333333,4
5,1752839177275,0.3283582089552239,0.9333333333333333,4
5,1752839177376,0.31343283582089554,0.3333333333333333,4
5,1752839177477,0.3283582089552239,0.13333333333333333,4
5,1752839177577,0.3283582089552239,0.4,4
5,1752839177678,0.3283582089552239,0.4,4
5,1752839177779,0.31343283582089554,0.26666666666666666,4
5,1752839177880,0.31343283582089554,0.3333333333333333,4
5,1752839177981,0.3283582089552239,0.8666666666666667,4
5,1752839178081,0.34328358208955223,0.4666666666666667,4
5,1752839178182,0.34328358208955223,0.26666666666666666,4
5,1752839178283,0.3582089552238806,0.3333333333333333,4
5,1752839178384,0.3582089552238806,0.2,4
5,1752839178485,0.3582089552238806,0.26666666666666666,4
5,1752839178586,0.373134328358209,0.26666666666666666,4
5,1752839178686,0.373134328358209,0.4,4
5,1752839178787,0.3880597014925373,0.8666666666666667,4
5,1752839178888,0.3880597014925373,0.4,4
5,1752839178989,0.373134328358209,0.26666666666666666,4
5,1752839179090,0.373134328358209,0.3333333333333333,4
5,1752839179191,0.373134328358209,0.2,4
5,1752839179291,0.3880597014925373,0.06666666666666667,4
5,1752839179392,0.373134328358209,0.2,4
5,1752839179493,0.34328358208955223,0.2,4
5,1752839179594,0.34328358208955223,0.9333333333333333,4
5,1752839179695,0.34328358208955223,0.4,4
5,1752839179796,0.3283582089552239,0.4,4
5,1752839179897,0.3283582089552239,0.4,4
5,1752839179997,0.3283582089552239,0.2,4
5,1752839180098,0.3283582089552239,0.26666666666666666,4
5,1752839180199,0.3283582089552239,0.13333333333333333,4
5,1752839180300,0.34328358208955223,0.6666666666666666,4
5,1752839180401,0.34328358208955223,0.7333333333333333,4
5,1752839180502,0.3582089552238806,0.3333333333333333,4
5,1752839180602,0.3582089552238806,0.3333333333333333,4
5,1752839180703,0.3582089552238806,0.26666666666666666,4
5,1752839180804,0.3880597014925373,0.2,4
5,1752839180905,0.3582089552238806,0.26666666666666666,4
5,1752839181006,0.3880597014925373,0.2,4
5,1752839181107,0.3880597014925373,0.4,4
5,1752839181208,0.3880597014925373,0.8666666666666667,4
5,1752839181309,0.40298507462686567,0.2,4
5,1752839181409,0.417910447761194,0.4,4
5,1752839181510,0.3582089552238806,0.26666666666666666,4
5,1752839181611,0.373134328358209,0.26666666666666666,4
5,1752839181712,0.3582089552238806,0.2,4
5,1752839181813,0.3582089552238806,0.2,4
5,1752839181913,0.34328358208955223,0.3333333333333333,4
5,1752839182014,0.3582089552238806,0.8,4
5,1752839182115,0.34328358208955223,0.4,4
5,1752839182216,0.34328358208955223,0.26666666666666666,4
5,1752839182317,0.34328358208955223,0.3333333333333333,4
5,1752839182417,0.34328358208955223,0.2,4
5,1752839182518,0.34328358208955223,0.26666666666666666,4
5,1752839182619,0.3582089552238806,0.2,4
5,1752839182720,0.3582089552238806,0.8,4
5,1752839182821,0.3582089552238806,0.4666666666666667,4
5,1752839182922,0.373134328358209,0.26666666666666666,4
5,1752839183023,0.373134328358209,0.3333333333333333,4
5,1752839183123,0.3880597014925373,0.2,4
5,1752839183224,0.3880597014925373,0.13333333333333333,4
5,1752839183325,0.3880597014925373,0.26666666666666666,4
5,1752839183426,0.3880597014925373,0.2,4
5,1752839183527,0.40298507462686567,0.8666666666666667,4
5,1752839183627,0.40298507462686567,0.4666666666666667,4
5,1752839183728,0.40298507462686567,0.26666666666666666,4
5,1752839183829,0.3880597014925373,0.3333333333333333,4
5,1752839183930,0.3880597014925373,0.2,4
5,1752839184031,0.3582089552238806,0.13333333333333333,4
5,1752839184132,0.3880597014925373,0.3333333333333333,4
5,1752839184233,0.3582089552238806,0.2,4
5,1752839184334,0.3582089552238806,0.8666666666666667,4
5,1752839184434,0.34328358208955223,0.4,4
5,1752839184535,0.34328358208955223,0.26666666666666666,4
5,1752839184636,0.3582089552238806,0.4,4
5,1752839184737,0.34328358208955223,0.2,4
5,1752839184838,0.3582089552238806,0.26666666666666666,4
5,1752839184938,0.373134328358209,0.26666666666666666,4
5,1752839185039,0.3582089552238806,0.6666666666666666,4
5,1752839185140,0.3582089552238806,0.6,4
5,1752839185241,0.373134328358209,0.3333333333333333,4
5,1752839185342,0.3880597014925373,0.3333333333333333,4
5,1752839185442,0.417910447761194,0.26666666666666666,4
5,1752839185543,0.417910447761194,0.2,4
5,1752839185644,0.40298507462686567,0.26666666666666666,4
5,1752839185745,0.40298507462686567,0.26666666666666666,4
5,1752839185846,0.40298507462686567,0.8,4
5,1752839185947,0.40298507462686567,0.6666666666666666,4
5,1752839186048,0.40298507462686567,0.26666666666666666,4
5,1752839186148,0.3880597014925373,0.3333333333333333,4
5,1752839186249,0.3880597014925373,0.26666666666666666,4
5,1752839186350,0.3880597014925373,0.2,4
5,1752839186451,0.373134328358209,0.26666666666666666,4
5,1752839186552,0.373134328358209,0.3333333333333333,4
5,1752839186653,0.3582089552238806,0.6666666666666666,4
5,1752839186754,0.40298507462686567,0.6,4
5,1752839186854,0.3582089552238806,0.26666666666666666,4
5,1752839186955,0.3582089552238806,0.4,4
5,1752839187056,0.3582089552238806,0.26666666666666666,4
5,1752839187157,0.373134328358209,0.26666666666666666,4
5,1752839187258,0.373134328358209,0.26666666666666666,4
5,1752839187358,0.3880597014925373,0.6,4
5,1752839187459,0.3880597014925373,0.8,4
5,1752839187560,0.3880597014925373,0.26666666666666666,4
5,1752839187661,0.3880597014925373,0.3333333333333333,4
5,1752839187762,0.3582089552238806,0.2,4
5,1752839187862,0.417910447761194,0.06666666666666667,4
5,1752839187964,0.40298507462686567,0.2,4
5,1752839188064,0.417910447761194,0.26666666666666666,4
5,1752839188165,0.40298507462686567,0.7333333333333333,4
5,1752839188266,0.417910447761194,0.5333333333333333,4
5,1752839188367,0.40298507462686567,0.4,4
5,1752839188468,0.40298507462686567,0.4,4
5,1752839188568,0.40298507462686567,0.26666666666666666,4
5,1752839188669,0.40298507462686567,0.2,4
5,1752839188770,0.3880597014925373,0.26666666666666666,4
5,1752839188871,0.373134328358209,0.26666666666666666,4
5,1752839188972,0.3582089552238806,0.5333333333333333,4
5,1752839189073,0.373134328358209,0.6,4
5,1752839189173,0.373134328358209,0.26666666666666666,4
5,1752839189274,0.373134328358209,0.3333333333333333,4
5,1752839189375,0.3880597014925373,0.26666666666666666,4
5,1752839189476,0.3582089552238806,0.13333333333333333,4
5,1752839189577,0.3283582089552239,0.26666666666666666,4
5,1752839189678,0.3582089552238806,0.5333333333333333,4
5,1752839189778,0.373134328358209,0.7333333333333333,4
5,1752839189879,0.373134328358209,0.4,4
5,1752839189980,0.3880597014925373,0.26666666666666666,4
5,1752839190081,0.40298507462686567,0.3333333333333333,4
5,1752839190182,0.40298507462686567,0.2,4
5,1752839190283,0.417910447761194,0.26666666666666666,4
5,1752839190383,0.417910447761194,0.26666666666666666,4
5,1752839190484,0.417910447761194,0.8666666666666667,4
5,1752839190585,0.417910447761194,0.6,4
5,1752839190686,0.43283582089552236,0.26666666666666666,4
5,1752839190787,0.417910447761194,0.4,4
5,1752839190888,0.417910447761194,0.3333333333333333,4
5,1752839190988,0.40298507462686567,0.3333333333333333,4
5,1752839191089,0.40298507462686567,0.2,4
5,1752839191190,0.3880597014925373,0.26666666666666666,4
5,1752839191291,0.3880597014925373,0.8,4
5,1752839191392,0.3880597014925373,0.5333333333333333,4
5,1752839191493,0.373134328358209,0.13333333333333333,4
5,1752839191593,0.3582089552238806,0.4,4
5,1752839191694,0.3880597014925373,0.13333333333333333,4
5,1752839191795,0.34328358208955223,0.26666666666666666,4
5,1752839191896,0.373134328358209,0.26666666666666666,4
5,1752839191997,0.373134328358209,0.6,4
5,1752839192098,0.3880597014925373,0.6,4
5,1752839192198,0.3880597014925373,0.4,4
5,1752839192299,0.417910447761194,0.3333333333333333,4
5,1752839192400,0.417910447761194,0.3333333333333333,4
5,1752839192501,0.417910447761194,0.2,4
5,1752839192602,0.417910447761194,0.26666666666666666,4
5,1752839192703,0.43283582089552236,0.26666666666666666,4
5,1752839192804,0.43283582089552236,0.5333333333333333,4
5,1752839192904,0.43283582089552236,0.7333333333333333,4
5,1752839193005,0.40298507462686567,0.26666666666666666,4
5,1752839193106,0.417910447761194,0.3333333333333333,4
5,1752839193207,0.417910447761194,0.2,4
5,1752839193308,0.40298507462686567,0.2,4
5,1752839193408,0.417910447761194,0.2,4
5,1752839193509,0.417910447761194,0.2,4
5,1752839193610,0.40298507462686567,0.3333333333333333,4
5,1752839193711,0.3880597014925373,0.6,4
5,1752839193812,0.373134328358209,0.26666666666666666,4
5,1752839193913,0.373134328358209,0.3333333333333333,4
5,1752839194014,0.3880597014925373,0.4,4
5,1752839194115,0.3880597014925373,0.26666666666666666,4
5,1752839194215,0.373134328358209,0.2,4
5,1752839194316,0.3880597014925373,0.3333333333333333,4
5,1752839194417,0.3880597014925373,0.6,4
5,1752839194518,0.417910447761194,0.4666666666666667,4
5,1752839194619,0.417910447761194,0.3333333333333333,4
5,1752839194719,0.417910447761194,0.3333333333333333,4
5,1752839194820,0.417910447761194,0.3333333333333333,4
5,1752839194921,0.43283582089552236,0.26666666666666666,4
5,1752839195022,0.43283582089552236,0.26666666666666666,4
5,1752839195123,0.43283582089552236,0.26666666666666666,4
5,1752839195224,0.4626865671641791,0.5333333333333333,4
5,1752839195324,0.40298507462686567,0.4666666666666667,4
5,1752839195425,0.44776119402985076,0.2,4
5,1752839195526,0.44776119402985076,0.3333333333333333,4
5,1752839195627,0.417910447761194,0.3333333333333333,4
5,1752839195728,0.43283582089552236,0.3333333333333333,4
5,1752839195829,0.417910447761194,0.4,4
5,1752839195929,0.40298507462686567,0.2,4
5,1752839196030,0.40298507462686567,0.6666666666666666,4
5,1752839196131,0.3880597014925373,0.4,4
5,1752839196232,0.3880597014925373,0.26666666666666666,4
5,1752839196333,0.3880597014925373,0.3333333333333333,4
5,1752839196433,0.3880597014925373,0.3333333333333333,4
5,1752839196534,0.3880597014925373,0.26666666666666666,4
5,1752839196635,0.40298507462686567,0.26666666666666666,4
5,1752839196736,0.40298507462686567,0.7333333333333333,4
5,1752839196837,0.417910447761194,0.4666666666666667,4
5,1752839196938,0.43283582089552236,0.26666666666666666,4
5,1752839197038,0.43283582089552236,0.4,4
5,1752839197139,0.43283582089552236,0.2,4
5,1752839197240,0.43283582089552236,0.2,4
5,1752839197341,0.43283582089552236,0.26666666666666666,4
5,1752839197442,0.44776119402985076,0.4,4
5,1752839197543,0.44776119402985076,0.7333333333333333,4
5,1752839197644,0.4626865671641791,0.3333333333333333,4
5,1752839197744,0.4626865671641791,0.2,4
5,1752839197845,0.44776119402985076,0.4,4
5,1752839197946,0.44776119402985076,0.3333333333333333,4
5,1752839198047,0.43283582089552236,0.26666666666666666,4
5,1752839198148,0.417910447761194,0.13333333333333333,4
5,1752839198249,0.417910447761194,0.6666666666666666,4
5,1752839198350,0.40298507462686567,0.5333333333333333,4
5,1752839198451,0.40298507462686567,0.26666666666666666,4
5,1752839198551,0.40298507462686567,0.3333333333333333,4
5,1752839198652,0.3880597014925373,0.3333333333333333,4
5,1752839198753,0.40298507462686567,0.26666666666666666,4
5,1752839198854,0.40298507462686567,0.2,4
5,1752839198955,0.417910447761194,0.7333333333333333,4
5,1752839199055,0.417910447761194,0.5333333333333333,4
5,1752839199156,0.43283582089552236,0.26666666666666666,4
5,1752839199257,0.43283582089552236,0.3333333333333333,4
5,1752839199358,0.44776119402985076,0.26666666666666666,4
5,1752839199459,0.44776119402985076,0.13333333333333333,4
5,1752839199559,0.43283582089552236,0.4,4
5,1752839199660,0.44776119402985076,0.5333333333333333,4
5,1752839199761,0.43283582089552236,0.7333333333333333,4
5,1752839199862,0.47761194029850745,0.3333333333333333,4
5,1752839199963,0.44776119402985076,0.26666666666666666,4
5,1752839200064,0.44776119402985076,0.3333333333333333,4
5,1752839200164,0.43283582089552236,0.2,4
5,1752839200265,0.43283582089552236,0.26666666666666666,4
5,1752839200366,0.417910447761194,0.2,4
5,1752839200467,0.417910447761194,0.6666666666666666,4
5,1752839200568,0.417910447761194,0.5333333333333333,4
5,1752839200669,0.417910447761194,0.2,4
5,1752839200769,0.40298507462686567,0.3333333333333333,4
5,1752839200870,0.40298507462686567,0.13333333333333333,4
5,1752839200971,0.40298507462686567,0.2,4
5,1752839201072,0.417910447761194,0.26666666666666666,4
5,1752839201173,0.43283582089552236,0.5333333333333333,4
5,1752839201274,0.417910447761194,0.5333333333333333,4
5,1752839201375,0.44776119402985076,0.3333333333333333,4
5,1752839201475,0.43283582089552236,0.3333333333333333,4
5,1752839201576,0.44776119402985076,0.2,4
5,1752839201677,0.44776119402985076,0.13333333333333333,4
5,1752839201778,0.44776119402985076,0.26666666666666666,4
5,1752839201879,0.4626865671641791,0.3333333333333333,4
5,1752839201979,0.4626865671641791,0.7333333333333333,4
5,1752839202080,0.4626865671641791,0.4,4
5,1752839202181,0.44776119402985076,0.3333333333333333,4
5,1752839202282,0.44776119402985076,0.3333333333333333,4
5,1752839202383,0.44776119402985076,0.2,4
5,1752839202483,0.44776119402985076,0.26666666666666666,4
5,1752839202584,0.43283582089552236,0.2,4
5,1752839202685,0.43283582089552236,0.26666666666666666,4
5,1752839202786,0.417910447761194,0.6666666666666666,4
5,1752839202887,0.417910447761194,0.4,4
5,1752839202988,0.417910447761194,0.2,4
5,1752839203089,0.43283582089552236,0.3333333333333333,4
5,1752839203190,0.40298507462686567,0.26666666666666666,4
5,1752839203290,0.417910447761194,0.2,4
5,1752839203391,0.417910447761194,0.26666666666666666,4
5,1752839203492,0.43283582089552236,0.6666666666666666,4
5,1752839203593,0.44776119402985076,0.4,4
5,1752839203694,0.4626865671641791,0.2,4
5,1752839203795,0.4626865671641791,0.5333333333333333,4
5,1752839203895,0.4626865671641791,0.4,4
5,1752839203996,0.4626865671641791,0.26666666666666666,4
5,1752839204097,0.44776119402985076,0.26666666666666666,4
5,1752839204198,0.47761194029850745,0.3333333333333333,4
5,1752839204299,0.4626865671641791,0.6666666666666666,4
5,1752839204400,0.4626865671641791,0.3333333333333333,4
5,1752839204501,0.4626865671641791,0.3333333333333333,4
5,1752839204601,0.4626865671641791,0.3333333333333333,4
5,1752839204702,0.4626865671641791,0.26666666666666666,4
5,1752839204803,0.43283582089552236,0.2,4
5,1752839204904,0.44776119402985076,0.2,4
5,1752839205005,0.43283582089552236,0.3333333333333333,4
5,1752839205106,0.44776119402985076,0.7333333333333333,4
5,1752839205206,0.417910447761194,0.26666666666666666,4
5,1752839205307,0.417910447761194,0.3333333333333333,4
5,1752839205408,0.43283582089552236,0.2,4
5,1752839205509,0.44776119402985076,0.26666666666666666,4
5,1752839205609,0.43283582089552236,0.2,4
5,1752839205710,0.43283582089552236,0.26666666666666666,4
5,1752839205811,0.43283582089552236,0.8,4
5,1752839205912,0.43283582089552236,0.4,4
5,1752839206013,0.43283582089552236,0.26666666666666666,4
5,1752839206114,0.4626865671641791,0.3333333333333333,4
5,1752839206215,0.4626865671641791,0.26666666666666666,4
5,1752839206315,0.47761194029850745,0.26666666666666666,4
5,1752839206416,0.47761194029850745,0.3333333333333333,4
5,1752839206517,0.47761194029850745,0.8,4
5,1752839206618,0.47761194029850745,0.4666666666666667,4
5,1752839206719,0.47761194029850745,0.3333333333333333,4
5,1752839206820,0.47761194029850745,0.4,4
5,1752839206920,0.4626865671641791,0.2,4
5,1752839207021,0.4626865671641791,0.3333333333333333,4
5,1752839207122,0.44776119402985076,0.2,4
5,1752839207223,0.44776119402985076,0.4666666666666667,4
5,1752839207324,0.43283582089552236,0.6666666666666666,4
5,1752839207425,0.43283582089552236,0.2,4
5,1752839207525,0.43283582089552236,0.2,4
5,1752839207626,0.417910447761194,0.26666666666666666,4
5,1752839207727,0.40298507462686567,0.0,4
5,1752839207828,0.417910447761194,0.13333333333333333,4
5,1752839207929,0.43283582089552236,0.3333333333333333,4
5,1752839208030,0.44776119402985076,0.6666666666666666,4
5,1752839208131,0.43283582089552236,0.2,4
5,1752839208231,0.44776119402985076,0.26666666666666666,4
5,1752839208332,0.43283582089552236,0.4,4
5,1752839208433,0.4626865671641791,0.2,4
5,1752839208534,0.4626865671641791,0.3333333333333333,4
5,1752839208635,0.47761194029850745,0.9333333333333333,4
5,1752839208735,0.47761194029850745,0.5333333333333333,4
5,1752839208836,0.47761194029850745,0.26666666666666666,4
5,1752839208937,0.47761194029850745,0.3333333333333333,4
5,1752839209038,0.47761194029850745,0.26666666666666666,4
5,1752839209139,0.47761194029850745,0.4,4
5,1752839209240,0.47761194029850745,0.3333333333333333,4
5,1752839209341,0.4626865671641791,0.4666666666666667,4
5,1752839209442,0.44776119402985076,0.8666666666666667,4
5,1752839209542,0.44776119402985076,0.26666666666666666,4
5,1752839209643,0.44776119402985076,0.3333333333333333,4
5,1752839209744,0.3880597014925373,0.4,4
5,1752839209844,0.40298507462686567,0.4,4
5,1752839209945,0.417910447761194,0.26666666666666666,4
5,1752839210046,0.43283582089552236,0.26666666666666666,4
5,1752839210147,0.43283582089552236,0.6666666666666666,4
5,1752839210248,0.43283582089552236,0.6,4
5,1752839210349,0.44776119402985076,0.26666666666666666,4
5,1752839210450,0.44776119402985076,0.4666666666666667,4
5,1752839210550,0.4626865671641791,0.26666666666666666,4
5,1752839210651,0.4626865671641791,0.3333333333333333,4
5,1752839210752,0.47761194029850745,0.26666666666666666,4
5,1752839210853,0.47761194029850745,0.5333333333333333,4
5,1752839210954,0.4925373134328358,0.6666666666666666,4
5,1752839211055,0.4925373134328358,0.4,4
5,1752839211155,0.5074626865671642,0.4,4
5,1752839211256,0.4925373134328358,0.4,4
5,1752839211357,0.47761194029850745,0.2,4
5,1752839211458,0.47761194029850745,0.26666666666666666,4
5,1752839211559,0.47761194029850745,0.4,4
5,1752839211660,0.47761194029850745,0.8666666666666667,4
5,1752839211760,0.4626865671641791,0.3333333333333333,4
5,1752839211861,0.4626865671641791,0.4,4
5,1752839211962,0.47761194029850745,0.26666666666666666,4
5,1752839212063,0.43283582089552236,0.13333333333333333,4
5,1752839212164,0.44776119402985076,0.2,4
5,1752839212265,0.44776119402985076,0.26666666666666666,4
5,1752839212366,0.47761194029850745,0.2,4
5,1752839212466,0.44776119402985076,0.8666666666666667,4
5,1752839212567,0.44776119402985076,0.3333333333333333,4
5,1752839212668,0.44776119402985076,0.2,4
5,1752839212769,0.4626865671641791,0.3333333333333333,4
5,1752839212870,0.47761194029850745,0.2,4
5,1752839212971,0.47761194029850745,0.2,4
5,1752839213071,0.4925373134328358,0.26666666666666666,4
5,1752839213172,0.4925373134328358,0.26666666666666666,4
5,1752839213273,0.5074626865671642,0.7333333333333333,4
5,1752839213374,0.5223880597014925,0.4,4
5,1752839213475,0.4925373134328358,0.2,4
5,1752839213576,0.4925373134328358,0.4,4
5,1752839213677,0.4925373134328358,0.13333333333333333,4
5,1752839213777,0.47761194029850745,0.13333333333333333,4
5,1752839213878,0.47761194029850745,0.2,4
5,1752839213979,0.47761194029850745,0.6666666666666666,4
5,1752839214080,0.44776119402985076,0.4,4
5,1752839214181,0.4626865671641791,0.2,4
5,1752839214282,0.44776119402985076,0.26666666666666666,4
5,1752839214382,0.44776119402985076,0.13333333333333333,4
5,1752839214483,0.44776119402985076,0.13333333333333333,4
5,1752839214584,0.43283582089552236,0.06666666666666667,4
5,1752839214685,0.44776119402985076,0.2,4
5,1752839214786,0.4626865671641791,0.8,4
5,1752839214887,0.4626865671641791,0.2,4
5,1752839214988,0.4626865671641791,0.13333333333333333,4
5,1752839215088,0.4626865671641791,0.2,4
5,1752839215189,0.4626865671641791,0.13333333333333333,4
5,1752839215290,0.5074626865671642,0.26666666666666666,4
5,1752839215391,0.4925373134328358,0.26666666666666666,4
5,1752839215492,0.4925373134328358,0.3333333333333333,4
5,1752839215592,0.5074626865671642,0.7333333333333333,4
5,1752839215693,0.4925373134328358,0.13333333333333333,4
5,1752839215794,0.4925373134328358,0.06666666666666667,4
5,1752839215895,0.4925373134328358,0.26666666666666666,4
5,1752839215996,0.5223880597014925,0.2,4
5,1752839216097,0.47761194029850745,0.3333333333333333,4
5,1752839216197,0.47761194029850745,0.3333333333333333,4
5,1752839216298,0.47761194029850745,0.6666666666666666,4
5,1752839216399,0.4626865671641791,0.26666666666666666,4
5,1752839216500,0.4626865671641791,0.26666666666666666,4
5,1752839216601,0.4626865671641791,0.3333333333333333,4
5,1752839216701,0.4626865671641791,0.26666666666666666,4
5,1752839216802,0.44776119402985076,0.26666666666666666,4
5,1752839216903,0.44776119402985076,0.26666666666666666,4
5,1752839217004,0.4626865671641791,0.7333333333333333,4
5,1752839217105,0.4626865671641791,0.3333333333333333,4
5,1752839217206,0.47761194029850745,0.3333333333333333,4
5,1752839217306,0.47761194029850745,0.4666666666666667,4
5,1752839217407,0.5223880597014925,0.26666666666666666,4
5,1752839217508,0.4925373134328358,0.13333333333333333,4
5,1752839217609,0.5373134328358209,0.3333333333333333,4
5,1752839217710,0.4925373134328358,0.4,4
5,1752839217811,0.5223880597014925,0.5333333333333333,4
5,1752839217912,0.5074626865671642,0.26666666666666666,4
5,1752839218013,0.4925373134328358,0.3333333333333333,4
5,1752839218113,0.5074626865671642,0.4,4
5,1752839218214,0.4925373134328358,0.3333333333333333,4
5,1752839218315,0.5223880597014925,0.3333333333333333,4
5,1752839218416,0.4925373134328358,0.3333333333333333,4
5,1752839218517,0.4925373134328358,0.5333333333333333,4
5,1752839218617,0.4925373134328358,0.3333333333333333,4
5,1752839218718,0.47761194029850745,0.4,4
5,1752839218819,0.44776119402985076,0.3333333333333333,4
5,1752839218920,0.47761194029850745,0.3333333333333333,4
5,1752839219021,0.44776119402985076,0.26666666666666666,4
5,1752839219121,0.4626865671641791,0.4,4
5,1752839219222,0.47761194029850745,0.6666666666666666,4
5,1752839219323,0.44776119402985076,0.4,4
5,1752839219424,0.47761194029850745,0.3333333333333333,4
5,1752839219525,0.47761194029850745,0.4,4
5,1752839219626,0.4925373134328358,0.2,4
5,1752839219727,0.47761194029850745,0.13333333333333333,4
5,1752839219827,0.4626865671641791,0.26666666666666666,4
5,1752839219928,0.5223880597014925,0.3333333333333333,4
5,1752839220029,0.5223880597014925,0.6666666666666666,4
5,1752839220130,0.5074626865671642,0.6,4
5,1752839220231,0.5223880597014925,0.4,4
5,1752839220332,0.5074626865671642,0.4,4
5,1752839220432,0.5074626865671642,0.3333333333333333,4
5,1752839220534,0.5074626865671642,0.26666666666666666,4
5,1752839220634,0.5074626865671642,0.3333333333333333,4
5,1752839220735,0.4925373134328358,0.3333333333333333,4
5,1752839220836,0.5074626865671642,0.7333333333333333,4
5,1752839220936,0.47761194029850745,0.5333333333333333,4
5,1752839221037,0.47761194029850745,0.26666666666666666,4
5,1752839221138,0.47761194029850745,0.4666666666666667,4
5,1752839221239,0.47761194029850745,0.13333333333333333,4
5,1752839221340,0.4626865671641791,0.26666666666666666,4
5,1752839221441,0.4626865671641791,0.26666666666666666,4
5,1752839221541,0.4626865671641791,0.3333333333333333,4
5,1752839221642,0.4925373134328358,0.8,4
5,1752839221743,0.4925373134328358,0.3333333333333333,4
5,1752839221844,0.47761194029850745,0.26666666666666666,4
5,1752839221945,0.4925373134328358,0.3333333333333333,4
5,1752839222046,0.4925373134328358,0.26666666666666666,4
5,1752839222147,0.5223880597014925,0.3333333333333333,4
5,1752839222247,0.5074626865671642,0.26666666666666666,4
5,1752839222348,0.5074626865671642,0.13333333333333333,4
5,1752839222449,0.5373134328358209,0.8666666666666667,4
5,1752839222550,0.5074626865671642,0.4666666666666667,4
5,1752839222651,0.5223880597014925,0.3333333333333333,4
5,1752839222752,0.5223880597014925,0.4,4
5,1752839222852,0.5223880597014925,0.3333333333333333,4
5,1752839222953,0.5074626865671642,0.26666666666666666,4
5,1752839223054,0.5074626865671642,0.3333333333333333,4
5,1752839223155,0.4925373134328358,0.26666666666666666,4
5,1752839223256,0.4925373134328358,0.7333333333333333,4
5,1752839223357,0.47761194029850745,0.3333333333333333,4
5,1752839223457,0.47761194029850745,0.26666666666666666,4
5,1752839223558,0.47761194029850745,0.4,4
5,1752839223659,0.47761194029850745,0.13333333333333333,4
5,1752839223760,0.47761194029850745,0.26666666666666666,4
5,1752839223861,0.47761194029850745,0.2,4
5,1752839223962,0.47761194029850745,0.7333333333333333,4
5,1752839224062,0.4925373134328358,0.26666666666666666,4
5,1752839224163,0.4925373134328358,0.26666666666666666,4
5,1752839224264,0.4925373134328358,0.4,4
5,1752839224365,0.5074626865671642,0.3333333333333333,4
5,1752839224466,0.5074626865671642,0.2,4
5,1752839224567,0.5223880597014925,0.2,4
5,1752839224667,0.5373134328358209,0.26666666666666666,4
5,1752839224768,0.5223880597014925,0.7333333333333333,4
5,1752839224869,0.5223880597014925,0.3333333333333333,4
5,1752839224970,0.5223880597014925,0.3333333333333333,4
5,1752839225071,0.5223880597014925,0.3333333333333333,4
5,1752839225172,0.5223880597014925,0.2,4
5,1752839225272,0.5223880597014925,0.26666666666666666,4
5,1752839225373,0.5223880597014925,0.2,4
5,1752839225474,0.5223880597014925,0.8666666666666667,4
5,1752839225575,0.5074626865671642,0.4,4
5,1752839225676,0.47761194029850745,0.3333333333333333,4
5,1752839225777,0.4925373134328358,0.4,4
5,1752839225878,0.47761194029850745,0.2,4
5,1752839225978,0.5074626865671642,0.2,4
5,1752839226079,0.4925373134328358,0.26666666666666666,4
5,1752839226180,0.4925373134328358,0.7333333333333333,4
5,1752839226281,0.4925373134328358,0.4,4
5,1752839226382,0.47761194029850745,0.4,4
5,1752839226482,0.5074626865671642,0.3333333333333333,4
5,1752839226583,0.5074626865671642,0.3333333333333333,4
5,1752839226684,0.5223880597014925,0.2,4
5,1752839226785,0.5223880597014925,0.3333333333333333,4
5,1752839226886,0.5223880597014925,0.6666666666666666,4
5,1752839226987,0.5522388059701493,0.6,4
5,1752839227087,0.5373134328358209,0.3333333333333333,4
5,1752839227188,0.5373134328358209,0.3333333333333333,4
5,1752839227289,0.5373134328358209,0.3333333333333333,4
5,1752839227390,0.5223880597014925,0.2,4
5,1752839227491,0.5373134328358209,0.3333333333333333,4
5,1752839227592,0.5074626865671642,0.3333333333333333,4
5,1752839227692,0.5223880597014925,0.6666666666666666,4
5,1752839227793,0.5373134328358209,0.4,4
5,1752839227894,0.4925373134328358,0.4,4
5,1752839227995,0.4925373134328358,0.26666666666666666,4
5,1752839228096,0.5223880597014925,0.3333333333333333,4
5,1752839228197,0.47761194029850745,0.26666666666666666,4
5,1752839228298,0.47761194029850745,0.6666666666666666,4
5,1752839228398,0.4925373134328358,0.6,4
5,1752839228499,0.47761194029850745,0.26666666666666666,4
5,1752839228600,0.4925373134328358,0.3333333333333333,4
5,1752839228701,0.5074626865671642,0.3333333333333333,4
5,1752839228802,0.5074626865671642,0.26666666666666666,4
5,1752839228902,0.5223880597014925,0.2,4
5,1752839229003,0.5223880597014925,0.3333333333333333,4
5,1752839229104,0.5373134328358209,0.8666666666666667,4
5,1752839229205,0.5522388059701493,0.4,4
5,1752839229306,0.5522388059701493,0.13333333333333333,4
5,1752839229407,0.5522388059701493,0.4666666666666667,4
5,1752839229508,0.5373134328358209,0.2,4
5,1752839229608,0.5223880597014925,0.26666666666666666,4
5,1752839229709,0.5223880597014925,0.26666666666666666,4
5,1752839229810,0.5373134328358209,0.4,4
5,1752839229911,0.5223880597014925,0.6666666666666666,4
5,1752839230012,0.5223880597014925,0.3333333333333333,4
5,1752839230113,0.4925373134328358,0.3333333333333333,4
5,1752839230213,0.5074626865671642,0.26666666666666666,4
5,1752839230314,0.4925373134328358,0.2,4
5,1752839230415,0.4925373134328358,0.26666666666666666,4
5,1752839230516,0.4925373134328358,0.2,4
5,1752839230617,0.4925373134328358,0.6666666666666666,4
5,1752839230718,0.4925373134328358,0.4,4
5,1752839230818,0.5074626865671642,0.3333333333333333,4
5,1752839230919,0.5074626865671642,0.4,4
5,1752839231020,0.5074626865671642,0.26666666666666666,4
5,1752839231121,0.5223880597014925,0.26666666666666666,4
5,1752839231222,0.5373134328358209,0.26666666666666666,4
5,1752839231323,0.5373134328358209,0.4,4
5,1752839231424,0.5373134328358209,0.6666666666666666,4
5,1752839231525,0.5522388059701493,0.26666666666666666,4
5,1752839231625,0.5522388059701493,0.3333333333333333,4
5,1752839231726,0.5522388059701493,0.4,4
5,1752839231827,0.5671641791044776,0.26666666666666666,4
5,1752839231928,0.5522388059701493,0.2,4
5,1752839232028,0.582089552238806,0.26666666666666666,4
5,1752839232129,0.4925373134328358,0.13333333333333333,4
5,1752839232230,0.5223880597014925,0.8,4
5,1752839232331,0.5223880597014925,0.3333333333333333,4
5,1752839232432,0.5223880597014925,0.26666666666666666,4
5,1752839232532,0.5074626865671642,0.3333333333333333,4
5,1752839232633,0.4925373134328358,0.2,4
5,1752839232734,0.5074626865671642,0.2,4
5,1752839232835,0.5074626865671642,0.13333333333333333,4
5,1752839232936,0.4925373134328358,0.4,4
5,1752839233037,0.4925373134328358,0.6666666666666666,4
5,1752839233138,0.5074626865671642,0.2,4
5,1752839233238,0.5223880597014925,0.26666666666666666,4
5,1752839233339,0.5671641791044776,0.26666666666666666,4
5,1752839233440,0.5373134328358209,0.26666666666666666,4
5,1752839233541,0.5373134328358209,0.26666666666666666,4
5,1752839233642,0.5522388059701493,0.6,4
5,1752839233743,0.5970149253731343,0.4666666666666667,4
5,1752839233843,0.5970149253731343,0.26666666666666666,4
5,1752839233944,0.5522388059701493,0.4666666666666667,4
5,1752839234045,0.5522388059701493,0.3333333333333333,4
5,1752839234146,0.5522388059701493,0.2,4
5,1752839234247,0.5522388059701493,0.3333333333333333,4
5,1752839234348,0.5373134328358209,0.26666666666666666,4
5,1752839234448,0.5373134328358209,0.7333333333333333,4
5,1752839234549,0.5223880597014925,0.4,4
5,1752839234650,0.5223880597014925,0.4,4
5,1752839234751,0.5074626865671642,0.3333333333333333,4
5,1752839234852,0.5074626865671642,0.26666666666666666,4
5,1752839234953,0.5074626865671642,0.2,4
5,1752839235054,0.5223880597014925,0.26666666666666666,4
5,1752839235154,0.5074626865671642,0.26666666666666666,4
5,1752839235255,0.5223880597014925,0.7333333333333333,4
5,1752839235356,0.5223880597014925,0.4,4
5,1752839235457,0.5373134328358209,0.3333333333333333,4
5,1752839235558,0.5223880597014925,0.3333333333333333,4
5,1752839235658,0.5522388059701493,0.26666666666666666,4
5,1752839235759,0.5522388059701493,0.3333333333333333,4
5,1752839235860,0.5373134328358209,0.26666666666666666,4
5,1752839235961,0.5522388059701493,0.7333333333333333,4
5,1752839236062,0.5671641791044776,0.3333333333333333,4
5,1752839236163,0.5671641791044776,0.3333333333333333,4
5,1752839236264,0.582089552238806,0.3333333333333333,4
5,1752839236364,0.5522388059701493,0.13333333333333333,4
5,1752839236465,0.5522388059701493,0.2,4
5,1752839236566,0.5522388059701493,0.3333333333333333,4
5,1752839236667,0.5373134328358209,0.7333333333333333,4
5,1752839236768,0.5522388059701493,0.4666666666666667,4
5,1752839236868,0.5373134328358209,0.3333333333333333,4
5,1752839236969,0.5223880597014925,0.4,4
5,1752839237070,0.5223880597014925,0.26666666666666666,4
5,1752839237171,0.5074626865671642,0.26666666666666666,4
5,1752839237272,0.5223880597014925,0.26666666666666666,4
5,1752839237373,0.5074626865671642,0.26666666666666666,4
5,1752839237474,0.5223880597014925,0.7333333333333333,4
5,1752839237575,0.5074626865671642,0.4666666666666667,4
5,1752839237675,0.5223880597014925,0.3333333333333333,4
5,1752839237776,0.5373134328358209,0.3333333333333333,4
5,1752839237877,0.5522388059701493,0.2,4
5,1752839237978,0.5373134328358209,0.2,4
5,1752839238078,0.5671641791044776,0.3333333333333333,4
5,1752839238179,0.5522388059701493,0.4666666666666667,4
5,1752839238280,0.5671641791044776,0.7333333333333333,4
5,1752839238381,0.5373134328358209,0.4,4
5,1752839238482,0.5522388059701493,0.3333333333333333,4
5,1752839238583,0.5671641791044776,0.3333333333333333,4
5,1752839238683,0.5522388059701493,0.26666666666666666,4
5,1752839238784,0.5373134328358209,0.3333333333333333,4
5,1752839238885,0.5522388059701493,0.5333333333333333,4
5,1752839238986,0.5522388059701493,0.6666666666666666,4
5,1752839239087,0.5373134328358209,0.3333333333333333,4
5,1752839239188,0.5522388059701493,0.4,4
5,1752839239288,0.5223880597014925,0.3333333333333333,4
5,1752839239389,0.5522388059701493,0.06666666666666667,4
5,1752839239490,0.5373134328358209,0.26666666666666666,4
5,1752839239591,0.5074626865671642,0.26666666666666666,4
5,1752839239692,0.5223880597014925,0.6666666666666666,4
5,1752839239793,0.5074626865671642,0.4,4
5,1752839239893,0.5223880597014925,0.26666666666666666,4
5,1752839239994,0.5671641791044776,0.26666666666666666,4
5,1752839240095,0.5373134328358209,0.26666666666666666,4
5,1752839240196,0.5671641791044776,0.13333333333333333,4
5,1752839240297,0.5522388059701493,0.3333333333333333,4
5,1752839240398,0.5522388059701493,0.06666666666666667,4
5,1752839240499,0.582089552238806,0.7333333333333333,4
5,1752839240599,0.5373134328358209,0.4666666666666667,4
5,1752839240700,0.5671641791044776,0.3333333333333333,4
5,1752839240801,0.582089552238806,0.4,4
5,1752839240902,0.5522388059701493,0.2,4
5,1752839241003,0.5671641791044776,0.3333333333333333,4
5,1752839241104,0.5522388059701493,0.26666666666666666,4
5,1752839241205,0.5522388059701493,0.6,4
5,1752839241305,0.5671641791044776,0.4666666666666667,4
5,1752839241406,0.5522388059701493,0.2,4
5,1752839241507,0.5373134328358209,0.3333333333333333,4
5,1752839241608,0.5223880597014925,0.3333333333333333,4
5,1752839241709,0.5223880597014925,0.26666666666666666,4
5,1752839241809,0.5223880597014925,0.3333333333333333,4
5,1752839241910,0.5223880597014925,0.3333333333333333,4
5,1752839242011,0.5373134328358209,0.7333333333333333,4
5,1752839242112,0.5223880597014925,0.4666666666666667,4
5,1752839242213,0.5223880597014925,0.26666666666666666,4
5,1752839242314,0.5373134328358209,0.3333333333333333,4
5,1752839242415,0.5373134328358209,0.26666666666666666,4
5,1752839242515,0.5522388059701493,0.2,4
5,1752839242616,0.5522388059701493,0.3333333333333333,4
5,1752839242717,0.5671641791044776,0.2,4
5,1752839242818,0.5671641791044776,0.4,4
5,1752839242919,0.5671641791044776,0.6666666666666666,4
5,1752839243019,0.582089552238806,0.3333333333333333,4
5,1752839243120,0.582089552238806,0.3333333333333333,4
5,1752839243221,0.582089552238806,0.3333333333333333,4
5,1752839243322,0.5970149253731343,0.2,4
5,1752839243423,0.5671641791044776,0.3333333333333333,4
5,1752839243524,0.5522388059701493,0.3333333333333333,4
5,1752839243624,0.5522388059701493,0.8,4
5,1752839243725,0.582089552238806,0.4,4
5,1752839243826,0.5522388059701493,0.2,4
5,1752839243927,0.5223880597014925,0.2,4
5,1752839244028,0.5671641791044776,0.13333333333333333,4
5,1752839244129,0.5074626865671642,0.26666666666666666,4
5,1752839244229,0.5223880597014925,0.26666666666666666,4
5,1752839244330,0.5373134328358209,0.3333333333333333,4
5,1752839244431,0.5223880597014925,0.6666666666666666,4
5,1752839244532,0.5373134328358209,0.26666666666666666,4
5,1752839244633,0.5373134328358209,0.26666666666666666,4
5,1752839244734,0.5522388059701493,0.3333333333333333,4
5,1752839244834,0.5522388059701493,0.2,4
5,1752839244935,0.5522388059701493,0.26666666666666666,4
5,1752839245036,0.5671641791044776,0.26666666666666666,4
5,1752839245137,0.582089552238806,0.2,4
5,1752839245238,0.582089552238806,0.8666666666666667,4
5,1752839245339,0.582089552238806,0.26666666666666666,4
5,1752839245440,0.5970149253731343,0.3333333333333333,4
5,1752839245540,0.582089552238806,0.26666666666666666,4
5,1752839245642,0.582089552238806,0.2,4
5,1752839245742,0.582089552238806,0.26666666666666666,4
5,1752839245843,0.5671641791044776,0.2,4
5,1752839245944,0.5671641791044776,0.5333333333333333,4
5,1752839246045,0.5522388059701493,0.6,4
5,1752839246146,0.5373134328358209,0.26666666666666666,4
5,1752839246246,0.5223880597014925,0.4,4
5,1752839246347,0.5223880597014925,0.26666666666666666,4
5,1752839246448,0.5223880597014925,0.26666666666666666,4
5,1752839246549,0.5373134328358209,0.2,4
5,1752839246650,0.5373134328358209,0.3333333333333333,4
5,1752839246751,0.5522388059701493,0.8,4
5,1752839246851,0.5373134328358209,0.26666666666666666,4
5,1752839246952,0.5522388059701493,0.3333333333333333,4
5,1752839247053,0.5671641791044776,0.3333333333333333,4
5,1752839247154,0.5671641791044776,0.2,4
5,1752839247255,0.5671641791044776,0.26666666666666666,4
5,1752839247356,0.582089552238806,0.26666666666666666,4
5,1752839247456,0.582089552238806,0.3333333333333333,4
5,1752839247557,0.582089552238806,0.7333333333333333,4
5,1752839247658,0.582089552238806,0.26666666666666666,4
5,1752839247759,0.582089552238806,0.4,4
5,1752839247860,0.5970149253731343,0.26666666666666666,4
5,1752839247961,0.5970149253731343,0.26666666666666666,4
5,1752839248062,0.582089552238806,0.3333333333333333,4
5,1752839248162,0.5522388059701493,0.4,4
5,1752839248263,0.5671641791044776,0.6666666666666666,4
5,1752839248364,0.5522388059701493,0.4,4
5,1752839248465,0.5373134328358209,0.3333333333333333,4
5,1752839248565,0.5522388059701493,0.4,4
5,1752839248666,0.5373134328358209,0.26666666666666666,4
5,1752839248767,0.5373134328358209,0.26666666666666666,4
5,1752839248868,0.5223880597014925,0.2,4
5,1752839248969,0.5373134328358209,0.8,4
5,1752839249070,0.5373134328358209,0.4666666666666667,4
5,1752839249170,0.5373134328358209,0.3333333333333333,4
5,1752839249271,0.5522388059701493,0.26666666666666666,4
5,1752839249372,0.5522388059701493,0.3333333333333333,4
5,1752839249473,0.582089552238806,0.3333333333333333,4
5,1752839249574,0.5671641791044776,0.26666666666666666,4
5,1752839249675,0.582089552238806,0.26666666666666666,4
5,1752839249776,0.582089552238806,0.6,4
5,1752839249876,0.5970149253731343,0.6,4
5,1752839249977,0.5970149253731343,0.3333333333333333,4
5,1752839250078,0.5970149253731343,0.4,4
5,1752839250179,0.582089552238806,0.3333333333333333,4
5,1752839250280,0.5970149253731343,0.26666666666666666,4
5,1752839250380,0.582089552238806,0.3333333333333333,4
5,1752839250481,0.5671641791044776,0.2,4
5,1752839250582,0.5522388059701493,0.8,4
5,1752839250683,0.5671641791044776,0.26666666666666666,4
5,1752839250784,0.5522388059701493,0.4,4
5,1752839250885,0.5522388059701493,0.3333333333333333,4
5,1752839250986,0.5373134328358209,0.2,4
5,1752839251086,0.5522388059701493,0.2,4
5,1752839251187,0.5671641791044776,0.2,4
5,1752839251288,0.5373134328358209,0.6666666666666666,4
5,1752839251389,0.5522388059701493,0.4666666666666667,4
5,1752839251490,0.5671641791044776,0.13333333333333333,4
5,1752839251591,0.5671641791044776,0.4,4
5,1752839251691,0.5671641791044776,0.2,4
5,1752839251792,0.6119402985074627,0.2,4
5,1752839251893,0.582089552238806,0.2,4
5,1752839251994,0.6119402985074627,0.13333333333333333,4
5,1752839252094,0.5671641791044776,0.6666666666666666,4
5,1752839252195,0.5970149253731343,0.5333333333333333,4
5,1752839252296,0.582089552238806,0.3333333333333333,4
5,1752839252397,0.582089552238806,0.26666666666666666,4
5,1752839252498,0.5970149253731343,0.3333333333333333,4
5,1752839252599,0.582089552238806,0.2,4
5,1752839252700,0.582089552238806,0.4,4
5,1752839252801,0.5671641791044776,0.26666666666666666,4
5,1752839252901,0.5522388059701493,0.6666666666666666,4
5,1752839253002,0.5522388059701493,0.3333333333333333,4
5,1752839253103,0.5671641791044776,0.26666666666666666,4
5,1752839253204,0.5522388059701493,0.3333333333333333,4
5,1752839253305,0.5373134328358209,0.26666666666666666,4
5,1752839253406,0.5671641791044776,0.3333333333333333,4
5,1752839253506,0.5522388059701493,0.3333333333333333,4
5,1752839253607,0.5373134328358209,0.6,4
5,1752839253708,0.5373134328358209,0.4,4
5,1752839253809,0.5671641791044776,0.26666666666666666,4
5,1752839253910,0.5373134328358209,0.3333333333333333,4
5,1752839254010,0.6119402985074627,0.13333333333333333,4
5,1752839254111,0.582089552238806,0.13333333333333333,4
5,1752839254212,0.5970149253731343,0.2,4
5,1752839254313,0.5970149253731343,0.2,4
5,1752839254414,0.5970149253731343,0.4,4
5,1752839254515,0.6119402985074627,0.6666666666666666,4
5,1752839254615,0.5970149253731343,0.2,4
5,1752839254716,0.5970149253731343,0.3333333333333333,4
5,1752839254817,0.5970149253731343,0.4,4
5,1752839254918,0.582089552238806,0.3333333333333333,4
5,1752839255019,0.582089552238806,0.2,4
5,1752839255120,0.5671641791044776,0.26666666666666666,4
5,1752839255220,0.5671641791044776,0.4666666666666667,4
5,1752839255321,0.582089552238806,0.6666666666666666,4
5,1752839255422,0.5223880597014925,0.3333333333333333,4
5,1752839255523,0.5522388059701493,0.26666666666666666,4
5,1752839255624,0.5373134328358209,0.3333333333333333,4
5,1752839255725,0.5671641791044776,0.3333333333333333,4
5,1752839255825,0.5671641791044776,0.3333333333333333,4
5,1752839255926,0.5970149253731343,0.4,4
5,1752839256027,0.5970149253731343,0.6,4
5,1752839256128,0.582089552238806,0.26666666666666666,4
5,1752839256229,0.5671641791044776,0.3333333333333333,4
5,1752839256330,0.582089552238806,0.3333333333333333,4
5,1752839256431,0.5970149253731343,0.2,4
5,1752839256531,0.582089552238806,0.3333333333333333,4
5,1752839256632,0.5970149253731343,0.26666666666666666,4
5,1752839256733,0.5970149253731343,0.8,4
5,1752839256834,0.6119402985074627,0.3333333333333333,4
5,1752839256935,0.5970149253731343,0.4,4
5,1752839257036,0.5970149253731343,0.4,4
5,1752839257137,0.5970149253731343,0.26666666666666666,4
5,1752839257237,0.5970149253731343,0.26666666666666666,4
5,1752839257338,0.5970149253731343,0.26666666666666666,4
5,1752839257439,0.582089552238806,0.4666666666666667,4
5,1752839257540,0.5671641791044776,0.6666666666666666,4
5,1752839257641,0.5671641791044776,0.26666666666666666,4
5,1752839257742,0.582089552238806,0.2,4
5,1752839257842,0.5671641791044776,0.4,4
5,1752839257943,0.5671641791044776,0.26666666666666666,4
5,1752839258044,0.5671641791044776,0.13333333333333333,4
5,1752839258145,0.582089552238806,0.6,4
5,1752839258246,0.5671641791044776,0.5333333333333333,4
5,1752839258346,0.5671641791044776,0.3333333333333333,4
5,1752839258447,0.5671641791044776,0.4,4
5,1752839258548,0.582089552238806,0.3333333333333333,4
5,1752839258649,0.5970149253731343,0.2,4
5,1752839258750,0.5970149253731343,0.3333333333333333,4
5,1752839258851,0.5970149253731343,0.26666666666666666,4
5,1752839258951,0.6119402985074627,0.8,4
5,1752839259052,0.5970149253731343,0.4666666666666667,4
5,1752839259153,0.6119402985074627,0.3333333333333333,4
5,1752839259254,0.6119402985074627,0.4,4
5,1752839259355,0.6119402985074627,0.26666666666666666,4
5,1752839259456,0.5970149253731343,0.26666666666666666,4
5,1752839259556,0.5970149253731343,0.3333333333333333,4
5,1752839259657,0.582089552238806,0.2,4
5,1752839259758,0.582089552238806,0.8,4
5,1752839259859,0.5671641791044776,0.4666666666666667,4
5,1752839259960,0.5671641791044776,0.3333333333333333,4
5,1752839260061,0.5522388059701493,0.4,4
5,1752839260161,0.5671641791044776,0.26666666666666666,4
5,1752839260262,0.5522388059701493,0.4,4
5,1752839260363,0.5373134328358209,0.26666666666666666,4
5,1752839260464,0.5671641791044776,0.7333333333333333,4
5,1752839260565,0.5671641791044776,0.4666666666666667,4
5,1752839260666,0.582089552238806,0.2,4
5,1752839260767,0.582089552238806,0.4,4
5,1752839260868,0.6119402985074627,0.2,4
5,1752839260968,0.5970149253731343,0.26666666666666666,4
5,1752839261069,0.6119402985074627,0.3333333333333333,4
5,1752839261170,0.5970149253731343,0.26666666666666666,4
5,1752839261271,0.6119402985074627,0.8,4
5,1752839261372,0.6119402985074627,0.3333333333333333,4
5,1752839261473,0.5970149253731343,0.4,4
5,1752839261573,0.6268656716417911,0.2,4
5,1752839261674,0.6119402985074627,0.2,4
5,1752839261775,0.6119402985074627,0.2,4
5,1752839261876,0.6268656716417911,0.3333333333333333,4
5,1752839261976,0.5970149253731343,0.3333333333333333,4
5,1752839262078,0.582089552238806,0.6,4
5,1752839262178,0.5522388059701493,0.3333333333333333,4
5,1752839262279,0.5671641791044776,0.3333333333333333,4
5,1752839262380,0.5671641791044776,0.3333333333333333,4
5,1752839262481,0.5671641791044776,0.26666666666666666,4
5,1752839262582,0.5671641791044776,0.26666666666666666,4
5,1752839262683,0.5671641791044776,0.3333333333333333,4
5,1752839262783,0.5522388059701493,0.7333333333333333,4
5,1752839262884,0.582089552238806,0.3333333333333333,4
5,1752839262985,0.582089552238806,0.26666666666666666,4
5,1752839263086,0.582089552238806,0.4,4
5,1752839263187,0.582089552238806,0.2,4
5,1752839263288,0.5970149253731343,0.3333333333333333,4
5,1752839263388,0.6119402985074627,0.26666666666666666,4
5,1752839263489,0.6119402985074627,0.8,4
5,1752839263590,0.6417910447761194,0.3333333333333333,4
5,1752839263691,0.6119402985074627,0.3333333333333333,4
5,1752839263792,0.6268656716417911,0.3333333333333333,4
5,1752839263893,0.6268656716417911,0.2,4
5,1752839263993,0.6119402985074627,0.3333333333333333,4
5,1752839264094,0.5970149253731343,0.26666666666666666,4
5,1752839264195,0.6268656716417911,0.26666666666666666,4
5,1752839264296,0.582089552238806,0.8,4
5,1752839264397,0.582089552238806,0.4666666666666667,4
5,1752839264497,0.5522388059701493,0.26666666666666666,4
5,1752839264598,0.5970149253731343,0.3333333333333333,4
5,1752839264699,0.5970149253731343,0.2,4
5,1752839264800,0.5671641791044776,0.26666666666666666,4
5,1752839264901,0.5671641791044776,0.2,4
5,1752839265002,0.5671641791044776,0.6,4
5,1752839265103,0.582089552238806,0.4666666666666667,4
5,1752839265203,0.582089552238806,0.26666666666666666,4
5,1752839265304,0.582089552238806,0.4,4
5,1752839265405,0.5970149253731343,0.26666666666666666,4
5,1752839265506,0.6119402985074627,0.26666666666666666,4
5,1752839265607,0.6119402985074627,0.3333333333333333,4
5,1752839265707,0.6417910447761194,0.4666666666666667,4
5,1752839265808,0.6119402985074627,0.7333333333333333,4
6,1752841085986,0.8805970149253731,0.4,4
6,1752841086087,0.5074626865671642,0.4,4
6,1752841086188,0.3880597014925373,0.4666666666666667,4
6,1752841086289,0.373134328358209,0.3333333333333333,4
6,1752841086390,0.31343283582089554,0.26666666666666666,4
6,1752841086491,0.29850746268656714,0.4,4
6,1752841086592,0.29850746268656714,0.6666666666666666,4
6,1752841086693,0.2835820895522388,0.4,4
6,1752841086793,0.26865671641791045,0.4,4
6,1752841086894,0.2835820895522388,0.4666666666666667,4
6,1752841086995,0.2835820895522388,0.4,4
6,1752841087096,0.26865671641791045,0.3333333333333333,4
6,1752841087197,0.2835820895522388,0.3333333333333333,4
6,1752841087298,0.2835820895522388,0.5333333333333333,4
6,1752841087399,0.2537313432835821,0.3333333333333333,4
6,1752841087500,0.26865671641791045,0.3333333333333333,4
6,1752841087600,0.2835820895522388,0.3333333333333333,4
6,1752841087701,0.34328358208955223,0.4,4
6,1752841087802,0.3582089552238806,0.3333333333333333,4
6,1752841087903,0.40298507462686567,0.4666666666666667,4
6,1752841088004,0.5373134328358209,0.4666666666666667,4
6,1752841088105,0.6716417910447762,0.3333333333333333,4
6,1752841088206,0.746268656716418,0.3333333333333333,4
6,1752841088307,0.7611940298507462,0.4,4
6,1752841088408,0.7611940298507462,0.3333333333333333,4
6,1752841088508,0.746268656716418,0.3333333333333333,4
6,1752841088609,0.7611940298507462,0.5333333333333333,4
6,1752841088710,0.7761194029850746,0.3333333333333333,4
6,1752841088811,0.7761194029850746,0.2,4
6,1752841088912,0.7611940298507462,0.4,4
6,1752841089013,0.7611940298507462,0.4,4
6,1752841089114,0.7611940298507462,0.4,4
6,1752841089215,0.7611940298507462,0.3333333333333333,4
6,1752841089315,0.7761194029850746,0.4666666666666667,4
6,1752841089416,0.746268656716418,0.4,4
6,1752841089517,0.746268656716418,0.4,4
6,1752841089618,0.7313432835820896,0.4,4
6,1752841089719,0.7313432835820896,0.4,4
6,1752841089820,0.7164179104477612,0.3333333333333333,4
6,1752841089921,0.7313432835820896,0.2,4
6,1752841090022,0.6567164179104478,0.4,4
6,1752841090122,0.4626865671641791,0.3333333333333333,4
6,1752841090223,0.26865671641791045,0.3333333333333333,4
6,1752841090324,0.23880597014925373,0.3333333333333333,4
6,1752841090425,0.23880597014925373,0.3333333333333333,4
6,1752841090526,0.26865671641791045,0.26666666666666666,4
6,1752841090627,0.2537313432835821,0.4666666666666667,4
6,1752841090728,0.26865671641791045,0.4,4
6,1752841090829,0.26865671641791045,0.3333333333333333,4
6,1752841090930,0.2835820895522388,0.4,4
6,1752841091031,0.2835820895522388,0.26666666666666666,4
6,1752841091131,0.2835820895522388,0.26666666666666666,4
6,1752841091232,0.29850746268656714,0.3333333333333333,4
6,1752841091333,0.31343283582089554,0.4666666666666667,4
6,1752841091434,0.31343283582089554,0.2,4
6,1752841091535,0.31343283582089554,0.3333333333333333,4
6,1752841091636,0.29850746268656714,0.4,4
6,1752841091737,0.31343283582089554,0.4,4
6,1752841091837,0.29850746268656714,0.26666666666666666,4
6,1752841091939,0.26865671641791045,0.5333333333333333,4
6,1752841092039,0.26865671641791045,0.5333333333333333,4
6,1752841092140,0.2835820895522388,0.4,4
6,1752841092241,0.26865671641791045,0.4,4
6,1752841092342,0.26865671641791045,0.4,4
6,1752841092443,0.2537313432835821,0.4666666666666667,4
6,1752841092543,0.23880597014925373,0.26666666666666666,4
6,1752841092644,0.23880597014925373,0.5333333333333333,4
6,1752841092746,0.23880597014925373,0.4,4
6,1752841092846,0.23880597014925373,0.3333333333333333,4
6,1752841092947,0.23880597014925373,0.4,4
6,1752841093048,0.2537313432835821,0.3333333333333333,4
6,1752841093149,0.2537313432835821,0.3333333333333333,4
6,1752841093250,0.23880597014925373,0.5333333333333333,4
6,1752841093351,0.2537313432835821,0.5333333333333333,4
6,1752841093451,0.2537313432835821,0.3333333333333333,4
6,1752841093552,0.26865671641791045,0.5333333333333333,4
6,1752841093653,0.2537313432835821,0.4,4
6,1752841093754,0.29850746268656714,0.26666666666666666,4
6,1752841093855,0.26865671641791045,0.5333333333333333,4
6,1752841093956,0.26865671641791045,0.6,4
6,1752841094057,0.26865671641791045,0.3333333333333333,4
6,1752841094158,0.26865671641791045,0.4666666666666667,4
6,1752841094259,0.26865671641791045,0.4,4
6,1752841094360,0.26865671641791045,0.3333333333333333,4
6,1752841094460,0.26865671641791045,0.3333333333333333,4
6,1752841094561,0.26865671641791045,0.6666666666666666,4
6,1752841094662,0.2835820895522388,0.4666666666666667,4
6,1752841094763,0.26865671641791045,0.3333333333333333,4
6,1752841094864,0.26865671641791045,0.4,4
6,1752841094965,0.2835820895522388,0.26666666666666666,4
6,1752841095066,0.26865671641791045,0.3333333333333333,4
6,1752841095167,0.26865671641791045,0.3333333333333333,4
6,1752841095267,0.2537313432835821,0.7333333333333333,4
6,1752841095368,0.2537313432835821,0.3333333333333333,4
6,1752841095469,0.26865671641791045,0.3333333333333333,4
6,1752841095570,0.23880597014925373,0.4,4
6,1752841095671,0.2537313432835821,0.26666666666666666,4
6,1752841095772,0.23880597014925373,0.4,4
6,1752841095873,0.23880597014925373,0.6,4
6,1752841095974,0.23880597014925373,0.4666666666666667,4
6,1752841096074,0.2537313432835821,0.3333333333333333,4
6,1752841096175,0.2537313432835821,0.3333333333333333,4
6,1752841096276,0.2537313432835821,0.3333333333333333,4
6,1752841096377,0.2537313432835821,0.13333333333333333,4
6,1752841096478,0.26865671641791045,0.3333333333333333,4
6,1752841096579,0.2537313432835821,0.6,4
6,1752841096680,0.26865671641791045,0.4,4
6,1752841096781,0.26865671641791045,0.3333333333333333,4
6,1752841096881,0.29850746268656714,0.3333333333333333,4
6,1752841096983,0.2835820895522388,0.26666666666666666,4
6,1752841097083,0.26865671641791045,0.3333333333333333,4
6,1752841097184,0.26865671641791045,0.26666666666666666,4
6,1752841097285,0.26865671641791045,0.6666666666666666,4
6,1752841097386,0.26865671641791045,0.4666666666666667,4
6,1752841097487,0.2537313432835821,0.3333333333333333,4
6,1752841097588,0.2537313432835821,0.4,4
6,1752841097688,0.2537313432835821,0.3333333333333333,4
6,1752841097790,0.23880597014925373,0.26666666666666666,4
6,1752841097890,0.22388059701492538,0.4,4
6,1752841097991,0.23880597014925373,0.6666666666666666,4
6,1752841098092,0.23880597014925373,0.3333333333333333,4
6,1752841098193,0.22388059701492538,0.3333333333333333,4
6,1752841098294,0.22388059701492538,0.4,4
6,1752841098395,0.22388059701492538,0.26666666666666666,4
6,1752841098495,0.22388059701492538,0.26666666666666666,4
6,1752841098596,0.2537313432835821,0.26666666666666666,4
6,1752841098697,0.23880597014925373,0.6,4
6,1752841098798,0.2537313432835821,0.4,4
6,1752841098899,0.2537313432835821,0.3333333333333333,4
6,1752841099000,0.23880597014925373,0.3333333333333333,4
6,1752841099101,0.2835820895522388,0.3333333333333333,4
6,1752841099202,0.2835820895522388,0.2,4
6,1752841099303,0.2537313432835821,0.5333333333333333,4
6,1752841099403,0.26865671641791045,0.5333333333333333,4
6,1752841099504,0.2537313432835821,0.3333333333333333,4
6,1752841099605,0.26865671641791045,0.4,4
6,1752841099706,0.2537313432835821,0.26666666666666666,4
6,1752841099807,0.2537313432835821,0.3333333333333333,4
6,1752841099908,0.2537313432835821,0.3333333333333333,4
6,1752841100009,0.2537313432835821,0.6,4
6,1752841100109,0.23880597014925373,0.6,4
6,1752841100210,0.23880597014925373,0.3333333333333333,4
6,1752841100311,0.23880597014925373,0.3333333333333333,4
6,1752841100412,0.22388059701492538,0.3333333333333333,4
6,1752841100513,0.23880597014925373,0.26666666666666666,4
6,1752841100614,0.22388059701492538,0.26666666666666666,4
6,1752841100715,0.208955223880597,0.5333333333333333,4
6,1752841100816,0.22388059701492538,0.5333333333333333,4
6,1752841100916,0.22388059701492538,0.26666666666666666,4
6,1752841101017,0.23880597014925373,0.3333333333333333,4
6,1752841101118,0.19402985074626866,0.4,4
6,1752841101219,0.22388059701492538,0.26666666666666666,4
6,1752841101320,0.22388059701492538,0.26666666666666666,4
6,1752841101421,0.22388059701492538,0.6666666666666666,4
6,1752841101522,0.23880597014925373,0.26666666666666666,4
6,1752841101623,0.23880597014925373,0.26666666666666666,4
6,1752841101724,0.23880597014925373,0.4,4
6,1752841101824,0.23880597014925373,0.26666666666666666,4
6,1752841101925,0.2537313432835821,0.26666666666666666,4
6,1752841102026,0.2537313432835821,0.4,4
6,1752841102127,0.23880597014925373,0.6666666666666666,4
6,1752841102228,0.2537313432835821,0.4,4
6,1752841102329,0.2537313432835821,0.4,4
6,1752841102430,0.2537313432835821,0.4,4
6,1752841102531,0.2537313432835821,0.26666666666666666,4
6,1752841102632,0.2537313432835821,0.26666666666666666,4
6,1752841102732,0.2537313432835821,0.6,4
6,1752841102833,0.23880597014925373,0.6,4
6,1752841102934,0.23880597014925373,0.3333333333333333,4
6,1752841103035,0.22388059701492538,0.3333333333333333,4
6,1752841103136,0.23880597014925373,0.3333333333333333,4
6,1752841103237,0.208955223880597,0.4,4
6,1752841103338,0.19402985074626866,0.4,4
6,1752841103439,0.22388059701492538,0.4666666666666667,4
6,1752841103540,0.19402985074626866,0.6,4
6,1752841103640,0.22388059701492538,0.3333333333333333,4
6,1752841103741,0.208955223880597,0.4,4
6,1752841103842,0.22388059701492538,0.3333333333333333,4
6,1752841103943,0.22388059701492538,0.26666666666666666,4
6,1752841104044,0.22388059701492538,0.26666666666666666,4
6,1752841104145,0.23880597014925373,0.26666666666666666,4
6,1752841104246,0.23880597014925373,0.6,4
6,1752841104347,0.23880597014925373,0.4,4
6,1752841104447,0.23880597014925373,0.3333333333333333,4
6,1752841104548,0.2537313432835821,0.4,4
6,1752841104649,0.23880597014925373,0.26666666666666666,4
6,1752841104750,0.2537313432835821,0.26666666666666666,4
6,1752841104851,0.23880597014925373,0.26666666666666666,4
6,1752841104952,0.26865671641791045,0.6,4
6,1752841105053,0.22388059701492538,0.3333333333333333,4
6,1752841105154,0.2537313432835821,0.2,4
6,1752841105254,0.23880597014925373,0.3333333333333333,4
6,1752841105355,0.23880597014925373,0.3333333333333333,4
6,1752841105456,0.22388059701492538,0.2,4
6,1752841105557,0.22388059701492538,0.3333333333333333,4
6,1752841105658,0.22388059701492538,0.6,4
6,1752841105759,0.22388059701492538,0.4666666666666667,4
6,1752841105860,0.208955223880597,0.26666666666666666,4
6,1752841105961,0.208955223880597,0.3333333333333333,4
6,1752841106062,0.208955223880597,0.26666666666666666,4
6,1752841106162,0.208955223880597,0.26666666666666666,4
6,1752841106263,0.208955223880597,0.26666666666666666,4
6,1752841106364,0.22388059701492538,0.6,4
6,1752841106465,0.208955223880597,0.3333333333333333,4
6,1752841106566,0.22388059701492538,0.26666666666666666,4
6,1752841106667,0.22388059701492538,0.4,4
6,1752841106768,0.2537313432835821,0.26666666666666666,4
6,1752841106869,0.22388059701492538,0.26666666666666666,4
6,1752841106970,0.23880597014925373,0.13333333333333333,4
6,1752841107071,0.2537313432835821,0.5333333333333333,4
6,1752841107171,0.208955223880597,0.4,4
6,1752841107272,0.23880597014925373,0.3333333333333333,4
6,1752841107373,0.2537313432835821,0.4,4
6,1752841107474,0.23880597014925373,0.4,4
6,1752841107575,0.22388059701492538,0.26666666666666666,4
6,1752841107676,0.23880597014925373,0.3333333333333333,4
6,1752841107777,0.23880597014925373,0.5333333333333333,4
6,1752841107878,0.23880597014925373,0.4,4
6,1752841107978,0.22388059701492538,0.3333333333333333,4
6,1752841108079,0.22388059701492538,0.4,4
6,1752841108180,0.22388059701492538,0.3333333333333333,4
6,1752841108281,0.23880597014925373,0.3333333333333333,4
6,1752841108382,0.22388059701492538,0.4,4
6,1752841108483,0.22388059701492538,0.5333333333333333,4
6,1752841108583,0.208955223880597,0.26666666666666666,4
6,1752841108684,0.22388059701492538,0.3333333333333333,4
6,1752841108785,0.208955223880597,0.3333333333333333,4
6,1752841108886,0.208955223880597,0.3333333333333333,4
6,1752841108987,0.19402985074626866,0.26666666666666666,4
6,1752841109088,0.19402985074626866,0.6,4
6,1752841109189,0.19402985074626866,0.6,4
6,1752841109290,0.208955223880597,0.26666666666666666,4
6,1752841109391,0.208955223880597,0.3333333333333333,4
6,1752841109491,0.208955223880597,0.3333333333333333,4
6,1752841109592,0.208955223880597,0.2,4
6,1752841109693,0.22388059701492538,0.3333333333333333,4
6,1752841109794,0.22388059701492538,0.5333333333333333,4
6,1752841109895,0.22388059701492538,0.6,4
6,1752841109996,0.22388059701492538,0.4,4
6,1752841110097,0.23880597014925373,0.4,4
6,1752841110198,0.23880597014925373,0.3333333333333333,4
6,1752841110298,0.23880597014925373,0.3333333333333333,4
6,1752841110399,0.22388059701492538,0.3333333333333333,4
6,1752841110500,0.22388059701492538,0.4666666666666667,4
6,1752841110601,0.23880597014925373,0.5333333333333333,4
6,1752841110702,0.19402985074626866,0.4,4
6,1752841110803,0.208955223880597,0.4,4
6,1752841110904,0.22388059701492538,0.3333333333333333,4
6,1752841111005,0.22388059701492538,0.26666666666666666,4
6,1752841111105,0.208955223880597,0.26666666666666666,4
6,1752841111206,0.208955223880597,0.5333333333333333,4
6,1752841111308,0.19402985074626866,0.5333333333333333,4
6,1752841111408,0.208955223880597,0.3333333333333333,4
6,1752841111509,0.208955223880597,0.3333333333333333,4
6,1752841111610,0.19402985074626866,0.3333333333333333,4
6,1752841111711,0.19402985074626866,0.26666666666666666,4
6,1752841111812,0.19402985074626866,0.3333333333333333,4
6,1752841111913,0.208955223880597,0.6666666666666666,4
6,1752841112013,0.208955223880597,0.4,4
6,1752841112114,0.208955223880597,0.4,4
6,1752841112215,0.22388059701492538,0.4,4
6,1752841112316,0.22388059701492538,0.3333333333333333,4
6,1752841112417,0.2537313432835821,0.3333333333333333,4
6,1752841112518,0.22388059701492538,0.3333333333333333,4
6,1752841112619,0.23880597014925373,0.6,4
6,1752841112720,0.26865671641791045,0.3333333333333333,4
6,1752841112821,0.22388059701492538,0.3333333333333333,4
6,1752841112921,0.23880597014925373,0.4,4
6,1752841113023,0.22388059701492538,0.3333333333333333,4
6,1752841113123,0.22388059701492538,0.4,4
6,1752841113224,0.22388059701492538,0.26666666666666666,4
6,1752841113325,0.208955223880597,0.7333333333333333,4
6,1752841113426,0.22388059701492538,0.4666666666666667,4
6,1752841113526,0.208955223880597,0.3333333333333333,4
6,1752841113628,0.208955223880597,0.4,4
6,1752841113728,0.208955223880597,0.2,4
6,1752841113829,0.19402985074626866,0.3333333333333333,4
6,1752841113930,0.19402985074626866,0.3333333333333333,4
6,1752841114031,0.19402985074626866,0.6,4
6,1752841114132,0.19402985074626866,0.4,4
6,1752841114233,0.19402985074626866,0.3333333333333333,4
6,1752841114334,0.19402985074626866,0.4,4
6,1752841114435,0.19402985074626866,0.26666666666666666,4
6,1752841114536,0.19402985074626866,0.2,4
6,1752841114636,0.22388059701492538,0.4,4
6,1752841114737,0.1791044776119403,0.4666666666666667,4
6,1752841114838,0.208955223880597,0.26666666666666666,4
6,1752841114939,0.23880597014925373,0.2,4
6,1752841115040,0.22388059701492538,0.3333333333333333,4
6,1752841115141,0.22388059701492538,0.2,4
6,1752841115242,0.22388059701492538,0.2,4
6,1752841115342,0.22388059701492538,0.4,4
6,1752841115444,0.23880597014925373,0.6,4
6,1752841115544,0.22388059701492538,0.26666666666666666,4
6,1752841115645,0.22388059701492538,0.26666666666666666,4
6,1752841115746,0.19402985074626866,0.26666666666666666,4
6,1752841115847,0.208955223880597,0.26666666666666666,4
6,1752841115948,0.19402985074626866,0.26666666666666666,4
6,1752841116049,0.208955223880597,0.26666666666666666,4
6,1752841116149,0.208955223880597,0.5333333333333333,4
6,1752841116251,0.19402985074626866,0.26666666666666666,4
6,1752841116351,0.19402985074626866,0.3333333333333333,4
6,1752841116453,0.1791044776119403,0.3333333333333333,4
6,1752841116553,0.1791044776119403,0.3333333333333333,4
6,1752841116654,0.1791044776119403,0.26666666666666666,4
6,1752841116755,0.1791044776119403,0.26666666666666666,4
6,1752841116856,0.19402985074626866,0.6,4
6,1752841116957,0.19402985074626866,0.26666666666666666,4
6,1752841117057,0.1791044776119403,0.3333333333333333,4
6,1752841117158,0.19402985074626866,0.3333333333333333,4
6,1752841117259,0.19402985074626866,0.26666666666666666,4
6,1752841117360,0.208955223880597,0.26666666666666666,4
6,1752841117461,0.208955223880597,0.4666666666666667,4
6,1752841117562,0.22388059701492538,0.4,4
6,1752841117663,0.22388059701492538,0.3333333333333333,4
6,1752841117764,0.208955223880597,0.4666666666666667,4
6,1752841117865,0.208955223880597,0.3333333333333333,4
6,1752841117966,0.208955223880597,0.3333333333333333,4
6,1752841118066,0.208955223880597,0.4,4
6,1752841118167,0.208955223880597,0.5333333333333333,4
6,1752841118268,0.23880597014925373,0.4666666666666667,4
6,1752841118369,0.208955223880597,0.4666666666666667,4
6,1752841118470,0.208955223880597,0.3333333333333333,4
6,1752841118571,0.208955223880597,0.26666666666666666,4
6,1752841118671,0.1791044776119403,0.3333333333333333,4
6,1752841118773,0.1791044776119403,0.3333333333333333,4
6,1752841118874,0.1791044776119403,0.4666666666666667,4
6,1752841118974,0.1791044776119403,0.4666666666666667,4
6,1752841119075,0.19402985074626866,0.26666666666666666,4
6,1752841119176,0.1791044776119403,0.3333333333333333,4
6,1752841119277,0.1791044776119403,0.3333333333333333,4
6,1752841119378,0.1791044776119403,0.3333333333333333,4
6,1752841119479,0.1791044776119403,0.3333333333333333,4
6,1752841119580,0.19402985074626866,0.4666666666666667,4
6,1752841119680,0.19402985074626866,0.4666666666666667,4
6,1752841119781,0.19402985074626866,0.26666666666666666,4
6,1752841119882,0.19402985074626866,0.4,4
6,1752841119983,0.19402985074626866,0.3333333333333333,4
6,1752841120084,0.208955223880597,0.3333333333333333,4
6,1752841120185,0.208955223880597,0.3333333333333333,4
6,1752841120286,0.22388059701492538,0.5333333333333333,4
6,1752841120387,0.22388059701492538,0.5333333333333333,4
6,1752841120487,0.208955223880597,0.26666666666666666,4
6,1752841120588,0.208955223880597,0.3333333333333333,4
6,1752841120689,0.19402985074626866,0.3333333333333333,4
6,1752841120790,0.208955223880597,0.4,4
6,1752841120891,0.19402985074626866,0.3333333333333333,4
6,1752841120992,0.19402985074626866,0.6666666666666666,4
6,1752841121093,0.19402985074626866,0.4,4
6,1752841121194,0.1791044776119403,0.26666666666666666,4
6,1752841121294,0.19402985074626866,0.3333333333333333,4
6,1752841121395,0.1791044776119403,0.3333333333333333,4
6,1752841121496,0.1791044776119403,0.26666666666666666,4
6,1752841121597,0.1791044776119403,0.3333333333333333,4
6,1752841121698,0.1791044776119403,0.4666666666666667,4
6,1752841121799,0.19402985074626866,0.5333333333333333,4
6,1752841121900,0.1791044776119403,0.3333333333333333,4
6,1752841122001,0.19402985074626866,0.26666666666666666,4
6,1752841122101,0.1791044776119403,0.4,4
6,1752841122202,0.19402985074626866,0.2,4
6,1752841122303,0.22388059701492538,0.3333333333333333,4
6,1752841122404,0.16417910447761194,0.26666666666666666,4
6,1752841122505,0.1791044776119403,0.5333333333333333,4
6,1752841122606,0.19402985074626866,0.3333333333333333,4
6,1752841122707,0.19402985074626866,0.4,4
6,1752841122808,0.208955223880597,0.3333333333333333,4
6,1752841122908,0.208955223880597,0.3333333333333333,4
6,1752841123009,0.208955223880597,0.3333333333333333,4
6,1752841123110,0.208955223880597,0.6,4
6,1752841123211,0.208955223880597,0.5333333333333333,4
6,1752841123312,0.19402985074626866,0.3333333333333333,4
6,1752841123413,0.208955223880597,0.4,4
6,1752841123514,0.19402985074626866,0.3333333333333333,4
6,1752841123615,0.1791044776119403,0.2,4
6,1752841123716,0.208955223880597,0.26666666666666666,4
6,1752841123817,0.1791044776119403,0.6666666666666666,4
6,1752841123917,0.1791044776119403,0.6,4
6,1752841124018,0.208955223880597,0.26666666666666666,4
6,1752841124119,0.1791044776119403,0.4,4
6,1752841124220,0.1791044776119403,0.4,4
6,1752841124321,0.1791044776119403,0.2,4
6,1752841124422,0.1791044776119403,0.3333333333333333,4
6,1752841124523,0.16417910447761194,0.4666666666666667,4
6,1752841124624,0.1791044776119403,0.6666666666666666,4
6,1752841124725,0.1791044776119403,0.3333333333333333,4
6,1752841124825,0.1791044776119403,0.3333333333333333,4
6,1752841124926,0.1791044776119403,0.4,4
6,1752841125027,0.1791044776119403,0.3333333333333333,4
6,1752841125128,0.1791044776119403,0.26666666666666666,4
6,1752841125229,0.19402985074626866,0.3333333333333333,4
6,1752841125330,0.19402985074626866,0.6666666666666666,4
6,1752841125431,0.208955223880597,0.4,4
6,1752841125532,0.208955223880597,0.4,4
6,1752841125632,0.208955223880597,0.4,4
6,1752841125733,0.19402985074626866,0.26666666666666666,4
6,1752841125834,0.19402985074626866,0.3333333333333333,4
6,1752841125935,0.19402985074626866,0.26666666666666666,4
6,1752841126036,0.19402985074626866,0.6666666666666666,4
6,1752841126137,0.208955223880597,0.26666666666666666,4
6,1752841126238,0.19402985074626866,0.4,4
6,1752841126339,0.16417910447761194,0.4,4
6,1752841126440,0.16417910447761194,0.26666666666666666,4
6,1752841126540,0.16417910447761194,0.3333333333333333,4
6,1752841126642,0.14925373134328357,0.3333333333333333,4
6,1752841126742,0.16417910447761194,0.7333333333333333,4
6,1752841126843,0.16417910447761194,0.4,4
6,1752841126944,0.16417910447761194,0.26666666666666666,4
6,1752841127045,0.16417910447761194,0.4,4
6,1752841127146,0.16417910447761194,0.26666666666666666,4
6,1752841127247,0.16417910447761194,0.26666666666666666,4
6,1752841127347,0.16417910447761194,0.26666666666666666,4
6,1752841127448,0.1791044776119403,0.6,4
6,1752841127549,0.1791044776119403,0.4666666666666667,4
6,1752841127650,0.1791044776119403,0.2,4
6,1752841127751,0.1791044776119403,0.4,4
6,1752841127852,0.19402985074626866,0.3333333333333333,4
6,1752841127953,0.22388059701492538,0.26666666666666666,4
6,1752841128054,0.19402985074626866,0.3333333333333333,4
6,1752841128154,0.1791044776119403,0.6,4
6,1752841128255,0.1791044776119403,0.6,4
6,1752841128356,0.19402985074626866,0.26666666666666666,4
6,1752841128457,0.19402985074626866,0.4666666666666667,4
6,1752841128558,0.19402985074626866,0.4,4
6,1752841128659,0.19402985074626866,0.2,4
6,1752841128759,0.19402985074626866,0.3333333333333333,4
6,1752841128860,0.1791044776119403,0.4666666666666667,4
6,1752841128961,0.1791044776119403,0.6666666666666666,4
6,1752841129062,0.16417910447761194,0.26666666666666666,4
6,1752841129163,0.16417910447761194,0.3333333333333333,4
6,1752841129264,0.16417910447761194,0.3333333333333333,4
6,1752841129365,0.16417910447761194,0.26666666666666666,4
6,1752841129466,0.16417910447761194,0.26666666666666666,4
6,1752841129567,0.14925373134328357,0.3333333333333333,4
6,1752841129667,0.16417910447761194,0.6666666666666666,4
6,1752841129768,0.16417910447761194,0.4666666666666667,4
6,1752841129869,0.1791044776119403,0.3333333333333333,4
6,1752841129970,0.208955223880597,0.4,4
6,1752841130071,0.16417910447761194,0.26666666666666666,4
6,1752841130172,0.1791044776119403,0.2,4
6,1752841130273,0.19402985074626866,0.13333333333333333,4
6,1752841130374,0.16417910447761194,0.7333333333333333,4
6,1752841130474,0.19402985074626866,0.3333333333333333,4
6,1752841130575,0.1791044776119403,0.3333333333333333,4
6,1752841130676,0.1791044776119403,0.4666666666666667,4
6,1752841130777,0.19402985074626866,0.26666666666666666,4
6,1752841130878,0.1791044776119403,0.26666666666666666,4
6,1752841130979,0.19402985074626866,0.3333333333333333,4
6,1752841131080,0.19402985074626866,0.8,4
6,1752841131181,0.19402985074626866,0.4,4
6,1752841131281,0.1791044776119403,0.3333333333333333,4
6,1752841131382,0.1791044776119403,0.4,4
6,1752841131483,0.1791044776119403,0.26666666666666666,4
6,1752841131584,0.1791044776119403,0.26666666666666666,4
6,1752841131685,0.1791044776119403,0.26666666666666666,4
6,1752841131786,0.1791044776119403,0.6,4
6,1752841131887,0.19402985074626866,0.5333333333333333,4
6,1752841131988,0.16417910447761194,0.2,4
6,1752841132088,0.16417910447761194,0.5333333333333333,4
6,1752841132190,0.14925373134328357,0.26666666666666666,4
6,1752841132291,0.16417910447761194,0.26666666666666666,4
6,1752841132391,0.16417910447761194,0.26666666666666666,4
6,1752841132492,0.14925373134328357,0.26666666666666666,4
6,1752841132593,0.16417910447761194,0.6666666666666666,4
6,1752841132694,0.16417910447761194,0.3333333333333333,4
6,1752841132795,0.16417910447761194,0.3333333333333333,4
6,1752841132896,0.1791044776119403,0.3333333333333333,4
6,1752841132996,0.1791044776119403,0.3333333333333333,4
6,1752841133097,0.1791044776119403,0.2,4
6,1752841133198,0.1791044776119403,0.4,4
6,1752841133299,0.19402985074626866,0.7333333333333333,4
6,1752841133400,0.1791044776119403,0.3333333333333333,4
6,1752841133501,0.19402985074626866,0.3333333333333333,4
6,1752841133602,0.19402985074626866,0.3333333333333333,4
6,1752841133703,0.1791044776119403,0.26666666666666666,4
6,1752841133804,0.1791044776119403,0.26666666666666666,4
6,1752841133904,0.19402985074626866,0.3333333333333333,4
6,1752841134005,0.16417910447761194,0.6666666666666666,4
6,1752841134106,0.14925373134328357,0.5333333333333333,4
6,1752841134207,0.13432835820895522,0.26666666666666666,4
6,1752841134308,0.14925373134328357,0.3333333333333333,4
6,1752841134409,0.16417910447761194,0.3333333333333333,4
6,1752841134510,0.14925373134328357,0.26666666666666666,4
6,1752841134611,0.14925373134328357,0.2,4
6,1752841134712,0.14925373134328357,0.26666666666666666,4
6,1752841134812,0.14925373134328357,0.7333333333333333,4
6,1752841134913,0.14925373134328357,0.3333333333333333,4
6,1752841135014,0.16417910447761194,0.3333333333333333,4
6,1752841135115,0.14925373134328357,0.4,4
6,1752841135216,0.14925373134328357,0.2,4
6,1752841135317,0.16417910447761194,0.26666666666666666,4
6,1752841135418,0.1791044776119403,0.26666666666666666,4
6,1752841135518,0.16417910447761194,0.7333333333333333,4
6,1752841135619,0.1791044776119403,0.3333333333333333,4
6,1752841135720,0.1791044776119403,0.26666666666666666,4
6,1752841135821,0.1791044776119403,0.4666666666666667,4
6,1752841135922,0.1791044776119403,0.3333333333333333,4
6,1752841136023,0.19402985074626866,0.26666666666666666,4
6,1752841136124,0.1791044776119403,0.26666666666666666,4
6,1752841136225,0.1791044776119403,0.7333333333333333,4
6,1752841136326,0.16417910447761194,0.4666666666666667,4
6,1752841136426,0.16417910447761194,0.3333333333333333,4
6,1752841136527,0.16417910447761194,0.5333333333333333,4
6,1752841136628,0.1791044776119403,0.26666666666666666,4
6,1752841136729,0.16417910447761194,0.3333333333333333,4
6,1752841136830,0.16417910447761194,0.26666666666666666,4
6,1752841136931,0.16417910447761194,0.3333333333333333,4
6,1752841137032,0.16417910447761194,0.6666666666666666,4
6,1752841137133,0.16417910447761194,0.4,4
6,1752841137234,0.16417910447761194,0.26666666666666666,4
6,1752841137334,0.16417910447761194,0.3333333333333333,4
6,1752841137435,0.14925373134328357,0.3333333333333333,4
6,1752841137536,0.14925373134328357,0.3333333333333333,4
6,1752841137637,0.14925373134328357,0.2,4
6,1752841137738,0.14925373134328357,0.5333333333333333,4
6,1752841137839,0.14925373134328357,0.4666666666666667,4
6,1752841137940,0.16417910447761194,0.2,4
6,1752841138041,0.16417910447761194,0.4,4
6,1752841138141,0.1791044776119403,0.26666666666666666,4
6,1752841138242,0.16417910447761194,0.3333333333333333,4
6,1752841138343,0.1791044776119403,0.4,4
6,1752841138444,0.1791044776119403,0.7333333333333333,4
6,1752841138545,0.19402985074626866,0.3333333333333333,4
6,1752841138646,0.19402985074626866,0.4,4
6,1752841138747,0.1791044776119403,0.3333333333333333,4
6,1752841138848,0.1791044776119403,0.26666666666666666,4
6,1752841138949,0.1791044776119403,0.3333333333333333,4
6,1752841139049,0.1791044776119403,0.4,4
6,1752841139150,0.1791044776119403,0.8,4
6,1752841139251,0.1791044776119403,0.26666666666666666,4
6,1752841139352,0.1791044776119403,0.3333333333333333,4
6,1752841139453,0.16417910447761194,0.4666666666666667,4
6,1752841139554,0.19402985074626866,0.13333333333333333,4
6,1752841139655,0.14925373134328357,0.3333333333333333,4
6,1752841139756,0.16417910447761194,0.26666666666666666,4
6,1752841139856,0.14925373134328357,0.6,4
6,1752841139957,0.16417910447761194,0.2,4
6,1752841140058,0.16417910447761194,0.3333333333333333,4
6,1752841140159,0.14925373134328357,0.4,4
6,1752841140260,0.14925373134328357,0.2,4
6,1752841140361,0.16417910447761194,0.26666666666666666,4
6,1752841140462,0.1791044776119403,0.7333333333333333,4
6,1752841140562,0.1791044776119403,0.4666666666666667,4
6,1752841140663,0.16417910447761194,0.2,4
6,1752841140764,0.1791044776119403,0.4,4
6,1752841140865,0.1791044776119403,0.3333333333333333,4
6,1752841140966,0.1791044776119403,0.26666666666666666,4
6,1752841141067,0.1791044776119403,0.26666666666666666,4
6,1752841141168,0.1791044776119403,0.6,4
6,1752841141269,0.1791044776119403,0.6,4
6,1752841141370,0.19402985074626866,0.4,4
6,1752841141470,0.16417910447761194,0.3333333333333333,4
6,1752841141571,0.16417910447761194,0.4,4
6,1752841141672,0.1791044776119403,0.2,4
6,1752841141773,0.1791044776119403,0.26666666666666666,4
6,1752841141874,0.1791044776119403,0.2,4
6,1752841141975,0.16417910447761194,0.7333333333333333,4
6,1752841142076,0.14925373134328357,0.4,4
6,1752841142177,0.14925373134328357,0.26666666666666666,4
6,1752841142278,0.14925373134328357,0.3333333333333333,4
6,1752841142378,0.14925373134328357,0.2,4
6,1752841142479,0.14925373134328357,0.2,4
6,1752841142580,0.14925373134328357,0.2,4
6,1752841142681,0.14925373134328357,0.6666666666666666,4
6,1752841142782,0.13432835820895522,0.2,4
6,1752841142883,0.13432835820895522,0.2,4
6,1752841142984,0.14925373134328357,0.3333333333333333,4
6,1752841143085,0.14925373134328357,0.26666666666666666,4
6,1752841143186,0.14925373134328357,0.26666666666666666,4
6,1752841143286,0.16417910447761194,0.2,4
6,1752841143387,0.16417910447761194,0.4666666666666667,4
6,1752841143488,0.1791044776119403,0.4666666666666667,4
6,1752841143589,0.16417910447761194,0.2,4
6,1752841143690,0.16417910447761194,0.3333333333333333,4
6,1752841143791,0.16417910447761194,0.3333333333333333,4
6,1752841143892,0.16417910447761194,0.26666666666666666,4
6,1752841143992,0.14925373134328357,0.4,4
6,1752841144093,0.14925373134328357,0.26666666666666666,4
6,1752841144194,0.14925373134328357,0.4666666666666667,4
6,1752841144295,0.14925373134328357,0.4,4
6,1752841144396,0.16417910447761194,0.26666666666666666,4
6,1752841144497,0.14925373134328357,0.3333333333333333,4
6,1752841144598,0.14925373134328357,0.3333333333333333,4
6,1752841144699,0.13432835820895522,0.26666666666666666,4
6,1752841144800,0.13432835820895522,0.26666666666666666,4
6,1752841144900,0.11940298507462686,0.4666666666666667,4
6,1752841145002,0.13432835820895522,0.4,4
6,1752841145103,0.13432835820895522,0.3333333333333333,4
6,1752841145203,0.13432835820895522,0.4666666666666667,4
6,1752841145304,0.14925373134328357,0.3333333333333333,4
6,1752841145405,0.16417910447761194,0.3333333333333333,4
6,1752841145506,0.11940298507462686,0.3333333333333333,4
6,1752841145607,0.13432835820895522,0.5333333333333333,4
6,1752841145707,0.14925373134328357,0.4666666666666667,4
6,1752841145808,0.14925373134328357,0.3333333333333333,4
6,1752841145909,0.16417910447761194,0.26666666666666666,4
6,1752841146010,0.13432835820895522,0.4,4
6,1752841146111,0.14925373134328357,0.26666666666666666,4
6,1752841146212,0.16417910447761194,0.3333333333333333,4
6,1752841146313,0.14925373134328357,0.4,4
6,1752841146414,0.14925373134328357,0.5333333333333333,4
6,1752841146515,0.16417910447761194,0.4,4
6,1752841146616,0.13432835820895522,0.4,4
6,1752841146717,0.16417910447761194,0.3333333333333333,4
6,1752841146817,0.14925373134328357,0.26666666666666666,4
6,1752841146918,0.13432835820895522,0.3333333333333333,4
6,1752841147019,0.14925373134328357,0.4,4
6,1752841147120,0.13432835820895522,0.5333333333333333,4
6,1752841147221,0.14925373134328357,0.26666666666666666,4
6,1752841147321,0.14925373134328357,0.4,4
6,1752841147422,0.11940298507462686,0.3333333333333333,4
6,1752841147523,0.11940298507462686,0.3333333333333333,4
6,1752841147625,0.11940298507462686,0.26666666666666666,4
6,1752841147725,0.11940298507462686,0.5333333333333333,4
6,1752841147826,0.11940298507462686,0.4666666666666667,4
6,1752841147927,0.11940298507462686,0.3333333333333333,4
6,1752841148028,0.11940298507462686,0.4,4
6,1752841148129,0.13432835820895522,0.3333333333333333,4
6,1752841148229,0.11940298507462686,0.26666666666666666,4
6,1752841148331,0.11940298507462686,0.3333333333333333,4
6,1752841148431,0.13432835820895522,0.6,4
6,1752841148532,0.16417910447761194,0.4666666666666667,4
6,1752841148633,0.13432835820895522,0.4,4
6,1752841148734,0.16417910447761194,0.3333333333333333,4
6,1752841148835,0.13432835820895522,0.4,4
6,1752841148936,0.16417910447761194,0.26666666666666666,4
6,1752841149037,0.14925373134328357,0.4,4
6,1752841149138,0.16417910447761194,0.6,4
6,1752841149238,0.14925373134328357,0.4666666666666667,4
6,1752841149339,0.14925373134328357,0.26666666666666666,4
6,1752841149440,0.11940298507462686,0.4666666666666667,4
6,1752841149541,0.14925373134328357,0.26666666666666666,4
6,1752841149642,0.13432835820895522,0.4,4
6,1752841149743,0.13432835820895522,0.3333333333333333,4
6,1752841149844,0.13432835820895522,0.4,4
6,1752841149944,0.11940298507462686,0.6,4
6,1752841150045,0.1044776119402985,0.3333333333333333,4
6,1752841150146,0.11940298507462686,0.3333333333333333,4
6,1752841150247,0.11940298507462686,0.4,4
6,1752841150348,0.11940298507462686,0.26666666666666666,4
6,1752841150449,0.11940298507462686,0.3333333333333333,4
6,1752841150550,0.11940298507462686,0.26666666666666666,4
6,1752841150651,0.11940298507462686,0.6666666666666666,4
6,1752841150751,0.11940298507462686,0.4,4
6,1752841150852,0.1044776119402985,0.26666666666666666,4
6,1752841150953,0.13432835820895522,0.3333333333333333,4
6,1752841151054,0.11940298507462686,0.26666666666666666,4
6,1752841151155,0.11940298507462686,0.26666666666666666,4
6,1752841151256,0.08955223880597014,0.2,4
6,1752841151357,0.13432835820895522,0.6,4
6,1752841151458,0.13432835820895522,0.4666666666666667,4
6,1752841151559,0.14925373134328357,0.3333333333333333,4
6,1752841151659,0.14925373134328357,0.4,4
6,1752841151760,0.14925373134328357,0.26666666666666666,4
6,1752841151861,0.14925373134328357,0.26666666666666666,4
6,1752841151962,0.14925373134328357,0.4,4
6,1752841152063,0.14925373134328357,0.6,4
6,1752841152164,0.13432835820895522,0.4666666666666667,4
6,1752841152265,0.14925373134328357,0.26666666666666666,4
6,1752841152366,0.14925373134328357,0.3333333333333333,4
6,1752841152466,0.11940298507462686,0.26666666666666666,4
6,1752841152567,0.13432835820895522,0.26666666666666666,4
6,1752841152668,0.11940298507462686,0.3333333333333333,4
6,1752841152769,0.08955223880597014,0.3333333333333333,4
6,1752841152870,0.11940298507462686,0.6,4
6,1752841152971,0.08955223880597014,0.4666666666666667,4
6,1752841153072,0.1044776119402985,0.3333333333333333,4
6,1752841153173,0.11940298507462686,0.26666666666666666,4
6,1752841153273,0.11940298507462686,0.3333333333333333,4
6,1752841153374,0.1044776119402985,0.26666666666666666,4
6,1752841153475,0.11940298507462686,0.3333333333333333,4
6,1752841153576,0.11940298507462686,0.5333333333333333,4
6,1752841153677,0.11940298507462686,0.4666666666666667,4
6,1752841153778,0.11940298507462686,0.26666666666666666,4
6,1752841153879,0.11940298507462686,0.3333333333333333,4
6,1752841153980,0.13432835820895522,0.26666666666666666,4
6,1752841154081,0.13432835820895522,0.26666666666666666,4
6,1752841154182,0.13432835820895522,0.26666666666666666,4
6,1752841154282,0.13432835820895522,0.4,4
6,1752841154383,0.14925373134328357,0.6,4
6,1752841154484,0.13432835820895522,0.3333333333333333,4
6,1752841154585,0.13432835820895522,0.3333333333333333,4
6,1752841154686,0.13432835820895522,0.3333333333333333,4
6,1752841154787,0.13432835820895522,0.3333333333333333,4
6,1752841154888,0.14925373134328357,0.3333333333333333,4
6,1752841154988,0.13432835820895522,0.3333333333333333,4
6,1752841155089,0.11940298507462686,0.5333333333333333,4
6,1752841155190,0.11940298507462686,0.4666666666666667,4
6,1752841155291,0.1044776119402985,0.26666666666666666,4
6,1752841155392,0.13432835820895522,0.4666666666666667,4
6,1752841155493,0.13432835820895522,0.4,4
6,1752841155594,0.11940298507462686,0.26666666666666666,4
6,1752841155695,0.1044776119402985,0.26666666666666666,4
6,1752841155796,0.1044776119402985,0.5333333333333333,4
6,1752841155896,0.1044776119402985,0.5333333333333333,4
6,1752841155997,0.11940298507462686,0.3333333333333333,4
6,1752841156099,0.1044776119402985,0.4,4
6,1752841156199,0.11940298507462686,0.4,4
6,1752841156300,0.1044776119402985,0.26666666666666666,4
6,1752841156401,0.1044776119402985,0.4,4
6,1752841156502,0.13432835820895522,0.4666666666666667,4
6,1752841156603,0.11940298507462686,0.6,4
6,1752841156704,0.14925373134328357,0.26666666666666666,4
6,1752841156804,0.13432835820895522,0.4,4
6,1752841156906,0.13432835820895522,0.3333333333333333,4
6,1752841157006,0.13432835820895522,0.26666666666666666,4
6,1752841157107,0.13432835820895522,0.3333333333333333,4
6,1752841157208,0.13432835820895522,0.4,4
6,1752841157309,0.14925373134328357,0.8,4
6,1752841157410,0.13432835820895522,0.26666666666666666,4
6,1752841157511,0.11940298507462686,0.4666666666666667,4
6,1752841157612,0.13432835820895522,0.3333333333333333,4
6,1752841157712,0.11940298507462686,0.3333333333333333,4
6,1752841157813,0.13432835820895522,0.3333333333333333,4
6,1752841157914,0.11940298507462686,0.3333333333333333,4
6,1752841158015,0.11940298507462686,0.6666666666666666,4
6,1752841158116,0.11940298507462686,0.4666666666666667,4
6,1752841158216,0.1044776119402985,0.26666666666666666,4
6,1752841158317,0.1044776119402985,0.4,4
6,1752841158418,0.1044776119402985,0.3333333333333333,4
6,1752841158519,0.1044776119402985,0.26666666666666666,4
6,1752841158620,0.1044776119402985,0.3333333333333333,4
6,1752841158721,0.13432835820895522,0.7333333333333333,4
6,1752841158822,0.08955223880597014,0.4666666666666667,4
6,1752841158923,0.13432835820895522,0.4,4
6,1752841159024,0.11940298507462686,0.3333333333333333,4
6,1752841159125,0.1044776119402985,0.26666666666666666,4
6,1752841159225,0.11940298507462686,0.13333333333333333,4
6,1752841159326,0.11940298507462686,0.4,4
6,1752841159428,0.11940298507462686,0.4,4
6,1752841159528,0.11940298507462686,0.7333333333333333,4
6,1752841159629,0.13432835820895522,0.3333333333333333,4
6,1752841159730,0.11940298507462686,0.3333333333333333,4
6,1752841159831,0.13432835820895522,0.3333333333333333,4
6,1752841159932,0.13432835820895522,0.26666666666666666,4
6,1752841160032,0.13432835820895522,0.26666666666666666,4
6,1752841160133,0.13432835820895522,0.26666666666666666,4
6,1752841160234,0.13432835820895522,0.4,4
6,1752841160335,0.14925373134328357,0.6666666666666666,4
6,1752841160436,0.11940298507462686,0.3333333333333333,4
6,1752841160537,0.14925373134328357,0.3333333333333333,4
6,1752841160638,0.11940298507462686,0.3333333333333333,4
6,1752841160739,0.11940298507462686,0.2,4
6,1752841160840,0.11940298507462686,0.26666666666666666,4
6,1752841160940,0.08955223880597014,0.4,4
6,1752841161041,0.1044776119402985,0.4666666666666667,4
6,1752841161142,0.1044776119402985,0.6,4
6,1752841161243,0.1044776119402985,0.2,4
6,1752841161344,0.1044776119402985,0.3333333333333333,4
6,1752841161445,0.08955223880597014,0.3333333333333333,4
6,1752841161546,0.1044776119402985,0.26666666666666666,4
6,1752841161647,0.1044776119402985,0.26666666666666666,4
6,1752841161747,0.08955223880597014,0.3333333333333333,4
6,1752841161848,0.1044776119402985,0.5333333333333333,4
6,1752841161949,0.13432835820895522,0.4,4
6,1752841162050,0.1044776119402985,0.26666666666666666,4
6,1752841162151,0.11940298507462686,0.3333333333333333,4
6,1752841162252,0.11940298507462686,0.26666666666666666,4
6,1752841162353,0.11940298507462686,0.26666666666666666,4
6,1752841162454,0.16417910447761194,0.3333333333333333,4
6,1752841162554,0.08955223880597014,0.4,4
6,1752841162655,0.14925373134328357,0.5333333333333333,4
6,1752841162756,0.08955223880597014,0.26666666666666666,4
6,1752841162857,0.11940298507462686,0.26666666666666666,4
6,1752841162958,0.14925373134328357,0.2,4
6,1752841163059,0.11940298507462686,0.26666666666666666,4
6,1752841163160,0.13432835820895522,0.26666666666666666,4
6,1752841163261,0.11940298507462686,0.26666666666666666,4
6,1752841163362,0.11940298507462686,0.4666666666666667,4
6,1752841163463,0.1044776119402985,0.4666666666666667,4
6,1752841163563,0.1044776119402985,0.3333333333333333,4
6,1752841163664,0.1044776119402985,0.4,4
6,1752841163765,0.1044776119402985,0.4,4
6,1752841163866,0.1044776119402985,0.26666666666666666,4
6,1752841163967,0.08955223880597014,0.26666666666666666,4
6,1752841164068,0.08955223880597014,0.5333333333333333,4
6,1752841164169,0.1044776119402985,0.4666666666666667,4
6,1752841164270,0.08955223880597014,0.26666666666666666,4
6,1752841164371,0.1044776119402985,0.26666666666666666,4
6,1752841164471,0.1044776119402985,0.3333333333333333,4
6,1752841164572,0.11940298507462686,0.4,4
6,1752841164673,0.08955223880597014,0.3333333333333333,4
6,1752841164774,0.1044776119402985,0.3333333333333333,4
6,1752841164875,0.11940298507462686,0.6,4
6,1752841164976,0.11940298507462686,0.3333333333333333,4
6,1752841165076,0.11940298507462686,0.4,4
6,1752841165177,0.11940298507462686,0.4666666666666667,4
6,1752841165278,0.13432835820895522,0.3333333333333333,4
6,1752841165379,0.11940298507462686,0.26666666666666666,4
6,1752841165480,0.13432835820895522,0.3333333333333333,4
6,1752841165581,0.13432835820895522,0.6,4
6,1752841165682,0.11940298507462686,0.4,4
6,1752841165783,0.11940298507462686,0.26666666666666666,4
6,1752841165883,0.11940298507462686,0.4666666666666667,4
6,1752841165984,0.11940298507462686,0.3333333333333333,4
6,1752841166085,0.13432835820895522,0.2,4
6,1752841166186,0.11940298507462686,0.3333333333333333,4
6,1752841166287,0.1044776119402985,0.6666666666666666,4
6,1752841166388,0.11940298507462686,0.4666666666666667,4
6,1752841166489,0.1044776119402985,0.4666666666666667,4
6,1752841166590,0.1044776119402985,0.4,4
6,1752841166691,0.1044776119402985,0.3333333333333333,4
6,1752841166791,0.08955223880597014,0.3333333333333333,4
6,1752841166892,0.08955223880597014,0.4,4
6,1752841166993,0.08955223880597014,0.6666666666666666,4
6,1752841167094,0.08955223880597014,0.4,4
6,1752841167195,0.1044776119402985,0.3333333333333333,4
6,1752841167296,0.1044776119402985,0.4,4
6,1752841167397,0.1044776119402985,0.26666666666666666,4
6,1752841167498,0.1044776119402985,0.26666666666666666,4
6,1752841167599,0.11940298507462686,0.3333333333333333,4
6,1752841167699,0.11940298507462686,0.4666666666666667,4
6,1752841167801,0.11940298507462686,0.6,4
6,1752841167901,0.11940298507462686,0.3333333333333333,4
6,1752841168002,0.11940298507462686,0.4,4
6,1752841168103,0.11940298507462686,0.4,4
6,1752841168204,0.13432835820895522,0.2,4
6,1752841168305,0.11940298507462686,0.4,4
6,1752841168406,0.13432835820895522,0.4666666666666667,4
6,1752841168506,0.13432835820895522,0.6666666666666666,4
6,1752841168607,0.13432835820895522,0.4,4
6,1752841168708,0.11940298507462686,0.3333333333333333,4
6,1752841168809,0.1044776119402985,0.3333333333333333,4
6,1752841168910,0.11940298507462686,0.3333333333333333,4
6,1752841169011,0.1044776119402985,0.3333333333333333,4
6,1752841169112,0.1044776119402985,0.3333333333333333,4
6,1752841169213,0.1044776119402985,0.6666666666666666,4
6,1752841169313,0.08955223880597014,0.4,4
6,1752841169414,0.1044776119402985,0.26666666666666666,4
6,1752841169515,0.08955223880597014,0.4,4
6,1752841169616,0.08955223880597014,0.26666666666666666,4
6,1752841169717,0.08955223880597014,0.26666666666666666,4
6,1752841169818,0.1044776119402985,0.26666666666666666,4
6,1752841169919,0.1044776119402985,0.6666666666666666,4
6,1752841170020,0.11940298507462686,0.4,4
6,1752841170121,0.08955223880597014,0.2,4
6,1752841170222,0.1044776119402985,0.26666666666666666,4
6,1752841170322,0.07462686567164178,0.26666666666666666,4
6,1752841170423,0.1044776119402985,0.2,4
6,1752841170524,0.11940298507462686,0.3333333333333333,4
6,1752841170625,0.11940298507462686,0.7333333333333333,4
6,1752841170726,0.11940298507462686,0.3333333333333333,4
6,1752841170827,0.11940298507462686,0.4,4
6,1752841170928,0.11940298507462686,0.4,4
6,1752841171029,0.11940298507462686,0.26666666666666666,4
6,1752841171130,0.11940298507462686,0.4,4
6,1752841171230,0.11940298507462686,0.26666666666666666,4
6,1752841171331,0.11940298507462686,0.7333333333333333,4
6,1752841171432,0.1044776119402985,0.4,4
6,1752841171533,0.11940298507462686,0.4,4
6,1752841171634,0.08955223880597014,0.4,4
6,1752841171735,0.08955223880597014,0.26666666666666666,4
6,1752841171836,0.1044776119402985,0.26666666666666666,4
6,1752841171937,0.1044776119402985,0.26666666666666666,4
6,1752841172038,0.08955223880597014,0.5333333333333333,4
6,1752841172138,0.07462686567164178,0.5333333333333333,4
6,1752841172239,0.1044776119402985,0.2,4
6,1752841172340,0.1044776119402985,0.2,4
6,1752841172441,0.08955223880597014,0.3333333333333333,4
6,1752841172542,0.08955223880597014,0.2,4
6,1752841172643,0.08955223880597014,0.3333333333333333,4
6,1752841172744,0.08955223880597014,0.5333333333333333,4
6,1752841172844,0.1044776119402985,0.4666666666666667,4
6,1752841172945,0.1044776119402985,0.2,4
6,1752841173046,0.1044776119402985,0.4666666666666667,4
6,1752841173147,0.11940298507462686,0.3333333333333333,4
6,1752841173248,0.11940298507462686,0.26666666666666666,4
6,1752841173349,0.11940298507462686,0.4,4
6,1752841173450,0.11940298507462686,0.6666666666666666,4
6,1752841173550,0.11940298507462686,0.4666666666666667,4
6,1752841173652,0.14925373134328357,0.26666666666666666,4
6,1752841173753,0.11940298507462686,0.4,4
6,1752841173853,0.11940298507462686,0.26666666666666666,4
6,1752841173954,0.11940298507462686,0.26666666666666666,4
6,1752841174055,0.13432835820895522,0.3333333333333333,4
6,1752841174156,0.08955223880597014,0.6666666666666666,4
6,1752841174257,0.1044776119402985,0.5333333333333333,4
6,1752841174358,0.1044776119402985,0.3333333333333333,4
6,1752841174459,0.08955223880597014,0.3333333333333333,4
6,1752841174559,0.08955223880597014,0.3333333333333333,4
6,1752841174660,0.08955223880597014,0.26666666666666666,4
6,1752841174761,0.08955223880597014,0.2,4
6,1752841174862,0.07462686567164178,0.5333333333333333,4
6,1752841174963,0.08955223880597014,0.4666666666666667,4
6,1752841175064,0.1044776119402985,0.26666666666666666,4
6,1752841175165,0.08955223880597014,0.3333333333333333,4
6,1752841175266,0.08955223880597014,0.26666666666666666,4
6,1752841175366,0.08955223880597014,0.26666666666666666,4
6,1752841175467,0.08955223880597014,0.2,4
6,1752841175568,0.08955223880597014,0.6666666666666666,4
6,1752841175669,0.1044776119402985,0.3333333333333333,4
6,1752841175770,0.1044776119402985,0.2,4
6,1752841175871,0.11940298507462686,0.3333333333333333,4
6,1752841175972,0.1044776119402985,0.2,4
6,1752841176073,0.1044776119402985,0.26666666666666666,4
6,1752841176173,0.11940298507462686,0.4,4
6,1752841176274,0.1044776119402985,0.7333333333333333,4
6,1752841176375,0.1044776119402985,0.3333333333333333,4
6,1752841176476,0.11940298507462686,0.3333333333333333,4
6,1752841176577,0.1044776119402985,0.3333333333333333,4
6,1752841176678,0.11940298507462686,0.26666666666666666,4
6,1752841176779,0.1044776119402985,0.26666666666666666,4
6,1752841176880,0.1044776119402985,0.26666666666666666,4
6,1752841176981,0.08955223880597014,0.7333333333333333,4
6,1752841177081,0.08955223880597014,0.4,4
6,1752841177182,0.08955223880597014,0.26666666666666666,4
6,1752841177283,0.08955223880597014,0.3333333333333333,4
6,1752841177384,0.08955223880597014,0.26666666666666666,4
6,1752841177485,0.1044776119402985,0.26666666666666666,4
6,1752841177586,0.08955223880597014,0.26666666666666666,4
6,1752841177687,0.08955223880597014,0.6,4
6,1752841177788,0.08955223880597014,0.4,4
6,1752841177888,0.1044776119402985,0.26666666666666666,4
6,1752841177989,0.1044776119402985,0.4,4
6,1752841178090,0.07462686567164178,0.26666666666666666,4
6,1752841178191,0.11940298507462686,0.13333333333333333,4
6,1752841178292,0.08955223880597014,0.26666666666666666,4
6,1752841178393,0.08955223880597014,0.6,4
6,1752841178494,0.1044776119402985,0.26666666666666666,4
6,1752841178595,0.1044776119402985,0.3333333333333333,4
6,1752841178695,0.1044776119402985,0.3333333333333333,4
6,1752841178796,0.11940298507462686,0.26666666666666666,4
6,1752841178897,0.1044776119402985,0.26666666666666666,4
6,1752841178998,0.1044776119402985,0.26666666666666666,4
6,1752841179099,0.1044776119402985,0.6,4
6,1752841179200,0.11940298507462686,0.4,4
6,1752841179301,0.11940298507462686,0.2,4
6,1752841179402,0.1044776119402985,0.4,4
6,1752841179502,0.1044776119402985,0.26666666666666666,4
6,1752841179603,0.1044776119402985,0.2,4
6,1752841179704,0.08955223880597014,0.26666666666666666,4
6,1752841179805,0.08955223880597014,0.4666666666666667,4
6,1752841179906,0.08955223880597014,0.4666666666666667,4
6,1752841180007,0.07462686567164178,0.4,4
6,1752841180108,0.08955223880597014,0.26666666666666666,4
6,1752841180209,0.07462686567164178,0.26666666666666666,4
6,1752841180309,0.07462686567164178,0.26666666666666666,4
6,1752841180410,0.07462686567164178,0.3333333333333333,4
6,1752841180511,0.07462686567164178,0.4666666666666667,4
6,1752841180612,0.07462686567164178,0.3333333333333333,4
6,1752841180713,0.08955223880597014,0.2,4
6,1752841180814,0.08955223880597014,0.3333333333333333,4
6,1752841180915,0.1044776119402985,0.2,4
6,1752841181016,0.08955223880597014,0.3333333333333333,4
6,1752841181117,0.1044776119402985,0.3333333333333333,4
6,1752841181217,0.11940298507462686,0.5333333333333333,4
6,1752841181318,0.1044776119402985,0.4,4
6,1752841181419,0.1044776119402985,0.3333333333333333,4
6,1752841181520,0.11940298507462686,0.3333333333333333,4
6,1752841181621,0.08955223880597014,0.3333333333333333,4
6,1752841181722,0.11940298507462686,0.26666666666666666,4
6,1752841181823,0.1044776119402985,0.3333333333333333,4
6,1752841181924,0.11940298507462686,0.4,4
6,1752841182025,0.1044776119402985,0.6,4
6,1752841182126,0.1044776119402985,0.3333333333333333,4
6,1752841182226,0.1044776119402985,0.3333333333333333,4
6,1752841182327,0.1044776119402985,0.4,4
6,1752841182428,0.1044776119402985,0.3333333333333333,4
6,1752841182529,0.08955223880597014,0.3333333333333333,4
6,1752841182630,0.08955223880597014,0.4,4
6,1752841182731,0.08955223880597014,0.5333333333333333,4
6,1752841182832,0.08955223880597014,0.3333333333333333,4
6,1752841182933,0.08955223880597014,0.4,4
6,1752841183033,0.07462686567164178,0.3333333333333333,4
6,1752841183134,0.07462686567164178,0.4,4
6,1752841183235,0.08955223880597014,0.3333333333333333,4
6,1752841183336,0.08955223880597014,0.4666666666666667,4
6,1752841183437,0.08955223880597014,0.4666666666666667,4
6,1752841183538,0.08955223880597014,0.4,4
6,1752841183639,0.08955223880597014,0.4666666666666667,4
6,1752841183739,0.08955223880597014,0.4,4
6,1752841183840,0.08955223880597014,0.4,4
6,1752841183941,0.08955223880597014,0.3333333333333333,4
6,1752841184042,0.08955223880597014,0.3333333333333333,4
6,1752841184143,0.1044776119402985,0.6,4
6,1752841184244,0.1044776119402985,0.4666666666666667,4
6,1752841184345,0.11940298507462686,0.26666666666666666,4
6,1752841184446,0.1044776119402985,0.4,4
6,1752841184547,0.08955223880597014,0.3333333333333333,4
6,1752841184647,0.08955223880597014,0.2,4
6,1752841184749,0.1044776119402985,0.3333333333333333,4
6,1752841184849,0.1044776119402985,0.3333333333333333,4
6,1752841184950,0.1044776119402985,0.6,4
6,1752841185051,0.08955223880597014,0.3333333333333333,4
6,1752841185152,0.08955223880597014,0.3333333333333333,4
6,1752841185253,0.08955223880597014,0.4,4
6,1752841185353,0.08955223880597014,0.26666666666666666,4
6,1752841185455,0.08955223880597014,0.26666666666666666,4
6,1752841185556,0.08955223880597014,0.3333333333333333,4
6,1752841185656,0.1044776119402985,0.5333333333333333,4
6,1752841185757,0.05970149253731343,0.2,4
6,1752841185858,0.07462686567164178,0.3333333333333333,4
6,1752841185959,0.07462686567164178,0.3333333333333333,4
6,1752841186060,0.07462686567164178,0.26666666666666666,4
6,1752841186161,0.07462686567164178,0.3333333333333333,4
6,1752841186261,0.08955223880597014,0.26666666666666666,4
6,1752841186362,0.08955223880597014,0.5333333333333333,4
6,1752841186463,0.08955223880597014,0.3333333333333333,4
6,1752841186564,0.07462686567164178,0.2,4
6,1752841186665,0.1044776119402985,0.26666666666666666,4
6,1752841186766,0.1044776119402985,0.26666666666666666,4
6,1752841186867,0.1044776119402985,0.26666666666666666,4
6,1752841186968,0.1044776119402985,0.3333333333333333,4
6,1752841187068,0.1044776119402985,0.4666666666666667,4
6,1752841187170,0.11940298507462686,0.4,4
6,1752841187270,0.1044776119402985,0.4,4
6,1752841187371,0.08955223880597014,0.4666666666666667,4
6,1752841187472,0.1044776119402985,0.3333333333333333,4
6,1752841187573,0.1044776119402985,0.3333333333333333,4
6,1752841187674,0.08955223880597014,0.26666666666666666,4
6,1752841187775,0.07462686567164178,0.5333333333333333,4
6,1752841187876,0.08955223880597014,0.4,4
6,1752841187977,0.1044776119402985,0.2,4
6,1752841188077,0.08955223880597014,0.3333333333333333,4
6,1752841188178,0.07462686567164178,0.26666666666666666,4
6,1752841188279,0.07462686567164178,0.3333333333333333,4
6,1752841188380,0.07462686567164178,0.26666666666666666,4
6,1752841188481,0.07462686567164178,0.4666666666666667,4
6,1752841188582,0.07462686567164178,0.4,4
6,1752841188683,0.07462686567164178,0.3333333333333333,4
6,1752841188783,0.08955223880597014,0.3333333333333333,4
6,1752841188884,0.07462686567164178,0.3333333333333333,4
6,1752841188985,0.07462686567164178,0.3333333333333333,4
6,1752841189086,0.1044776119402985,0.2,4
6,1752841189187,0.08955223880597014,0.2,4
6,1752841189288,0.08955223880597014,0.4666666666666667,4
6,1752841189389,0.1044776119402985,0.3333333333333333,4
6,1752841189490,0.08955223880597014,0.3333333333333333,4
6,1752841189591,0.08955223880597014,0.4,4
6,1752841189692,0.08955223880597014,0.3333333333333333,4
6,1752841189792,0.1044776119402985,0.3333333333333333,4
6,1752841189893,0.1044776119402985,0.3333333333333333,4
6,1752841189994,0.1044776119402985,0.4666666666666667,4
6,1752841190095,0.1044776119402985,0.4,4
6,1752841190196,0.1044776119402985,0.3333333333333333,4
6,1752841190297,0.1044776119402985,0.4,4
6,1752841190397,0.1044776119402985,0.4,4
6,1752841190498,0.08955223880597014,0.3333333333333333,4
6,1752841190599,0.08955223880597014,0.4,4
6,1752841190700,0.07462686567164178,0.6,4
6,1752841190801,0.08955223880597014,0.4,4
6,1752841190902,0.07462686567164178,0.4,4
6,1752841191003,0.04477611940298507,0.4,4
6,1752841191104,0.1044776119402985,0.3333333333333333,4
6,1752841191205,0.11940298507462686,0.4,4
6,1752841191305,0.07462686567164178,0.3333333333333333,4
6,1752841191406,0.07462686567164178,0.4666666666666667,4
6,1752841191507,0.07462686567164178,0.4666666666666667,4
6,1752841191608,0.07462686567164178,0.4,4
6,1752841191709,0.07462686567164178,0.4,4
6,1752841191810,0.07462686567164178,0.3333333333333333,4
6,1752841191911,0.07462686567164178,0.3333333333333333,4
6,1752841192012,0.08955223880597014,0.3333333333333333,4
6,1752841192112,0.08955223880597014,0.3333333333333333,4
6,1752841192213,0.08955223880597014,0.5333333333333333,4
6,1752841192314,0.1044776119402985,0.4,4
6,1752841192415,0.08955223880597014,0.4,4
6,1752841192516,0.1044776119402985,0.4,4
6,1752841192617,0.1044776119402985,0.3333333333333333,4
6,1752841192718,0.1044776119402985,0.4,4
6,1752841192819,0.1044776119402985,0.4,4
6,1752841192920,0.1044776119402985,0.6,4
6,1752841193020,0.1044776119402985,0.4666666666666667,4
6,1752841193122,0.1044776119402985,0.4666666666666667,4
6,1752841193222,0.1044776119402985,0.4,4
6,1752841193323,0.1044776119402985,0.4,4
6,1752841193424,0.08955223880597014,0.4,4
6,1752841193525,0.05970149253731343,0.4666666666666667,4
6,1752841193626,0.07462686567164178,0.6,4
6,1752841193727,0.07462686567164178,0.4666666666666667,4
6,1752841193828,0.07462686567164178,0.3333333333333333,4
6,1752841193928,0.05970149253731343,0.4,4
6,1752841194029,0.07462686567164178,0.3333333333333333,4
6,1752841194130,0.08955223880597014,0.3333333333333333,4
6,1752841194231,0.04477611940298507,0.4,4
6,1752841194332,0.07462686567164178,0.4,4
6,1752841194433,0.07462686567164178,0.6,4
6,1752841194534,0.07462686567164178,0.3333333333333333,4
6,1752841194634,0.08955223880597014,0.4,4
6,1752841194735,0.07462686567164178,0.3333333333333333,4
6,1752841194836,0.07462686567164178,0.3333333333333333,4
6,1752841194937,0.08955223880597014,0.3333333333333333,4
6,1752841195038,0.1044776119402985,0.4666666666666667,4
6,1752841195139,0.08955223880597014,0.5333333333333333,4
6,1752841195240,0.1044776119402985,0.3333333333333333,4
6,1752841195341,0.08955223880597014,0.4,4
6,1752841195442,0.08955223880597014,0.4,4
6,1752841195542,0.08955223880597014,0.3333333333333333,4
6,1752841195643,0.08955223880597014,0.3333333333333333,4
6,1752841195744,0.1044776119402985,0.6,4
6,1752841195845,0.08955223880597014,0.4666666666666667,4
6,1752841195946,0.08955223880597014,0.3333333333333333,4
6,1752841196047,0.08955223880597014,0.4,4
6,1752841196148,0.08955223880597014,0.3333333333333333,4
6,1752841196249,0.08955223880597014,0.3333333333333333,4
6,1752841196350,0.08955223880597014,0.26666666666666666,4
6,1752841196450,0.07462686567164178,0.4,4
6,1752841196551,0.07462686567164178,0.6,4
6,1752841196652,0.07462686567164178,0.4,4
6,1752841196753,0.05970149253731343,0.3333333333333333,4
6,1752841196854,0.07462686567164178,0.4,4
6,1752841196955,0.07462686567164178,0.26666666666666666,4
6,1752841197056,0.05970149253731343,0.26666666666666666,4
6,1752841197156,0.08955223880597014,0.3333333333333333,4
6,1752841197257,0.05970149253731343,0.6,4
6,1752841197358,0.1044776119402985,0.26666666666666666,4
6,1752841197459,0.07462686567164178,0.26666666666666666,4
6,1752841197560,0.08955223880597014,0.3333333333333333,4
6,1752841197661,0.08955223880597014,0.2,4
6,1752841197762,0.08955223880597014,0.3333333333333333,4
6,1752841197863,0.08955223880597014,0.3333333333333333,4
6,1752841197964,0.08955223880597014,0.5333333333333333,4
6,1752841198064,0.08955223880597014,0.3333333333333333,4
6,1752841198165,0.1044776119402985,0.3333333333333333,4
6,1752841198266,0.08955223880597014,0.3333333333333333,4
6,1752841198367,0.1044776119402985,0.3333333333333333,4
6,1752841198468,0.08955223880597014,0.3333333333333333,4
6,1752841198569,0.08955223880597014,0.26666666666666666,4
6,1752841198670,0.1044776119402985,0.5333333333333333,4
6,1752841198771,0.08955223880597014,0.4,4
6,1752841198871,0.07462686567164178,0.26666666666666666,4
6,1752841198972,0.1044776119402985,0.3333333333333333,4
6,1752841199073,0.08955223880597014,0.3333333333333333,4
6,1752841199174,0.1044776119402985,0.2,4
6,1752841199275,0.08955223880597014,0.26666666666666666,4
6,1752841199376,0.08955223880597014,0.5333333333333333,4
6,1752841199477,0.08955223880597014,0.4,4
6,1752841199578,0.1044776119402985,0.26666666666666666,4
6,1752841199678,0.08955223880597014,0.3333333333333333,4
6,1752841199779,0.08955223880597014,0.26666666666666666,4
6,1752841199880,0.08955223880597014,0.3333333333333333,4
6,1752841199981,0.08955223880597014,0.26666666666666666,4
6,1752841200082,0.08955223880597014,0.5333333333333333,4
6,1752841200183,0.1044776119402985,0.3333333333333333,4
6,1752841200284,0.08955223880597014,0.3333333333333333,4
6,1752841200385,0.1044776119402985,0.4,4
6,1752841200486,0.1044776119402985,0.2,4
6,1752841200586,0.1044776119402985,0.2,4
6,1752841200687,0.1044776119402985,0.4666666666666667,4
6,1752841200788,0.1044776119402985,0.4666666666666667,4
6,1752841200889,0.1044776119402985,0.26666666666666666,4
6,1752841200990,0.11940298507462686,0.4,4
6,1752841201091,0.11940298507462686,0.26666666666666666,4
6,1752841201192,0.11940298507462686,0.3333333333333333,4
6,1752841201293,0.11940298507462686,0.3333333333333333,4
6,1752841201394,0.11940298507462686,0.4666666666666667,4
6,1752841201494,0.1044776119402985,0.4666666666666667,4
6,1752841201596,0.1044776119402985,0.4666666666666667,4
6,1752841201697,0.08955223880597014,0.4,4
6,1752841201797,0.08955223880597014,0.4,4
6,1752841201898,0.08955223880597014,0.26666666666666666,4
6,1752841201999,0.08955223880597014,0.3333333333333333,4
6,1752841202100,0.08955223880597014,0.3333333333333333,4
6,1752841202201,0.08955223880597014,0.5333333333333333,4
6,1752841202301,0.08955223880597014,0.4,4
6,1752841202402,0.07462686567164178,0.3333333333333333,4
6,1752841202503,0.07462686567164178,0.4,4
6,1752841202604,0.1044776119402985,0.3333333333333333,4
6,1752841202705,0.08955223880597014,0.26666666666666666,4
6,1752841202806,0.07462686567164178,0.4,4
6,1752841202907,0.07462686567164178,0.5333333333333333,4
6,1752841203008,0.07462686567164178,0.4,4
6,1752841203109,0.07462686567164178,0.3333333333333333,4
6,1752841203210,0.07462686567164178,0.3333333333333333,4
6,1752841203310,0.07462686567164178,0.26666666666666666,4
6,1752841203411,0.1044776119402985,0.3333333333333333,4
6,1752841203512,0.08955223880597014,0.4666666666666667,4
6,1752841203613,0.11940298507462686,0.4666666666666667,4
6,1752841203714,0.08955223880597014,0.4,4
6,1752841203815,0.08955223880597014,0.3333333333333333,4
6,1752841203916,0.08955223880597014,0.4,4
6,1752841204016,0.08955223880597014,0.3333333333333333,4
6,1752841204117,0.08955223880597014,0.26666666666666666,4
6,1752841204218,0.1044776119402985,0.3333333333333333,4
6,1752841204319,0.1044776119402985,0.5333333333333333,4
6,1752841204420,0.08955223880597014,0.3333333333333333,4
6,1752841204521,0.08955223880597014,0.3333333333333333,4
6,1752841204622,0.08955223880597014,0.4,4
6,1752841204722,0.07462686567164178,0.3333333333333333,4
6,1752841204823,0.08955223880597014,0.4,4
6,1752841204924,0.07462686567164178,0.3333333333333333,4
6,1752841205025,0.07462686567164178,0.4666666666666667,4
6,1752841205126,0.07462686567164178,0.4666666666666667,4
6,1752841205227,0.07462686567164178,0.3333333333333333,4
6,1752841205328,0.05970149253731343,0.4,4
6,1752841205429,0.07462686567164178,0.3333333333333333,4
6,1752841205530,0.05970149253731343,0.26666666666666666,4
6,1752841205631,0.05970149253731343,0.3333333333333333,4
6,1752841205731,0.05970149253731343,0.5333333333333333,4
6,1752841205832,0.07462686567164178,0.4,4
6,1752841205933,0.08955223880597014,0.3333333333333333,4
6,1752841206034,0.05970149253731343,0.26666666666666666,4
6,1752841206135,0.07462686567164178,0.3333333333333333,4
6,1752841206236,0.08955223880597014,0.3333333333333333,4
6,1752841206337,0.1044776119402985,0.26666666666666666,4
6,1752841206438,0.08955223880597014,0.4666666666666667,4
6,1752841206539,0.1044776119402985,0.4,4
6,1752841206640,0.1044776119402985,0.26666666666666666,4
6,1752841206740,0.08955223880597014,0.4,4
6,1752841206841,0.1044776119402985,0.26666666666666666,4
6,1752841206942,0.08955223880597014,0.4,4
6,1752841207043,0.08955223880597014,0.3333333333333333,4
6,1752841207144,0.08955223880597014,0.4666666666666667,4
6,1752841207245,0.1044776119402985,0.5333333333333333,4
6,1752841207346,0.08955223880597014,0.3333333333333333,4
6,1752841207447,0.08955223880597014,0.3333333333333333,4
6,1752841207547,0.08955223880597014,0.4,4
6,1752841207648,0.08955223880597014,0.3333333333333333,4
6,1752841207749,0.07462686567164178,0.3333333333333333,4
6,1752841207850,0.07462686567164178,0.5333333333333333,4
6,1752841207951,0.08955223880597014,0.4,4
6,1752841208052,0.07462686567164178,0.3333333333333333,4
6,1752841208153,0.05970149253731343,0.4,4
6,1752841208254,0.05970149253731343,0.3333333333333333,4
6,1752841208354,0.05970149253731343,0.3333333333333333,4
6,1752841208455,0.07462686567164178,0.26666666666666666,4
6,1752841208556,0.07462686567164178,0.5333333333333333,4
6,1752841208657,0.08955223880597014,0.3333333333333333,4
6,1752841208758,0.07462686567164178,0.26666666666666666,4
6,1752841208859,0.07462686567164178,0.4,4
6,1752841208960,0.07462686567164178,0.3333333333333333,4
6,1752841209061,0.07462686567164178,0.3333333333333333,4
6,1752841209162,0.07462686567164178,0.4,4
6,1752841209263,0.08955223880597014,0.5333333333333333,4
6,1752841209363,0.08955223880597014,0.26666666666666666,4
6,1752841209464,0.08955223880597014,0.4,4
6,1752841209565,0.08955223880597014,0.3333333333333333,4
6,1752841209666,0.1044776119402985,0.3333333333333333,4
6,1752841209767,0.1044776119402985,0.3333333333333333,4
6,1752841209867,0.08955223880597014,0.3333333333333333,4
6,1752841209968,0.08955223880597014,0.6666666666666666,4
6,1752841210069,0.07462686567164178,0.3333333333333333,4
6,1752841210170,0.1044776119402985,0.26666666666666666,4
6,1752841210271,0.1044776119402985,0.4,4
6,1752841210372,0.05970149253731343,0.3333333333333333,4
6,1752841210473,0.08955223880597014,0.26666666666666666,4
6,1752841210574,0.11940298507462686,0.4666666666666667,4
6,1752841210675,0.07462686567164178,0.4666666666666667,4
6,1752841210776,0.07462686567164178,0.2,4
6,1752841210876,0.07462686567164178,0.4,4
6,1752841210977,0.05970149253731343,0.3333333333333333,4
6,1752841211078,0.05970149253731343,0.3333333333333333,4
6,1752841211179,0.05970149253731343,0.26666666666666666,4
6,1752841211280,0.07462686567164178,0.6666666666666666,4
6,1752841211381,0.05970149253731343,0.4,4
6,1752841211482,0.07462686567164178,0.3333333333333333,4
6,1752841211583,0.07462686567164178,0.4,4
6,1752841211684,0.07462686567164178,0.26666666666666666,4
6,1752841211784,0.07462686567164178,0.4,4
6,1752841211885,0.07462686567164178,0.3333333333333333,4
6,1752841211986,0.07462686567164178,0.5333333333333333,4
6,1752841212087,0.08955223880597014,0.4666666666666667,4
6,1752841212188,0.1044776119402985,0.3333333333333333,4
6,1752841212289,0.1044776119402985,0.3333333333333333,4
6,1752841212390,0.08955223880597014,0.3333333333333333,4
6,1752841212490,0.07462686567164178,0.4,4
6,1752841212591,0.08955223880597014,0.3333333333333333,4
6,1752841212692,0.08955223880597014,0.4,4
6,1752841212793,0.08955223880597014,0.6666666666666666,4
6,1752841212894,0.08955223880597014,0.26666666666666666,4
6,1752841212995,0.07462686567164178,0.4666666666666667,4
6,1752841213096,0.08955223880597014,0.3333333333333333,4
6,1752841213197,0.1044776119402985,0.3333333333333333,4
6,1752841213298,0.07462686567164178,0.4,4
6,1752841213398,0.07462686567164178,0.5333333333333333,4
6,1752841213499,0.07462686567164178,0.4,4
6,1752841213600,0.07462686567164178,0.26666666666666666,4
6,1752841213701,0.07462686567164178,0.4,4
6,1752841213802,0.05970149253731343,0.4,4
6,1752841213903,0.05970149253731343,0.26666666666666666,4
6,1752841214004,0.08955223880597014,0.3333333333333333,4
6,1752841214105,0.07462686567164178,0.4,4
6,1752841214205,0.07462686567164178,0.4666666666666667,4
6,1752841214306,0.04477611940298507,0.26666666666666666,4
6,1752841214407,0.05970149253731343,0.4666666666666667,4
6,1752841214508,0.05970149253731343,0.3333333333333333,4
6,1752841214609,0.08955223880597014,0.26666666666666666,4
6,1752841214710,0.05970149253731343,0.3333333333333333,4
6,1752841214811,0.07462686567164178,0.26666666666666666,4
6,1752841214912,0.07462686567164178,0.6,4
6,1752841215013,0.08955223880597014,0.5333333333333333,4
6,1752841215113,0.08955223880597014,0.3333333333333333,4
6,1752841215215,0.08955223880597014,0.4,4
6,1752841215315,0.08955223880597014,0.3333333333333333,4
6,1752841215416,0.08955223880597014,0.4,4
6,1752841215517,0.08955223880597014,0.3333333333333333,4
6,1752841215618,0.08955223880597014,0.5333333333333333,4
6,1752841215719,0.08955223880597014,0.5333333333333333,4
6,1752841215820,0.1044776119402985,0.26666666666666666,4
6,1752841215920,0.08955223880597014,0.4,4
6,1752841216021,0.08955223880597014,0.3333333333333333,4
6,1752841216122,0.07462686567164178,0.4,4
6,1752841216223,0.05970149253731343,0.26666666666666666,4
6,1752841216324,0.05970149253731343,0.4666666666666667,4
6,1752841216425,0.08955223880597014,0.6,4
6,1752841216526,0.05970149253731343,0.2,4
6,1752841216627,0.05970149253731343,0.4666666666666667,4
6,1752841216728,0.05970149253731343,0.3333333333333333,4
6,1752841216828,0.05970149253731343,0.3333333333333333,4
6,1752841216929,0.05970149253731343,0.3333333333333333,4
6,1752841217030,0.05970149253731343,0.26666666666666666,4
6,1752841217131,0.05970149253731343,0.6666666666666666,4
6,1752841217232,0.05970149253731343,0.3333333333333333,4
6,1752841217333,0.07462686567164178,0.26666666666666666,4
6,1752841217434,0.07462686567164178,0.4,4
6,1752841217534,0.07462686567164178,0.3333333333333333,4
6,1752841217636,0.08955223880597014,0.26666666666666666,4
6,1752841217736,0.1044776119402985,0.2,4
6,1752841217837,0.11940298507462686,0.5333333333333333,4
6,1752841217938,0.07462686567164178,0.4666666666666667,4
6,1752841218039,0.08955223880597014,0.26666666666666666,4
6,1752841218140,0.08955223880597014,0.4666666666666667,4
6,1752841218241,0.08955223880597014,0.26666666666666666,4
6,1752841218342,0.07462686567164178,0.4,4
6,1752841218442,0.07462686567164178,0.26666666666666666,4
6,1752841218543,0.07462686567164178,0.7333333333333333,4
6,1752841218644,0.08955223880597014,0.4,4
6,1752841218745,0.07462686567164178,0.26666666666666666,4
6,1752841218846,0.07462686567164178,0.4666666666666667,4
6,1752841218947,0.05970149253731343,0.4,4
6,1752841219048,0.05970149253731343,0.3333333333333333,4
6,1752841219149,0.05970149253731343,0.26666666666666666,4
6,1752841219249,0.05970149253731343,0.4666666666666667,4
6,1752841219350,0.05970149253731343,0.6666666666666666,4
6,1752841219451,0.04477611940298507,0.26666666666666666,4
6,1752841219552,0.05970149253731343,0.3333333333333333,4
6,1752841219653,0.05970149253731343,0.26666666666666666,4
6,1752841219754,0.05970149253731343,0.3333333333333333,4
6,1752841219855,0.07462686567164178,0.4,4
6,1752841219956,0.07462686567164178,0.3333333333333333,4
6,1752841220057,0.04477611940298507,0.5333333333333333,4
6,1752841220157,0.08955223880597014,0.4666666666666667,4
6,1752841220258,0.07462686567164178,0.3333333333333333,4
6,1752841220359,0.07462686567164178,0.3333333333333333,4
6,1752841220460,0.07462686567164178,0.26666666666666666,4
6,1752841220561,0.07462686567164178,0.3333333333333333,4
6,1752841220662,0.08955223880597014,0.26666666666666666,4
6,1752841220763,0.08955223880597014,0.4666666666666667,4
6,1752841220864,0.08955223880597014,0.5333333333333333,4
6,1752841220965,0.08955223880597014,0.3333333333333333,4
6,1752841221066,0.08955223880597014,0.4,4
6,1752841221167,0.08955223880597014,0.3333333333333333,4
6,1752841221267,0.08955223880597014,0.26666666666666666,4
6,1752841221368,0.08955223880597014,0.26666666666666666,4
6,1752841221469,0.08955223880597014,0.7333333333333333,4
6,1752841221570,0.07462686567164178,0.4666666666666667,4
6,1752841221671,0.08955223880597014,0.26666666666666666,4
6,1752841221771,0.08955223880597014,0.3333333333333333,4
6,1752841221872,0.05970149253731343,0.3333333333333333,4
6,1752841221973,0.029850746268656716,0.2,4
6,1752841222074,0.05970149253731343,0.2,4
6,1752841222175,0.05970149253731343,0.5333333333333333,4
6,1752841222276,0.05970149253731343,0.6,4
6,1752841222377,0.05970149253731343,0.3333333333333333,4
6,1752841222478,0.04477611940298507,0.3333333333333333,4
6,1752841222579,0.05970149253731343,0.26666666666666666,4
6,1752841222679,0.05970149253731343,0.26666666666666666,4
6,1752841222780,0.07462686567164178,0.26666666666666666,4
6,1752841222881,0.04477611940298507,0.2,4
6,1752841222982,0.07462686567164178,0.6666666666666666,4
6,1752841223083,0.07462686567164178,0.3333333333333333,4
6,1752841223184,0.08955223880597014,0.3333333333333333,4
6,1752841223285,0.1044776119402985,0.3333333333333333,4
6,1752841223386,0.08955223880597014,0.2,4
6,1752841223487,0.07462686567164178,0.26666666666666666,4
6,1752841223587,0.07462686567164178,0.3333333333333333,4
6,1752841223688,0.08955223880597014,0.6,4
6,1752841223789,0.08955223880597014,0.4,4
6,1752841223890,0.08955223880597014,0.3333333333333333,4
6,1752841223991,0.07462686567164178,0.3333333333333333,4
6,1752841224092,0.07462686567164178,0.3333333333333333,4
6,1752841224193,0.07462686567164178,0.26666666666666666,4
6,1752841224294,0.07462686567164178,0.3333333333333333,4
6,1752841224395,0.07462686567164178,0.6,4
6,1752841224496,0.05970149253731343,0.4,4
6,1752841224596,0.05970149253731343,0.26666666666666666,4
6,1752841224697,0.05970149253731343,0.3333333333333333,4
6,1752841224798,0.05970149253731343,0.26666666666666666,4
6,1752841224899,0.05970149253731343,0.2,4
6,1752841225000,0.05970149253731343,0.3333333333333333,4
6,1752841225101,0.05970149253731343,0.3333333333333333,4
6,1752841225201,0.05970149253731343,0.4666666666666667,4
6,1752841225302,0.05970149253731343,0.26666666666666666,4
6,1752841225403,0.05970149253731343,0.4,4
6,1752841225504,0.05970149253731343,0.26666666666666666,4
6,1752841225605,0.05970149253731343,0.2,4
6,1752841225706,0.05970149253731343,0.3333333333333333,4
6,1752841225807,0.04477611940298507,0.2,4
6,1752841225908,0.07462686567164178,0.4666666666666667,4
6,1752841226009,0.08955223880597014,0.3333333333333333,4
6,1752841226110,0.05970149253731343,0.26666666666666666,4
6,1752841226211,0.08955223880597014,0.3333333333333333,4
6,1752841226312,0.07462686567164178,0.3333333333333333,4
6,1752841226412,0.05970149253731343,0.3333333333333333,4
6,1752841226513,0.07462686567164178,0.4666666666666667,4
6,1752841226614,0.08955223880597014,0.4666666666666667,4
6,1752841226715,0.08955223880597014,0.26666666666666666,4
6,1752841226816,0.07462686567164178,0.4,4
6,1752841226916,0.07462686567164178,0.3333333333333333,4
6,1752841227017,0.07462686567164178,0.26666666666666666,4
6,1752841227118,0.05970149253731343,0.4,4
6,1752841227219,0.05970149253731343,0.3333333333333333,4
6,1752841227320,0.05970149253731343,0.6,4
6,1752841227421,0.08955223880597014,0.3333333333333333,4
6,1752841227522,0.05970149253731343,0.3333333333333333,4
6,1752841227623,0.04477611940298507,0.4,4
6,1752841227724,0.05970149253731343,0.3333333333333333,4
6,1752841227825,0.029850746268656716,0.3333333333333333,4
6,1752841227925,0.05970149253731343,0.3333333333333333,4
6,1752841228027,0.04477611940298507,0.5333333333333333,4
6,1752841228127,0.04477611940298507,0.3333333333333333,4
6,1752841228228,0.05970149253731343,0.26666666666666666,4
6,1752841228329,0.05970149253731343,0.3333333333333333,4
6,1752841228430,0.05970149253731343,0.3333333333333333,4
6,1752841228531,0.05970149253731343,0.3333333333333333,4
6,1752841228631,0.05970149253731343,0.3333333333333333,4
6,1752841228732,0.07462686567164178,0.5333333333333333,4
6,1752841228834,0.07462686567164178,0.3333333333333333,4
6,1752841228934,0.07462686567164178,0.3333333333333333,4
6,1752841229035,0.07462686567164178,0.4,4
6,1752841229136,0.07462686567164178,0.3333333333333333,4
6,1752841229237,0.07462686567164178,0.3333333333333333,4
6,1752841229338,0.07462686567164178,0.3333333333333333,4
6,1752841229439,0.07462686567164178,0.6,4
6,1752841229539,0.07462686567164178,0.5333333333333333,4
6,1752841229640,0.05970149253731343,0.3333333333333333,4
6,1752841229741,0.08955223880597014,0.4666666666666667,4
6,1752841229842,0.05970149253731343,0.2,4
6,1752841229943,0.07462686567164178,0.4,4
6,1752841230044,0.05970149253731343,0.4,4
6,1752841230145,0.05970149253731343,0.5333333333333333,4
6,1752841230246,0.04477611940298507,0.4,4
6,1752841230346,0.05970149253731343,0.3333333333333333,4
6,1752841230447,0.04477611940298507,0.4666666666666667,4
6,1752841230548,0.04477611940298507,0.2,4
6,1752841230649,0.04477611940298507,0.3333333333333333,4
6,1752841230750,0.04477611940298507,0.26666666666666666,4
6,1752841230851,0.04477611940298507,0.6,4
6,1752841230952,0.05970149253731343,0.3333333333333333,4
6,1752841231053,0.05970149253731343,0.4,4
6,1752841231154,0.05970149253731343,0.3333333333333333,4
6,1752841231255,0.08955223880597014,0.2,4
6,1752841231355,0.05970149253731343,0.3333333333333333,4
6,1752841231456,0.1044776119402985,0.4,4
6,1752841231557,0.07462686567164178,0.4,4
6,1752841231658,0.07462686567164178,0.2,4
6,1752841231759,0.07462686567164178,0.4,4
6,1752841231860,0.08955223880597014,0.26666666666666666,4
6,1752841231960,0.07462686567164178,0.4,4
6,1752841232061,0.07462686567164178,0.3333333333333333,4
6,1752841232162,0.07462686567164178,0.4666666666666667,4
6,1752841232263,0.07462686567164178,0.5333333333333333,4
6,1752841232364,0.07462686567164178,0.4,4
6,1752841232465,0.07462686567164178,0.3333333333333333,4
6,1752841232566,0.07462686567164178,0.4,4
6,1752841232667,0.07462686567164178,0.26666666666666666,4
6,1752841232768,0.04477611940298507,0.3333333333333333,4
6,1752841232869,0.05970149253731343,0.3333333333333333,4
6,1752841232970,0.04477611940298507,0.6,4
6,1752841233070,0.05970149253731343,0.4666666666666667,4
6,1752841233171,0.05970149253731343,0.2,4
6,1752841233272,0.05970149253731343,0.3333333333333333,4
6,1752841233373,0.0,0.3333333333333333,4
6,1752841233474,0.05970149253731343,0.3333333333333333,4
6,1752841233575,0.04477611940298507,0.3333333333333333,4
6,1752841233675,0.04477611940298507,0.5333333333333333,4
6,1752841233776,0.04477611940298507,0.4666666666666667,4
6,1752841233877,0.07462686567164178,0.26666666666666666,4
6,1752841233978,0.05970149253731343,0.4,4
6,1752841234079,0.05970149253731343,0.4,4
6,1752841234180,0.07462686567164178,0.3333333333333333,4
6,1752841234281,0.07462686567164178,0.3333333333333333,4
6,1752841234382,0.07462686567164178,0.4666666666666667,4
6,1752841234483,0.07462686567164178,0.4666666666666667,4
6,1752841234583,0.07462686567164178,0.3333333333333333,4
6,1752841234684,0.08955223880597014,0.4,4
6,1752841234785,0.05970149253731343,0.3333333333333333,4
6,1752841234886,0.08955223880597014,0.26666666666666666,4
6,1752841234987,0.07462686567164178,0.4,4
6,1752841235088,0.05970149253731343,0.3333333333333333,4
6,1752841235189,0.07462686567164178,0.6,4
6,1752841235290,0.07462686567164178,0.3333333333333333,4
6,1752841235391,0.07462686567164178,0.4,4
6,1752841235491,0.05970149253731343,0.3333333333333333,4
6,1752841235592,0.05970149253731343,0.4,4
6,1752841235693,0.07462686567164178,0.2,4
6,1752841235794,0.04477611940298507,0.4666666666666667,4
6,1752841235895,0.05970149253731343,0.4666666666666667,4
6,1752841235996,0.04477611940298507,0.3333333333333333,4
6,1752841236097,0.04477611940298507,0.3333333333333333,4
6,1752841236197,0.04477611940298507,0.26666666666666666,4
6,1752841236298,0.04477611940298507,0.26666666666666666,4
6,1752841236399,0.04477611940298507,0.4,4
6,1752841236500,0.04477611940298507,0.4,4
6,1752841236601,0.05970149253731343,0.4666666666666667,4
6,1752841236702,0.04477611940298507,0.26666666666666666,4
6,1752841236803,0.07462686567164178,0.3333333333333333,4
6,1752841236904,0.07462686567164178,0.4,4
6,1752841237005,0.05970149253731343,0.2,4
6,1752841237106,0.07462686567164178,0.3333333333333333,4
6,1752841237207,0.1044776119402985,0.4,4
6,1752841237307,0.07462686567164178,0.6,4
6,1752841237408,0.07462686567164178,0.4666666666666667,4
6,1752841237509,0.07462686567164178,0.3333333333333333,4
6,1752841237610,0.07462686567164178,0.3333333333333333,4
6,1752841237711,0.07462686567164178,0.3333333333333333,4
6,1752841237812,0.07462686567164178,0.26666666666666666,4
6,1752841237913,0.07462686567164178,0.26666666666666666,4
6,1752841238013,0.07462686567164178,0.5333333333333333,4
6,1752841238114,0.07462686567164178,0.4,4
6,1752841238215,0.07462686567164178,0.26666666666666666,4
6,1752841238316,0.08955223880597014,0.3333333333333333,4
6,1752841238417,0.07462686567164178,0.3333333333333333,4
6,1752841238518,0.05970149253731343,0.3333333333333333,4
6,1752841238619,0.07462686567164178,0.26666666666666666,4
6,1752841238720,0.07462686567164178,0.4666666666666667,4
6,1752841238821,0.07462686567164178,0.3333333333333333,4
6,1752841238922,0.07462686567164178,0.26666666666666666,4
6,1752841239022,0.08955223880597014,0.3333333333333333,4
6,1752841239123,0.1044776119402985,0.26666666666666666,4
6,1752841239224,0.11940298507462686,0.13333333333333333,4
6,1752841239325,0.13432835820895522,0.26666666666666666,4
6,1752841239426,0.14925373134328357,0.5333333333333333,4
6,1752841239527,0.14925373134328357,0.26666666666666666,4
6,1752841239627,0.16417910447761194,0.26666666666666666,4
6,1752841239728,0.1791044776119403,0.3333333333333333,4
6,1752841239829,0.1791044776119403,0.3333333333333333,4
6,1752841239930,0.1791044776119403,0.3333333333333333,4
6,1752841240031,0.1791044776119403,0.4666666666666667,4
6,1752841240132,0.1791044776119403,0.4,4
7,1752839624279,0.9104477611940298,0.3333333333333333,4
7,1752839624380,0.9104477611940298,0.8,4
7,1752839624481,0.9104477611940298,0.3333333333333333,4
7,1752839624582,0.8955223880597015,0.4,4
7,1752839624682,0.8955223880597015,0.4,4
7,1752839624783,0.8805970149253731,0.26666666666666666,4
7,1752839624884,0.8507462686567164,0.2,4
7,1752839624985,0.8805970149253731,0.3333333333333333,4
7,1752839625086,0.8805970149253731,0.26666666666666666,4
7,1752839625187,0.8656716417910447,0.7333333333333333,4
7,1752839625287,0.8656716417910447,0.3333333333333333,4
7,1752839625388,0.8507462686567164,0.4,4
7,1752839625489,0.8507462686567164,0.3333333333333333,4
7,1752839625590,0.8656716417910447,0.2,4
7,1752839625691,0.8507462686567164,0.2,4
7,1752839625792,0.8656716417910447,0.26666666666666666,4
7,1752839625892,0.8656716417910447,0.3333333333333333,4
7,1752839625993,0.8656716417910447,0.6,4
7,1752839626094,0.8656716417910447,0.26666666666666666,4
7,1752839626195,0.8805970149253731,0.3333333333333333,4
7,1752839626296,0.8955223880597015,0.3333333333333333,4
7,1752839626397,0.8955223880597015,0.2,4
7,1752839626498,0.8955223880597015,0.26666666666666666,4
7,1752839626599,0.8955223880597015,0.26666666666666666,4
7,1752839626699,0.8955223880597015,0.26666666666666666,4
7,1752839626800,0.8955223880597015,0.7333333333333333,4
7,1752839626901,0.9104477611940298,0.4,4
7,1752839627002,0.8955223880597015,0.2,4
7,1752839627103,0.9104477611940298,0.3333333333333333,4
7,1752839627203,0.8955223880597015,0.2,4
7,1752839627304,0.8805970149253731,0.26666666666666666,4
7,1752839627405,0.8805970149253731,0.26666666666666666,4
7,1752839627506,0.8805970149253731,0.26666666666666666,4
7,1752839627607,0.8805970149253731,0.7333333333333333,4
7,1752839627707,0.8656716417910447,0.4,4
7,1752839627808,0.8656716417910447,0.26666666666666666,4
7,1752839627909,0.8507462686567164,0.3333333333333333,4
7,1752839628010,0.8507462686567164,0.2,4
7,1752839628111,0.8507462686567164,0.26666666666666666,4
7,1752839628212,0.8507462686567164,0.26666666666666666,4
7,1752839628313,0.8656716417910447,0.3333333333333333,4
7,1752839628413,0.8656716417910447,0.7333333333333333,4
7,1752839628514,0.8805970149253731,0.26666666666666666,4
7,1752839628615,0.8955223880597015,0.26666666666666666,4
7,1752839628716,0.8955223880597015,0.3333333333333333,4
7,1752839628817,0.8656716417910447,0.3333333333333333,4
7,1752839628918,0.9253731343283582,0.26666666666666666,4
7,1752839629018,0.9104477611940298,0.2,4
7,1752839629119,0.9253731343283582,0.3333333333333333,4
7,1752839629220,0.9104477611940298,0.6666666666666666,4
7,1752839629321,0.9104477611940298,0.2,4
7,1752839629422,0.8656716417910447,0.3333333333333333,4
7,1752839629522,0.9104477611940298,0.4,4
7,1752839629623,0.9104477611940298,0.2,4
7,1752839629724,0.9104477611940298,0.26666666666666666,4
7,1752839629825,0.8805970149253731,0.26666666666666666,4
7,1752839629926,0.8805970149253731,0.26666666666666666,4
7,1752839630027,0.8656716417910447,0.8,4
7,1752839630128,0.8656716417910447,0.3333333333333333,4
7,1752839630228,0.8656716417910447,0.26666666666666666,4
7,1752839630329,0.8656716417910447,0.3333333333333333,4
7,1752839630430,0.8507462686567164,0.2,4
7,1752839630531,0.8507462686567164,0.3333333333333333,4
7,1752839630632,0.8507462686567164,0.26666666666666666,4
7,1752839630733,0.8656716417910447,0.7333333333333333,4
7,1752839630833,0.8656716417910447,0.3333333333333333,4
7,1752839630934,0.8805970149253731,0.26666666666666666,4
7,1752839631035,0.8955223880597015,0.3333333333333333,4
7,1752839631136,0.8955223880597015,0.4,4
7,1752839631237,0.8955223880597015,0.26666666666666666,4
7,1752839631338,0.8805970149253731,0.3333333333333333,4
7,1752839631439,0.8955223880597015,0.7333333333333333,4
7,1752839631539,0.9104477611940298,0.3333333333333333,4
7,1752839631640,0.9104477611940298,0.26666666666666666,4
7,1752839631741,0.9104477611940298,0.3333333333333333,4
7,1752839631842,0.9104477611940298,0.26666666666666666,4
7,1752839631943,0.8955223880597015,0.26666666666666666,4
7,1752839632043,0.8955223880597015,0.26666666666666666,4
7,1752839632144,0.8955223880597015,0.3333333333333333,4
7,1752839632245,0.9104477611940298,0.7333333333333333,4
7,1752839632346,0.8656716417910447,0.4,4
7,1752839632447,0.8955223880597015,0.3333333333333333,4
7,1752839632548,0.8656716417910447,0.4,4
7,1752839632649,0.8656716417910447,0.26666666666666666,4
7,1752839632749,0.8208955223880597,0.13333333333333333,4
7,1752839632851,0.8656716417910447,0.2,4
7,1752839632951,0.8507462686567164,0.4,4
7,1752839633052,0.8656716417910447,0.6666666666666666,4
7,1752839633153,0.8208955223880597,0.2,4
7,1752839633254,0.8656716417910447,0.3333333333333333,4
7,1752839633354,0.8507462686567164,0.3333333333333333,4
7,1752839633455,0.8656716417910447,0.2,4
7,1752839633556,0.8805970149253731,0.26666666666666666,4
7,1752839633657,0.8955223880597015,0.4,4
7,1752839633758,0.8955223880597015,0.6,4
7,1752839633858,0.8955223880597015,0.26666666666666666,4
7,1752839633959,0.9104477611940298,0.3333333333333333,4
7,1752839634060,0.9104477611940298,0.3333333333333333,4
7,1752839634161,0.9253731343283582,0.26666666666666666,4
7,1752839634262,0.9104477611940298,0.3333333333333333,4
7,1752839634363,0.9104477611940298,0.26666666666666666,4
7,1752839634463,0.9104477611940298,0.6666666666666666,4
7,1752839634564,0.9104477611940298,0.4,4
7,1752839634665,0.8955223880597015,0.26666666666666666,4
7,1752839634766,0.8955223880597015,0.3333333333333333,4
7,1752839634867,0.8805970149253731,0.3333333333333333,4
7,1752839634968,0.8805970149253731,0.26666666666666666,4
7,1752839635068,0.8805970149253731,0.3333333333333333,4
7,1752839635169,0.8656716417910447,0.13333333333333333,4
7,1752839635270,0.8656716417910447,0.6,4
7,1752839635371,0.8656716417910447,0.4666666666666667,4
7,1752839635472,0.8656716417910447,0.26666666666666666,4
7,1752839635573,0.8507462686567164,0.3333333333333333,4
7,1752839635674,0.8656716417910447,0.26666666666666666,4
7,1752839635774,0.8955223880597015,0.2,4
7,1752839635875,0.835820895522388,0.26666666666666666,4
7,1752839635976,0.8955223880597015,0.6,4
7,1752839636077,0.8805970149253731,0.4666666666666667,4
7,1752839636178,0.8955223880597015,0.26666666666666666,4
7,1752839636279,0.8955223880597015,0.3333333333333333,4
7,1752839636379,0.9104477611940298,0.3333333333333333,4
7,1752839636480,0.9104477611940298,0.26666666666666666,4
7,1752839636581,0.9104477611940298,0.26666666666666666,4
7,1752839636682,0.9253731343283582,0.3333333333333333,4
7,1752839636783,0.9253731343283582,0.6666666666666666,4
7,1752839636883,0.9104477611940298,0.4,4
7,1752839636984,0.9253731343283582,0.13333333333333333,4
7,1752839637085,0.8955223880597015,0.4,4
7,1752839637186,0.8507462686567164,0.2,4
7,1752839637287,0.8955223880597015,0.3333333333333333,4
7,1752839637388,0.8805970149253731,0.3333333333333333,4
7,1752839637489,0.8656716417910447,0.26666666666666666,4
7,1752839637590,0.8656716417910447,0.6666666666666666,4
7,1752839637691,0.8656716417910447,0.3333333333333333,4
7,1752839637791,0.8656716417910447,0.26666666666666666,4
7,1752839637892,0.8507462686567164,0.4,4
7,1752839637993,0.8656716417910447,0.26666666666666666,4
7,1752839638093,0.8656716417910447,0.3333333333333333,4
7,1752839638194,0.8656716417910447,0.26666666666666666,4
7,1752839638295,0.8656716417910447,0.6666666666666666,4
7,1752839638396,0.8805970149253731,0.3333333333333333,4
7,1752839638497,0.8805970149253731,0.26666666666666666,4
7,1752839638598,0.8955223880597015,0.3333333333333333,4
7,1752839638699,0.8955223880597015,0.26666666666666666,4
7,1752839638799,0.8955223880597015,0.3333333333333333,4
7,1752839638900,0.9104477611940298,0.26666666666666666,4
7,1752839639001,0.9253731343283582,0.6666666666666666,4
7,1752839639102,0.9104477611940298,0.3333333333333333,4
7,1752839639203,0.9104477611940298,0.4,4
7,1752839639304,0.9253731343283582,0.26666666666666666,4
7,1752839639405,0.9552238805970149,0.3333333333333333,4
7,1752839639505,0.8955223880597015,0.3333333333333333,4
7,1752839639607,0.9104477611940298,0.3333333333333333,4
7,1752839639707,0.8805970149253731,0.4666666666666667,4
7,1752839639808,0.8805970149253731,0.5333333333333333,4
7,1752839639909,0.8656716417910447,0.3333333333333333,4
7,1752839640010,0.8656716417910447,0.26666666666666666,4
7,1752839640110,0.8656716417910447,0.3333333333333333,4
7,1752839640211,0.8507462686567164,0.2,4
7,1752839640312,0.8507462686567164,0.3333333333333333,4
7,1752839640413,0.8656716417910447,0.4,4
7,1752839640514,0.8805970149253731,0.7333333333333333,4
7,1752839640615,0.8656716417910447,0.26666666666666666,4
7,1752839640715,0.8805970149253731,0.3333333333333333,4
7,1752839640816,0.8805970149253731,0.26666666666666666,4
7,1752839640917,0.8955223880597015,0.26666666666666666,4
7,1752839641018,0.8955223880597015,0.26666666666666666,4
7,1752839641119,0.8955223880597015,0.3333333333333333,4
7,1752839641220,0.9402985074626866,0.6,4
7,1752839641320,0.9253731343283582,0.3333333333333333,4
7,1752839641421,0.9253731343283582,0.3333333333333333,4
7,1752839641522,0.9104477611940298,0.4,4
7,1752839641623,0.9104477611940298,0.3333333333333333,4
7,1752839641724,0.8955223880597015,0.26666666666666666,4
7,1752839641824,0.8955223880597015,0.26666666666666666,4
7,1752839641925,0.9104477611940298,0.2,4
7,1752839642026,0.8955223880597015,0.6,4
7,1752839642127,0.8805970149253731,0.5333333333333333,4
7,1752839642228,0.8805970149253731,0.3333333333333333,4
7,1752839642329,0.8656716417910447,0.3333333333333333,4
7,1752839642429,0.8805970149253731,0.4,4
7,1752839642530,0.8955223880597015,0.26666666666666666,4
7,1752839642631,0.8656716417910447,0.3333333333333333,4
7,1752839642732,0.8656716417910447,0.2,4
7,1752839642833,0.8507462686567164,0.6666666666666666,4
7,1752839642934,0.8507462686567164,0.26666666666666666,4
7,1752839643034,0.8955223880597015,0.26666666666666666,4
7,1752839643135,0.8805970149253731,0.3333333333333333,4
7,1752839643236,0.9104477611940298,0.13333333333333333,4
7,1752839643338,0.9104477611940298,0.2,4
7,1752839643438,0.9253731343283582,0.2,4
7,1752839643539,0.8805970149253731,0.6,4
7,1752839643639,0.9253731343283582,0.5333333333333333,4
7,1752839643740,0.9104477611940298,0.26666666666666666,4
7,1752839643841,0.8955223880597015,0.4,4
7,1752839643942,0.9104477611940298,0.3333333333333333,4
7,1752839644043,0.9104477611940298,0.26666666666666666,4
7,1752839644144,0.9104477611940298,0.3333333333333333,4
7,1752839644244,0.8955223880597015,0.26666666666666666,4
7,1752839644345,0.8955223880597015,0.3333333333333333,4
7,1752839644446,0.8955223880597015,0.6,4
7,1752839644547,0.8805970149253731,0.4,4
7,1752839644648,0.8656716417910447,0.26666666666666666,4
7,1752839644749,0.8656716417910447,0.3333333333333333,4
7,1752839644849,0.8656716417910447,0.26666666666666666,4
7,1752839644950,0.8656716417910447,0.26666666666666666,4
7,1752839645051,0.8656716417910447,0.26666666666666666,4
7,1752839645152,0.8507462686567164,0.2,4
7,1752839645253,0.8656716417910447,0.6,4
7,1752839645354,0.8656716417910447,0.3333333333333333,4
7,1752839645455,0.8656716417910447,0.3333333333333333,4
7,1752839645555,0.8805970149253731,0.4,4
7,1752839645656,0.8805970149253731,0.26666666666666666,4
7,1752839645757,0.8955223880597015,0.3333333333333333,4
7,1752839645858,0.8955223880597015,0.26666666666666666,4
7,1752839645959,0.8955223880597015,0.5333333333333333,4
7,1752839646059,0.9104477611940298,0.4666666666666667,4
7,1752839646160,0.9104477611940298,0.26666666666666666,4
7,1752839646261,0.9253731343283582,0.4666666666666667,4
7,1752839646362,0.9253731343283582,0.2,4
7,1752839646463,0.9253731343283582,0.3333333333333333,4
7,1752839646564,0.9104477611940298,0.4,4
7,1752839646665,0.9104477611940298,0.2,4
7,1752839646766,0.8955223880597015,0.6666666666666666,4
7,1752839646866,0.9253731343283582,0.3333333333333333,4
7,1752839646967,0.9253731343283582,0.3333333333333333,4
7,1752839647068,0.8955223880597015,0.4,4
7,1752839647169,0.8805970149253731,0.13333333333333333,4
7,1752839647270,0.8955223880597015,0.2,4
7,1752839647370,0.8656716417910447,0.26666666666666666,4
7,1752839647471,0.8507462686567164,0.26666666666666666,4
7,1752839647572,0.8656716417910447,0.6,4
7,1752839647673,0.8507462686567164,0.26666666666666666,4
7,1752839647774,0.8656716417910447,0.3333333333333333,4
7,1752839647875,0.8656716417910447,0.4,4
7,1752839647975,0.8805970149253731,0.26666666666666666,4
7,1752839648076,0.8805970149253731,0.26666666666666666,4
7,1752839648177,0.8805970149253731,0.26666666666666666,4
7,1752839648278,0.8955223880597015,0.6666666666666666,4
7,1752839648379,0.8955223880597015,0.4,4
7,1752839648480,0.9104477611940298,0.3333333333333333,4
7,1752839648580,0.9104477611940298,0.4,4
7,1752839648681,0.9104477611940298,0.3333333333333333,4
7,1752839648782,0.9104477611940298,0.26666666666666666,4
7,1752839648883,0.9104477611940298,0.3333333333333333,4
7,1752839648984,0.8955223880597015,0.4666666666666667,4
7,1752839649085,0.9104477611940298,0.5333333333333333,4
7,1752839649185,0.8955223880597015,0.26666666666666666,4
7,1752839649286,0.8805970149253731,0.4,4
7,1752839649387,0.8805970149253731,0.3333333333333333,4
7,1752839649488,0.8656716417910447,0.26666666666666666,4
7,1752839649589,0.8656716417910447,0.3333333333333333,4
7,1752839649690,0.8507462686567164,0.3333333333333333,4
7,1752839649790,0.8507462686567164,0.2,4
7,1752839649891,0.8507462686567164,0.7333333333333333,4
7,1752839649992,0.8507462686567164,0.26666666666666666,4
7,1752839650093,0.8656716417910447,0.3333333333333333,4
7,1752839650194,0.8656716417910447,0.4,4
7,1752839650295,0.8805970149253731,0.26666666666666666,4
7,1752839650395,0.8805970149253731,0.26666666666666666,4
7,1752839650496,0.8955223880597015,0.3333333333333333,4
7,1752839650597,0.8955223880597015,0.5333333333333333,4
7,1752839650698,0.9104477611940298,0.5333333333333333,4
7,1752839650799,0.9104477611940298,0.3333333333333333,4
7,1752839650900,0.9253731343283582,0.3333333333333333,4
7,1752839651001,0.9104477611940298,0.3333333333333333,4
7,1752839651101,0.8955223880597015,0.4,4
7,1752839651202,0.9253731343283582,0.2,4
7,1752839651303,0.8955223880597015,0.4666666666666667,4
7,1752839651404,0.8805970149253731,0.6,4
7,1752839651505,0.8955223880597015,0.4,4
7,1752839651606,0.8805970149253731,0.4,4
7,1752839651706,0.8805970149253731,0.3333333333333333,4
7,1752839651807,0.8656716417910447,0.3333333333333333,4
7,1752839651908,0.8507462686567164,0.3333333333333333,4
7,1752839652009,0.8656716417910447,0.26666666666666666,4
7,1752839652110,0.8656716417910447,0.7333333333333333,4
7,1752839652211,0.8507462686567164,0.4666666666666667,4
7,1752839652311,0.8656716417910447,0.26666666666666666,4
7,1752839652412,0.8656716417910447,0.4,4
7,1752839652513,0.8656716417910447,0.3333333333333333,4
7,1752839652614,0.8656716417910447,0.3333333333333333,4
7,1752839652715,0.8955223880597015,0.3333333333333333,4
7,1752839652816,0.8656716417910447,0.4,4
7,1752839652917,0.8955223880597015,0.6,4
7,1752839653017,0.8955223880597015,0.4666666666666667,4
7,1752839653118,0.9253731343283582,0.26666666666666666,4
7,1752839653219,0.9253731343283582,0.3333333333333333,4
7,1752839653320,0.8955223880597015,0.26666666666666666,4
7,1752839653421,0.9104477611940298,0.4,4
7,1752839653521,0.9253731343283582,0.2,4
7,1752839653622,0.9104477611940298,0.4,4
7,1752839653723,0.8955223880597015,0.6666666666666666,4
7,1752839653824,0.8955223880597015,0.3333333333333333,4
7,1752839653925,0.9104477611940298,0.4,4
7,1752839654026,0.8805970149253731,0.4,4
7,1752839654127,0.8955223880597015,0.3333333333333333,4
7,1752839654227,0.8656716417910447,0.3333333333333333,4
7,1752839654328,0.8656716417910447,0.3333333333333333,4
7,1752839654429,0.8656716417910447,0.6,4
7,1752839654530,0.8656716417910447,0.4,4
7,1752839654631,0.8656716417910447,0.3333333333333333,4
7,1752839654732,0.8656716417910447,0.3333333333333333,4
7,1752839654832,0.8805970149253731,0.2,4
7,1752839654933,0.8805970149253731,0.26666666666666666,4
7,1752839655034,0.8805970149253731,0.3333333333333333,4
7,1752839655135,0.8805970149253731,0.26666666666666666,4
7,1752839655236,0.8955223880597015,0.26666666666666666,4
7,1752839655337,0.8955223880597015,0.6666666666666666,4
7,1752839655437,0.8955223880597015,0.3333333333333333,4
7,1752839655538,0.9104477611940298,0.26666666666666666,4
7,1752839655639,0.9253731343283582,0.26666666666666666,4
7,1752839655740,0.9104477611940298,0.26666666666666666,4
7,1752839655841,0.9104477611940298,0.26666666666666666,4
7,1752839655942,0.9104477611940298,0.3333333333333333,4
7,1752839656042,0.9104477611940298,0.26666666666666666,4
7,1752839656143,0.9104477611940298,0.4666666666666667,4
7,1752839656244,0.8955223880597015,0.4666666666666667,4
7,1752839656345,0.8955223880597015,0.26666666666666666,4
7,1752839656446,0.8805970149253731,0.4,4
7,1752839656546,0.8805970149253731,0.3333333333333333,4
7,1752839656647,0.8656716417910447,0.3333333333333333,4
7,1752839656748,0.8656716417910447,0.26666666666666666,4
7,1752839656850,0.8656716417910447,0.26666666666666666,4
7,1752839656950,0.8805970149253731,0.6,4
7,1752839657051,0.8656716417910447,0.26666666666666666,4
7,1752839657152,0.8656716417910447,0.13333333333333333,4
7,1752839657252,0.8656716417910447,0.26666666666666666,4
7,1752839657353,0.8656716417910447,0.3333333333333333,4
7,1752839657454,0.8656716417910447,0.3333333333333333,4
7,1752839657555,0.8656716417910447,0.06666666666666667,4
7,1752839657656,0.8955223880597015,0.4,4
7,1752839657757,0.8955223880597015,0.4666666666666667,4
7,1752839657857,0.8955223880597015,0.4,4
7,1752839657958,0.8955223880597015,0.3333333333333333,4
7,1752839658059,0.9104477611940298,0.3333333333333333,4
7,1752839658160,0.9104477611940298,0.26666666666666666,4
7,1752839658261,0.9253731343283582,0.3333333333333333,4
7,1752839658362,0.9104477611940298,0.3333333333333333,4
7,1752839658462,0.9104477611940298,0.3333333333333333,4
7,1752839658563,0.9104477611940298,0.4,4
7,1752839658664,0.9104477611940298,0.5333333333333333,4
7,1752839658765,0.8955223880597015,0.26666666666666666,4
7,1752839658866,0.8805970149253731,0.3333333333333333,4
7,1752839658967,0.8656716417910447,0.3333333333333333,4
7,1752839659067,0.8805970149253731,0.3333333333333333,4
7,1752839659168,0.8955223880597015,0.3333333333333333,4
7,1752839659269,0.8656716417910447,0.3333333333333333,4
7,1752839659370,0.8507462686567164,0.6,4
7,1752839659471,0.835820895522388,0.4,4
7,1752839659572,0.8507462686567164,0.26666666666666666,4
7,1752839659672,0.8656716417910447,0.3333333333333333,4
7,1752839659773,0.8656716417910447,0.26666666666666666,4
7,1752839659874,0.8955223880597015,0.3333333333333333,4
7,1752839659975,0.8805970149253731,0.26666666666666666,4
7,1752839660076,0.8955223880597015,0.6,4
7,1752839660177,0.8955223880597015,0.26666666666666666,4
7,1752839660277,0.9104477611940298,0.3333333333333333,4
7,1752839660378,0.8955223880597015,0.3333333333333333,4
7,1752839660479,0.9253731343283582,0.3333333333333333,4
7,1752839660580,0.9104477611940298,0.3333333333333333,4
7,1752839660681,0.9253731343283582,0.3333333333333333,4
7,1752839660782,0.9253731343283582,0.4666666666666667,4
7,1752839660882,0.9104477611940298,0.5333333333333333,4
7,1752839660984,0.9104477611940298,0.3333333333333333,4
7,1752839661084,0.9253731343283582,0.4,4
7,1752839661185,0.8805970149253731,0.4,4
7,1752839661286,0.8955223880597015,0.26666666666666666,4
7,1752839661387,0.8805970149253731,0.2,4
7,1752839661488,0.8955223880597015,0.2,4
7,1752839661588,0.8507462686567164,0.6,4
7,1752839661689,0.8656716417910447,0.3333333333333333,4
7,1752839661790,0.8656716417910447,0.3333333333333333,4
7,1752839661891,0.8656716417910447,0.26666666666666666,4
7,1752839661992,0.8656716417910447,0.26666666666666666,4
7,1752839662093,0.8656716417910447,0.26666666666666666,4
7,1752839662193,0.8656716417910447,0.3333333333333333,4
7,1752839662294,0.8656716417910447,0.6666666666666666,4
7,1752839662395,0.8805970149253731,0.26666666666666666,4
7,1752839662496,0.8955223880597015,0.4,4
7,1752839662597,0.8955223880597015,0.3333333333333333,4
7,1752839662698,0.8955223880597015,0.3333333333333333,4
7,1752839662798,0.9104477611940298,0.26666666666666666,4
7,1752839662899,0.9253731343283582,0.3333333333333333,4
7,1752839663000,0.9104477611940298,0.3333333333333333,4
7,1752839663101,0.9253731343283582,0.6666666666666666,4
7,1752839663202,0.9253731343283582,0.4666666666666667,4
7,1752839663303,0.9104477611940298,0.3333333333333333,4
7,1752839663403,0.9104477611940298,0.4,4
7,1752839663504,0.8955223880597015,0.3333333333333333,4
7,1752839663605,0.8955223880597015,0.3333333333333333,4
7,1752839663706,0.9104477611940298,0.2,4
7,1752839663807,0.8805970149253731,0.2,4
7,1752839663908,0.8656716417910447,0.4,4
7,1752839664009,0.8656716417910447,0.6,4
7,1752839664109,0.8656716417910447,0.26666666666666666,4
7,1752839664210,0.8507462686567164,0.3333333333333333,4
7,1752839664311,0.8507462686567164,0.3333333333333333,4
7,1752839664412,0.8656716417910447,0.3333333333333333,4
7,1752839664513,0.8656716417910447,0.3333333333333333,4
7,1752839664613,0.8656716417910447,0.26666666666666666,4
7,1752839664714,0.8805970149253731,0.6,4
7,1752839664815,0.8955223880597015,0.3333333333333333,4
7,1752839664916,0.8955223880597015,0.3333333333333333,4
7,1752839665017,0.9402985074626866,0.4,4
7,1752839665117,0.9104477611940298,0.3333333333333333,4
7,1752839665218,0.9104477611940298,0.2,4
7,1752839665319,0.9253731343283582,0.3333333333333333,4
7,1752839665420,0.9104477611940298,0.4,4
7,1752839665521,0.8656716417910447,0.6,4
7,1752839665622,0.9104477611940298,0.3333333333333333,4
7,1752839665723,0.9104477611940298,0.3333333333333333,4
7,1752839665823,0.9104477611940298,0.3333333333333333,4
7,1752839665925,0.8955223880597015,0.26666666666666666,4
7,1752839666025,0.8955223880597015,0.3333333333333333,4
7,1752839666126,0.8805970149253731,0.26666666666666666,4
7,1752839666227,0.8805970149253731,0.4,4
7,1752839666328,0.8805970149253731,0.6,4
7,1752839666428,0.8507462686567164,0.2,4
7,1752839666529,0.8656716417910447,0.3333333333333333,4
7,1752839666630,0.8507462686567164,0.3333333333333333,4
7,1752839666731,0.8656716417910447,0.26666666666666666,4
7,1752839666832,0.8507462686567164,0.3333333333333333,4
7,1752839666933,0.8656716417910447,0.4,4
7,1752839667034,0.8805970149253731,0.5333333333333333,4
7,1752839667135,0.8805970149253731,0.26666666666666666,4
7,1752839667235,0.8805970149253731,0.4,4
7,1752839667336,0.9253731343283582,0.26666666666666666,4
7,1752839667437,0.9253731343283582,0.26666666666666666,4
7,1752839667538,0.9253731343283582,0.26666666666666666,4
7,1752839667639,0.9253731343283582,0.2,4
7,1752839667739,0.9104477611940298,0.6,4
7,1752839667840,0.9104477611940298,0.4666666666666667,4
7,1752839667941,0.9104477611940298,0.26666666666666666,4
7,1752839668042,0.9253731343283582,0.3333333333333333,4
7,1752839668143,0.9104477611940298,0.26666666666666666,4
7,1752839668244,0.9104477611940298,0.26666666666666666,4
7,1752839668344,0.8955223880597015,0.3333333333333333,4
7,1752839668445,0.8955223880597015,0.26666666666666666,4
7,1752839668546,0.8955223880597015,0.6666666666666666,4
7,1752839668647,0.8805970149253731,0.3333333333333333,4
7,1752839668748,0.8805970149253731,0.3333333333333333,4
7,1752839668849,0.8805970149253731,0.4,4
7,1752839668949,0.8656716417910447,0.26666666666666666,4
7,1752839669050,0.8805970149253731,0.3333333333333333,4
7,1752839669151,0.8805970149253731,0.13333333333333333,4
7,1752839669252,0.8656716417910447,0.5333333333333333,4
7,1752839669353,0.8656716417910447,0.26666666666666666,4
7,1752839669454,0.8805970149253731,0.26666666666666666,4
7,1752839669554,0.8805970149253731,0.4,4
7,1752839669655,0.8805970149253731,0.26666666666666666,4
7,1752839669756,0.8805970149253731,0.3333333333333333,4
7,1752839669857,0.8805970149253731,0.26666666666666666,4
7,1752839669958,0.9104477611940298,0.6,4
7,1752839670059,0.9104477611940298,0.4666666666666667,4
7,1752839670159,0.8955223880597015,0.4666666666666667,4
7,1752839670260,0.9104477611940298,0.3333333333333333,4
7,1752839670361,0.9253731343283582,0.3333333333333333,4
7,1752839670462,0.9104477611940298,0.26666666666666666,4
7,1752839670563,0.9402985074626866,0.3333333333333333,4
7,1752839670663,0.9104477611940298,0.26666666666666666,4
7,1752839670764,0.9253731343283582,0.6666666666666666,4
7,1752839670865,0.9253731343283582,0.3333333333333333,4
7,1752839670966,0.9104477611940298,0.4,4
7,1752839671067,0.8805970149253731,0.4,4
7,1752839671168,0.8955223880597015,0.26666666666666666,4
7,1752839671268,0.8955223880597015,0.3333333333333333,4
7,1752839671369,0.8955223880597015,0.4,4
7,1752839671470,0.8656716417910447,0.4666666666666667,4
7,1752839671571,0.8507462686567164,0.6666666666666666,4
7,1752839671672,0.8656716417910447,0.26666666666666666,4
7,1752839671773,0.8208955223880597,0.3333333333333333,4
7,1752839671874,0.8656716417910447,0.26666666666666666,4
7,1752839671974,0.8507462686567164,0.26666666666666666,4
7,1752839672075,0.8805970149253731,0.3333333333333333,4
7,1752839672176,0.8656716417910447,0.4,4
7,1752839672277,0.8955223880597015,0.4666666666666667,4
7,1752839672378,0.9104477611940298,0.3333333333333333,4
7,1752839672478,0.9104477611940298,0.3333333333333333,4
7,1752839672579,0.9104477611940298,0.3333333333333333,4
7,1752839672680,0.9253731343283582,0.26666666666666666,4
7,1752839672781,0.9104477611940298,0.3333333333333333,4
7,1752839672882,0.9104477611940298,0.26666666666666666,4
7,1752839672983,0.9104477611940298,0.4666666666666667,4
7,1752839673083,0.9104477611940298,0.5333333333333333,4
7,1752839673184,0.9104477611940298,0.3333333333333333,4
7,1752839673285,0.9104477611940298,0.26666666666666666,4
7,1752839673386,0.8955223880597015,0.26666666666666666,4
7,1752839673487,0.8955223880597015,0.4,4
7,1752839673588,0.8805970149253731,0.4,4
7,1752839673689,0.8805970149253731,0.2,4
7,1752839673790,0.8805970149253731,0.6666666666666666,4
7,1752839673890,0.8805970149253731,0.3333333333333333,4
7,1752839673991,0.8507462686567164,0.4,4
7,1752839674092,0.8805970149253731,0.3333333333333333,4
7,1752839674193,0.8656716417910447,0.26666666666666666,4
7,1752839674294,0.8805970149253731,0.26666666666666666,4
7,1752839674395,0.8656716417910447,0.3333333333333333,4
7,1752839674495,0.8805970149253731,0.6,4
7,1752839674596,0.8805970149253731,0.3333333333333333,4
7,1752839674697,0.8805970149253731,0.3333333333333333,4
7,1752839674798,0.8955223880597015,0.4,4
7,1752839674899,0.9104477611940298,0.3333333333333333,4
7,1752839675000,0.8955223880597015,0.3333333333333333,4
7,1752839675100,0.9402985074626866,0.3333333333333333,4
7,1752839675201,0.9104477611940298,0.6,4
7,1752839675302,0.9104477611940298,0.26666666666666666,4
7,1752839675403,0.9104477611940298,0.2,4
7,1752839675504,0.9253731343283582,0.2,4
7,1752839675604,0.8955223880597015,0.3333333333333333,4
7,1752839675705,0.9104477611940298,0.26666666666666666,4
7,1752839675806,0.9253731343283582,0.26666666666666666,4
7,1752839675907,0.8955223880597015,0.26666666666666666,4
7,1752839676008,0.8805970149253731,0.6,4
7,1752839676109,0.8805970149253731,0.3333333333333333,4
7,1752839676209,0.8656716417910447,0.3333333333333333,4
7,1752839676310,0.8656716417910447,0.4,4
7,1752839676411,0.8656716417910447,0.26666666666666666,4
7,1752839676512,0.8805970149253731,0.26666666666666666,4
7,1752839676613,0.8507462686567164,0.4,4
7,1752839676714,0.8656716417910447,0.5333333333333333,4
7,1752839676815,0.8656716417910447,0.26666666666666666,4
7,1752839676916,0.8656716417910447,0.3333333333333333,4
7,1752839677016,0.8805970149253731,0.3333333333333333,4
7,1752839677117,0.8805970149253731,0.26666666666666666,4
7,1752839677218,0.8955223880597015,0.26666666666666666,4
7,1752839677319,0.8955223880597015,0.3333333333333333,4
7,1752839677420,0.8955223880597015,0.7333333333333333,4
7,1752839677520,0.8805970149253731,0.4,4
7,1752839677621,0.9104477611940298,0.4,4
7,1752839677722,0.9104477611940298,0.4,4
7,1752839677823,0.9253731343283582,0.26666666666666666,4
7,1752839677924,0.8955223880597015,0.2,4
7,1752839678025,0.9253731343283582,0.4,4
7,1752839678125,0.9253731343283582,0.4666666666666667,4
7,1752839678226,0.8955223880597015,0.5333333333333333,4
7,1752839678327,0.9104477611940298,0.3333333333333333,4
7,1752839678428,0.8955223880597015,0.3333333333333333,4
7,1752839678529,0.8805970149253731,0.3333333333333333,4
7,1752839678630,0.8805970149253731,0.26666666666666666,4
7,1752839678731,0.8805970149253731,0.26666666666666666,4
7,1752839678831,0.8656716417910447,0.4666666666666667,4
7,1752839678932,0.8656716417910447,0.5333333333333333,4
7,1752839679033,0.8656716417910447,0.26666666666666666,4
7,1752839679134,0.8507462686567164,0.3333333333333333,4
7,1752839679235,0.8805970149253731,0.26666666666666666,4
7,1752839679336,0.8955223880597015,0.4,4
7,1752839679436,0.8805970149253731,0.26666666666666666,4
7,1752839679537,0.8656716417910447,0.6,4
7,1752839679638,0.8805970149253731,0.4666666666666667,4
7,1752839679739,0.9104477611940298,0.3333333333333333,4
7,1752839679840,0.8955223880597015,0.4,4
7,1752839679941,0.9104477611940298,0.3333333333333333,4
7,1752839680041,0.9104477611940298,0.3333333333333333,4
7,1752839680142,0.9104477611940298,0.26666666666666666,4
7,1752839680243,0.9253731343283582,0.3333333333333333,4
7,1752839680344,0.9253731343283582,0.6666666666666666,4
7,1752839680445,0.9253731343283582,0.3333333333333333,4
7,1752839680545,0.9104477611940298,0.3333333333333333,4
7,1752839680646,0.9253731343283582,0.3333333333333333,4
7,1752839680747,0.9253731343283582,0.26666666666666666,4
7,1752839680848,0.8955223880597015,0.26666666666666666,4
7,1752839680949,0.8955223880597015,0.3333333333333333,4
7,1752839681050,0.8805970149253731,0.5333333333333333,4
7,1752839681151,0.8805970149253731,0.4666666666666667,4
7,1752839681251,0.8656716417910447,0.26666666666666666,4
7,1752839681352,0.8805970149253731,0.4666666666666667,4
7,1752839681453,0.8656716417910447,0.3333333333333333,4
7,1752839681554,0.8656716417910447,0.26666666666666666,4
7,1752839681655,0.8656716417910447,0.3333333333333333,4
7,1752839681755,0.8656716417910447,0.4666666666666667,4
7,1752839681856,0.8955223880597015,0.5333333333333333,4
7,1752839681957,0.9104477611940298,0.26666666666666666,4
7,1752839682058,0.8955223880597015,0.4,4
7,1752839682159,0.8955223880597015,0.3333333333333333,4
7,1752839682260,0.8955223880597015,0.26666666666666666,4
7,1752839682360,0.8955223880597015,0.26666666666666666,4
7,1752839682461,0.9104477611940298,0.3333333333333333,4
7,1752839682562,0.9104477611940298,0.6666666666666666,4
7,1752839682663,0.9104477611940298,0.3333333333333333,4
7,1752839682764,0.9253731343283582,0.3333333333333333,4
7,1752839682865,0.9253731343283582,0.4,4
7,1752839682965,0.9104477611940298,0.3333333333333333,4
7,1752839683066,0.9104477611940298,0.3333333333333333,4
7,1752839683167,0.9104477611940298,0.3333333333333333,4
7,1752839683268,0.8955223880597015,0.2,4
7,1752839683369,0.9402985074626866,0.6,4
7,1752839683470,0.8955223880597015,0.4,4
7,1752839683571,0.9253731343283582,0.26666666666666666,4
7,1752839683671,0.8955223880597015,0.4666666666666667,4
7,1752839683772,0.8656716417910447,0.26666666666666666,4
7,1752839683873,0.8656716417910447,0.26666666666666666,4
7,1752839683974,0.8656716417910447,0.3333333333333333,4
7,1752839684075,0.8656716417910447,0.4666666666666667,4
7,1752839684176,0.8656716417910447,0.5333333333333333,4
7,1752839684276,0.8805970149253731,0.26666666666666666,4
7,1752839684377,0.8656716417910447,0.26666666666666666,4
7,1752839684478,0.8656716417910447,0.26666666666666666,4
7,1752839684579,0.8805970149253731,0.2,4
7,1752839684680,0.8955223880597015,0.26666666666666666,4
7,1752839684781,0.9104477611940298,0.26666666666666666,4
7,1752839684881,0.8955223880597015,0.4666666666666667,4
7,1752839684982,0.9253731343283582,0.4,4
7,1752839685083,0.9253731343283582,0.26666666666666666,4
7,1752839685184,0.9253731343283582,0.26666666666666666,4
7,1752839685285,0.9104477611940298,0.3333333333333333,4
7,1752839685386,0.9253731343283582,0.2,4
7,1752839685486,0.9253731343283582,0.4,4
7,1752839685587,0.8955223880597015,0.3333333333333333,4
7,1752839685688,0.9253731343283582,0.5333333333333333,4
7,1752839685789,0.8955223880597015,0.4666666666666667,4
7,1752839685890,0.8955223880597015,0.3333333333333333,4
7,1752839685991,0.8955223880597015,0.4666666666666667,4
7,1752839686091,0.8805970149253731,0.3333333333333333,4
7,1752839686192,0.8656716417910447,0.26666666666666666,4
7,1752839686293,0.8805970149253731,0.2,4
7,1752839686394,0.8507462686567164,0.26666666666666666,4
7,1752839686495,0.8656716417910447,0.6,4
7,1752839686595,0.8656716417910447,0.3333333333333333,4
7,1752839686697,0.8507462686567164,0.26666666666666666,4
7,1752839686797,0.8507462686567164,0.3333333333333333,4
7,1752839686898,0.8656716417910447,0.26666666666666666,4
7,1752839686999,0.8805970149253731,0.26666666666666666,4
7,1752839687100,0.8955223880597015,0.3333333333333333,4
7,1752839687201,0.8805970149253731,0.4,4
7,1752839687301,0.8805970149253731,0.6,4
7,1752839687402,0.9104477611940298,0.3333333333333333,4
7,1752839687503,0.9104477611940298,0.4,4
7,1752839687604,0.9253731343283582,0.3333333333333333,4
7,1752839687705,0.9104477611940298,0.4,4
7,1752839687806,0.9253731343283582,0.3333333333333333,4
7,1752839687906,0.9253731343283582,0.3333333333333333,4
7,1752839688007,0.9104477611940298,0.3333333333333333,4
7,1752839688108,0.9104477611940298,0.6666666666666666,4
7,1752839688209,0.9104477611940298,0.26666666666666666,4
7,1752839688310,0.9104477611940298,0.3333333333333333,4
7,1752839688411,0.8805970149253731,0.26666666666666666,4
7,1752839688511,0.8656716417910447,0.26666666666666666,4
7,1752839688612,0.8656716417910447,0.2,4
7,1752839688713,0.8656716417910447,0.26666666666666666,4
7,1752839688814,0.8805970149253731,0.26666666666666666,4
7,1752839688915,0.8656716417910447,0.6,4
7,1752839689015,0.8656716417910447,0.4,4
7,1752839689116,0.8805970149253731,0.3333333333333333,4
7,1752839689217,0.8656716417910447,0.4,4
7,1752839689318,0.8656716417910447,0.26666666666666666,4
7,1752839689419,0.8805970149253731,0.13333333333333333,4
7,1752839689520,0.8805970149253731,0.26666666666666666,4
7,1752839689620,0.9104477611940298,0.2,4
7,1752839689721,0.9104477611940298,0.6,4
7,1752839689822,0.8955223880597015,0.3333333333333333,4
7,1752839689923,0.9104477611940298,0.3333333333333333,4
7,1752839690024,0.9104477611940298,0.3333333333333333,4
7,1752839690125,0.9253731343283582,0.3333333333333333,4
7,1752839690226,0.9253731343283582,0.26666666666666666,4
7,1752839690326,0.9253731343283582,0.3333333333333333,4
7,1752839690427,0.9104477611940298,0.3333333333333333,4
7,1752839690528,0.9104477611940298,0.6666666666666666,4
7,1752839690629,0.9104477611940298,0.3333333333333333,4
7,1752839690730,0.9104477611940298,0.3333333333333333,4
7,1752839690831,0.8955223880597015,0.4,4
7,1752839690931,0.8955223880597015,0.2,4
7,1752839691032,0.8805970149253731,0.3333333333333333,4
7,1752839691133,0.8805970149253731,0.3333333333333333,4
7,1752839691234,0.8656716417910447,0.3333333333333333,4
7,1752839691335,0.8656716417910447,0.6,4
7,1752839691436,0.8656716417910447,0.4,4
7,1752839691537,0.8805970149253731,0.3333333333333333,4
7,1752839691637,0.8805970149253731,0.3333333333333333,4
7,1752839691738,0.8656716417910447,0.3333333333333333,4
7,1752839691839,0.8805970149253731,0.26666666666666666,4
7,1752839691940,0.8955223880597015,0.4,4
7,1752839692041,0.8955223880597015,0.26666666666666666,4
7,1752839692142,0.8955223880597015,0.6,4
7,1752839692243,0.9104477611940298,0.4,4
7,1752839692343,0.9104477611940298,0.4,4
7,1752839692444,0.9253731343283582,0.4,4
7,1752839692545,0.9253731343283582,0.26666666666666666,4
7,1752839692646,0.9253731343283582,0.3333333333333333,4
7,1752839692747,0.9253731343283582,0.3333333333333333,4
7,1752839692847,0.9253731343283582,0.6,4
7,1752839692948,0.9104477611940298,0.4666666666666667,4
7,1752839693049,0.9253731343283582,0.3333333333333333,4
7,1752839693150,0.9253731343283582,0.3333333333333333,4
7,1752839693251,0.8955223880597015,0.3333333333333333,4
7,1752839693352,0.8507462686567164,0.26666666666666666,4
7,1752839693452,0.9104477611940298,0.3333333333333333,4
7,1752839693553,0.8955223880597015,0.2,4
7,1752839693654,0.8656716417910447,0.26666666666666666,4
7,1752839693755,0.8507462686567164,0.6666666666666666,4
7,1752839693856,0.835820895522388,0.4,4
7,1752839693956,0.8656716417910447,0.3333333333333333,4
7,1752839694057,0.8656716417910447,0.3333333333333333,4
7,1752839694158,0.8805970149253731,0.26666666666666666,4
7,1752839694259,0.8805970149253731,0.26666666666666666,4
7,1752839694360,0.8805970149253731,0.26666666666666666,4
7,1752839694461,0.8805970149253731,0.3333333333333333,4
7,1752839694561,0.8955223880597015,0.6,4
7,1752839694663,0.9104477611940298,0.4,4
7,1752839694763,0.9104477611940298,0.3333333333333333,4
7,1752839694864,0.9253731343283582,0.3333333333333333,4
7,1752839694965,0.9253731343283582,0.26666666666666666,4
7,1752839695066,0.9253731343283582,0.3333333333333333,4
7,1752839695167,0.9104477611940298,0.3333333333333333,4
7,1752839695267,0.9253731343283582,0.6666666666666666,4
7,1752839695368,0.9253731343283582,0.3333333333333333,4
7,1752839695469,0.9253731343283582,0.3333333333333333,4
7,1752839695570,0.9253731343283582,0.4,4
7,1752839695671,0.8955223880597015,0.26666666666666666,4
7,1752839695772,0.9104477611940298,0.26666666666666666,4
7,1752839695872,0.8955223880597015,0.26666666666666666,4
7,1752839695973,0.8656716417910447,0.2,4
7,1752839696074,0.8805970149253731,0.6666666666666666,4
7,1752839696175,0.8656716417910447,0.26666666666666666,4
7,1752839696276,0.8656716417910447,0.3333333333333333,4
7,1752839696377,0.8507462686567164,0.3333333333333333,4
7,1752839696478,0.8656716417910447,0.3333333333333333,4
7,1752839696579,0.8656716417910447,0.26666666666666666,4
7,1752839696680,0.8656716417910447,0.26666666666666666,4
7,1752839696780,0.8805970149253731,0.26666666666666666,4
7,1752839696881,0.8955223880597015,0.6666666666666666,4
7,1752839696982,0.8955223880597015,0.3333333333333333,4
7,1752839697082,0.8955223880597015,0.2,4
7,1752839697183,0.9104477611940298,0.4,4
7,1752839697285,0.9253731343283582,0.3333333333333333,4
7,1752839697385,0.9402985074626866,0.3333333333333333,4
7,1752839697486,0.9552238805970149,0.4,4
7,1752839697587,0.9253731343283582,0.5333333333333333,4
7,1752839697688,0.8955223880597015,0.4,4
7,1752839697788,0.9402985074626866,0.3333333333333333,4
7,1752839697889,0.9104477611940298,0.4,4
7,1752839697990,0.8955223880597015,0.26666666666666666,4
7,1752839698091,0.8955223880597015,0.4,4
7,1752839698192,0.8955223880597015,0.26666666666666666,4
7,1752839698292,0.8955223880597015,0.3333333333333333,4
7,1752839698393,0.8805970149253731,0.5333333333333333,4
7,1752839698494,0.8656716417910447,0.4666666666666667,4
7,1752839698595,0.8656716417910447,0.3333333333333333,4
7,1752839698696,0.8656716417910447,0.4,4
7,1752839698797,0.8805970149253731,0.3333333333333333,4
7,1752839698898,0.8656716417910447,0.2,4
7,1752839698998,0.8805970149253731,0.3333333333333333,4
7,1752839699099,0.8805970149253731,0.26666666666666666,4
7,1752839699200,0.8805970149253731,0.4666666666666667,4
7,1752839699301,0.8656716417910447,0.6,4
7,1752839699402,0.8955223880597015,0.3333333333333333,4
7,1752839699503,0.9253731343283582,0.2,4
7,1752839699604,0.9253731343283582,0.26666666666666666,4
7,1752839699704,0.8955223880597015,0.26666666666666666,4
7,1752839699805,0.9104477611940298,0.3333333333333333,4
7,1752839699906,0.9253731343283582,0.26666666666666666,4
7,1752839700007,0.9253731343283582,0.6,4
7,1752839700108,0.9253731343283582,0.4,4
7,1752839700208,0.9253731343283582,0.26666666666666666,4
7,1752839700310,0.9104477611940298,0.3333333333333333,4
7,1752839700410,0.9104477611940298,0.26666666666666666,4
7,1752839700511,0.8955223880597015,0.3333333333333333,4
7,1752839700612,0.8955223880597015,0.26666666666666666,4
7,1752839700713,0.8955223880597015,0.5333333333333333,4
7,1752839700814,0.8805970149253731,0.4666666666666667,4
7,1752839700914,0.8805970149253731,0.26666666666666666,4
7,1752839701015,0.8656716417910447,0.3333333333333333,4
7,1752839701116,0.8805970149253731,0.26666666666666666,4
7,1752839701217,0.8656716417910447,0.3333333333333333,4
7,1752839701317,0.8955223880597015,0.26666666666666666,4
7,1752839701418,0.8805970149253731,0.26666666666666666,4
7,1752839701519,0.8805970149253731,0.3333333333333333,4
7,1752839701620,0.8955223880597015,0.6666666666666666,4
7,1752839701721,0.8656716417910447,0.2,4
7,1752839701822,0.8955223880597015,0.3333333333333333,4
7,1752839701923,0.8955223880597015,0.3333333333333333,4
7,1752839702024,0.9104477611940298,0.3333333333333333,4
7,1752839702124,0.9253731343283582,0.26666666666666666,4
7,1752839702225,0.9104477611940298,0.26666666666666666,4
7,1752839702326,0.9552238805970149,0.4666666666666667,4
7,1752839702427,0.9253731343283582,0.5333333333333333,4
7,1752839702527,0.9402985074626866,0.3333333333333333,4
7,1752839702628,0.9104477611940298,0.3333333333333333,4
7,1752839702729,0.9253731343283582,0.3333333333333333,4
7,1752839702830,0.9104477611940298,0.26666666666666666,4
7,1752839702931,0.9104477611940298,0.3333333333333333,4
7,1752839703032,0.8955223880597015,0.4,4
7,1752839703133,0.8955223880597015,0.6,4
7,1752839703234,0.8805970149253731,0.3333333333333333,4
7,1752839703334,0.8805970149253731,0.26666666666666666,4
7,1752839703435,0.8805970149253731,0.4,4
7,1752839703536,0.8955223880597015,0.3333333333333333,4
7,1752839703637,0.8805970149253731,0.26666666666666666,4
7,1752839703738,0.8805970149253731,0.26666666666666666,4
7,1752839703839,0.8656716417910447,0.4,4
7,1752839703939,0.8656716417910447,0.5333333333333333,4
7,1752839704040,0.8805970149253731,0.26666666666666666,4
7,1752839704141,0.8805970149253731,0.26666666666666666,4
7,1752839704242,0.8805970149253731,0.26666666666666666,4
7,1752839704342,0.8955223880597015,0.26666666666666666,4
7,1752839704444,0.9104477611940298,0.3333333333333333,4
7,1752839704544,0.9253731343283582,0.4,4
7,1752839704645,0.9104477611940298,0.6,4
7,1752839704746,0.9253731343283582,0.26666666666666666,4
7,1752839704847,0.9253731343283582,0.3333333333333333,4
7,1752839704948,0.9253731343283582,0.4,4
7,1752839705048,0.9253731343283582,0.3333333333333333,4
7,1752839705149,0.9104477611940298,0.26666666666666666,4
7,1752839705250,0.9104477611940298,0.5333333333333333,4
7,1752839705351,0.8955223880597015,0.6,4
7,1752839705452,0.8955223880597015,0.3333333333333333,4
7,1752839705553,0.8955223880597015,0.4,4
7,1752839705653,0.8955223880597015,0.26666666666666666,4
7,1752839705754,0.8805970149253731,0.3333333333333333,4
7,1752839705855,0.8805970149253731,0.26666666666666666,4
7,1752839705956,0.8656716417910447,0.26666666666666666,4
7,1752839706057,0.8805970149253731,0.7333333333333333,4
7,1752839706158,0.8805970149253731,0.4666666666666667,4
7,1752839706258,0.8805970149253731,0.26666666666666666,4
7,1752839706359,0.8805970149253731,0.4,4
7,1752839706460,0.8805970149253731,0.2,4
7,1752839706561,0.8805970149253731,0.26666666666666666,4
7,1752839706662,0.8955223880597015,0.3333333333333333,4
7,1752839706763,0.9104477611940298,0.4,4
7,1752839706863,0.9253731343283582,0.6,4
7,1752839706964,0.9253731343283582,0.3333333333333333,4
7,1752839707065,0.9253731343283582,0.4,4
7,1752839707166,0.9253731343283582,0.3333333333333333,4
7,1752839707267,0.9253731343283582,0.3333333333333333,4
7,1752839707368,0.9253731343283582,0.26666666666666666,4
7,1752839707469,0.9104477611940298,0.26666666666666666,4
7,1752839707569,0.9253731343283582,0.4666666666666667,4
7,1752839707670,0.9253731343283582,0.3333333333333333,4
7,1752839707771,0.8955223880597015,0.3333333333333333,4
7,1752839707872,0.9104477611940298,0.4,4
7,1752839707973,0.8805970149253731,0.2,4
7,1752839708073,0.8805970149253731,0.26666666666666666,4
7,1752839708174,0.8805970149253731,0.26666666666666666,4
7,1752839708275,0.8656716417910447,0.2,4
7,1752839708376,0.8656716417910447,0.5333333333333333,4
7,1752839708477,0.8656716417910447,0.3333333333333333,4
7,1752839708578,0.8656716417910447,0.26666666666666666,4
7,1752839708679,0.8656716417910447,0.26666666666666666,4
7,1752839708780,0.8955223880597015,0.2,4
7,1752839708880,0.8656716417910447,0.2,4
7,1752839708981,0.8955223880597015,0.26666666666666666,4
7,1752839709082,0.8805970149253731,0.6,4
7,1752839709183,0.8955223880597015,0.3333333333333333,4
7,1752839709284,0.9104477611940298,0.3333333333333333,4
7,1752839709384,0.9253731343283582,0.13333333333333333,4
7,1752839709485,0.9552238805970149,0.4666666666666667,4
7,1752839709586,0.9402985074626866,0.26666666666666666,4
7,1752839709687,0.9552238805970149,0.26666666666666666,4
7,1752839709788,0.9701492537313433,0.4666666666666667,4
7,1752839709888,0.9552238805970149,0.26666666666666666,4
7,1752839709989,0.9253731343283582,0.3333333333333333,4
7,1752839710090,0.9104477611940298,0.3333333333333333,4
7,1752839710191,0.9104477611940298,0.26666666666666666,4
7,1752839710292,0.8955223880597015,0.26666666666666666,4
7,1752839710393,0.8805970149253731,0.26666666666666666,4
7,1752839710494,0.8805970149253731,0.26666666666666666,4
7,1752839710594,0.8805970149253731,0.6,4
7,1752839710695,0.8805970149253731,0.4666666666666667,4
7,1752839710796,0.8656716417910447,0.3333333333333333,4
7,1752839710897,0.8656716417910447,0.3333333333333333,4
7,1752839710998,0.8805970149253731,0.26666666666666666,4
7,1752839711099,0.8805970149253731,0.3333333333333333,4
7,1752839711200,0.8805970149253731,0.26666666666666666,4
7,1752839711300,0.8955223880597015,0.3333333333333333,4
7,1752839711401,0.8955223880597015,0.5333333333333333,4
7,1752839711502,0.8955223880597015,0.3333333333333333,4
7,1752839711603,0.9253731343283582,0.26666666666666666,4
7,1752839711704,0.9253731343283582,0.26666666666666666,4
7,1752839711805,0.9253731343283582,0.2,4
7,1752839711905,0.9402985074626866,0.26666666666666666,4
7,1752839712006,0.9253731343283582,0.26666666666666666,4
7,1752839712107,0.9253731343283582,0.6,4
7,1752839712208,0.9253731343283582,0.4,4
7,1752839712309,0.9253731343283582,0.3333333333333333,4
7,1752839712410,0.9104477611940298,0.4,4
7,1752839712511,0.9104477611940298,0.3333333333333333,4
7,1752839712611,0.8955223880597015,0.26666666666666666,4
7,1752839712712,0.8955223880597015,0.3333333333333333,4
7,1752839712813,0.9104477611940298,0.3333333333333333,4
7,1752839712914,0.8955223880597015,0.4666666666666667,4
7,1752839713014,0.8805970149253731,0.3333333333333333,4
7,1752839713115,0.8656716417910447,0.3333333333333333,4
7,1752839713216,0.8805970149253731,0.3333333333333333,4
7,1752839713317,0.8656716417910447,0.26666666666666666,4
7,1752839713418,0.8656716417910447,0.26666666666666666,4
7,1752839713519,0.9104477611940298,0.2,4
7,1752839713619,0.8805970149253731,0.5333333333333333,4
7,1752839713720,0.8955223880597015,0.26666666666666666,4
7,1752839713821,0.8507462686567164,0.26666666666666666,4
7,1752839713922,0.8955223880597015,0.3333333333333333,4
7,1752839714023,0.9104477611940298,0.3333333333333333,4
7,1752839714124,0.9104477611940298,0.26666666666666666,4
7,1752839714224,0.9253731343283582,0.3333333333333333,4
7,1752839714325,0.9253731343283582,0.6,4
7,1752839714426,0.9402985074626866,0.4,4
7,1752839714527,0.9253731343283582,0.4,4
7,1752839714628,0.9253731343283582,0.3333333333333333,4
7,1752839714729,0.9253731343283582,0.3333333333333333,4
7,1752839714829,0.9104477611940298,0.26666666666666666,4
7,1752839714930,0.8955223880597015,0.3333333333333333,4
7,1752839715031,0.8955223880597015,0.3333333333333333,4
7,1752839715132,0.8955223880597015,0.6,4
7,1752839715233,0.8805970149253731,0.4,4
7,1752839715334,0.8805970149253731,0.3333333333333333,4
7,1752839715434,0.8805970149253731,0.3333333333333333,4
7,1752839715535,0.8656716417910447,0.26666666666666666,4
7,1752839715636,0.8656716417910447,0.3333333333333333,4
7,1752839715737,0.8805970149253731,0.2,4
7,1752839715838,0.8805970149253731,0.3333333333333333,4
7,1752839715939,0.8805970149253731,0.4,4
7,1752839716040,0.8656716417910447,0.6,4
7,1752839716140,0.8805970149253731,0.26666666666666666,4
7,1752839716241,0.8955223880597015,0.4666666666666667,4
7,1752839716342,0.9104477611940298,0.26666666666666666,4
7,1752839716443,0.8955223880597015,0.26666666666666666,4
7,1752839716544,0.9104477611940298,0.26666666666666666,4
7,1752839716645,0.9253731343283582,0.4,4
7,1752839716745,0.9253731343283582,0.3333333333333333,4
7,1752839716846,0.9253731343283582,0.6,4
7,1752839716947,0.9253731343283582,0.3333333333333333,4
7,1752839717048,0.9253731343283582,0.4,4
7,1752839717149,0.9253731343283582,0.3333333333333333,4
7,1752839717250,0.9104477611940298,0.3333333333333333,4
7,1752839717351,0.9104477611940298,0.3333333333333333,4
7,1752839717451,0.9253731343283582,0.3333333333333333,4
7,1752839717552,0.8955223880597015,0.4,4
7,1752839717653,0.8805970149253731,0.6,4
7,1752839717754,0.8805970149253731,0.26666666666666666,4
7,1752839717855,0.8507462686567164,0.3333333333333333,4
7,1752839717955,0.8656716417910447,0.4,4
7,1752839718056,0.8656716417910447,0.26666666666666666,4
7,1752839718157,0.8805970149253731,0.26666666666666666,4
7,1752839718258,0.8805970149253731,0.2,4
7,1752839718359,0.8805970149253731,0.26666666666666666,4
7,1752839718459,0.8955223880597015,0.4666666666666667,4
7,1752839718560,0.8955223880597015,0.4666666666666667,4
7,1752839718661,0.9104477611940298,0.3333333333333333,4
7,1752839718762,0.9253731343283582,0.4,4
7,1752839718863,0.9253731343283582,0.3333333333333333,4
7,1752839718964,0.9253731343283582,0.26666666666666666,4
7,1752839719065,0.9253731343283582,0.3333333333333333,4
7,1752839719166,0.9402985074626866,0.4,4
7,1752839719266,0.9253731343283582,0.6666666666666666,4
7,1752839719367,0.9253731343283582,0.4,4
7,1752839719468,0.9104477611940298,0.3333333333333333,4
7,1752839719569,0.9253731343283582,0.4666666666666667,4
7,1752839719670,0.9104477611940298,0.3333333333333333,4
7,1752839719770,0.8955223880597015,0.4,4
7,1752839719871,0.8955223880597015,0.26666666666666666,4
7,1752839719972,0.8955223880597015,0.4666666666666667,4
7,1752839720073,0.9104477611940298,0.6,4
7,1752839720174,0.8955223880597015,0.26666666666666666,4
7,1752839720275,0.8955223880597015,0.26666666666666666,4
7,1752839720375,0.8656716417910447,0.3333333333333333,4
7,1752839720477,0.8805970149253731,0.2,4
7,1752839720577,0.8955223880597015,0.3333333333333333,4
7,1752839720678,0.8955223880597015,0.26666666666666666,4
7,1752839720779,0.8955223880597015,0.3333333333333333,4
7,1752839720880,0.9104477611940298,0.5333333333333333,4
7,1752839720981,0.8955223880597015,0.4,4
7,1752839721082,0.9253731343283582,0.4,4
7,1752839721183,0.9253731343283582,0.3333333333333333,4
7,1752839721283,0.9253731343283582,0.26666666666666666,4
7,1752839721384,0.9402985074626866,0.3333333333333333,4
7,1752839721485,0.9253731343283582,0.3333333333333333,4
7,1752839721585,0.9402985074626866,0.5333333333333333,4
7,1752839721686,0.9253731343283582,0.5333333333333333,4
7,1752839721787,0.9253731343283582,0.13333333333333333,4
7,1752839721888,0.9104477611940298,0.3333333333333333,4
7,1752839721989,0.8955223880597015,0.4,4
7,1752839722090,0.8955223880597015,0.26666666666666666,4
7,1752839722190,0.9104477611940298,0.3333333333333333,4
7,1752839722292,0.8805970149253731,0.4666666666666667,4
7,1752839722392,0.8656716417910447,0.4666666666666667,4
7,1752839722493,0.8805970149253731,0.3333333333333333,4
7,1752839722594,0.8656716417910447,0.4,4
7,1752839722695,0.8805970149253731,0.26666666666666666,4
7,1752839722796,0.8805970149253731,0.2,4
7,1752839722896,0.8805970149253731,0.3333333333333333,4
7,1752839722997,0.8805970149253731,0.2,4
7,1752839723098,0.9104477611940298,0.4666666666666667,4
7,1752839723199,0.9104477611940298,0.4666666666666667,4
7,1752839723300,0.9104477611940298,0.3333333333333333,4
7,1752839723401,0.9402985074626866,0.3333333333333333,4
7,1752839723501,0.9253731343283582,0.4,4
7,1752839723603,0.9402985074626866,0.3333333333333333,4
7,1752839723703,0.9253731343283582,0.3333333333333333,4
7,1752839723804,0.9402985074626866,0.2,4
7,1752839723905,0.9253731343283582,0.6666666666666666,4
7,1752839724006,0.9402985074626866,0.4,4
7,1752839724107,0.9402985074626866,0.26666666666666666,4
7,1752839724207,0.9253731343283582,0.4,4
7,1752839724308,0.9104477611940298,0.3333333333333333,4
7,1752839724409,0.9104477611940298,0.26666666666666666,4
7,1752839724510,0.8656716417910447,0.3333333333333333,4
7,1752839724611,0.8805970149253731,0.5333333333333333,4
7,1752839724712,0.8507462686567164,0.5333333333333333,4
7,1752839724813,0.8805970149253731,0.3333333333333333,4
7,1752839724913,0.8805970149253731,0.3333333333333333,4
7,1752839725014,0.8805970149253731,0.3333333333333333,4
7,1752839725115,0.8805970149253731,0.26666666666666666,4
7,1752839725216,0.8805970149253731,0.26666666666666666,4
7,1752839725317,0.8955223880597015,0.2,4
7,1752839725417,0.9104477611940298,0.6,4
7,1752839725518,0.8955223880597015,0.4,4
7,1752839725619,0.8955223880597015,0.3333333333333333,4
7,1752839725720,0.9253731343283582,0.2,4
7,1752839725821,0.9253731343283582,0.2,4
7,1752839725922,0.9402985074626866,0.3333333333333333,4
7,1752839726022,0.8955223880597015,0.3333333333333333,4
7,1752839726123,0.9253731343283582,0.26666666666666666,4
7,1752839726224,0.9253731343283582,0.6,4
7,1752839726325,0.9253731343283582,0.4666666666666667,4
7,1752839726426,0.9253731343283582,0.26666666666666666,4
7,1752839726526,0.9253731343283582,0.4,4
7,1752839726627,0.9104477611940298,0.26666666666666666,4
7,1752839726728,0.9104477611940298,0.26666666666666666,4
7,1752839726829,0.9104477611940298,0.3333333333333333,4
7,1752839726930,0.8805970149253731,0.26666666666666666,4
7,1752839727031,0.8805970149253731,0.6,4
7,1752839727132,0.8805970149253731,0.26666666666666666,4
7,1752839727232,0.8805970149253731,0.26666666666666666,4
7,1752839727333,0.8805970149253731,0.2,4
7,1752839727434,0.8656716417910447,0.3333333333333333,4
7,1752839727535,0.8805970149253731,0.26666666666666666,4
7,1752839727636,0.8805970149253731,0.3333333333333333,4
7,1752839727737,0.8955223880597015,0.6,4
7,1752839727837,0.9253731343283582,0.3333333333333333,4
7,1752839727938,0.9253731343283582,0.26666666666666666,4
7,1752839728039,0.9104477611940298,0.3333333333333333,4
7,1752839728140,0.9253731343283582,0.26666666666666666,4
7,1752839728241,0.9253731343283582,0.26666666666666666,4
7,1752839728341,0.9402985074626866,0.3333333333333333,4
7,1752839728442,0.9253731343283582,0.6,4
7,1752839728543,0.9253731343283582,0.4666666666666667,4
7,1752839728644,0.9253731343283582,0.3333333333333333,4
7,1752839728745,0.9253731343283582,0.3333333333333333,4
7,1752839728846,0.9104477611940298,0.26666666666666666,4
7,1752839728947,0.9104477611940298,0.26666666666666666,4
7,1752839729047,0.8955223880597015,0.3333333333333333,4
7,1752839729148,0.8805970149253731,0.26666666666666666,4
7,1752839729249,0.8955223880597015,0.5333333333333333,4
7,1752839729350,0.8805970149253731,0.4666666666666667,4
7,1752839729451,0.8805970149253731,0.26666666666666666,4
7,1752839729551,0.8805970149253731,0.26666666666666666,4
7,1752839729652,0.8955223880597015,0.4666666666666667,4
7,1752839729753,0.8805970149253731,0.26666666666666666,4
7,1752839729854,0.8805970149253731,0.3333333333333333,4
7,1752839729955,0.8805970149253731,0.26666666666666666,4
7,1752839730056,0.9104477611940298,0.6,4
7,1752839730157,0.8805970149253731,0.3333333333333333,4
7,1752839730258,0.9104477611940298,0.4,4
7,1752839730358,0.9253731343283582,0.26666666666666666,4
7,1752839730459,0.9253731343283582,0.3333333333333333,4
7,1752839730560,0.9402985074626866,0.3333333333333333,4
7,1752839730661,0.9402985074626866,0.3333333333333333,4
7,1752839730762,0.9253731343283582,0.5333333333333333,4
7,1752839730863,0.9253731343283582,0.5333333333333333,4
7,1752839730963,0.9104477611940298,0.26666666666666666,4
7,1752839731064,0.9253731343283582,0.4,4
7,1752839731165,0.9253731343283582,0.3333333333333333,4
7,1752839731266,0.9104477611940298,0.26666666666666666,4
7,1752839731366,0.9104477611940298,0.3333333333333333,4
7,1752839731468,0.8955223880597015,0.3333333333333333,4
7,1752839731568,0.8955223880597015,0.6,4
7,1752839731669,0.8656716417910447,0.3333333333333333,4
7,1752839731770,0.8805970149253731,0.2,4
7,1752839731871,0.8805970149253731,0.3333333333333333,4
7,1752839731971,0.8805970149253731,0.3333333333333333,4
7,1752839732072,0.8805970149253731,0.26666666666666666,4
7,1752839732173,0.8955223880597015,0.3333333333333333,4
7,1752839732274,0.8805970149253731,0.4,4
7,1752839732375,0.8955223880597015,0.6,4
7,1752839732476,0.8955223880597015,0.3333333333333333,4
7,1752839732577,0.9104477611940298,0.3333333333333333,4
7,1752839732677,0.9253731343283582,0.3333333333333333,4
7,1752839732778,0.9253731343283582,0.3333333333333333,4
7,1752839732879,0.9253731343283582,0.3333333333333333,4
7,1752839732980,0.9253731343283582,0.26666666666666666,4
7,1752839733081,0.9253731343283582,0.6666666666666666,4
7,1752839733181,0.9253731343283582,0.4666666666666667,4
7,1752839733282,0.9253731343283582,0.3333333333333333,4
7,1752839733383,0.9253731343283582,0.3333333333333333,4
7,1752839733484,0.9253731343283582,0.3333333333333333,4
7,1752839733585,0.9253731343283582,0.3333333333333333,4
7,1752839733686,0.8955223880597015,0.26666666666666666,4
7,1752839733787,0.8955223880597015,0.4,4
7,1752839733887,0.9253731343283582,0.5333333333333333,4
7,1752839733988,0.8656716417910447,0.4,4
7,1752839734089,0.9253731343283582,0.2,4
7,1752839734190,0.8507462686567164,0.4,4
7,1752839734291,0.8805970149253731,0.13333333333333333,4
7,1752839734392,0.8805970149253731,0.3333333333333333,4
7,1752839734492,0.8805970149253731,0.13333333333333333,4
7,1752839734593,0.8955223880597015,0.2,4
7,1752839734694,0.8955223880597015,0.6,4
7,1752839734795,0.8805970149253731,0.3333333333333333,4
7,1752839734896,0.9253731343283582,0.3333333333333333,4
7,1752839734997,0.9104477611940298,0.4,4
7,1752839735098,0.9253731343283582,0.26666666666666666,4
7,1752839735198,0.9402985074626866,0.26666666666666666,4
7,1752839735299,0.9402985074626866,0.26666666666666666,4
7,1752839735400,0.9402985074626866,0.4666666666666667,4
7,1752839735501,0.9402985074626866,0.5333333333333333,4
7,1752839735602,0.9552238805970149,0.3333333333333333,4
7,1752839735702,0.9402985074626866,0.4,4
7,1752839735803,0.9552238805970149,0.3333333333333333,4
7,1752839735904,0.9104477611940298,0.2,4
7,1752839736005,0.8656716417910447,0.4666666666666667,4
7,1752839736106,0.8656716417910447,0.4,4
7,1752839736207,0.8955223880597015,0.4666666666666667,4
7,1752839736308,0.8805970149253731,0.4666666666666667,4
7,1752839736408,0.8805970149253731,0.26666666666666666,4
7,1752839736509,0.8805970149253731,0.3333333333333333,4
7,1752839736610,0.8805970149253731,0.26666666666666666,4
7,1752839736711,0.8805970149253731,0.26666666666666666,4
7,1752839736812,0.8805970149253731,0.2,4
7,1752839736913,0.8955223880597015,0.26666666666666666,4
7,1752839737013,0.8955223880597015,0.4666666666666667,4
7,1752839737114,0.8955223880597015,0.4,4
7,1752839737215,0.9104477611940298,0.4,4
7,1752839737316,0.9253731343283582,0.4,4
7,1752839737417,0.9253731343283582,0.3333333333333333,4
7,1752839737518,0.9402985074626866,0.3333333333333333,4
7,1752839737619,0.9402985074626866,0.3333333333333333,4
7,1752839737719,0.9253731343283582,0.4666666666666667,4
7,1752839737820,0.9552238805970149,0.5333333333333333,4
7,1752839737921,0.9253731343283582,0.3333333333333333,4
7,1752839738022,0.9552238805970149,0.4,4
7,1752839738123,0.9402985074626866,0.4,4
7,1752839738223,0.8955223880597015,0.26666666666666666,4
7,1752839738324,0.9104477611940298,0.3333333333333333,4
7,1752839738425,0.8955223880597015,0.3333333333333333,4
7,1752839738526,0.8805970149253731,0.6,4
7,1752839738627,0.8805970149253731,0.4666666666666667,4
7,1752839738728,0.8805970149253731,0.4,4
7,1752839738828,0.8805970149253731,0.3333333333333333,4
7,1752839738929,0.8805970149253731,0.26666666666666666,4
7,1752839739030,0.8805970149253731,0.26666666666666666,4
7,1752839739131,0.8805970149253731,0.26666666666666666,4
7,1752839739232,0.8955223880597015,0.4666666666666667,4
7,1752839739333,0.8955223880597015,0.5333333333333333,4
7,1752839739433,0.9104477611940298,0.3333333333333333,4
7,1752839739534,0.9104477611940298,0.3333333333333333,4
7,1752839739635,0.9253731343283582,0.3333333333333333,4
7,1752839739736,0.9402985074626866,0.2,4
7,1752839739837,0.9253731343283582,0.3333333333333333,4
7,1752839739938,0.9701492537313433,0.3333333333333333,4
7,1752839740039,0.9402985074626866,0.7333333333333333,4
7,1752839740140,0.9253731343283582,0.4,4
7,1752839740240,0.9253731343283582,0.3333333333333333,4
7,1752839740341,0.9253731343283582,0.3333333333333333,4
7,1752839740442,0.9253731343283582,0.3333333333333333,4
7,1752839740543,0.9104477611940298,0.3333333333333333,4
7,1752839740644,0.9104477611940298,0.3333333333333333,4
7,1752839740744,0.8955223880597015,0.6,4
7,1752839740845,0.9104477611940298,0.3333333333333333,4
7,1752839740946,0.8805970149253731,0.2,4
7,1752839741047,0.8955223880597015,0.3333333333333333,4
7,1752839741148,0.8955223880597015,0.26666666666666666,4
7,1752839741249,0.8805970149253731,0.26666666666666666,4
7,1752839741349,0.8805970149253731,0.3333333333333333,4
7,1752839741450,0.8805970149253731,0.4666666666666667,4
7,1752839741551,0.8805970149253731,0.5333333333333333,4
7,1752839741652,0.8955223880597015,0.3333333333333333,4
7,1752839741753,0.9104477611940298,0.3333333333333333,4
7,1752839741854,0.9104477611940298,0.3333333333333333,4
7,1752839741955,0.9402985074626866,0.2,4
7,1752839742055,0.9402985074626866,0.2,4
7,1752839742156,0.9253731343283582,0.3333333333333333,4
7,1752839742257,0.9253731343283582,0.4,4
7,1752839742358,0.9402985074626866,0.6666666666666666,4
7,1752839742459,0.9253731343283582,0.4,4
7,1752839742559,0.9253731343283582,0.4,4
7,1752839742660,0.9253731343283582,0.3333333333333333,4
7,1752839742761,0.9253731343283582,0.26666666666666666,4
7,1752839742862,0.9104477611940298,0.3333333333333333,4
7,1752839742963,0.9104477611940298,0.26666666666666666,4
7,1752839743064,0.9104477611940298,0.5333333333333333,4
7,1752839743164,0.8955223880597015,0.4,4
7,1752839743265,0.9104477611940298,0.3333333333333333,4
7,1752839743366,0.8805970149253731,0.3333333333333333,4
7,1752839743467,0.8805970149253731,0.2,4
7,1752839743568,0.8805970149253731,0.2,4
7,1752839743669,0.8805970149253731,0.2,4
7,1752839743770,0.8955223880597015,0.4666666666666667,4
7,1752839743870,0.9253731343283582,0.5333333333333333,4
7,1752839743972,0.8955223880597015,0.3333333333333333,4
7,1752839744072,0.9104477611940298,0.3333333333333333,4
7,1752839744173,0.9104477611940298,0.26666666666666666,4
7,1752839744274,0.9104477611940298,0.3333333333333333,4
7,1752839744375,0.9402985074626866,0.26666666666666666,4
7,1752839744475,0.9253731343283582,0.2,4
7,1752839744576,0.9253731343283582,0.6666666666666666,4
7,1752839744677,0.9253731343283582,0.4666666666666667,4
7,1752839744778,0.9402985074626866,0.2,4
7,1752839744879,0.9402985074626866,0.4,4
7,1752839744980,0.9253731343283582,0.26666666666666666,4
7,1752839745080,0.9253731343283582,0.26666666666666666,4
7,1752839745181,0.9104477611940298,0.26666666666666666,4
7,1752839745282,0.9104477611940298,0.4,4
7,1752839745383,0.8955223880597015,0.5333333333333333,4
7,1752839745484,0.8805970149253731,0.3333333333333333,4
7,1752839745584,0.8805970149253731,0.26666666666666666,4
7,1752839745685,0.8805970149253731,0.3333333333333333,4
7,1752839745786,0.8805970149253731,0.2,4
7,1752839745887,0.8955223880597015,0.2,4
7,1752839745988,0.8955223880597015,0.5333333333333333,4
7,1752839746089,0.8805970149253731,0.4,4
7,1752839746189,0.8507462686567164,0.2,4
7,1752839746290,0.8955223880597015,0.3333333333333333,4
7,1752839746391,0.8955223880597015,0.3333333333333333,4
7,1752839746492,0.9104477611940298,0.26666666666666666,4
7,1752839746593,0.9104477611940298,0.26666666666666666,4
7,1752839746694,0.9253731343283582,0.4,4
7,1752839746794,0.9253731343283582,0.5333333333333333,4
7,1752839746895,0.9253731343283582,0.4,4
7,1752839746996,0.9253731343283582,0.3333333333333333,4
7,1752839747097,0.9402985074626866,0.3333333333333333,4
7,1752839747198,0.9402985074626866,0.3333333333333333,4
7,1752839747299,0.9253731343283582,0.3333333333333333,4
7,1752839747399,0.9253731343283582,0.26666666666666666,4
7,1752839747500,0.9104477611940298,0.6,4
7,1752839747601,0.9253731343283582,0.3333333333333333,4
7,1752839747702,0.9253731343283582,0.4,4
7,1752839747803,0.9253731343283582,0.2,4
7,1752839747904,0.8805970149253731,0.2,4
7,1752839748005,0.8507462686567164,0.26666666666666666,4
7,1752839748105,0.9104477611940298,0.4,4
7,1752839748206,0.8805970149253731,0.4,4
7,1752839748307,0.8955223880597015,0.26666666666666666,4
7,1752839748408,0.8955223880597015,0.3333333333333333,4
7,1752839748509,0.8805970149253731,0.3333333333333333,4
7,1752839748609,0.8955223880597015,0.26666666666666666,4
7,1752839748710,0.9104477611940298,0.3333333333333333,4
7,1752839748811,0.9104477611940298,0.4666666666666667,4
7,1752839748912,0.9253731343283582,0.4,4
7,1752839749013,0.9253731343283582,0.26666666666666666,4
7,1752839749114,0.9253731343283582,0.4,4
7,1752839749214,0.9402985074626866,0.3333333333333333,4
7,1752839749315,0.9402985074626866,0.3333333333333333,4
7,1752839749416,0.9253731343283582,0.26666666666666666,4
7,1752839749517,0.9253731343283582,0.4666666666666667,4
7,1752839749618,0.9402985074626866,0.6,4
7,1752839749719,0.9253731343283582,0.3333333333333333,4
7,1752839749820,0.9253731343283582,0.4,4
7,1752839749920,0.9552238805970149,0.26666666666666666,4
7,1752839750021,0.9253731343283582,0.2,4
7,1752839750122,0.9402985074626866,0.26666666666666666,4
7,1752839750223,0.8955223880597015,0.4666666666666667,4
7,1752839750324,0.8805970149253731,0.5333333333333333,4
7,1752839750425,0.8805970149253731,0.3333333333333333,4
7,1752839750525,0.8805970149253731,0.3333333333333333,4
7,1752839750626,0.8805970149253731,0.26666666666666666,4
7,1752839750727,0.8805970149253731,0.26666666666666666,4
7,1752839750828,0.8805970149253731,0.26666666666666666,4
7,1752839750929,0.8955223880597015,0.6,4
7,1752839751030,0.9104477611940298,0.3333333333333333,4
7,1752839751130,0.9104477611940298,0.3333333333333333,4
7,1752839751231,0.9402985074626866,0.3333333333333333,4
7,1752839751332,0.9253731343283582,0.26666666666666666,4
7,1752839751433,0.9253731343283582,0.2,4
7,1752839751534,0.9402985074626866,0.3333333333333333,4
7,1752839751634,0.9253731343283582,0.5333333333333333,4
7,1752839751735,0.9701492537313433,0.4666666666666667,4
7,1752839751836,0.9402985074626866,0.4,4
7,1752839751937,0.9402985074626866,0.26666666666666666,4
7,1752839752038,0.9402985074626866,0.3333333333333333,4
7,1752839752139,0.9104477611940298,0.2,4
7,1752839752240,0.9253731343283582,0.3333333333333333,4
7,1752839752341,0.9104477611940298,0.3333333333333333,4
7,1752839752441,0.9253731343283582,0.5333333333333333,4
7,1752839752542,0.8955223880597015,0.4,4
7,1752839752643,0.8507462686567164,0.26666666666666666,4
7,1752839752744,0.8805970149253731,0.3333333333333333,4
7,1752839752845,0.8805970149253731,0.2,4
7,1752839752945,0.8805970149253731,0.3333333333333333,4
7,1752839753046,0.8805970149253731,0.4,4
7,1752839753147,0.8805970149253731,0.5333333333333333,4
7,1752839753248,0.9104477611940298,0.26666666666666666,4
7,1752839753349,0.8955223880597015,0.3333333333333333,4
7,1752839753450,0.9104477611940298,0.26666666666666666,4
7,1752839753550,0.9104477611940298,0.3333333333333333,4
7,1752839753651,0.9253731343283582,0.2,4
7,1752839753752,0.9253731343283582,0.4,4
7,1752839753853,0.9253731343283582,0.6,4
7,1752839753954,0.9552238805970149,0.4,4
7,1752839754055,0.9253731343283582,0.3333333333333333,4
7,1752839754155,0.9552238805970149,0.3333333333333333,4
7,1752839754256,0.9402985074626866,0.26666666666666666,4
7,1752839754357,0.9402985074626866,0.4,4
7,1752839754458,0.9253731343283582,0.2,4
7,1752839754559,0.8955223880597015,0.4666666666666667,4
7,1752839754660,0.8955223880597015,0.5333333333333333,4
7,1752839754760,0.8955223880597015,0.3333333333333333,4
7,1752839754861,0.9104477611940298,0.3333333333333333,4
7,1752839754962,0.8805970149253731,0.3333333333333333,4
7,1752839755063,0.8805970149253731,0.2,4
7,1752839755164,0.8805970149253731,0.3333333333333333,4
7,1752839755265,0.8805970149253731,0.26666666666666666,4
7,1752839755365,0.8805970149253731,0.6666666666666666,4
7,1752839755467,0.8805970149253731,0.26666666666666666,4
7,1752839755567,0.8955223880597015,0.26666666666666666,4
7,1752839755668,0.8955223880597015,0.3333333333333333,4
7,1752839755769,0.9104477611940298,0.26666666666666666,4
7,1752839755870,0.9104477611940298,0.26666666666666666,4
7,1752839755971,0.9253731343283582,0.26666666666666666,4
7,1752839756071,0.9402985074626866,0.6,4
7,1752839756173,0.8955223880597015,0.3333333333333333,4
7,1752839756273,0.9402985074626866,0.3333333333333333,4
7,1752839756374,0.9402985074626866,0.4,4
7,1752839756475,0.9402985074626866,0.26666666666666666,4
7,1752839756575,0.9402985074626866,0.26666666666666666,4
7,1752839756676,0.9253731343283582,0.3333333333333333,4
7,1752839756777,0.9253731343283582,0.4666666666666667,4
7,1752839756878,0.9253731343283582,0.4666666666666667,4
7,1752839756979,0.9104477611940298,0.3333333333333333,4
7,1752839757080,0.8955223880597015,0.3333333333333333,4
7,1752839757181,0.8955223880597015,0.3333333333333333,4
7,1752839757281,0.8955223880597015,0.3333333333333333,4
7,1752839757382,0.8955223880597015,0.26666666666666666,4
7,1752839757483,0.8805970149253731,0.4,4
7,1752839757584,0.8805970149253731,0.4666666666666667,4
7,1752839757685,0.8805970149253731,0.26666666666666666,4
7,1752839757786,0.9104477611940298,0.26666666666666666,4
7,1752839757886,0.8955223880597015,0.2,4
7,1752839757987,0.8955223880597015,0.26666666666666666,4
7,1752839758088,0.8955223880597015,0.26666666666666666,4
7,1752839758189,0.9104477611940298,0.4,4
7,1752839758290,0.9104477611940298,0.5333333333333333,4
7,1752839758391,0.9402985074626866,0.4,4
7,1752839758491,0.8955223880597015,0.26666666666666666,4
7,1752839758592,0.9253731343283582,0.4666666666666667,4
7,1752839758693,0.9253731343283582,0.26666666666666666,4
7,1752839758794,0.9253731343283582,0.26666666666666666,4
7,1752839758895,0.9253731343283582,0.26666666666666666,4
7,1752839758995,0.9402985074626866,0.5333333333333333,4
7,1752839759096,0.9253731343283582,0.4666666666666667,4
7,1752839759197,0.9253731343283582,0.3333333333333333,4
7,1752839759298,0.9104477611940298,0.3333333333333333,4
7,1752839759399,0.8955223880597015,0.26666666666666666,4
7,1752839759500,0.8955223880597015,0.26666666666666666,4
7,1752839759601,0.8955223880597015,0.26666666666666666,4
7,1752839759701,0.8805970149253731,0.26666666666666666,4
7,1752839759802,0.8955223880597015,0.5333333333333333,4
7,1752839759903,0.8805970149253731,0.4,4
7,1752839760004,0.9104477611940298,0.26666666666666666,4
7,1752839760105,0.9253731343283582,0.3333333333333333,4
7,1752839760206,0.8805970149253731,0.3333333333333333,4
7,1752839760306,0.8955223880597015,0.26666666666666666,4
7,1752839760407,0.8955223880597015,0.26666666666666666,4
7,1752839760508,0.8955223880597015,0.6666666666666666,4
7,1752839760609,0.9253731343283582,0.3333333333333333,4
7,1752839760710,0.9253731343283582,0.3333333333333333,4
7,1752839760811,0.9253731343283582,0.4,4
7,1752839760911,0.9253731343283582,0.3333333333333333,4
7,1752839761012,0.9253731343283582,0.26666666666666666,4
7,1752839761113,0.9402985074626866,0.26666666666666666,4
7,1752839761214,0.9402985074626866,0.3333333333333333,4
7,1752839761315,0.9253731343283582,0.6666666666666666,4
7,1752839761416,0.9253731343283582,0.3333333333333333,4
7,1752839761516,0.9253731343283582,0.3333333333333333,4
7,1752839761617,0.9104477611940298,0.4,4
7,1752839761718,0.9253731343283582,0.26666666666666666,4
7,1752839761819,0.8955223880597015,0.3333333333333333,4
7,1752839761920,0.8805970149253731,0.3333333333333333,4
7,1752839762021,0.8805970149253731,0.4,4
7,1752839762121,0.9104477611940298,0.4666666666666667,4
7,1752839762222,0.8805970149253731,0.3333333333333333,4
7,1752839762323,0.8805970149253731,0.4,4
7,1752839762424,0.8805970149253731,0.26666666666666666,4
7,1752839762525,0.8805970149253731,0.3333333333333333,4
7,1752839762626,0.8955223880597015,0.26666666666666666,4
7,1752839762726,0.8955223880597015,0.3333333333333333,4
7,1752839762827,0.8955223880597015,0.6,4
7,1752839762928,0.9253731343283582,0.3333333333333333,4
7,1752839763029,0.9253731343283582,0.26666666666666666,4
7,1752839763130,0.9253731343283582,0.4,4
7,1752839763231,0.9253731343283582,0.3333333333333333,4
7,1752839763332,0.9253731343283582,0.26666666666666666,4
7,1752839763432,0.9402985074626866,0.3333333333333333,4
7,1752839763533,0.9402985074626866,0.4,4
7,1752839763634,0.9253731343283582,0.6,4
7,1752839763735,0.9253731343283582,0.3333333333333333,4
7,1752839763836,0.9402985074626866,0.26666666666666666,4
7,1752839763936,0.9253731343283582,0.3333333333333333,4
7,1752839764037,0.8955223880597015,0.4,4
7,1752839764138,0.8955223880597015,0.26666666666666666,4
7,1752839764239,0.8955223880597015,0.4,4
7,1752839764340,0.8805970149253731,0.4,4
7,1752839764441,0.8805970149253731,0.6,4
7,1752839764541,0.8805970149253731,0.2,4
7,1752839764642,0.8805970149253731,0.3333333333333333,4
7,1752839764743,0.8805970149253731,0.26666666666666666,4
7,1752839764844,0.8805970149253731,0.4,4
7,1752839764945,0.8955223880597015,0.2,4
7,1752839765046,0.8955223880597015,0.26666666666666666,4
7,1752839765147,0.8955223880597015,0.5333333333333333,4
7,1752839765247,0.9104477611940298,0.4,4
7,1752839765348,0.9253731343283582,0.3333333333333333,4
7,1752839765449,0.9402985074626866,0.4,4
7,1752839765550,0.9104477611940298,0.26666666666666666,4
7,1752839765651,0.9253731343283582,0.2,4
7,1752839765751,0.9253731343283582,0.26666666666666666,4
7,1752839765852,0.9402985074626866,0.3333333333333333,4
7,1752839765953,0.9253731343283582,0.4666666666666667,4
7,1752839766054,0.9402985074626866,0.26666666666666666,4
7,1752839766155,0.9253731343283582,0.4,4
7,1752839766256,0.8955223880597015,0.2,4
7,1752839766357,0.9104477611940298,0.3333333333333333,4
7,1752839766458,0.9253731343283582,0.26666666666666666,4
7,1752839766558,0.8955223880597015,0.26666666666666666,4
7,1752839766659,0.8955223880597015,0.6,4
7,1752839766760,0.8805970149253731,0.4666666666666667,4
7,1752839766861,0.8805970149253731,0.26666666666666666,4
7,1752839766962,0.8656716417910447,0.26666666666666666,4
7,1752839767063,0.8805970149253731,0.2,4
7,1752839767163,0.8805970149253731,0.26666666666666666,4
7,1752839767264,0.8955223880597015,0.26666666666666666,4
7,1752839767365,0.8955223880597015,0.5333333333333333,4
7,1752839767466,0.8955223880597015,0.4,4
7,1752839767567,0.8955223880597015,0.26666666666666666,4
7,1752839767667,0.9104477611940298,0.4,4
7,1752839767768,0.9253731343283582,0.26666666666666666,4
7,1752839767869,0.9253731343283582,0.4,4
7,1752839767970,0.9253731343283582,0.3333333333333333,4
7,1752839768071,0.9253731343283582,0.6666666666666666,4
7,1752839768172,0.9402985074626866,0.4666666666666667,4
7,1752839768273,0.9104477611940298,0.4666666666666667,4
7,1752839768373,0.9253731343283582,0.4666666666666667,4
7,1752839768474,0.9253731343283582,0.3333333333333333,4
7,1752839768575,0.9253731343283582,0.4,4
7,1752839768676,0.9104477611940298,0.3333333333333333,4
7,1752839768777,0.9104477611940298,0.6,4
7,1752839768878,0.9104477611940298,0.6,4
7,1752839768978,0.8955223880597015,0.13333333333333333,4
7,1752839769079,0.8955223880597015,0.4666666666666667,4
7,1752839769180,0.8955223880597015,0.26666666666666666,4
7,1752839769281,0.8805970149253731,0.2,4
7,1752839769381,0.8805970149253731,0.3333333333333333,4
7,1752839769482,0.8805970149253731,0.26666666666666666,4
7,1752839769583,0.8955223880597015,0.6,4
7,1752839769684,0.8955223880597015,0.4666666666666667,4
7,1752839769785,0.8955223880597015,0.26666666666666666,4
7,1752839769886,0.9253731343283582,0.26666666666666666,4
7,1752839769987,0.9253731343283582,0.26666666666666666,4
7,1752839770087,0.9253731343283582,0.2,4
7,1752839770188,0.9402985074626866,0.13333333333333333,4
7,1752839770289,0.9253731343283582,0.3333333333333333,4
7,1752839770390,0.8805970149253731,0.4666666666666667,4
7,1752839770491,0.9253731343283582,0.26666666666666666,4
7,1752839770592,0.9402985074626866,0.3333333333333333,4
7,1752839770692,0.9253731343283582,0.26666666666666666,4
7,1752839770793,0.9253731343283582,0.3333333333333333,4
7,1752839770894,0.9253731343283582,0.3333333333333333,4
7,1752839770995,0.9104477611940298,0.4,4
7,1752839771096,0.9104477611940298,0.5333333333333333,4
7,1752839771197,0.9104477611940298,0.3333333333333333,4
7,1752839771297,0.8955223880597015,0.3333333333333333,4
7,1752839771398,0.8805970149253731,0.26666666666666666,4
7,1752839771499,0.8805970149253731,0.2,4
7,1752839771600,0.8955223880597015,0.26666666666666666,4
7,1752839771701,0.8805970149253731,0.26666666666666666,4
7,1752839771802,0.8805970149253731,0.4666666666666667,4
7,1752839771902,0.8805970149253731,0.4,4
7,1752839772003,0.8955223880597015,0.3333333333333333,4
7,1752839772104,0.8955223880597015,0.26666666666666666,4
7,1752839772205,0.9104477611940298,0.3333333333333333,4
7,1752839772306,0.9104477611940298,0.26666666666666666,4
7,1752839772407,0.9552238805970149,0.26666666666666666,4
7,1752839772507,0.9253731343283582,0.3333333333333333,4
7,1752839772608,0.9253731343283582,0.4666666666666667,4
7,1752839772709,0.9402985074626866,0.26666666666666666,4
7,1752839772810,0.9402985074626866,0.3333333333333333,4
7,1752839772911,0.9402985074626866,0.4,4
7,1752839773012,0.9253731343283582,0.3333333333333333,4
7,1752839773113,0.9253731343283582,0.4,4
7,1752839773213,0.9253731343283582,0.4,4
7,1752839773314,0.9253731343283582,0.4666666666666667,4
7,1752839773415,0.9104477611940298,0.4,4
7,1752839773516,0.9104477611940298,0.3333333333333333,4
7,1752839773617,0.8955223880597015,0.3333333333333333,4
7,1752839773718,0.8805970149253731,0.26666666666666666,4
7,1752839773819,0.8805970149253731,0.3333333333333333,4
7,1752839773919,0.8656716417910447,0.3333333333333333,4
7,1752839774020,0.8805970149253731,0.4,4
7,1752839774121,0.8805970149253731,0.5333333333333333,4
7,1752839774222,0.9253731343283582,0.26666666666666666,4
7,1752839774323,0.8805970149253731,0.3333333333333333,4
7,1752839774423,0.8955223880597015,0.3333333333333333,4
7,1752839774524,0.8805970149253731,0.26666666666666666,4
7,1752839774625,0.9104477611940298,0.3333333333333333,4
7,1752839774726,0.9104477611940298,0.3333333333333333,4
7,1752839774827,0.9253731343283582,0.4666666666666667,4
7,1752839774928,0.9402985074626866,0.4666666666666667,4
7,1752839775029,0.9402985074626866,0.3333333333333333,4
7,1752839775129,0.9253731343283582,0.3333333333333333,4
7,1752839775230,0.9402985074626866,0.3333333333333333,4
7,1752839775331,0.9402985074626866,0.3333333333333333,4
7,1752839775432,0.9253731343283582,0.3333333333333333,4
7,1752839775533,0.9253731343283582,0.4666666666666667,4
7,1752839775634,0.8955223880597015,0.5333333333333333,4
7,1752839775734,0.9253731343283582,0.4,4
7,1752839775835,0.9104477611940298,0.4,4
7,1752839775936,0.9104477611940298,0.26666666666666666,4
7,1752839776037,0.8955223880597015,0.4,4
7,1752839776138,0.8805970149253731,0.2,4
7,1752839776239,0.8805970149253731,0.3333333333333333,4
7,1752839776339,0.8656716417910447,0.4,4
7,1752839776440,0.8805970149253731,0.4,4
7,1752839776541,0.8955223880597015,0.26666666666666666,4
7,1752839776642,0.8805970149253731,0.3333333333333333,4
7,1752839776743,0.8656716417910447,0.3333333333333333,4
7,1752839776844,0.8955223880597015,0.26666666666666666,4
7,1752839776944,0.8955223880597015,0.26666666666666666,4
7,1752839777045,0.9253731343283582,0.26666666666666666,4
7,1752839777146,0.9253731343283582,0.4666666666666667,4
7,1752839777247,0.9253731343283582,0.4666666666666667,4
7,1752839777348,0.9402985074626866,0.3333333333333333,4
7,1752839777449,0.9402985074626866,0.4,4
7,1752839777549,0.9402985074626866,0.3333333333333333,4
7,1752839777650,0.9402985074626866,0.4,4
7,1752839777751,0.9253731343283582,0.26666666666666666,4
7,1752839777852,0.9402985074626866,0.4,4
7,1752839777953,0.9253731343283582,0.6666666666666666,4
7,1752839778054,0.9253731343283582,0.4666666666666667,4
7,1752839778154,0.9253731343283582,0.3333333333333333,4
7,1752839778255,0.9253731343283582,0.4,4
7,1752839778356,0.8805970149253731,0.3333333333333333,4
7,1752839778457,0.8955223880597015,0.3333333333333333,4
7,1752839778558,0.8805970149253731,0.3333333333333333,4
7,1752839778659,0.8805970149253731,0.26666666666666666,4
7,1752839778760,0.8805970149253731,0.5333333333333333,4
7,1752839778860,0.8805970149253731,0.4,4
7,1752839778962,0.8955223880597015,0.3333333333333333,4
7,1752839779062,0.8955223880597015,0.26666666666666666,4
7,1752839779163,0.8805970149253731,0.2,4
7,1752839779264,0.9104477611940298,0.26666666666666666,4
7,1752839779365,0.9253731343283582,0.26666666666666666,4
7,1752839779465,0.9402985074626866,0.26666666666666666,4
7,1752839779566,0.9104477611940298,0.6666666666666666,4
7,1752839779667,0.9253731343283582,0.26666666666666666,4
7,1752839779768,0.9402985074626866,0.3333333333333333,4
7,1752839779869,0.9402985074626866,0.3333333333333333,4
7,1752839779970,0.9552238805970149,0.3333333333333333,4
7,1752839780070,0.9402985074626866,0.4,4
7,1752839780171,0.9402985074626866,0.26666666666666666,4
7,1752839780272,0.9402985074626866,0.5333333333333333,4
7,1752839780373,0.9253731343283582,0.4,4
7,1752839780474,0.9253731343283582,0.4666666666666667,4
7,1752839780574,0.8955223880597015,0.26666666666666666,4
7,1752839780675,0.8955223880597015,0.26666666666666666,4
7,1752839780776,0.8805970149253731,0.26666666666666666,4
7,1752839780877,0.8805970149253731,0.26666666666666666,4
7,1752839780978,0.8805970149253731,0.5333333333333333,4
7,1752839781079,0.8805970149253731,0.4,4
7,1752839781180,0.8805970149253731,0.3333333333333333,4
7,1752839781280,0.8955223880597015,0.26666666666666666,4
7,1752839781381,0.8955223880597015,0.3333333333333333,4
7,1752839781482,0.8955223880597015,0.3333333333333333,4
7,1752839781583,0.9104477611940298,0.3333333333333333,4
7,1752839781684,0.9104477611940298,0.26666666666666666,4
7,1752839781785,0.9104477611940298,0.3333333333333333,4
7,1752839781885,0.9253731343283582,0.5333333333333333,4
7,1752839781986,0.9402985074626866,0.3333333333333333,4
7,1752839782087,0.9253731343283582,0.26666666666666666,4
7,1752839782188,0.9402985074626866,0.3333333333333333,4
7,1752839782289,0.9402985074626866,0.26666666666666666,4
7,1752839782390,0.9402985074626866,0.26666666666666666,4
7,1752839782490,0.9402985074626866,0.3333333333333333,4
7,1752839782591,0.9402985074626866,0.5333333333333333,4
7,1752839782692,0.9253731343283582,0.4,4
7,1752839782793,0.9104477611940298,0.3333333333333333,4
7,1752839782894,0.9104477611940298,0.3333333333333333,4
7,1752839782995,0.8955223880597015,0.3333333333333333,4
7,1752839783095,0.8955223880597015,0.3333333333333333,4
7,1752839783196,0.8805970149253731,0.3333333333333333,4
7,1752839783297,0.8805970149253731,0.5333333333333333,4
7,1752839783398,0.8805970149253731,0.3333333333333333,4
7,1752839783499,0.8805970149253731,0.3333333333333333,4
7,1752839783600,0.8805970149253731,0.26666666666666666,4
7,1752839783701,0.8805970149253731,0.3333333333333333,4
7,1752839783802,0.8955223880597015,0.3333333333333333,4
7,1752839783902,0.8955223880597015,0.26666666666666666,4
7,1752839784003,0.9104477611940298,0.4666666666666667,4
7,1752839784104,0.9253731343283582,0.4,4
7,1752839784205,0.9253731343283582,0.3333333333333333,4
7,1752839784305,0.9402985074626866,0.3333333333333333,4
7,1752839784406,0.9701492537313433,0.26666666666666666,4
7,1752839784507,0.9402985074626866,0.3333333333333333,4
7,1752839784608,0.9253731343283582,0.3333333333333333,4
7,1752839784709,0.9552238805970149,0.26666666666666666,4
7,1752839784810,0.9253731343283582,0.5333333333333333,4
7,1752839784911,0.9253731343283582,0.4666666666666667,4
7,1752839785011,0.9253731343283582,0.26666666666666666,4
7,1752839785112,0.9253731343283582,0.3333333333333333,4
7,1752839785213,0.9104477611940298,0.26666666666666666,4
7,1752839785314,0.9104477611940298,0.26666666666666666,4
7,1752839785415,0.8955223880597015,0.26666666666666666,4
7,1752839785515,0.8805970149253731,0.6,4
7,1752839785616,0.8805970149253731,0.4666666666666667,4
7,1752839785717,0.8507462686567164,0.26666666666666666,4
7,1752839785818,0.8805970149253731,0.3333333333333333,4
7,1752839785919,0.8805970149253731,0.26666666666666666,4
7,1752839786020,0.8955223880597015,0.26666666666666666,4
7,1752839786120,0.8955223880597015,0.26666666666666666,4
7,1752839786221,0.8955223880597015,0.4666666666666667,4
7,1752839786322,0.9104477611940298,0.6,4
7,1752839786423,0.9253731343283582,0.3333333333333333,4
7,1752839786524,0.9104477611940298,0.4,4
7,1752839786624,0.9701492537313433,0.2,4
7,1752839786725,0.9253731343283582,0.3333333333333333,4
7,1752839786826,0.9253731343283582,0.26666666666666666,4
7,1752839786927,0.9402985074626866,0.3333333333333333,4
7,1752839787028,0.9402985074626866,0.5333333333333333,4
7,1752839787129,0.9253731343283582,0.6,4
7,1752839787230,0.9253731343283582,0.2,4
7,1752839787330,0.9253731343283582,0.3333333333333333,4
7,1752839787431,0.9253731343283582,0.26666666666666666,4
7,1752839787532,0.9104477611940298,0.3333333333333333,4
7,1752839787633,0.8955223880597015,0.26666666666666666,4
7,1752839787734,0.8955223880597015,0.3333333333333333,4
7,1752839787835,0.8955223880597015,0.6,4
7,1752839787935,0.8805970149253731,0.3333333333333333,4
7,1752839788036,0.8805970149253731,0.26666666666666666,4
7,1752839788137,0.9104477611940298,0.4666666666666667,4
7,1752839788238,0.8805970149253731,0.2,4
7,1752839788339,0.8955223880597015,0.26666666666666666,4
7,1752839788440,0.9253731343283582,0.13333333333333333,4
7,1752839788540,0.8656716417910447,0.6666666666666666,4
7,1752839788641,0.9104477611940298,0.3333333333333333,4
7,1752839788742,0.9104477611940298,0.3333333333333333,4
7,1752839788843,0.9104477611940298,0.4,4
7,1752839788944,0.9402985074626866,0.3333333333333333,4
7,1752839789045,0.9253731343283582,0.2,4
7,1752839789145,0.9402985074626866,0.3333333333333333,4
7,1752839789246,0.9402985074626866,0.3333333333333333,4
7,1752839789347,0.9402985074626866,0.6,4
7,1752839789448,0.9402985074626866,0.3333333333333333,4
7,1752839789549,0.9253731343283582,0.3333333333333333,4
7,1752839789650,0.9402985074626866,0.3333333333333333,4
7,1752839789751,0.9253731343283582,0.26666666666666666,4
7,1752839789851,0.9104477611940298,0.3333333333333333,4
7,1752839789952,0.9402985074626866,0.26666666666666666,4
7,1752839790053,0.8955223880597015,0.5333333333333333,4
7,1752839790154,0.9253731343283582,0.4,4
7,1752839790255,0.9253731343283582,0.3333333333333333,4
7,1752839790355,0.8805970149253731,0.4,4
7,1752839790456,0.9253731343283582,0.3333333333333333,4
7,1752839790557,0.8955223880597015,0.13333333333333333,4
7,1752839790658,0.8955223880597015,0.3333333333333333,4
7,1752839790759,0.8805970149253731,0.5333333333333333,4
7,1752839790860,0.9104477611940298,0.4666666666666667,4
7,1752839790961,0.9104477611940298,0.3333333333333333,4
7,1752839791062,0.9104477611940298,0.4,4
7,1752839791162,0.9253731343283582,0.3333333333333333,4
7,1752839791264,0.9253731343283582,0.26666666666666666,4
7,1752839791364,0.9253731343283582,0.3333333333333333,4
7,1752839791465,0.9402985074626866,0.26666666666666666,4
7,1752839791566,0.9253731343283582,0.6,4
7,1752839791666,0.9402985074626866,0.4,4
7,1752839791767,0.9253731343283582,0.3333333333333333,4
7,1752839791868,0.9253731343283582,0.4,4
7,1752839791969,0.9253731343283582,0.3333333333333333,4
7,1752839792070,0.9402985074626866,0.26666666666666666,4
7,1752839792170,0.9253731343283582,0.2,4
7,1752839792272,0.9402985074626866,0.3333333333333333,4
7,1752839792372,0.8955223880597015,0.6,4
7,1752839792473,0.9253731343283582,0.26666666666666666,4
7,1752839792574,0.8955223880597015,0.3333333333333333,4
7,1752839792675,0.8805970149253731,0.4,4
7,1752839792776,0.8656716417910447,0.26666666666666666,4
7,1752839792876,0.8805970149253731,0.3333333333333333,4
7,1752839792977,0.8805970149253731,0.26666666666666666,4
7,1752839793078,0.8955223880597015,0.5333333333333333,4
7,1752839793179,0.8955223880597015,0.4,4
7,1752839793280,0.9104477611940298,0.26666666666666666,4
7,1752839793381,0.9253731343283582,0.4,4
7,1752839793481,0.9253731343283582,0.3333333333333333,4
7,1752839793582,0.9253731343283582,0.3333333333333333,4
7,1752839793683,0.9253731343283582,0.2,4
7,1752839793784,0.9402985074626866,0.4666666666666667,4
7,1752839793885,0.9402985074626866,0.5333333333333333,4
7,1752839793986,0.9402985074626866,0.3333333333333333,4
7,1752839794086,0.9402985074626866,0.3333333333333333,4
7,1752839794188,0.9552238805970149,0.3333333333333333,4
7,1752839794289,0.9253731343283582,0.3333333333333333,4
7,1752839794389,0.9104477611940298,0.3333333333333333,4
7,1752839794490,0.9104477611940298,0.26666666666666666,4
7,1752839794591,0.8955223880597015,0.4,4
7,1752839794691,0.8805970149253731,0.4666666666666667,4
7,1752839794792,0.8805970149253731,0.3333333333333333,4
7,1752839794893,0.8805970149253731,0.3333333333333333,4
7,1752839794994,0.8805970149253731,0.4,4
7,1752839795095,0.8805970149253731,0.3333333333333333,4
7,1752839795196,0.8805970149253731,0.26666666666666666,4
7,1752839795297,0.8805970149253731,0.4,4
7,1752839795397,0.9104477611940298,0.6,4
7,1752839795498,0.9104477611940298,0.3333333333333333,4
7,1752839795599,0.9104477611940298,0.3333333333333333,4
7,1752839795700,0.9253731343283582,0.3333333333333333,4
7,1752839795801,0.9402985074626866,0.3333333333333333,4
7,1752839795901,0.9402985074626866,0.3333333333333333,4
7,1752839796002,0.9253731343283582,0.2,4
7,1752839796103,0.9402985074626866,0.6,4
7,1752839796204,0.9402985074626866,0.4666666666666667,4
7,1752839796305,0.9701492537313433,0.3333333333333333,4
7,1752839796406,0.9253731343283582,0.4,4
7,1752839796507,0.9253731343283582,0.3333333333333333,4
7,1752839796607,0.9253731343283582,0.3333333333333333,4
7,1752839796708,0.9253731343283582,0.3333333333333333,4
7,1752839796809,0.8955223880597015,0.2,4
7,1752839796910,0.9104477611940298,0.5333333333333333,4
7,1752839797011,0.8805970149253731,0.4,4
7,1752839797111,0.8955223880597015,0.4,4
7,1752839797212,0.8805970149253731,0.4,4
7,1752839797313,0.8805970149253731,0.26666666666666666,4
7,1752839797414,0.8805970149253731,0.3333333333333333,4
7,1752839797515,0.8805970149253731,0.26666666666666666,4
7,1752839797616,0.8955223880597015,0.3333333333333333,4
7,1752839797716,0.9253731343283582,0.5333333333333333,4
7,1752839797817,0.8955223880597015,0.26666666666666666,4
7,1752839797918,0.9104477611940298,0.26666666666666666,4
7,1752839798019,0.9402985074626866,0.4,4
7,1752839798120,0.9402985074626866,0.3333333333333333,4
7,1752839798221,0.9402985074626866,0.3333333333333333,4
7,1752839798322,0.9253731343283582,0.4,4
7,1752839798423,0.9402985074626866,0.4666666666666667,4
7,1752839798524,0.9402985074626866,0.4666666666666667,4
7,1752839798624,0.9402985074626866,0.3333333333333333,4
7,1752839798725,0.9402985074626866,0.4,4
7,1752839798826,0.9253731343283582,0.3333333333333333,4
7,1752839798927,0.9253731343283582,0.3333333333333333,4
7,1752839799028,0.8955223880597015,0.26666666666666666,4
7,1752839799128,0.8955223880597015,0.3333333333333333,4
7,1752839799229,0.8955223880597015,0.4,4
7,1752839799330,0.8805970149253731,0.5333333333333333,4
7,1752839799431,0.8955223880597015,0.2,4
7,1752839799532,0.8805970149253731,0.26666666666666666,4
7,1752839799633,0.8805970149253731,0.3333333333333333,4
7,1752839799733,0.8805970149253731,0.26666666666666666,4
7,1752839799834,0.8955223880597015,0.26666666666666666,4
7,1752839799935,0.8955223880597015,0.26666666666666666,4
7,1752839800036,0.8955223880597015,0.26666666666666666,4
7,1752839800137,0.9253731343283582,0.6,4
7,1752839800237,0.8805970149253731,0.3333333333333333,4
7,1752839800339,0.9253731343283582,0.4,4
7,1752839800439,0.9552238805970149,0.3333333333333333,4
7,1752839800540,0.9552238805970149,0.2,4
7,1752839800641,0.9552238805970149,0.4,4
7,1752839800741,0.9402985074626866,0.26666666666666666,4
7,1752839800842,0.9552238805970149,0.4666666666666667,4
7,1752839800943,0.9253731343283582,0.4666666666666667,4
7,1752839801044,0.9552238805970149,0.26666666666666666,4
7,1752839801145,0.9253731343283582,0.3333333333333333,4
7,1752839801246,0.9253731343283582,0.4666666666666667,4
7,1752839801347,0.9104477611940298,0.3333333333333333,4
7,1752839801447,0.9104477611940298,0.26666666666666666,4
7,1752839801548,0.8955223880597015,0.4,4
7,1752839801649,0.8955223880597015,0.26666666666666666,4
7,1752839801750,0.8805970149253731,0.6,4
7,1752839801851,0.8955223880597015,0.3333333333333333,4
7,1752839801952,0.9253731343283582,0.26666666666666666,4
7,1752839802052,0.8955223880597015,0.2,4
7,1752839802153,0.8805970149253731,0.2,4
7,1752839802254,0.9253731343283582,0.26666666666666666,4
7,1752839802355,0.9253731343283582,0.13333333333333333,4
7,1752839802456,0.9253731343283582,0.26666666666666666,4
7,1752839802557,0.9104477611940298,0.5333333333333333,4
7,1752839802657,0.9104477611940298,0.26666666666666666,4
7,1752839802758,0.9402985074626866,0.4,4
7,1752839802859,0.9402985074626866,0.26666666666666666,4
7,1752839802960,0.9402985074626866,0.3333333333333333,4
7,1752839803061,0.9253731343283582,0.3333333333333333,4
7,1752839803162,0.9253731343283582,0.4,4
7,1752839803263,0.9253731343283582,0.7333333333333333,4
7,1752839803363,0.9253731343283582,0.3333333333333333,4
7,1752839803464,0.9253731343283582,0.3333333333333333,4
7,1752839803565,0.9253731343283582,0.4,4
7,1752839803666,0.9104477611940298,0.26666666666666666,4
7,1752839803767,0.9104477611940298,0.26666666666666666,4
7,1752839803867,0.8955223880597015,0.26666666666666666,4
7,1752839803968,0.8955223880597015,0.4,4
7,1752839804069,0.8656716417910447,0.5333333333333333,4
7,1752839804170,0.8805970149253731,0.3333333333333333,4
7,1752839804271,0.9104477611940298,0.3333333333333333,4
7,1752839804371,0.8955223880597015,0.26666666666666666,4
7,1752839804472,0.8955223880597015,0.26666666666666666,4
7,1752839804573,0.8805970149253731,0.26666666666666666,4
7,1752839804674,0.8955223880597015,0.26666666666666666,4
7,1752839804775,0.9104477611940298,0.2,4
7,1752839804876,0.9104477611940298,0.6,4
7,1752839804977,0.9253731343283582,0.4666666666666667,4
7,1752839805077,0.9253731343283582,0.3333333333333333,4
7,1752839805178,0.9402985074626866,0.3333333333333333,4
7,1752839805279,0.9253731343283582,0.26666666666666666,4
7,1752839805380,0.9402985074626866,0.26666666666666666,4
7,1752839805481,0.9253731343283582,0.3333333333333333,4
7,1752839805582,0.9253731343283582,0.3333333333333333,4
7,1752839805682,0.9253731343283582,0.6,4
7,1752839805783,0.9253731343283582,0.3333333333333333,4
7,1752839805884,0.9104477611940298,0.26666666666666666,4
7,1752839805985,0.8955223880597015,0.3333333333333333,4
7,1752839806086,0.8955223880597015,0.26666666666666666,4
7,1752839806187,0.8805970149253731,0.26666666666666666,4
7,1752839806287,0.8955223880597015,0.3333333333333333,4
7,1752839806388,0.8955223880597015,0.2,4
7,1752839806489,0.8656716417910447,0.3333333333333333,4
7,1752839806590,0.8507462686567164,0.5333333333333333,4
7,1752839806691,0.8805970149253731,0.26666666666666666,4
7,1752839806792,0.8955223880597015,0.3333333333333333,4
7,1752839806892,0.8955223880597015,0.26666666666666666,4
7,1752839806993,0.8955223880597015,0.26666666666666666,4
7,1752839807094,0.9104477611940298,0.3333333333333333,4
7,1752839807195,0.9253731343283582,0.3333333333333333,4
7,1752839807296,0.9253731343283582,0.26666666666666666,4
7,1752839807397,0.9402985074626866,0.4666666666666667,4
7,1752839807498,0.9552238805970149,0.6,4
7,1752839807598,0.9253731343283582,0.3333333333333333,4
7,1752839807699,0.9402985074626866,0.26666666666666666,4
7,1752839807800,0.9402985074626866,0.3333333333333333,4
7,1752839807901,0.9253731343283582,0.3333333333333333,4
7,1752839808002,0.9104477611940298,0.26666666666666666,4
7,1752839808102,0.9253731343283582,0.3333333333333333,4
7,1752839808203,0.9253731343283582,0.3333333333333333,4
7,1752839808304,0.8955223880597015,0.4,4
7,1752839808405,0.8805970149253731,0.3333333333333333,4
7,1752839808506,0.8805970149253731,0.3333333333333333,4
7,1752839808607,0.8805970149253731,0.3333333333333333,4
7,1752839808707,0.8805970149253731,0.26666666666666666,4
7,1752839808808,0.8805970149253731,0.26666666666666666,4
7,1752839808909,0.8656716417910447,0.26666666666666666,4
7,1752839809010,0.8805970149253731,0.4666666666666667,4
7,1752839809111,0.8955223880597015,0.4666666666666667,4
7,1752839809212,0.9104477611940298,0.3333333333333333,4
7,1752839809312,0.9104477611940298,0.3333333333333333,4
7,1752839809413,0.9104477611940298,0.3333333333333333,4
7,1752839809514,0.9253731343283582,0.3333333333333333,4
7,1752839809615,0.9552238805970149,0.26666666666666666,4
7,1752839809716,0.9253731343283582,0.3333333333333333,4
7,1752839809817,0.9402985074626866,0.4666666666666667,4
7,1752839809918,0.9402985074626866,0.5333333333333333,4
7,1752839810018,0.9402985074626866,0.26666666666666666,4
7,1752839810119,0.9253731343283582,0.4,4
7,1752839810220,0.9253731343283582,0.3333333333333333,4
7,1752839810321,0.9253731343283582,0.3333333333333333,4
7,1752839810422,0.9253731343283582,0.3333333333333333,4
7,1752839810523,0.9104477611940298,0.3333333333333333,4
7,1752839810624,0.8955223880597015,0.6666666666666666,4
7,1752839810724,0.9253731343283582,0.4,4
7,1752839810825,0.8805970149253731,0.3333333333333333,4
7,1752839810926,0.8955223880597015,0.4666666666666667,4
7,1752839811027,0.9104477611940298,0.26666666666666666,4
7,1752839811128,0.8656716417910447,0.3333333333333333,4
7,1752839811228,0.8805970149253731,0.3333333333333333,4
7,1752839811329,0.8805970149253731,0.6,4
7,1752839811430,0.8805970149253731,0.4,4
7,1752839811531,0.9104477611940298,0.3333333333333333,4
7,1752839811632,0.9104477611940298,0.3333333333333333,4
7,1752839811733,0.9253731343283582,0.4,4
7,1752839811834,0.9253731343283582,0.3333333333333333,4
7,1752839811934,0.9253731343283582,0.3333333333333333,4
7,1752839812035,0.9253731343283582,0.3333333333333333,4
7,1752839812136,0.9701492537313433,0.7333333333333333,4
7,1752839812237,0.9552238805970149,0.4,4
7,1752839812337,0.9552238805970149,0.4,4
7,1752839812438,0.9552238805970149,0.26666666666666666,4
7,1752839812539,0.9104477611940298,0.3333333333333333,4
7,1752839812640,0.9104477611940298,0.13333333333333333,4
7,1752839812741,0.9104477611940298,0.3333333333333333,4
7,1752839812842,0.9104477611940298,0.26666666666666666,4
7,1752839812943,0.8955223880597015,0.6666666666666666,4
7,1752839813043,0.8955223880597015,0.3333333333333333,4
7,1752839813144,0.8805970149253731,0.3333333333333333,4
7,1752839813245,0.8805970149253731,0.26666666666666666,4
7,1752839813346,0.8805970149253731,0.26666666666666666,4
7,1752839813447,0.8805970149253731,0.26666666666666666,4
7,1752839813548,0.8805970149253731,0.26666666666666666,4
7,1752839813648,0.8955223880597015,0.5333333333333333,4
7,1752839813749,0.8955223880597015,0.4666666666666667,4
7,1752839813850,0.8955223880597015,0.26666666666666666,4
7,1752839813951,0.9104477611940298,0.3333333333333333,4
7,1752839814052,0.9104477611940298,0.26666666666666666,4
7,1752839814153,0.9701492537313433,0.26666666666666666,4
7,1752839814254,0.8955223880597015,0.2,4
7,1752839814355,0.9253731343283582,0.3333333333333333,4
7,1752839814455,0.9552238805970149,0.4,4
7,1752839814556,0.9253731343283582,0.6,4
7,1752839814657,1.0,0.26666666666666666,4
7,1752839814758,0.9402985074626866,0.3333333333333333,4
7,1752839814859,0.9253731343283582,0.26666666666666666,4
7,1752839814959,0.9253731343283582,0.26666666666666666,4
7,1752839815060,0.9253731343283582,0.4,4
7,1752839815161,0.8955223880597015,0.4666666666666667,4
7,1752839815262,0.9104477611940298,0.3333333333333333,4
7,1752839815363,0.8955223880597015,0.6,4
7,1752839815464,0.8955223880597015,0.4,4
7,1752839815564,0.8805970149253731,0.3333333333333333,4
7,1752839815665,0.8805970149253731,0.3333333333333333,4
7,1752839815766,0.8805970149253731,0.3333333333333333,4
7,1752839815867,0.8955223880597015,0.26666666666666666,4
7,1752839815968,0.8955223880597015,0.26666666666666666,4
7,1752839816068,0.9104477611940298,0.4,4
7,1752839816170,0.8955223880597015,0.4666666666666667,4
7,1752839816270,0.9402985074626866,0.26666666666666666,4
7,1752839816371,0.9253731343283582,0.4,4
7,1752839816472,0.9253731343283582,0.26666666666666666,4
7,1752839816573,0.9552238805970149,0.13333333333333333,4
7,1752839816673,0.9402985074626866,0.13333333333333333,4
7,1752839816774,0.9402985074626866,0.13333333333333333,4
7,1752839816875,0.9552238805970149,0.26666666666666666,4
7,1752839816976,0.9253731343283582,0.4666666666666667,4
7,1752839817077,0.9253731343283582,0.3333333333333333,4
7,1752839817178,0.9253731343283582,0.3333333333333333,4
7,1752839817279,0.9253731343283582,0.3333333333333333,4
7,1752839817379,0.9104477611940298,0.3333333333333333,4
7,1752839817480,0.9104477611940298,0.26666666666666666,4
7,1752839817581,0.8955223880597015,0.26666666666666666,4
7,1752839817682,0.8805970149253731,0.4666666666666667,4
7,1752839817783,0.8805970149253731,0.4666666666666667,4
7,1752839817884,0.8955223880597015,0.26666666666666666,4
7,1752839817985,0.8955223880597015,0.3333333333333333,4
7,1752839818085,0.8656716417910447,0.2,4
7,1752839818186,0.8805970149253731,0.3333333333333333,4
7,1752839818287,0.8955223880597015,0.3333333333333333,4
7,1752839818388,0.8955223880597015,0.5333333333333333,4
7,1752839818489,0.9253731343283582,0.4666666666666667,4
7,1752839818590,0.9253731343283582,0.2,4
7,1752839818690,0.9253731343283582,0.3333333333333333,4
7,1752839818791,0.9402985074626866,0.26666666666666666,4
7,1752839818892,0.9402985074626866,0.26666666666666666,4
7,1752839818993,0.9402985074626866,0.3333333333333333,4
7,1752839819094,0.9402985074626866,0.4666666666666667,4
7,1752839819195,0.9253731343283582,0.5333333333333333,4
7,1752839819295,0.9253731343283582,0.4666666666666667,4
7,1752839819396,0.9253731343283582,0.3333333333333333,4
7,1752839819497,0.9253731343283582,0.4,4
7,1752839819598,0.9104477611940298,0.26666666666666666,4
7,1752839819699,0.9104477611940298,0.26666666666666666,4
7,1752839819800,0.8955223880597015,0.3333333333333333,4
7,1752839819900,0.8955223880597015,0.6,4
7,1752839820002,0.8955223880597015,0.4666666666666667,4
7,1752839820102,0.8805970149253731,0.3333333333333333,4
7,1752839820203,0.8805970149253731,0.4,4
7,1752839820303,0.8805970149253731,0.26666666666666666,4
7,1752839820404,0.8656716417910447,0.2,4
7,1752839820505,0.9402985074626866,0.3333333333333333,4
7,1752839820606,0.8955223880597015,0.3333333333333333,4
7,1752839820707,0.8955223880597015,0.5333333333333333,4
7,1752839820808,0.9104477611940298,0.3333333333333333,4
7,1752839820909,0.9104477611940298,0.26666666666666666,4
7,1752839821009,0.9253731343283582,0.3333333333333333,4
7,1752839821110,0.9552238805970149,0.3333333333333333,4
7,1752839821211,0.9253731343283582,0.3333333333333333,4
7,1752839821312,0.9402985074626866,0.3333333333333333,4
7,1752839821413,0.9402985074626866,0.6,4
7,1752839821514,0.9701492537313433,0.2,4
7,1752839821614,0.9402985074626866,0.4,4
7,1752839821715,0.9253731343283582,0.3333333333333333,4
7,1752839821816,0.9253731343283582,0.26666666666666666,4
7,1752839821917,0.9104477611940298,0.3333333333333333,4
7,1752839822018,0.9104477611940298,0.26666666666666666,4
7,1752839822119,0.8955223880597015,0.3333333333333333,4
7,1752839822220,0.8955223880597015,0.5333333333333333,4
7,1752839822320,0.8805970149253731,0.3333333333333333,4
7,1752839822421,0.9104477611940298,0.3333333333333333,4
8,1752839943424,0.9253731343283582,0.3333333333333333,4
8,1752839943525,0.9253731343283582,0.26666666666666666,4
8,1752839943626,0.9253731343283582,0.2,4
8,1752839943727,0.9253731343283582,0.6,4
8,1752839943828,0.8955223880597015,0.4,4
8,1752839943928,0.8805970149253731,0.4,4
8,1752839944029,0.8805970149253731,0.4,4
8,1752839944130,0.8805970149253731,0.3333333333333333,4
8,1752839944231,0.8955223880597015,0.3333333333333333,4
8,1752839944332,0.8805970149253731,0.26666666666666666,4
8,1752839944432,0.8656716417910447,0.5333333333333333,4
8,1752839944533,0.8805970149253731,0.26666666666666666,4
8,1752839944634,0.8805970149253731,0.3333333333333333,4
8,1752839944735,0.8805970149253731,0.3333333333333333,4
8,1752839944836,0.8955223880597015,0.26666666666666666,4
8,1752839944936,0.8805970149253731,0.26666666666666666,4
8,1752839945038,0.9104477611940298,0.26666666666666666,4
8,1752839945139,0.8955223880597015,0.4666666666666667,4
8,1752839945239,0.9253731343283582,0.4,4
8,1752839945340,0.9253731343283582,0.26666666666666666,4
8,1752839945441,0.9253731343283582,0.4,4
8,1752839945542,0.9402985074626866,0.26666666666666666,4
8,1752839945642,0.9552238805970149,0.26666666666666666,4
8,1752839945743,0.9552238805970149,0.26666666666666666,4
8,1752839945844,0.9104477611940298,0.4,4
8,1752839945945,0.9253731343283582,0.5333333333333333,4
8,1752839946046,0.9253731343283582,0.3333333333333333,4
8,1752839946146,0.9104477611940298,0.4666666666666667,4
8,1752839946247,0.9104477611940298,0.3333333333333333,4
8,1752839946348,0.9104477611940298,0.3333333333333333,4
8,1752839946449,0.8955223880597015,0.3333333333333333,4
8,1752839946550,0.8955223880597015,0.3333333333333333,4
8,1752839946651,0.8656716417910447,0.5333333333333333,4
8,1752839946752,0.8805970149253731,0.3333333333333333,4
8,1752839946852,0.8805970149253731,0.3333333333333333,4
8,1752839946953,0.8805970149253731,0.3333333333333333,4
8,1752839947054,0.8805970149253731,0.26666666666666666,4
8,1752839947155,0.8955223880597015,0.3333333333333333,4
8,1752839947256,0.9104477611940298,0.3333333333333333,4
8,1752839947357,0.8955223880597015,0.5333333333333333,4
8,1752839947457,0.9104477611940298,0.4,4
8,1752839947558,0.9104477611940298,0.3333333333333333,4
8,1752839947659,0.9402985074626866,0.3333333333333333,4
8,1752839947760,0.9402985074626866,0.2,4
8,1752839947861,0.9253731343283582,0.4,4
8,1752839947962,0.9552238805970149,0.26666666666666666,4
8,1752839948063,0.9253731343283582,0.3333333333333333,4
8,1752839948163,0.9253731343283582,0.6,4
8,1752839948264,0.9402985074626866,0.26666666666666666,4
8,1752839948365,0.9253731343283582,0.26666666666666666,4
8,1752839948466,0.9104477611940298,0.3333333333333333,4
8,1752839948567,0.9104477611940298,0.26666666666666666,4
8,1752839948668,0.8955223880597015,0.3333333333333333,4
8,1752839948768,0.8955223880597015,0.3333333333333333,4
8,1752839948869,0.8955223880597015,0.5333333333333333,4
8,1752839948970,0.8805970149253731,0.4,4
8,1752839949071,0.8805970149253731,0.26666666666666666,4
8,1752839949172,0.8955223880597015,0.4666666666666667,4
8,1752839949272,0.8805970149253731,0.3333333333333333,4
8,1752839949373,0.8805970149253731,0.3333333333333333,4
8,1752839949474,0.9253731343283582,0.26666666666666666,4
8,1752839949575,0.8507462686567164,0.5333333333333333,4
8,1752839949676,0.8507462686567164,0.26666666666666666,4
8,1752839949777,0.9253731343283582,0.2,4
8,1752839949877,0.9104477611940298,0.3333333333333333,4
8,1752839949978,0.9104477611940298,0.3333333333333333,4
8,1752839950079,0.9253731343283582,0.3333333333333333,4
8,1752839950180,0.9253731343283582,0.26666666666666666,4
8,1752839950281,0.9402985074626866,0.4666666666666667,4
8,1752839950382,0.9253731343283582,0.4666666666666667,4
8,1752839950482,0.9253731343283582,0.26666666666666666,4
8,1752839950583,0.9253731343283582,0.4,4
8,1752839950684,0.9253731343283582,0.4,4
8,1752839950785,0.9253731343283582,0.3333333333333333,4
8,1752839950886,0.9253731343283582,0.3333333333333333,4
8,1752839950987,0.9402985074626866,0.4,4
8,1752839951088,0.9253731343283582,0.6,4
8,1752839951188,0.8805970149253731,0.3333333333333333,4
8,1752839951289,0.8805970149253731,0.26666666666666666,4
8,1752839951390,0.8805970149253731,0.3333333333333333,4
8,1752839951491,0.8656716417910447,0.26666666666666666,4
8,1752839951592,0.8955223880597015,0.26666666666666666,4
8,1752839951692,0.8507462686567164,0.4666666666666667,4
8,1752839951793,0.8805970149253731,0.4666666666666667,4
8,1752839951894,0.8955223880597015,0.3333333333333333,4
8,1752839951995,0.8507462686567164,0.3333333333333333,4
8,1752839952096,0.8805970149253731,0.3333333333333333,4
8,1752839952197,0.9104477611940298,0.3333333333333333,4
8,1752839952297,0.9104477611940298,0.4,4
8,1752839952398,0.9104477611940298,0.26666666666666666,4
8,1752839952499,0.9253731343283582,0.5333333333333333,4
8,1752839952600,0.9253731343283582,0.4666666666666667,4
8,1752839952701,0.9253731343283582,0.4,4
8,1752839952802,0.9253731343283582,0.4,4
8,1752839952902,0.9253731343283582,0.3333333333333333,4
8,1752839953003,0.9552238805970149,0.4,4
8,1752839953104,0.9253731343283582,0.3333333333333333,4
8,1752839953205,0.9104477611940298,0.5333333333333333,4
8,1752839953306,0.8955223880597015,0.4,4
8,1752839953407,0.8955223880597015,0.26666666666666666,4
8,1752839953507,0.8955223880597015,0.3333333333333333,4
8,1752839953608,0.8805970149253731,0.26666666666666666,4
8,1752839953709,0.8955223880597015,0.26666666666666666,4
8,1752839953810,0.8805970149253731,0.3333333333333333,4
8,1752839953911,0.8805970149253731,0.4,4
8,1752839954012,0.8805970149253731,0.4,4
8,1752839954113,0.8805970149253731,0.4,4
8,1752839954214,0.8805970149253731,0.4,4
8,1752839954314,0.8955223880597015,0.3333333333333333,4
8,1752839954415,0.8805970149253731,0.3333333333333333,4
8,1752839954516,0.9104477611940298,0.3333333333333333,4
8,1752839954617,0.9253731343283582,0.6,4
8,1752839954718,0.9402985074626866,0.3333333333333333,4
8,1752839954819,0.9253731343283582,0.3333333333333333,4
8,1752839954920,0.9552238805970149,0.4,4
8,1752839955020,0.9253731343283582,0.26666666666666666,4
8,1752839955121,0.9253731343283582,0.26666666666666666,4
8,1752839955222,0.9253731343283582,0.4,4
8,1752839955323,0.9402985074626866,0.6,4
8,1752839955423,0.9253731343283582,0.4,4
8,1752839955524,0.9104477611940298,0.3333333333333333,4
8,1752839955625,0.9402985074626866,0.4,4
8,1752839955726,0.9104477611940298,0.3333333333333333,4
8,1752839955827,0.9402985074626866,0.26666666666666666,4
8,1752839955928,0.8955223880597015,0.3333333333333333,4
8,1752839956029,0.8805970149253731,0.4666666666666667,4
8,1752839956129,0.8507462686567164,0.4666666666666667,4
8,1752839956230,0.8805970149253731,0.3333333333333333,4
8,1752839956331,0.8805970149253731,0.4666666666666667,4
8,1752839956432,0.8805970149253731,0.3333333333333333,4
8,1752839956533,0.8805970149253731,0.26666666666666666,4
8,1752839956634,0.8805970149253731,0.3333333333333333,4
8,1752839956735,0.8955223880597015,0.4666666666666667,4
8,1752839956835,0.9104477611940298,0.4,4
8,1752839956936,0.8955223880597015,0.3333333333333333,4
8,1752839957037,0.9104477611940298,0.26666666666666666,4
8,1752839957138,0.9253731343283582,0.4,4
8,1752839957239,0.9402985074626866,0.3333333333333333,4
8,1752839957339,0.9253731343283582,0.3333333333333333,4
8,1752839957440,0.9253731343283582,0.4,4
8,1752839957541,0.9402985074626866,0.5333333333333333,4
8,1752839957642,0.9402985074626866,0.3333333333333333,4
8,1752839957743,0.9552238805970149,0.4666666666666667,4
8,1752839957843,0.9253731343283582,0.3333333333333333,4
8,1752839957944,0.8805970149253731,0.4,4
8,1752839958045,0.9104477611940298,0.3333333333333333,4
8,1752839958146,0.8955223880597015,0.4,4
8,1752839958247,0.8955223880597015,0.4,4
8,1752839958348,0.8805970149253731,0.5333333333333333,4
8,1752839958449,0.8805970149253731,0.3333333333333333,4
8,1752839958550,0.8805970149253731,0.26666666666666666,4
8,1752839958650,0.8805970149253731,0.3333333333333333,4
8,1752839958751,0.8805970149253731,0.26666666666666666,4
8,1752839958852,0.8805970149253731,0.3333333333333333,4
8,1752839958953,0.8805970149253731,0.26666666666666666,4
8,1752839959054,0.8805970149253731,0.26666666666666666,4
8,1752839959154,0.9104477611940298,0.6,4
8,1752839959255,0.8805970149253731,0.26666666666666666,4
8,1752839959356,0.9104477611940298,0.3333333333333333,4
8,1752839959457,0.9253731343283582,0.4,4
8,1752839959558,0.9253731343283582,0.3333333333333333,4
8,1752839959659,0.9552238805970149,0.26666666666666666,4
8,1752839959759,0.9402985074626866,0.2,4
8,1752839959860,0.9253731343283582,0.5333333333333333,4
8,1752839959961,0.9253731343283582,0.4666666666666667,4
8,1752839960062,0.9402985074626866,0.3333333333333333,4
8,1752839960163,0.9253731343283582,0.4,4
8,1752839960264,0.9253731343283582,0.3333333333333333,4
8,1752839960364,0.9104477611940298,0.3333333333333333,4
8,1752839960466,0.9104477611940298,0.3333333333333333,4
8,1752839960566,0.8955223880597015,0.3333333333333333,4
8,1752839960667,0.8955223880597015,0.4666666666666667,4
8,1752839960768,0.8805970149253731,0.5333333333333333,4
8,1752839960869,0.8805970149253731,0.2,4
8,1752839960970,0.8656716417910447,0.4,4
8,1752839961071,0.8805970149253731,0.3333333333333333,4
8,1752839961171,0.8805970149253731,0.3333333333333333,4
8,1752839961272,0.8805970149253731,0.26666666666666666,4
8,1752839961373,0.8805970149253731,0.3333333333333333,4
8,1752839961474,0.8955223880597015,0.3333333333333333,4
8,1752839961575,0.9104477611940298,0.6666666666666666,4
8,1752839961675,0.9402985074626866,0.2,4
8,1752839961776,0.9104477611940298,0.26666666666666666,4
8,1752839961877,0.9253731343283582,0.3333333333333333,4
8,1752839961978,0.9253731343283582,0.4,4
8,1752839962078,0.9402985074626866,0.26666666666666666,4
8,1752839962179,0.9552238805970149,0.4,4
8,1752839962280,0.9253731343283582,0.3333333333333333,4
8,1752839962381,0.9253731343283582,0.6,4
8,1752839962482,0.9253731343283582,0.4,4
8,1752839962583,0.9253731343283582,0.3333333333333333,4
8,1752839962684,0.9253731343283582,0.4,4
8,1752839962784,0.8955223880597015,0.3333333333333333,4
8,1752839962885,0.8805970149253731,0.26666666666666666,4
8,1752839962986,0.8805970149253731,0.4,4
8,1752839963087,0.8805970149253731,0.7333333333333333,4
8,1752839963188,0.8805970149253731,0.3333333333333333,4
8,1752839963289,0.8805970149253731,0.3333333333333333,4
8,1752839963389,0.8805970149253731,0.4666666666666667,4
8,1752839963490,0.8955223880597015,0.4,4
8,1752839963591,0.9104477611940298,0.3333333333333333,4
8,1752839963692,0.8805970149253731,0.3333333333333333,4
8,1752839963793,0.9104477611940298,0.5333333333333333,4
8,1752839963894,0.9253731343283582,0.6,4
8,1752839963994,0.8805970149253731,0.4,4
8,1752839964095,0.9253731343283582,0.4,4
8,1752839964196,0.9104477611940298,0.4,4
8,1752839964297,0.9253731343283582,0.3333333333333333,4
8,1752839964398,0.9253731343283582,0.4,4
8,1752839964499,0.9253731343283582,0.4666666666666667,4
8,1752839964600,0.9253731343283582,0.4,4
8,1752839964700,0.9253731343283582,0.6,4
8,1752839964801,0.9253731343283582,0.4,4
8,1752839964902,0.9253731343283582,0.4,4
8,1752839965003,0.9104477611940298,0.4,4
8,1752839965104,0.8955223880597015,0.3333333333333333,4
8,1752839965205,0.8955223880597015,0.2,4
8,1752839965305,0.8955223880597015,0.26666666666666666,4
8,1752839965406,0.8805970149253731,0.6,4
8,1752839965507,0.8805970149253731,0.5333333333333333,4
8,1752839965608,0.8955223880597015,0.3333333333333333,4
8,1752839965709,0.8805970149253731,0.4,4
8,1752839965809,0.8805970149253731,0.26666666666666666,4
8,1752839965910,0.8805970149253731,0.26666666666666666,4
8,1752839966011,0.8955223880597015,0.26666666666666666,4
8,1752839966112,0.9104477611940298,0.26666666666666666,4
8,1752839966213,0.9104477611940298,0.6666666666666666,4
8,1752839966314,0.9104477611940298,0.4,4
8,1752839966415,0.9253731343283582,0.3333333333333333,4
8,1752839966515,0.9402985074626866,0.4,4
8,1752839966616,0.9253731343283582,0.2,4
8,1752839966717,0.9253731343283582,0.26666666666666666,4
8,1752839966818,0.9253731343283582,0.3333333333333333,4
8,1752839966919,0.9253731343283582,0.26666666666666666,4
8,1752839967020,0.9253731343283582,0.6,4
8,1752839967120,0.9253731343283582,0.4666666666666667,4
8,1752839967221,0.9104477611940298,0.26666666666666666,4
8,1752839967322,0.8955223880597015,0.3333333333333333,4
8,1752839967423,0.8955223880597015,0.26666666666666666,4
8,1752839967524,0.8805970149253731,0.26666666666666666,4
8,1752839967625,0.8805970149253731,0.2,4
8,1752839967725,0.8805970149253731,0.3333333333333333,4
8,1752839967826,0.8507462686567164,0.2,4
8,1752839967927,0.8805970149253731,0.5333333333333333,4
8,1752839968028,0.8805970149253731,0.2,4
8,1752839968129,0.8805970149253731,0.3333333333333333,4
8,1752839968230,0.8805970149253731,0.3333333333333333,4
8,1752839968331,0.8955223880597015,0.26666666666666666,4
8,1752839968431,0.9104477611940298,0.3333333333333333,4
8,1752839968532,0.8805970149253731,0.26666666666666666,4
8,1752839968633,0.9253731343283582,0.4,4
8,1752839968734,0.9402985074626866,0.4,4
8,1752839968835,0.9253731343283582,0.3333333333333333,4
8,1752839968936,0.9253731343283582,0.3333333333333333,4
8,1752839969037,0.9402985074626866,0.26666666666666666,4
8,1752839969137,0.9253731343283582,0.26666666666666666,4
8,1752839969238,0.9253731343283582,0.4,4
8,1752839969339,0.9552238805970149,0.26666666666666666,4
8,1752839969440,0.9253731343283582,0.4666666666666667,4
8,1752839969540,0.9104477611940298,0.4,4
8,1752839969641,0.9253731343283582,0.4666666666666667,4
8,1752839969742,0.9253731343283582,0.2,4
8,1752839969843,0.9104477611940298,0.3333333333333333,4
8,1752839969944,0.9104477611940298,0.26666666666666666,4
8,1752839970045,0.8805970149253731,0.3333333333333333,4
8,1752839970145,0.8805970149253731,0.26666666666666666,4
8,1752839970246,0.8805970149253731,0.4,4
8,1752839970347,0.8656716417910447,0.4,4
8,1752839970448,0.8805970149253731,0.26666666666666666,4
8,1752839970549,0.8805970149253731,0.3333333333333333,4
8,1752839970650,0.8955223880597015,0.26666666666666666,4
8,1752839970751,0.8955223880597015,0.26666666666666666,4
8,1752839970851,0.9104477611940298,0.3333333333333333,4
8,1752839970952,0.9104477611940298,0.26666666666666666,4
8,1752839971053,0.9253731343283582,0.5333333333333333,4
8,1752839971154,0.9253731343283582,0.4,4
8,1752839971255,0.9402985074626866,0.26666666666666666,4
8,1752839971355,0.9253731343283582,0.3333333333333333,4
8,1752839971456,0.9253731343283582,0.3333333333333333,4
8,1752839971557,0.9253731343283582,0.3333333333333333,4
8,1752839971658,0.9253731343283582,0.3333333333333333,4
8,1752839971759,0.9253731343283582,0.4,4
8,1752839971860,0.9104477611940298,0.6,4
8,1752839971961,0.9104477611940298,0.3333333333333333,4
8,1752839972061,0.8955223880597015,0.3333333333333333,4
8,1752839972162,0.9104477611940298,0.4,4
8,1752839972263,0.8805970149253731,0.26666666666666666,4
8,1752839972364,0.8805970149253731,0.26666666666666666,4
8,1752839972465,0.8656716417910447,0.3333333333333333,4
8,1752839972565,0.8805970149253731,0.4,4
8,1752839972666,0.8656716417910447,0.6666666666666666,4
8,1752839972767,0.8805970149253731,0.3333333333333333,4
8,1752839972868,0.8955223880597015,0.3333333333333333,4
8,1752839972969,0.8955223880597015,0.4,4
8,1752839973070,0.8955223880597015,0.3333333333333333,4
8,1752839973170,0.9104477611940298,0.26666666666666666,4
8,1752839973271,0.9253731343283582,0.26666666666666666,4
8,1752839973372,0.9104477611940298,0.3333333333333333,4
8,1752839973473,0.9253731343283582,0.6,4
8,1752839973574,0.9253731343283582,0.3333333333333333,4
8,1752839973675,0.9253731343283582,0.3333333333333333,4
8,1752839973775,0.9402985074626866,0.3333333333333333,4
8,1752839973876,0.9552238805970149,0.26666666666666666,4
8,1752839973977,0.9253731343283582,0.3333333333333333,4
8,1752839974078,0.9104477611940298,0.3333333333333333,4
8,1752839974179,0.8805970149253731,0.6,4
8,1752839974280,0.8805970149253731,0.5333333333333333,4
8,1752839974380,0.8955223880597015,0.3333333333333333,4
8,1752839974481,0.8805970149253731,0.4,4
8,1752839974582,0.8805970149253731,0.3333333333333333,4
8,1752839974683,0.8656716417910447,0.3333333333333333,4
8,1752839974785,0.8805970149253731,0.3333333333333333,4
8,1752839974886,0.8805970149253731,0.26666666666666666,4
8,1752839974987,0.8955223880597015,0.6,4
8,1752839975088,0.8805970149253731,0.4,4
8,1752839975188,0.8955223880597015,0.26666666666666666,4
8,1752839975289,0.8955223880597015,0.4,4
8,1752839975390,0.8805970149253731,0.2,4
8,1752839975491,0.9104477611940298,0.4,4
8,1752839975592,0.9253731343283582,0.3333333333333333,4
8,1752839975693,0.9253731343283582,0.2,4
8,1752839975794,0.9402985074626866,0.6,4
8,1752839975895,0.9253731343283582,0.4,4
8,1752839975995,0.9402985074626866,0.3333333333333333,4
8,1752839976096,0.9402985074626866,0.4,4
8,1752839976197,0.9253731343283582,0.26666666666666666,4
8,1752839976298,0.9104477611940298,0.3333333333333333,4
8,1752839976399,0.9104477611940298,0.3333333333333333,4
8,1752839976500,0.9253731343283582,0.4,4
8,1752839976601,0.8955223880597015,0.4666666666666667,4
8,1752839976702,0.8805970149253731,0.3333333333333333,4
8,1752839976803,0.8805970149253731,0.4,4
8,1752839976903,0.8955223880597015,0.26666666666666666,4
8,1752839977004,0.8656716417910447,0.3333333333333333,4
8,1752839977105,0.8805970149253731,0.3333333333333333,4
8,1752839977206,0.8955223880597015,0.3333333333333333,4
8,1752839977307,0.8656716417910447,0.6,4
8,1752839977408,0.8955223880597015,0.4,4
8,1752839977509,0.9104477611940298,0.26666666666666666,4
8,1752839977610,0.9402985074626866,0.4,4
8,1752839977711,0.9104477611940298,0.3333333333333333,4
8,1752839977812,0.9253731343283582,0.3333333333333333,4
8,1752839977912,0.9104477611940298,0.13333333333333333,4
8,1752839978013,0.9402985074626866,0.3333333333333333,4
8,1752839978114,0.9253731343283582,0.6,4
8,1752839978215,0.9253731343283582,0.3333333333333333,4
8,1752839978316,0.9253731343283582,0.26666666666666666,4
8,1752839978417,0.9253731343283582,0.3333333333333333,4
8,1752839978518,0.9253731343283582,0.26666666666666666,4
8,1752839978618,0.9104477611940298,0.3333333333333333,4
8,1752839978719,0.8955223880597015,0.3333333333333333,4
8,1752839978820,0.9104477611940298,0.5333333333333333,4
8,1752839978921,0.8805970149253731,0.4,4
8,1752839979022,0.8805970149253731,0.3333333333333333,4
8,1752839979123,0.8656716417910447,0.3333333333333333,4
8,1752839979224,0.8656716417910447,0.3333333333333333,4
8,1752839979325,0.8805970149253731,0.26666666666666666,4
8,1752839979425,0.8805970149253731,0.3333333333333333,4
8,1752839979526,0.8955223880597015,0.26666666666666666,4
8,1752839979627,0.8955223880597015,0.4666666666666667,4
8,1752839979728,0.8656716417910447,0.2,4
8,1752839979829,0.8656716417910447,0.2,4
8,1752839979930,0.9253731343283582,0.4,4
8,1752839980031,0.9253731343283582,0.3333333333333333,4
8,1752839980132,0.9253731343283582,0.3333333333333333,4
8,1752839980232,0.9253731343283582,0.3333333333333333,4
8,1752839980333,0.9253731343283582,0.3333333333333333,4
8,1752839980434,0.9253731343283582,0.6,4
8,1752839980535,0.9253731343283582,0.3333333333333333,4
8,1752839980636,0.9253731343283582,0.3333333333333333,4
8,1752839980737,0.9104477611940298,0.3333333333333333,4
8,1752839980838,0.9104477611940298,0.26666666666666666,4
8,1752839980938,0.8955223880597015,0.3333333333333333,4
8,1752839981039,0.8955223880597015,0.3333333333333333,4
8,1752839981140,0.8656716417910447,0.4,4
8,1752839981241,0.8805970149253731,0.5333333333333333,4
8,1752839981342,0.8805970149253731,0.26666666666666666,4
8,1752839981443,0.8805970149253731,0.4666666666666667,4
8,1752839981544,0.8656716417910447,0.3333333333333333,4
8,1752839981645,0.8805970149253731,0.3333333333333333,4
8,1752839981745,0.8955223880597015,0.2,4
8,1752839981846,0.8955223880597015,0.3333333333333333,4
8,1752839981947,0.8955223880597015,0.5333333333333333,4
8,1752839982048,0.9253731343283582,0.26666666666666666,4
8,1752839982149,0.8955223880597015,0.3333333333333333,4
8,1752839982250,0.9104477611940298,0.4,4
8,1752839982351,0.9253731343283582,0.26666666666666666,4
8,1752839982452,0.9253731343283582,0.4,4
8,1752839982553,0.9253731343283582,0.3333333333333333,4
8,1752839982653,0.9253731343283582,0.3333333333333333,4
8,1752839982754,0.9253731343283582,0.6,4
8,1752839982855,0.9253731343283582,0.3333333333333333,4
8,1752839982956,0.9104477611940298,0.3333333333333333,4
8,1752839983057,0.9104477611940298,0.4,4
8,1752839983158,0.9104477611940298,0.3333333333333333,4
8,1752839983259,0.8955223880597015,0.26666666666666666,4
8,1752839983360,0.8805970149253731,0.3333333333333333,4
8,1752839983461,0.8805970149253731,0.4666666666666667,4
8,1752839983561,0.8955223880597015,0.26666666666666666,4
8,1752839983662,0.8507462686567164,0.13333333333333333,4
8,1752839983763,0.8805970149253731,0.3333333333333333,4
8,1752839983864,0.8805970149253731,0.26666666666666666,4
8,1752839983965,0.8805970149253731,0.26666666666666666,4
8,1752839984066,0.8955223880597015,0.26666666666666666,4
8,1752839984167,0.8955223880597015,0.6,4
8,1752839984268,0.9104477611940298,0.4666666666666667,4
8,1752839984368,0.9104477611940298,0.4,4
8,1752839984469,0.9253731343283582,0.4,4
8,1752839984570,0.9253731343283582,0.3333333333333333,4
8,1752839984671,0.9253731343283582,0.2,4
8,1752839984772,0.9253731343283582,0.4,4
8,1752839984873,0.9253731343283582,0.3333333333333333,4
8,1752839984974,0.9402985074626866,0.5333333333333333,4
8,1752839985075,0.9402985074626866,0.4,4
8,1752839985176,0.9104477611940298,0.4,4
8,1752839985277,0.9253731343283582,0.3333333333333333,4
8,1752839985378,0.9104477611940298,0.3333333333333333,4
8,1752839985478,0.9104477611940298,0.2,4
8,1752839985579,0.8805970149253731,0.26666666666666666,4
8,1752839985680,0.8805970149253731,0.26666666666666666,4
8,1752839985781,0.8656716417910447,0.6,4
8,1752839985882,0.8507462686567164,0.26666666666666666,4
8,1752839985982,0.8656716417910447,0.26666666666666666,4
8,1752839986083,0.8805970149253731,0.4,4
8,1752839986184,0.8805970149253731,0.26666666666666666,4
8,1752839986285,0.8656716417910447,0.3333333333333333,4
8,1752839986386,0.8955223880597015,0.26666666666666666,4
8,1752839986487,0.9253731343283582,0.6,4
8,1752839986588,0.9104477611940298,0.4,4
8,1752839986689,0.9253731343283582,0.3333333333333333,4
8,1752839986790,0.9253731343283582,0.4,4
8,1752839986890,0.9253731343283582,0.26666666666666666,4
8,1752839986992,0.9253731343283582,0.3333333333333333,4
8,1752839987092,0.9253731343283582,0.26666666666666666,4
8,1752839987193,0.9253731343283582,0.5333333333333333,4
8,1752839987294,0.9104477611940298,0.6,4
8,1752839987395,0.9104477611940298,0.3333333333333333,4
8,1752839987496,0.8955223880597015,0.2,4
8,1752839987597,0.8805970149253731,0.3333333333333333,4
8,1752839987698,0.8805970149253731,0.26666666666666666,4
8,1752839987799,0.8656716417910447,0.26666666666666666,4
8,1752839987899,0.8805970149253731,0.2,4
8,1752839988000,0.8656716417910447,0.5333333333333333,4
8,1752839988101,0.8656716417910447,0.4,4
8,1752839988202,0.8656716417910447,0.26666666666666666,4
8,1752839988303,0.8805970149253731,0.3333333333333333,4
8,1752839988404,0.8955223880597015,0.26666666666666666,4
8,1752839988505,0.8507462686567164,0.2,4
8,1752839988606,0.9104477611940298,0.26666666666666666,4
8,1752839988706,0.9104477611940298,0.5333333333333333,4
8,1752839988807,0.9104477611940298,0.4,4
8,1752839988908,0.9402985074626866,0.26666666666666666,4
8,1752839989009,0.9253731343283582,0.3333333333333333,4
8,1752839989110,0.9402985074626866,0.26666666666666666,4
8,1752839989211,0.9402985074626866,0.26666666666666666,4
8,1752839989312,0.9253731343283582,0.3333333333333333,4
8,1752839989413,0.9253731343283582,0.26666666666666666,4
8,1752839989513,0.9253731343283582,0.5333333333333333,4
8,1752839989614,0.9104477611940298,0.3333333333333333,4
8,1752839989715,0.8955223880597015,0.3333333333333333,4
8,1752839989816,0.8955223880597015,0.3333333333333333,4
8,1752839989917,0.8805970149253731,0.2,4
8,1752839990018,0.8805970149253731,0.26666666666666666,4
8,1752839990119,0.8805970149253731,0.3333333333333333,4
8,1752839990220,0.8805970149253731,0.26666666666666666,4
8,1752839990321,0.8805970149253731,0.6,4
8,1752839990421,0.8805970149253731,0.3333333333333333,4
8,1752839990523,0.8805970149253731,0.26666666666666666,4
8,1752839990623,0.8805970149253731,0.26666666666666666,4
8,1752839990724,0.8805970149253731,0.26666666666666666,4
8,1752839990825,0.9104477611940298,0.3333333333333333,4
8,1752839990926,0.9402985074626866,0.4,4
8,1752839991027,0.9253731343283582,0.5333333333333333,4
8,1752839991127,0.9402985074626866,0.3333333333333333,4
8,1752839991228,0.9253731343283582,0.3333333333333333,4
8,1752839991329,0.9104477611940298,0.4,4
8,1752839991430,0.9253731343283582,0.3333333333333333,4
8,1752839991531,0.9253731343283582,0.26666666666666666,4
8,1752839991632,0.9402985074626866,0.26666666666666666,4
8,1752839991733,0.9104477611940298,0.4666666666666667,4
8,1752839991834,0.9104477611940298,0.5333333333333333,4
8,1752839991934,0.8955223880597015,0.3333333333333333,4
8,1752839992035,0.8955223880597015,0.3333333333333333,4
8,1752839992136,0.8805970149253731,0.3333333333333333,4
8,1752839992237,0.8805970149253731,0.26666666666666666,4
8,1752839992338,0.8656716417910447,0.26666666666666666,4
8,1752839992439,0.8805970149253731,0.26666666666666666,4
8,1752839992540,0.8656716417910447,0.5333333333333333,4
8,1752839992641,0.8805970149253731,0.4,4
8,1752839992741,0.8955223880597015,0.2,4
8,1752839992842,0.8955223880597015,0.4,4
8,1752839992943,0.9104477611940298,0.2,4
8,1752839993044,0.9104477611940298,0.3333333333333333,4
8,1752839993145,0.9253731343283582,0.26666666666666666,4
8,1752839993246,0.9104477611940298,0.4666666666666667,4
8,1752839993347,0.9253731343283582,0.4666666666666667,4
8,1752839993448,0.9104477611940298,0.4,4
8,1752839993549,0.9253731343283582,0.4,4
8,1752839993650,0.9253731343283582,0.3333333333333333,4
8,1752839993750,0.9253731343283582,0.26666666666666666,4
8,1752839993851,0.9253731343283582,0.26666666666666666,4
8,1752839993952,0.9253731343283582,0.4666666666666667,4
8,1752839994053,0.8955223880597015,0.5333333333333333,4
8,1752839994154,0.8955223880597015,0.3333333333333333,4
8,1752839994255,0.8805970149253731,0.4,4
8,1752839994356,0.8805970149253731,0.4,4
8,1752839994457,0.8805970149253731,0.3333333333333333,4
8,1752839994557,0.8656716417910447,0.3333333333333333,4
8,1752839994658,0.8656716417910447,0.3333333333333333,4
8,1752839994759,0.8805970149253731,0.5333333333333333,4
8,1752839994860,0.8955223880597015,0.3333333333333333,4
8,1752839994961,0.8507462686567164,0.26666666666666666,4
8,1752839995062,0.9253731343283582,0.3333333333333333,4
8,1752839995163,0.9104477611940298,0.3333333333333333,4
8,1752839995264,0.9104477611940298,0.3333333333333333,4
8,1752839995364,0.9104477611940298,0.26666666666666666,4
8,1752839995465,0.9104477611940298,0.3333333333333333,4
8,1752839995566,0.9402985074626866,0.7333333333333333,4
8,1752839995667,0.9402985074626866,0.4,4
8,1752839995768,0.9104477611940298,0.3333333333333333,4
8,1752839995869,0.9253731343283582,0.4,4
8,1752839995970,0.8955223880597015,0.3333333333333333,4
8,1752839996071,0.9104477611940298,0.3333333333333333,4
8,1752839996172,0.8955223880597015,0.3333333333333333,4
8,1752839996272,0.8955223880597015,0.6,4
8,1752839996373,0.8805970149253731,0.4666666666666667,4
8,1752839996474,0.8805970149253731,0.3333333333333333,4
8,1752839996575,0.8805970149253731,0.4,4
8,1752839996676,0.8805970149253731,0.26666666666666666,4
8,1752839996777,0.8805970149253731,0.3333333333333333,4
8,1752839996878,0.8955223880597015,0.13333333333333333,4
8,1752839996979,0.8656716417910447,0.4,4
8,1752839997079,0.8805970149253731,0.5333333333333333,4
8,1752839997181,0.8805970149253731,0.4666666666666667,4
8,1752839997281,0.8955223880597015,0.3333333333333333,4
8,1752839997382,0.9104477611940298,0.3333333333333333,4
8,1752839997483,0.9253731343283582,0.3333333333333333,4
8,1752839997584,0.9253731343283582,0.26666666666666666,4
8,1752839997685,0.9253731343283582,0.26666666666666666,4
8,1752839997786,0.9402985074626866,0.26666666666666666,4
8,1752839997887,0.9253731343283582,0.4,4
8,1752839997988,0.9253731343283582,0.5333333333333333,4
8,1752839998089,0.9253731343283582,0.2,4
8,1752839998189,0.9253731343283582,0.4,4
8,1752839998290,0.9104477611940298,0.3333333333333333,4
8,1752839998391,0.8955223880597015,0.3333333333333333,4
8,1752839998492,0.8805970149253731,0.3333333333333333,4
8,1752839998593,0.8955223880597015,0.4,4
8,1752839998694,0.8805970149253731,0.5333333333333333,4
8,1752839998795,0.8805970149253731,0.26666666666666666,4
8,1752839998895,0.835820895522388,0.4,4
8,1752839998996,0.8805970149253731,0.4,4
8,1752839999097,0.8805970149253731,0.3333333333333333,4
8,1752839999198,0.8955223880597015,0.26666666666666666,4
8,1752839999299,0.8955223880597015,0.3333333333333333,4
8,1752839999400,0.9104477611940298,0.3333333333333333,4
8,1752839999501,0.9104477611940298,0.5333333333333333,4
8,1752839999602,0.9253731343283582,0.3333333333333333,4
8,1752839999703,0.9402985074626866,0.4,4
8,1752839999803,0.9253731343283582,0.26666666666666666,4
8,1752839999904,0.9253731343283582,0.26666666666666666,4
8,1752840000005,0.9253731343283582,0.4,4
8,1752840000106,0.9253731343283582,0.3333333333333333,4
8,1752840000207,0.8805970149253731,0.4,4
8,1752840000308,0.9253731343283582,0.5333333333333333,4
8,1752840000408,0.9104477611940298,0.3333333333333333,4
8,1752840000509,0.9253731343283582,0.3333333333333333,4
8,1752840000610,0.8955223880597015,0.3333333333333333,4
8,1752840000711,0.8805970149253731,0.26666666666666666,4
8,1752840000812,0.8656716417910447,0.3333333333333333,4
8,1752840000913,0.8805970149253731,0.26666666666666666,4
8,1752840001014,0.8805970149253731,0.5333333333333333,4
8,1752840001115,0.8656716417910447,0.3333333333333333,4
8,1752840001215,0.8805970149253731,0.4,4
8,1752840001316,0.8955223880597015,0.2,4
8,1752840001417,0.8656716417910447,0.3333333333333333,4
8,1752840001518,0.8955223880597015,0.26666666666666666,4
8,1752840001619,0.9104477611940298,0.3333333333333333,4
8,1752840001720,0.9253731343283582,0.5333333333333333,4
8,1752840001821,0.9253731343283582,0.4666666666666667,4
8,1752840001922,0.9253731343283582,0.4,4
8,1752840002023,0.9253731343283582,0.3333333333333333,4
8,1752840002124,0.9402985074626866,0.3333333333333333,4
8,1752840002224,0.9253731343283582,0.3333333333333333,4
8,1752840002325,0.9253731343283582,0.3333333333333333,4
8,1752840002426,0.9552238805970149,0.4,4
8,1752840002527,0.8955223880597015,0.5333333333333333,4
8,1752840002628,0.9104477611940298,0.3333333333333333,4
8,1752840002729,0.9253731343283582,0.3333333333333333,4
8,1752840002830,0.8805970149253731,0.3333333333333333,4
8,1752840002930,0.8507462686567164,0.3333333333333333,4
8,1752840003031,0.8805970149253731,0.26666666666666666,4
8,1752840003132,0.8656716417910447,0.26666666666666666,4
8,1752840003233,0.8656716417910447,0.5333333333333333,4
8,1752840003334,0.8805970149253731,0.4666666666666667,4
8,1752840003435,0.8805970149253731,0.2,4
8,1752840003536,0.8955223880597015,0.4,4
8,1752840003637,0.9104477611940298,0.3333333333333333,4
8,1752840003738,0.9104477611940298,0.3333333333333333,4
8,1752840003838,0.9253731343283582,0.3333333333333333,4
8,1752840003939,0.9253731343283582,0.6666666666666666,4
8,1752840004040,0.9402985074626866,0.4,4
8,1752840004141,0.9253731343283582,0.4,4
8,1752840004242,0.9253731343283582,0.4,4
8,1752840004343,0.9253731343283582,0.3333333333333333,4
8,1752840004444,0.9253731343283582,0.3333333333333333,4
8,1752840004544,0.9104477611940298,0.26666666666666666,4
8,1752840004645,0.8805970149253731,0.4666666666666667,4
8,1752840004746,0.8955223880597015,0.6,4
8,1752840004847,0.9104477611940298,0.3333333333333333,4
8,1752840004948,0.8805970149253731,0.3333333333333333,4
8,1752840005049,0.8656716417910447,0.3333333333333333,4
8,1752840005150,0.8955223880597015,0.3333333333333333,4
8,1752840005251,0.8656716417910447,0.26666666666666666,4
8,1752840005351,0.8656716417910447,0.26666666666666666,4
8,1752840005452,0.8805970149253731,0.4,4
8,1752840005553,0.8805970149253731,0.4666666666666667,4
8,1752840005654,0.8955223880597015,0.2,4
8,1752840005755,0.8955223880597015,0.3333333333333333,4
8,1752840005856,0.9104477611940298,0.3333333333333333,4
8,1752840005957,0.9402985074626866,0.3333333333333333,4
8,1752840006058,0.9253731343283582,0.26666666666666666,4
8,1752840006158,0.9253731343283582,0.26666666666666666,4
8,1752840006259,0.9253731343283582,0.6,4
8,1752840006360,0.9253731343283582,0.3333333333333333,4
8,1752840006461,0.9104477611940298,0.3333333333333333,4
8,1752840006562,0.9402985074626866,0.3333333333333333,4
8,1752840006663,0.9253731343283582,0.3333333333333333,4
8,1752840006764,0.9253731343283582,0.4666666666666667,4
8,1752840006865,0.8805970149253731,0.26666666666666666,4
8,1752840006966,0.8805970149253731,0.6,4
8,1752840007067,0.8805970149253731,0.3333333333333333,4
8,1752840007167,0.8656716417910447,0.3333333333333333,4
8,1752840007268,0.8805970149253731,0.3333333333333333,4
8,1752840007369,0.8656716417910447,0.26666666666666666,4
8,1752840007470,0.8656716417910447,0.26666666666666666,4
8,1752840007571,0.8805970149253731,0.26666666666666666,4
8,1752840007672,0.9104477611940298,0.3333333333333333,4
8,1752840007773,0.8955223880597015,0.4,4
8,1752840007873,0.9253731343283582,0.3333333333333333,4
8,1752840007974,0.8955223880597015,0.3333333333333333,4
8,1752840008075,0.9104477611940298,0.3333333333333333,4
8,1752840008176,0.9253731343283582,0.2,4
8,1752840008277,0.9253731343283582,0.3333333333333333,4
8,1752840008378,0.9552238805970149,0.26666666666666666,4
8,1752840008479,0.9104477611940298,0.6,4
8,1752840008580,0.9104477611940298,0.4666666666666667,4
8,1752840008680,0.8955223880597015,0.3333333333333333,4
8,1752840008782,0.9104477611940298,0.4,4
8,1752840008882,0.8955223880597015,0.26666666666666666,4
8,1752840008983,0.8955223880597015,0.3333333333333333,4
8,1752840009084,0.8955223880597015,0.26666666666666666,4
8,1752840009185,0.8805970149253731,0.4,4
8,1752840009286,0.8656716417910447,0.5333333333333333,4
8,1752840009387,0.8656716417910447,0.3333333333333333,4
8,1752840009488,0.8656716417910447,0.3333333333333333,4
8,1752840009588,0.8805970149253731,0.4,4
8,1752840009689,0.8805970149253731,0.26666666666666666,4
8,1752840009790,0.8955223880597015,0.3333333333333333,4
8,1752840009891,0.9104477611940298,0.26666666666666666,4
8,1752840009992,0.9104477611940298,0.26666666666666666,4
8,1752840010093,0.9402985074626866,0.6666666666666666,4
8,1752840010194,0.9402985074626866,0.4,4
8,1752840010295,0.9402985074626866,0.2,4
8,1752840010395,0.9253731343283582,0.3333333333333333,4
8,1752840010497,0.9253731343283582,0.3333333333333333,4
8,1752840010597,0.9253731343283582,0.26666666666666666,4
8,1752840010698,0.9104477611940298,0.26666666666666666,4
8,1752840010799,0.9104477611940298,0.26666666666666666,4
8,1752840010900,0.8955223880597015,0.6,4
8,1752840011001,0.8955223880597015,0.4,4
8,1752840011102,0.8805970149253731,0.26666666666666666,4
8,1752840011203,0.8805970149253731,0.26666666666666666,4
8,1752840011304,0.8805970149253731,0.26666666666666666,4
8,1752840011404,0.8656716417910447,0.3333333333333333,4
8,1752840011505,0.8656716417910447,0.3333333333333333,4
8,1752840011606,0.8656716417910447,0.6666666666666666,4
8,1752840011707,0.8955223880597015,0.2,4
8,1752840011808,0.8805970149253731,0.3333333333333333,4
8,1752840011909,0.8955223880597015,0.3333333333333333,4
8,1752840012010,0.8955223880597015,0.26666666666666666,4
8,1752840012110,0.9402985074626866,0.3333333333333333,4
8,1752840012211,0.9253731343283582,0.4,4
8,1752840012312,0.9552238805970149,0.3333333333333333,4
8,1752840012413,0.9253731343283582,0.6,4
8,1752840012514,0.9253731343283582,0.4666666666666667,4
8,1752840012615,0.9253731343283582,0.3333333333333333,4
8,1752840012716,0.9104477611940298,0.3333333333333333,4
8,1752840012817,0.9253731343283582,0.26666666666666666,4
8,1752840012917,0.9104477611940298,0.3333333333333333,4
8,1752840013018,0.8955223880597015,0.3333333333333333,4
8,1752840013119,0.8955223880597015,0.26666666666666666,4
8,1752840013220,0.8805970149253731,0.6666666666666666,4
8,1752840013321,0.8805970149253731,0.26666666666666666,4
8,1752840013422,0.8656716417910447,0.3333333333333333,4
8,1752840013523,0.8656716417910447,0.3333333333333333,4
8,1752840013624,0.8805970149253731,0.3333333333333333,4
8,1752840013725,0.8805970149253731,0.3333333333333333,4
8,1752840013826,0.8805970149253731,0.26666666666666666,4
8,1752840013926,0.8955223880597015,0.6666666666666666,4
8,1752840014027,0.8955223880597015,0.4,4
8,1752840014128,0.9104477611940298,0.26666666666666666,4
8,1752840014229,0.9104477611940298,0.4,4
8,1752840014330,0.9253731343283582,0.4,4
8,1752840014431,0.9552238805970149,0.4,4
8,1752840014532,0.9253731343283582,0.26666666666666666,4
8,1752840014632,0.9402985074626866,0.6666666666666666,4
8,1752840014734,0.9253731343283582,0.5333333333333333,4
8,1752840014835,0.9104477611940298,0.26666666666666666,4
8,1752840014935,0.9253731343283582,0.4,4
8,1752840015036,0.9104477611940298,0.4,4
8,1752840015137,0.8955223880597015,0.26666666666666666,4
8,1752840015238,0.8955223880597015,0.26666666666666666,4
8,1752840015339,0.8805970149253731,0.26666666666666666,4
8,1752840015440,0.8805970149253731,0.7333333333333333,4
8,1752840015540,0.8507462686567164,0.4666666666666667,4
8,1752840015641,0.8656716417910447,0.4,4
8,1752840015742,0.8955223880597015,0.3333333333333333,4
8,1752840015843,0.8805970149253731,0.26666666666666666,4
8,1752840015944,0.8955223880597015,0.3333333333333333,4
8,1752840016045,0.8955223880597015,0.2,4
8,1752840016146,0.9253731343283582,0.3333333333333333,4
8,1752840016247,0.9253731343283582,0.6,4
8,1752840016347,0.9253731343283582,0.3333333333333333,4
8,1752840016448,0.9104477611940298,0.4,4
8,1752840016549,0.9253731343283582,0.3333333333333333,4
8,1752840016650,0.9253731343283582,0.3333333333333333,4
8,1752840016751,0.9253731343283582,0.3333333333333333,4
8,1752840016852,0.9253731343283582,0.4,4
8,1752840016953,0.9104477611940298,0.6,4
8,1752840017054,0.9104477611940298,0.4,4
8,1752840017154,0.8955223880597015,0.3333333333333333,4
8,1752840017255,0.8955223880597015,0.26666666666666666,4
8,1752840017356,0.8955223880597015,0.3333333333333333,4
8,1752840017457,0.8656716417910447,0.13333333333333333,4
8,1752840017558,0.8805970149253731,0.26666666666666666,4
8,1752840017659,0.8656716417910447,0.26666666666666666,4
8,1752840017760,0.8656716417910447,0.6,4
8,1752840017861,0.8656716417910447,0.26666666666666666,4
8,1752840017961,0.8805970149253731,0.2,4
8,1752840018062,0.8955223880597015,0.3333333333333333,4
8,1752840018163,0.8955223880597015,0.26666666666666666,4
8,1752840018264,0.8805970149253731,0.26666666666666666,4
8,1752840018365,0.9104477611940298,0.26666666666666666,4
8,1752840018466,0.9104477611940298,0.26666666666666666,4
8,1752840018567,0.9253731343283582,0.6,4
8,1752840018668,0.9253731343283582,0.3333333333333333,4
8,1752840018769,0.9253731343283582,0.26666666666666666,4
8,1752840018869,0.9253731343283582,0.4,4
8,1752840018971,0.9253731343283582,0.26666666666666666,4
8,1752840019071,0.9104477611940298,0.26666666666666666,4
8,1752840019172,0.8955223880597015,0.3333333333333333,4
8,1752840019273,0.8955223880597015,0.3333333333333333,4
8,1752840019374,0.9104477611940298,0.6,4
8,1752840019475,0.8805970149253731,0.3333333333333333,4
8,1752840019575,0.8656716417910447,0.3333333333333333,4
8,1752840019676,0.8656716417910447,0.26666666666666666,4
8,1752840019778,0.8805970149253731,0.26666666666666666,4
8,1752840019878,0.8656716417910447,0.26666666666666666,4
8,1752840019979,0.8805970149253731,0.13333333333333333,4
8,1752840020080,0.8805970149253731,0.3333333333333333,4
8,1752840020181,0.8955223880597015,0.6,4
8,1752840020282,0.8955223880597015,0.3333333333333333,4
8,1752840020383,0.9104477611940298,0.26666666666666666,4
8,1752840020483,0.9104477611940298,0.4,4
8,1752840020584,0.9402985074626866,0.2,4
8,1752840020685,0.9253731343283582,0.3333333333333333,4
8,1752840020786,0.9253731343283582,0.3333333333333333,4
8,1752840020887,0.9253731343283582,0.3333333333333333,4
8,1752840020988,0.9104477611940298,0.4,4
8,1752840021089,0.9253731343283582,0.4,4
8,1752840021190,0.9104477611940298,0.3333333333333333,4
8,1752840021291,0.9104477611940298,0.4,4
8,1752840021391,0.8955223880597015,0.2,4
8,1752840021492,0.8955223880597015,0.26666666666666666,4
8,1752840021593,0.8805970149253731,0.3333333333333333,4
8,1752840021694,0.8805970149253731,0.2,4
8,1752840021795,0.8805970149253731,0.4666666666666667,4
8,1752840021896,0.8805970149253731,0.4666666666666667,4
8,1752840021997,0.8955223880597015,0.2,4
8,1752840022098,0.8805970149253731,0.3333333333333333,4
8,1752840022198,0.8805970149253731,0.26666666666666666,4
8,1752840022299,0.8955223880597015,0.3333333333333333,4
8,1752840022400,0.9104477611940298,0.3333333333333333,4
8,1752840022501,0.9104477611940298,0.26666666666666666,4
8,1752840022602,0.9253731343283582,0.6,4
8,1752840022703,0.9253731343283582,0.4,4
8,1752840022804,0.9253731343283582,0.3333333333333333,4
8,1752840022905,0.9253731343283582,0.4,4
8,1752840023006,0.9253731343283582,0.3333333333333333,4
8,1752840023106,0.9253731343283582,0.26666666666666666,4
8,1752840023207,0.9253731343283582,0.3333333333333333,4
8,1752840023308,0.9253731343283582,0.3333333333333333,4
8,1752840023409,0.8955223880597015,0.6666666666666666,4
8,1752840023510,0.9104477611940298,0.3333333333333333,4
8,1752840023611,0.8805970149253731,0.3333333333333333,4
8,1752840023712,0.8805970149253731,0.4,4
8,1752840023812,0.8955223880597015,0.26666666666666666,4
8,1752840023913,0.8805970149253731,0.26666666666666666,4
8,1752840024014,0.9104477611940298,0.3333333333333333,4
8,1752840024115,0.8656716417910447,0.4,4
8,1752840024216,0.8805970149253731,0.5333333333333333,4
8,1752840024317,0.8805970149253731,0.26666666666666666,4
8,1752840024418,0.9104477611940298,0.3333333333333333,4
8,1752840024519,0.9104477611940298,0.3333333333333333,4
8,1752840024619,0.9104477611940298,0.26666666666666666,4
8,1752840024721,0.9253731343283582,0.3333333333333333,4
8,1752840024821,0.9402985074626866,0.4,4
8,1752840024922,0.9253731343283582,0.6,4
8,1752840025023,0.9253731343283582,0.4,4
8,1752840025124,0.9253731343283582,0.4,4
8,1752840025225,0.9402985074626866,0.4,4
8,1752840025326,0.9104477611940298,0.4,4
8,1752840025426,0.9104477611940298,0.3333333333333333,4
8,1752840025528,0.8955223880597015,0.26666666666666666,4
8,1752840025628,0.8955223880597015,0.4666666666666667,4
8,1752840025729,0.8805970149253731,0.6666666666666666,4
8,1752840025830,0.8805970149253731,0.3333333333333333,4
8,1752840025931,0.8805970149253731,0.3333333333333333,4
8,1752840026032,0.8805970149253731,0.3333333333333333,4
8,1752840026133,0.8656716417910447,0.26666666666666666,4
8,1752840026233,0.8656716417910447,0.3333333333333333,4
8,1752840026334,0.8805970149253731,0.26666666666666666,4
8,1752840026435,0.8955223880597015,0.26666666666666666,4
8,1752840026536,0.8955223880597015,0.6666666666666666,4
8,1752840026637,0.9104477611940298,0.3333333333333333,4
8,1752840026738,0.9253731343283582,0.3333333333333333,4
8,1752840026839,0.9104477611940298,0.4,4
8,1752840026940,0.9253731343283582,0.3333333333333333,4
8,1752840027041,0.9552238805970149,0.26666666666666666,4
8,1752840027142,0.9104477611940298,0.3333333333333333,4
8,1752840027242,0.9253731343283582,0.7333333333333333,4
8,1752840027343,0.9253731343283582,0.4,4
8,1752840027444,0.9253731343283582,0.2,4
8,1752840027545,0.9104477611940298,0.3333333333333333,4
8,1752840027646,0.9104477611940298,0.4,4
8,1752840027747,0.8955223880597015,0.06666666666666667,4
8,1752840027848,0.8805970149253731,0.3333333333333333,4
8,1752840027949,0.8805970149253731,0.3333333333333333,4
8,1752840028050,0.8656716417910447,0.5333333333333333,4
8,1752840028150,0.8656716417910447,0.26666666666666666,4
8,1752840028251,0.8656716417910447,0.26666666666666666,4
8,1752840028352,0.8805970149253731,0.4,4
8,1752840028453,0.8805970149253731,0.2,4
8,1752840028554,0.8955223880597015,0.2,4
8,1752840028655,0.8955223880597015,0.2,4
8,1752840028756,0.9104477611940298,0.26666666666666666,4
8,1752840028857,0.9104477611940298,0.5333333333333333,4
8,1752840028957,0.9253731343283582,0.26666666666666666,4
8,1752840029058,0.9253731343283582,0.26666666666666666,4
8,1752840029159,0.9253731343283582,0.3333333333333333,4
8,1752840029260,0.9253731343283582,0.3333333333333333,4
8,1752840029361,0.9253731343283582,0.3333333333333333,4
8,1752840029462,0.9104477611940298,0.3333333333333333,4
8,1752840029563,0.9253731343283582,0.3333333333333333,4
8,1752840029664,0.8955223880597015,0.4666666666666667,4
8,1752840029764,0.8955223880597015,0.26666666666666666,4
8,1752840029865,0.8805970149253731,0.3333333333333333,4
8,1752840029966,0.8805970149253731,0.3333333333333333,4
8,1752840030067,0.8656716417910447,0.26666666666666666,4
8,1752840030168,0.8805970149253731,0.3333333333333333,4
8,1752840030269,0.8656716417910447,0.26666666666666666,4
8,1752840030370,0.835820895522388,0.5333333333333333,4
8,1752840030470,0.8656716417910447,0.3333333333333333,4
8,1752840030571,0.8805970149253731,0.3333333333333333,4
8,1752840030672,0.8805970149253731,0.3333333333333333,4
8,1752840030773,0.8955223880597015,0.3333333333333333,4
8,1752840030874,0.9104477611940298,0.3333333333333333,4
8,1752840030975,0.9253731343283582,0.2,4
8,1752840031076,0.9402985074626866,0.3333333333333333,4
8,1752840031176,0.9253731343283582,0.6,4
8,1752840031277,0.9402985074626866,0.26666666666666666,4
8,1752840031378,0.9253731343283582,0.3333333333333333,4
8,1752840031479,0.9253731343283582,0.3333333333333333,4
8,1752840031580,0.8656716417910447,0.3333333333333333,4
8,1752840031681,0.9104477611940298,0.3333333333333333,4
8,1752840031782,0.9104477611940298,0.3333333333333333,4
8,1752840031883,0.8955223880597015,0.26666666666666666,4
8,1752840031984,0.8805970149253731,0.4666666666666667,4
8,1752840032085,0.8656716417910447,0.4,4
8,1752840032185,0.8805970149253731,0.3333333333333333,4
8,1752840032286,0.8805970149253731,0.3333333333333333,4
8,1752840032387,0.8656716417910447,0.3333333333333333,4
8,1752840032488,0.8656716417910447,0.26666666666666666,4
8,1752840032589,0.8805970149253731,0.26666666666666666,4
8,1752840032690,0.8805970149253731,0.3333333333333333,4
8,1752840032791,0.8955223880597015,0.6,4
8,1752840032891,0.9104477611940298,0.3333333333333333,4
8,1752840032992,0.8955223880597015,0.4,4
8,1752840033093,0.9253731343283582,0.4,4
8,1752840033194,0.9253731343283582,0.3333333333333333,4
8,1752840033295,0.9552238805970149,0.3333333333333333,4
8,1752840033396,0.9402985074626866,0.3333333333333333,4
8,1752840033497,0.9104477611940298,0.6,4
8,1752840033598,0.9402985074626866,0.4,4
8,1752840033699,0.9402985074626866,0.4,4
8,1752840033799,0.9253731343283582,0.3333333333333333,4
8,1752840033900,0.8955223880597015,0.3333333333333333,4
8,1752840034001,0.9104477611940298,0.3333333333333333,4
8,1752840034102,0.8805970149253731,0.3333333333333333,4
8,1752840034203,0.8805970149253731,0.26666666666666666,4
8,1752840034304,0.8805970149253731,0.6666666666666666,4
8,1752840034405,0.8507462686567164,0.26666666666666666,4
8,1752840034506,0.8656716417910447,0.3333333333333333,4
8,1752840034607,0.8656716417910447,0.4,4
8,1752840034707,0.8805970149253731,0.3333333333333333,4
8,1752840034808,0.8955223880597015,0.26666666666666666,4
8,1752840034909,0.8955223880597015,0.3333333333333333,4
8,1752840035010,0.8955223880597015,0.6,4
8,1752840035111,0.9104477611940298,0.4666666666666667,4
8,1752840035212,0.9253731343283582,0.26666666666666666,4
8,1752840035313,0.9253731343283582,0.3333333333333333,4
8,1752840035413,0.9253731343283582,0.2,4
8,1752840035514,0.9253731343283582,0.3333333333333333,4
8,1752840035615,0.9253731343283582,0.3333333333333333,4
8,1752840035716,0.9104477611940298,0.5333333333333333,4
8,1752840035817,0.9253731343283582,0.6,4
8,1752840035918,0.9104477611940298,0.4,4
8,1752840036019,0.9253731343283582,0.4,4
8,1752840036120,0.8805970149253731,0.4,4
8,1752840036221,0.8805970149253731,0.3333333333333333,4
8,1752840036321,0.8805970149253731,0.3333333333333333,4
8,1752840036423,0.8805970149253731,0.26666666666666666,4
8,1752840036523,0.8805970149253731,0.4,4
8,1752840036624,0.8805970149253731,0.6666666666666666,4
8,1752840036725,0.8507462686567164,0.2,4
8,1752840036826,0.8805970149253731,0.4,4
8,1752840036927,0.8805970149253731,0.3333333333333333,4
8,1752840037028,0.8955223880597015,0.2,4
8,1752840037128,0.9402985074626866,0.26666666666666666,4
8,1752840037229,0.8805970149253731,0.3333333333333333,4
8,1752840037330,0.8955223880597015,0.4,4
8,1752840037431,0.8955223880597015,0.4,4
8,1752840037532,0.9253731343283582,0.26666666666666666,4
8,1752840037633,0.9253731343283582,0.4,4
8,1752840037734,0.9104477611940298,0.26666666666666666,4
8,1752840037835,0.9253731343283582,0.26666666666666666,4
8,1752840037936,0.9253731343283582,0.26666666666666666,4
8,1752840038037,0.9104477611940298,0.5333333333333333,4
8,1752840038138,0.9104477611940298,0.4,4
8,1752840038238,0.8955223880597015,0.26666666666666666,4
8,1752840038339,0.8805970149253731,0.3333333333333333,4
8,1752840038440,0.8805970149253731,0.26666666666666666,4
8,1752840038541,0.8805970149253731,0.26666666666666666,4
8,1752840038641,0.8805970149253731,0.3333333333333333,4
8,1752840038742,0.8805970149253731,0.26666666666666666,4
8,1752840038844,0.8656716417910447,0.4666666666666667,4
8,1752840038944,0.8955223880597015,0.3333333333333333,4
8,1752840039045,0.9104477611940298,0.4,4
8,1752840039146,0.8507462686567164,0.4,4
8,1752840039247,0.9253731343283582,0.2,4
8,1752840039348,0.9104477611940298,0.26666666666666666,4
8,1752840039449,0.9104477611940298,0.26666666666666666,4
8,1752840039549,0.9104477611940298,0.3333333333333333,4
8,1752840039650,0.9253731343283582,0.3333333333333333,4
8,1752840039751,0.9253731343283582,0.5333333333333333,4
8,1752840039852,0.9402985074626866,0.26666666666666666,4
8,1752840039953,0.9104477611940298,0.3333333333333333,4
8,1752840040054,0.9104477611940298,0.4,4
8,1752840040155,0.9104477611940298,0.3333333333333333,4
8,1752840040256,0.8955223880597015,0.3333333333333333,4
8,1752840040356,0.8955223880597015,0.3333333333333333,4
8,1752840040457,0.8805970149253731,0.3333333333333333,4
8,1752840040559,0.8805970149253731,0.5333333333333333,4
8,1752840040660,0.8656716417910447,0.3333333333333333,4
8,1752840040760,0.8805970149253731,0.26666666666666666,4
8,1752840040861,0.8805970149253731,0.26666666666666666,4
8,1752840040962,0.9104477611940298,0.3333333333333333,4
8,1752840041063,0.8656716417910447,0.2,4
8,1752840041164,0.8805970149253731,0.26666666666666666,4
8,1752840041264,0.8955223880597015,0.3333333333333333,4
8,1752840041365,0.9104477611940298,0.4666666666666667,4
8,1752840041466,0.9104477611940298,0.4,4
8,1752840041567,0.9253731343283582,0.3333333333333333,4
8,1752840041668,0.9253731343283582,0.3333333333333333,4
8,1752840041769,0.9253731343283582,0.3333333333333333,4
8,1752840041870,0.9253731343283582,0.3333333333333333,4
8,1752840041971,0.9253731343283582,0.3333333333333333,4
8,1752840042071,0.9104477611940298,0.4,4
8,1752840042172,0.9104477611940298,0.3333333333333333,4
8,1752840042273,0.8955223880597015,0.6,4
8,1752840042374,0.9253731343283582,0.26666666666666666,4
8,1752840042475,0.8955223880597015,0.3333333333333333,4
8,1752840042576,0.8805970149253731,0.26666666666666666,4
8,1752840042677,0.8805970149253731,0.3333333333333333,4
8,1752840042778,0.8656716417910447,0.26666666666666666,4
8,1752840042878,0.8805970149253731,0.3333333333333333,4
8,1752840042979,0.8805970149253731,0.26666666666666666,4
8,1752840043080,0.8955223880597015,0.5333333333333333,4
8,1752840043181,0.8805970149253731,0.4666666666666667,4
8,1752840043282,0.8805970149253731,0.26666666666666666,4
8,1752840043383,0.8955223880597015,0.3333333333333333,4
8,1752840043484,0.9104477611940298,0.26666666666666666,4
8,1752840043585,0.9104477611940298,0.3333333333333333,4
8,1752840043686,0.9104477611940298,0.3333333333333333,4
8,1752840043787,0.9253731343283582,0.4,4
8,1752840043887,0.9402985074626866,0.6666666666666666,4
8,1752840043988,0.9253731343283582,0.26666666666666666,4
8,1752840044089,0.9253731343283582,0.3333333333333333,4
8,1752840044190,0.9253731343283582,0.4666666666666667,4
8,1752840044291,0.9104477611940298,0.3333333333333333,4
8,1752840044392,0.9104477611940298,0.3333333333333333,4
8,1752840044493,0.9104477611940298,0.3333333333333333,4
8,1752840044593,0.8805970149253731,0.4666666666666667,4
8,1752840044694,0.8955223880597015,0.6,4
8,1752840044796,0.8805970149253731,0.4,4
8,1752840044896,0.8805970149253731,0.2,4
8,1752840044997,0.8656716417910447,0.4,4
8,1752840045098,0.8805970149253731,0.3333333333333333,4
8,1752840045199,0.8656716417910447,0.3333333333333333,4
8,1752840045300,0.8656716417910447,0.3333333333333333,4
8,1752840045401,0.8955223880597015,0.4666666666666667,4
8,1752840045501,0.8955223880597015,0.5333333333333333,4
8,1752840045603,0.9253731343283582,0.26666666666666666,4
8,1752840045703,0.9104477611940298,0.4,4
8,1752840045804,0.9253731343283582,0.3333333333333333,4
8,1752840045905,0.9253731343283582,0.3333333333333333,4
8,1752840046006,0.9253731343283582,0.3333333333333333,4
8,1752840046107,0.9552238805970149,0.4,4
8,1752840046208,0.9402985074626866,0.7333333333333333,4
8,1752840046309,0.9402985074626866,0.3333333333333333,4
8,1752840046410,0.8955223880597015,0.4,4
8,1752840046510,0.8955223880597015,0.3333333333333333,4
8,1752840046611,0.8955223880597015,0.2,4
8,1752840046712,0.8955223880597015,0.3333333333333333,4
8,1752840046813,0.8955223880597015,0.26666666666666666,4
8,1752840046914,0.8208955223880597,0.3333333333333333,4
8,1752840047014,0.8507462686567164,0.6666666666666666,4
8,1752840047115,0.8805970149253731,0.4,4
8,1752840047216,0.8656716417910447,0.4,4
8,1752840047317,0.8805970149253731,0.26666666666666666,4
8,1752840047418,0.8656716417910447,0.3333333333333333,4
8,1752840047519,0.8955223880597015,0.3333333333333333,4
8,1752840047620,0.8955223880597015,0.3333333333333333,4
8,1752840047721,0.8955223880597015,0.3333333333333333,4
8,1752840047822,0.9104477611940298,0.6,4
8,1752840047923,0.9253731343283582,0.4666666666666667,4
8,1752840048023,0.9253731343283582,0.3333333333333333,4
8,1752840048124,0.9253731343283582,0.4666666666666667,4
8,1752840048225,0.9253731343283582,0.26666666666666666,4
8,1752840048326,0.9104477611940298,0.26666666666666666,4
8,1752840048427,0.9104477611940298,0.3333333333333333,4
8,1752840048528,0.9253731343283582,0.26666666666666666,4
8,1752840048629,0.8955223880597015,0.3333333333333333,4
8,1752840048730,0.8955223880597015,0.6,4
8,1752840048831,0.8805970149253731,0.3333333333333333,4
8,1752840048931,0.8955223880597015,0.2,4
8,1752840049032,0.8656716417910447,0.4,4
8,1752840049133,0.8656716417910447,0.26666666666666666,4
8,1752840049234,0.8656716417910447,0.26666666666666666,4
8,1752840049335,0.8805970149253731,0.26666666666666666,4
8,1752840049436,0.8805970149253731,0.26666666666666666,4
8,1752840049537,0.8656716417910447,0.5333333333333333,4
8,1752840049638,0.8656716417910447,0.26666666666666666,4
8,1752840049738,0.9104477611940298,0.3333333333333333,4
8,1752840049839,0.9104477611940298,0.4,4
8,1752840049940,0.9104477611940298,0.26666666666666666,4
8,1752840050041,0.9402985074626866,0.2,4
8,1752840050142,0.9253731343283582,0.26666666666666666,4
8,1752840050243,0.9402985074626866,0.4,4
8,1752840050344,0.9402985074626866,0.5333333333333333,4
8,1752840050445,0.9253731343283582,0.3333333333333333,4
8,1752840050546,0.9253731343283582,0.4,4
8,1752840050646,0.8955223880597015,0.26666666666666666,4
8,1752840050747,0.8656716417910447,0.4,4
8,1752840050848,0.8805970149253731,0.13333333333333333,4
8,1752840050950,0.8805970149253731,0.26666666666666666,4
8,1752840051050,0.8656716417910447,0.26666666666666666,4
8,1752840051151,0.8656716417910447,0.6,4
8,1752840051252,0.8656716417910447,0.3333333333333333,4
8,1752840051353,0.8656716417910447,0.3333333333333333,4
8,1752840051453,0.8656716417910447,0.4,4
8,1752840051554,0.8955223880597015,0.26666666666666666,4
8,1752840051655,0.8955223880597015,0.2,4
8,1752840051756,0.8955223880597015,0.3333333333333333,4
8,1752840051857,0.9104477611940298,0.4,4
8,1752840051958,0.9253731343283582,0.6,4
8,1752840052059,0.9253731343283582,0.3333333333333333,4
8,1752840052160,0.9253731343283582,0.4,4
8,1752840052260,0.9104477611940298,0.3333333333333333,4
8,1752840052361,0.9253731343283582,0.26666666666666666,4
8,1752840052462,0.9253731343283582,0.3333333333333333,4
8,1752840052563,0.8805970149253731,0.3333333333333333,4
8,1752840052664,0.9253731343283582,0.7333333333333333,4
8,1752840052765,0.9104477611940298,0.4666666666666667,4
8,1752840052865,0.8955223880597015,0.3333333333333333,4
8,1752840052966,0.8805970149253731,0.3333333333333333,4
8,1752840053067,0.8805970149253731,0.3333333333333333,4
8,1752840053168,0.8805970149253731,0.3333333333333333,4
8,1752840053269,0.8656716417910447,0.3333333333333333,4
8,1752840053370,0.8656716417910447,0.2,4
8,1752840053471,0.8805970149253731,0.6666666666666666,4
8,1752840053572,0.8805970149253731,0.4,4
8,1752840053673,0.8805970149253731,0.26666666666666666,4
8,1752840053773,0.8955223880597015,0.4,4
8,1752840053874,0.9104477611940298,0.26666666666666666,4
8,1752840053975,0.9253731343283582,0.26666666666666666,4
8,1752840054076,0.9104477611940298,0.3333333333333333,4
8,1752840054177,0.9253731343283582,0.3333333333333333,4
8,1752840054278,0.8955223880597015,0.6,4
8,1752840054379,0.9253731343283582,0.4,4
8,1752840054480,0.9402985074626866,0.3333333333333333,4
8,1752840054580,0.9104477611940298,0.4,4
8,1752840054681,0.9253731343283582,0.26666666666666666,4
8,1752840054782,0.8955223880597015,0.26666666666666666,4
8,1752840054883,0.8805970149253731,0.3333333333333333,4
8,1752840054984,0.8805970149253731,0.7333333333333333,4
8,1752840055085,0.8805970149253731,0.4,4
8,1752840055186,0.8656716417910447,0.3333333333333333,4
8,1752840055287,0.8507462686567164,0.26666666666666666,4
8,1752840055388,0.8656716417910447,0.2,4
8,1752840055488,0.8656716417910447,0.2,4
8,1752840055590,0.8805970149253731,0.3333333333333333,4
8,1752840055690,0.8805970149253731,0.3333333333333333,4
8,1752840055791,0.8805970149253731,0.4666666666666667,4
8,1752840055892,0.8805970149253731,0.3333333333333333,4
8,1752840055993,0.9253731343283582,0.13333333333333333,4
8,1752840056094,0.9253731343283582,0.4,4
8,1752840056195,0.9104477611940298,0.2,4
8,1752840056295,0.9552238805970149,0.26666666666666666,4
8,1752840056396,0.9402985074626866,0.26666666666666666,4
8,1752840056497,0.8805970149253731,0.2,4
8,1752840056598,0.9104477611940298,0.5333333333333333,4
8,1752840056699,0.9104477611940298,0.7333333333333333,4
8,1752840056800,0.8955223880597015,0.26666666666666666,4
8,1752840056901,0.8955223880597015,0.3333333333333333,4
8,1752840057002,0.8955223880597015,0.3333333333333333,4
8,1752840057103,0.8955223880597015,0.2,4
8,1752840057203,0.8805970149253731,0.3333333333333333,4
8,1752840057304,0.8805970149253731,0.26666666666666666,4
8,1752840057405,0.8805970149253731,0.4,4
8,1752840057506,0.8656716417910447,0.5333333333333333,4
8,1752840057607,0.8656716417910447,0.26666666666666666,4
8,1752840057708,0.8805970149253731,0.3333333333333333,4
8,1752840057809,0.9104477611940298,0.26666666666666666,4
8,1752840057910,0.8955223880597015,0.26666666666666666,4
8,1752840058010,0.8955223880597015,0.3333333333333333,4
8,1752840058111,0.9253731343283582,0.26666666666666666,4
8,1752840058212,0.9253731343283582,0.3333333333333333,4
8,1752840058313,0.9253731343283582,0.4666666666666667,4
8,1752840058414,0.9253731343283582,0.3333333333333333,4
8,1752840058515,0.9253731343283582,0.3333333333333333,4
8,1752840058616,0.9253731343283582,0.3333333333333333,4
8,1752840058717,0.9104477611940298,0.4,4
8,1752840058817,0.9104477611940298,0.3333333333333333,4
8,1752840058918,0.8955223880597015,0.26666666666666666,4
8,1752840059019,0.8955223880597015,0.26666666666666666,4
8,1752840059120,0.8955223880597015,0.4666666666666667,4
8,1752840059221,0.8656716417910447,0.26666666666666666,4
8,1752840059322,0.8805970149253731,0.4,4
8,1752840059423,0.8656716417910447,0.26666666666666666,4
8,1752840059524,0.8656716417910447,0.3333333333333333,4
8,1752840059625,0.8656716417910447,0.26666666666666666,4
8,1752840059725,0.8656716417910447,0.3333333333333333,4
8,1752840059826,0.8805970149253731,0.3333333333333333,4
8,1752840059927,0.9104477611940298,0.4666666666666667,4
8,1752840060028,0.9104477611940298,0.4,4
8,1752840060129,0.9253731343283582,0.2,4
8,1752840060230,0.9402985074626866,0.3333333333333333,4
8,1752840060331,0.8955223880597015,0.4666666666666667,4
8,1752840060432,0.9253731343283582,0.3333333333333333,4
8,1752840060532,0.9104477611940298,0.4,4
8,1752840060633,0.9253731343283582,0.4666666666666667,4
8,1752840060734,0.9104477611940298,0.5333333333333333,4
8,1752840060835,0.9104477611940298,0.26666666666666666,4
8,1752840060936,0.9104477611940298,0.4,4
8,1752840061037,0.8955223880597015,0.3333333333333333,4
8,1752840061138,0.8955223880597015,0.3333333333333333,4
8,1752840061239,0.8805970149253731,0.3333333333333333,4
8,1752840061340,0.8805970149253731,0.26666666666666666,4
8,1752840061440,0.8805970149253731,0.4666666666666667,4
8,1752840061541,0.8656716417910447,0.5333333333333333,4
8,1752840061642,0.8805970149253731,0.26666666666666666,4
8,1752840061743,0.8805970149253731,0.3333333333333333,4
8,1752840061844,0.8805970149253731,0.3333333333333333,4
8,1752840061945,0.8805970149253731,0.2,4
8,1752840062046,0.9253731343283582,0.26666666666666666,4
8,1752840062146,0.9104477611940298,0.3333333333333333,4
8,1752840062247,0.9104477611940298,0.4,4
8,1752840062348,0.9253731343283582,0.6,4
8,1752840062449,0.9104477611940298,0.3333333333333333,4
8,1752840062550,0.9253731343283582,0.4,4
8,1752840062651,0.9253731343283582,0.4,4
8,1752840062752,0.9104477611940298,0.26666666666666666,4
8,1752840062853,0.9253731343283582,0.26666666666666666,4
8,1752840062954,0.9104477611940298,0.4,4
8,1752840063055,0.8955223880597015,0.5333333333333333,4
8,1752840063156,0.8955223880597015,0.4,4
8,1752840063256,0.8805970149253731,0.4,4
8,1752840063357,0.8805970149253731,0.4,4
8,1752840063458,0.8805970149253731,0.3333333333333333,4
8,1752840063559,0.8805970149253731,0.26666666666666666,4
8,1752840063660,0.8805970149253731,0.3333333333333333,4
8,1752840063761,0.8656716417910447,0.26666666666666666,4
8,1752840063861,0.8507462686567164,0.4,4
8,1752840063962,0.8955223880597015,0.4,4
8,1752840064063,0.8955223880597015,0.2,4
8,1752840064164,0.8805970149253731,0.3333333333333333,4
8,1752840064265,0.9104477611940298,0.2,4
8,1752840064366,0.9104477611940298,0.3333333333333333,4
8,1752840064467,0.9104477611940298,0.3333333333333333,4
8,1752840064568,0.9253731343283582,0.26666666666666666,4
8,1752840064668,0.9253731343283582,0.4666666666666667,4
8,1752840064769,0.9253731343283582,0.4,4
8,1752840064870,0.9104477611940298,0.3333333333333333,4
8,1752840064971,0.9253731343283582,0.4,4
8,1752840065072,0.9253731343283582,0.3333333333333333,4
8,1752840065173,0.9253731343283582,0.26666666666666666,4
8,1752840065274,0.8955223880597015,0.4666666666666667,4
8,1752840065375,0.8805970149253731,0.3333333333333333,4
8,1752840065476,0.8656716417910447,0.5333333333333333,4
8,1752840065576,0.8955223880597015,0.4,4
8,1752840065677,0.8507462686567164,0.3333333333333333,4
8,1752840065778,0.8805970149253731,0.2,4
8,1752840065879,0.8955223880597015,0.2,4
8,1752840065980,0.8805970149253731,0.2,4
8,1752840066081,0.8955223880597015,0.26666666666666666,4
8,1752840066182,0.9104477611940298,0.2,4
8,1752840066283,0.8955223880597015,0.5333333333333333,4
8,1752840066384,0.9104477611940298,0.26666666666666666,4
8,1752840066484,0.9104477611940298,0.4,4
8,1752840066585,0.9253731343283582,0.4,4
8,1752840066686,0.9402985074626866,0.3333333333333333,4
8,1752840066787,0.9253731343283582,0.26666666666666666,4
8,1752840066888,0.9104477611940298,0.4,4
8,1752840066989,0.9253731343283582,0.3333333333333333,4
8,1752840067090,0.9104477611940298,0.4666666666666667,4
8,1752840067191,0.9104477611940298,0.4,4
8,1752840067291,0.9104477611940298,0.3333333333333333,4
8,1752840067392,0.8955223880597015,0.4,4
8,1752840067493,0.8955223880597015,0.3333333333333333,4
8,1752840067594,0.9104477611940298,0.3333333333333333,4
8,1752840067695,0.8656716417910447,0.4,4
8,1752840067796,0.8805970149253731,0.4666666666666667,4
8,1752840067897,0.8507462686567164,0.4,4
8,1752840067997,0.8656716417910447,0.3333333333333333,4
8,1752840068098,0.8805970149253731,0.26666666666666666,4
8,1752840068199,0.8805970149253731,0.26666666666666666,4
8,1752840068300,0.8805970149253731,0.2,4
8,1752840068401,0.8955223880597015,0.3333333333333333,4
8,1752840068502,0.9104477611940298,0.4666666666666667,4
8,1752840068603,0.9104477611940298,0.4666666666666667,4
8,1752840068704,0.9253731343283582,0.4,4
8,1752840068805,0.9552238805970149,0.3333333333333333,4
8,1752840068905,0.8955223880597015,0.4,4
8,1752840069006,0.9253731343283582,0.4,4
8,1752840069107,0.9104477611940298,0.3333333333333333,4
8,1752840069208,0.9104477611940298,0.26666666666666666,4
8,1752840069309,0.8805970149253731,0.4,4
8,1752840069410,0.8955223880597015,0.4666666666666667,4
8,1752840069511,0.8955223880597015,0.4,4
8,1752840069612,0.8955223880597015,0.3333333333333333,4
8,1752840069712,0.9104477611940298,0.26666666666666666,4
8,1752840069813,0.8955223880597015,0.3333333333333333,4
8,1752840069914,0.8656716417910447,0.4,4
8,1752840070015,0.8656716417910447,0.4,4
8,1752840070116,0.8656716417910447,0.5333333333333333,4
8,1752840070217,0.8656716417910447,0.3333333333333333,4
8,1752840070318,0.8805970149253731,0.3333333333333333,4
8,1752840070419,0.8955223880597015,0.4,4
8,1752840070520,0.8955223880597015,0.2,4
8,1752840070620,0.9104477611940298,0.4,4
8,1752840070721,0.9104477611940298,0.3333333333333333,4
8,1752840070822,0.9253731343283582,0.6,4
8,1752840070923,0.9253731343283582,0.3333333333333333,4
8,1752840071024,0.9253731343283582,0.3333333333333333,4
8,1752840071125,0.9253731343283582,0.3333333333333333,4
8,1752840071226,0.8955223880597015,0.2,4
8,1752840071327,0.9253731343283582,0.26666666666666666,4
8,1752840071427,0.9104477611940298,0.3333333333333333,4
8,1752840071528,0.8955223880597015,0.3333333333333333,4
8,1752840071629,0.8805970149253731,0.6,4
8,1752840071730,0.8805970149253731,0.3333333333333333,4
8,1752840071831,0.8805970149253731,0.26666666666666666,4
8,1752840071932,0.8805970149253731,0.4,4
8,1752840072033,0.8955223880597015,0.26666666666666666,4
8,1752840072134,0.8656716417910447,0.3333333333333333,4
8,1752840072235,0.8805970149253731,0.3333333333333333,4
8,1752840072335,0.8805970149253731,0.5333333333333333,4
8,1752840072437,0.8805970149253731,0.4,4
8,1752840072537,0.8955223880597015,0.4,4
8,1752840072638,0.8805970149253731,0.3333333333333333,4
8,1752840072739,0.9104477611940298,0.26666666666666666,4
8,1752840072840,0.9253731343283582,0.26666666666666666,4
8,1752840072941,0.9253731343283582,0.3333333333333333,4
8,1752840073042,0.9253731343283582,0.6666666666666666,4
8,1752840073143,0.9253731343283582,0.4,4
8,1752840073243,0.9253731343283582,0.3333333333333333,4
8,1752840073344,0.9253731343283582,0.4,4
8,1752840073445,0.9104477611940298,0.3333333333333333,4
8,1752840073546,0.9104477611940298,0.3333333333333333,4
8,1752840073647,0.9253731343283582,0.3333333333333333,4
8,1752840073748,0.9104477611940298,0.3333333333333333,4
8,1752840073849,0.8805970149253731,0.6,4
8,1752840073950,0.8805970149253731,0.4,4
8,1752840074050,0.8656716417910447,0.3333333333333333,4
8,1752840074152,0.8656716417910447,0.4,4
8,1752840074252,0.8656716417910447,0.26666666666666666,4
8,1752840074353,0.8656716417910447,0.26666666666666666,4
8,1752840074454,0.8805970149253731,0.3333333333333333,4
8,1752840074555,0.8805970149253731,0.6,4
8,1752840074656,0.8805970149253731,0.4666666666666667,4
8,1752840074756,0.8955223880597015,0.3333333333333333,4
8,1752840074857,0.9104477611940298,0.4,4
8,1752840074958,0.9253731343283582,0.2,4
8,1752840075059,0.9253731343283582,0.4,4
8,1752840075160,0.9253731343283582,0.3333333333333333,4
8,1752840075261,0.9402985074626866,0.4,4
8,1752840075362,0.9253731343283582,0.6666666666666666,4
8,1752840075463,0.9552238805970149,0.4,4
8,1752840075564,0.9104477611940298,0.3333333333333333,4
8,1752840075665,0.9104477611940298,0.26666666666666666,4
8,1752840075765,0.8656716417910447,0.3333333333333333,4
8,1752840075866,0.9104477611940298,0.26666666666666666,4
8,1752840075967,0.8805970149253731,0.26666666666666666,4
8,1752840076068,0.8805970149253731,0.26666666666666666,4
8,1752840076169,0.8805970149253731,0.6,4
8,1752840076270,0.8507462686567164,0.3333333333333333,4
8,1752840076370,0.8656716417910447,0.26666666666666666,4
8,1752840076471,0.8805970149253731,0.3333333333333333,4
8,1752840076572,0.8805970149253731,0.26666666666666666,4
8,1752840076673,0.8805970149253731,0.26666666666666666,4
8,1752840076774,0.8805970149253731,0.3333333333333333,4
8,1752840076875,0.8955223880597015,0.3333333333333333,4
8,1752840076976,0.9104477611940298,0.5333333333333333,4
8,1752840077077,0.9253731343283582,0.26666666666666666,4
8,1752840077178,0.9253731343283582,0.4,4
8,1752840077278,0.9552238805970149,0.2,4
8,1752840077380,0.9104477611940298,0.3333333333333333,4
8,1752840077480,0.9253731343283582,0.4,4
8,1752840077581,0.9104477611940298,0.3333333333333333,4
8,1752840077682,0.9104477611940298,0.4666666666666667,4
8,1752840077783,0.9104477611940298,0.4666666666666667,4
8,1752840077884,0.8955223880597015,0.3333333333333333,4
8,1752840077985,0.8805970149253731,0.4,4
8,1752840078086,0.8805970149253731,0.3333333333333333,4
8,1752840078187,0.8805970149253731,0.26666666666666666,4
8,1752840078287,0.8656716417910447,0.3333333333333333,4
8,1752840078388,0.8955223880597015,0.3333333333333333,4
8,1752840078489,0.835820895522388,0.3333333333333333,4
8,1752840078590,0.8805970149253731,0.4666666666666667,4
8,1752840078691,0.8805970149253731,0.26666666666666666,4
8,1752840078792,0.8955223880597015,0.26666666666666666,4
8,1752840078893,0.8805970149253731,0.26666666666666666,4
8,1752840078994,0.8955223880597015,0.26666666666666666,4
8,1752840079094,0.9402985074626866,0.26666666666666666,4
8,1752840079195,0.9253731343283582,0.26666666666666666,4
8,1752840079296,0.9253731343283582,0.5333333333333333,4
8,1752840079397,0.9253731343283582,0.4666666666666667,4
8,1752840079498,0.9253731343283582,0.26666666666666666,4
8,1752840079599,0.9104477611940298,0.4,4
8,1752840079700,0.9104477611940298,0.26666666666666666,4
8,1752840079801,0.9104477611940298,0.3333333333333333,4
8,1752840079901,0.8955223880597015,0.26666666666666666,4
8,1752840080002,0.8955223880597015,0.4,4
8,1752840080103,0.8805970149253731,0.6,4
8,1752840080204,0.8805970149253731,0.3333333333333333,4
8,1752840080305,0.8805970149253731,0.4,4
8,1752840080406,0.8656716417910447,0.26666666666666666,4
8,1752840080507,0.8656716417910447,0.3333333333333333,4
8,1752840080608,0.8805970149253731,0.26666666666666666,4
8,1752840080708,0.8805970149253731,0.26666666666666666,4
8,1752840080809,0.8805970149253731,0.4,4
8,1752840080910,0.8805970149253731,0.4666666666666667,4
8,1752840081011,0.8955223880597015,0.2,4
8,1752840081112,0.9253731343283582,0.26666666666666666,4
8,1752840081213,0.9253731343283582,0.26666666666666666,4
8,1752840081314,0.9104477611940298,0.2,4
8,1752840081415,0.9104477611940298,0.3333333333333333,4
8,1752840081515,0.9104477611940298,0.3333333333333333,4
8,1752840081616,0.9253731343283582,0.6,4
8,1752840081717,0.9253731343283582,0.4666666666666667,4
8,1752840081818,0.9104477611940298,0.26666666666666666,4
8,1752840081919,0.9104477611940298,0.4,4
8,1752840082020,0.8955223880597015,0.3333333333333333,4
8,1752840082121,0.8955223880597015,0.26666666666666666,4
8,1752840082222,0.8805970149253731,0.3333333333333333,4
8,1752840082323,0.8805970149253731,0.4,4
8,1752840082423,0.8805970149253731,0.6,4
8,1752840082524,0.8656716417910447,0.3333333333333333,4
8,1752840082625,0.8656716417910447,0.3333333333333333,4
8,1752840082726,0.8656716417910447,0.3333333333333333,4
8,1752840082827,0.8805970149253731,0.26666666666666666,4
8,1752840082928,0.8805970149253731,0.4,4
8,1752840083029,0.8805970149253731,0.4,4
8,1752840083130,0.8955223880597015,0.6,4
8,1752840083231,0.8805970149253731,0.3333333333333333,4
8,1752840083331,0.9104477611940298,0.3333333333333333,4
8,1752840083432,0.9104477611940298,0.4,4
8,1752840083533,0.9402985074626866,0.3333333333333333,4
8,1752840083634,0.9253731343283582,0.26666666666666666,4
8,1752840083735,0.9253731343283582,0.3333333333333333,4
8,1752840083836,0.9253731343283582,0.26666666666666666,4
8,1752840083937,0.9104477611940298,0.4,4
8,1752840084037,0.8955223880597015,0.7333333333333333,4
8,1752840084138,0.9104477611940298,0.3333333333333333,4
8,1752840084239,0.8955223880597015,0.3333333333333333,4
8,1752840084341,0.8805970149253731,0.26666666666666666,4
8,1752840084441,0.8656716417910447,0.2,4
8,1752840084542,0.8805970149253731,0.2,4
8,1752840084643,0.8656716417910447,0.3333333333333333,4
8,1752840084744,0.8805970149253731,0.4,4
8,1752840084845,0.9104477611940298,0.5333333333333333,4
8,1752840084945,0.8805970149253731,0.3333333333333333,4
8,1752840085046,0.8805970149253731,0.4,4
8,1752840085147,0.8955223880597015,0.3333333333333333,4
8,1752840085248,0.8955223880597015,0.2,4
8,1752840085349,0.9402985074626866,0.3333333333333333,4
8,1752840085450,0.9104477611940298,0.26666666666666666,4
8,1752840085551,0.9253731343283582,0.5333333333333333,4
8,1752840085652,0.9552238805970149,0.4,4
8,1752840085753,0.9253731343283582,0.3333333333333333,4
8,1752840085853,0.9104477611940298,0.4,4
8,1752840085954,0.9104477611940298,0.2,4
8,1752840086055,0.9104477611940298,0.4,4
8,1752840086156,0.8955223880597015,0.26666666666666666,4
8,1752840086257,0.8955223880597015,0.4,4
8,1752840086358,0.8955223880597015,0.5333333333333333,4
8,1752840086459,0.8955223880597015,0.26666666666666666,4
8,1752840086559,0.8656716417910447,0.3333333333333333,4
8,1752840086660,0.8805970149253731,0.26666666666666666,4
8,1752840086761,0.8656716417910447,0.3333333333333333,4
8,1752840086862,0.8805970149253731,0.26666666666666666,4
8,1752840086963,0.8656716417910447,0.2,4
8,1752840087064,0.8955223880597015,0.2,4
8,1752840087165,0.8656716417910447,0.4666666666666667,4
8,1752840087266,0.8955223880597015,0.4,4
8,1752840087367,0.8955223880597015,0.3333333333333333,4
8,1752840087468,0.9104477611940298,0.26666666666666666,4
8,1752840087569,0.9104477611940298,0.3333333333333333,4
8,1752840087669,0.9253731343283582,0.3333333333333333,4
8,1752840087770,0.9253731343283582,0.3333333333333333,4
8,1752840087871,0.9253731343283582,0.3333333333333333,4
8,1752840087972,0.9253731343283582,0.6,4
8,1752840088073,0.9253731343283582,0.2,4
8,1752840088174,0.9104477611940298,0.4666666666666667,4
8,1752840088274,0.8955223880597015,0.3333333333333333,4
8,1752840088375,0.8955223880597015,0.3333333333333333,4
8,1752840088476,0.8805970149253731,0.3333333333333333,4
8,1752840088577,0.8805970149253731,0.3333333333333333,4
8,1752840088678,0.8955223880597015,0.26666666666666666,4
8,1752840088779,0.8805970149253731,0.26666666666666666,4
8,1752840088880,0.9104477611940298,0.6,4
8,1752840088981,0.8656716417910447,0.13333333333333333,4
8,1752840089082,0.8507462686567164,0.4666666666666667,4
8,1752840089182,0.8805970149253731,0.3333333333333333,4
8,1752840089283,0.8805970149253731,0.26666666666666666,4
8,1752840089384,0.8955223880597015,0.3333333333333333,4
8,1752840089485,0.9104477611940298,0.26666666666666666,4
8,1752840089586,0.9104477611940298,0.26666666666666666,4
8,1752840089687,0.9104477611940298,0.6,4
8,1752840089788,0.9253731343283582,0.3333333333333333,4
8,1752840089889,0.9253731343283582,0.3333333333333333,4
8,1752840089989,0.9253731343283582,0.4,4
8,1752840090090,0.9104477611940298,0.26666666666666666,4
8,1752840090191,0.9104477611940298,0.3333333333333333,4
8,1752840090292,0.9104477611940298,0.3333333333333333,4
8,1752840090393,0.8955223880597015,0.3333333333333333,4
8,1752840090494,0.8805970149253731,0.5333333333333333,4
8,1752840090595,0.8656716417910447,0.4,4
8,1752840090696,0.8656716417910447,0.26666666666666666,4
8,1752840090797,0.8805970149253731,0.4,4
8,1752840090897,0.8656716417910447,0.4,4
