window_id,GSR_mean,GSR_variance,HR_mean,HR_variance,75_percentile_GSR,75_percentile_HR,GSRmean_persen_diff,HRmean_persent_diff,GSRmean_diff,HRmean_diff,valence_acc_video,arousal_acc_video,P_id,video_id,Score,time,valence,arousal,videoID,start_time,end_time,P_id.1,probe,prev_window,diameter_mean,diameter_std,diameter_min,diameter_max,confidence_gaze_mean,confidence_gaze_<lambda_0>,norm_pos_x_gaze_mean,norm_pos_x_gaze_std,norm_pos_y_gaze_mean,norm_pos_y_gaze_std,gaze_normal0_x_mean,gaze_normal0_x_std,gaze_normal0_y_mean,gaze_normal0_y_std,gaze_normal0_z_mean,gaze_normal0_z_std,gaze_point_3d_x_mean,gaze_point_3d_x_std,gaze_point_3d_y_mean,gaze_point_3d_y_std,gaze_point_3d_z_mean,gaze_point_3d_z_std,ellipse_axis_a_mean,ellipse_axis_b_mean
0.0,0.4241666666666667,0.0089368055555555,0.3307692307692306,0.0332544378698224,0.5,0.3461538461538461,,,,,1.0,1.0,1.0,1.0,,1751711137463.0,5.0,5.0,1.0,1751711137463.0,1751711142463.0,1.0,1.0,1.0,23.714802473574082,2.1783609018908745,13.816619439358298,29.042025313650186,0.8998268090415439,69,0.48084005299928906,0.3067973328022056,0.5257096228515895,0.22375461743026173,-0.1328533416165733,0.12188268087296847,-0.22098401119837294,0.10891013200063666,0.9515183677763133,0.03788939104539049,0.5518159816752088,74.03975987491566,-39.670799528185604,306.30171464396693,209.6926380982768,618.9399612643215,18.546620589807052,23.714802473574082
1.0,0.4191666666666667,0.0087784722222222,0.3338461538461538,0.0365940828402366,0.5,0.3461538461538461,,,,,1.0,1.0,1.0,1.0,,1751711146395.2,6.333333333333331,5.8,1.0,1751711142464.0,1751711147464.0,1.0,0.0,1.0,21.732840924020827,1.3390084278698833,11.279966665738424,25.27991753868753,0.9106943971079949,96,0.4969593201513146,0.04989432592416496,0.5985498228612322,0.12323543212447233,-0.10680197510827225,0.15072289610329648,-0.24542191952677225,0.07722435476651891,0.9474491234799284,0.04524038407197338,6.3791324911235545,74.6383095727548,-50.89983499206927,195.10840180288102,261.22843785253036,609.1689006745185,16.937705664247197,21.732840924020827
2.0,0.4333333333333333,0.0087499999999999,0.3376923076923077,0.0358159763313609,0.5,0.3749999999999999,,,,,1.0,1.0,1.0,1.0,,1751711148756.75,7.43375,7.56875,1.0,1751711147465.0,1751711152465.0,1.0,0.0,0.0,22.25575146510566,1.3425291144575695,13.202408137834835,26.525472547181103,0.9558802701538885,7,0.5180978263563291,0.14122069418837682,0.48578121966412025,0.21182972357632573,-0.09296569621934986,0.2164374970424853,-0.180097769403529,0.12769090731240512,0.9461915104929975,0.023349850496342493,7.2086524237452325,39.8043866334853,-10.261765968681845,62.90830859798476,153.7275162895449,104.56962681271177,17.590821099918095,22.25575146510566
3.0,0.4166666666666666,0.0071527777777777,0.4292307692307691,0.0483644970414201,0.4895833333333333,0.5769230769230769,,,,,1.0,1.0,1.0,1.0,,1751711148756.75,7.43375,7.56875,1.0,1751711147465.0,1751711152465.0,1.0,0.0,0.0,22.306125538943913,1.3454862209606746,13.97684611620409,25.543026047616152,0.963330402858693,47,0.5303723751875066,0.06978123772707408,0.5777589082830995,0.10890044684797803,-0.0801729618121341,0.12934216822285555,-0.24336466176940744,0.06403355983003524,0.9556470548103667,0.016503390558093887,11.23289561516154,33.4750268696798,-30.902505124191496,176.66176316624595,188.4852893369715,455.36571899051836,17.548180817304306,22.306125538943913
4.0,0.4116666666666667,0.0084472222222222,0.3353846153846153,0.0368662721893491,0.5,0.3749999999999999,,,,,1.0,1.0,1.0,1.0,,1751711148756.75,7.43375,7.56875,1.0,1751711147465.0,1751711152465.0,1.0,0.0,0.0,21.391916603784082,1.470342317135695,14.911691355531204,34.076663084375085,0.8400726086563446,167,0.6056331922657698,0.22091208077120536,0.5221144624538454,1.2003381969170248,0.07155279785030322,0.17142920800854292,-0.19924432149051893,0.1281355681907321,0.9520740072784007,0.054529730320946615,53.552967520199864,205.99901427488916,-33.8109837500905,261.5604515464965,301.7558720925969,963.8219308946659,18.074442504109832,21.391916603784082
5.0,0.4075,0.0071729166666666,0.3423076923076922,0.0372337278106509,0.4583333333333333,0.3749999999999999,,,,,1.0,1.0,1.0,1.0,,1751711148756.75,7.43375,7.56875,1.0,1751711147465.0,1751711152465.0,1.0,0.0,0.0,50286355.55565143,1252119648.1883745,12.747458458430785,31177527829.607967,0.8048000382685444,227,0.4786410456413646,0.19584305969883756,0.4937959208042836,0.8018907178100978,-0.07380482619260702,0.23754396135389919,-0.20534159275827432,0.09828292624208063,0.9396878218276307,0.057888240902201404,-5.707092820678151,65.70871241084816,-119.61174015578347,2217.0342672809425,435.4793094501961,4537.520778275112,16.162807892482167,50286355.55565143
6.0,0.4025,0.0066395833333333,0.3415384615384614,0.0319905325443787,0.4583333333333333,0.3461538461538461,,,,,1.0,1.0,1.0,1.0,,1751711172423.0,8.2,7.13,1.0,1751711167469.0,1751711172469.0,1.0,0.0,0.0,62788991.29740376,1560908992.1242254,16.024945490097384,38803582240.50912,0.8900055701908794,67,0.7803852718692201,0.23043928795453106,0.4123783761967418,0.14559062861680075,0.37329037417609334,0.33130298089599086,-0.0673137463370938,0.06817731613997283,0.8560733052914866,0.09463355017488632,-72.40396091994458,3089.1131854379946,-0.9539198820970799,2628.9671648218973,929.2201544956582,16325.09361925215,20.893998804391682,62788991.29740376
7.0,0.3966666666666666,0.0073777777777777,0.3592307692307692,0.0327579881656804,0.4583333333333333,0.3846153846153846,,,,,1.0,1.0,1.0,1.0,,1751711174270.3,7.56,6.305999999999999,1.0,1751711172470.0,1751711177470.0,1.0,0.0,0.0,23.714105073946328,1.002438823066907,17.73090633803222,28.298398812938515,0.9111598767469214,50,0.7826994041412669,0.08920196726389813,0.39516192154275315,0.08758697680796601,0.323006097092228,0.1446972905271906,-0.0815897215932702,0.06520901128867404,0.927005002523582,0.06713363796451279,72.59744863036033,68.67817818010118,4.764060972055032,65.44802068126701,150.01261445087195,218.65473782217035,21.834800284931976,23.714105073946328
8.0,0.3975,0.0082784722222222,0.3369230769230769,0.034175147928994,0.4583333333333333,0.3461538461538461,,,,,1.0,1.0,1.0,1.0,,1751711174270.3,7.56,6.305999999999999,1.0,1751711172470.0,1751711177470.0,1.0,0.0,0.0,24.4850513295088,1.0789649709649123,12.011938637293085,30.647717943297227,0.9216103622932207,46,0.7844751536192757,0.05421245321389382,0.476226254441524,0.12169017544092564,0.315635072598304,0.09190140850297335,-0.1414545170613967,0.06274855515575765,0.9300463906169919,0.054847799164989684,69.90786958083007,27.72683691953134,-2.3312943402258086,30.35488611357158,134.18531803653482,45.44025886236509,22.14214990373751,24.4850513295088
9.0,0.3841666666666667,0.0069645833333333,0.3007692307692308,0.0171414201183431,0.4583333333333333,0.3461538461538461,,,,,1.0,1.0,1.0,1.0,,1751711187463.0,6.87,6.07,1.0,1751711182472.0,1751711187472.0,1.0,0.0,0.0,25.07587222225924,1.8030779721085795,11.236291465877578,33.14363084434477,0.8926758632642159,122,0.800278789820294,0.0643669957513085,0.5208090134309848,0.14882769409196134,0.3938914852731936,0.11697591201063244,-0.16836201418246605,0.05694079294177766,0.8905355314675061,0.08089820737142514,105.4750852780852,199.3139456121041,-15.351198051610574,100.49356102318329,199.71406452956705,416.0549225126611,22.466235892460166,25.07587222225924
10.0,0.405,0.0066694444444444,0.3392307692307692,0.0172597633136094,0.4583333333333333,0.3461538461538461,,,,,1.0,1.0,1.0,1.0,,1751711187463.0,6.87,6.07,1.0,1751711182472.0,1751711187472.0,1.0,0.0,0.0,24.57819152841091,0.6760052606361816,23.374596673664943,26.727640730513823,0.9660902022461708,0,0.7916745820647431,0.06632661571199276,0.4511494529814748,0.0639343897971181,0.328258936024106,0.10868413795471438,-0.10175977748928523,0.04031869710937943,0.9307695692445843,0.04619259971026806,73.44220205753852,17.223543705142603,-0.6380162115657828,9.314906869598351,134.83668692525438,14.948438340286682,22.46650377082212,24.57819152841091
11.0,0.415,0.0094416666666666,0.3523076923076922,0.0245775147928994,0.4583333333333333,0.3846153846153846,,,,,1.0,1.0,1.0,1.0,,1751711187463.0,6.87,6.07,1.0,1751711182472.0,1751711187472.0,1.0,0.0,0.0,22.116295724396558,2.629133571634895,14.956366014406298,27.018984141620635,0.8724223292265024,96,0.5309033576522677,0.21310159944655382,0.3936672854282937,0.3143155886382859,-0.013656184836993478,0.32161939150463814,-0.08709531738525378,0.14173984287910898,0.9308994854448155,0.04724953937310137,10.597910510129346,164.60035542411856,-29.71105374502687,632.515953582936,239.4010058684804,1111.3382667993214,18.290200727494838,22.116295724396558
12.0,0.4108333333333333,0.0067368055555555,0.353076923076923,0.0240644970414201,0.4583333333333333,0.3846153846153846,,,,,1.0,1.0,1.0,1.0,,1751711187463.0,6.87,6.07,1.0,1751711182472.0,1751711187472.0,1.0,0.0,0.0,22.48643277186996,1.6310105517804294,12.614133561987448,26.985458881952106,0.6494450586147057,409,0.6351139618459364,2.877467081718234,0.2384014517190919,1.2494475048112221,0.13977303509051311,0.31822053919661464,0.041072536309915336,0.1861833421860847,0.9101936930170371,0.12062574871734959,0.7297710826125275,128.22332815698852,38.96675401336345,164.45531604820013,241.70602104926297,174.29150870063188,19.20110426878647,22.48643277186996
13.0,0.4116666666666666,0.0062249999999999,0.3569230769230768,0.0300615384615384,0.4895833333333333,0.3749999999999999,,,,,1.0,1.0,1.0,1.0,,1751711187463.0,6.87,6.07,1.0,1751711182472.0,1751711187472.0,1.0,0.0,0.0,24.66974016984767,3.940769545751765,5.8839741896862265e-06,27.35815296251329,0.9130728172699059,15,0.8126301460598914,0.05369188800965782,0.4123241410046628,0.06802310723746716,0.3699123609530664,0.10326996370672578,-0.07069961285059755,0.02419560466237349,0.9188955860288315,0.0505800759655343,81.69687256458246,20.97162539120827,6.329652294507776,21.585948771650532,136.07844279411543,19.49859170567736,22.860760863029494,24.66974016984767
14.0,0.4041666666666666,0.0087673611111111,0.39,0.0406514792899408,0.4895833333333333,0.5096153846153846,,,,,1.0,1.0,1.0,1.0,,1751711187463.0,6.87,6.07,1.0,1751711182472.0,1751711187472.0,1.0,0.0,0.0,24.464431985687977,1.4520422077042043,20.7165824608653,27.23962306964982,0.9144839883682859,29,0.7158462073343604,0.10795434084001466,0.34201645806077907,0.2626703291311443,0.21433852627452568,0.1599637585146678,-0.046061560046431395,0.06282879177977586,0.9599819547299713,0.02934365790342294,52.24125207565902,29.776145931514677,13.924464282490534,30.836385067572238,138.96628392762483,37.40489313418697,22.65313971801371,24.464431985687977
15.0,0.3975,0.0084868055555555,0.3792307692307692,0.033787573964497,0.4583333333333333,0.4134615384615384,,,,,1.0,1.0,1.0,1.0,,1751711187463.0,6.87,6.07,1.0,1751711182472.0,1751711187472.0,1.0,0.0,0.0,25.210548964030604,0.596913190659177,23.90229241726549,26.604568265782365,0.9272314427842301,0,0.7588055236681742,0.04268096416844641,0.3664909395819099,0.011742644278683321,0.257561861800602,0.07138204471617716,-0.045086360151049075,0.006985437787168777,0.9624488992439575,0.0134657321504971,58.2971967835138,10.401865813490081,10.05507550777927,1.1807158137824552,123.58051228604234,5.033930907276296,23.675253965105295,25.210548964030604
16.0,0.3908333333333333,0.0079090277777777,0.3538461538461538,0.0368047337278106,0.4583333333333333,0.3461538461538461,,,,,1.0,1.0,1.0,1.0,,1751711187463.0,6.87,6.07,1.0,1751711182472.0,1751711187472.0,1.0,0.0,0.0,22.7794342866694,2.226905099828599,18.35928767907276,30.045590317808298,0.88578240329688,104,0.6198062966939982,0.13836987274109402,0.45482933486714267,0.16674001602244473,0.09680880508033932,0.22618990382463303,-0.12953337564206918,0.09734778829642997,0.9541933029967348,0.05272389297156763,34.84455038735706,60.6061377170578,-13.194367260617907,190.69364200951335,226.33413290792717,633.0841038257959,19.978277698230897,22.7794342866694
17.0,0.3833333333333333,0.0074305555555555,0.3576923076923076,0.0327958579881656,0.4583333333333333,0.3461538461538461,,,,,1.0,1.0,1.0,1.0,,1751711187463.0,6.87,6.07,1.0,1751711182472.0,1751711187472.0,1.0,0.0,0.0,22.864134883124176,1.6857140121455159,17.521747990205327,31.722307824130205,0.8149712828709778,182,0.606526464463994,0.09953559613775098,0.3759627450181597,0.32689684775055156,0.09776235151826126,0.20220184624286525,-0.10039313356025038,0.14959180186953916,0.9548423132678349,0.07374541632434616,25.31194846105878,158.4631608034851,-70.62185215521932,2181.532681390528,393.40971677280004,5378.256702154968,20.344132317122774,22.864134883124176
18.0,0.3783333333333333,0.0072111111111111,0.3346153846153846,0.0398372781065088,0.4583333333333333,0.3846153846153846,,,,,1.0,1.0,1.0,1.0,,1751711187463.0,6.87,6.07,1.0,1751711182472.0,1751711187472.0,1.0,0.0,0.0,20.71303670334574,1.0951248888001592,13.854784566654972,24.19623144579983,0.9220257199700269,84,0.5172002960080186,0.06439482860194051,0.5498727839950852,0.10936353015338644,-0.08022720088273151,0.132158229147877,-0.20298214783423585,0.07531865335823902,0.9635436277123827,0.028757563567388542,5.649704813307955,22.429234894513915,-21.440803404040736,44.65885615460733,172.2492769289099,118.26759620458252,16.690741730340317,20.71303670334574
19.0,0.3808333333333333,0.0076395833333333,0.3623076923076923,0.0336739644970414,0.4479166666666666,0.3846153846153846,,,,,1.0,1.0,1.0,1.0,,1751711187463.0,6.87,6.07,1.0,1751711182472.0,1751711187472.0,1.0,0.0,0.0,21.01079198328968,1.8692765842266852,11.319433671396109,29.15575996310671,0.840529915188202,183,0.5166829970410525,0.14230073712711316,0.5079560704600302,0.22388404157061884,-0.020149863297073148,0.21524923391972736,-0.1905313137612716,0.11490033733081688,0.9489616405881807,0.057318190563735216,-1.4257697188451515,79.1194188481459,-5.357999802431964,82.10912353199,186.74626178992813,136.66628449507851,17.12520116493102,21.01079198328968
20.0,0.3716666666666667,0.0086694444444444,0.3484615384615385,0.0355272189349112,0.4479166666666666,0.3461538461538461,,,,,1.0,1.0,1.0,1.0,,1751711241346.9443,4.333333333333332,6.069999999999999,1.0,1751711237483.0,1751711242483.0,1.0,0.0,0.0,19.87553271298275,0.7939650711418382,17.67667458081607,23.2815918101777,0.9610554327052306,29,0.597478999266239,0.0864274886346862,0.5636295141967392,0.11651508284218576,0.040158567578709344,0.137284116144917,-0.21657879548733525,0.08214731120560372,0.9620556581368681,0.018866248378353365,30.039252824292845,66.0123172941126,-26.13066960298723,140.95353556928188,188.88831994451576,419.4754263249374,16.537684104825253,19.87553271298275
21.0,0.3733333333333333,0.0065249999999999,0.3569230769230768,0.0279905325443787,0.4166666666666667,0.3749999999999999,,,,,1.0,1.0,1.0,1.0,,1751711243840.5,1.8,5.9350000000000005,1.0,1751711242484.0,1751711247484.0,1.0,0.0,0.0,20.44360825510412,0.8466781480801931,16.113289236545963,24.632091854698917,0.9505470623603155,46,0.5997897242519019,0.11878805314041267,0.5649398284722622,0.11327485535465599,0.04715781546970198,0.1949516896185982,-0.21998407760945454,0.08920466476845987,0.9491970458626489,0.04984265208509239,33.676906445344265,54.44713484062919,-37.121827022065176,211.51982757875746,206.48049921258638,446.2596482735642,16.894289432814855,20.44360825510412
22.0,0.3683333333333333,0.0082194444444444,0.3646153846153845,0.032676923076923,0.4166666666666667,0.3846153846153846,,,,,1.0,1.0,1.0,1.0,,1751711243840.5,1.8,5.9350000000000005,1.0,1751711242484.0,1751711247484.0,1.0,0.0,0.0,21.2197153641154,1.4001986987108788,17.63098345435517,26.664106614270835,0.840725178296516,139,0.6750984572257188,0.05625716433100407,0.45475156103056347,0.4593345831760262,0.18540418957028712,0.13522734869414796,-0.16367968623148182,0.12108571197718343,0.9455753522800937,0.10868000263075256,105.8714987389003,1700.9311007205047,-100.22496323179428,2859.0465773179235,513.937859486335,10453.772152759613,18.700661143557024,21.2197153641154
23.0,0.3858333333333333,0.0074868055555555,0.3638461538461538,0.0347461538461538,0.4583333333333333,0.3461538461538461,,,,,1.0,1.0,1.0,1.0,,1751711255561.5,2.493,5.08,1.0,1751711252486.0,1751711257486.0,1.0,1.0,0.0,19.395726995277837,2.836310118812962,1.4098025639854503e-06,28.39276528633824,0.9525109325670046,35,0.5586283354532109,0.1451441009449312,0.5605892489859685,0.4352192273883812,-0.022451205058434936,0.2105235277407988,-0.22041106435055596,0.131000579342419,0.9380905641781248,0.09735354354426609,20.06150055793633,40.72184307115177,-15.759069207416974,45.291316711169976,154.56909474493622,38.28435881737236,15.310119964471282,19.395726995277837
24.0,0.3941666666666667,0.0085562499999999,0.3469230769230769,0.0386680473372781,0.4583333333333333,0.3846153846153846,,,,,1.0,1.0,1.0,1.0,,1751711260014.6667,2.2433333333333336,3.7566666666666655,1.0,1751711257487.0,1751711262487.0,1.0,1.0,1.0,20.455357872078988,1.1842576516555123,10.972864723959727,24.64199389646199,0.826371587830412,178,0.6955408978808427,0.10604166718697851,0.5657336716185744,0.1835304110231527,0.25726144548730906,0.13095388404858604,-0.23108121780814267,0.16719245449546066,0.9056851407283186,0.12289155336160097,93.05275878556489,833.126213089321,-55.366760781079144,641.9688019908314,286.9227814730838,2393.101216778038,17.01952753930503,20.455357872078988
25.0,0.3874999999999999,0.0084201388888888,0.3346153846153845,0.043387573964497,0.4583333333333333,0.3365384615384615,,,,,1.0,1.0,1.0,1.0,,1751711264979.5,2.07,3.0,1.0,1751711262488.0,1751711267488.0,1.0,1.0,1.0,20.453907679523542,3.2795676606052506,4.6542563429685575e-06,30.118770073120977,0.9137942166514621,40,0.5914995997908978,0.08993280714983877,0.5047958808754816,0.1376916959707396,0.0180964310076843,0.15441738749233253,-0.17636670323752085,0.08481728399972836,0.9668952011792905,0.05167199292163149,24.651081128846887,29.73961498952308,-10.499857340752259,34.35563699335974,156.66423146579498,64.061778589501,17.250156904303278,20.453907679523542
26.0,0.3741666666666666,0.0075340277777777,0.3469230769230769,0.0391414201183432,0.4583333333333333,0.3846153846153846,,,,,1.0,1.0,1.0,1.0,,1751711271865.0,2.07,2.33,1.0,1751711267489.0,1751711272489.0,1.0,1.0,1.0,23.671927678546165,1.3743662697628805,11.905563440384777,27.22508345693708,0.8568755174120214,87,0.5773892073916259,0.07055058056803173,0.434696562127449,0.44416856440807984,-0.010237105043724824,0.1582740324370365,-0.13385706108131468,0.10676543725548908,0.9714696752481758,0.042505273359994857,27.198592061977802,83.86747371429341,-7.550969539530859,147.5727261655444,169.8281708536127,344.9981375788761,20.285380489925476,23.671927678546165
27.0,0.3816666666666666,0.0089833333333333,0.3461538461538461,0.0379881656804733,0.4583333333333333,0.3749999999999999,,,,,1.0,1.0,1.0,1.0,,1751711275118.8125,3.4759375,4.443124999999999,1.0,1751711272490.0,1751711277490.0,1.0,1.0,1.0,22.123072671070407,1.07613927087444,12.349182844132466,25.643815471433925,0.9042130977141984,90,0.6326758508581132,0.08837953888246172,0.5203641484583309,0.11225289830925714,0.10283487759652749,0.14927705624001508,-0.19471194390602475,0.06716286263360145,0.9609363617045283,0.03664630596593476,59.03259613144581,438.97029404011874,-50.13068437207032,673.1931839338511,273.4822856563735,1697.9769948207343,18.91955155174664,22.123072671070407
28.0,0.3766666666666666,0.00715,0.3576923076923076,0.0332100591715976,0.4166666666666667,0.3846153846153846,,,,,1.0,1.0,1.0,1.0,,1751711278970.3333,2.333333333333333,6.065555555555555,1.0,1751711277491.0,1751711282491.0,1.0,0.0,1.0,21.921113462625208,0.6198541720027878,20.56441828277706,23.60560452887489,0.944677087294982,2,0.6068534789958755,0.08906562091090729,0.5100304731154551,0.06952037193680141,0.025168981613810284,0.1317666341041409,-0.18276856142729378,0.06266917615423852,0.9718608797301653,0.013269796771533608,25.85933491329604,20.917948721403835,-8.539312060041981,10.372978242688147,137.24656216994268,17.463558278620322,18.51959765431783,21.921113462625208
29.0,0.3708333333333334,0.0048784722222222,0.3661538461538461,0.0307242603550296,0.4166666666666667,0.4134615384615384,,,,,1.0,1.0,1.0,1.0,,1751711286811.0,2.33,6.87,1.0,1751711282492.0,1751711287492.0,1.0,0.0,0.0,22.20977481772433,1.0647870986866754,19.962363210006814,26.823457311428893,0.8714085722158683,17,0.5672122495613156,0.08648133475305272,0.4523682347416594,0.049603977714234686,-0.03639287428313401,0.14353454764306814,-0.1444343382955782,0.03181432125374728,0.9772340709749066,0.035099898570202445,16.447933073595646,22.045015899639626,-1.061813648462877,9.211379842076019,133.61792409855306,29.15840350834149,18.747190304119695,22.20977481772433
30.0,0.3608333333333334,0.0077506944444444,0.3946153846153846,0.0521189349112426,0.4166666666666667,0.5096153846153846,,,,,1.0,1.0,1.0,1.0,,1751711287986.0,2.33,7.532500000000001,1.0,1751711287493.0,1751711292493.0,1.0,0.0,0.0,21.539627977219432,1.0749119441803239,12.20093985696878,26.148645161932915,0.9132878027125922,60,0.6140119929807747,0.04474843558295175,0.5131205803443237,0.1425624206737216,0.051242101949994096,0.1062537291371238,-0.17627585363995682,0.0706968143593391,0.9741872834693973,0.03141171959016451,68.23901684017245,866.8787895033284,-70.2301035100179,1322.036705950112,341.4073069212874,3717.5628852531067,18.532712401650876,21.539627977219432
31.0,0.3566666666666667,0.0065388888888888,0.3692307692307692,0.0388757396449704,0.4166666666666667,0.4519230769230768,,,,,1.0,1.0,1.0,1.0,,1751711287986.0,2.33,7.532500000000001,1.0,1751711287493.0,1751711292493.0,1.0,0.0,0.0,22.11138668931581,0.756227669303774,13.42019644521467,25.6211307216172,0.9393512703642463,62,0.5968707808162631,0.11025842563554826,0.5388829451763685,0.08454936228195242,0.03174573445178101,0.18063326023322399,-0.2045612623464701,0.06581456350368417,0.9580985191669478,0.04761208552971913,23.503846601418832,31.087101094539683,-13.872312415858177,26.531260487951137,155.54739741875463,73.97290779747703,18.426589950809014,22.11138668931581
32.0,0.3583333333333333,0.0071527777777777,0.3384615384615385,0.0318343195266272,0.4166666666666667,0.3749999999999999,,,,,1.0,1.0,1.0,1.0,,1751711287986.0,2.33,7.532500000000001,1.0,1751711287493.0,1751711292493.0,1.0,0.0,0.0,22.330372625095745,0.4459946271762921,20.48449770329585,25.68942636574047,0.9263607243381797,31,0.6618924480041835,0.03622049493858915,0.5061863766802102,0.08564136654497491,0.11574184121990012,0.09211503207740562,-0.17724322130430317,0.08068148205949881,0.9684569680120988,0.047949901485556105,44.92711908474471,52.132068055283135,-14.392539734507455,80.29527573281487,157.52035903410737,178.91791604564366,19.51024406874834,22.330372625095745
33.0,0.3483333333333334,0.0072055555555555,0.3492307692307692,0.0391621301775148,0.4166666666666667,0.3461538461538461,,,,,1.0,1.0,1.0,1.0,,1751711304631.1428,5.2161904761904765,7.9814285714285695,1.0,1751711302496.0,1751711307496.0,1.0,0.0,0.0,21.55863877949319,0.9385984254660912,11.00747115568889,27.839877959784197,0.8832040970743867,87,0.6655625885879444,0.03400171990586789,0.4944673361974814,0.11865344904084689,0.1449973927388158,0.11232812899644995,-0.1521770895516119,0.07947627830472206,0.9663439435189011,0.05551251254811905,67.69017526024192,337.9778447617553,-48.127810727172466,639.7213078398207,261.3405474708888,1582.1383962028112,19.16528989770542,21.55863877949319
34.0,0.3525,0.0080006944444444,0.3538461538461538,0.0355029585798816,0.4166666666666667,0.3461538461538461,,,,,1.0,1.0,1.0,1.0,,1751711304631.1428,5.2161904761904765,7.9814285714285695,1.0,1751711302496.0,1751711307496.0,1.0,0.0,0.0,21.865856644750778,0.8535940114644978,15.096589130920906,29.75986045641865,0.9084576841522398,42,0.6799481799982893,0.027313160247356638,0.4920374606535542,0.07095214411265569,0.15405706894011956,0.08227440743913089,-0.15626717192430345,0.07564505594998933,0.9682010889947172,0.04420700080132524,67.72940151567303,537.7127316970077,-25.786827810315582,504.14048111846864,210.65028432181774,1491.6015464181773,19.447371924354442,21.865856644750778
0.0,0.3408333333333334,0.0092840277777777,0.34,0.0319147928994082,0.4166666666666667,0.3461538461538461,,,,,1.0,1.0,1.0,2.0,,1751711440383.7144,4.314285714285715,3.954285714285714,2.0,1751711436526.0,1751711441526.0,1.0,1.0,1.0,23.714802473574082,2.1783609018908745,13.816619439358298,29.042025313650186,0.8998268090415439,69,0.48084005299928906,0.3067973328022056,0.5257096228515895,0.22375461743026173,-0.1328533416165733,0.12188268087296847,-0.22098401119837294,0.10891013200063666,0.9515183677763133,0.03788939104539049,0.5518159816752088,74.03975987491566,-39.670799528185604,306.30171464396693,209.6926380982768,618.9399612643215,18.546620589807052,23.714802473574082
1.0,0.3258333333333333,0.0080340277777777,0.333076923076923,0.0333497041420118,0.40625,0.3461538461538461,,,,,1.0,1.0,1.0,2.0,,1751711442533.8,2.548,4.146,2.0,1751711441527.0,1751711446527.0,1.0,1.0,1.0,21.732840924020827,1.3390084278698833,11.279966665738424,25.27991753868753,0.9106943971079949,96,0.4969593201513146,0.04989432592416496,0.5985498228612322,0.12323543212447233,-0.10680197510827225,0.15072289610329648,-0.24542191952677225,0.07722435476651891,0.9474491234799284,0.04524038407197338,6.3791324911235545,74.6383095727548,-50.89983499206927,195.10840180288102,261.22843785253036,609.1689006745185,16.937705664247197,21.732840924020827
2.0,0.3166666666666666,0.0065972222222222,0.3592307692307692,0.0297402366863905,0.375,0.3461538461538461,,,,,1.0,1.0,1.0,2.0,,1751711449306.375,2.135,3.06625,2.0,1751711446528.0,1751711451528.0,1.0,1.0,1.0,22.25575146510566,1.3425291144575695,13.202408137834835,26.525472547181103,0.9558802701538885,7,0.5180978263563291,0.14122069418837682,0.48578121966412025,0.21182972357632573,-0.09296569621934986,0.2164374970424853,-0.180097769403529,0.12769090731240512,0.9461915104929975,0.023349850496342493,7.2086524237452325,39.8043866334853,-10.261765968681845,62.90830859798476,153.7275162895449,104.56962681271177,17.590821099918095,22.25575146510566
3.0,0.3225,0.0102645833333333,0.3546153846153845,0.0285970414201183,0.375,0.3846153846153846,,,,,1.0,1.0,1.0,2.0,,1751711454264.0,2.6675000000000004,2.3975,2.0,1751711451529.0,1751711456529.0,1.0,1.0,1.0,22.306125538943913,1.3454862209606746,13.97684611620409,25.543026047616152,0.963330402858693,47,0.5303723751875066,0.06978123772707408,0.5777589082830995,0.10890044684797803,-0.0801729618121341,0.12934216822285555,-0.24336466176940744,0.06403355983003524,0.9556470548103667,0.016503390558093887,11.23289561516154,33.4750268696798,-30.902505124191496,176.66176316624595,188.4852893369715,455.36571899051836,17.548180817304306,22.306125538943913
4.0,0.3416666666666667,0.0074305555555555,0.3538461538461538,0.0291715976331361,0.4166666666666667,0.4230769230769231,,,,,1.0,1.0,1.0,2.0,,1751711458993.0,2.87,2.465,2.0,1751711456530.0,1751711461530.0,1.0,1.0,1.0,21.391916603784082,1.470342317135695,14.911691355531204,34.076663084375085,0.8400726086563446,167,0.6056331922657698,0.22091208077120536,0.5221144624538454,1.2003381969170248,0.07155279785030322,0.17142920800854292,-0.19924432149051893,0.1281355681907321,0.9520740072784007,0.054529730320946615,53.552967520199864,205.99901427488916,-33.8109837500905,261.5604515464965,301.7558720925969,963.8219308946659,18.074442504109832,21.391916603784082
5.0,0.3125,0.0065451388888888,0.3492307692307693,0.0278603550295858,0.375,0.3846153846153846,,,,,1.0,1.0,1.0,2.0,,1751711464228.1,2.707,1.8270000000000004,2.0,1751711461531.0,1751711466531.0,1.0,1.0,1.0,50286355.55565143,1252119648.1883745,12.747458458430785,31177527829.607967,0.8048000382685444,227,0.4786410456413646,0.19584305969883756,0.4937959208042836,0.8018907178100978,-0.07380482619260702,0.23754396135389919,-0.20534159275827432,0.09828292624208063,0.9396878218276307,0.057888240902201404,-5.707092820678151,65.70871241084816,-119.61174015578347,2217.0342672809425,435.4793094501961,4537.520778275112,16.162807892482167,50286355.55565143
6.0,0.3208333333333333,0.0063368055555555,0.3476923076923077,0.0352639053254437,0.375,0.3461538461538461,,,,,1.0,1.0,1.0,2.0,,1751711464228.1,2.707,1.8270000000000004,2.0,1751711461531.0,1751711466531.0,1.0,1.0,1.0,62788991.29740376,1560908992.1242254,16.024945490097384,38803582240.50912,0.8900055701908794,67,0.7803852718692201,0.23043928795453106,0.4123783761967418,0.14559062861680075,0.37329037417609334,0.33130298089599086,-0.0673137463370938,0.06817731613997283,0.8560733052914866,0.09463355017488632,-72.40396091994458,3089.1131854379946,-0.9539198820970799,2628.9671648218973,929.2201544956582,16325.09361925215,20.893998804391682,62788991.29740376
7.0,0.3125,0.0072395833333333,0.3499999999999999,0.0334467455621301,0.375,0.3749999999999999,,,,,1.0,1.0,1.0,2.0,,1751711464228.1,2.707,1.8270000000000004,2.0,1751711461531.0,1751711466531.0,1.0,1.0,1.0,23.714105073946328,1.002438823066907,17.73090633803222,28.298398812938515,0.9111598767469214,50,0.7826994041412669,0.08920196726389813,0.39516192154275315,0.08758697680796601,0.323006097092228,0.1446972905271906,-0.0815897215932702,0.06520901128867404,0.927005002523582,0.06713363796451279,72.59744863036033,68.67817818010118,4.764060972055032,65.44802068126701,150.01261445087195,218.65473782217035,21.834800284931976,23.714105073946328
8.0,0.3108333333333333,0.0075145833333333,0.4184615384615384,0.0417538461538461,0.375,0.5673076923076923,,,,,1.0,1.0,1.0,2.0,,1751711464228.1,2.707,1.8270000000000004,2.0,1751711461531.0,1751711466531.0,1.0,1.0,1.0,24.4850513295088,1.0789649709649123,12.011938637293085,30.647717943297227,0.9216103622932207,46,0.7844751536192757,0.05421245321389382,0.476226254441524,0.12169017544092564,0.315635072598304,0.09190140850297335,-0.1414545170613967,0.06274855515575765,0.9300463906169919,0.054847799164989684,69.90786958083007,27.72683691953134,-2.3312943402258086,30.35488611357158,134.18531803653482,45.44025886236509,22.14214990373751,24.4850513295088
9.0,0.3108333333333333,0.0050840277777777,0.3523076923076922,0.0359976331360946,0.375,0.3846153846153846,,,,,1.0,1.0,1.0,2.0,,1751711464228.1,2.707,1.8270000000000004,2.0,1751711461531.0,1751711466531.0,1.0,1.0,1.0,25.07587222225924,1.8030779721085795,11.236291465877578,33.14363084434477,0.8926758632642159,122,0.800278789820294,0.0643669957513085,0.5208090134309848,0.14882769409196134,0.3938914852731936,0.11697591201063244,-0.16836201418246605,0.05694079294177766,0.8905355314675061,0.08089820737142514,105.4750852780852,199.3139456121041,-15.351198051610574,100.49356102318329,199.71406452956705,416.0549225126611,22.466235892460166,25.07587222225924
10.0,0.3074999999999999,0.0058256944444444,0.3384615384615385,0.0339053254437869,0.375,0.3461538461538461,,,,,1.0,1.0,1.0,2.0,,1751711464228.1,2.707,1.8270000000000004,2.0,1751711461531.0,1751711466531.0,1.0,1.0,1.0,24.57819152841091,0.6760052606361816,23.374596673664943,26.727640730513823,0.9660902022461708,0,0.7916745820647431,0.06632661571199276,0.4511494529814748,0.0639343897971181,0.328258936024106,0.10868413795471438,-0.10175977748928523,0.04031869710937943,0.9307695692445843,0.04619259971026806,73.44220205753852,17.223543705142603,-0.6380162115657828,9.314906869598351,134.83668692525438,14.948438340286682,22.46650377082212,24.57819152841091
11.0,0.295,0.0079055555555555,0.3423076923076922,0.032085798816568,0.375,0.3749999999999999,,,,,1.0,1.0,1.0,2.0,,1751711495116.3333,1.8,2.333333333333333,2.0,1751711491537.0,1751711496537.0,1.0,1.0,1.0,22.116295724396558,2.629133571634895,14.956366014406298,27.018984141620635,0.8724223292265024,96,0.5309033576522677,0.21310159944655382,0.3936672854282937,0.3143155886382859,-0.013656184836993478,0.32161939150463814,-0.08709531738525378,0.14173984287910898,0.9308994854448155,0.04724953937310137,10.597910510129346,164.60035542411856,-29.71105374502687,632.515953582936,239.4010058684804,1111.3382667993214,18.290200727494838,22.116295724396558
12.0,0.3166666666666666,0.0057638888888888,0.3353846153846153,0.028996449704142,0.375,0.3749999999999999,,,,,1.0,1.0,1.0,2.0,,1751711497604.0,1.8,3.1333333333333333,2.0,1751711496538.0,1751711501538.0,1.0,1.0,1.0,22.48643277186996,1.6310105517804294,12.614133561987448,26.985458881952106,0.6494450586147057,409,0.6351139618459364,2.877467081718234,0.2384014517190919,1.2494475048112221,0.13977303509051311,0.31822053919661464,0.041072536309915336,0.1861833421860847,0.9101936930170371,0.12062574871734959,0.7297710826125275,128.22332815698852,38.96675401336345,164.45531604820013,241.70602104926297,174.29150870063188,19.20110426878647,22.48643277186996
13.0,0.3133333333333333,0.0057805555555555,0.3292307692307692,0.0313704142011834,0.375,0.3461538461538461,,,,,1.0,1.0,1.0,2.0,,1751711504705.25,2.265,3.2,2.0,1751711501539.0,1751711506539.0,1.0,1.0,1.0,24.66974016984767,3.940769545751765,5.8839741896862265e-06,27.35815296251329,0.9130728172699059,15,0.8126301460598914,0.05369188800965782,0.4123241410046628,0.06802310723746716,0.3699123609530664,0.10326996370672578,-0.07069961285059755,0.02419560466237349,0.9188955860288315,0.0505800759655343,81.69687256458246,20.97162539120827,6.329652294507776,21.585948771650532,136.07844279411543,19.49859170567736,22.860760863029494,24.66974016984767
14.0,0.3125,0.00703125,0.3399999999999999,0.0302579881656804,0.375,0.3461538461538461,,,,,1.0,1.0,1.0,2.0,,1751711508319.5715,2.8285714285714283,2.295714285714286,2.0,1751711506540.0,1751711511540.0,1.0,1.0,1.0,24.464431985687977,1.4520422077042043,20.7165824608653,27.23962306964982,0.9144839883682859,29,0.7158462073343604,0.10795434084001466,0.34201645806077907,0.2626703291311443,0.21433852627452568,0.1599637585146678,-0.046061560046431395,0.06282879177977586,0.9599819547299713,0.02934365790342294,52.24125207565902,29.776145931514677,13.924464282490534,30.836385067572238,138.96628392762483,37.40489313418697,22.65313971801371,24.464431985687977
15.0,0.3166666666666666,0.009375,0.376153846153846,0.035401775147929,0.4166666666666667,0.3846153846153846,,,,,1.0,1.0,1.0,2.0,,1751711515531.0,3.0,1.8,2.0,1751711511541.0,1751711516541.0,1.0,1.0,1.0,25.210548964030604,0.596913190659177,23.90229241726549,26.604568265782365,0.9272314427842301,0,0.7588055236681742,0.04268096416844641,0.3664909395819099,0.011742644278683321,0.257561861800602,0.07138204471617716,-0.045086360151049075,0.006985437787168777,0.9624488992439575,0.0134657321504971,58.2971967835138,10.401865813490081,10.05507550777927,1.1807158137824552,123.58051228604234,5.033930907276296,23.675253965105295,25.210548964030604
16.0,0.3216666666666666,0.0069472222222222,0.403076923076923,0.0551621301775148,0.375,0.5192307692307692,,,,,1.0,1.0,1.0,2.0,,1751711517460.0,3.4,1.53,2.0,1751711516542.0,1751711521542.0,1.0,1.0,1.0,22.7794342866694,2.226905099828599,18.35928767907276,30.045590317808298,0.88578240329688,104,0.6198062966939982,0.13836987274109402,0.45482933486714267,0.16674001602244473,0.09680880508033932,0.22618990382463303,-0.12953337564206918,0.09734778829642997,0.9541933029967348,0.05272389297156763,34.84455038735706,60.6061377170578,-13.194367260617907,190.69364200951335,226.33413290792717,633.0841038257959,19.978277698230897,22.7794342866694
17.0,0.3075,0.0064506944444444,0.3415384615384615,0.0349491124260355,0.375,0.3461538461538461,,,,,1.0,1.0,1.0,2.0,,1751711517460.0,3.4,1.53,2.0,1751711516542.0,1751711521542.0,1.0,1.0,1.0,22.864134883124176,1.6857140121455159,17.521747990205327,31.722307824130205,0.8149712828709778,182,0.606526464463994,0.09953559613775098,0.3759627450181597,0.32689684775055156,0.09776235151826126,0.20220184624286525,-0.10039313356025038,0.14959180186953916,0.9548423132678349,0.07374541632434616,25.31194846105878,158.4631608034851,-70.62185215521932,2181.532681390528,393.40971677280004,5378.256702154968,20.344132317122774,22.864134883124176
18.0,0.3066666666666666,0.0069972222222222,0.3338461538461538,0.0304402366863905,0.375,0.3461538461538461,,,,,1.0,1.0,1.0,2.0,,1751711517460.0,3.4,1.53,2.0,1751711516542.0,1751711521542.0,1.0,1.0,1.0,20.71303670334574,1.0951248888001592,13.854784566654972,24.19623144579983,0.9220257199700269,84,0.5172002960080186,0.06439482860194051,0.5498727839950852,0.10936353015338644,-0.08022720088273151,0.132158229147877,-0.20298214783423585,0.07531865335823902,0.9635436277123827,0.028757563567388542,5.649704813307955,22.429234894513915,-21.440803404040736,44.65885615460733,172.2492769289099,118.26759620458252,16.690741730340317,20.71303670334574
19.0,0.3058333333333333,0.0072645833333333,0.35,0.0271153846153846,0.375,0.4134615384615384,,,,,1.0,1.0,1.0,2.0,,1751711517460.0,3.4,1.53,2.0,1751711516542.0,1751711521542.0,1.0,1.0,1.0,21.01079198328968,1.8692765842266852,11.319433671396109,29.15575996310671,0.840529915188202,183,0.5166829970410525,0.14230073712711316,0.5079560704600302,0.22388404157061884,-0.020149863297073148,0.21524923391972736,-0.1905313137612716,0.11490033733081688,0.9489616405881807,0.057318190563735216,-1.4257697188451515,79.1194188481459,-5.357999802431964,82.10912353199,186.74626178992813,136.66628449507851,17.12520116493102,21.01079198328968
20.0,0.3083333333333333,0.0073611111111111,0.3484615384615385,0.0304384615384615,0.375,0.3461538461538461,,,,,1.0,1.0,1.0,2.0,,1751711517460.0,3.4,1.53,2.0,1751711516542.0,1751711521542.0,1.0,1.0,1.0,19.87553271298275,0.7939650711418382,17.67667458081607,23.2815918101777,0.9610554327052306,29,0.597478999266239,0.0864274886346862,0.5636295141967392,0.11651508284218576,0.040158567578709344,0.137284116144917,-0.21657879548733525,0.08214731120560372,0.9620556581368681,0.018866248378353365,30.039252824292845,66.0123172941126,-26.13066960298723,140.95353556928188,188.88831994451576,419.4754263249374,16.537684104825253,19.87553271298275
21.0,0.3033333333333333,0.0061833333333333,0.3484615384615384,0.031976923076923,0.3645833333333333,0.3461538461538461,,,,,1.0,1.0,1.0,2.0,,1751711517460.0,3.4,1.53,2.0,1751711516542.0,1751711521542.0,1.0,1.0,1.0,20.44360825510412,0.8466781480801931,16.113289236545963,24.632091854698917,0.9505470623603155,46,0.5997897242519019,0.11878805314041267,0.5649398284722622,0.11327485535465599,0.04715781546970198,0.1949516896185982,-0.21998407760945454,0.08920466476845987,0.9491970458626489,0.04984265208509239,33.676906445344265,54.44713484062919,-37.121827022065176,211.51982757875746,206.48049921258638,446.2596482735642,16.894289432814855,20.44360825510412
22.0,0.3058333333333333,0.0078895833333333,0.3553846153846153,0.0305656804733727,0.375,0.3846153846153846,,,,,1.0,1.0,1.0,2.0,,1751711517460.0,3.4,1.53,2.0,1751711516542.0,1751711521542.0,1.0,1.0,1.0,21.2197153641154,1.4001986987108788,17.63098345435517,26.664106614270835,0.840725178296516,139,0.6750984572257188,0.05625716433100407,0.45475156103056347,0.4593345831760262,0.18540418957028712,0.13522734869414796,-0.16367968623148182,0.12108571197718343,0.9455753522800937,0.10868000263075256,105.8714987389003,1700.9311007205047,-100.22496323179428,2859.0465773179235,513.937859486335,10453.772152759613,18.700661143557024,21.2197153641154
23.0,0.2908333333333333,0.0092701388888888,0.353076923076923,0.0276147928994082,0.375,0.3846153846153846,,,,,1.0,1.0,1.0,2.0,,1751711517460.0,3.4,1.53,2.0,1751711516542.0,1751711521542.0,1.0,1.0,1.0,19.395726995277837,2.836310118812962,1.4098025639854503e-06,28.39276528633824,0.9525109325670046,35,0.5586283354532109,0.1451441009449312,0.5605892489859685,0.4352192273883812,-0.022451205058434936,0.2105235277407988,-0.22041106435055596,0.131000579342419,0.9380905641781248,0.09735354354426609,20.06150055793633,40.72184307115177,-15.759069207416974,45.291316711169976,154.56909474493622,38.28435881737236,15.310119964471282,19.395726995277837
24.0,0.2966666666666666,0.0060166666666666,0.3499999999999999,0.0309023668639053,0.375,0.3749999999999999,,,,,1.0,1.0,1.0,2.0,,1751711558328.0,3.67,2.3340000000000005,2.0,1751711556550.0,1751711561550.0,1.0,1.0,1.0,20.455357872078988,1.1842576516555123,10.972864723959727,24.64199389646199,0.826371587830412,178,0.6955408978808427,0.10604166718697851,0.5657336716185744,0.1835304110231527,0.25726144548730906,0.13095388404858604,-0.23108121780814267,0.16719245449546066,0.9056851407283186,0.12289155336160097,93.05275878556489,833.126213089321,-55.366760781079144,641.9688019908314,286.9227814730838,2393.101216778038,17.01952753930503,20.455357872078988
25.0,0.3033333333333333,0.0077111111111111,0.3576923076923076,0.0340976331360946,0.375,0.3846153846153846,,,,,1.0,1.0,1.0,2.0,,1751711563580.15,2.909,4.9065,2.0,1751711561551.0,1751711566551.0,1.0,1.0,1.0,20.453907679523542,3.2795676606052506,4.6542563429685575e-06,30.118770073120977,0.9137942166514621,40,0.5914995997908978,0.08993280714983877,0.5047958808754816,0.1376916959707396,0.0180964310076843,0.15441738749233253,-0.17636670323752085,0.08481728399972836,0.9668952011792905,0.05167199292163149,24.651081128846887,29.73961498952308,-10.499857340752259,34.35563699335974,156.66423146579498,64.061778589501,17.250156904303278,20.453907679523542
26.0,0.3066666666666666,0.0081777777777777,0.3946153846153845,0.0432431952662721,0.375,0.6057692307692308,,,,,1.0,1.0,1.0,2.0,,1751711571153.0,1.8,6.6,2.0,1751711566552.0,1751711571552.0,1.0,0.0,1.0,23.671927678546165,1.3743662697628805,11.905563440384777,27.22508345693708,0.8568755174120214,87,0.5773892073916259,0.07055058056803173,0.434696562127449,0.44416856440807984,-0.010237105043724824,0.1582740324370365,-0.13385706108131468,0.10676543725548908,0.9714696752481758,0.042505273359994857,27.198592061977802,83.86747371429341,-7.550969539530859,147.5727261655444,169.8281708536127,344.9981375788761,20.285380489925476,23.671927678546165
27.0,0.3033333333333333,0.0073638888888888,0.3653846153846153,0.0354585798816568,0.375,0.4134615384615384,,,,,1.0,1.0,1.0,2.0,,1751711571602.0,1.8,6.87,2.0,1751711571553.0,1751711576553.0,1.0,0.0,0.0,22.123072671070407,1.07613927087444,12.349182844132466,25.643815471433925,0.9042130977141984,90,0.6326758508581132,0.08837953888246172,0.5203641484583309,0.11225289830925714,0.10283487759652749,0.14927705624001508,-0.19471194390602475,0.06716286263360145,0.9609363617045283,0.03664630596593476,59.03259613144581,438.97029404011874,-50.13068437207032,673.1931839338511,273.4822856563735,1697.9769948207343,18.91955155174664,22.123072671070407
28.0,0.305,0.0066277777777777,0.3561538461538461,0.0347816568047337,0.3645833333333333,0.3846153846153846,,,,,1.0,1.0,1.0,2.0,,1751711571602.0,1.8,6.87,2.0,1751711571553.0,1751711576553.0,1.0,0.0,0.0,21.921113462625208,0.6198541720027878,20.56441828277706,23.60560452887489,0.944677087294982,2,0.6068534789958755,0.08906562091090729,0.5100304731154551,0.06952037193680141,0.025168981613810284,0.1317666341041409,-0.18276856142729378,0.06266917615423852,0.9718608797301653,0.013269796771533608,25.85933491329604,20.917948721403835,-8.539312060041981,10.372978242688147,137.24656216994268,17.463558278620322,18.51959765431783,21.921113462625208
29.0,0.2916666666666666,0.0077777777777777,0.3515384615384614,0.0301189349112426,0.375,0.3846153846153846,,,,,1.0,1.0,1.0,2.0,,1751711571602.0,1.8,6.87,2.0,1751711571553.0,1751711576553.0,1.0,0.0,0.0,22.20977481772433,1.0647870986866754,19.962363210006814,26.823457311428893,0.8714085722158683,17,0.5672122495613156,0.08648133475305272,0.4523682347416594,0.049603977714234686,-0.03639287428313401,0.14353454764306814,-0.1444343382955782,0.03181432125374728,0.9772340709749066,0.035099898570202445,16.447933073595646,22.045015899639626,-1.061813648462877,9.211379842076019,133.61792409855306,29.15840350834149,18.747190304119695,22.20977481772433
30.0,0.2841666666666667,0.0088673611111111,0.3046153846153846,0.0237775147928994,0.375,0.3461538461538461,,,,,1.0,1.0,1.0,2.0,,1751711571602.0,1.8,6.87,2.0,1751711571553.0,1751711576553.0,1.0,0.0,0.0,21.539627977219432,1.0749119441803239,12.20093985696878,26.148645161932915,0.9132878027125922,60,0.6140119929807747,0.04474843558295175,0.5131205803443237,0.1425624206737216,0.051242101949994096,0.1062537291371238,-0.17627585363995682,0.0706968143593391,0.9741872834693973,0.03141171959016451,68.23901684017245,866.8787895033284,-70.2301035100179,1322.036705950112,341.4073069212874,3717.5628852531067,18.532712401650876,21.539627977219432
31.0,0.3025,0.0074868055555555,0.3807692307692308,0.0391863905325443,0.375,0.3846153846153846,,,,,1.0,1.0,1.0,2.0,,1751711571602.0,1.8,6.87,2.0,1751711571553.0,1751711576553.0,1.0,0.0,0.0,22.11138668931581,0.756227669303774,13.42019644521467,25.6211307216172,0.9393512703642463,62,0.5968707808162631,0.11025842563554826,0.5388829451763685,0.08454936228195242,0.03174573445178101,0.18063326023322399,-0.2045612623464701,0.06581456350368417,0.9580985191669478,0.04761208552971913,23.503846601418832,31.087101094539683,-13.872312415858177,26.531260487951137,155.54739741875463,73.97290779747703,18.426589950809014,22.11138668931581
32.0,0.3,0.005625,0.3353846153846153,0.0363337278106508,0.375,0.3076923076923077,,,,,1.0,1.0,1.0,2.0,,1751711600258.0588,1.8,5.972352941176471,2.0,1751711596558.0,1751711601558.0,1.0,0.0,0.0,22.330372625095745,0.4459946271762921,20.48449770329585,25.68942636574047,0.9263607243381797,31,0.6618924480041835,0.03622049493858915,0.5061863766802102,0.08564136654497491,0.11574184121990012,0.09211503207740562,-0.17724322130430317,0.08068148205949881,0.9684569680120988,0.047949901485556105,44.92711908474471,52.132068055283135,-14.392539734507455,80.29527573281487,157.52035903410737,178.91791604564366,19.51024406874834,22.330372625095745
33.0,0.2866666666666666,0.0056694444444444,0.3569230769230768,0.0339076923076923,0.375,0.3846153846153846,,,,,1.0,1.0,1.0,2.0,,1751711601627.0,1.8,4.2,2.0,1751711601559.0,1751711606559.0,1.0,1.0,0.0,21.55863877949319,0.9385984254660912,11.00747115568889,27.839877959784197,0.8832040970743867,87,0.6655625885879444,0.03400171990586789,0.4944673361974814,0.11865344904084689,0.1449973927388158,0.11232812899644995,-0.1521770895516119,0.07947627830472206,0.9663439435189011,0.05551251254811905,67.69017526024192,337.9778447617553,-48.127810727172466,639.7213078398207,261.3405474708888,1582.1383962028112,19.16528989770542,21.55863877949319
0.0,0.3033333333333333,0.0085444444444444,0.3492307692307692,0.0414106508875739,0.375,0.3846153846153846,,,,,0.0,0.0,1.0,3.0,,1751710311929.0,5.0,5.0,3.0,1751710311929.0,1751710316929.0,1.0,1.0,1.0,23.714802473574082,2.1783609018908745,13.816619439358298,29.042025313650186,0.8998268090415439,69,0.48084005299928906,0.3067973328022056,0.5257096228515895,0.22375461743026173,-0.1328533416165733,0.12188268087296847,-0.22098401119837294,0.10891013200063666,0.9515183677763133,0.03788939104539049,0.5518159816752088,74.03975987491566,-39.670799528185604,306.30171464396693,209.6926380982768,618.9399612643215,18.546620589807052,23.714802473574082
1.0,0.31,0.0079277777777777,0.3484615384615384,0.0391958579881656,0.375,0.3749999999999999,,,,,0.0,0.0,1.0,3.0,,1751710320380.7778,5.814444444444445,6.719444444444445,3.0,1751710316930.0,1751710321930.0,1.0,0.0,1.0,21.732840924020827,1.3390084278698833,11.279966665738424,25.27991753868753,0.9106943971079949,96,0.4969593201513146,0.04989432592416496,0.5985498228612322,0.12323543212447233,-0.10680197510827225,0.15072289610329648,-0.24542191952677225,0.07722435476651891,0.9474491234799284,0.04524038407197338,6.3791324911235545,74.6383095727548,-50.89983499206927,195.10840180288102,261.22843785253036,609.1689006745185,16.937705664247197,21.732840924020827
2.0,0.3066666666666666,0.00665,0.3623076923076923,0.0291177514792899,0.3645833333333333,0.3846153846153846,,,,,0.0,0.0,1.0,3.0,,1751710324123.5,7.865,7.2,3.0,1751710321931.0,1751710326931.0,1.0,0.0,0.0,22.25575146510566,1.3425291144575695,13.202408137834835,26.525472547181103,0.9558802701538885,7,0.5180978263563291,0.14122069418837682,0.48578121966412025,0.21182972357632573,-0.09296569621934986,0.2164374970424853,-0.180097769403529,0.12769090731240512,0.9461915104929975,0.023349850496342493,7.2086524237452325,39.8043866334853,-10.261765968681845,62.90830859798476,153.7275162895449,104.56962681271177,17.590821099918095,22.25575146510566
3.0,0.3058333333333333,0.0075423611111111,0.3669230769230769,0.0327343195266272,0.375,0.3846153846153846,,,,,0.0,0.0,1.0,3.0,,1751710330128.2856,8.045714285714284,6.372857142857143,3.0,1751710326932.0,1751710331932.0,1.0,0.0,0.0,22.306125538943913,1.3454862209606746,13.97684611620409,25.543026047616152,0.963330402858693,47,0.5303723751875066,0.06978123772707408,0.5777589082830995,0.10890044684797803,-0.0801729618121341,0.12934216822285555,-0.24336466176940744,0.06403355983003524,0.9556470548103667,0.016503390558093887,11.23289561516154,33.4750268696798,-30.902505124191496,176.66176316624595,188.4852893369715,455.36571899051836,17.548180817304306,22.306125538943913
4.0,0.3116666666666666,0.0077944444444444,0.3569230769230769,0.0390556213017751,0.375,0.3846153846153846,,,,,0.0,0.0,1.0,3.0,,1751710334354.0,7.667142857142857,5.799999999999999,3.0,1751710331933.0,1751710336933.0,1.0,0.0,0.0,21.391916603784082,1.470342317135695,14.911691355531204,34.076663084375085,0.8400726086563446,167,0.6056331922657698,0.22091208077120536,0.5221144624538454,1.2003381969170248,0.07155279785030322,0.17142920800854292,-0.19924432149051893,0.1281355681907321,0.9520740072784007,0.054529730320946615,53.552967520199864,205.99901427488916,-33.8109837500905,261.5604515464965,301.7558720925969,963.8219308946659,18.074442504109832,21.391916603784082
5.0,0.2975,0.0082645833333333,0.3592307692307691,0.0393260355029585,0.375,0.3846153846153846,,,,,0.0,0.0,1.0,3.0,,1751710334354.0,7.667142857142857,5.799999999999999,3.0,1751710331933.0,1751710336933.0,1.0,0.0,0.0,50286355.55565143,1252119648.1883745,12.747458458430785,31177527829.607967,0.8048000382685444,227,0.4786410456413646,0.19584305969883756,0.4937959208042836,0.8018907178100978,-0.07380482619260702,0.23754396135389919,-0.20534159275827432,0.09828292624208063,0.9396878218276307,0.057888240902201404,-5.707092820678151,65.70871241084816,-119.61174015578347,2217.0342672809425,435.4793094501961,4537.520778275112,16.162807892482167,50286355.55565143
6.0,0.2958333333333333,0.0077256944444444,0.3569230769230768,0.0375763313609467,0.375,0.3749999999999999,,,,,0.0,0.0,1.0,3.0,,1751710334354.0,7.667142857142857,5.799999999999999,3.0,1751710331933.0,1751710336933.0,1.0,0.0,0.0,62788991.29740376,1560908992.1242254,16.024945490097384,38803582240.50912,0.8900055701908794,67,0.7803852718692201,0.23043928795453106,0.4123783761967418,0.14559062861680075,0.37329037417609334,0.33130298089599086,-0.0673137463370938,0.06817731613997283,0.8560733052914866,0.09463355017488632,-72.40396091994458,3089.1131854379946,-0.9539198820970799,2628.9671648218973,929.2201544956582,16325.09361925215,20.893998804391682,62788991.29740376
7.0,0.3058333333333333,0.0071256944444444,0.4184615384615384,0.056901775147929,0.375,0.5,,,,,0.0,0.0,1.0,3.0,,1751710334354.0,7.667142857142857,5.799999999999999,3.0,1751710331933.0,1751710336933.0,1.0,0.0,0.0,23.714105073946328,1.002438823066907,17.73090633803222,28.298398812938515,0.9111598767469214,50,0.7826994041412669,0.08920196726389813,0.39516192154275315,0.08758697680796601,0.323006097092228,0.1446972905271906,-0.0815897215932702,0.06520901128867404,0.927005002523582,0.06713363796451279,72.59744863036033,68.67817818010118,4.764060972055032,65.44802068126701,150.01261445087195,218.65473782217035,21.834800284931976,23.714105073946328
8.0,0.2991666666666667,0.0092145833333333,0.3399999999999999,0.036589349112426,0.375,0.4134615384615384,,,,,0.0,0.0,1.0,3.0,,1751710354849.125,6.96875,6.9,3.0,1751710351937.0,1751710356937.0,1.0,0.0,0.0,24.4850513295088,1.0789649709649123,12.011938637293085,30.647717943297227,0.9216103622932207,46,0.7844751536192757,0.05421245321389382,0.476226254441524,0.12169017544092564,0.315635072598304,0.09190140850297335,-0.1414545170613967,0.06274855515575765,0.9300463906169919,0.054847799164989684,69.90786958083007,27.72683691953134,-2.3312943402258086,30.35488611357158,134.18531803653482,45.44025886236509,22.14214990373751,24.4850513295088
9.0,0.295,0.0076277777777777,0.353076923076923,0.0236502958579881,0.375,0.3846153846153846,,,,,0.0,0.0,1.0,3.0,,1751710357081.0,7.67,7.4,3.0,1751710356938.0,1751710361938.0,1.0,0.0,0.0,25.07587222225924,1.8030779721085795,11.236291465877578,33.14363084434477,0.8926758632642159,122,0.800278789820294,0.0643669957513085,0.5208090134309848,0.14882769409196134,0.3938914852731936,0.11697591201063244,-0.16836201418246605,0.05694079294177766,0.8905355314675061,0.08089820737142514,105.4750852780852,199.3139456121041,-15.351198051610574,100.49356102318329,199.71406452956705,416.0549225126611,22.466235892460166,25.07587222225924
10.0,0.3016666666666667,0.0060805555555555,0.3723076923076923,0.0215644970414201,0.375,0.4230769230769231,,,,,0.0,0.0,1.0,3.0,,1751710357081.0,7.67,7.4,3.0,1751710356938.0,1751710361938.0,1.0,0.0,0.0,24.57819152841091,0.6760052606361816,23.374596673664943,26.727640730513823,0.9660902022461708,0,0.7916745820647431,0.06632661571199276,0.4511494529814748,0.0639343897971181,0.328258936024106,0.10868413795471438,-0.10175977748928523,0.04031869710937943,0.9307695692445843,0.04619259971026806,73.44220205753852,17.223543705142603,-0.6380162115657828,9.314906869598351,134.83668692525438,14.948438340286682,22.46650377082212,24.57819152841091
11.0,0.3041666666666666,0.0083506944444444,0.3169230769230769,0.0100331360946745,0.375,0.3461538461538461,,,,,0.0,0.0,1.0,3.0,,1751710357081.0,7.67,7.4,3.0,1751710356938.0,1751710361938.0,1.0,0.0,0.0,22.116295724396558,2.629133571634895,14.956366014406298,27.018984141620635,0.8724223292265024,96,0.5309033576522677,0.21310159944655382,0.3936672854282937,0.3143155886382859,-0.013656184836993478,0.32161939150463814,-0.08709531738525378,0.14173984287910898,0.9308994854448155,0.04724953937310137,10.597910510129346,164.60035542411856,-29.71105374502687,632.515953582936,239.4010058684804,1111.3382667993214,18.290200727494838,22.116295724396558
12.0,0.2933333333333333,0.0079138888888888,0.363076923076923,0.0106011834319526,0.3645833333333333,0.3846153846153846,,,,,0.0,0.0,1.0,3.0,,1751710357081.0,7.67,7.4,3.0,1751710356938.0,1751710361938.0,1.0,0.0,0.0,22.48643277186996,1.6310105517804294,12.614133561987448,26.985458881952106,0.6494450586147057,409,0.6351139618459364,2.877467081718234,0.2384014517190919,1.2494475048112221,0.13977303509051311,0.31822053919661464,0.041072536309915336,0.1861833421860847,0.9101936930170371,0.12062574871734959,0.7297710826125275,128.22332815698852,38.96675401336345,164.45531604820013,241.70602104926297,174.29150870063188,19.20110426878647,22.48643277186996
13.0,0.3066666666666666,0.006025,0.3630769230769231,0.0118437869822485,0.3333333333333333,0.4134615384615384,,,,,0.0,0.0,1.0,3.0,,1751710380805.5,7.93,7.0,3.0,1751710376942.0,1751710381942.0,1.0,0.0,0.0,24.66974016984767,3.940769545751765,5.8839741896862265e-06,27.35815296251329,0.9130728172699059,15,0.8126301460598914,0.05369188800965782,0.4123241410046628,0.06802310723746716,0.3699123609530664,0.10326996370672578,-0.07069961285059755,0.02419560466237349,0.9188955860288315,0.0505800759655343,81.69687256458246,20.97162539120827,6.329652294507776,21.585948771650532,136.07844279411543,19.49859170567736,22.860760863029494,24.66974016984767
14.0,0.3066666666666666,0.0081083333333333,0.3553846153846153,0.0115124260355029,0.375,0.3846153846153846,,,,,0.0,0.0,1.0,3.0,,1751710386055.0,7.2675,6.6,3.0,1751710381943.0,1751710386943.0,1.0,0.0,0.0,24.464431985687977,1.4520422077042043,20.7165824608653,27.23962306964982,0.9144839883682859,29,0.7158462073343604,0.10795434084001466,0.34201645806077907,0.2626703291311443,0.21433852627452568,0.1599637585146678,-0.046061560046431395,0.06282879177977586,0.9599819547299713,0.02934365790342294,52.24125207565902,29.776145931514677,13.924464282490534,30.836385067572238,138.96628392762483,37.40489313418697,22.65313971801371,24.464431985687977
15.0,0.3124999999999999,0.00703125,0.3669230769230768,0.0151011834319526,0.375,0.4230769230769231,,,,,0.0,0.0,1.0,3.0,,1751710388919.2058,5.064117647058824,3.7385294117647057,3.0,1751710386944.0,1751710391944.0,1.0,0.0,0.0,25.210548964030604,0.596913190659177,23.90229241726549,26.604568265782365,0.9272314427842301,0,0.7588055236681742,0.04268096416844641,0.3664909395819099,0.011742644278683321,0.257561861800602,0.07138204471617716,-0.045086360151049075,0.006985437787168777,0.9624488992439575,0.0134657321504971,58.2971967835138,10.401865813490081,10.05507550777927,1.1807158137824552,123.58051228604234,5.033930907276296,23.675253965105295,25.210548964030604
16.0,0.2983333333333333,0.0068305555555555,0.3707692307692307,0.0222934911242603,0.375,0.3846153846153846,,,,,0.0,0.0,1.0,3.0,,1751710392884.6,2.44,2.228,3.0,1751710391945.0,1751710396945.0,1.0,1.0,0.0,22.7794342866694,2.226905099828599,18.35928767907276,30.045590317808298,0.88578240329688,104,0.6198062966939982,0.13836987274109402,0.45482933486714267,0.16674001602244473,0.09680880508033932,0.22618990382463303,-0.12953337564206918,0.09734778829642997,0.9541933029967348,0.05272389297156763,34.84455038735706,60.6061377170578,-13.194367260617907,190.69364200951335,226.33413290792717,633.0841038257959,19.978277698230897,22.7794342866694
17.0,0.295,0.0065861111111111,0.3730769230769231,0.0197189349112426,0.375,0.3846153846153846,,,,,0.0,0.0,1.0,3.0,,1751710392884.6,2.44,2.228,3.0,1751710391945.0,1751710396945.0,1.0,1.0,1.0,22.864134883124176,1.6857140121455159,17.521747990205327,31.722307824130205,0.8149712828709778,182,0.606526464463994,0.09953559613775098,0.3759627450181597,0.32689684775055156,0.09776235151826126,0.20220184624286525,-0.10039313356025038,0.14959180186953916,0.9548423132678349,0.07374541632434616,25.31194846105878,158.4631608034851,-70.62185215521932,2181.532681390528,393.40971677280004,5378.256702154968,20.344132317122774,22.864134883124176
18.0,0.2975,0.0058340277777777,0.37,0.015496449704142,0.375,0.3846153846153846,,,,,0.0,0.0,1.0,3.0,,1751710405328.879,5.76939393939394,3.967272727272728,3.0,1751710401947.0,1751710406947.0,1.0,0.0,1.0,20.71303670334574,1.0951248888001592,13.854784566654972,24.19623144579983,0.9220257199700269,84,0.5172002960080186,0.06439482860194051,0.5498727839950852,0.10936353015338644,-0.08022720088273151,0.132158229147877,-0.20298214783423585,0.07531865335823902,0.9635436277123827,0.028757563567388542,5.649704813307955,22.429234894513915,-21.440803404040736,44.65885615460733,172.2492769289099,118.26759620458252,16.690741730340317,20.71303670334574
19.0,0.3033333333333333,0.0069472222222222,0.3715384615384615,0.0226988165680473,0.375,0.3846153846153846,,,,,0.0,0.0,1.0,3.0,,1751710408473.875,7.69875,7.09875,3.0,1751710406948.0,1751710411948.0,1.0,0.0,0.0,21.01079198328968,1.8692765842266852,11.319433671396109,29.15575996310671,0.840529915188202,183,0.5166829970410525,0.14230073712711316,0.5079560704600302,0.22388404157061884,-0.020149863297073148,0.21524923391972736,-0.1905313137612716,0.11490033733081688,0.9489616405881807,0.057318190563735216,-1.4257697188451515,79.1194188481459,-5.357999802431964,82.10912353199,186.74626178992813,136.66628449507851,17.12520116493102,21.01079198328968
20.0,0.2966666666666667,0.0079611111111111,0.3676923076923076,0.0267550295857988,0.375,0.3846153846153846,,,,,0.0,0.0,1.0,3.0,,1751710408473.875,7.69875,7.09875,3.0,1751710406948.0,1751710411948.0,1.0,0.0,0.0,19.87553271298275,0.7939650711418382,17.67667458081607,23.2815918101777,0.9610554327052306,29,0.597478999266239,0.0864274886346862,0.5636295141967392,0.11651508284218576,0.040158567578709344,0.137284116144917,-0.21657879548733525,0.08214731120560372,0.9620556581368681,0.018866248378353365,30.039252824292845,66.0123172941126,-26.13066960298723,140.95353556928188,188.88831994451576,419.4754263249374,16.537684104825253,19.87553271298275
21.0,0.295,0.0079055555555555,0.3638461538461538,0.0264621301775147,0.375,0.3846153846153846,,,,,0.0,0.0,1.0,3.0,,1751710408473.875,7.69875,7.09875,3.0,1751710406948.0,1751710411948.0,1.0,0.0,0.0,20.44360825510412,0.8466781480801931,16.113289236545963,24.632091854698917,0.9505470623603155,46,0.5997897242519019,0.11878805314041267,0.5649398284722622,0.11327485535465599,0.04715781546970198,0.1949516896185982,-0.21998407760945454,0.08920466476845987,0.9491970458626489,0.04984265208509239,33.676906445344265,54.44713484062919,-37.121827022065176,211.51982757875746,206.48049921258638,446.2596482735642,16.894289432814855,20.44360825510412
22.0,0.2925,0.0087840277777777,0.383076923076923,0.0269798816568047,0.3333333333333333,0.4519230769230768,,,,,0.0,0.0,1.0,3.0,,1751710408473.875,7.69875,7.09875,3.0,1751710406948.0,1751710411948.0,1.0,0.0,0.0,21.2197153641154,1.4001986987108788,17.63098345435517,26.664106614270835,0.840725178296516,139,0.6750984572257188,0.05625716433100407,0.45475156103056347,0.4593345831760262,0.18540418957028712,0.13522734869414796,-0.16367968623148182,0.12108571197718343,0.9455753522800937,0.10868000263075256,105.8714987389003,1700.9311007205047,-100.22496323179428,2859.0465773179235,513.937859486335,10453.772152759613,18.700661143557024,21.2197153641154
0.0,0.2708333333333333,0.0071701388888888,0.3507692307692307,0.0290319526627218,0.3333333333333333,0.3461538461538461,,,,,0.0,0.0,1.0,4.0,,1751711731054.0,5.0,5.0,4.0,1751711731054.0,1751711736054.0,1.0,1.0,1.0,23.714802473574082,2.1783609018908745,13.816619439358298,29.042025313650186,0.8998268090415439,69,0.48084005299928906,0.3067973328022056,0.5257096228515895,0.22375461743026173,-0.1328533416165733,0.12188268087296847,-0.22098401119837294,0.10891013200063666,0.9515183677763133,0.03788939104539049,0.5518159816752088,74.03975987491566,-39.670799528185604,306.30171464396693,209.6926380982768,618.9399612643215,18.546620589807052,23.714802473574082
1.0,0.2841666666666666,0.0070618055555555,0.3007692307692307,0.0340053254437869,0.3333333333333333,0.3076923076923077,,,,,0.0,0.0,1.0,4.0,,1751711731054.0,5.0,5.0,4.0,1751711731054.0,1751711736054.0,1.0,1.0,1.0,21.732840924020827,1.3390084278698833,11.279966665738424,25.27991753868753,0.9106943971079949,96,0.4969593201513146,0.04989432592416496,0.5985498228612322,0.12323543212447233,-0.10680197510827225,0.15072289610329648,-0.24542191952677225,0.07722435476651891,0.9474491234799284,0.04524038407197338,6.3791324911235545,74.6383095727548,-50.89983499206927,195.10840180288102,261.22843785253036,609.1689006745185,16.937705664247197,21.732840924020827
2.0,0.2749999999999999,0.0080555555555555,0.3253846153846153,0.011787573964497,0.3333333333333333,0.3461538461538461,,,,,0.0,0.0,1.0,4.0,,1751711744306.0,4.288333333333333,4.778333333333333,4.0,1751711741056.0,1751711746056.0,1.0,1.0,1.0,22.25575146510566,1.3425291144575695,13.202408137834835,26.525472547181103,0.9558802701538885,7,0.5180978263563291,0.14122069418837682,0.48578121966412025,0.21182972357632573,-0.09296569621934986,0.2164374970424853,-0.180097769403529,0.12769090731240512,0.9461915104929975,0.023349850496342493,7.2086524237452325,39.8043866334853,-10.261765968681845,62.90830859798476,153.7275162895449,104.56962681271177,17.590821099918095,22.25575146510566
3.0,0.2875,0.00890625,0.3623076923076923,0.024798224852071,0.375,0.4423076923076923,,,,,0.0,0.0,1.0,4.0,,1751711749823.4285,3.3628571428571425,3.971428571428572,4.0,1751711746057.0,1751711751057.0,1.0,1.0,1.0,22.306125538943913,1.3454862209606746,13.97684611620409,25.543026047616152,0.963330402858693,47,0.5303723751875066,0.06978123772707408,0.5777589082830995,0.10890044684797803,-0.0801729618121341,0.12934216822285555,-0.24336466176940744,0.06403355983003524,0.9556470548103667,0.016503390558093887,11.23289561516154,33.4750268696798,-30.902505124191496,176.66176316624595,188.4852893369715,455.36571899051836,17.548180817304306,22.306125538943913
4.0,0.2908333333333333,0.0082284722222222,0.3799999999999999,0.0352449704142011,0.375,0.4519230769230768,,,,,0.0,0.0,1.0,4.0,,1751711752741.875,2.3975,3.0,4.0,1751711751058.0,1751711756058.0,1.0,1.0,1.0,21.391916603784082,1.470342317135695,14.911691355531204,34.076663084375085,0.8400726086563446,167,0.6056331922657698,0.22091208077120536,0.5221144624538454,1.2003381969170248,0.07155279785030322,0.17142920800854292,-0.19924432149051893,0.1281355681907321,0.9520740072784007,0.054529730320946615,53.552967520199864,205.99901427488916,-33.8109837500905,261.5604515464965,301.7558720925969,963.8219308946659,18.074442504109832,21.391916603784082
5.0,0.2766666666666666,0.0073444444444444,0.3823076923076922,0.0374798816568047,0.3333333333333333,0.4903846153846153,,,,,0.0,0.0,1.0,4.0,,1751711752741.875,2.3975,3.0,4.0,1751711751058.0,1751711756058.0,1.0,1.0,1.0,50286355.55565143,1252119648.1883745,12.747458458430785,31177527829.607967,0.8048000382685444,227,0.4786410456413646,0.19584305969883756,0.4937959208042836,0.8018907178100978,-0.07380482619260702,0.23754396135389919,-0.20534159275827432,0.09828292624208063,0.9396878218276307,0.057888240902201404,-5.707092820678151,65.70871241084816,-119.61174015578347,2217.0342672809425,435.4793094501961,4537.520778275112,16.162807892482167,50286355.55565143
6.0,0.2766666666666666,0.0071361111111111,0.3553846153846153,0.0403881656804733,0.3333333333333333,0.3461538461538461,,,,,0.0,0.0,1.0,4.0,,1751711763777.6,2.866,1.8,4.0,1751711761060.0,1751711766060.0,1.0,1.0,1.0,62788991.29740376,1560908992.1242254,16.024945490097384,38803582240.50912,0.8900055701908794,67,0.7803852718692201,0.23043928795453106,0.4123783761967418,0.14559062861680075,0.37329037417609334,0.33130298089599086,-0.0673137463370938,0.06817731613997283,0.8560733052914866,0.09463355017488632,-72.40396091994458,3089.1131854379946,-0.9539198820970799,2628.9671648218973,929.2201544956582,16325.09361925215,20.893998804391682,62788991.29740376
7.0,0.2758333333333334,0.0056868055555555,0.356153846153846,0.0302846153846153,0.3333333333333333,0.3461538461538461,,,,,0.0,0.0,1.0,4.0,,1751711766245.0,3.4,1.53,4.0,1751711766061.0,1751711771061.0,1.0,1.0,1.0,23.714105073946328,1.002438823066907,17.73090633803222,28.298398812938515,0.9111598767469214,50,0.7826994041412669,0.08920196726389813,0.39516192154275315,0.08758697680796601,0.323006097092228,0.1446972905271906,-0.0815897215932702,0.06520901128867404,0.927005002523582,0.06713363796451279,72.59744863036033,68.67817818010118,4.764060972055032,65.44802068126701,150.01261445087195,218.65473782217035,21.834800284931976,23.714105073946328
8.0,0.2699999999999999,0.0074472222222222,0.3384615384615385,0.0245562130177514,0.3333333333333333,0.3461538461538461,,,,,0.0,0.0,1.0,4.0,,1751711774317.1428,3.018571428571429,2.217142857142857,4.0,1751711771062.0,1751711776062.0,1.0,1.0,1.0,24.4850513295088,1.0789649709649123,12.011938637293085,30.647717943297227,0.9216103622932207,46,0.7844751536192757,0.05421245321389382,0.476226254441524,0.12169017544092564,0.315635072598304,0.09190140850297335,-0.1414545170613967,0.06274855515575765,0.9300463906169919,0.054847799164989684,69.90786958083007,27.72683691953134,-2.3312943402258086,30.35488611357158,134.18531803653482,45.44025886236509,22.14214990373751,24.4850513295088
9.0,0.2791666666666666,0.0068923611111111,0.3476923076923077,0.0234887573964497,0.3333333333333333,0.3461538461538461,,,,,0.0,0.0,1.0,4.0,,1751711776941.0,2.3325,2.07,4.0,1751711776063.0,1751711781063.0,1.0,1.0,1.0,25.07587222225924,1.8030779721085795,11.236291465877578,33.14363084434477,0.8926758632642159,122,0.800278789820294,0.0643669957513085,0.5208090134309848,0.14882769409196134,0.3938914852731936,0.11697591201063244,-0.16836201418246605,0.05694079294177766,0.8905355314675061,0.08089820737142514,105.4750852780852,199.3139456121041,-15.351198051610574,100.49356102318329,199.71406452956705,416.0549225126611,22.466235892460166,25.07587222225924
10.0,0.2675,0.0079229166666666,0.3569230769230769,0.0250319526627218,0.3333333333333333,0.3461538461538461,,,,,0.0,0.0,1.0,4.0,,1751711776941.0,2.3325,2.07,4.0,1751711776063.0,1751711781063.0,1.0,1.0,1.0,24.57819152841091,0.6760052606361816,23.374596673664943,26.727640730513823,0.9660902022461708,0,0.7916745820647431,0.06632661571199276,0.4511494529814748,0.0639343897971181,0.328258936024106,0.10868413795471438,-0.10175977748928523,0.04031869710937943,0.9307695692445843,0.04619259971026806,73.44220205753852,17.223543705142603,-0.6380162115657828,9.314906869598351,134.83668692525438,14.948438340286682,22.46650377082212,24.57819152841091
11.0,0.2666666666666666,0.0074305555555555,0.3476923076923076,0.0234295857988165,0.3333333333333333,0.3461538461538461,,,,,0.0,0.0,1.0,4.0,,1751711788606.0,2.6,2.465,4.0,1751711786065.0,1751711791065.0,1.0,1.0,1.0,22.116295724396558,2.629133571634895,14.956366014406298,27.018984141620635,0.8724223292265024,96,0.5309033576522677,0.21310159944655382,0.3936672854282937,0.3143155886382859,-0.013656184836993478,0.32161939150463814,-0.08709531738525378,0.14173984287910898,0.9308994854448155,0.04724953937310137,10.597910510129346,164.60035542411856,-29.71105374502687,632.515953582936,239.4010058684804,1111.3382667993214,18.290200727494838,22.116295724396558
12.0,0.2675,0.0051451388888888,0.3438461538461538,0.0220360946745562,0.3333333333333333,0.3749999999999999,,,,,0.0,0.0,1.0,4.0,,1751711792966.5,2.6,2.7350000000000003,4.0,1751711791066.0,1751711796066.0,1.0,1.0,1.0,22.48643277186996,1.6310105517804294,12.614133561987448,26.985458881952106,0.6494450586147057,409,0.6351139618459364,2.877467081718234,0.2384014517190919,1.2494475048112221,0.13977303509051311,0.31822053919661464,0.041072536309915336,0.1861833421860847,0.9101936930170371,0.12062574871734959,0.7297710826125275,128.22332815698852,38.96675401336345,164.45531604820013,241.70602104926297,174.29150870063188,19.20110426878647,22.48643277186996
13.0,0.2708333333333332,0.0066840277777777,0.3638461538461539,0.0201307692307692,0.3333333333333333,0.3846153846153846,,,,,0.0,0.0,1.0,4.0,,1751711792966.5,2.6,2.7350000000000003,4.0,1751711791066.0,1751711796066.0,1.0,1.0,1.0,24.66974016984767,3.940769545751765,5.8839741896862265e-06,27.35815296251329,0.9130728172699059,15,0.8126301460598914,0.05369188800965782,0.4123241410046628,0.06802310723746716,0.3699123609530664,0.10326996370672578,-0.07069961285059755,0.02419560466237349,0.9188955860288315,0.0505800759655343,81.69687256458246,20.97162539120827,6.329652294507776,21.585948771650532,136.07844279411543,19.49859170567736,22.860760863029494,24.66974016984767
14.0,0.2691666666666666,0.0074451388888888,0.3669230769230768,0.0288881656804733,0.3333333333333333,0.3846153846153846,,,,,0.0,0.0,1.0,4.0,,1751711805257.0,2.8,2.135,4.0,1751711801068.0,1751711806068.0,1.0,1.0,1.0,24.464431985687977,1.4520422077042043,20.7165824608653,27.23962306964982,0.9144839883682859,29,0.7158462073343604,0.10795434084001466,0.34201645806077907,0.2626703291311443,0.21433852627452568,0.1599637585146678,-0.046061560046431395,0.06282879177977586,0.9599819547299713,0.02934365790342294,52.24125207565902,29.776145931514677,13.924464282490534,30.836385067572238,138.96628392762483,37.40489313418697,22.65313971801371,24.464431985687977
15.0,0.2933333333333333,0.0024972222222222,0.3669230769230768,0.0320242603550295,0.3333333333333333,0.3846153846153846,,,,,0.0,0.0,1.0,4.0,,1751711807426.5,3.6,2.33375,4.0,1751711806069.0,1751711811069.0,1.0,1.0,1.0,25.210548964030604,0.596913190659177,23.90229241726549,26.604568265782365,0.9272314427842301,0,0.7588055236681742,0.04268096416844641,0.3664909395819099,0.011742644278683321,0.257561861800602,0.07138204471617716,-0.045086360151049075,0.006985437787168777,0.9624488992439575,0.0134657321504971,58.2971967835138,10.401865813490081,10.05507550777927,1.1807158137824552,123.58051228604234,5.033930907276296,23.675253965105295,25.210548964030604
16.0,0.2941666666666666,0.0041951388888888,0.3315384615384614,0.0309402366863905,0.3333333333333333,0.3749999999999999,,,,,0.0,0.0,1.0,4.0,,1751711807426.5,3.6,2.33375,4.0,1751711806069.0,1751711811069.0,1.0,1.0,1.0,22.7794342866694,2.226905099828599,18.35928767907276,30.045590317808298,0.88578240329688,104,0.6198062966939982,0.13836987274109402,0.45482933486714267,0.16674001602244473,0.09680880508033932,0.22618990382463303,-0.12953337564206918,0.09734778829642997,0.9541933029967348,0.05272389297156763,34.84455038735706,60.6061377170578,-13.194367260617907,190.69364200951335,226.33413290792717,633.0841038257959,19.978277698230897,22.7794342866694
17.0,0.2808333333333333,0.0046395833333333,0.423076923076923,0.0498816568047337,0.3333333333333333,0.6153846153846154,,,,,0.0,0.0,1.0,4.0,,1751711807426.5,3.6,2.33375,4.0,1751711806069.0,1751711811069.0,1.0,1.0,1.0,22.864134883124176,1.6857140121455159,17.521747990205327,31.722307824130205,0.8149712828709778,182,0.606526464463994,0.09953559613775098,0.3759627450181597,0.32689684775055156,0.09776235151826126,0.20220184624286525,-0.10039313356025038,0.14959180186953916,0.9548423132678349,0.07374541632434616,25.31194846105878,158.4631608034851,-70.62185215521932,2181.532681390528,393.40971677280004,5378.256702154968,20.344132317122774,22.864134883124176
18.0,0.2816666666666667,0.0054555555555555,0.3153846153846153,0.0298224852071006,0.3333333333333333,0.3461538461538461,,,,,0.0,0.0,1.0,4.0,,1751711824646.6667,3.6666666666666665,2.07,4.0,1751711821072.0,1751711826072.0,1.0,1.0,1.0,20.71303670334574,1.0951248888001592,13.854784566654972,24.19623144579983,0.9220257199700269,84,0.5172002960080186,0.06439482860194051,0.5498727839950852,0.10936353015338644,-0.08022720088273151,0.132158229147877,-0.20298214783423585,0.07531865335823902,0.9635436277123827,0.028757563567388542,5.649704813307955,22.429234894513915,-21.440803404040736,44.65885615460733,172.2492769289099,118.26759620458252,16.690741730340317,20.71303670334574
19.0,0.2825,0.0050201388888888,0.3361538461538461,0.0206988165680473,0.3333333333333333,0.3749999999999999,,,,,0.0,0.0,1.0,4.0,,1751711827022.0,3.4,1.8,4.0,1751711826073.0,1751711831073.0,1.0,1.0,1.0,21.01079198328968,1.8692765842266852,11.319433671396109,29.15575996310671,0.840529915188202,183,0.5166829970410525,0.14230073712711316,0.5079560704600302,0.22388404157061884,-0.020149863297073148,0.21524923391972736,-0.1905313137612716,0.11490033733081688,0.9489616405881807,0.057318190563735216,-1.4257697188451515,79.1194188481459,-5.357999802431964,82.10912353199,186.74626178992813,136.66628449507851,17.12520116493102,21.01079198328968
20.0,0.2808333333333332,0.0063756944444444,0.3392307692307692,0.0198041420118343,0.3333333333333333,0.3461538461538461,,,,,0.0,0.0,1.0,4.0,,1751711827022.0,3.4,1.8,4.0,1751711826073.0,1751711831073.0,1.0,1.0,1.0,19.87553271298275,0.7939650711418382,17.67667458081607,23.2815918101777,0.9610554327052306,29,0.597478999266239,0.0864274886346862,0.5636295141967392,0.11651508284218576,0.040158567578709344,0.137284116144917,-0.21657879548733525,0.08214731120560372,0.9620556581368681,0.018866248378353365,30.039252824292845,66.0123172941126,-26.13066960298723,140.95353556928188,188.88831994451576,419.4754263249374,16.537684104825253,19.87553271298275
21.0,0.2716666666666666,0.0061277777777777,0.3623076923076923,0.0212479289940828,0.3333333333333333,0.3846153846153846,,,,,0.0,0.0,1.0,4.0,,1751711827022.0,3.4,1.8,4.0,1751711826073.0,1751711831073.0,1.0,1.0,1.0,20.44360825510412,0.8466781480801931,16.113289236545963,24.632091854698917,0.9505470623603155,46,0.5997897242519019,0.11878805314041267,0.5649398284722622,0.11327485535465599,0.04715781546970198,0.1949516896185982,-0.21998407760945454,0.08920466476845987,0.9491970458626489,0.04984265208509239,33.676906445344265,54.44713484062919,-37.121827022065176,211.51982757875746,206.48049921258638,446.2596482735642,16.894289432814855,20.44360825510412
22.0,0.2733333333333332,0.00515,0.3638461538461537,0.026994674556213,0.3333333333333333,0.3846153846153846,,,,,0.0,0.0,1.0,4.0,,1751711845844.0,3.4,2.2,4.0,1751711841076.0,1751711846076.0,1.0,1.0,1.0,21.2197153641154,1.4001986987108788,17.63098345435517,26.664106614270835,0.840725178296516,139,0.6750984572257188,0.05625716433100407,0.45475156103056347,0.4593345831760262,0.18540418957028712,0.13522734869414796,-0.16367968623148182,0.12108571197718343,0.9455753522800937,0.10868000263075256,105.8714987389003,1700.9311007205047,-100.22496323179428,2859.0465773179235,513.937859486335,10453.772152759613,18.700661143557024,21.2197153641154
23.0,0.2883333333333333,0.0045722222222222,0.3446153846153846,0.029287573964497,0.3333333333333333,0.3749999999999999,,,,,0.0,0.0,1.0,4.0,,1751711846682.0,2.8666666666666667,2.33,4.0,1751711846077.0,1751711851077.0,1.0,1.0,1.0,19.395726995277837,2.836310118812962,1.4098025639854503e-06,28.39276528633824,0.9525109325670046,35,0.5586283354532109,0.1451441009449312,0.5605892489859685,0.4352192273883812,-0.022451205058434936,0.2105235277407988,-0.22041106435055596,0.131000579342419,0.9380905641781248,0.09735354354426609,20.06150055793633,40.72184307115177,-15.759069207416974,45.291316711169976,154.56909474493622,38.28435881737236,15.310119964471282,19.395726995277837
24.0,0.2708333333333332,0.0056423611111111,0.3546153846153846,0.0231532544378698,0.3229166666666666,0.3846153846153846,,,,,0.0,0.0,1.0,4.0,,1751711846682.0,2.8666666666666667,2.33,4.0,1751711846077.0,1751711851077.0,1.0,1.0,1.0,20.455357872078988,1.1842576516555123,10.972864723959727,24.64199389646199,0.826371587830412,178,0.6955408978808427,0.10604166718697851,0.5657336716185744,0.1835304110231527,0.25726144548730906,0.13095388404858604,-0.23108121780814267,0.16719245449546066,0.9056851407283186,0.12289155336160097,93.05275878556489,833.126213089321,-55.366760781079144,641.9688019908314,286.9227814730838,2393.101216778038,17.01952753930503,20.455357872078988
25.0,0.2508333333333333,0.0048256944444444,0.3646153846153846,0.0297183431952662,0.2916666666666667,0.3749999999999999,,,,,0.0,0.0,1.0,4.0,,1751711846682.0,2.8666666666666667,2.33,4.0,1751711846077.0,1751711851077.0,1.0,1.0,1.0,20.453907679523542,3.2795676606052506,4.6542563429685575e-06,30.118770073120977,0.9137942166514621,40,0.5914995997908978,0.08993280714983877,0.5047958808754816,0.1376916959707396,0.0180964310076843,0.15441738749233253,-0.17636670323752085,0.08481728399972836,0.9668952011792905,0.05167199292163149,24.651081128846887,29.73961498952308,-10.499857340752259,34.35563699335974,156.66423146579498,64.061778589501,17.250156904303278,20.453907679523542
26.0,0.2691666666666666,0.0062645833333333,0.3492307692307691,0.0330082840236686,0.3333333333333333,0.4134615384615384,,,,,0.0,0.0,1.0,4.0,,1751711846682.0,2.8666666666666667,2.33,4.0,1751711846077.0,1751711851077.0,1.0,1.0,1.0,23.671927678546165,1.3743662697628805,11.905563440384777,27.22508345693708,0.8568755174120214,87,0.5773892073916259,0.07055058056803173,0.434696562127449,0.44416856440807984,-0.010237105043724824,0.1582740324370365,-0.13385706108131468,0.10676543725548908,0.9714696752481758,0.042505273359994857,27.198592061977802,83.86747371429341,-7.550969539530859,147.5727261655444,169.8281708536127,344.9981375788761,20.285380489925476,23.671927678546165
27.0,0.2875,0.0056423611111111,0.37,0.0386917159763313,0.3333333333333333,0.4423076923076923,,,,,0.0,0.0,1.0,4.0,,1751711846682.0,2.8666666666666667,2.33,4.0,1751711846077.0,1751711851077.0,1.0,1.0,1.0,22.123072671070407,1.07613927087444,12.349182844132466,25.643815471433925,0.9042130977141984,90,0.6326758508581132,0.08837953888246172,0.5203641484583309,0.11225289830925714,0.10283487759652749,0.14927705624001508,-0.19471194390602475,0.06716286263360145,0.9609363617045283,0.03664630596593476,59.03259613144581,438.97029404011874,-50.13068437207032,673.1931839338511,273.4822856563735,1697.9769948207343,18.91955155174664,22.123072671070407
28.0,0.2658333333333333,0.00575625,0.3684615384615384,0.0315437869822485,0.3333333333333333,0.4519230769230768,,,,,0.0,0.0,1.0,4.0,,1751711846682.0,2.8666666666666667,2.33,4.0,1751711846077.0,1751711851077.0,1.0,1.0,1.0,21.921113462625208,0.6198541720027878,20.56441828277706,23.60560452887489,0.944677087294982,2,0.6068534789958755,0.08906562091090729,0.5100304731154551,0.06952037193680141,0.025168981613810284,0.1317666341041409,-0.18276856142729378,0.06266917615423852,0.9718608797301653,0.013269796771533608,25.85933491329604,20.917948721403835,-8.539312060041981,10.372978242688147,137.24656216994268,17.463558278620322,18.51959765431783,21.921113462625208
29.0,0.2649999999999999,0.00415,0.3384615384615383,0.0323076923076923,0.2916666666666667,0.3846153846153846,,,,,0.0,0.0,1.0,4.0,,1751711846682.0,2.8666666666666667,2.33,4.0,1751711846077.0,1751711851077.0,1.0,1.0,1.0,22.20977481772433,1.0647870986866754,19.962363210006814,26.823457311428893,0.8714085722158683,17,0.5672122495613156,0.08648133475305272,0.4523682347416594,0.049603977714234686,-0.03639287428313401,0.14353454764306814,-0.1444343382955782,0.03181432125374728,0.9772340709749066,0.035099898570202445,16.447933073595646,22.045015899639626,-1.061813648462877,9.211379842076019,133.61792409855306,29.15840350834149,18.747190304119695,22.20977481772433
30.0,0.2808333333333332,0.0066534722222222,0.3492307692307692,0.0307597633136094,0.3333333333333333,0.3461538461538461,,,,,0.0,0.0,1.0,4.0,,1751711846682.0,2.8666666666666667,2.33,4.0,1751711846077.0,1751711851077.0,1.0,1.0,1.0,21.539627977219432,1.0749119441803239,12.20093985696878,26.148645161932915,0.9132878027125922,60,0.6140119929807747,0.04474843558295175,0.5131205803443237,0.1425624206737216,0.051242101949994096,0.1062537291371238,-0.17627585363995682,0.0706968143593391,0.9741872834693973,0.03141171959016451,68.23901684017245,866.8787895033284,-70.2301035100179,1322.036705950112,341.4073069212874,3717.5628852531067,18.532712401650876,21.539627977219432
31.0,0.2733333333333333,0.0064694444444444,0.3499999999999999,0.0291272189349112,0.3333333333333333,0.3749999999999999,,,,,0.0,0.0,1.0,4.0,,1751711890143.0,2.911666666666666,2.955,4.0,1751711886085.0,1751711891085.0,1.0,1.0,1.0,22.11138668931581,0.756227669303774,13.42019644521467,25.6211307216172,0.9393512703642463,62,0.5968707808162631,0.11025842563554826,0.5388829451763685,0.08454936228195242,0.03174573445178101,0.18063326023322399,-0.2045612623464701,0.06581456350368417,0.9580985191669478,0.04761208552971913,23.503846601418832,31.087101094539683,-13.872312415858177,26.531260487951137,155.54739741875463,73.97290779747703,18.426589950809014,22.11138668931581
32.0,0.2666666666666666,0.0045833333333333,0.3392307692307692,0.0264313609467455,0.2916666666666667,0.3846153846153846,,,,,0.0,0.0,1.0,4.0,,1751711891971.5,3.4675,2.6675,4.0,1751711891086.0,1751711896086.0,1.0,1.0,1.0,22.330372625095745,0.4459946271762921,20.48449770329585,25.68942636574047,0.9263607243381797,31,0.6618924480041835,0.03622049493858915,0.5061863766802102,0.08564136654497491,0.11574184121990012,0.09211503207740562,-0.17724322130430317,0.08068148205949881,0.9684569680120988,0.047949901485556105,44.92711908474471,52.132068055283135,-14.392539734507455,80.29527573281487,157.52035903410737,178.91791604564366,19.51024406874834,22.330372625095745
33.0,0.2641666666666666,0.0050423611111111,0.3523076923076922,0.0332165680473372,0.3333333333333333,0.3461538461538461,,,,,0.0,0.0,1.0,4.0,,1751711891971.5,3.4675,2.6675,4.0,1751711891086.0,1751711896086.0,1.0,1.0,1.0,21.55863877949319,0.9385984254660912,11.00747115568889,27.839877959784197,0.8832040970743867,87,0.6655625885879444,0.03400171990586789,0.4944673361974814,0.11865344904084689,0.1449973927388158,0.11232812899644995,-0.1521770895516119,0.07947627830472206,0.9663439435189011,0.05551251254811905,67.69017526024192,337.9778447617553,-48.127810727172466,639.7213078398207,261.3405474708888,1582.1383962028112,19.16528989770542,21.55863877949319
0.0,0.4066666666666667,0.0062194444444444,0.3684615384615384,0.0367508875739645,0.4895833333333333,0.3846153846153846,,,,,1.0,0.0,1.0,5.0,,1751710046243.0,5.0,5.0,5.0,1751710046243.0,1751710051243.0,1.0,1.0,1.0,23.714802473574082,2.1783609018908745,13.816619439358298,29.042025313650186,0.8998268090415439,69,0.48084005299928906,0.3067973328022056,0.5257096228515895,0.22375461743026173,-0.1328533416165733,0.12188268087296847,-0.22098401119837294,0.10891013200063666,0.9515183677763133,0.03788939104539049,0.5518159816752088,74.03975987491566,-39.670799528185604,306.30171464396693,209.6926380982768,618.9399612643215,18.546620589807052,23.714802473574082
1.0,0.3991666666666666,0.0064645833333333,0.3592307692307692,0.0308644970414201,0.4583333333333333,0.3846153846153846,,,,,1.0,0.0,1.0,5.0,,1751710046243.0,5.0,5.0,5.0,1751710046243.0,1751710051243.0,1.0,1.0,1.0,21.732840924020827,1.3390084278698833,11.279966665738424,25.27991753868753,0.9106943971079949,96,0.4969593201513146,0.04989432592416496,0.5985498228612322,0.12323543212447233,-0.10680197510827225,0.15072289610329648,-0.24542191952677225,0.07722435476651891,0.9474491234799284,0.04524038407197338,6.3791324911235545,74.6383095727548,-50.89983499206927,195.10840180288102,261.22843785253036,609.1689006745185,16.937705664247197,21.732840924020827
2.0,0.3925,0.0057701388888888,0.3738461538461537,0.0246177514792899,0.4583333333333333,0.3846153846153846,,,,,1.0,0.0,1.0,5.0,,1751710060846.5,4.6,5.0,5.0,1751710056245.0,1751710061245.0,1.0,1.0,1.0,22.25575146510566,1.3425291144575695,13.202408137834835,26.525472547181103,0.9558802701538885,7,0.5180978263563291,0.14122069418837682,0.48578121966412025,0.21182972357632573,-0.09296569621934986,0.2164374970424853,-0.180097769403529,0.12769090731240512,0.9461915104929975,0.023349850496342493,7.2086524237452325,39.8043866334853,-10.261765968681845,62.90830859798476,153.7275162895449,104.56962681271177,17.590821099918095,22.25575146510566
3.0,0.4,0.0068055555555555,0.3707692307692307,0.0302224852071005,0.4583333333333333,0.3846153846153846,,,,,1.0,0.0,1.0,5.0,,1751710061521.5,4.065,5.0,5.0,1751710061246.0,1751710066246.0,1.0,1.0,1.0,22.306125538943913,1.3454862209606746,13.97684611620409,25.543026047616152,0.963330402858693,47,0.5303723751875066,0.06978123772707408,0.5777589082830995,0.10890044684797803,-0.0801729618121341,0.12934216822285555,-0.24336466176940744,0.06403355983003524,0.9556470548103667,0.016503390558093887,11.23289561516154,33.4750268696798,-30.902505124191496,176.66176316624595,188.4852893369715,455.36571899051836,17.548180817304306,22.306125538943913
4.0,0.3925,0.0058395833333333,0.3676923076923076,0.0340331360946745,0.4583333333333333,0.3749999999999999,,,,,1.0,0.0,1.0,5.0,,1751710061521.5,4.065,5.0,5.0,1751710061246.0,1751710066246.0,1.0,1.0,1.0,21.391916603784082,1.470342317135695,14.911691355531204,34.076663084375085,0.8400726086563446,167,0.6056331922657698,0.22091208077120536,0.5221144624538454,1.2003381969170248,0.07155279785030322,0.17142920800854292,-0.19924432149051893,0.1281355681907321,0.9520740072784007,0.054529730320946615,53.552967520199864,205.99901427488916,-33.8109837500905,261.5604515464965,301.7558720925969,963.8219308946659,18.074442504109832,21.391916603784082
5.0,0.3983333333333334,0.0061916666666666,0.3546153846153845,0.0368810650887574,0.4583333333333333,0.3461538461538461,,,,,1.0,0.0,1.0,5.0,,1751710061521.5,4.065,5.0,5.0,1751710061246.0,1751710066246.0,1.0,1.0,1.0,50286355.55565143,1252119648.1883745,12.747458458430785,31177527829.607967,0.8048000382685444,227,0.4786410456413646,0.19584305969883756,0.4937959208042836,0.8018907178100978,-0.07380482619260702,0.23754396135389919,-0.20534159275827432,0.09828292624208063,0.9396878218276307,0.057888240902201404,-5.707092820678151,65.70871241084816,-119.61174015578347,2217.0342672809425,435.4793094501961,4537.520778275112,16.162807892482167,50286355.55565143
6.0,0.3891666666666667,0.0066395833333333,0.3592307692307692,0.0317520710059171,0.4583333333333333,0.3461538461538461,,,,,1.0,0.0,1.0,5.0,,1751710078478.5,5.4,5.0,5.0,1751710076249.0,1751710081249.0,1.0,0.0,1.0,62788991.29740376,1560908992.1242254,16.024945490097384,38803582240.50912,0.8900055701908794,67,0.7803852718692201,0.23043928795453106,0.4123783761967418,0.14559062861680075,0.37329037417609334,0.33130298089599086,-0.0673137463370938,0.06817731613997283,0.8560733052914866,0.09463355017488632,-72.40396091994458,3089.1131854379946,-0.9539198820970799,2628.9671648218973,929.2201544956582,16325.09361925215,20.893998804391682,62788991.29740376
7.0,0.3849999999999999,0.0056638888888888,0.3638461538461538,0.0302491124260355,0.4583333333333333,0.3749999999999999,,,,,1.0,0.0,1.0,5.0,,1751710083590.4285,7.092857142857143,4.428571428571429,5.0,1751710081250.0,1751710086250.0,1.0,0.0,0.0,23.714105073946328,1.002438823066907,17.73090633803222,28.298398812938515,0.9111598767469214,50,0.7826994041412669,0.08920196726389813,0.39516192154275315,0.08758697680796601,0.323006097092228,0.1446972905271906,-0.0815897215932702,0.06520901128867404,0.927005002523582,0.06713363796451279,72.59744863036033,68.67817818010118,4.764060972055032,65.44802068126701,150.01261445087195,218.65473782217035,21.834800284931976,23.714105073946328
8.0,0.3825,0.0088673611111111,0.3623076923076923,0.0323130177514792,0.4583333333333333,0.3461538461538461,,,,,1.0,0.0,1.0,5.0,,1751710088776.75,7.13,3.0,5.0,1751710086251.0,1751710091251.0,1.0,0.0,0.0,24.4850513295088,1.0789649709649123,12.011938637293085,30.647717943297227,0.9216103622932207,46,0.7844751536192757,0.05421245321389382,0.476226254441524,0.12169017544092564,0.315635072598304,0.09190140850297335,-0.1414545170613967,0.06274855515575765,0.9300463906169919,0.054847799164989684,69.90786958083007,27.72683691953134,-2.3312943402258086,30.35488611357158,134.18531803653482,45.44025886236509,22.14214990373751,24.4850513295088
9.0,0.3808333333333333,0.0057645833333333,0.3607692307692307,0.0323603550295858,0.4583333333333333,0.3461538461538461,,,,,1.0,0.0,1.0,5.0,,1751710094398.4443,7.487777777777778,2.45,5.0,1751710091252.0,1751710096252.0,1.0,0.0,0.0,25.07587222225924,1.8030779721085795,11.236291465877578,33.14363084434477,0.8926758632642159,122,0.800278789820294,0.0643669957513085,0.5208090134309848,0.14882769409196134,0.3938914852731936,0.11697591201063244,-0.16836201418246605,0.05694079294177766,0.8905355314675061,0.08089820737142514,105.4750852780852,199.3139456121041,-15.351198051610574,100.49356102318329,199.71406452956705,416.0549225126611,22.466235892460166,25.07587222225924
10.0,0.3791666666666666,0.0078645833333333,0.3584615384615384,0.0265940828402366,0.4583333333333333,0.3846153846153846,,,,,1.0,0.0,1.0,5.0,,1751710098375.8572,6.63857142857143,1.99,5.0,1751710096253.0,1751710101253.0,1.0,0.0,0.0,24.57819152841091,0.6760052606361816,23.374596673664943,26.727640730513823,0.9660902022461708,0,0.7916745820647431,0.06632661571199276,0.4511494529814748,0.0639343897971181,0.328258936024106,0.10868413795471438,-0.10175977748928523,0.04031869710937943,0.9307695692445843,0.04619259971026806,73.44220205753852,17.223543705142603,-0.6380162115657828,9.314906869598351,134.83668692525438,14.948438340286682,22.46650377082212,24.57819152841091
11.0,0.3791666666666666,0.0080729166666666,0.3638461538461538,0.0326159763313609,0.4583333333333333,0.3846153846153846,,,,,1.0,0.0,1.0,5.0,,1751710102710.4285,7.247142857142856,2.4842857142857144,5.0,1751710101254.0,1751710106254.0,1.0,0.0,0.0,22.116295724396558,2.629133571634895,14.956366014406298,27.018984141620635,0.8724223292265024,96,0.5309033576522677,0.21310159944655382,0.3936672854282937,0.3143155886382859,-0.013656184836993478,0.32161939150463814,-0.08709531738525378,0.14173984287910898,0.9308994854448155,0.04724953937310137,10.597910510129346,164.60035542411856,-29.71105374502687,632.515953582936,239.4010058684804,1111.3382667993214,18.290200727494838,22.116295724396558
12.0,0.3733333333333333,0.0084,0.3638461538461538,0.0351603550295858,0.4583333333333333,0.3846153846153846,,,,,1.0,0.0,1.0,5.0,,1751710107742.5,7.93,2.465,5.0,1751710106255.0,1751710111255.0,1.0,0.0,0.0,22.48643277186996,1.6310105517804294,12.614133561987448,26.985458881952106,0.6494450586147057,409,0.6351139618459364,2.877467081718234,0.2384014517190919,1.2494475048112221,0.13977303509051311,0.31822053919661464,0.041072536309915336,0.1861833421860847,0.9101936930170371,0.12062574871734959,0.7297710826125275,128.22332815698852,38.96675401336345,164.45531604820013,241.70602104926297,174.29150870063188,19.20110426878647,22.48643277186996
13.0,0.3658333333333333,0.0083534722222222,0.3646153846153845,0.0301917159763313,0.4583333333333333,0.4134615384615384,,,,,1.0,0.0,1.0,5.0,,1751710111804.0,8.2,2.6,5.0,1751710111256.0,1751710116256.0,1.0,0.0,0.0,24.66974016984767,3.940769545751765,5.8839741896862265e-06,27.35815296251329,0.9130728172699059,15,0.8126301460598914,0.05369188800965782,0.4123241410046628,0.06802310723746716,0.3699123609530664,0.10326996370672578,-0.07069961285059755,0.02419560466237349,0.9188955860288315,0.0505800759655343,81.69687256458246,20.97162539120827,6.329652294507776,21.585948771650532,136.07844279411543,19.49859170567736,22.860760863029494,24.66974016984767
14.0,0.3833333333333333,0.0086111111111111,0.3707692307692307,0.0341278106508875,0.4583333333333333,0.4134615384615384,,,,,1.0,0.0,1.0,5.0,,1751710120083.1667,8.200000000000001,3.533333333333333,5.0,1751710116257.0,1751710121257.0,1.0,0.0,0.0,24.464431985687977,1.4520422077042043,20.7165824608653,27.23962306964982,0.9144839883682859,29,0.7158462073343604,0.10795434084001466,0.34201645806077907,0.2626703291311443,0.21433852627452568,0.1599637585146678,-0.046061560046431395,0.06282879177977586,0.9599819547299713,0.02934365790342294,52.24125207565902,29.776145931514677,13.924464282490534,30.836385067572238,138.96628392762483,37.40489313418697,22.65313971801371,24.464431985687977
15.0,0.3725,0.0064173611111111,0.393076923076923,0.0522065088757396,0.4166666666666667,0.4903846153846153,,,,,1.0,0.0,1.0,5.0,,1751710123770.0,8.11,3.443333333333333,5.0,1751710121258.0,1751710126258.0,1.0,0.0,0.0,25.210548964030604,0.596913190659177,23.90229241726549,26.604568265782365,0.9272314427842301,0,0.7588055236681742,0.04268096416844641,0.3664909395819099,0.011742644278683321,0.257561861800602,0.07138204471617716,-0.045086360151049075,0.006985437787168777,0.9624488992439575,0.0134657321504971,58.2971967835138,10.401865813490081,10.05507550777927,1.1807158137824552,123.58051228604234,5.033930907276296,23.675253965105295,25.210548964030604
16.0,0.37,0.0078222222222222,0.3853846153846154,0.0460644970414201,0.4479166666666666,0.5,,,,,1.0,0.0,1.0,5.0,,1751710129378.6667,7.843333333333334,3.31,5.0,1751710126259.0,1751710131259.0,1.0,0.0,0.0,22.7794342866694,2.226905099828599,18.35928767907276,30.045590317808298,0.88578240329688,104,0.6198062966939982,0.13836987274109402,0.45482933486714267,0.16674001602244473,0.09680880508033932,0.22618990382463303,-0.12953337564206918,0.09734778829642997,0.9541933029967348,0.05272389297156763,34.84455038735706,60.6061377170578,-13.194367260617907,190.69364200951335,226.33413290792717,633.0841038257959,19.978277698230897,22.7794342866694
17.0,0.375,0.0066666666666666,0.3592307692307692,0.0448289940828402,0.4479166666666666,0.3846153846153846,,,,,1.0,0.0,1.0,5.0,,1751710133013.75,7.73375,3.13,5.0,1751710131260.0,1751710136260.0,1.0,0.0,0.0,22.864134883124176,1.6857140121455159,17.521747990205327,31.722307824130205,0.8149712828709778,182,0.606526464463994,0.09953559613775098,0.3759627450181597,0.32689684775055156,0.09776235151826126,0.20220184624286525,-0.10039313356025038,0.14959180186953916,0.9548423132678349,0.07374541632434616,25.31194846105878,158.4631608034851,-70.62185215521932,2181.532681390528,393.40971677280004,5378.256702154968,20.344132317122774,22.864134883124176
18.0,0.3708333333333334,0.0086979166666666,0.3638461538461539,0.0393023668639053,0.4583333333333333,0.4134615384615384,,,,,1.0,0.0,1.0,5.0,,1751710138054.0,6.383999999999999,2.812,5.0,1751710136261.0,1751710141261.0,1.0,0.0,0.0,20.71303670334574,1.0951248888001592,13.854784566654972,24.19623144579983,0.9220257199700269,84,0.5172002960080186,0.06439482860194051,0.5498727839950852,0.10936353015338644,-0.08022720088273151,0.132158229147877,-0.20298214783423585,0.07531865335823902,0.9635436277123827,0.028757563567388542,5.649704813307955,22.429234894513915,-21.440803404040736,44.65885615460733,172.2492769289099,118.26759620458252,16.690741730340317,20.71303670334574
19.0,0.3699999999999999,0.0080305555555555,0.3676923076923077,0.0375242603550295,0.4479166666666666,0.4134615384615384,,,,,1.0,0.0,1.0,5.0,,1751710138054.0,6.383999999999999,2.812,5.0,1751710136261.0,1751710141261.0,1.0,0.0,0.0,21.01079198328968,1.8692765842266852,11.319433671396109,29.15575996310671,0.840529915188202,183,0.5166829970410525,0.14230073712711316,0.5079560704600302,0.22388404157061884,-0.020149863297073148,0.21524923391972736,-0.1905313137612716,0.11490033733081688,0.9489616405881807,0.057318190563735216,-1.4257697188451515,79.1194188481459,-5.357999802431964,82.10912353199,186.74626178992813,136.66628449507851,17.12520116493102,21.01079198328968
20.0,0.3608333333333333,0.0078201388888888,0.3476923076923077,0.0275715976331361,0.4166666666666667,0.3749999999999999,,,,,1.0,0.0,1.0,5.0,,1751710138054.0,6.383999999999999,2.812,5.0,1751710136261.0,1751710141261.0,1.0,0.0,0.0,19.87553271298275,0.7939650711418382,17.67667458081607,23.2815918101777,0.9610554327052306,29,0.597478999266239,0.0864274886346862,0.5636295141967392,0.11651508284218576,0.040158567578709344,0.137284116144917,-0.21657879548733525,0.08214731120560372,0.9620556581368681,0.018866248378353365,30.039252824292845,66.0123172941126,-26.13066960298723,140.95353556928188,188.88831994451576,419.4754263249374,16.537684104825253,19.87553271298275
21.0,0.3624999999999999,0.0055729166666666,0.3684615384615384,0.0397094674556213,0.4166666666666667,0.3846153846153846,,,,,1.0,0.0,1.0,5.0,,1751710154827.0,5.98,2.1566666666666667,5.0,1751710151264.0,1751710156264.0,1.0,0.0,0.0,20.44360825510412,0.8466781480801931,16.113289236545963,24.632091854698917,0.9505470623603155,46,0.5997897242519019,0.11878805314041267,0.5649398284722622,0.11327485535465599,0.04715781546970198,0.1949516896185982,-0.21998407760945454,0.08920466476845987,0.9491970458626489,0.04984265208509239,33.676906445344265,54.44713484062919,-37.121827022065176,211.51982757875746,206.48049921258638,446.2596482735642,16.894289432814855,20.44360825510412
22.0,0.3566666666666666,0.0078583333333333,0.3653846153846153,0.044689349112426,0.4166666666666667,0.3846153846153846,,,,,1.0,0.0,1.0,5.0,,1751710158755.923,6.682307692307693,3.0492307692307685,5.0,1751710156265.0,1751710161265.0,1.0,0.0,0.0,21.2197153641154,1.4001986987108788,17.63098345435517,26.664106614270835,0.840725178296516,139,0.6750984572257188,0.05625716433100407,0.45475156103056347,0.4593345831760262,0.18540418957028712,0.13522734869414796,-0.16367968623148182,0.12108571197718343,0.9455753522800937,0.10868000263075256,105.8714987389003,1700.9311007205047,-100.22496323179428,2859.0465773179235,513.937859486335,10453.772152759613,18.700661143557024,21.2197153641154
23.0,0.3583333333333333,0.0075694444444444,0.37,0.0431887573964497,0.4166666666666667,0.4230769230769231,,,,,1.0,0.0,1.0,5.0,,1751710162632.0,8.2,3.265,5.0,1751710161266.0,1751710166266.0,1.0,0.0,0.0,19.395726995277837,2.836310118812962,1.4098025639854503e-06,28.39276528633824,0.9525109325670046,35,0.5586283354532109,0.1451441009449312,0.5605892489859685,0.4352192273883812,-0.022451205058434936,0.2105235277407988,-0.22041106435055596,0.131000579342419,0.9380905641781248,0.09735354354426609,20.06150055793633,40.72184307115177,-15.759069207416974,45.291316711169976,154.56909474493622,38.28435881737236,15.310119964471282,19.395726995277837
24.0,0.355,0.0068916666666666,0.4223076923076922,0.0683721893491124,0.4166666666666667,0.5673076923076923,,,,,1.0,0.0,1.0,5.0,,1751710162632.0,8.2,3.265,5.0,1751710161266.0,1751710166266.0,1.0,0.0,0.0,20.455357872078988,1.1842576516555123,10.972864723959727,24.64199389646199,0.826371587830412,178,0.6955408978808427,0.10604166718697851,0.5657336716185744,0.1835304110231527,0.25726144548730906,0.13095388404858604,-0.23108121780814267,0.16719245449546066,0.9056851407283186,0.12289155336160097,93.05275878556489,833.126213089321,-55.366760781079144,641.9688019908314,286.9227814730838,2393.101216778038,17.01952753930503,20.455357872078988
25.0,0.3608333333333334,0.0101118055555555,0.3692307692307691,0.0463313609467455,0.4583333333333333,0.3749999999999999,,,,,1.0,0.0,1.0,5.0,,1751710174461.75,8.47,2.7325,5.0,1751710171268.0,1751710176268.0,1.0,0.0,0.0,20.453907679523542,3.2795676606052506,4.6542563429685575e-06,30.118770073120977,0.9137942166514621,40,0.5914995997908978,0.08993280714983877,0.5047958808754816,0.1376916959707396,0.0180964310076843,0.15441738749233253,-0.17636670323752085,0.08481728399972836,0.9668952011792905,0.05167199292163149,24.651081128846887,29.73961498952308,-10.499857340752259,34.35563699335974,156.66423146579498,64.061778589501,17.250156904303278,20.453907679523542
26.0,0.3566666666666666,0.0082055555555555,0.3453846153846153,0.0347627218934911,0.4166666666666667,0.3846153846153846,,,,,1.0,0.0,1.0,5.0,,1751710179253.5,8.47,2.7350000000000003,5.0,1751710176269.0,1751710181269.0,1.0,0.0,0.0,23.671927678546165,1.3743662697628805,11.905563440384777,27.22508345693708,0.8568755174120214,87,0.5773892073916259,0.07055058056803173,0.434696562127449,0.44416856440807984,-0.010237105043724824,0.1582740324370365,-0.13385706108131468,0.10676543725548908,0.9714696752481758,0.042505273359994857,27.198592061977802,83.86747371429341,-7.550969539530859,147.5727261655444,169.8281708536127,344.9981375788761,20.285380489925476,23.671927678546165
27.0,0.3491666666666667,0.0068673611111111,0.3676923076923076,0.0365775147928994,0.4166666666666667,0.4134615384615384,,,,,1.0,0.0,1.0,5.0,,1751710184268.0,7.475714285714285,2.9442857142857144,5.0,1751710181270.0,1751710186270.0,1.0,0.0,0.0,22.123072671070407,1.07613927087444,12.349182844132466,25.643815471433925,0.9042130977141984,90,0.6326758508581132,0.08837953888246172,0.5203641484583309,0.11225289830925714,0.10283487759652749,0.14927705624001508,-0.19471194390602475,0.06716286263360145,0.9609363617045283,0.03664630596593476,59.03259613144581,438.97029404011874,-50.13068437207032,673.1931839338511,273.4822856563735,1697.9769948207343,18.91955155174664,22.123072671070407
28.0,0.3575,0.0072284722222222,0.3484615384615385,0.0450538461538461,0.4166666666666667,0.3461538461538461,,,,,1.0,0.0,1.0,5.0,,1751710188563.2856,6.561428571428571,3.5142857142857147,5.0,1751710186271.0,1751710191271.0,1.0,0.0,0.0,21.921113462625208,0.6198541720027878,20.56441828277706,23.60560452887489,0.944677087294982,2,0.6068534789958755,0.08906562091090729,0.5100304731154551,0.06952037193680141,0.025168981613810284,0.1317666341041409,-0.18276856142729378,0.06266917615423852,0.9718608797301653,0.013269796771533608,25.85933491329604,20.917948721403835,-8.539312060041981,10.372978242688147,137.24656216994268,17.463558278620322,18.51959765431783,21.921113462625208
29.0,0.3449999999999999,0.0081972222222222,0.353076923076923,0.0418159763313609,0.4166666666666667,0.3749999999999999,,,,,1.0,0.0,1.0,5.0,,1751710188563.2856,6.561428571428571,3.5142857142857147,5.0,1751710186271.0,1751710191271.0,1.0,0.0,0.0,22.20977481772433,1.0647870986866754,19.962363210006814,26.823457311428893,0.8714085722158683,17,0.5672122495613156,0.08648133475305272,0.4523682347416594,0.049603977714234686,-0.03639287428313401,0.14353454764306814,-0.1444343382955782,0.03181432125374728,0.9772340709749066,0.035099898570202445,16.447933073595646,22.045015899639626,-1.061813648462877,9.211379842076019,133.61792409855306,29.15840350834149,18.747190304119695,22.20977481772433
30.0,0.3466666666666666,0.0091277777777777,0.3623076923076923,0.0284076923076923,0.4479166666666666,0.3846153846153846,,,,,1.0,0.0,1.0,5.0,,1751710188563.2856,6.561428571428571,3.5142857142857147,5.0,1751710186271.0,1751710191271.0,1.0,0.0,0.0,21.539627977219432,1.0749119441803239,12.20093985696878,26.148645161932915,0.9132878027125922,60,0.6140119929807747,0.04474843558295175,0.5131205803443237,0.1425624206737216,0.051242101949994096,0.1062537291371238,-0.17627585363995682,0.0706968143593391,0.9741872834693973,0.03141171959016451,68.23901684017245,866.8787895033284,-70.2301035100179,1322.036705950112,341.4073069212874,3717.5628852531067,18.532712401650876,21.539627977219432
31.0,0.3533333333333333,0.0066833333333333,0.3615384615384615,0.0259763313609467,0.4166666666666667,0.3846153846153846,,,,,1.0,0.0,1.0,5.0,,1751710188563.2856,6.561428571428571,3.5142857142857147,5.0,1751710186271.0,1751710191271.0,1.0,0.0,0.0,22.11138668931581,0.756227669303774,13.42019644521467,25.6211307216172,0.9393512703642463,62,0.5968707808162631,0.11025842563554826,0.5388829451763685,0.08454936228195242,0.03174573445178101,0.18063326023322399,-0.2045612623464701,0.06581456350368417,0.9580985191669478,0.04761208552971913,23.503846601418832,31.087101094539683,-13.872312415858177,26.531260487951137,155.54739741875463,73.97290779747703,18.426589950809014,22.11138668931581
32.0,0.3466666666666666,0.0066972222222222,0.3684615384615384,0.0294727810650887,0.4166666666666667,0.3846153846153846,,,,,1.0,0.0,1.0,5.0,,1751710188563.2856,6.561428571428571,3.5142857142857147,5.0,1751710186271.0,1751710191271.0,1.0,0.0,0.0,22.330372625095745,0.4459946271762921,20.48449770329585,25.68942636574047,0.9263607243381797,31,0.6618924480041835,0.03622049493858915,0.5061863766802102,0.08564136654497491,0.11574184121990012,0.09211503207740562,-0.17724322130430317,0.08068148205949881,0.9684569680120988,0.047949901485556105,44.92711908474471,52.132068055283135,-14.392539734507455,80.29527573281487,157.52035903410737,178.91791604564366,19.51024406874834,22.330372625095745
33.0,0.3450000000000001,0.0064611111111111,0.3569230769230768,0.0290556213017751,0.4166666666666667,0.3749999999999999,,,,,1.0,0.0,1.0,5.0,,1751710188563.2856,6.561428571428571,3.5142857142857147,5.0,1751710186271.0,1751710191271.0,1.0,0.0,0.0,21.55863877949319,0.9385984254660912,11.00747115568889,27.839877959784197,0.8832040970743867,87,0.6655625885879444,0.03400171990586789,0.4944673361974814,0.11865344904084689,0.1449973927388158,0.11232812899644995,-0.1521770895516119,0.07947627830472206,0.9663439435189011,0.05551251254811905,67.69017526024192,337.9778447617553,-48.127810727172466,639.7213078398207,261.3405474708888,1582.1383962028112,19.16528989770542,21.55863877949319
34.0,0.3416666666666667,0.0086111111111111,0.3469230769230769,0.0244076923076923,0.4166666666666667,0.3365384615384615,,,,,1.0,0.0,1.0,5.0,,1751710188563.2856,6.561428571428571,3.5142857142857147,5.0,1751710186271.0,1751710191271.0,1.0,0.0,0.0,21.865856644750778,0.8535940114644978,15.096589130920906,29.75986045641865,0.9084576841522398,42,0.6799481799982893,0.027313160247356638,0.4920374606535542,0.07095214411265569,0.15405706894011956,0.08227440743913089,-0.15626717192430345,0.07564505594998933,0.9682010889947172,0.04420700080132524,67.72940151567303,537.7127316970077,-25.786827810315582,504.14048111846864,210.65028432181774,1491.6015464181773,19.447371924354442,21.865856644750778
35.0,0.3366666666666667,0.0061694444444444,0.3476923076923076,0.0215360946745562,0.4166666666666667,0.3846153846153846,,,,,1.0,0.0,1.0,5.0,,1751710188563.2856,6.561428571428571,3.5142857142857147,5.0,1751710186271.0,1751710191271.0,1.0,0.0,0.0,21.76121262643654,1.580257601357699,11.2570824301753,29.884503662169656,0.8568337302809453,90,0.6637759452888891,0.0730777258235784,0.469034942932645,0.12102079619706299,0.14391005280797498,0.1553684270889477,-0.1591149223297759,0.07448940609376437,0.9597530958889405,0.056440469245870886,56.718023222815866,253.13623175457707,-14.665430741941215,347.1261424460935,212.70700641816057,1285.977242326952,19.292280567259365,21.76121262643654
36.0,0.3366666666666666,0.0071416666666666,0.3846153846153846,0.0358579881656804,0.375,0.4711538461538461,,,,,1.0,0.0,1.0,5.0,,1751710188563.2856,6.561428571428571,3.5142857142857147,5.0,1751710186271.0,1751710191271.0,1.0,0.0,0.0,20.552073619060547,3.3048105627592026,5.505674046498142e-06,32.042742168237886,0.8479156291422022,150,0.5965523496866131,0.13838299054684794,0.5193608614760467,0.17925501030768015,0.06525363357699066,0.25443733373918526,-0.20368661383112652,0.12874560767586832,0.9202482966741282,0.16178556238658687,56.37847193576261,256.533675108901,-38.841103084100304,328.5933872228123,258.10757866419766,1057.6596835402297,16.67091959680317,20.552073619060547
37.0,0.3283333333333333,0.0083083333333333,0.4107692307692308,0.0557656804733727,0.4166666666666667,0.5,,,,,1.0,0.0,1.0,5.0,,1751710188563.2856,6.561428571428571,3.5142857142857147,5.0,1751710186271.0,1751710191271.0,1.0,0.0,0.0,20.77727394666528,4.120652600692542,5.505674046498142e-06,25.45535976215424,0.8543306022400604,130,0.6314198447320927,2.827026799313797,0.45802151259961865,2.929189977354328,-0.028849140323682056,0.19425124186618828,-0.19801394550687862,0.06762353226528345,0.9561389121299105,0.05907007088521849,22.683825733553494,97.81803392896782,-22.30975350906331,173.4832665157444,206.51623455389554,539.7887536721236,16.96057404819363,20.77727394666528
38.0,0.3366666666666666,0.0077666666666666,0.3423076923076922,0.0340976331360946,0.40625,0.3846153846153846,,,,,1.0,0.0,1.0,5.0,,1751710188563.2856,6.561428571428571,3.5142857142857147,5.0,1751710186271.0,1751710191271.0,1.0,0.0,0.0,21.284377445228927,1.1821997363745957,10.036390691262504,25.918123045504867,0.88906117204967,88,0.5765347561054128,0.1271390893791933,0.5110241057108801,0.1323269591321063,0.0006511443443573668,0.23503832672461192,-0.17235842877906127,0.06723332756133112,0.9488451205578197,0.10139188721924419,55.554782149904455,304.29817009166413,-99.2396690047758,1286.8333857265795,405.10103478042987,3801.6876202527337,17.726145712016518,21.284377445228927
39.0,0.3325,0.0079506944444444,0.3469230769230769,0.0360053254437869,0.375,0.3749999999999999,,,,,1.0,0.0,1.0,5.0,,1751710188563.2856,6.561428571428571,3.5142857142857147,5.0,1751710186271.0,1751710191271.0,1.0,0.0,0.0,20.619918496187044,1.1257722109432489,12.152672548965114,29.182024931524385,0.8301456191837285,166,0.5942385748219151,0.12262618973693443,0.5373442730754961,0.1742018223907209,0.07704025533690041,0.23295982348765681,-0.20226770083941353,0.09115221661397543,0.9410457194875108,0.07117268296044192,62.01742001472063,273.58362652564585,-100.5181000824819,558.4180604415769,436.07182602379305,1491.3908936270905,17.307256093336054,20.619918496187044
40.0,0.3325,0.0089923611111111,0.3738461538461537,0.0426650887573964,0.4166666666666667,0.4230769230769231,,,,,1.0,0.0,1.0,5.0,,1751710188563.2856,6.561428571428571,3.5142857142857147,5.0,1751710186271.0,1751710191271.0,1.0,0.0,0.0,20.990512348267714,1.0991969110213704,10.416642540940652,25.923076352518184,0.8907179310534702,71,0.6974184636091102,0.08420589232030433,0.49587738855370744,0.09415265692683736,0.19854509169385776,0.18081363644185383,-0.17786005989773432,0.08898589137306828,0.9368169310300264,0.10368374342314214,65.29397391245098,145.10834141723035,-13.906876839990025,125.00960284881786,176.076275790622,387.9723681628517,18.42333779613504,20.990512348267714
41.0,0.3366666666666666,0.0087388888888888,0.3669230769230768,0.0454562130177514,0.4166666666666667,0.3846153846153846,,,,,1.0,0.0,1.0,5.0,,1751710188563.2856,6.561428571428571,3.5142857142857147,5.0,1751710186271.0,1751710191271.0,1.0,0.0,0.0,21.48669401987983,2.290207157609691,1.5634336011286636e-06,35.16707635864207,0.8079702211905785,174,0.7011320575293553,0.13256067649723957,0.46580259115252526,0.36678767706471055,0.23110270673256308,0.20225573476784575,-0.16270987279771645,0.12712636598468702,0.9159223851381573,0.15557810792223123,68.26060205727629,58.074792921334904,-12.571213627696878,155.49099693946872,203.70897796973202,410.13862274736465,18.71340299643092,21.48669401987983
42.0,0.3258333333333333,0.0072701388888888,0.3146153846153846,0.028384023668639,0.4166666666666667,0.3461538461538461,,,,,1.0,0.0,1.0,5.0,,1751710188563.2856,6.561428571428571,3.5142857142857147,5.0,1751710186271.0,1751710191271.0,1.0,0.0,0.0,20.733595846350326,1.203307167661845,10.2297839811258,25.433753787921702,0.8112189095681026,172,0.6933971945041556,0.12147450550596539,0.4764925848774807,0.16023070352861754,0.21044288829734267,0.2270433333770454,-0.18244502556730888,0.09260649158702262,0.916851200497461,0.14750566311732957,63.90454083020079,56.44436756230526,-19.764915529348116,167.26621828057156,221.24271637963938,453.27339564282244,18.00349618706291,20.733595846350326
43.0,0.3266666666666666,0.0071083333333333,0.3676923076923076,0.0291810650887573,0.40625,0.3846153846153846,,,,,1.0,0.0,1.0,5.0,,1751710188563.2856,6.561428571428571,3.5142857142857147,5.0,1751710186271.0,1751710191271.0,1.0,0.0,0.0,20.335476380563644,2.44865780848013,4.2213820337930095e-06,26.54716465098741,0.8193044947238944,227,0.6518040496757171,0.15214511447366688,0.47060310758561247,0.4427760648778826,0.18213510739915106,0.2573981514106289,-0.1747084615600174,0.22179262490704604,0.8859601929239138,0.18991812102515754,58.77709454931812,62.55462658783297,-0.021496476592276804,124.11822972396828,196.69401734692747,112.54186569991477,16.985970457584436,20.335476380563644
44.0,0.3191666666666666,0.0071256944444444,0.3776923076923076,0.0341828402366863,0.375,0.3846153846153846,,,,,1.0,0.0,1.0,5.0,,1751710188563.2856,6.561428571428571,3.5142857142857147,5.0,1751710186271.0,1751710191271.0,1.0,0.0,0.0,18.66620024681848,7.465908806482201,4.2213820337930095e-06,49.10614433705542,0.7549514213061522,280,0.625437459189696,0.6485117186120197,0.4900066030212538,2.042234449564976,0.18009689290768957,0.3437162415786233,-0.197807842447494,0.15172441961920669,0.8703752327444987,0.17285799086859877,195.3793188252114,3851.0030832072785,-96.63199281945417,1884.6874472204508,703.914156092316,13076.52704068787,15.178712648263383,18.66620024681848
45.0,0.3241666666666667,0.0081451388888888,0.3592307692307692,0.0340005917159763,0.375,0.3749999999999999,,,,,1.0,0.0,1.0,5.0,,1751710188563.2856,6.561428571428571,3.5142857142857147,5.0,1751710186271.0,1751710191271.0,1.0,0.0,0.0,22.057215782506482,1.4628751688676227,10.708014710856508,30.441319860690463,0.7584668579104885,267,0.5940686920518755,0.13984182483871102,0.45227195006176096,0.2888065287381484,0.11919805905006985,0.25454974484587783,-0.16767575934929904,0.09963254747961224,0.9331882474240026,0.1104306035638515,53.522877267147344,324.1922862592416,-23.270883729672406,222.8420216000472,319.79207397231465,1594.2564384441407,18.843050929920928,22.057215782506482
46.0,0.3216666666666666,0.0073638888888888,0.3546153846153846,0.0305497041420118,0.375,0.4134615384615384,,,,,1.0,0.0,1.0,5.0,,1751710188563.2856,6.561428571428571,3.5142857142857147,5.0,1751710186271.0,1751710191271.0,1.0,0.0,0.0,21.32463436390122,1.758645008578431,10.899147247114628,29.436275657275694,0.7985231372784517,226,0.5416483437362146,0.07381039386655601,0.44455290633373123,0.22340147614853537,-0.013949203835345186,0.23569445928416763,-0.1591169132666865,0.07915608740638802,0.952574459693406,0.0730304894676758,29.0619621628066,113.73292536411454,-9.454119896935714,265.182180632248,256.0654229565987,740.1483128169766,17.91706146910729,21.32463436390122
47.0,0.3216666666666667,0.0081277777777777,0.3715384615384616,0.0328171597633136,0.375,0.3846153846153846,,,,,1.0,0.0,1.0,5.0,,1751710188563.2856,6.561428571428571,3.5142857142857147,5.0,1751710186271.0,1751710191271.0,1.0,0.0,0.0,20.977742756144995,1.2993408515039144,12.719141648024122,25.73529534045193,0.7876630192883272,240,0.9537745288753711,5.138220050303092,0.42471572847330447,3.070469624198899,0.19440841372216272,0.3089651577078796,-0.21436124076858765,0.13229956687332092,0.8563669201236797,0.26475901920285594,46.82837126873041,104.11851597070184,-11.873257021754755,96.67703466107947,200.59442570791143,216.72365045626904,17.114515234791266,20.977742756144995
48.0,0.3283333333333333,0.0078916666666666,0.3507692307692307,0.0377301775147929,0.4166666666666667,0.3846153846153846,,,,,1.0,0.0,1.0,5.0,,1751710188563.2856,6.561428571428571,3.5142857142857147,5.0,1751710186271.0,1751710191271.0,1.0,0.0,0.0,14.880988920011596,10.184027668299835,9.566061386349716e-07,44.36086812563159,0.6247525944398632,457,0.6964320588150106,0.685931106061623,0.3748567183428147,0.6675798417248309,0.4673148903935826,0.2998661376982,-0.21496326003413924,0.2052991723094488,0.7100987158463753,0.3151913935124785,115.30929163896312,286.229563394373,20.92860967847282,117.2499375165696,287.9139535071744,552.675098135097,10.886179202258784,14.880988920011596
49.0,0.3141666666666666,0.0080701388888888,0.3607692307692307,0.0340171597633136,0.375,0.3846153846153846,,,,,1.0,0.0,1.0,5.0,,1751710188563.2856,6.561428571428571,3.5142857142857147,5.0,1751710186271.0,1751710191271.0,1.0,0.0,0.0,18.946844165644873,7.174199879628993,3.4089630521461544e-06,29.38479292344799,0.7664782778018807,222,0.7215313920199484,0.1399459542187702,0.4716247625037105,0.22998461860106287,0.31226899107936,0.21199367797204824,-0.18389160858066278,0.14733569164728522,0.8783137794083071,0.17513997901552114,90.88008282468411,134.6047922813021,-12.915158594660987,121.66927534141301,236.34819281187353,335.93754711173204,16.070405906638456,18.946844165644873
50.0,0.315,0.0066083333333333,0.3676923076923076,0.0421988165680473,0.375,0.3846153846153846,,,,,1.0,0.0,1.0,5.0,,1751710188563.2856,6.561428571428571,3.5142857142857147,5.0,1751710186271.0,1751710191271.0,1.0,0.0,0.0,20.94005555305661,1.7694514451771233,2.040232455049744e-06,25.73475518941159,0.7889874089458393,215,0.6858809611541766,0.8988037514460108,0.3778951281709848,2.3239896319973328,0.21457294281107137,0.2504748147868173,-0.1173678854439336,0.14265818415226547,0.9061765389562216,0.1898519127630684,75.97778024582301,183.44945762476627,6.06731501361123,93.95051312463359,237.25208957495704,558.882239981589,18.358023769535453,20.94005555305661
51.0,0.3041666666666666,0.0075173611111111,0.3961538461538461,0.0425591715976331,0.375,0.5192307692307692,,,,,1.0,0.0,1.0,5.0,,1751710188563.2856,6.561428571428571,3.5142857142857147,5.0,1751710186271.0,1751710191271.0,1.0,0.0,0.0,21.8881501081173,1.6703764334562232,4.297335506375289e-06,25.8779891148194,0.8123105682044727,155,0.7188685438127522,0.4819380585077624,0.4530833328063738,0.1876107227768556,0.2882045636066992,0.19761468951419556,-0.14508162939196806,0.08837761413024922,0.8971022367968972,0.21050492234265605,122.315923967505,1430.049465990468,-73.08980172473316,1874.303906649315,448.9760800157856,7290.803863627774,19.379659604053845,21.8881501081173
52.0,0.3033333333333333,0.0079194444444444,0.4084615384615385,0.0420053254437869,0.375,0.5384615384615384,,,,,1.0,0.0,1.0,5.0,,1751710188563.2856,6.561428571428571,3.5142857142857147,5.0,1751710186271.0,1751710191271.0,1.0,0.0,0.0,21.49364686257461,1.3223463157913304,10.173354784251528,28.75655548669216,0.8310567040553919,147,0.5751682660752683,0.16174564826622623,0.4732613815787959,0.5826200639035647,0.04004127900158524,0.22850520830211543,-0.16493779105461695,0.09660932168477745,0.9478405111393535,0.10632916535748181,32.284629278195254,262.17984948917626,-56.250358176741805,785.0514898130723,339.592291634123,2440.9096444800516,17.981081029920638,21.49364686257461
53.0,0.3058333333333333,0.0087923611111111,0.3515384615384615,0.0404147928994083,0.375,0.3846153846153846,,,,,1.0,0.0,1.0,5.0,,1751710188563.2856,6.561428571428571,3.5142857142857147,5.0,1751710186271.0,1751710191271.0,1.0,0.0,0.0,22.16841934238037,1.2275380239258797,14.301887018880125,26.770031237099957,0.865239700439396,105,0.5730429628810813,0.11438302174556869,0.5126416278606878,0.10732844888427136,-0.004810987144743192,0.23172959179658392,-0.18643581965578515,0.06746495177928764,0.9493828089642478,0.07546786871388901,27.84777135534649,47.91063491022661,-11.151912151821744,40.77576063904874,161.84768418541677,112.12612573563064,18.389830844653854,22.16841934238037
54.0,0.3108333333333333,0.0078618055555555,0.3476923076923077,0.0395834319526627,0.375,0.3749999999999999,,,,,1.0,0.0,1.0,5.0,,1751710188563.2856,6.561428571428571,3.5142857142857147,5.0,1751710186271.0,1751710191271.0,1.0,0.0,0.0,20.84985377865273,1.0885933118275775,13.75056356226319,25.84260127815991,0.8866853229729666,124,0.6781250085121121,0.1017777887815208,0.500236275670278,0.1205961573608316,0.20088052265277548,0.16615043386046804,-0.1612620720085904,0.07242123042203773,0.9468476760486612,0.06558936046822829,433.3170644148731,9245.240175963254,-454.38700225969376,10755.458846987021,1711.1274198148647,37068.90188576739,18.463989334606147,20.84985377865273
55.0,0.3075,0.0065201388888888,0.3576923076923076,0.0303106508875739,0.3645833333333333,0.3846153846153846,,,,,1.0,0.0,1.0,5.0,,1751710188563.2856,6.561428571428571,3.5142857142857147,5.0,1751710186271.0,1751710191271.0,1.0,0.0,0.0,20.287773581497788,2.2961884915085378,5.25449187556876e-06,29.99136754035001,0.8762322539074949,163,0.48717888515140223,0.18129636426601262,0.6015472642744664,1.1175814210400017,-0.0955251938092651,0.17514332659277218,-0.2297168466788462,0.15454076062711106,0.9356339182703183,0.09050415440804838,4.39422410626943,176.51590889091517,-91.15181646034085,680.9220872129703,358.1889200601482,1511.2037921307897,15.40895064236675,20.287773581497788
56.0,0.3033333333333333,0.0077111111111111,0.3676923076923077,0.0326721893491124,0.375,0.3846153846153846,,,,,1.0,0.0,1.0,5.0,,1751710188563.2856,6.561428571428571,3.5142857142857147,5.0,1751710186271.0,1751710191271.0,1.0,0.0,0.0,17.510684748917424,6.606458046997515,2.4406035764071423e-06,28.090036419516643,0.8369824952400066,235,0.5380475034140522,0.1612653310734627,0.46613948623632784,1.781818065245412,0.013782124550289227,0.24516228019094596,-0.23050453989249156,0.17424021304978535,0.9128526180989017,0.15171219268246047,22.36770086973966,51.67302450251168,-19.030245690829467,118.71064527827387,200.0938997158361,108.0273357785425,13.566663395115762,17.510684748917424
57.0,0.31,0.0075805555555555,0.3584615384615384,0.0387834319526627,0.375,0.3846153846153846,,,,,1.0,0.0,1.0,5.0,,1751710188563.2856,6.561428571428571,3.5142857142857147,5.0,1751710186271.0,1751710191271.0,1.0,0.0,0.0,18.72941610760824,6.451311081202599,1.63855338460532e-06,29.284052535050407,0.7635457183611798,292,0.569691348297694,0.986477616027181,0.4325961964140337,2.8928043034494832,0.07346077321400822,0.24291410657374515,-0.17515051137591597,0.25372389236558696,0.9063596040085791,0.13853035757878845,8.908284211404663,88.78656141303212,-18.94006793664622,244.99770287425196,230.68530056475439,296.1323561457177,14.740806740670632,18.72941610760824
58.0,0.2966666666666666,0.0080305555555555,0.3592307692307692,0.0393260355029585,0.375,0.3846153846153846,,,,,1.0,0.0,1.0,5.0,,1751710188563.2856,6.561428571428571,3.5142857142857147,5.0,1751710186271.0,1751710191271.0,1.0,0.0,0.0,17.165327072339352,8.256993340778942,2.284495099199186e-06,32.68306120386098,0.6404449464617595,413,0.5761175775190157,0.49625045194260964,0.4527988093577455,1.4315629033113932,0.22737396903761387,0.30857468593415394,-0.12915305831911328,0.2750362347253003,0.8435347878593226,0.22232055644541646,43.826547957079654,264.29632433059766,-0.22840788175182944,303.8995294170969,397.60520939444757,1142.42827880789,13.363928804055027,17.165327072339352
59.0,0.2983333333333333,0.0082194444444444,0.3546153846153846,0.0378869822485207,0.375,0.3749999999999999,,,,,1.0,0.0,1.0,5.0,,1751710188563.2856,6.561428571428571,3.5142857142857147,5.0,1751710186271.0,1751710191271.0,1.0,0.0,0.0,19.86025092753448,5.731491837078396,2.8944413492151067e-06,30.760023817159198,0.7327457142581577,330,0.6539170248852879,0.23393800115296823,0.463370974016887,0.6572133205366469,0.28066357597976144,0.2557616739801069,-0.10647095338407517,0.24866493344265617,0.8515659228138959,0.2401163507755919,59.201551739545,117.60324887895602,-35.67994692485817,211.41941001575464,273.3973871081905,437.48248527762354,16.251020244930476,19.86025092753448
60.0,0.3058333333333333,0.0071256944444444,0.4069230769230769,0.051780473372781,0.375,0.4807692307692308,,,,,1.0,0.0,1.0,5.0,,1751710188563.2856,6.561428571428571,3.5142857142857147,5.0,1751710186271.0,1751710191271.0,1.0,0.0,0.0,24.317640310034587,2.258297222457146,1.6345558536007942e-06,29.90264046230319,0.90671611623304,8,0.7433040390733253,0.11210143207768443,0.3669169471730014,0.07500266688714645,0.25064502025306057,0.19230931041440044,-0.04210660382718463,0.04691093948983016,0.9434083824817905,0.07898027729928665,61.44334928660278,36.941871465095836,10.745424298519842,23.836792470004625,130.56780335924296,26.409342142561954,22.39317209374123,24.317640310034587
61.0,0.3016666666666666,0.0090666666666666,0.3507692307692308,0.0432331360946745,0.375,0.4519230769230768,,,,,1.0,0.0,1.0,5.0,,1751710188563.2856,6.561428571428571,3.5142857142857147,5.0,1751710186271.0,1751710191271.0,1.0,0.0,0.0,20.0231556818667,8.429333576021678,3.997362074636934e-06,34.06136282162806,0.7304457639943532,264,0.6341135223415286,0.40696755798742934,0.3561137457277848,0.8770053151541846,0.19301068159146562,0.2753902395096493,-0.06918143121827147,0.20275581940153062,0.8850699837720695,0.24046384431727935,48.82837057518286,89.59324046475784,34.34933549278471,116.85956358765199,191.25126967212736,96.51485753820948,16.66432484837291,20.0231556818667
62.0,0.2941666666666666,0.0077368055555555,0.3561538461538461,0.0233615384615384,0.375,0.3846153846153846,,,,,1.0,0.0,1.0,5.0,,1751710188563.2856,6.561428571428571,3.5142857142857147,5.0,1751710186271.0,1751710191271.0,1.0,0.0,0.0,22.68040694952988,5.6149339437237415,7.804706417844481e-07,34.291405182413044,0.818406036457577,151,0.7654145497762203,0.608540898400374,0.3377062288699646,0.741125707223742,0.35318369518919535,0.18258391765678625,-0.006790783315216708,0.16562816215429219,0.8869211763983752,0.16701533310891029,68.54641978635607,92.3421229864765,32.75475451423114,109.11475137457691,169.92558341778292,75.60165686497066,20.25589881024798,22.68040694952988
63.0,0.3025,0.0059590277777777,0.3699999999999999,0.0219461538461538,0.375,0.4230769230769231,,,,,1.0,0.0,1.0,5.0,,1751710188563.2856,6.561428571428571,3.5142857142857147,5.0,1751710186271.0,1751710191271.0,1.0,0.0,0.0,24.133834851045577,5.473285843253204,2.225824760342888e-06,32.61128516188372,0.8369532212799693,85,0.7203727809011105,0.12142414572623551,0.33354733374580037,0.26645297526122824,0.25104008459311045,0.1553999395733308,-0.010089070615138179,0.1135315225376986,0.9415308545325911,0.11575932369787531,59.31466599605491,57.50801752699702,22.039652938259618,62.39314887761749,159.18984739984393,62.64115307587274,22.171070000238277,24.133834851045577
64.0,0.3,0.0082638888888888,0.3184615384615384,0.0100023668639053,0.375,0.3461538461538461,,,,,1.0,0.0,1.0,5.0,,1751710188563.2856,6.561428571428571,3.5142857142857147,5.0,1751710186271.0,1751710191271.0,1.0,0.0,0.0,19.649708278556542,8.773537120693687,0.0,35.61406822963375,0.7298023630580076,211,0.6700507047047732,0.19018192818744686,0.3827184945883558,0.5525787640675897,0.20759654485592405,0.2332580450009572,-0.11249713493725672,0.19489213025333746,0.90479541288311,0.18251367514753072,66.35324112480068,146.43719855275813,9.955929433447656,171.51354622343823,232.30413610772348,550.94315578247,16.534822503038875,19.649708278556542
65.0,0.295,0.0081833333333333,0.3607692307692307,0.0107627218934911,0.375,0.3846153846153846,,,,,1.0,0.0,1.0,5.0,,1751710188563.2856,6.561428571428571,3.5142857142857147,5.0,1751710186271.0,1751710191271.0,1.0,0.0,0.0,20.961445243550695,4.044920014713948,1.393423122746933e-06,32.89363759947738,0.8500723605081499,216,0.5565462194646832,0.12775373150569608,0.6341481520907943,0.32582764387831914,0.05099094919534157,0.22286192062476703,-0.26231349558956285,0.15858711905699452,0.911933352843697,0.1491280076611783,50.38452212145369,392.34981189666115,-302.24384022061065,3707.634892548284,684.5866571172131,6553.150454676042,16.402376340375763,20.961445243550695
66.0,0.305,0.0057944444444444,0.3646153846153846,0.011789349112426,0.3333333333333333,0.4134615384615384,,,,,1.0,0.0,1.0,5.0,,1751710188563.2856,6.561428571428571,3.5142857142857147,5.0,1751710186271.0,1751710191271.0,1.0,0.0,0.0,19.215815391345217,6.624384617984058,1.7670598170516197e-06,34.48007871686037,0.6836651238408781,433,0.5025258340211746,0.5449872459279151,0.39130301439949333,2.2854437954754134,0.06727430263409,0.32079310644638637,-0.1472436010667342,0.26408775593601,0.8679020097607796,0.21935183171627035,15.447389531630419,138.97103311102614,-18.41851007458359,282.0172371417648,249.85141224588423,481.8219104641478,14.379707628183098,19.215815391345217
67.0,0.3091666666666666,0.0083395833333333,0.353076923076923,0.0114609467455621,0.375,0.3846153846153846,,,,,1.0,0.0,1.0,5.0,,1751710188563.2856,6.561428571428571,3.5142857142857147,5.0,1751710186271.0,1751710191271.0,1.0,0.0,0.0,19.652961777925253,4.680882352988169,1.185266637250788e-06,31.51488645506115,0.8316783707686902,211,0.4980618392544657,0.18656686878668818,0.5285649939807281,1.3340992113802985,-0.07042021353935751,0.22190973040553108,-0.2082684187635724,0.2125343578197513,0.9077458756694385,0.18265264623316382,2.201926376611195,83.32414375989389,-137.4249716304855,2840.4182193266092,411.20425817295046,5706.214677858312,14.453172380183913,19.652961777925253
68.0,0.3125,0.00703125,0.3699999999999999,0.0149639053254437,0.375,0.4230769230769231,,,,,1.0,0.0,1.0,5.0,,1751710188563.2856,6.561428571428571,3.5142857142857147,5.0,1751710186271.0,1751710191271.0,1.0,0.0,0.0,17.74504628099452,7.768132723442589,8.884231703362269e-07,30.99197616213914,0.6346530582971668,460,0.5089230214548092,0.20925816603655575,0.3881282456925339,0.7040214854031497,0.09820848032987822,0.31426169662864967,-0.15077309112747547,0.2996725732603982,0.8605717107053418,0.1967595677345558,-8.239582346744202,121.87980553792775,19.464658862919602,207.6672388539774,257.81643444510263,279.6012932163948,13.22347296900343,17.74504628099452
69.0,0.3008333333333333,0.0064784722222222,0.37,0.0224195266272189,0.375,0.3846153846153846,,,,,1.0,0.0,1.0,5.0,,1751710188563.2856,6.561428571428571,3.5142857142857147,5.0,1751710186271.0,1751710191271.0,1.0,0.0,0.0,14.969727985091048,9.689663313357165,8.884231703362269e-07,31.40270442920982,0.3059474556798299,860,0.42501657394304393,0.26521824451987686,-0.014462309921847851,1.5872520514728865,0.3236206293581462,0.37464148598643876,0.4919651072009289,0.42213813049964605,0.530752130726787,0.23139771938732628,-63.28215875571051,175.73205804531378,179.6822156464977,292.35962372760633,293.33366481225744,208.4820105265325,9.733824157470925,14.969727985091048
70.0,0.2941666666666666,0.0067645833333333,0.3738461538461538,0.0195881656804733,0.375,0.3846153846153846,,,,,1.0,0.0,1.0,5.0,,1751710188563.2856,6.561428571428571,3.5142857142857147,5.0,1751710186271.0,1751710191271.0,1.0,0.0,0.0,17.9443074323547,8.544077305011614,7.482156531608184e-07,33.44314622504501,0.5863054097790816,555,0.589051656046605,1.7090125072135556,0.22158329877208574,3.120929581263639,0.13405429020854537,0.3463065457133533,0.022965793200711626,0.4264842065901486,0.7779207011361666,0.2737658332401621,16.083829564907976,123.02686189308737,52.47417631109723,211.35845315028192,230.13951043327606,109.6045518249149,12.93099911898755,17.9443074323547
71.0,0.2958333333333333,0.0059895833333333,0.3684615384615384,0.015685798816568,0.375,0.3846153846153846,,,,,1.0,0.0,1.0,5.0,,1751710188563.2856,6.561428571428571,3.5142857142857147,5.0,1751710186271.0,1751710191271.0,1.0,0.0,0.0,12.022650174077521,11.55796794932861,4.397889541688704e-06,32.73418372736396,0.18183762981400356,1053,0.5652189413849308,3.12985176178856,0.0741264077471267,5.029370390372515,0.3916460001764655,0.4350208213313584,0.22742665754244087,0.4779260757436863,0.570101940986551,0.23010564354941046,-61.09065988026229,195.5707404193468,135.3968161386291,236.60611855187415,277.8456852156605,106.54960168140124,6.464360285672478,12.022650174077521
72.0,0.3,0.0064583333333333,0.3738461538461539,0.0223100591715976,0.375,0.3846153846153846,,,,,1.0,0.0,1.0,5.0,,1751710188563.2856,6.561428571428571,3.5142857142857147,5.0,1751710186271.0,1751710191271.0,1.0,0.0,0.0,17.853257837976653,9.07225418141696,3.5062790394139125e-06,34.98784913520657,0.39661113237947454,824,0.6396151656365575,4.069319364709779,0.12004582146128201,4.340382397642522,0.24112438098863476,0.39868310405140434,-0.02296852722969619,0.40572110049470944,0.7106585342785534,0.33660330998471344,-4.501520557992515,256.4779176235385,50.134916951559916,320.9586345828796,337.79131573782905,722.7187481763729,11.5990023629051,17.853257837976653
73.0,0.2991666666666667,0.0084506944444444,0.3653846153846154,0.0271153846153846,0.375,0.3846153846153846,,,,,1.0,0.0,1.0,5.0,,1751710188563.2856,6.561428571428571,3.5142857142857147,5.0,1751710186271.0,1751710191271.0,1.0,0.0,0.0,18148887.43027455,451537824.5338042,0.0,11234130453.456648,0.26089161640009506,1011,0.4224826612102604,1.2262012274373555,-0.09507069247182935,5.125210666706793,0.3595109221052038,0.3929406258274616,0.1436281283171483,0.501141056427533,0.5708148154709511,0.34572770977154743,-68.45017988114579,256.7305015700532,96.64075580592036,253.55596535337173,296.5412935735186,579.0730113296319,10.210620846759856,18148887.43027455
74.0,0.295,0.0079055555555555,0.3638461538461538,0.0264621301775147,0.375,0.3846153846153846,,,,,1.0,0.0,1.0,5.0,,1751710188563.2856,6.561428571428571,3.5142857142857147,5.0,1751710186271.0,1751710191271.0,1.0,0.0,0.0,18.906407010137478,3.661097835290615,4.853596669981679e-06,36.27350967175423,0.8376097913814374,205,0.4848077077380266,0.4909842418593904,0.4530336545522013,2.8059919378128533,-0.03277429542280472,0.22517730272378866,-0.24230729398919765,0.19225394304614718,0.9085545783802661,0.16485728880394598,6.709961539339762,474.8114886262531,-166.3447765583553,2309.2898467172727,536.4986454230857,4612.854062128042,14.298317917527124,18.906407010137478
75.0,0.2933333333333333,0.0088166666666666,0.3753846153846153,0.0245301775147929,0.3333333333333333,0.4230769230769231,,,,,1.0,0.0,1.0,5.0,,1751710188563.2856,6.561428571428571,3.5142857142857147,5.0,1751710186271.0,1751710191271.0,1.0,0.0,0.0,18.1925572757175,6.476171245830358,0.0,31.07179895313197,0.620224986640022,464,0.47247270715706324,0.4223234072034314,0.3648705943856584,0.8528444140569099,0.08511382971037981,0.2836373273762206,-0.1059624602933688,0.3821400513968153,0.8349447430073372,0.2412667676050762,-19.799855961101347,181.2941749294645,40.41405080626251,220.66486371406495,271.16427582016183,481.47947852395464,12.922975476402765,18.1925572757175
76.0,0.2958333333333333,0.0071006944444444,0.4292307692307692,0.0367076923076923,0.375,0.5673076923076923,,,,,1.0,0.0,1.0,5.0,,1751710188563.2856,6.561428571428571,3.5142857142857147,5.0,1751710186271.0,1751710191271.0,1.0,0.0,0.0,19.055991054943327,3.085901493314448,2.2174551588853816e-06,26.588079371175105,0.9176514010608864,97,0.5948373424454724,0.2188790213047633,0.6276384325250879,0.5952318118467966,0.09451175981965329,0.2201099760908244,-0.20450343620338024,0.1830060853352291,0.906545392503347,0.21352043238635257,29.709882842727513,61.18994580670348,-41.272918964497315,152.5458437851324,196.68165383149002,311.31254202017243,15.28412576101054,19.055991054943327
77.0,0.2991666666666666,0.00650625,0.3738461538461539,0.0338485207100591,0.375,0.3846153846153846,,,,,1.0,0.0,1.0,5.0,,1751710188563.2856,6.561428571428571,3.5142857142857147,5.0,1751710186271.0,1751710191271.0,1.0,0.0,0.0,20.417771753886008,1.7686262950333853,1.74453744528387e-06,29.92050682715769,0.9660335720994331,43,0.5324469764812084,0.06236305328528373,0.7041256647489328,0.1666793513406674,-0.03385282641466382,0.09306887732961114,-0.3033769556507471,0.08270905252010353,0.9399548668625359,0.08841868297649955,21.40164945331571,159.9655539458537,-77.85447218576239,464.62434866450303,236.80048437592535,888.1030549832882,15.631687683259388,20.417771753886008
78.0,0.32,0.0031555555555555,0.3507692307692307,0.0327005917159763,0.375,0.3461538461538461,,,,,1.0,0.0,1.0,5.0,,1751710188563.2856,6.561428571428571,3.5142857142857147,5.0,1751710186271.0,1751710191271.0,1.0,0.0,0.0,21.221107162148947,1.0910694427501573,16.513289170720007,24.750098552762,0.9558543492568169,26,0.5258881161146751,0.03955001011977559,0.6718132821277102,0.1113646230314216,-0.04933276199694161,0.06139096296199327,-0.28103642851607386,0.07851790292880931,0.9526971698736316,0.032061565699635045,26.841909258110412,632.9021109869748,-83.12397063572196,1444.1354323711441,262.46080955101,3018.8245349058093,16.53878744076987,21.221107162148947
79.0,0.3241666666666666,0.0045340277777777,0.3576923076923076,0.0306656804733727,0.375,0.3846153846153846,,,,,1.0,0.0,1.0,5.0,,1751710188563.2856,6.561428571428571,3.5142857142857147,5.0,1751710186271.0,1751710191271.0,1.0,0.0,0.0,22.473251188293627,4.78065169544361,2.099048621761696e-06,29.93403537759515,0.8113945874898666,132,0.6795767962212453,2.828567388940748,0.286203705398046,2.8853877151585574,0.07745138504005268,0.21335027835271292,-0.03596588016826984,0.17230592357767752,0.9453288714278562,0.15472356380721042,30.17849171170174,152.4091217023375,25.27811757011639,320.1876596934992,236.0704350659731,1930.5401447430177,19.542236309138314,22.473251188293627
80.0,0.3166666666666666,0.0029861111111111,0.3638461538461538,0.034391124260355,0.3333333333333333,0.3461538461538461,,,,,1.0,0.0,1.0,5.0,,1751710188563.2856,6.561428571428571,3.5142857142857147,5.0,1751710186271.0,1751710191271.0,1.0,0.0,0.0,22.453972283180814,1.8188275583928,2.458140846465947e-06,25.418185006315387,0.9415280343878443,30,0.6500705015731345,0.22537945650872676,0.5385734481006546,0.7264685586311056,0.12356950818349904,0.08550913698682851,-0.14631479060112246,0.10182501364856135,0.9654617941658272,0.11641070742848948,37.64469080561938,66.2455743690201,-15.26269418017473,137.01428248311132,151.78913594703266,334.29963166800684,19.577316946588894,22.453972283180814
81.0,0.3199999999999999,0.0040583333333333,0.366153846153846,0.0390082840236686,0.375,0.3461538461538461,,,,,1.0,0.0,1.0,5.0,,1751710188563.2856,6.561428571428571,3.5142857142857147,5.0,1751710186271.0,1751710191271.0,1.0,0.0,0.0,21.097764290877357,1.073167635755458,12.022477904075611,27.57764200384835,0.9400008535735882,23,0.6311052558983629,0.11713164681455396,0.5400064365502275,0.6991978671062294,0.09043220707806233,0.13760715704089896,-0.14172939242326119,0.07747897679673917,0.969592574952976,0.08192758193789197,55.99364774603751,487.9087962232085,-44.50806329374731,689.2334089119128,241.45793466219942,2161.8343418718478,18.397765750139005,21.097764290877357
82.0,0.3091666666666667,0.00500625,0.3630769230769231,0.0408378698224852,0.3645833333333333,0.3749999999999999,,,,,1.0,0.0,1.0,5.0,,1751710188563.2856,6.561428571428571,3.5142857142857147,5.0,1751710186271.0,1751710191271.0,1.0,0.0,0.0,21.28118750233176,0.6639933006689231,14.63238213686718,23.852451428375176,0.949043839500776,25,0.6578927946661315,0.08823181175072362,0.5268832499523635,0.082748490480507,0.1229789589741609,0.10877737256735187,-0.15695065862253532,0.05533632205572802,0.9719534956314487,0.0258291870489643,36.6308924479348,27.685209593934104,-11.523732757657077,18.073759190276036,139.0310069845006,45.50131319807803,18.618460787567948,21.28118750233176
83.0,0.3116666666666667,0.0024472222222222,0.3661538461538461,0.0281207100591715,0.3333333333333333,0.3846153846153846,,,,,1.0,0.0,1.0,5.0,,1751710188563.2856,6.561428571428571,3.5142857142857147,5.0,1751710186271.0,1751710191271.0,1.0,0.0,0.0,20.306442158967887,1.5111614842517636,9.181883504071828e-07,23.346185508264483,0.9408395499395504,27,0.6460015059111444,0.07605567964798216,0.5445088713963653,0.12598488023265084,0.11627437768484672,0.10382589741564476,-0.15641723293621884,0.08171345129540111,0.9690270925833036,0.0745810231800343,35.68256629106082,36.556993566198045,-29.923476546488118,321.22200279686484,181.5124738801356,679.0908564395854,17.746220969581397,20.306442158967887
84.0,0.3033333333333333,0.0046555555555555,0.3592307692307691,0.0257165680473372,0.3333333333333333,0.3846153846153846,,,,,1.0,0.0,1.0,5.0,,1751710188563.2856,6.561428571428571,3.5142857142857147,5.0,1751710186271.0,1751710191271.0,1.0,0.0,0.0,21.19302744465023,3.2670600984675575,3.891605679004263e-06,29.879248550093443,0.8484285624203767,186,0.4376746903191226,0.2640451298485058,0.6033941503763189,0.4570120570475624,-0.1144951825411984,0.20995975769575959,-0.24959377071339617,0.12086664728529949,0.9257985061974352,0.09412209047002498,-12.546898939104826,1233.1412278644177,-677.1817410986853,12823.58458483897,1606.463413158555,27032.39016767074,15.804543973819527,21.19302744465023
85.0,0.3041666666666666,0.00390625,0.363076923076923,0.03338224852071,0.3333333333333333,0.3749999999999999,,,,,1.0,0.0,1.0,5.0,,1751710188563.2856,6.561428571428571,3.5142857142857147,5.0,1751710186271.0,1751710191271.0,1.0,0.0,0.0,19.676178313470526,8.241036205219883,1.553270044930736e-06,36.043672639211145,0.7123186243840096,321,0.45635424341844305,0.5460958994287842,0.3624536739172562,1.3538543405852494,-0.05882291474509377,0.31957975270707056,-0.1364255371929356,0.2490246054049387,0.8733552736570813,0.22636504276006683,-6.372038610012844,100.50493898026608,14.625350002823177,258.9169867645652,200.51170923860204,431.1198120702429,14.064219646014765,19.676178313470526
86.0,0.2925,0.0038534722222222,0.3661538461538461,0.0274698224852071,0.3333333333333333,0.3749999999999999,,,,,1.0,0.0,1.0,5.0,,1751710188563.2856,6.561428571428571,3.5142857142857147,5.0,1751710186271.0,1751710191271.0,1.0,0.0,0.0,22.098746257877895,1.7286503566580136,4.1661007459173615e-06,30.06417094073131,0.946824895441013,44,0.45666110028742246,0.058589199711784695,0.6236018041037221,0.19613333959346133,-0.15054648994855735,0.10965198744380858,-0.22505846729193357,0.11194680701854819,0.9446383288176087,0.09907373505065312,-14.728153238034624,149.50025882437768,-75.79964691155973,704.8894534334685,247.9248285287172,1441.9500264443755,16.6899179389684,22.098746257877895
87.0,0.3041666666666667,0.00328125,0.3553846153846153,0.0259502958579881,0.3333333333333333,0.3749999999999999,,,,,1.0,0.0,1.0,5.0,,1751710188563.2856,6.561428571428571,3.5142857142857147,5.0,1751710186271.0,1751710191271.0,1.0,0.0,0.0,20.512848209740298,1.3953893072620986,16.14172588307858,24.58183483797724,0.971017177051051,22,0.6115083975554331,0.11526111878720889,0.5465469193008058,0.060025365341339544,0.06463850351139452,0.1595890330293382,-0.15867988664774568,0.05244990692564807,0.9705976180617895,0.01966062365382546,27.686967427339084,34.803271655162646,-16.03467827606493,24.6981637272475,147.2502525157495,56.41241961824661,17.583759413911473,20.512848209740298
88.0,0.3016666666666667,0.0039277777777777,0.373076923076923,0.0314349112426035,0.3333333333333333,0.3461538461538461,,,,,1.0,0.0,1.0,5.0,,1751710188563.2856,6.561428571428571,3.5142857142857147,5.0,1751710186271.0,1751710191271.0,1.0,0.0,0.0,19.811524834420194,3.16645232650004,2.626048641560626e-06,26.4002813560312,0.904933492546177,112,0.4769676165194065,0.12089502693037507,0.4935769287962807,0.43036970555140835,-0.10886249724918877,0.20855559931232098,-0.17296178294434614,0.1880971580671831,0.9240443252532808,0.15996571818728997,-0.8769551008194012,55.09196416132972,-15.370196834029695,194.61777254360447,174.6135771705815,356.8398593703817,15.241708088810284,19.811524834420194
89.0,0.3225,0.0052645833333333,0.3669230769230768,0.0314325443786982,0.375,0.3846153846153846,,,,,1.0,0.0,1.0,5.0,,1751710188563.2856,6.561428571428571,3.5142857142857147,5.0,1751710186271.0,1751710191271.0,1.0,0.0,0.0,19.867932104781893,1.6671728454094294,4.839707702620873e-06,30.15650381343,0.9699776401092228,39,0.4920891507089137,0.06235064994289989,0.6791641957094994,0.13669421270342869,-0.1042363385974053,0.07485849379790054,-0.2937429514708777,0.07228976597360914,0.9421187968707804,0.06667047720037353,3.778442636311564,46.35948675387331,-68.0000975921502,329.70396384637155,219.62625796536764,607.5441660424415,14.817196976483649,19.867932104781893
90.0,0.2975,0.0059034722222222,0.3923076923076922,0.052603550295858,0.3333333333333333,0.5192307692307692,,,,,1.0,0.0,1.0,5.0,,1751710188563.2856,6.561428571428571,3.5142857142857147,5.0,1751710186271.0,1751710191271.0,1.0,0.0,0.0,20.27672898524661,2.0639986916133313,6.2901828275593365e-06,31.055376683570664,0.8795628788473658,139,0.6127406696396612,2.897980576785215,0.5016520812553971,3.197133848194701,-0.03561726925394191,0.19270234566507677,-0.22812884988664064,0.14233295187146114,0.9294633147864566,0.15957803907621898,12.570166259477073,78.5145235362586,-82.13559164038519,363.0114393281632,291.66789561843257,767.6756650951643,15.931131243223748,20.27672898524661
91.0,0.2733333333333333,0.0080666666666666,0.393076923076923,0.0384195266272189,0.3333333333333333,0.4615384615384615,,,,,1.0,0.0,1.0,5.0,,1751710188563.2856,6.561428571428571,3.5142857142857147,5.0,1751710186271.0,1751710191271.0,1.0,0.0,0.0,20.470269440487176,2.113858257452384,5.426171080065416e-06,26.19925134086217,0.9462569234507787,42,0.4985785766725759,0.0781333178875234,0.6245580038030706,0.1615977924185685,-0.09139838707006087,0.10910923729260716,-0.244583878100752,0.09118948272615593,0.9532079200848116,0.05494089282249307,1.652782588197156,35.035606341674814,-69.33868031635105,449.3948395717596,229.13196581212884,817.9721873801813,15.848365020835626,20.470269440487176
92.0,0.2516666666666666,0.0052055555555555,0.3653846153846154,0.0329142011834319,0.2916666666666667,0.3846153846153846,,,,,1.0,0.0,1.0,5.0,,1751710188563.2856,6.561428571428571,3.5142857142857147,5.0,1751710186271.0,1751710191271.0,1.0,0.0,0.0,19.206800530174405,3.2130530921207305,2.391090067041185e-06,31.569840044252683,0.9037924002803733,43,0.6613137092625696,0.12761278812836716,0.48708964379331543,0.11814567494997662,0.14357507816183449,0.20740257923389357,-0.11283535645919905,0.06453907174649548,0.9564942947399937,0.06807818131474005,48.25286699781605,56.26992893785334,-7.723392537452316,108.90835143653283,159.95186465784343,290.14770337175725,16.934280928839943,19.206800530174405
93.0,0.2575,0.0062284722222222,0.36,0.0382106508875739,0.3333333333333333,0.3846153846153846,,,,,1.0,0.0,1.0,5.0,,1751710188563.2856,6.561428571428571,3.5142857142857147,5.0,1751710186271.0,1751710191271.0,1.0,0.0,0.0,20.435517748079672,1.9953267254259186,3.960049441059278e-06,30.09330795963931,0.886354243660264,56,0.6657358333330096,0.117294462071179,0.46154631401113727,0.2297918929663645,0.14884544538088001,0.1552990538901794,-0.10188153316514895,0.10450179639889762,0.9602535834298767,0.10186914738529404,39.11519650865975,58.603988829837185,0.6070458317101114,58.55724754412232,148.5764892336619,55.52791412960034,17.924454838664555,20.435517748079672
94.0,0.2666666666666666,0.0042361111111111,0.356153846153846,0.0320005917159763,0.3333333333333333,0.4134615384615384,,,,,1.0,0.0,1.0,5.0,,1751710188563.2856,6.561428571428571,3.5142857142857147,5.0,1751710186271.0,1751710191271.0,1.0,0.0,0.0,17.205717514566196,7.699080337414114,3.571672359694691e-06,32.01214238849306,0.7590043661529565,196,0.6744638415424804,0.1670162509756893,0.4027440609699,0.5861515519145667,0.2137402364694576,0.22917946533621528,-0.05089876218764844,0.19139150686454182,0.8930644889976497,0.25522541640109814,55.33435343272096,81.62860518647446,11.981263975631432,120.73639767612943,171.22820053075546,126.92778604940894,14.553825060748913,17.205717514566196
95.0,0.2633333333333333,0.0037805555555555,0.3753846153846153,0.0326366863905325,0.2916666666666667,0.4230769230769231,,,,,1.0,0.0,1.0,5.0,,1751710188563.2856,6.561428571428571,3.5142857142857147,5.0,1751710186271.0,1751710191271.0,1.0,0.0,0.0,12.55182797204816,10.182989279773084,2.8344864151792056e-06,31.20475352020992,0.32023208871120007,876,0.4580053020901925,1.177811403046722,0.23209294973104289,4.6966673972488735,0.25817163272801097,0.43767612103277775,-0.11456482832477147,0.40438984342821555,0.6722206382026205,0.3374233264739625,-28.86628292796228,203.8453708362108,-71.08933709868376,2330.4028022328566,405.0774260061611,4283.978160865709,6.76786181408469,12.55182797204816
96.0,0.2641666666666666,0.0078895833333333,0.3699999999999999,0.0389284023668639,0.3333333333333333,0.3846153846153846,,,,,1.0,0.0,1.0,5.0,,1751710188563.2856,6.561428571428571,3.5142857142857147,5.0,1751710186271.0,1751710191271.0,1.0,0.0,0.0,13.20694204029537,9.332610297228651,1.445720603646037e-06,30.196053474270823,0.44494659524016344,708,0.6053206603307207,1.644249757500036,0.23264432606604268,3.7102409838500554,0.24355459595435205,0.4205651585364919,-0.012190684763489883,0.39536486331305254,0.6733408549199725,0.3931143857342416,6.3640673586508125,213.1199350566259,0.5212903455105051,970.0821882347836,356.582025726874,3095.206588650767,8.079893880537137,13.20694204029537
97.0,0.435,0.0419555555555555,0.4146153846153846,0.0594254437869822,0.625,0.5769230769230769,,,,,1.0,0.0,1.0,5.0,,1751710188563.2856,6.561428571428571,3.5142857142857147,5.0,1751710186271.0,1751710191271.0,1.0,0.0,0.0,16.19724370126947,8.656899197844531,3.218900744519863e-06,30.66783377255489,0.7163611574985772,266,0.7041446936802307,0.4302193677571037,0.43197849553981194,1.12072287154312,0.3038907149724821,0.24415977281523127,-0.11853878775935707,0.2562460224083884,0.827155819643399,0.2903904187153873,74.93852744025622,108.83432749406481,10.982703388697672,138.3255060165327,205.80370025884184,116.4424065004366,12.37867529403172,16.19724370126947
98.0,0.7158333333333334,0.0072701388888888,0.38,0.0493278106508875,0.7916666666666666,0.5096153846153846,,,,,1.0,0.0,1.0,5.0,,1751710188563.2856,6.561428571428571,3.5142857142857147,5.0,1751710186271.0,1751710191271.0,1.0,0.0,0.0,18.17385622826207,6.866583306825382,8.310556971939735e-07,30.924194958910437,0.772137709456645,200,0.6704455427781071,0.31521221469792865,0.3912892012136812,3.044839935335919,0.246854143575415,0.2219839782506127,-0.0905629753091036,0.20561507662710987,0.8763142183797414,0.26743392797496446,58.07626382814638,85.09254388879629,-9.987849806880226,302.60303441754684,210.29399288978672,544.4181472887764,14.95591636492547,18.17385622826207
99.0,0.7375,0.0077256944444444,0.3546153846153845,0.0441591715976331,0.7916666666666666,0.3749999999999999,,,,,1.0,0.0,1.0,5.0,,1751710188563.2856,6.561428571428571,3.5142857142857147,5.0,1751710186271.0,1751710191271.0,1.0,0.0,0.0,18.60472917481354,3.2521729832060013,5.251754127574136e-06,30.081744382557755,0.917712038128157,95,0.5769927974249057,0.11844894457576191,0.6446192210762615,0.1943650986492388,0.038048062531031226,0.14889813510332306,-0.263663273012217,0.11058503645663731,0.941138916351844,0.09449131525576429,54.557231315532164,424.81262743100683,-187.13754738689303,3297.958348395369,492.71651091809025,5863.501605303923,14.582173215735256,18.60472917481354
100.0,0.7441666666666668,0.0084034722222222,0.3653846153846154,0.0456952662721893,0.8229166666666667,0.4134615384615384,,,,,1.0,0.0,1.0,5.0,,1751710188563.2856,6.561428571428571,3.5142857142857147,5.0,1751710186271.0,1751710191271.0,1.0,0.0,0.0,19.70247452823262,3.294239053613823,0.0,29.56561287635733,0.8714774186801441,155,0.5784606705514854,2.8308034065959107,0.5387758153729691,2.8800152408984814,-0.05393718338672947,0.19856011106352045,-0.22549285563286584,0.17144625361337526,0.9111417987656526,0.21759030455682854,5.276764404860892,80.74262768455704,-71.77291858503516,363.89986633534113,273.6342207000515,739.7863515797603,14.889034965296979,19.70247452823262
101.0,0.7341666666666665,0.0074923611111111,0.3607692307692308,0.0397568047337278,0.7916666666666666,0.3846153846153846,,,,,1.0,0.0,1.0,5.0,,1751710188563.2856,6.561428571428571,3.5142857142857147,5.0,1751710186271.0,1751710191271.0,1.0,0.0,0.0,23.262292607614388,3.6302889623898666,1.961275771893616e-06,29.211720945736364,0.896303280848985,41,0.7927045562437824,0.1903660309120573,0.4350046708670902,0.1542914663164908,0.37926907780732166,0.29302938355323144,-0.04056443507710346,0.1322066558918402,0.8584466309843514,0.11970978079094834,111.2526254823311,276.9583364910889,3.5211318911961356,53.54131698981561,177.78292484556235,417.9972653749964,20.526569708114533,23.262292607614388
102.0,0.7266666666666667,0.0083444444444444,0.3707692307692307,0.0332994082840236,0.7916666666666666,0.3846153846153846,,,,,1.0,0.0,1.0,5.0,,1751710188563.2856,6.561428571428571,3.5142857142857147,5.0,1751710186271.0,1751710191271.0,1.0,0.0,0.0,20.703559263514947,4.630804465205361,1.961275771893616e-06,32.40332122795546,0.8686515265806577,102,0.6493023949724033,0.23492898951207836,0.4938817136599011,0.3290000842726455,0.16311873622027245,0.305991577935705,-0.10633988384118206,0.14417785363167518,0.911025831071504,0.13345482755504512,19.964663157304322,483.19543279451045,-238.787963036679,5446.4285265718445,700.2281093327748,12896.541776296108,17.441334820976227,20.703559263514947
103.0,0.7133333333333334,0.0081694444444444,0.3676923076923076,0.0424355029585798,0.7916666666666666,0.3749999999999999,,,,,1.0,0.0,1.0,5.0,,1751710188563.2856,6.561428571428571,3.5142857142857147,5.0,1751710186271.0,1751710191271.0,1.0,0.0,0.0,15.851895527220254,8.719708977958105,2.2274726521277937e-06,39.19929203887981,0.5929803402407627,510,0.47055352852863824,0.4164446567856596,0.47771310398095035,0.873236066752463,0.04556670290624096,0.36747830651439684,-0.17140673420012115,0.29203044043581516,0.8122712043416466,0.29792242102553596,-29.789823313878717,137.7065826325862,16.599789846558522,171.17855224236285,221.9581465040292,138.06484669498403,10.325609777508658,15.851895527220254
104.0,0.7008333333333333,0.0077562499999999,0.4353846153846153,0.0637538461538461,0.75,0.6057692307692308,,,,,1.0,0.0,1.0,5.0,,1751710188563.2856,6.561428571428571,3.5142857142857147,5.0,1751710186271.0,1751710191271.0,1.0,0.0,0.0,21.02879026626611,1.9832663774839343,5.65512621357844e-06,25.882249989631543,0.947819860706623,38,0.4991534408646909,0.07325153284108461,0.6245965065797878,0.19417813039891693,-0.09786427405796658,0.10865518194189767,-0.238217044077076,0.09659732145710231,0.9501380785839161,0.0990014448365438,3.287198599206108,33.128422655491825,-45.79344166975962,233.28487424844786,187.26262867460832,484.90606017537186,16.266902101916916,21.02879026626611
105.0,0.6983333333333333,0.0076777777777777,0.3261538461538461,0.0466414201183432,0.75,0.3749999999999999,,,,,1.0,0.0,1.0,5.0,,1751710188563.2856,6.561428571428571,3.5142857142857147,5.0,1751710186271.0,1751710191271.0,1.0,0.0,0.0,17.761555429158733,7.416340710528295,1.1802843702907098e-06,30.743187793089795,0.7244312156877164,309,0.5940505981072104,0.7221680294336991,0.3596600743251529,2.006420984803189,0.13213052416108806,0.28127835769212006,-0.1574047833278364,0.23791699398986088,0.8784635679625439,0.22476960390589681,23.639637750476265,121.9038629294589,-22.28774646796216,653.4982731340915,267.21999345911775,1207.341363015657,13.648372833950656,17.761555429158733
106.0,0.7,0.0081944444444444,0.3661538461538461,0.0437420118343195,0.75,0.3846153846153846,,,,,1.0,0.0,1.0,5.0,,1751710188563.2856,6.561428571428571,3.5142857142857147,5.0,1751710186271.0,1751710191271.0,1.0,0.0,0.0,22.075046908188536,2.5297261174892633,5.670087241436183e-06,33.583119573518545,0.849175028219785,142,0.5326665677809274,2.8648528827313764,0.3998247171172546,2.9474509550224437,-0.14253734457370254,0.26882279704611306,-0.19320087617571247,0.18834762236232294,0.907111395604142,0.10894254140040162,78.73749356243445,2467.810204521801,-254.0449457471805,5676.148657089323,725.0058189851707,12721.390930286958,16.06178590292368,22.075046908188536
107.0,0.7025,0.0077090277777777,0.3892307692307692,0.0547124260355029,0.78125,0.5192307692307692,,,,,1.0,0.0,1.0,5.0,,1751710188563.2856,6.561428571428571,3.5142857142857147,5.0,1751710186271.0,1751710191271.0,1.0,0.0,0.0,23.128221335294413,2.0359756652113883,2.075511065118332e-06,26.873014241473957,0.8596598984650792,82,0.4156150109280084,0.21512848943934054,0.3671475316618815,0.47625583354627987,-0.1935929004962623,0.25660767470816404,-0.03250864429867606,0.20212193573977053,0.9183262588063118,0.10742569152479368,-1.6925124651765322,423.04150633553473,-79.35821495740525,1676.0698228636377,344.6663078766981,3095.917629976827,17.761656590416028,23.128221335294413
108.0,0.6991666666666667,0.0062701388888888,0.3661538461538461,0.043091124260355,0.75,0.3846153846153846,,,,,1.0,0.0,1.0,5.0,,1751710188563.2856,6.561428571428571,3.5142857142857147,5.0,1751710186271.0,1751710191271.0,1.0,0.0,0.0,23.017833844708136,5.226557924941576,3.5956680028104847e-06,33.47584333119736,0.6833230164480785,331,0.44531938023003986,0.20539311406239952,0.36780640901232026,0.46982837985909603,-0.012281394543010369,0.2755186543674352,-0.11707825627505604,0.20884755853284284,0.9190668923122911,0.14857409852874162,-28.94319497521559,112.45357570059993,11.2459129519548,194.90638627893634,263.0576521045817,297.39775327278886,18.136592705165995,23.017833844708136
109.0,0.6866666666666668,0.0064749999999999,0.3523076923076922,0.0260568047337278,0.75,0.3846153846153846,,,,,1.0,0.0,1.0,5.0,,1751710188563.2856,6.561428571428571,3.5142857142857147,5.0,1751710186271.0,1751710191271.0,1.0,0.0,0.0,19.340385048338888,7.84582385189352,3.0893244392156885e-06,32.504196007897264,0.6925012361244801,376,0.5007591141598294,0.20634482180808017,0.4289349460880342,0.5789246604900075,0.03775582248092298,0.31701776354481626,-0.1563863517576224,0.24726582543815015,0.867595762536454,0.2448896798437083,21.170050565722867,373.06870400548405,-21.43031878178621,473.06372831471265,305.96842682438074,1177.1106884212102,14.276032475462692,19.340385048338888
110.0,0.6925,0.0088118055555555,0.3138461538461538,0.0133349112426035,0.75,0.3461538461538461,,,,,1.0,0.0,1.0,5.0,,1751710188563.2856,6.561428571428571,3.5142857142857147,5.0,1751710186271.0,1751710191271.0,1.0,0.0,0.0,21.36169511086624,2.1810985838798604,2.4185958252251558e-06,31.46328656324409,0.8684262618883525,161,0.4950911678246375,0.2952286645245784,0.6150081726043437,0.5600573389399789,-0.02735956198550756,0.24113107323693794,-0.21565039435947195,0.14072547762578608,0.9292499582234599,0.10663989200494019,32.628063648613505,841.873322137103,-159.8429397091042,2337.362538277044,505.81117085347853,5884.054456464674,16.526651523879245,21.36169511086624
111.0,0.6866666666666669,0.0080027777777777,0.3415384615384615,0.0090319526627218,0.75,0.3846153846153846,,,,,1.0,0.0,1.0,5.0,,1751710188563.2856,6.561428571428571,3.5142857142857147,5.0,1751710186271.0,1751710191271.0,1.0,0.0,0.0,20.557010780805648,3.583360379990911,3.120409569325215e-06,28.70605708861008,0.7945311540306182,276,0.5197062101764679,0.16132794117652605,0.5901445921256447,0.2937553737716371,0.04756828676449922,0.2799225077446374,-0.20377800188684844,0.1624083759681736,0.8950244759122429,0.22484380952708352,16.588738729026897,174.65734236562855,-98.66736492454747,1103.291822977606,358.8483400743027,1959.8198242627261,16.149660535114876,20.557010780805648
112.0,0.675,0.0083333333333333,0.3507692307692307,0.0064284023668639,0.75,0.3846153846153846,,,,,1.0,0.0,1.0,5.0,,1751710188563.2856,6.561428571428571,3.5142857142857147,5.0,1751710186271.0,1751710191271.0,1.0,0.0,0.0,21.42067181393878,2.2520503993985246,2.289534558618381e-06,31.460718977623813,0.677170597609607,421,0.47928974801025653,0.18346736101613634,0.47776823946159147,0.33404197129683244,0.05809621849484392,0.24934662652925058,-0.18575068581562776,0.20851969173093862,0.9208057658110496,0.09327268986837783,5.00365133686591,403.982230487535,-55.97041901044521,1160.8653342660027,409.0488320389188,2355.8741499063176,16.911980284623773,21.42067181393878
113.0,0.6683333333333331,0.0093722222222222,0.3476923076923077,0.0033112426035502,0.75,0.3846153846153846,,,,,1.0,0.0,1.0,5.0,,1751710188563.2856,6.561428571428571,3.5142857142857147,5.0,1751710186271.0,1751710191271.0,1.0,0.0,0.0,21.682467448027865,1.593751638102508,10.50677880433611,29.938844167454704,0.873381799818883,168,0.6378417401170854,2.845352547593164,0.42760607972995024,3.143990957177439,0.03546661041687695,0.20608313452116592,-0.22169677721679418,0.08000775121668345,0.947314916865859,0.05797746437794751,38.535924978809966,185.70839968582868,-57.64451086601642,476.02156974856234,284.9211593250372,1177.472058160521,17.848227294443788,21.682467448027865
114.0,0.6758333333333334,0.0079368055555555,0.3961538461538461,0.0057544378698224,0.75,0.4230769230769231,,,,,1.0,0.0,1.0,5.0,,1751710188563.2856,6.561428571428571,3.5142857142857147,5.0,1751710186271.0,1751710191271.0,1.0,0.0,0.0,20.557219721693727,1.5521022393821509,11.54473635164226,28.783254775874216,0.8779070568505867,171,0.5764665390738382,0.5385732137361284,0.549517528248289,1.3015432522476857,0.028613157819070294,0.21678300480849677,-0.18098376501145544,0.1439140097469966,0.9437598776602192,0.09002429424136764,24.193952949311953,57.99068764581457,-16.948667522088797,109.671228188969,194.03377968919867,211.36484409330595,16.979725802893054,20.557219721693727
115.0,0.6766666666666667,0.0074,0.4230769230769231,0.0156213017751479,0.75,0.5,,,,,1.0,0.0,1.0,5.0,,1751710188563.2856,6.561428571428571,3.5142857142857147,5.0,1751710186271.0,1751710191271.0,1.0,0.0,0.0,20.591869649620133,1.4225146837995049,13.770542365381695,32.69612257240131,0.8210273513373516,218,0.5399320425128556,0.2050554855117527,0.41008745092856413,0.626509417461127,0.04907469482873852,0.19414820170092095,-0.12796873141687126,0.1804134194141451,0.953637034904463,0.04019608757553251,8.660820757839074,116.89357849466978,14.874584019319009,163.46148810213523,225.80158853961095,346.85196939148227,17.125018030207183,20.591869649620133
116.0,0.6608333333333334,0.0081256944444444,0.3676923076923076,0.0161041420118343,0.7395833333333334,0.3846153846153846,,,,,1.0,0.0,1.0,5.0,,1751710188563.2856,6.561428571428571,3.5142857142857147,5.0,1751710186271.0,1751710191271.0,1.0,0.0,0.0,19.85720171206807,1.2016225406784418,11.484103440085464,25.911267474818796,0.8756212225269477,120,0.5263211535353011,0.17619244790049696,0.4938474071222982,0.17565829574773623,-0.0029467163833460357,0.27411451391627156,-0.1467454340908054,0.0884947992660202,0.944200772296749,0.06360782977173003,81.28673434707869,882.7855607831732,-97.4942874358127,1149.7080800572874,504.15610831499095,4262.46594623917,16.406368082695558,19.85720171206807
117.0,0.665,0.0098583333333333,0.36,0.0131810650887573,0.75,0.3846153846153846,,,,,1.0,0.0,1.0,5.0,,1751710188563.2856,6.561428571428571,3.5142857142857147,5.0,1751710186271.0,1751710191271.0,1.0,0.0,0.0,20.23911747135605,1.4113950981680166,16.01008460119769,27.504940521384132,0.914934125606163,102,0.6120918956895672,0.10274730402468438,0.5940161305540059,0.15133612899255067,0.08919638205319327,0.17892098701205267,-0.20672479562333507,0.11095899708827468,0.9498336213600738,0.05329295349345949,34.6111544780764,42.011820934136686,-30.779132290406434,65.67812929472234,188.05186840582846,132.68977532734533,17.059231388140773,20.23911747135605
118.0,0.6791666666666666,0.0089756944444444,0.3499999999999999,0.0116124260355029,0.75,0.3846153846153846,,,,,1.0,0.0,1.0,5.0,,1751710188563.2856,6.561428571428571,3.5142857142857147,5.0,1751710186271.0,1751710191271.0,1.0,0.0,0.0,20.517255577788617,1.4347725051695004,15.36944627947766,28.17891544994119,0.8973274474096373,140,0.5179711338753611,0.09701850650004135,0.6421944750153389,0.14364779708121259,-0.035193702438622895,0.18789582466638313,-0.2537943141846258,0.09112691766635007,0.9424420212465935,0.05083196969494539,11.175715984796232,64.41621131345804,-53.70307659600433,152.39357267221914,223.02424786244958,290.56197538885203,16.152197201708137,20.517255577788617
119.0,0.6824999999999999,0.00763125,0.3646153846153845,0.0130319526627218,0.75,0.4134615384615384,,,,,1.0,0.0,1.0,5.0,,1751710188563.2856,6.561428571428571,3.5142857142857147,5.0,1751710186271.0,1751710191271.0,1.0,0.0,0.0,21.147266616620332,1.2302792271710985,12.17933812783074,26.741645423321817,0.8178107876061272,232,0.505517270539926,0.10793203851325905,0.5230514793485175,0.27106316209731435,0.0018548631974410076,0.17564688072296408,-0.19106004878365943,0.16749911501119893,0.9502162216187731,0.04159030507521995,2.8094956493281136,147.05593462293132,-37.08278133976696,282.726343441275,294.72490368552036,636.0728216573863,17.114835346197832,21.147266616620332
120.0,0.67,0.0072111111111111,0.363076923076923,0.0124355029585798,0.75,0.3846153846153846,,,,,1.0,0.0,1.0,5.0,,1751710188563.2856,6.561428571428571,3.5142857142857147,5.0,1751710186271.0,1751710191271.0,1.0,0.0,0.0,21.699968594779865,1.5841407446099676,12.806970228068778,31.54069085743472,0.8709780763568951,167,0.588936818957175,0.16226952136399225,0.5677721483593237,0.22394184868372705,0.08143923324026815,0.2147045235468417,-0.21106340536801296,0.0927251593478885,0.9422052567957758,0.08016482495282957,187.82084658388428,4758.200851199631,-219.83404449180037,5372.161413458046,851.1387818755343,18121.082976024227,17.891898505456037,21.699968594779865
121.0,0.6641666666666667,0.0089868055555555,0.4007692307692306,0.0263958579881656,0.7083333333333334,0.4615384615384615,,,,,1.0,0.0,1.0,5.0,,1751710188563.2856,6.561428571428571,3.5142857142857147,5.0,1751710186271.0,1751710191271.0,1.0,0.0,0.0,19.796943489750664,1.2190976970179344,13.7538706035586,28.187512148890622,0.848184049981036,189,0.5784388123322459,0.11583504108832351,0.4535628302445477,0.2588775020532452,0.06061298930345685,0.21384501240032938,-0.1332785915976453,0.0857032375905523,0.9600337748205056,0.062241188889782216,36.75028703677648,160.97074896708318,-23.578705721043086,500.3028058609122,256.4570835282762,1069.3983256650838,17.047077428911493,19.796943489750664
122.0,0.6699999999999998,0.0101277777777777,0.3999999999999999,0.0205917159763313,0.7395833333333334,0.4615384615384615,,,,,1.0,0.0,1.0,5.0,,1751710188563.2856,6.561428571428571,3.5142857142857147,5.0,1751710186271.0,1751710191271.0,1.0,0.0,0.0,20.75153286132921,2.136159132444862,11.112140501839342,39.79881265302192,0.6712025693753251,395,0.4948854799491152,0.1869329046304488,0.3542309482857106,0.4112590230586529,0.11493008536788248,0.29015281607533294,-0.08047567645056324,0.2389788591789825,0.9100266490110652,0.10499701175625888,-18.767729718210397,137.5495542891037,15.90252904262483,355.0947504717968,314.0221523407976,666.8371559870967,17.303340979398765,20.75153286132921
123.0,0.6658333333333334,0.0089923611111111,0.3599999999999999,0.018684023668639,0.7395833333333334,0.3461538461538461,,,,,1.0,0.0,1.0,5.0,,1751710188563.2856,6.561428571428571,3.5142857142857147,5.0,1751710186271.0,1751710191271.0,1.0,0.0,0.0,23.268895807332424,2.0493911057164937,10.55183623325092,30.293384974233604,0.6240713623706607,488,0.47673279291776277,0.15474291266197557,0.3073074181049171,0.6920100751779956,0.053806393270967395,0.23451723123243065,-0.11794206522180511,0.2289376257977728,0.9336068991686496,0.06543036351619406,-21.230598813709744,193.8758436690787,27.20528131330004,737.7686304073135,408.26299450863434,1634.2008430780675,18.779302580952212,23.268895807332424
124.0,0.6633333333333333,0.0075583333333333,0.3761538461538462,0.0161710059171597,0.7083333333333334,0.4134615384615384,,,,,1.0,0.0,1.0,5.0,,1751710188563.2856,6.561428571428571,3.5142857142857147,5.0,1751710186271.0,1751710191271.0,1.0,0.0,0.0,22.24566477714343,1.8721694832172002,11.759987454054704,27.61322863251938,0.8140882407802976,230,0.5659558292161033,0.12203754958792484,0.4523258957611562,0.4398715176722497,0.08446919181605718,0.19454950289664744,-0.174592001559769,0.14993986505522905,0.9470267951044047,0.0724659469763719,18.9544903438212,94.79650050467822,-0.21227901398143717,125.09691417706165,206.0572420244419,220.14842152019716,18.86477589527522,22.24566477714343
125.0,0.6533333333333333,0.008225,0.3723076923076923,0.0204402366863905,0.7083333333333334,0.4134615384615384,,,,,1.0,0.0,1.0,5.0,,1751710188563.2856,6.561428571428571,3.5142857142857147,5.0,1751710186271.0,1751710191271.0,1.0,0.0,0.0,20.212999970641267,1.3807187876339488,10.643350051104507,27.507617302062947,0.8625228353954666,146,0.46861470969228924,0.09270865167213571,0.4937393483589746,0.19022696442703568,-0.0985969459686802,0.19542911459292947,-0.1578457425619355,0.0996620583525701,0.956188582963453,0.05464627092493895,-19.84435167878773,180.99963554709967,-6.227324182161247,145.00030549464984,257.91154572842015,660.7812205029167,16.346714656423984,20.212999970641267
126.0,0.6658333333333333,0.0087145833333333,0.38,0.0262508875739644,0.75,0.3846153846153846,,,,,1.0,0.0,1.0,5.0,,1751710188563.2856,6.561428571428571,3.5142857142857147,5.0,1751710186271.0,1751710191271.0,1.0,0.0,0.0,21.39533485290202,2.150346175126618,11.097399690450809,28.295274926333477,0.8391167338114786,113,0.6530548072409496,0.12067474650328867,0.4169856902058356,0.16687432842464817,0.13194565923345697,0.2233555804789449,-0.08092104073669683,0.09395713364791483,0.95465394651588,0.07757162731384079,43.94770906042532,46.79766830615318,-3.377499959308073,80.2131655916735,171.87706964888775,200.87493769303018,19.223647065591297,21.39533485290202
127.0,0.6591666666666666,0.0084506944444444,0.4046153846153845,0.043978698224852,0.7083333333333334,0.5192307692307692,,,,,1.0,0.0,1.0,5.0,,1751710188563.2856,6.561428571428571,3.5142857142857147,5.0,1751710186271.0,1751710191271.0,1.0,0.0,0.0,23.441092970432596,1.4726614189907785,11.962245829692275,29.609493395725814,0.8276324621897228,101,0.6486370051041763,0.07906252694731174,0.39180101022121283,0.1565861546541573,0.12041776240123715,0.14123897666797416,-0.06584522021369212,0.0937689842376478,0.9733494967172428,0.07100888309928406,35.221131989244846,47.14200213644764,4.760548367940906,88.4785712991824,163.56471073965602,272.11653374500554,21.320986980181214,23.441092970432596
128.0,0.6525,0.0078201388888888,0.403076923076923,0.0320260355029585,0.7083333333333334,0.4615384615384615,,,,,1.0,0.0,1.0,5.0,,1751710188563.2856,6.561428571428571,3.5142857142857147,5.0,1751710186271.0,1751710191271.0,1.0,0.0,0.0,22.079735691960707,1.3680835028114562,11.679878474107744,28.934110397960303,0.825171469816045,151,0.613903731956937,0.12929980775163863,0.4841610034658153,0.39609172009222376,0.0871641421165302,0.1435300007198432,-0.15290309550267525,0.06043611693863961,0.9700134612653735,0.06219400416695872,58.48322980052321,707.9067841957402,-94.91961620876673,1685.835838896255,476.0754144720426,5719.759470838151,19.230777533100365,22.079735691960707
129.0,0.6491666666666667,0.0091729166666666,0.3476923076923076,0.0311810650887574,0.7083333333333334,0.3749999999999999,,,,,1.0,0.0,1.0,5.0,,1751710188563.2856,6.561428571428571,3.5142857142857147,5.0,1751710186271.0,1751710191271.0,1.0,0.0,0.0,22.043308604172207,1.3001244473508118,11.610647268808474,27.921416814151502,0.8085826671186777,194,0.579973894629106,0.1253312365310167,0.4372204154034007,0.2325243148939956,0.08119629862503364,0.17360895076333452,-0.13341864169451337,0.09979061741095334,0.966054194047138,0.04781331006507265,312.85611087066604,4684.836917370865,-226.30959340511393,3768.371258166722,1572.7448319798957,21736.021453553607,19.08127657481658,22.043308604172207
130.0,0.6408333333333333,0.0096451388888888,0.3638461538461539,0.0292431952662722,0.7083333333333334,0.3846153846153846,,,,,1.0,0.0,1.0,5.0,,1751710188563.2856,6.561428571428571,3.5142857142857147,5.0,1751710186271.0,1751710191271.0,1.0,0.0,0.0,22.849594666961593,1.9371981420942177,10.535646742437676,29.063298051611124,0.7683351736569186,228,0.567423582674323,0.09317705015718081,0.4132030379910834,0.39739936605405546,0.031159518138893012,0.18726000791834052,-0.1616395909133847,0.07502290630115904,0.9634134018718711,0.06389583196716765,22.180710510668526,49.225753765539245,9.318200622186474,89.97602772132323,208.20259349492108,300.6266745462152,19.3721697715084,22.849594666961593
131.0,0.665,0.0073583333333333,0.363076923076923,0.0249798816568047,0.7083333333333334,0.4134615384615384,,,,,1.0,0.0,1.0,5.0,,1751710188563.2856,6.561428571428571,3.5142857142857147,5.0,1751710186271.0,1751710191271.0,1.0,0.0,0.0,24.326961205808743,1.5775815487961165,11.380233992687698,32.76678402106645,0.823742004092196,195,0.4642474062867734,0.06479473571390235,0.4055775329504211,0.2213093391741674,-0.13381996664686097,0.18870276910656494,-0.14743917118466823,0.05444640903206236,0.9590825237975332,0.04447403908753323,-4.648352395459563,78.71489021434253,5.777873836542824,198.0555809971617,196.7708658571728,600.993859258175,19.368850609593018,24.326961205808743
132.0,0.655,0.0065999999999999,0.3653846153846153,0.0262869822485207,0.7083333333333334,0.3846153846153846,,,,,1.0,0.0,1.0,5.0,,1751710188563.2856,6.561428571428571,3.5142857142857147,5.0,1751710186271.0,1751710191271.0,1.0,0.0,0.0,23.081788097743754,2.0503358520802433,19.01267201352704,28.55184968135226,0.9177501057815275,73,0.5698664478497134,0.12597139436877725,0.43153790079355614,0.1762715613262742,-0.014083221302582837,0.2049371060012415,-0.11595560065064234,0.042343098794544856,0.9701886329158087,0.036543951565742805,40.718681365797686,574.3103993866074,-56.38052240561225,1497.2808534203677,328.9589768373474,4743.7249699403355,19.486357868172508,23.081788097743754
133.0,0.6533333333333333,0.0085027777777777,0.35,0.0317899408284023,0.7083333333333334,0.3846153846153846,,,,,1.0,0.0,1.0,5.0,,1751710188563.2856,6.561428571428571,3.5142857142857147,5.0,1751710186271.0,1751710191271.0,1.0,0.0,0.0,21.18606333373133,1.5026451875995657,13.808914643635164,28.341783035994997,0.7806464581619897,255,0.5018070225078247,0.14708186902784298,0.3965605073101276,0.2239659822098005,0.007822516617110852,0.23792457710910703,-0.11152646081366714,0.10928301348806507,0.9574083756528912,0.04883798974843633,-10.071756877873955,72.97582455181346,16.483543593016776,95.02399537418992,221.19771222259376,211.49403041938297,17.855743652401245,21.18606333373133
134.0,0.6574999999999999,0.0089784722222222,0.3423076923076922,0.0389497041420118,0.7395833333333334,0.3749999999999999,,,,,1.0,0.0,1.0,5.0,,1751710188563.2856,6.561428571428571,3.5142857142857147,5.0,1751710186271.0,1751710191271.0,1.0,0.0,0.0,21.249530622261805,1.4821894350454714,14.04353565218194,28.33579166091577,0.9356167938272516,41,0.6317893431304998,0.09939436933187362,0.5053840407493747,0.08579630515022545,0.08409755267808863,0.15722430084078237,-0.1367685952125167,0.028778278297287574,0.9736887859689357,0.02502087739341067,37.120037528492425,48.13040877288343,-26.245784351281987,236.34411967073888,199.12445281919418,685.6346054168007,18.566362157015398,21.249530622261805
135.0,0.6566666666666667,0.0090666666666666,0.3692307692307691,0.0329585798816568,0.7083333333333334,0.3846153846153846,,,,,1.0,0.0,1.0,5.0,,1751710188563.2856,6.561428571428571,3.5142857142857147,5.0,1751710186271.0,1751710191271.0,1.0,0.0,0.0,21.636172764448716,1.8664336224874158,11.605584359532438,27.469428986595023,0.787414657037787,242,0.49929373698767254,0.12529825798777677,0.4434829052649179,0.22641449052681858,-0.0273317192418561,0.24575561510790478,-0.12440026165678349,0.11913091956055724,0.9513211407415298,0.06520322512670204,-6.93922640634887,76.16703935230021,-77.5924523108076,1338.3796430224586,473.1717308832766,3760.815368984159,17.922549086115954,21.636172764448716
136.0,0.6341666666666667,0.00738125,0.4353846153846154,0.0444047337278106,0.7083333333333334,0.6153846153846154,,,,,1.0,0.0,1.0,5.0,,1751710188563.2856,6.561428571428571,3.5142857142857147,5.0,1751710186271.0,1751710191271.0,1.0,0.0,0.0,22.476963563972124,2.2884687318500374,10.25785729629014,31.407398464605244,0.7648481782397811,281,0.5016260919288418,0.12704027251551003,0.4535275592250482,0.24220459338315958,-0.009092586812703125,0.22532512165572208,-0.13987025446870086,0.1238385538623914,0.9547693973898824,0.05221896815163497,-0.845823370422513,130.96262706211155,-12.829559620021726,351.5934383991546,261.8977525562359,925.6668975000232,18.610169268261227,22.476963563972124
137.0,0.6399999999999999,0.0069972222222222,0.3669230769230768,0.0349236686390532,0.7083333333333334,0.4134615384615384,,,,,1.0,0.0,1.0,5.0,,1751710188563.2856,6.561428571428571,3.5142857142857147,5.0,1751710186271.0,1751710191271.0,1.0,0.0,0.0,23.295127011516204,1.1803708112356128,10.519328906229974,26.372793439975997,0.8078068700342077,105,0.5542505671221745,0.15328370150070192,0.5015995399361333,0.15516130239885323,-0.021608909872805546,0.16343968185186913,-0.17628144494356382,0.0711403381513916,0.966080100726696,0.05834353529238565,89.18097829544682,1897.3264765445883,-109.97270255345799,2533.6478535030383,498.49816413816035,8440.93034626858,19.45945166441232,23.295127011516204
138.0,0.6375,0.0103645833333333,0.3653846153846155,0.0346301775147929,0.7083333333333334,0.3846153846153846,,,,,1.0,0.0,1.0,5.0,,1751710188563.2856,6.561428571428571,3.5142857142857147,5.0,1751710186271.0,1751710191271.0,1.0,0.0,0.0,25.003516210522335,1.6128018886342046,21.74365856686576,30.646337575971494,0.8953479304553931,35,0.578287232453984,0.10313343274942145,0.4917552692737263,0.08976234481694194,-0.015009114326855777,0.15275760081458126,-0.1348780476206066,0.03519280757840971,0.9782002102662833,0.012405133070982828,15.787615130449575,28.23662179775805,-2.383690222228155,24.529259814360426,121.13490364989256,46.05085626698116,21.196528275327246,25.003516210522335
139.0,0.6375,0.00765625,0.3646153846153846,0.031375147928994,0.7083333333333334,0.4134615384615384,,,,,1.0,0.0,1.0,5.0,,1751710188563.2856,6.561428571428571,3.5142857142857147,5.0,1751710186271.0,1751710191271.0,1.0,0.0,0.0,23.07805786005726,1.256058432803096,11.332977665679127,29.057675985137852,0.9261957203222324,58,0.6661667261333408,0.07727377846685406,0.45897316253660203,0.1208623820225588,0.12289612127851797,0.1408266956634515,-0.12263729682784315,0.09413653077391271,0.9685221535364809,0.056160045984196966,39.405814632498725,26.34552643314992,-2.0167897214011736,30.27644044097191,137.78963912159446,70.36932219624089,20.481237929108683,23.07805786005726
140.0,0.6333333333333333,0.0073611111111111,0.3807692307692307,0.0330325443786982,0.7083333333333334,0.4230769230769231,,,,,1.0,0.0,1.0,5.0,,1751710188563.2856,6.561428571428571,3.5142857142857147,5.0,1751710186271.0,1751710191271.0,1.0,0.0,0.0,22.39473676360433,1.1735768150181956,14.85441171420038,25.864748834019405,0.940340769370751,48,0.6005604964264275,0.11930985153116976,0.5522720304318466,0.10258878119537107,0.03766777241348622,0.17105078973027776,-0.1840963817201029,0.05422957544138689,0.9652782794469356,0.027486727508099464,19.4098682683972,61.49336616702773,-77.96861029344308,849.7141951966204,311.7464534449436,2419.5981467481106,18.788614095412342,22.39473676360433
141.0,0.6333333333333333,0.0082638888888888,0.373076923076923,0.0414349112426035,0.7083333333333334,0.3846153846153846,,,,,1.0,0.0,1.0,5.0,,1751710188563.2856,6.561428571428571,3.5142857142857147,5.0,1751710186271.0,1751710191271.0,1.0,0.0,0.0,21.816776584622524,1.4991324311099679,10.937829406999771,29.941312475073754,0.8927411414485422,85,0.6373034609261534,0.08215546351383334,0.5212848288180411,0.1464434721292202,0.10277132056961971,0.16865697178780756,-0.1603497098967652,0.08677653315134516,0.9607400124799493,0.0690176308084331,44.431188583562474,110.18017544975966,-17.363469877372133,177.07311174756776,183.1340565037355,597.7034355822896,18.88071292416615,21.816776584622524
142.0,0.6283333333333334,0.0080444444444444,0.3707692307692307,0.0424710059171597,0.7083333333333334,0.4134615384615384,,,,,1.0,0.0,1.0,5.0,,1751710188563.2856,6.561428571428571,3.5142857142857147,5.0,1751710186271.0,1751710191271.0,1.0,0.0,0.0,22.07285047404078,0.9622474418636293,16.218660952961372,31.231632099503155,0.9193894955189509,85,0.6445366808783352,0.09577447206446071,0.5469192159550332,0.14648086473264513,0.12282787220823183,0.10403534671640324,-0.19070524081725657,0.11449705117278823,0.9605644232144892,0.0441534431606213,33.8316854228319,50.595404752447564,-20.176237139412535,61.81892173240155,164.38036820805453,132.6845137926203,18.78780841316182,22.07285047404078
143.0,0.6358333333333334,0.0092923611111111,0.3576923076923076,0.0345118343195266,0.7083333333333334,0.3846153846153846,,,,,1.0,0.0,1.0,5.0,,1751710188563.2856,6.561428571428571,3.5142857142857147,5.0,1751710186271.0,1751710191271.0,1.0,0.0,0.0,22.883363025035504,2.1094040154967715,11.903436739090536,30.565129976024764,0.8811461154157281,95,0.5403296160620804,0.10267657671030486,0.4878331556774461,0.13018381983102922,-0.043064284056942084,0.16685032492082402,-0.1549940408051758,0.059087261225575324,0.9703168798611831,0.03612121389561066,5.891375892300902,68.06764532014878,-16.31806612320101,178.4318850046575,172.29024046952912,468.18807744436634,19.000526056208713,22.883363025035504
144.0,0.6466666666666667,0.0096694444444444,0.3630769230769231,0.0329680473372781,0.7083333333333334,0.3846153846153846,,,,,1.0,0.0,1.0,5.0,,1751710188563.2856,6.561428571428571,3.5142857142857147,5.0,1751710186271.0,1751710191271.0,1.0,0.0,0.0,23.85157879012078,1.8220570549842776,13.259561160168392,29.11215434800771,0.8473532186467794,96,0.6092405702334679,0.10803377067967579,0.4747256333604753,0.13997630899586336,0.060061595406268035,0.15815592896908193,-0.1333148954437089,0.09053903930421409,0.9709098250426941,0.0526652792651764,23.395005685795386,70.06311868112424,-35.3693087852756,576.7227891891343,228.31305480626273,1598.2043981184709,20.596563653787612,23.85157879012078
145.0,0.6358333333333335,0.0066534722222222,0.3692307692307691,0.0374556213017751,0.7083333333333334,0.3846153846153846,,,,,1.0,0.0,1.0,5.0,,1751710188563.2856,6.561428571428571,3.5142857142857147,5.0,1751710186271.0,1751710191271.0,1.0,0.0,0.0,22.97570840042734,1.3142489717897168,14.364096890989964,29.26593187550728,0.9182517611220744,65,0.5785341856181917,0.10914141425912313,0.5510429421701593,0.12132998058723402,0.006328929103452682,0.18010259961513786,-0.18222787593936143,0.08082247555357396,0.9621242071043676,0.04620534075575839,19.46920146194513,46.3750977843175,-38.18641954588078,340.3241545116052,212.63035594098355,916.7033716190947,19.124241887201187,22.97570840042734
146.0,0.6333333333333334,0.0081944444444444,0.3638461538461538,0.0381189349112426,0.7083333333333334,0.3846153846153846,,,,,1.0,0.0,1.0,5.0,,1751710188563.2856,6.561428571428571,3.5142857142857147,5.0,1751710186271.0,1751710191271.0,1.0,0.0,0.0,23.829512926654786,1.9352013665079835,12.927369284168185,29.908073897854543,0.7792580069660179,144,0.5563530305850496,0.12181257732199674,0.45424250534973454,0.17333879769146565,0.012570027355200956,0.1892660709783225,-0.13076896884800132,0.05585493964047869,0.9699993010818755,0.05420434879120003,13.951251876512755,106.26009034922325,-6.1180778736927035,140.29649626988174,190.034013043061,446.0565632796332,20.417272366465063,23.829512926654786
147.0,0.6808333333333334,0.0046951388888888,0.41,0.0438230769230769,0.75,0.5288461538461539,,,,,1.0,0.0,1.0,5.0,,1751710188563.2856,6.561428571428571,3.5142857142857147,5.0,1751710186271.0,1751710191271.0,1.0,0.0,0.0,27.493682903018165,2.427378283312121,11.414204711809669,29.71693613228851,0.7658962909298096,177,0.5367546322393933,0.294775730462039,0.4351137086624985,0.6709601408496843,-0.009555692712628761,0.22813937604091614,-0.1588093721989784,0.14297374594315262,0.9415990739242921,0.12517076179609637,6.764388229149461,76.70236678199907,-13.902291077382582,189.43218318625222,240.81137827780995,1083.5725917852615,22.78634303139186,27.493682903018165
148.0,0.6483333333333333,0.0068166666666666,0.4007692307692307,0.0475792899408284,0.7083333333333334,0.4807692307692308,,,,,1.0,0.0,1.0,5.0,,1751710188563.2856,6.561428571428571,3.5142857142857147,5.0,1751710186271.0,1751710191271.0,1.0,0.0,0.0,25.1170887334443,4.649486532354011,0.0,35.15326067071983,0.7981062468442426,113,0.6094978040834506,0.88667427970859,0.3737722115671599,2.917834343439271,-0.011105370163503894,0.15407305987344225,-0.13727428513178647,0.14510252032975224,0.9558850661565478,0.15026636390348574,21.696442707715416,31.295833074318377,0.6267099045248365,69.68649867671891,127.99969123164317,74.85322338852619,20.85675678086308,25.1170887334443
149.0,0.6458333333333335,0.0056423611111111,0.346153846153846,0.0380473372781065,0.7083333333333334,0.3749999999999999,,,,,1.0,0.0,1.0,5.0,,1751710188563.2856,6.561428571428571,3.5142857142857147,5.0,1751710186271.0,1751710191271.0,1.0,0.0,0.0,25.87211187285068,1.101639437705594,15.7647214871292,28.34534890156768,0.8395645853371132,49,0.6092393292731652,0.045272547377016456,0.5004225882995832,0.1213766284153314,0.03340181174668634,0.10834894109691241,-0.15423397184009993,0.05311864741482784,0.9794180850185974,0.03589532218285299,29.176492584736394,38.530863634558735,-12.191085483523715,76.9960596372749,160.65911093271313,235.3336759370114,22.32048678561921,25.87211187285068
150.0,0.6558333333333334,0.0072090277777777,0.3623076923076923,0.0366325443786982,0.7083333333333334,0.3461538461538461,,,,,1.0,0.0,1.0,5.0,,1751710188563.2856,6.561428571428571,3.5142857142857147,5.0,1751710186271.0,1751710191271.0,1.0,0.0,0.0,23.799207424534416,1.7212661633339694,13.11084214296128,28.856969761614312,0.9095838914407284,70,0.6545148889270705,0.11641299669303674,0.44374458866314265,1.4804784020954918,0.11408883189432724,0.1203934376915568,-0.1309462596847779,0.05674373572361713,0.974983619068947,0.03931144760526359,47.8692152937265,220.13245247916998,-24.29762407796593,436.7676244140092,206.66308752178097,1296.838715635175,21.05695284518741,23.799207424534416
151.0,0.64,0.0060944444444444,0.3538461538461538,0.0328994082840236,0.7083333333333334,0.3749999999999999,,,,,1.0,0.0,1.0,5.0,,1751710188563.2856,6.561428571428571,3.5142857142857147,5.0,1751710186271.0,1751710191271.0,1.0,0.0,0.0,22.324869664082343,1.632036621281949,10.463418271249044,30.018798381433424,0.8380026766249609,174,0.5763824092036565,0.1462254504878953,0.5416904370335719,0.23079726010680626,0.07570530458277422,0.18753317470966777,-0.2209743975375473,0.0978853286878212,0.9460045099330177,0.0762168168571373,19.0548021904398,154.84151374545723,-34.79314735006282,357.1204870474633,229.6486326160982,749.4459871655423,18.596588779055782,22.324869664082343
152.0,0.6308333333333334,0.0071534722222222,0.3592307692307692,0.031692899408284,0.7083333333333334,0.3846153846153846,,,,,1.0,0.0,1.0,5.0,,1751710188563.2856,6.561428571428571,3.5142857142857147,5.0,1751710186271.0,1751710191271.0,1.0,0.0,0.0,22.53979589512903,1.5839987296797426,14.257995027804547,27.42036499994447,0.8396896438900157,171,0.5668883367254197,0.12574689229574754,0.4604713900256229,0.17840525274475053,0.037381166035163914,0.19847874193828904,-0.12511859269161707,0.0893082392946306,0.9660255072403406,0.04916331036116557,14.184497637389875,60.98047364855677,-2.346804906347248,137.48421811903313,193.31196858253944,349.62958150532813,19.329279106029,22.53979589512903
153.0,0.6349999999999999,0.0064277777777777,0.356153846153846,0.0227106508875739,0.7083333333333334,0.3749999999999999,,,,,1.0,0.0,1.0,5.0,,1751710188563.2856,6.561428571428571,3.5142857142857147,5.0,1751710186271.0,1751710191271.0,1.0,0.0,0.0,22.324613082635377,1.655258450005774,12.795133729623725,27.074807028826264,0.8784217163109651,80,0.6166794583564388,0.08559476423760323,0.545397433035159,0.11364108550458464,0.06508832837762712,0.15113946699081712,-0.18850394292862402,0.07530253261411272,0.9637915367248677,0.05337032386559564,63.509496918260425,629.7811592493181,-59.52087640185456,762.3105757841374,273.1139138250332,2205.3144178042553,18.922646136586728,22.324613082635377
154.0,0.6325,0.0074090277777777,0.3776923076923077,0.0207508875739644,0.7083333333333334,0.4519230769230768,,,,,1.0,0.0,1.0,5.0,,1751710188563.2856,6.561428571428571,3.5142857142857147,5.0,1751710186271.0,1751710191271.0,1.0,0.0,0.0,23.245182237224125,1.9922286534517393,10.41978892132205,27.11626803214457,0.8847641519080722,97,0.5774888972206021,0.09073933178026929,0.5342087403275144,0.11375424375708684,0.009800984467223973,0.149142160823171,-0.17871331904168317,0.05295146655114358,0.9705237451282036,0.032001513580516804,24.648685278530433,60.18449002035041,-37.88950224864504,163.50117274444995,227.65826024105445,478.22935867322724,19.41130947776813,23.245182237224125
155.0,0.6458333333333335,0.0106423611111111,0.3946153846153846,0.0351958579881656,0.7083333333333334,0.5288461538461539,,,,,1.0,0.0,1.0,5.0,,1751710188563.2856,6.561428571428571,3.5142857142857147,5.0,1751710186271.0,1751710191271.0,1.0,0.0,0.0,23.14917745705129,1.5774804111180547,13.423604368458612,31.541769966093344,0.8525391823620203,121,0.6376685670668191,0.09679277295012612,0.5167091758684633,0.1508051316783125,0.10878967768130433,0.18021534010162024,-0.14303911312863307,0.0887473710306456,0.9578929674115695,0.09917020713603042,41.238601638545944,79.38527984382772,-26.2280697779774,139.71122848283662,192.63859194502578,409.63889173176784,20.12690886108986,23.14917745705129
156.0,0.6475,0.0088340277777777,0.3407692307692307,0.0269828402366863,0.7395833333333334,0.3461538461538461,,,,,1.0,0.0,1.0,5.0,,1751710188563.2856,6.561428571428571,3.5142857142857147,5.0,1751710186271.0,1751710191271.0,1.0,0.0,0.0,21.68373936916849,1.6242349439548331,10.11168840953536,29.73103834202711,0.867690118524189,115,0.627736216445726,0.10220807724433294,0.4902949077202944,0.15953658357214273,0.10937534740508804,0.16971413304419455,-0.15678715409512234,0.06485789413235019,0.9621879102709104,0.06835117291121648,33.552792689461626,49.5959857798169,-4.386180484292742,50.69052394545093,168.55759294331662,95.84967663818102,18.939663575242776,21.68373936916849
157.0,0.6383333333333333,0.0080166666666666,0.3653846153846152,0.0242159763313609,0.7083333333333334,0.3846153846153846,,,,,1.0,0.0,1.0,5.0,,1751710188563.2856,6.561428571428571,3.5142857142857147,5.0,1751710186271.0,1751710191271.0,1.0,0.0,0.0,21.191053925455158,1.4943949288355869,13.489910060313644,24.87064375886063,0.9209234252728162,39,0.6357119695171173,0.08342490798710732,0.49856119890754574,0.09468150108485615,0.08030228653108092,0.12954300924239912,-0.14827082808159342,0.04022386043222658,0.9761201568230321,0.019308509102516396,32.13612772045716,22.683080454195995,-5.504101406219136,31.809991380270652,141.50910403363855,70.71377732287206,18.44658042320846,21.191053925455158
158.0,0.6375,0.0091145833333333,0.3561538461538461,0.0311130177514792,0.7083333333333334,0.3846153846153846,,,,,1.0,0.0,1.0,5.0,,1751710188563.2856,6.561428571428571,3.5142857142857147,5.0,1751710186271.0,1751710191271.0,1.0,0.0,0.0,21.709461263615502,1.5765620597904215,14.486982587903686,29.379906438243463,0.874011319948101,121,0.53930076522758,0.09288026201631448,0.5462169776453624,0.15159822655678326,-0.03374984814183097,0.1665121845933957,-0.20505999893654983,0.05943937617521674,0.9615065763945075,0.03293583565650453,8.113763722201407,46.493959265746106,-41.929581588092915,314.4549613727564,227.75023124248347,614.7708215527458,17.665707964815034,21.709461263615502
159.0,0.6241666666666668,0.0094784722222222,0.3346153846153845,0.0318491124260355,0.7083333333333334,0.3461538461538461,,,,,1.0,0.0,1.0,5.0,,1751710188563.2856,6.561428571428571,3.5142857142857147,5.0,1751710186271.0,1751710191271.0,1.0,0.0,0.0,23.53275394613171,2.1472989932192568,12.858661747289794,28.88156231124273,0.8354857871569452,157,0.5051704560431869,0.07659106730631965,0.5597637907567178,0.32429933545849887,-0.06577436951119035,0.17137151306306778,-0.24255303866464173,0.07992956185269967,0.9480118702288062,0.04890555936974749,57.94723027782574,405.4994833445622,-191.60406051852576,1281.7604947853415,603.860378541742,3056.0282783456914,18.501097096336164,23.53275394613171
160.0,0.6175,0.0076868055555555,0.4023076923076922,0.0438585798816568,0.6979166666666667,0.5,,,,,1.0,0.0,1.0,5.0,,1751710188563.2856,6.561428571428571,3.5142857142857147,5.0,1751710186271.0,1751710191271.0,1.0,0.0,0.0,25.751166645854774,3.7418490904981807,16.131398888584737,32.74514421321531,0.8248423143671189,180,0.5115367086742907,0.08899746009266654,0.4792182123300009,0.269941883151595,-0.07079896744119717,0.1881384577457906,-0.17625791758142234,0.06838574656813923,0.9603497250538605,0.04016580131733217,2.2710876104958517,71.68489537273732,-34.004978836961286,671.5238381434716,243.968337309748,1420.9279374531025,22.438212091901732,25.751166645854774
161.0,0.62,0.0081,0.3776923076923076,0.0438869822485207,0.6979166666666667,0.4134615384615384,,,,,1.0,0.0,1.0,5.0,,1751710188563.2856,6.561428571428571,3.5142857142857147,5.0,1751710186271.0,1751710191271.0,1.0,0.0,0.0,26.658287743189597,3.4884004236433133,12.98989905364417,32.38864538311269,0.8746549115856843,138,0.4956607540379445,0.07133448022663674,0.5606676602410928,0.1608980974643004,-0.09651454675886183,0.14812645716621878,-0.2267583007492156,0.055042202583382945,0.9556814876154087,0.03145983566794872,-2.3565229054707673,218.74431550934588,-122.97282716778365,2084.9491779347113,393.46470592411515,4488.431189697802,22.699543495856055,26.658287743189597
162.0,0.6283333333333334,0.0099194444444444,0.3376923076923077,0.0395437869822485,0.7083333333333334,0.3461538461538461,,,,,1.0,0.0,1.0,5.0,,1751710188563.2856,6.561428571428571,3.5142857142857147,5.0,1751710186271.0,1751710191271.0,1.0,0.0,0.0,27.061278776770624,4.2253580548223875,12.892834357735152,33.290999712402616,0.9072428643437674,97,0.5607301497413947,0.08602519387576754,0.5150996203953351,0.1396208575512222,-0.032860093451484516,0.16001239725901498,-0.15667405044282898,0.06866905431342461,0.9710436862717091,0.0339815729969486,12.893034836544635,37.32077330560746,-12.205268386284935,57.56354330885404,146.73141135068042,121.68845969347541,24.292828864271023,27.061278776770624
163.0,0.6158333333333333,0.0075895833333333,0.3546153846153845,0.0330940828402366,0.6666666666666666,0.3846153846153846,,,,,1.0,0.0,1.0,5.0,,1751710188563.2856,6.561428571428571,3.5142857142857147,5.0,1751710186271.0,1751710191271.0,1.0,0.0,0.0,24.09700320693956,4.2627224581324565,11.37557477023888,33.51469028957871,0.8939934140461131,115,0.5556204489130283,0.0890429879243282,0.5714638345242771,0.13072230638923815,-0.030501880859683844,0.1579828656854199,-0.20831781595965704,0.05856326801795723,0.9619599689286245,0.0440913369642715,19.134650749165232,111.42601806111531,-91.93421609245095,1266.6593138213784,301.5711564207925,2591.597595413682,20.651195346823044,24.09700320693956
164.0,0.6100000000000001,0.0082472222222222,0.353076923076923,0.0321118343195266,0.7083333333333334,0.3846153846153846,,,,,1.0,0.0,1.0,5.0,,1751710188563.2856,6.561428571428571,3.5142857142857147,5.0,1751710186271.0,1751710191271.0,1.0,0.0,0.0,25.479645380490982,3.7577011849973503,11.039746816866996,29.990128215688625,0.8947618279036507,67,0.5159975304413515,0.05575067365056695,0.5448455804233968,0.13886719795589958,-0.09305769743369235,0.1279835330337392,-0.1927978926745276,0.05736290399734159,0.9661813240281977,0.03177718625682006,8.40852551835071,118.09586155598984,-227.6960719728273,5415.020344205771,699.8585369437437,13502.528865396729,22.30872500487288,25.479645380490982
165.0,0.6391666666666667,0.0053201388888888,0.3615384615384615,0.0327218934911242,0.6666666666666666,0.3846153846153846,,,,,1.0,0.0,1.0,5.0,,1751710188563.2856,6.561428571428571,3.5142857142857147,5.0,1751710186271.0,1751710191271.0,1.0,0.0,0.0,26.835978710804028,3.7611980394769615,12.52872657367497,33.011896022419286,0.8000130422666466,182,0.5173913876623837,0.0881702943564919,0.4983526735101909,0.16089864916863691,-0.042323314843704773,0.16949127742957454,-0.1821375016012187,0.06506982685101434,0.964432513439981,0.04442970994232728,2.027170049585477,71.2632902131052,-22.944167992356103,246.18249087811853,231.84217745803988,745.5631010531877,22.74135298816007,26.835978710804028
166.0,0.6425,0.00750625,0.4115384615384615,0.0471153846153846,0.7083333333333334,0.5769230769230769,,,,,1.0,0.0,1.0,5.0,,1751710188563.2856,6.561428571428571,3.5142857142857147,5.0,1751710186271.0,1751710191271.0,1.0,0.0,0.0,23.77811676623988,4.3809478055250874,13.90392496506889,33.203298680436234,0.8751376097262794,128,0.5331970497316698,0.18620694060741375,0.578410532007836,0.24323029126266257,-0.02670061861753357,0.1760021837176986,-0.23397454453743644,0.07606100334318885,0.9518944957254818,0.041363303120814814,17.324520265536147,283.3111292916693,-61.4233608092254,593.8687210814037,279.46160751480676,1388.7304238487077,20.629079452106563,23.77811676623988
167.0,0.655,0.0096555555555555,0.3446153846153846,0.0350863905325443,0.7083333333333334,0.3846153846153846,,,,,1.0,0.0,1.0,5.0,,1751710188563.2856,6.561428571428571,3.5142857142857147,5.0,1751710186271.0,1751710191271.0,1.0,0.0,0.0,22.83873368289889,3.424653608369064,12.257768115413336,30.425742978671583,0.9065058424133353,124,0.5084483421788212,0.07329712439225017,0.5692153339252247,0.32416930001401634,-0.07704486023496131,0.1563194029459871,-0.23831188044510804,0.06821159903609166,0.952092380371936,0.041586580766840214,2.038256045751878,44.054284263855514,-25.461767034176145,199.43167975764604,194.23778455332322,420.9887826317208,19.90381095368129,22.83873368289889
168.0,0.6516666666666666,0.0074138888888888,0.3484615384615385,0.0264147928994082,0.7083333333333334,0.3846153846153846,,,,,1.0,0.0,1.0,5.0,,1751710188563.2856,6.561428571428571,3.5142857142857147,5.0,1751710186271.0,1751710191271.0,1.0,0.0,0.0,23.348085805194742,2.488132512336579,11.655374350132682,28.97834585081192,0.7769775553084137,302,0.5066632207993896,0.10423026831836785,0.4139963910801427,0.2996612863875685,0.003808680827195494,0.2254423473978175,-0.14694604793146013,0.14197921354401336,0.9511042031787297,0.05367504898905095,-3.090159414933005,55.25383557920422,22.237106203586183,112.1662283872582,217.29294012653605,185.28794904083964,21.027462912565422,23.348085805194742
169.0,0.625,0.0075694444444444,0.3361538461538461,0.0256692307692307,0.6666666666666666,0.3461538461538461,,,,,1.0,0.0,1.0,5.0,,1751710188563.2856,6.561428571428571,3.5142857142857147,5.0,1751710186271.0,1751710191271.0,1.0,0.0,0.0,22.24465475595081,4.327776758894457,10.352666479622258,30.11305973212204,0.9363219582236281,100,0.5264480425253744,0.05096856122075401,0.6295041287929474,0.14672060150458127,-0.04515841774841499,0.14226247726062802,-0.27428559184344475,0.05520681714812851,0.9474690982772647,0.042014407907063234,66.35693400550988,836.4026858106585,-190.045796532982,2320.257169206145,575.8679242921658,5721.414602833212,19.210158028374536,22.24465475595081
170.0,0.6250000000000001,0.0074305555555555,0.3815384615384616,0.0259076923076923,0.6666666666666666,0.4519230769230768,,,,,1.0,0.0,1.0,5.0,,1751710188563.2856,6.561428571428571,3.5142857142857147,5.0,1751710186271.0,1751710191271.0,1.0,0.0,0.0,22.819143152608117,3.355840798143427,13.757324134517852,28.463844903453253,0.944508721388183,80,0.5734014285777032,0.034674627767179125,0.6416015866380455,0.1770614825825981,0.01945033708660857,0.0980960011591439,-0.2878868268754657,0.04618738736755239,0.9506747691054415,0.03485876552786871,152.26861727101948,3924.00646893469,-445.7444757219927,11975.716166615834,1090.0399015696287,26692.472970064355,18.941247745409303,22.819143152608117
171.0,0.6483333333333333,0.0091083333333333,0.3784615384615383,0.0258201183431952,0.7083333333333334,0.4903846153846153,,,,,1.0,0.0,1.0,5.0,,1751710188563.2856,6.561428571428571,3.5142857142857147,5.0,1751710186271.0,1751710191271.0,1.0,0.0,0.0,24.216173563785457,1.5639123410483275,14.902613015007926,31.60066741999124,0.9077015008211097,90,0.6138026581025101,0.08957738923289862,0.6130825739082104,0.13946080104836406,0.09718149478466558,0.11970486654888944,-0.25886515602877064,0.055364401883355625,0.9506749370926367,0.04882520311538649,54.44072962418775,448.11721746292983,-80.00046640758994,658.1867752252493,304.9430468195419,1572.8087322092697,20.75450270100785,24.216173563785457
172.0,0.625,0.0078472222222222,0.3569230769230768,0.0214224852071005,0.7083333333333334,0.3846153846153846,,,,,1.0,0.0,1.0,5.0,,1751710188563.2856,6.561428571428571,3.5142857142857147,5.0,1751710186271.0,1751710191271.0,1.0,0.0,0.0,23.16520889227346,1.270370523756081,13.53489432505357,29.940340586816024,0.8813336822206318,113,0.5718710767421173,0.06430446907666684,0.5779787423318977,0.11784383848994494,0.020266080585682803,0.11615030891675349,-0.23282603396229234,0.038767458271009705,0.9638471780457927,0.03741784764375599,23.629529320335216,59.89497445007313,-40.364033177768746,171.98791278043404,226.5109898286604,459.7392176976003,19.143625566040704,23.16520889227346
173.0,0.65,0.0040277777777777,0.3653846153846153,0.019896449704142,0.6666666666666666,0.3846153846153846,,,,,1.0,0.0,1.0,5.0,,1751710188563.2856,6.561428571428571,3.5142857142857147,5.0,1751710186271.0,1751710191271.0,1.0,0.0,0.0,22.783422628743676,1.0500311553564796,12.82817997274132,28.077879569925077,0.8978212918800967,119,0.5968196488829459,0.053463898837431065,0.5758517712278645,0.16470399387716567,0.07684212137056062,0.10987307998812788,-0.2148838076289021,0.07621311260272501,0.9638136247353744,0.03345610581483076,36.93363760528318,123.86686136067401,-58.67367958157172,388.1867191697666,298.5368879771965,1249.3969011394067,19.276532575800296,22.783422628743676
174.0,0.6525,0.0060145833333333,0.3676923076923076,0.0254532544378698,0.7083333333333334,0.3846153846153846,,,,,1.0,0.0,1.0,5.0,,1751710188563.2856,6.561428571428571,3.5142857142857147,5.0,1751710186271.0,1751710191271.0,1.0,0.0,0.0,18.828097284918865,1.4140649835657242,13.494291757485913,28.16387110180964,0.9029212052134031,133,0.5560728182792041,0.0858760553969772,0.5861732388567205,0.16472889944636257,0.008297258511540714,0.1637067415881106,-0.2268335399859503,0.09048375124348358,0.954636249459853,0.04682216822871434,41.43259428459682,451.0326707152181,-69.8367561433429,678.2020322671839,323.5946045857823,1786.253014438915,15.348756253216482,18.828097284918865
175.0,0.7583333333333334,0.0088888888888888,0.4253846153846153,0.0458230769230769,0.8333333333333334,0.6057692307692308,,,,,1.0,0.0,1.0,5.0,,1751710188563.2856,6.561428571428571,3.5142857142857147,5.0,1751710186271.0,1751710191271.0,1.0,0.0,0.0,18.971369101186514,1.1622221400522053,11.293091298296432,26.987081353013096,0.9373885411327696,71,0.6046038580923969,0.10450716741315136,0.6319189038763598,0.1571032436457463,0.07476894034453647,0.17024441051409347,-0.2596649068340072,0.12327955290922674,0.9376805625741957,0.059982602964531846,26.52449844113521,119.74510118621242,-70.03002905484642,415.38734592525253,260.4939970223884,1023.0525532758961,15.376395757273812,18.971369101186514
176.0,0.7633333333333333,0.0076694444444444,0.3261538461538461,0.0294224852071005,0.8333333333333334,0.3461538461538461,,,,,1.0,0.0,1.0,5.0,,1751710188563.2856,6.561428571428571,3.5142857142857147,5.0,1751710186271.0,1751710191271.0,1.0,0.0,0.0,22.08055049447866,2.1528741231020745,11.86611588779267,27.36758697606837,0.883610949340177,67,0.6963725955233014,0.1970337787233278,0.4305645620188652,0.2215725439162363,0.19856929363983494,0.22229587280290028,-0.09393423771775261,0.09208952825405911,0.940347028178857,0.09825522962455273,75.17638878156748,419.30398040171985,-3.7622098443782748,121.58508200492754,203.43588727749426,744.2275770041471,19.800759299238972,22.08055049447866
177.0,0.7891666666666669,0.0091256944444444,0.3507692307692307,0.0226414201183431,0.8333333333333334,0.3846153846153846,,,,,1.0,0.0,1.0,5.0,,1751710188563.2856,6.561428571428571,3.5142857142857147,5.0,1751710186271.0,1751710191271.0,1.0,0.0,0.0,25.971284567718623,1.3341865422490111,19.24356395606022,33.562434214243105,0.8588426609734312,61,0.7362314891638583,0.0882861314064999,0.35834270030206994,0.11565953949941349,0.24324220833210466,0.13909071336825257,-0.03890860541534454,0.04261217406410871,0.9568480409684756,0.05117425777406101,55.75132519487675,34.52083619782108,14.334044724677751,31.66487162079618,135.0089607234127,56.68578754174888,24.256937716996585,25.971284567718623
178.0,0.7566666666666666,0.0094,0.3969230769230769,0.048487573964497,0.8333333333333334,0.5673076923076923,,,,,1.0,0.0,1.0,5.0,,1751710188563.2856,6.561428571428571,3.5142857142857147,5.0,1751710186271.0,1751710191271.0,1.0,0.0,0.0,25.67708118269491,1.5423992881509794,20.882475882992928,30.74988333368451,0.8676677292157414,58,0.7633711494138598,0.8199262364299084,0.3787009610229899,0.3077044752377286,0.22319218008518085,0.22700109121370804,-0.061389438838459744,0.04621869715806595,0.9371054964888629,0.12099707865512274,54.13106422396628,66.56325704589858,4.396872016057133,67.64076223595329,134.78097805191086,224.94317879353412,23.07397137536464,25.67708118269491
179.0,0.7008333333333333,0.0107423611111111,0.3276923076923076,0.0303100591715976,0.78125,0.3749999999999999,,,,,1.0,0.0,1.0,5.0,,1751710188563.2856,6.561428571428571,3.5142857142857147,5.0,1751710186271.0,1751710191271.0,1.0,0.0,0.0,21.698942411876136,2.7880392790024473,10.742053238791009,41.28508012015637,0.7905249053633817,311,0.5282542476807852,0.1642521737894411,0.4090190487678988,1.491910165341322,0.01488047545403713,0.2776376323062052,-0.1668724497515082,0.10155297255634303,0.9368199414447683,0.0836307865030871,9.803874911926975,75.6670008923664,3.6882648881067315,189.72870002210638,238.00466630406,525.9351875492121,18.081767632637685,21.698942411876136
180.0,0.6475,0.0095979166666666,0.3015384615384615,0.0279502958579881,0.75,0.3365384615384615,,,,,1.0,0.0,1.0,5.0,,1751710188563.2856,6.561428571428571,3.5142857142857147,5.0,1751710186271.0,1751710191271.0,1.0,0.0,0.0,23.72795242856954,2.1960511424955285,13.813769759377028,33.78531914958344,0.7748119102999989,321,0.49476397739438793,0.10368066904999639,0.4977507525705549,0.3190616915808746,-0.005073223490949085,0.20816401429404774,-0.22777099010599347,0.15816856740581098,0.9366807041276936,0.04941291761187773,-2.1524830422370163,106.64544292859252,-76.46900933161632,1324.7749268432005,376.5345692765431,2503.646760226333,18.998513127037032,23.72795242856954
181.0,0.615,0.0096916666666666,0.4076923076923077,0.0392307692307692,0.6979166666666667,0.5673076923076923,,,,,1.0,0.0,1.0,5.0,,1751710188563.2856,6.561428571428571,3.5142857142857147,5.0,1751710186271.0,1751710191271.0,1.0,0.0,0.0,24.222038733575296,1.67575952017835,11.586120840850317,34.04610103845118,0.816196753853261,133,0.6537900330472104,0.11019848869912803,0.2871143141507944,0.24027865815692748,0.14791304665374855,0.14176929470492391,-0.031493042814229474,0.12267109252202628,0.9696296655193642,0.042819601795301365,38.207445220697814,52.35417795576642,26.68980483926208,57.05028306260955,160.2140682461099,82.62083245829305,22.370613157180294,24.222038733575296
182.0,0.5783333333333333,0.0067805555555555,0.3192307692307692,0.0243343195266272,0.6666666666666666,0.3846153846153846,,,,,1.0,0.0,1.0,5.0,,1751710188563.2856,6.561428571428571,3.5142857142857147,5.0,1751710186271.0,1751710191271.0,1.0,0.0,0.0,25.475178146140124,1.1413073593998895,21.05365650414967,30.92972745587952,0.7008664491298694,216,0.6083581800462265,0.6573116551823475,0.16218932357616112,1.2365952454255638,0.19369952290419234,0.14684795069888607,-0.023653276821597288,0.13508295363009834,0.9580539931990607,0.0654378085761751,37.009353092155614,196.26618414853405,70.32242320182479,655.2663566252569,267.53328143505877,1331.1316331764008,23.869935650989518,25.475178146140124
183.0,0.5750000000000001,0.0079166666666666,0.3376923076923075,0.0249284023668639,0.625,0.3461538461538461,,,,,1.0,0.0,1.0,5.0,,1751710188563.2856,6.561428571428571,3.5142857142857147,5.0,1751710186271.0,1751710191271.0,1.0,0.0,0.0,25.257989501657587,1.8658591054896958,10.439077888034076,34.1631111120191,0.6344821169932993,337,0.5973596028514357,0.1978239834001638,0.2682650617820992,0.38463495527380276,0.26860455243790743,0.2121698160816157,-0.1426417363082298,0.19677043267614674,0.9011246976953138,0.10881554965520356,183.09074253658838,832.0108204418059,173.21573540871353,926.8815422447581,809.2135349515979,2864.6123253649844,22.981747987030456,25.257989501657587
184.0,0.5675000000000001,0.0093673611111111,0.4076923076923077,0.0397041420118343,0.625,0.5384615384615384,,,,,1.0,0.0,1.0,5.0,,1751710188563.2856,6.561428571428571,3.5142857142857147,5.0,1751710186271.0,1751710191271.0,1.0,0.0,0.0,22.094520800918055,2.6719800240862406,11.358269183122284,38.1480252812995,0.6433833125052567,429,0.5012789612682379,0.31161362031083634,0.377577699078791,0.3449101552468578,0.1218458854079316,0.22181169499492978,-0.13257347251716256,0.18390685996194947,0.9374171524797251,0.07678769312067799,-16.09881814805704,96.13734731732943,37.80406587443397,130.53255335063017,279.99815775248067,141.62868311835945,18.89054050760716,22.094520800918055
185.0,0.5441666666666667,0.0087090277777777,0.3315384615384615,0.0264431952662721,0.625,0.3749999999999999,,,,,1.0,0.0,1.0,5.0,,1751710188563.2856,6.561428571428571,3.5142857142857147,5.0,1751710186271.0,1751710191271.0,1.0,0.0,0.0,20.227051874278295,2.213284245906423,10.327812119162296,27.563487345555068,0.3878886694619482,925,0.3640250679812366,0.29166410493031353,0.1026734762560573,1.2242432026092622,0.11959403298465492,0.2965789007761418,0.31915972150685573,0.34145522094467395,0.8070318085690689,0.16824595144248689,-98.88772563374917,193.34699649551607,182.16297935074877,442.39296200681866,349.0827056469562,540.3137242679103,14.962667391404638,20.227051874278295
186.0,0.54,0.0076361111111111,0.3061538461538461,0.0163289940828402,0.6145833333333334,0.3461538461538461,,,,,1.0,0.0,1.0,5.0,,1751710188563.2856,6.561428571428571,3.5142857142857147,5.0,1751710186271.0,1751710191271.0,1.0,0.0,0.0,19.344447616849024,1.8719439719325341,0.0,24.65167223170328,0.7418673692313512,366,0.42822553480479175,0.11664086644205096,0.3864168777452913,0.5710017381857968,-0.035981003106119486,0.23923085728220175,-0.12446580344265676,0.3745700294529967,0.8691053669114626,0.17481703496213924,-28.775970836774786,132.60840790604072,37.018107728627434,508.5391379888117,317.9043320903945,1316.9428498110383,14.403185040890678,19.344447616849024
187.0,0.535,0.0073861111111111,0.3415384615384615,0.0218721893491124,0.5833333333333334,0.4134615384615384,,,,,1.0,0.0,1.0,5.0,,1751710188563.2856,6.561428571428571,3.5142857142857147,5.0,1751710186271.0,1751710191271.0,1.0,0.0,0.0,20.375576083032417,1.8693069020050208,16.75589229961941,27.03628762122487,0.8215733126183529,220,0.6652666758292355,0.17808978687925936,0.4097059818708323,0.27850555277603933,0.20019332033087134,0.34475085750761264,-0.13785553911439777,0.15069480675123223,0.8757266665777806,0.1806093795641969,68.21498375323274,87.60288085909656,16.93686683285064,82.29984281944607,192.1578926996371,111.10019770682842,17.819856616105877,20.375576083032417
188.0,0.5625000000000001,0.0084895833333333,0.3907692307692307,0.0342224852071005,0.625,0.5673076923076923,,,,,1.0,0.0,1.0,5.0,,1751710188563.2856,6.561428571428571,3.5142857142857147,5.0,1751710186271.0,1751710191271.0,1.0,0.0,0.0,22.644742021375176,1.743991595923542,19.41560413944928,27.731718864908725,0.6629117302471328,367,0.5944398808235446,0.14262767994718015,0.1646175084333875,0.3329532327831231,0.2581311220936273,0.22172965126640362,0.020379212715102214,0.21694842374063647,0.9076590864478837,0.11396439158988036,62.1321421733307,180.7011203040653,96.95445321741704,134.5006703902587,365.62379914373804,682.7081632415345,21.101489066602284,22.644742021375176
189.0,0.5266666666666666,0.0087333333333333,0.35,0.0234467455621301,0.6145833333333334,0.3846153846153846,,,,,1.0,0.0,1.0,5.0,,1751710188563.2856,6.561428571428571,3.5142857142857147,5.0,1751710186271.0,1751710191271.0,1.0,0.0,0.0,20.20360247511191,2.050841558570379,11.915531501377991,28.82057708426369,0.8746868368987433,183,0.5126368936383825,0.13411022088759111,0.5501347364739135,0.6173691597174685,-0.014400055582288485,0.19517403719821896,-0.2290904224736148,0.17005592469266573,0.9351296651280022,0.07678026700749623,-29.687460551763326,3421.653785123125,-81.79631247494356,1951.8611805450487,1653.4184958200576,34309.350258053695,16.01393369469411,20.20360247511191
190.0,0.51,0.0079555555555555,0.3546153846153846,0.0282420118343195,0.5833333333333334,0.3461538461538461,,,,,1.0,0.0,1.0,5.0,,1751710188563.2856,6.561428571428571,3.5142857142857147,5.0,1751710186271.0,1751710191271.0,1.0,0.0,0.0,22.079204179639046,2.0399024165182236,12.638591087113207,27.06447551375776,0.7178983399428291,318,0.5481724579022995,0.10914637734446445,0.38134649824543254,0.32076842823594104,0.09682142511183713,0.24785514752613858,-0.10315734972159003,0.19126516457262824,0.9354438819857502,0.08374418985459386,42.79579182568608,583.2522543276411,14.650222662197951,334.4076378911855,329.1842787731896,2440.283494703448,19.096294807707885,22.079204179639046
191.0,0.51,0.0065666666666666,0.36,0.0395124260355029,0.5833333333333334,0.4134615384615384,,,,,1.0,0.0,1.0,5.0,,1751710188563.2856,6.561428571428571,3.5142857142857147,5.0,1751710186271.0,1751710191271.0,1.0,0.0,0.0,22.273546119202148,1.9820292926296614,12.80845608287974,30.28943082825121,0.8617842275895601,160,0.465930612023949,0.10093206914607931,0.47708280231401223,0.2964055473321282,-0.11330811102312315,0.19352069189176713,-0.18092452201239007,0.07987744359997007,0.9536476150900924,0.034532200548010886,-13.28988884243125,58.57109455311724,-22.023749583662433,287.97873078401324,244.67171157001445,736.692664915258,17.59126212708594,22.273546119202148
192.0,0.5216666666666667,0.0068222222222222,0.3969230769230769,0.0383692307692307,0.5833333333333334,0.5192307692307692,,,,,1.0,0.0,1.0,5.0,,1751710188563.2856,6.561428571428571,3.5142857142857147,5.0,1751710186271.0,1751710191271.0,1.0,0.0,0.0,22.146963132386453,1.6740438508378885,12.505814444390658,34.314996682191456,0.8742312500804975,114,0.5097511626635908,0.11711093292867364,0.48933827451112766,0.20500505677183187,-0.05795681621964655,0.20103866569590403,-0.16303539128978942,0.07819357510646582,0.9599577573847541,0.04530446740451169,19.822517095650294,376.74816342956234,-38.969248708293705,563.9358775849792,256.7360454508653,1486.1032538910672,18.05220071530614,22.146963132386453
193.0,0.5050000000000001,0.0068499999999999,0.2838461538461537,0.0192834319526627,0.5833333333333334,0.3846153846153846,,,,,1.0,0.0,1.0,5.0,,1751710188563.2856,6.561428571428571,3.5142857142857147,5.0,1751710186271.0,1751710191271.0,1.0,0.0,0.0,23.145426602489316,0.9356453590841328,17.410295813307588,25.321690437977576,0.8940617217099182,41,0.6244341710694585,0.05450261149850618,0.46234328473367586,0.13167270468444914,0.06906962738916737,0.08460894161289184,-0.11934080686120334,0.08506857259178388,0.9827431417236709,0.0286398895056975,30.209811375859246,35.99430924541866,-10.22283159773278,83.99188447417218,154.64831544866635,172.2364651166735,20.453741336737583,23.145426602489316
194.0,0.4883333333333333,0.008475,0.3484615384615385,0.0295508875739645,0.5729166666666667,0.3461538461538461,,,,,1.0,0.0,1.0,5.0,,1751710188563.2856,6.561428571428571,3.5142857142857147,5.0,1751710186271.0,1751710191271.0,1.0,0.0,0.0,22.467917596029693,1.3899867473369834,13.59935245861834,28.958537991549548,0.9256421942021527,53,0.5880127063671609,0.09348313403588478,0.506204552387245,0.1463176542734631,0.027060545701255958,0.1299861373468051,-0.1641700533177754,0.08628520309371451,0.9730664093808216,0.033722515171988425,20.979525927962722,50.778624989794295,-25.407963719841185,176.12453983814956,178.37521899539098,342.6303888206981,19.146674913125608,22.467917596029693
195.0,0.4925,0.0081729166666666,0.3423076923076922,0.0316124260355029,0.5833333333333334,0.3749999999999999,,,,,1.0,0.0,1.0,5.0,,1751710188563.2856,6.561428571428571,3.5142857142857147,5.0,1751710186271.0,1751710191271.0,1.0,0.0,0.0,24.704043010732406,1.8902194490077138,10.289440194889403,28.142894499737668,0.8046595180477436,153,0.5442744569311612,0.09792335050706742,0.5383837471813822,0.17840938685626095,-0.00041774444933954203,0.1853242751540966,-0.1989545890892781,0.08446072571093399,0.9572816383265973,0.050876451563316175,64.59228234018079,452.8497498956016,-140.57840102700538,918.4984518087527,497.4575098158372,2326.4991705613993,20.40507052284745,24.704043010732406
196.0,0.4925,0.0094229166666666,0.3546153846153845,0.0251059171597633,0.5833333333333334,0.3846153846153846,,,,,1.0,0.0,1.0,5.0,,1751710188563.2856,6.561428571428571,3.5142857142857147,5.0,1751710186271.0,1751710191271.0,1.0,0.0,0.0,23.084778794774678,1.2471200910966767,10.853137297470973,32.33068538585288,0.8918323893123439,99,0.47861469984001526,0.07906434175917026,0.4531833135080169,0.1282818618848343,-0.13644588100023586,0.1821398571656991,-0.14260422930188865,0.06339832229871907,0.9597236038572429,0.053072382066263586,-0.6825926168876837,50.940369250178406,-4.296787763218925,69.92446874253473,148.87360074310408,201.10870443780277,18.63996535204357,23.084778794774678
197.0,0.4858333333333333,0.00768125,0.416153846153846,0.0450704142011834,0.5416666666666666,0.6153846153846154,,,,,1.0,0.0,1.0,5.0,,1751710188563.2856,6.561428571428571,3.5142857142857147,5.0,1751710186271.0,1751710191271.0,1.0,0.0,0.0,22.68112764528976,1.7864100290272071,13.225204510635027,29.073858671513637,0.8814673949934716,75,0.6092644998976612,0.09014904134458869,0.5143147621228283,0.14810504510375846,0.06794094071313955,0.1364170844587185,-0.1530623431749923,0.10039710204245225,0.9701453961149532,0.045940153621660325,28.663799749464427,52.83296164122167,-47.493414875377326,211.29071894064114,247.46660847029185,526.0151723662267,19.61328188268744,22.68112764528976
198.0,0.4741666666666666,0.0075618055555555,0.3346153846153846,0.0301331360946745,0.5416666666666666,0.3076923076923077,,,,,1.0,0.0,1.0,5.0,,1751710188563.2856,6.561428571428571,3.5142857142857147,5.0,1751710186271.0,1751710191271.0,1.0,0.0,0.0,20.460350054308094,1.1721980139731405,12.359425074774608,26.508107221325737,0.8849043454747081,76,0.6222838257929946,0.08909050826597739,0.4976197782191364,0.13123313683885188,0.09435688545473024,0.11675615485252747,-0.15124873046198203,0.08840145188470794,0.9715724785608219,0.05330208473304424,27.57358244201942,57.07736366941797,-66.41203188862666,1581.9439951673053,303.71489692081377,4035.957700221617,17.867646786741616,20.460350054308094
199.0,0.4616666666666666,0.0057527777777777,0.3523076923076922,0.0254059171597633,0.53125,0.3846153846153846,,,,,1.0,0.0,1.0,5.0,,1751710188563.2856,6.561428571428571,3.5142857142857147,5.0,1751710186271.0,1751710191271.0,1.0,0.0,0.0,23.488843853194943,1.8440945252890493,10.85813873386628,28.058067306831944,0.8692221447447697,111,0.4709110213557455,0.07360226699181541,0.5344627879309957,0.15088005321377837,-0.1259704035098614,0.15427546396663988,-0.21077905740165104,0.0473075649832119,0.9552285470254198,0.03502097301457315,-5.760444233857529,101.35832578061397,-17.558682539237648,212.38217647510982,187.0702127495302,640.58280721396,18.420913050246178,23.488843853194943
200.0,0.4716666666666666,0.009475,0.3507692307692307,0.0332923076923077,0.5416666666666666,0.3846153846153846,,,,,1.0,0.0,1.0,5.0,,1751710188563.2856,6.561428571428571,3.5142857142857147,5.0,1751710186271.0,1751710191271.0,1.0,0.0,0.0,24.385864256860103,1.346167319691956,10.879166165923412,29.301803122731485,0.8725730547131604,126,0.44121428337347307,0.07128496152066748,0.5295068476311942,0.18380767120061103,-0.15882581249790184,0.15374995093966276,-0.20417807563582702,0.04797475601668168,0.9519509349198583,0.03094569070772905,-27.62616293168041,213.06613321584038,-80.354863936616,1430.7781913503359,305.57127125667137,2971.2979600350272,18.790374281081306,24.385864256860103
201.0,0.4766666666666666,0.0083444444444444,0.3569230769230769,0.0410082840236686,0.5416666666666666,0.3749999999999999,,,,,1.0,0.0,1.0,5.0,,1751710188563.2856,6.561428571428571,3.5142857142857147,5.0,1751710186271.0,1751710191271.0,1.0,0.0,0.0,25.021165516888537,1.970051660903381,14.360373597822829,29.48304386870748,0.8488149504945024,159,0.4525741193445025,0.11381819092204508,0.5007196741009466,0.4773275249817317,-0.14164890667934865,0.17675246970801806,-0.19527996764604474,0.0963749745616507,0.9488108770543097,0.03265502248531337,-17.133254087731817,45.33951755963451,-0.6560268442819789,88.06237562759281,170.2053657516701,155.9426441054674,19.482823443839806,25.021165516888537
202.0,0.4591666666666666,0.0071173611111111,0.3938461538461538,0.0458319526627219,0.53125,0.4519230769230768,,,,,1.0,0.0,1.0,5.0,,1751710188563.2856,6.561428571428571,3.5142857142857147,5.0,1751710186271.0,1751710191271.0,1.0,0.0,0.0,25.6706212962371,0.8815752446052356,18.056541093593733,28.83864217971974,0.8947818782040268,58,0.45650718964016074,0.12026746421799517,0.5083623682084455,0.626758074836306,-0.18369144337200846,0.11168505030463462,-0.17995392864195342,0.037900038248690704,0.9589352500397452,0.020473429976534216,-10.491010377310323,39.64161792481399,-60.316039579367896,1377.707409307729,288.55106977532154,4116.413135727488,19.894549676251074,25.6706212962371
203.0,0.4525,0.00743125,0.416153846153846,0.0457213017751479,0.5,0.5,,,,,1.0,0.0,1.0,5.0,,1751710188563.2856,6.561428571428571,3.5142857142857147,5.0,1751710186271.0,1751710191271.0,1.0,0.0,0.0,26.565015493312618,1.3297707994821277,17.864390174096673,32.21212798700951,0.8562213015454387,106,0.4778459446145337,0.07015357775965868,0.47826795947589745,0.3270888809313779,-0.1500307675349239,0.17528180809696836,-0.1712672501855447,0.06796970335468853,0.9540047057648048,0.05217476125284572,50.157500243094674,1127.3691569421949,-147.7790118588743,2510.481661298602,639.3709598072688,9179.590440577067,20.92708911372277,26.565015493312618
204.0,0.4675,0.0081451388888888,0.3384615384615385,0.0388757396449704,0.5416666666666666,0.3749999999999999,,,,,1.0,0.0,1.0,5.0,,1751710188563.2856,6.561428571428571,3.5142857142857147,5.0,1751710186271.0,1751710191271.0,1.0,0.0,0.0,23.107038210992094,1.5431534714794972,12.349617212758194,28.16788222032651,0.9366921337625994,36,0.6080410229575299,0.057906241563290016,0.5199047474064459,0.11932995916167186,0.03176321152323496,0.08515201939855511,-0.16279011692696382,0.062052522353852835,0.9802317685319709,0.02333100065652631,25.082497999917347,89.85651347743247,-26.529526311070246,439.8675613945232,185.1574610429496,1452.6565340450572,19.84667243523246,23.107038210992094
205.0,0.4641666666666666,0.0081951388888888,0.3507692307692307,0.0321088757396449,0.5416666666666666,0.3461538461538461,,,,,1.0,0.0,1.0,5.0,,1751710188563.2856,6.561428571428571,3.5142857142857147,5.0,1751710186271.0,1751710191271.0,1.0,0.0,0.0,23.34020630060876,2.0440209634862354,10.1134878827447,33.573083734319205,0.8135621679912928,239,0.5132761447825492,0.15114413090349235,0.5242917593237004,0.3847857151978242,0.007897842751663078,0.19363810944230733,-0.2180899365989765,0.10108852624819353,0.9495759032599923,0.0548815169614817,-5.2512832112242345,73.71235815138537,-38.6393286214173,239.68653885862116,277.84604729565297,487.8961574186909,18.89545009516603,23.34020630060876
206.0,0.4533333333333333,0.0099055555555555,0.3530769230769229,0.0327035502958579,0.5,0.3846153846153846,,,,,1.0,0.0,1.0,5.0,,1751710188563.2856,6.561428571428571,3.5142857142857147,5.0,1751710186271.0,1751710191271.0,1.0,0.0,0.0,24.46454829599086,2.210339769922749,11.168932992877696,34.55420657286231,0.9074589427033717,82,0.49255101860978334,0.09374642494124998,0.5718014799346638,0.19959518597173367,-0.09984281547506126,0.16263335219964162,-0.23039798292257402,0.056127524325280065,0.9513442367484108,0.04815920780086244,-4.579128223978016,44.97818380604072,-21.779436741764197,73.58166286277756,165.01234398696587,145.18809844019188,19.16951192494476,24.46454829599086
207.0,0.4633333333333332,0.0076138888888888,0.3469230769230769,0.0302656804733727,0.5,0.3461538461538461,,,,,1.0,0.0,1.0,5.0,,1751710188563.2856,6.561428571428571,3.5142857142857147,5.0,1751710186271.0,1751710191271.0,1.0,0.0,0.0,26.021952483125997,1.4790874589227616,12.877002892078384,30.08117845164817,0.8894648986026559,88,0.4661785675589679,0.06726361012434888,0.47987118550827174,0.15621709721774046,-0.14999989935867897,0.14511293952831625,-0.17402150613241582,0.0648698150943695,0.9596603651607142,0.032013978265518064,131.3015032728191,3301.3146645944444,-811.9852344301743,18421.11599589105,1782.5606222019417,37368.94422421373,20.487834661906447,26.021952483125997
208.0,0.4541666666666666,0.0060590277777777,0.34,0.0316189349112426,0.5,0.3749999999999999,,,,,1.0,0.0,1.0,5.0,,1751710188563.2856,6.561428571428571,3.5142857142857147,5.0,1751710186271.0,1751710191271.0,1.0,0.0,0.0,25.198067589799972,1.8225508244482787,11.2660944818377,29.802168561719284,0.856361056510985,149,0.5130286636822239,0.377259095741508,0.5895756502156122,0.305843269671952,-0.06361458221315008,0.16517652539289,-0.22311201973555747,0.06576799047382467,0.9552188346776211,0.04638675992099355,-6.059934466808843,93.27543100130349,-79.46527138696271,408.34378045348086,286.6515535172512,733.7412841398279,20.083616875970666,25.198067589799972
209.0,0.4358333333333333,0.0083479166666666,0.343076923076923,0.0379195266272189,0.5,0.3749999999999999,,,,,1.0,0.0,1.0,5.0,,1751710188563.2856,6.561428571428571,3.5142857142857147,5.0,1751710186271.0,1751710191271.0,1.0,0.0,0.0,23.52232739081624,1.4376869637541057,19.66040692584262,26.4129016055815,0.9523586510682025,29,0.512886942012004,0.08367117019073028,0.5183260735349705,0.12346867033501649,-0.11124746993614722,0.13822490082343286,-0.1787432226304112,0.05222924238288653,0.9660381489412135,0.025090561725690595,4.406345264679832,19.05074598783987,-10.638666908975953,26.853580585910276,123.99554742468352,51.45414518648754,18.881526351601543,23.52232739081624
210.0,0.4441666666666666,0.00768125,0.4292307692307692,0.0458201183431952,0.5,0.5769230769230769,,,,,1.0,0.0,1.0,5.0,,1751710188563.2856,6.561428571428571,3.5142857142857147,5.0,1751710186271.0,1751710191271.0,1.0,0.0,0.0,24.37793988785108,1.5419381103788707,14.64675282502662,31.109051619066825,0.8638754461868642,104,0.4562100553826313,0.08170727368352099,0.4875953775442597,0.13882126116516105,-0.15112085986239648,0.16401605300333297,-0.16237901931951948,0.0526557852991327,0.9592254539085616,0.03216236042080184,-8.700803795850645,90.8636677442219,-8.238347591928788,102.12516150931688,168.03793939404855,355.9660902511165,19.25172540215394,24.37793988785108
211.0,0.4283333333333333,0.0071555555555555,0.3492307692307693,0.0404639053254437,0.5,0.3846153846153846,,,,,1.0,0.0,1.0,5.0,,1751710188563.2856,6.561428571428571,3.5142857142857147,5.0,1751710186271.0,1751710191271.0,1.0,0.0,0.0,24.31887340427624,1.9876037809180662,10.355207019309557,30.25964355016545,0.9521943053911964,47,0.49839280008745435,0.09283651802238319,0.5541874448325421,0.10654128498041567,-0.1129330780303996,0.16521066961328196,-0.2004348237026671,0.05763067513541009,0.9568469404042936,0.030430460766763798,10.59367356616651,112.61739037267101,-31.137721966182138,213.15004261960922,183.25672534845475,557.5113761873912,19.237213776564356,24.31887340427624
212.0,0.4324999999999999,0.0058951388888888,0.353076923076923,0.0358988165680473,0.5,0.3461538461538461,,,,,1.0,0.0,1.0,5.0,,1751710188563.2856,6.561428571428571,3.5142857142857147,5.0,1751710186271.0,1751710191271.0,1.0,0.0,0.0,23.556400712344235,1.992655048194165,10.931607245808047,31.492898254227,0.9035719733702205,93,0.4698646280793841,0.11639507638262148,0.6018821182896902,0.15802567897906503,-0.11902093051890364,0.18452787104685678,-0.2524338217717792,0.0700476721382153,0.9383764207292362,0.051368932929070445,-8.054097963177728,54.09518874147916,-37.85614741327747,217.48298395903655,187.4567290409029,379.23884105559154,17.943785917852846,23.556400712344235
213.0,0.4366666666666666,0.0082111111111111,0.3538461538461538,0.0335502958579881,0.5,0.3749999999999999,,,,,1.0,0.0,1.0,5.0,,1751710188563.2856,6.561428571428571,3.5142857142857147,5.0,1751710186271.0,1751710191271.0,1.0,0.0,0.0,24.45708713092956,2.304537277461719,12.151212438959142,36.88278485757495,0.9415511264682761,44,0.49008372041702497,0.10714868444794787,0.5680668034558252,0.49071708316159457,-0.12904817202567503,0.14146663506469878,-0.2005346385746103,0.042901513304617625,0.9595237072404035,0.02473570208415478,-2.452793771466444,37.182089879923176,-25.495265063570717,106.61427500579785,164.96666285014393,276.4245036474564,19.189061437423046,24.45708713092956
214.0,0.4283333333333333,0.0098638888888888,0.3576923076923076,0.0266420118343195,0.53125,0.3846153846153846,,,,,1.0,0.0,1.0,5.0,,1751710188563.2856,6.561428571428571,3.5142857142857147,5.0,1751710186271.0,1751710191271.0,1.0,0.0,0.0,24.51860269751776,1.751498168936634,13.45115221635128,30.238157555158008,0.9035684927269882,89,0.5356401985152126,0.35085986666651947,0.5840814890620918,1.229232748736864,-0.0664338139975994,0.15760240011675195,-0.2049195275756053,0.056581177257614586,0.9614191455041001,0.03539058914643095,8.814693003649731,41.95868817796414,-24.33210492160723,230.04799543689927,176.16859247858213,506.0357841401303,19.719891587709828,24.51860269751776
215.0,0.4191666666666666,0.0105840277777777,0.343076923076923,0.03058224852071,0.5,0.3846153846153846,,,,,1.0,0.0,1.0,5.0,,1751710188563.2856,6.561428571428571,3.5142857142857147,5.0,1751710186271.0,1751710191271.0,1.0,0.0,0.0,26.173692576038654,1.691257554842533,11.914319981677062,30.399210631267145,0.9009902201294727,75,0.4915943203724244,0.04343596718054689,0.5240011191977628,0.1921068010705631,-0.13226161108072523,0.12454926149434399,-0.20087155063692552,0.06791770207402861,0.9598189542362229,0.02823616834220615,0.19767767420522223,36.35089019283269,-24.590193884614013,147.85486732471153,168.74380988438676,310.5668413506349,20.569242350934033,26.173692576038654
216.0,0.4233333333333333,0.0080111111111111,0.3399999999999999,0.0325065088757396,0.5,0.3461538461538461,,,,,1.0,0.0,1.0,5.0,,1751710188563.2856,6.561428571428571,3.5142857142857147,5.0,1751710186271.0,1751710191271.0,1.0,0.0,0.0,24.48363015532012,1.765239450517017,14.92084057023138,35.10843350337296,0.9100925859508212,93,0.5411246492983095,0.07720751978422469,0.5460141341192315,0.16949400704605314,-0.039469836260089354,0.15582349460922446,-0.19949910182967528,0.0451408884135214,0.9649516853653849,0.03485854638377994,15.240978826208654,65.71196534325414,-25.751374958831214,157.56770737237684,197.92595700750346,408.03319512059977,20.00541462701348,24.48363015532012
217.0,0.4308333333333333,0.0086534722222222,0.3376923076923075,0.0320881656804733,0.5,0.3461538461538461,,,,,1.0,0.0,1.0,5.0,,1751710188563.2856,6.561428571428571,3.5142857142857147,5.0,1751710186271.0,1751710191271.0,1.0,0.0,0.0,23.56944408270472,1.6878552234943198,14.57419841547002,28.46984748982913,0.9249472605752207,67,0.5308721441944891,0.44360723772980454,0.6216028521361553,1.2616353957622708,-0.07049729580496072,0.13687970736300786,-0.23631670185390088,0.04685671494357064,0.957842893254271,0.028426218676198288,1.2853066274029623,168.41787690469266,-69.06335871240215,604.1588926881498,267.62032366228755,1347.5270744423256,18.66065084224349,23.56944408270472
218.0,0.42,0.0071416666666666,0.39,0.0483437869822485,0.5,0.4615384615384615,,,,,1.0,0.0,1.0,5.0,,1751710188563.2856,6.561428571428571,3.5142857142857147,5.0,1751710186271.0,1751710191271.0,1.0,0.0,0.0,23.271092182957354,2.2093389832364525,16.35504184864875,30.41804029437125,0.9205880093615869,67,0.5525695744161147,0.13928374135151855,0.6033379631027017,0.5118439198403304,-0.028053680201177628,0.15489068271820183,-0.2224674224437651,0.04788764687881239,0.9605778311931517,0.02737896447662449,10.283563696878266,58.40380047769876,-32.82413889061814,189.90408706976464,174.42070922934306,412.38632416993187,18.741401982397655,23.271092182957354
219.0,0.4191666666666666,0.0085006944444444,0.3569230769230769,0.0413633136094674,0.5,0.4134615384615384,,,,,1.0,0.0,1.0,5.0,,1751710188563.2856,6.561428571428571,3.5142857142857147,5.0,1751710186271.0,1751710191271.0,1.0,0.0,0.0,23.41838856652766,2.159062609042185,12.938210262244258,27.863399420101008,0.9407494028880965,46,0.5531888757798109,0.11152334037970023,0.5730592130928389,0.11676843792298465,-0.0284305157044708,0.16394035802631926,-0.212274640913751,0.06619558705595326,0.9600253996390251,0.03536801509532742,11.198724046204763,43.99024099199648,-34.47154848075145,210.31052527193427,177.31854312055262,390.43597442642067,18.915818585879933,23.41838856652766
220.0,0.4358333333333333,0.0084868055555555,0.3246153846153845,0.0354532544378698,0.5,0.3461538461538461,,,,,1.0,0.0,1.0,5.0,,1751710188563.2856,6.561428571428571,3.5142857142857147,5.0,1751710186271.0,1751710191271.0,1.0,0.0,0.0,21.462134356719616,1.7756145835863903,11.431403242932678,27.990299092899694,0.7507281299361179,288,0.5263677665042047,0.14932701724729933,0.4638142985282362,0.27441415115078865,0.07519185963144671,0.2145084741291877,-0.15860051103796316,0.14795889053292594,0.9476130584186606,0.05816323336009804,-10.647730449668606,135.3116649363276,-14.246485797694337,321.4545033429104,266.1233898331095,575.6718984864954,18.191598549128773,21.462134356719616
221.0,0.4149999999999999,0.0079833333333333,0.3538461538461538,0.0365088757396449,0.5,0.3846153846153846,,,,,1.0,0.0,1.0,5.0,,1751710188563.2856,6.561428571428571,3.5142857142857147,5.0,1751710186271.0,1751710191271.0,1.0,0.0,0.0,20.97608986917654,1.1670857375091854,10.96780992141926,26.99364705872274,0.8910439474054236,117,0.5950244517048394,0.1264916235537726,0.5135543603578558,0.1648147084036489,0.0657400471387344,0.20411008984580292,-0.15132478036809888,0.07826913872027585,0.9603456746262181,0.05264438092836113,27.705291185757087,105.65620218748377,-36.98674157963618,260.33411635749496,229.40574717687343,571.7982491053001,18.063104711245224,20.97608986917654
222.0,0.4066666666666667,0.0085805555555555,0.3476923076923077,0.033192899408284,0.5,0.3749999999999999,,,,,1.0,0.0,1.0,5.0,,1751710188563.2856,6.561428571428571,3.5142857142857147,5.0,1751710186271.0,1751710191271.0,1.0,0.0,0.0,20.67707832189662,1.5073713966126492,11.106018449648762,28.08562721400867,0.8412232334245575,192,0.4611498873455398,0.07093505356596916,0.6411742905221819,0.17570931989574265,-0.09417028919529287,0.16535953770176076,-0.27172954455436804,0.07826361127484678,0.9389143952994735,0.04793469043492314,-8.737112399881333,152.91029770936376,-131.1645604063451,1261.6061067607193,437.9000540411945,3211.19754172993,15.7106543841902,20.67707832189662
223.0,0.4024999999999999,0.0069868055555555,0.3415384615384614,0.037375147928994,0.4583333333333333,0.3461538461538461,,,,,1.0,0.0,1.0,5.0,,1751710188563.2856,6.561428571428571,3.5142857142857147,5.0,1751710186271.0,1751710191271.0,1.0,0.0,0.0,20.705339538664255,1.1717048802282277,13.334103798018004,25.36628285295526,0.8390266712313633,206,0.5153320087011924,0.09838633347121215,0.5404797504836814,0.21875911585099456,-0.02089239325630379,0.20386591885944796,-0.20493754474408332,0.11157542325911077,0.9493871687412049,0.04761998213469127,74.89947399393574,2002.3326002404942,-376.04506432463063,9610.608029184095,888.0775877477198,18200.93332045595,16.829942112107457,20.705339538664255
224.0,0.4033333333333334,0.0060722222222222,0.3461538461538461,0.0320710059171597,0.4583333333333333,0.3846153846153846,,,,,1.0,0.0,1.0,5.0,,1751710188563.2856,6.561428571428571,3.5142857142857147,5.0,1751710186271.0,1751710191271.0,1.0,0.0,0.0,20.608071045589774,1.0484157246726313,10.555274199318156,27.843514805402293,0.9286520777262189,92,0.49661567941802615,0.07924505842524081,0.608409935126896,0.16173526868622937,-0.08477418455140072,0.14521529675271844,-0.25271924612582114,0.08452170320147666,0.9484789461956681,0.03357653223739003,-0.5825177920980351,49.03133881983485,-49.38511173538574,193.92197812787734,216.77346818918897,366.2697116069505,16.002079922993566,20.608071045589774
225.0,0.4,0.0079166666666666,0.3499999999999999,0.0329142011834319,0.4583333333333333,0.3749999999999999,,,,,1.0,0.0,1.0,5.0,,1751710188563.2856,6.561428571428571,3.5142857142857147,5.0,1751710186271.0,1751710191271.0,1.0,0.0,0.0,20.011039027912325,1.3003499506016103,10.518350741169105,29.813464888332074,0.7536378795289447,337,0.5311765646137563,0.1635271256145016,0.45356270109367103,0.335487609022801,0.10862951440151698,0.18931891399694467,-0.17354167106205784,0.17432067541935006,0.942763094751004,0.05584016338192992,-4.546282587851564,103.78093134461055,13.379265590525694,144.9799959195631,243.57057836277392,224.60242632484827,16.90686061183264,20.011039027912325
226.0,0.3958333333333333,0.0078645833333333,0.3138461538461538,0.0399029585798816,0.4583333333333333,0.3461538461538461,,,,,1.0,0.0,1.0,5.0,,1751710188563.2856,6.561428571428571,3.5142857142857147,5.0,1751710186271.0,1751710191271.0,1.0,0.0,0.0,20.960200408765324,1.3958788706190504,10.306408529946436,25.9381678290407,0.9082729991172523,121,0.5224481779182876,0.14188211558657102,0.6446611197180033,0.7485050005706264,-0.01714632572800515,0.1334816129522939,-0.29331336868095953,0.05666875074959385,0.9442063568457203,0.033732063110490464,26.516069526601452,208.6107278199674,-164.04594989822115,1380.4889058709296,433.6168422024501,2600.9029368480187,16.26857738011686,20.960200408765324
227.0,0.3866666666666666,0.0064611111111111,0.3253846153846153,0.0122017751479289,0.4583333333333333,0.3461538461538461,,,,,1.0,0.0,1.0,5.0,,1751710188563.2856,6.561428571428571,3.5142857142857147,5.0,1751710186271.0,1751710191271.0,1.0,0.0,0.0,20.173315894015584,1.3859946909395664,12.979427924110448,31.16650173306243,0.8646095994186281,181,0.4952538243116464,0.11307722091716745,0.5176480207255458,0.2830422104274519,-0.04354181573721598,0.18919774384969495,-0.20629973275836894,0.13056575440368537,0.9492946779330523,0.03986582440528669,-12.563882285304969,351.0223886839007,-146.46092222554068,4054.060241281203,468.7999320110787,7837.558562841372,16.26337384460843,20.173315894015584
228.0,0.4041666666666666,0.0065451388888888,0.3576923076923077,0.0174112426035502,0.4583333333333333,0.3461538461538461,,,,,1.0,0.0,1.0,5.0,,1751710188563.2856,6.561428571428571,3.5142857142857147,5.0,1751710186271.0,1751710191271.0,1.0,0.0,0.0,19.719564737299237,0.8071360550712903,10.748823255236706,26.27256612817792,0.9571510099140926,64,0.5522795202114525,0.07377668537553038,0.6472516530827076,0.18447832082263255,-0.010218006376920217,0.12435577843875203,-0.2827817940292556,0.06742671149091098,0.9480189040166238,0.03459977442978434,16.167126597529965,43.01130186027182,-57.79194929185073,247.2165131603938,215.8124721065998,405.1471082394702,15.550973788936766,19.719564737299237
229.0,0.42,0.0100583333333333,0.3876923076923076,0.034073372781065,0.5,0.4519230769230768,,,,,1.0,0.0,1.0,5.0,,1751710188563.2856,6.561428571428571,3.5142857142857147,5.0,1751710186271.0,1751710191271.0,1.0,0.0,0.0,21.06835920387764,2.0491516875944047,0.0,29.66792300987476,0.7931252464803482,308,0.5137614541424059,0.10696534579266233,0.4822458615673304,0.32545895946414327,0.028799942059838317,0.22433172296554296,-0.21863216347948003,0.15762845433067232,0.9343067663489817,0.05783120701297952,6.161755470090617,91.639770671162,-25.55646735619472,528.6224717076792,294.9443214967593,959.3864438356746,17.14578396278016,21.06835920387764
230.0,0.4075000000000001,0.0068951388888888,0.3830769230769231,0.0325420118343195,0.4583333333333333,0.4903846153846153,,,,,1.0,0.0,1.0,5.0,,1751710188563.2856,6.561428571428571,3.5142857142857147,5.0,1751710186271.0,1751710191271.0,1.0,0.0,0.0,23.026012653577276,2.0222674400610456,11.31848952489286,32.3853306710355,0.8804357612736047,172,0.5366449636274188,0.07188631548383641,0.6173852257582495,0.21396083149260553,0.0040917214149339964,0.16987239901643925,-0.2833359017515935,0.06727119068935074,0.9398626761470023,0.05488218458071882,11.455700512238302,328.69476396486476,-158.7625340131412,2460.9985127065556,468.16445021460436,4775.61882604587,18.184002776809724,23.026012653577276
231.0,0.4124999999999999,0.0057812499999999,0.33,0.0240881656804733,0.4583333333333333,0.3461538461538461,,,,,1.0,0.0,1.0,5.0,,1751710188563.2856,6.561428571428571,3.5142857142857147,5.0,1751710186271.0,1751710191271.0,1.0,0.0,0.0,21.00644893805274,1.2587934507205907,14.349590504911824,24.857893319728547,0.8213424220165504,216,0.539698285089936,0.1537303376976153,0.4432077669299481,0.30828664942463907,0.04903237050808958,0.19095183537150703,-0.13203762035771388,0.18152046884938866,0.953437814664043,0.04207844949484692,1.66611708652972,158.49765399508615,15.575648563522229,162.75695323062305,224.8786370352128,762.7522468902854,17.508055455068593,21.00644893805274
232.0,0.405,0.01035,0.3453846153846154,0.0305023668639053,0.5,0.3846153846153846,,,,,1.0,0.0,1.0,5.0,,1751710188563.2856,6.561428571428571,3.5142857142857147,5.0,1751710186271.0,1751710191271.0,1.0,0.0,0.0,20.422599248449266,1.0053203270618818,15.038381685138123,26.889354671291034,0.906885909594742,125,0.600046428790845,0.13762252564102262,0.60129997069177,0.5223186165683691,0.08072303937544445,0.21202354077588606,-0.24493925346158665,0.09509128690977015,0.9358596132763048,0.06089634654874949,38.02036509735406,73.8483869462071,-31.719291161456223,111.16342702214335,201.44148340882217,225.2309789479107,16.841678943057172,20.422599248449266
233.0,0.3908333333333333,0.0074229166666666,0.3653846153846154,0.0320266272189349,0.4583333333333333,0.3846153846153846,,,,,1.0,0.0,1.0,5.0,,1751710188563.2856,6.561428571428571,3.5142857142857147,5.0,1751710186271.0,1751710191271.0,1.0,0.0,0.0,19.560873257693164,1.2391006877366584,13.680091638875687,24.88723728771725,0.8498969464945839,203,0.5653457643469898,0.1698141811720904,0.5132231183198436,0.32333908851610826,0.07420911811254668,0.17504127866536096,-0.1915756710575473,0.10667323701457891,0.9555538575103153,0.05224592003775573,10.258497984281812,74.24316087285767,-15.282952099078562,131.21303877467165,216.1113008440332,224.89231292215,16.533956883067777,19.560873257693164
234.0,0.3883333333333333,0.0073222222222222,0.3515384615384614,0.0369828402366863,0.4583333333333333,0.3365384615384615,,,,,1.0,0.0,1.0,5.0,,1751710188563.2856,6.561428571428571,3.5142857142857147,5.0,1751710186271.0,1751710191271.0,1.0,0.0,0.0,19.00047304141825,1.5526465395538778,11.301899029047906,26.550406333448198,0.8145361827967904,230,0.4883650006879655,0.1748517008730966,0.47737055236609427,0.31136487817723385,0.005057453907498854,0.2313312382592807,-0.17390369488178892,0.17547649027462156,0.9396344349990315,0.050927419446597844,9.997295381788186,320.53682231475096,-2.908604660469822,285.2646204301291,301.5845086899334,1060.3770139138283,15.399380239048085,19.00047304141825
235.0,0.3816666666666666,0.0084277777777777,0.3584615384615384,0.0339313609467455,0.4583333333333333,0.3846153846153846,,,,,1.0,0.0,1.0,5.0,,1751710188563.2856,6.561428571428571,3.5142857142857147,5.0,1751710186271.0,1751710191271.0,1.0,0.0,0.0,19.260100467601585,1.2905885314238494,11.62288578588324,27.07279899301771,0.7346913797623353,352,0.5278500468559086,0.21059511283747331,0.41694912860268074,0.44237059497139997,0.14652411511505112,0.22539129861258794,-0.0904773818197151,0.3148674894899991,0.895436894895091,0.13697525215075504,-17.596511376818675,113.00813556882223,27.733489001051577,218.09637313487116,254.83181054076442,360.68599716568997,15.576419947872228,19.260100467601585
236.0,0.3808333333333333,0.0068756944444444,0.3530769230769229,0.0360171597633136,0.4583333333333333,0.3846153846153846,,,,,1.0,0.0,1.0,5.0,,1751710188563.2856,6.561428571428571,3.5142857142857147,5.0,1751710186271.0,1751710191271.0,1.0,0.0,0.0,19.584725272971944,1.9118205394520256,10.531248045161872,27.94384326405946,0.6311315034361408,574,0.47926899504790604,2.9249607783524487,-0.10559327206033793,4.849837853402774,0.03380316751756767,0.153017989275057,0.08406535449879635,0.5642540759040137,0.7633350520239099,0.2603045269025772,-52.35234949969521,116.54840317848081,117.30977563501315,281.2009667949967,238.70952822962914,334.4560929232318,12.645932065825951,19.584725272971944
237.0,0.3816666666666666,0.0080111111111111,0.3484615384615384,0.0359414201183432,0.4583333333333333,0.3846153846153846,,,,,1.0,0.0,1.0,5.0,,1751710188563.2856,6.561428571428571,3.5142857142857147,5.0,1751710186271.0,1751710191271.0,1.0,0.0,0.0,20.004120783329913,1.7974294503883008,12.032644180666964,27.31036202860879,0.7096992317870556,361,0.5320300375959633,0.1538525824406166,0.31776377301961356,0.42749253484461075,0.12597856375137856,0.2531106789436847,-0.05522841009109386,0.3138588894048543,0.8975617342546,0.1143054209992795,-3.1800816227105195,98.09868066531274,44.880931390099875,154.35667155405707,235.02330723383108,227.86837658090957,17.213286083846956,20.004120783329913
238.0,0.365,0.0077472222222222,0.3546153846153846,0.0339224852071005,0.4166666666666667,0.3461538461538461,,,,,1.0,0.0,1.0,5.0,,1751710188563.2856,6.561428571428571,3.5142857142857147,5.0,1751710186271.0,1751710191271.0,1.0,0.0,0.0,19.31658232201516,1.1975861378777697,10.616841477758344,24.932819416105986,0.9025265882967572,132,0.5165689877927117,0.07390673341072573,0.6355989874043146,0.1502161817598784,-0.02879944030504461,0.13822176823700197,-0.26711738621540093,0.06050422164891587,0.9498002655091433,0.054355708063111165,10.048927265056177,100.22923824654511,-77.99464773660578,557.1506869823141,275.42028596468515,1036.5442674598225,15.28436629278547,19.31658232201516
239.0,0.3741666666666666,0.0078118055555555,0.3553846153846154,0.0286130177514792,0.4166666666666667,0.3846153846153846,,,,,1.0,0.0,1.0,5.0,,1751710188563.2856,6.561428571428571,3.5142857142857147,5.0,1751710186271.0,1751710191271.0,1.0,0.0,0.0,18.607882459452423,1.3994887853584352,10.710431630237986,24.48309282933813,0.891366097291216,123,0.5752663566495058,0.11194590001231583,0.5741159549263795,0.1821905494991882,0.06257886673275136,0.19026667856474647,-0.2099806005897467,0.10042965928337917,0.9499118951456812,0.05843362385660772,39.12192759890446,168.73824764312982,-63.0623030627382,474.96865239847597,291.16192019196865,1052.6771137129356,15.60456636801111,18.607882459452423
240.0,0.3691666666666666,0.0065979166666666,0.3592307692307692,0.0335272189349112,0.4166666666666667,0.3846153846153846,,,,,1.0,0.0,1.0,5.0,,1751710188563.2856,6.561428571428571,3.5142857142857147,5.0,1751710186271.0,1751710191271.0,1.0,0.0,0.0,18.20422411394793,1.5665043029785248,10.41943820743796,23.45058850046131,0.939139612773939,83,0.5625508193707422,0.08425028353274273,0.6744836039681609,0.13941303628630086,0.039034979011666436,0.1202549397837499,-0.30037052240999207,0.05296966192845809,0.9419827007434391,0.06060505093494538,250.66941526002648,5859.887626751505,-761.5632460055549,18732.157551828775,1641.9344819777655,37014.11593096616,14.483563494187553,18.20422411394793
241.0,0.3966666666666667,0.0081416666666666,0.353076923076923,0.0372597633136094,0.4583333333333333,0.3461538461538461,,,,,1.0,0.0,1.0,5.0,,1751710188563.2856,6.561428571428571,3.5142857142857147,5.0,1751710186271.0,1751710191271.0,1.0,0.0,0.0,18.17896182454975,1.3719873898894148,12.177817665413777,23.734550319694605,0.8282774385671299,208,0.5233789816188392,0.2804453577181267,0.4771329198587511,0.2737392379132847,0.060625787807623885,0.19543354445145125,-0.1434437610135113,0.13432797036527414,0.958366719457323,0.033096605721771415,-4.031733580079405,87.56662678342835,7.727862195443998,105.22808245194332,217.31372020687272,148.75994777973705,15.34409672802062,18.17896182454975
242.0,0.3916666666666666,0.0089583333333333,0.3476923076923076,0.0382816568047337,0.4583333333333333,0.3846153846153846,,,,,1.0,0.0,1.0,5.0,,1751710188563.2856,6.561428571428571,3.5142857142857147,5.0,1751710186271.0,1751710191271.0,1.0,0.0,0.0,18.721033158626362,1.7777903615312538,11.301835506706205,28.454164501458692,0.7037779695218996,456,0.4810450761889012,0.29379955853239376,0.5606971861797279,1.133708939318786,0.07778301863260872,0.25870128875679443,-0.2830934023671679,0.15507821115251977,0.8990630895885321,0.12093065927149743,-7.720996194554538,127.29783736139977,-49.41424215546996,278.84697940010864,286.8316806647023,665.471712714044,14.581426418801502,18.721033158626362
243.0,0.3808333333333333,0.0077784722222222,0.3369230769230769,0.0429325443786982,0.4479166666666666,0.3365384615384615,,,,,1.0,0.0,1.0,5.0,,1751710188563.2856,6.561428571428571,3.5142857142857147,5.0,1751710186271.0,1751710191271.0,1.0,0.0,0.0,20.415662677523834,1.500886364363286,11.592050302743091,30.02803615989506,0.7923327947840004,277,0.5995158208926684,0.12964948591219247,0.5057022607403335,0.29524566763602694,0.14104483905585216,0.23426575280756531,-0.2071910053994354,0.1370400524368531,0.9245508397002444,0.09380901661736676,46.292728971189746,153.32923625251996,-48.150617538196016,665.9065380001476,315.06049006813,1244.02314793114,17.315588103830223,20.415662677523834
244.0,0.3775,0.0075284722222222,0.3676923076923076,0.0381159763313609,0.4583333333333333,0.3846153846153846,,,,,1.0,0.0,1.0,5.0,,1751710188563.2856,6.561428571428571,3.5142857142857147,5.0,1751710186271.0,1751710191271.0,1.0,0.0,0.0,23.560151363896388,1.5137604741609487,20.389179958007237,27.42953695273704,0.8959499845487042,13,0.6183011041788186,0.09290946555517228,0.415589047819908,0.06715062991064542,0.04107409072487557,0.13929592458309156,-0.09092315118189895,0.05418067978262888,0.983487747963476,0.021848415398979085,25.00881490508592,21.544741981550054,3.830578676806108,12.53294306131036,122.04499162250232,29.891204732421087,20.834113879821523,23.560151363896388
245.0,0.3825,0.0085201388888888,0.3807692307692307,0.048180473372781,0.4583333333333333,0.4134615384615384,,,,,1.0,0.0,1.0,5.0,,1751710188563.2856,6.561428571428571,3.5142857142857147,5.0,1751710186271.0,1751710191271.0,1.0,0.0,0.0,22.690665046559634,0.9470548967817795,11.008307826349313,24.48019539441325,0.9368303778184933,23,0.6773815170012009,0.0721827746852881,0.4743209529893813,0.09760484889248751,0.1397913134480379,0.11402602936002397,-0.1291670747546725,0.05859186219265241,0.9729838752872176,0.025605763686030146,45.374257813449034,66.37702174250273,-12.08041253250428,136.3553945248736,170.04970576248746,507.95871432627393,20.261471138472764,22.690665046559634
246.0,0.3733333333333333,0.0070805555555555,0.3923076923076923,0.0406508875739645,0.4479166666666666,0.4807692307692308,,,,,1.0,0.0,1.0,5.0,,1751710188563.2856,6.561428571428571,3.5142857142857147,5.0,1751710186271.0,1751710191271.0,1.0,0.0,0.0,22.03684115812514,1.4666322469723763,10.382967693526464,27.406619868752124,0.9069795284855323,106,0.5745818415698659,0.11595907008959541,0.5305315388235563,0.23408280605413945,0.03040293521328071,0.19036796021006308,-0.19292302918020948,0.06602535343942977,0.9587902133068915,0.0448859193031593,6.419713055233362,456.9539104365215,-289.24027339117083,4792.574367824481,967.3884469793376,13625.850795440778,18.387825762035977,22.03684115812514
247.0,0.3691666666666667,0.0052090277777777,0.3592307692307692,0.0348881656804733,0.4166666666666667,0.3846153846153846,,,,,1.0,0.0,1.0,5.0,,1751710188563.2856,6.561428571428571,3.5142857142857147,5.0,1751710186271.0,1751710191271.0,1.0,0.0,0.0,22.469792185424005,0.9765424272445242,14.853625284952784,29.14788379851706,0.9321867220304887,40,0.4861017254035962,0.10806947001583296,0.5422217298262586,0.1328730217431374,-0.13123370559072886,0.16991896411109164,-0.18870200924369582,0.0479346684258011,0.9568450246290282,0.021741673727676304,-0.9159482735092486,37.82375211499364,-21.458229356564612,121.2630503523579,162.72299486461452,286.6499674437178,17.685544965095332,22.469792185424005
248.0,0.3558333333333333,0.0082090277777777,0.3399999999999999,0.0386603550295858,0.4166666666666667,0.3461538461538461,,,,,1.0,0.0,1.0,5.0,,1751710188563.2856,6.561428571428571,3.5142857142857147,5.0,1751710186271.0,1751710191271.0,1.0,0.0,0.0,220646966.7289478,5422710147.675656,10.242903888321456,133270755809.93591,0.8148679494480635,160,0.4869500628590857,0.1810948072533948,0.4925634852179453,0.1815773170697934,-0.08166307035443714,0.18478157334731335,-0.17531902338349076,0.07191205359543772,0.9596458652145422,0.048943209098391734,-11.080910095795335,73.09505831274849,-3.432355922390128,63.613531227669014,171.62308193437593,106.82197419897552,16.222124676588827,220646966.7289478
249.0,0.3566666666666667,0.0063305555555555,0.343076923076923,0.0316473372781065,0.4166666666666667,0.3461538461538461,,,,,1.0,0.0,1.0,5.0,,1751710188563.2856,6.561428571428571,3.5142857142857147,5.0,1751710186271.0,1751710191271.0,1.0,0.0,0.0,19.525647112625233,0.9171695956809233,14.847205814268616,26.51693909720213,0.9039201157403887,99,0.5292050710068016,0.08438241353257515,0.5557406482665033,0.1493329680091101,-0.03027813329752508,0.1361972695158025,-0.19644124860736953,0.07553377576840746,0.9666468375412665,0.043070412507508274,13.466617021611063,135.93861626810514,-57.762847451742005,447.3759495704773,248.5569234482001,890.9265730766037,16.068125534824485,19.525647112625233
250.0,0.3625,0.0072395833333333,0.3515384615384614,0.0294088757396449,0.4166666666666667,0.3749999999999999,,,,,1.0,0.0,1.0,5.0,,1751710188563.2856,6.561428571428571,3.5142857142857147,5.0,1751710186271.0,1751710191271.0,1.0,0.0,0.0,21.23936595733006,0.9800013846280964,13.532811665252972,27.55964131248591,0.8966497307641657,77,0.6229205819343209,0.10498238350848911,0.5252075248535858,0.11801432839589991,0.09208404570604674,0.14916389415687495,-0.1815726750074136,0.05433992480792141,0.9653852305897377,0.03745521182161055,31.27263814128472,74.85814273632708,-14.575644013225036,80.55739579377908,170.7670485490171,232.643734424513,18.299149666216152,21.23936595733006
251.0,0.3491666666666666,0.0074229166666666,0.3415384615384615,0.0398603550295858,0.4166666666666667,0.3365384615384615,,,,,1.0,0.0,1.0,5.0,,1751710188563.2856,6.561428571428571,3.5142857142857147,5.0,1751710186271.0,1751710191271.0,1.0,0.0,0.0,21.888030124347143,1.1024627933901157,13.7526324605227,28.11195000114571,0.8701585041902606,113,0.6017346792533884,0.12080160670229514,0.5214743822376399,0.13712450231926493,0.06788181924365991,0.18999462410188,-0.17344752126579494,0.06950394626022169,0.9603511119824023,0.046278047005889174,24.748932856750226,50.90303389453876,-13.45182698142789,55.26414912822811,165.24241876750196,110.86493820806083,18.636965938072652,21.888030124347143
252.0,0.345,0.0075722222222222,0.3592307692307692,0.0342372781065088,0.4166666666666667,0.3461538461538461,,,,,1.0,0.0,1.0,5.0,,1751710188563.2856,6.561428571428571,3.5142857142857147,5.0,1751710186271.0,1751710191271.0,1.0,0.0,0.0,23.205646495687628,1.6454166725794674,12.534861437168066,28.154739369799408,0.6847617897702343,324,0.4976929210164782,0.13429190581332812,0.31968495028738503,0.2420821467256836,0.021133006197821203,0.26164132873337553,-0.11238755818632777,0.12514490302484857,0.9471359508901953,0.07632758463729017,-9.243588470774265,83.73221611652752,33.33536835885526,81.64589015582607,202.49979874893896,124.30721753317091,19.878475693434975,23.205646495687628
253.0,0.3575,0.00813125,0.3207692307692307,0.0326396449704142,0.4166666666666667,0.3461538461538461,,,,,1.0,0.0,1.0,5.0,,1751710188563.2856,6.561428571428571,3.5142857142857147,5.0,1751710186271.0,1751710191271.0,1.0,0.0,0.0,23.49681046744443,1.6361917996295114,12.974134173048688,31.26663940009873,0.6250332042611868,388,0.4968898965692693,0.1724516660481592,0.3209060619368473,0.2658649981468533,0.10424959563905731,0.3029313912604677,-0.12314446822161189,0.13868694621942815,0.9231732373962875,0.10413418695806828,-6.581582922613812,126.30408552162874,16.80598228086977,217.079458659642,285.69412951284403,415.0115050323248,20.497024221831996,23.49681046744443
254.0,0.3616666666666666,0.0078777777777777,0.3469230769230769,0.0195556213017751,0.4166666666666667,0.3846153846153846,,,,,1.0,0.0,1.0,5.0,,1751710188563.2856,6.561428571428571,3.5142857142857147,5.0,1751710186271.0,1751710191271.0,1.0,0.0,0.0,23.020362388717444,1.5627755592214791,10.40597734318018,31.839630534487625,0.6544967205539148,333,0.5150692130694506,0.17565421989660904,0.39884283921961294,0.2684360517569308,0.08462606126614589,0.2855248855184907,-0.15438883746144624,0.15050204791665245,0.9213999274406939,0.12636862486379596,7.499515033959802,493.1427409497431,-28.024785672159446,306.0626689791089,416.2132712882536,1723.6244413275808,19.497139667255777,23.020362388717444
255.0,0.3633333333333333,0.007225,0.3884615384615384,0.0327958579881656,0.4166666666666667,0.4903846153846153,,,,,1.0,0.0,1.0,5.0,,1751710188563.2856,6.561428571428571,3.5142857142857147,5.0,1751710186271.0,1751710191271.0,1.0,0.0,0.0,22.285227509788257,1.1453888354027293,11.13387094239912,28.91160004493481,0.8076877787433941,139,0.4719889168808388,0.10953264428856824,0.45814637172362427,0.1564508338784734,-0.10614984053555851,0.1869232399968586,-0.15906027622390057,0.06272468382091952,0.9601078096118754,0.05279075089756545,-14.717233023329076,65.60936092804025,3.9559818628065577,52.201421941033445,158.42858540684878,103.2784552436432,18.012037172431686,22.285227509788257
256.0,0.3558333333333333,0.0069590277777777,0.3830769230769231,0.0246721893491124,0.4166666666666667,0.4230769230769231,,,,,1.0,0.0,1.0,5.0,,1751710188563.2856,6.561428571428571,3.5142857142857147,5.0,1751710186271.0,1751710191271.0,1.0,0.0,0.0,22.853748783004434,1.4016880302955286,11.977592091946798,30.569795463481658,0.814309935481846,160,0.5045333352063683,0.12473318054501317,0.4885228479169179,0.21125623423486198,-0.05174342386751626,0.21369406649352116,-0.161300733525547,0.06243737469725852,0.9584198881833705,0.05673492852742941,-0.3940485633302471,69.9951277101676,-6.19308301333856,70.61616259081417,181.3059975958445,139.25678082256744,18.878632901589846,22.853748783004434
257.0,0.365,0.0092055555555555,0.3399999999999999,0.0272994082840236,0.4166666666666667,0.3749999999999999,,,,,1.0,0.0,1.0,5.0,,1751710188563.2856,6.561428571428571,3.5142857142857147,5.0,1751710186271.0,1751710191271.0,1.0,0.0,0.0,23.692594961398278,2.1298793802034375,11.25522126668527,29.110255373907805,0.5664866160948033,494,0.4790032898555295,0.3905203546832391,0.28843037924654163,0.41787726752496834,0.09491430245750634,0.27951566053880983,-0.05639438598367559,0.14152238751602844,0.9407626047849778,0.06880718712349726,-26.19507211589771,129.47895320915845,40.894196533494096,149.44380892659942,322.22967550987255,399.07732865800295,20.382997302931397,23.692594961398278
258.0,0.3500000000000001,0.0065972222222222,0.3561538461538461,0.0289236686390532,0.4166666666666667,0.3846153846153846,,,,,1.0,0.0,1.0,5.0,,1751710188563.2856,6.561428571428571,3.5142857142857147,5.0,1751710186271.0,1751710191271.0,1.0,0.0,0.0,23.780904468957022,1.2963491092039252,10.563648803937497,31.591927099768288,0.8765529548481756,111,0.5011118029524477,0.07709770260413348,0.524055911443651,0.28518219877997053,-0.09879890947079795,0.15275642506278145,-0.19235388762354744,0.05407581311423917,0.9621210356261524,0.03642373242984616,0.0034714354342405152,35.491478655980664,-9.94623231235733,62.29192683702278,154.2597992462133,92.37937906460776,19.06569148427271,23.780904468957022
259.0,0.3458333333333332,0.0055034722222222,0.3315384615384615,0.0290467455621301,0.40625,0.3461538461538461,,,,,1.0,0.0,1.0,5.0,,1751710188563.2856,6.561428571428571,3.5142857142857147,5.0,1751710186271.0,1751710191271.0,1.0,0.0,0.0,22.856969426438813,1.7520833461815388,13.775850677365636,30.851469140925687,0.7127846062615294,311,0.5209638810587262,0.13275753931386108,0.45508125579997943,0.271522180363964,0.0240694821492207,0.26104656952079774,-0.17840795838889184,0.09800070355479706,0.9394668346248274,0.08558383671627282,13.504502393951192,97.64307349998296,-10.12586867871508,151.61703098701793,238.41939087443268,320.5073554173114,19.07497256071115,22.856969426438813
260.0,0.34,0.007525,0.3507692307692307,0.0268426035502958,0.4166666666666667,0.3846153846153846,,,,,1.0,0.0,1.0,5.0,,1751710188563.2856,6.561428571428571,3.5142857142857147,5.0,1751710186271.0,1751710191271.0,1.0,0.0,0.0,22.244423761330594,1.6198629252777534,11.973504680264398,26.814555578419288,0.566384427431901,617,0.46035634980933715,0.16291587100706378,0.2799636796234163,0.408891295852129,0.1557335271361676,0.34136777713930444,-0.09132388287710698,0.20741738147426034,0.8930531663130138,0.10250756029750822,-24.833904754847268,115.11181267831975,63.61163393811747,191.02424189179808,303.1528775513299,419.9276177389274,19.40119330748071,22.244423761330594
261.0,0.3383333333333332,0.0074055555555555,0.3615384615384615,0.0327810650887574,0.4166666666666667,0.3846153846153846,,,,,1.0,0.0,1.0,5.0,,1751710188563.2856,6.561428571428571,3.5142857142857147,5.0,1751710186271.0,1751710191271.0,1.0,0.0,0.0,21.651096591204798,1.2175665414562515,14.703145710577102,28.093347067993083,0.9532925754655079,75,0.5253505270631394,0.0640161874747335,0.6586594325377926,0.14358252580369205,-0.05008493267642364,0.1311718345174132,-0.30616806763878773,0.038313911419303064,0.9402280146441687,0.032655684458134,43.35251174576764,945.1657438134971,-242.7665264650606,5868.193565005537,553.455134263696,10188.215739379993,16.60180067783034,21.651096591204798
262.0,0.3408333333333332,0.0073395833333333,0.3676923076923076,0.039476923076923,0.4166666666666667,0.3846153846153846,,,,,1.0,0.0,1.0,5.0,,1751710188563.2856,6.561428571428571,3.5142857142857147,5.0,1751710186271.0,1751710191271.0,1.0,0.0,0.0,21.466261635071284,1.084958195733243,12.8390243231116,25.66500050963025,0.9109226097006571,86,0.5148386014931952,0.0510791268312319,0.6091870221046982,0.20753746832178394,-0.06892555209836952,0.11586421130095269,-0.2532872639875893,0.0507155285089481,0.9560336554712756,0.03335099363217553,35.826966431855034,368.89442532991063,-181.3037806883935,1857.8112637311915,535.6224031576023,4338.907884070519,16.890603946115956,21.466261635071284
263.0,0.3325,0.0087145833333333,0.3669230769230769,0.0350420118343195,0.4166666666666667,0.3846153846153846,,,,,1.0,0.0,1.0,5.0,,1751710188563.2856,6.561428571428571,3.5142857142857147,5.0,1751710186271.0,1751710191271.0,1.0,0.0,0.0,22.534590398397768,1.093132184595005,11.36908134771402,29.960215940110857,0.9402874489900996,67,0.5132436636914609,0.05863026183497295,0.6677283231116615,0.19893961883721412,-0.0678664962393089,0.11129512791763126,-0.2864894244499056,0.03329254059220379,0.948111442005857,0.030325490184516142,2.6290128973397953,45.55761084285197,-50.04742234636503,179.89080738053485,210.20378370715352,439.63986902410454,17.42738945057449,22.534590398397768
264.0,0.3216666666666666,0.0110444444444444,0.3992307692307692,0.0340171597633136,0.375,0.4807692307692308,,,,,1.0,0.0,1.0,5.0,,1751710188563.2856,6.561428571428571,3.5142857142857147,5.0,1751710186271.0,1751710191271.0,1.0,0.0,0.0,22.442098128070484,1.702007490497113,13.431022937586905,29.8370790661375,0.858782990617247,97,0.676393917142226,0.237184439766918,0.44449074455772586,0.28766061022114336,0.17728483668498252,0.21406528827382823,-0.10563815892647914,0.07748330607140837,0.943328337002553,0.1255824139821377,52.50643285668408,93.05494214981941,-16.028239857524593,240.57130378450216,195.13936216860563,518.4982996721718,19.996197487716685,22.442098128070484
265.0,0.3458333333333332,0.0100173611111111,0.3638461538461538,0.0288289940828402,0.4166666666666667,0.3846153846153846,,,,,1.0,0.0,1.0,5.0,,1751710188563.2856,6.561428571428571,3.5142857142857147,5.0,1751710186271.0,1751710191271.0,1.0,0.0,0.0,21.014615551457315,4.64410071450722,2.054689342137599e-06,29.200576745441467,0.7976264307451816,213,0.4929876668323509,0.16507415283589288,0.6430510083470171,0.2530683157651652,0.04456631128819247,0.3082493852339659,-0.2270360147988411,0.15096818892795263,0.8632051380202718,0.2893389792778699,9.17497243762723,224.8923077986339,-88.81820202730962,370.0461879456387,329.43646394109123,1082.2140891918673,15.759725821593161,21.014615551457315
266.0,0.345,0.0087527777777777,0.3238461538461538,0.0307153846153846,0.4166666666666667,0.3461538461538461,,,,,1.0,0.0,1.0,5.0,,1751710188563.2856,6.561428571428571,3.5142857142857147,5.0,1751710186271.0,1751710191271.0,1.0,0.0,0.0,207495731.08165023,5149908074.738962,14.027829236117354,127817357050.34662,0.9094075889821238,106,0.4964020800526303,0.05158998832818348,0.6609334572001192,0.16479301797133405,-0.08210643826432285,0.1334455378383505,-0.2884924050139426,0.060449387466369145,0.9417988472065568,0.04004209915530904,-4.323886183801803,71.73988479668381,-73.11015546174532,447.8304084512554,230.63506771041924,783.8077013987221,16.540816885128947,207495731.08165023
267.0,0.34,0.0073861111111111,0.3369230769230769,0.0261869822485207,0.4166666666666667,0.3461538461538461,,,,,1.0,0.0,1.0,5.0,,1751710188563.2856,6.561428571428571,3.5142857142857147,5.0,1751710186271.0,1751710191271.0,1.0,0.0,0.0,20.724827215080214,0.997690003994582,13.793018237837826,25.874458630530373,0.9120768069520472,79,0.5879046133693568,0.06061558709229134,0.5948442219018254,0.13177603031449095,0.02379155005130848,0.1319708730837693,-0.22862386822966896,0.07579355887939171,0.958952465670626,0.06661349882244237,40.70150532078352,263.40980810046193,-56.17919241382678,497.6861166523687,232.22855142823386,1273.4101817977207,17.14176437008367,20.724827215080214
268.0,0.3491666666666666,0.0093673611111111,0.3292307692307692,0.0296544378698224,0.4166666666666667,0.3461538461538461,,,,,1.0,0.0,1.0,5.0,,1751710188563.2856,6.561428571428571,3.5142857142857147,5.0,1751710186271.0,1751710191271.0,1.0,0.0,0.0,20.62001310112354,1.1903790272087822,12.474675480375424,26.337047064292484,0.8918929341315722,77,0.5320478628288116,0.11963984386265941,0.6071270320283525,0.13185683730270092,-0.04316637991731707,0.18407874973168795,-0.24196269724180822,0.05779317055585917,0.9485847866248532,0.05085309617501744,8.323428757756659,73.13294664207118,-39.304116577825624,122.9037869766631,197.48983460136125,310.5933801735405,16.45086445605681,20.62001310112354
269.0,0.3366666666666665,0.0070722222222222,0.3415384615384614,0.0333514792899408,0.375,0.3461538461538461,,,,,1.0,0.0,1.0,5.0,,1751710188563.2856,6.561428571428571,3.5142857142857147,5.0,1751710186271.0,1751710191271.0,1.0,0.0,0.0,20.14680020814185,1.524268092746983,10.481049020805685,28.126148822821,0.8684753670711425,134,0.5168848838364059,0.11533939337059293,0.6105947657513556,0.20064394932890714,-0.03310272887600193,0.2310081113510093,-0.22455958410963758,0.07338131700120241,0.9396408230044949,0.08282130945956691,34.8534327607681,809.3890914897759,-84.3220098047092,1472.5181273068067,357.1105537771466,5341.528133149205,16.230451165155298,20.14680020814185
270.0,0.3341666666666666,0.0073951388888888,0.3492307692307693,0.031884023668639,0.375,0.3461538461538461,,,,,1.0,0.0,1.0,5.0,,1751710188563.2856,6.561428571428571,3.5142857142857147,5.0,1751710186271.0,1751710191271.0,1.0,0.0,0.0,20.97817462293913,1.4009931640405544,13.132090808674787,25.33863595037514,0.8893554026177657,68,0.46467267685664565,0.10856022026738264,0.6080467888171114,0.12897925341134894,-0.13884496738783886,0.16740574525010438,-0.2539345284455359,0.05839070470653779,0.9396746278877518,0.04294951838877682,-10.297778623065321,93.27953595005874,-55.84102130419773,432.3810924982196,231.26347116251557,959.665868172741,15.908271959240306,20.97817462293913
271.0,0.33,0.0061,0.4169230769230769,0.04138224852071,0.375,0.5,,,,,1.0,0.0,1.0,5.0,,1751710188563.2856,6.561428571428571,3.5142857142857147,5.0,1751710186271.0,1751710191271.0,1.0,0.0,0.0,20.48072193754742,0.7743208915179867,12.743091874789528,24.16961244837178,0.943512101763817,42,0.5930739448820426,0.07158660461788866,0.5992598037250082,0.10664000006031246,0.020664356177858743,0.1025413660773328,-0.24147247308556477,0.06131685547131937,0.9622299408506443,0.03340250832455949,24.500004121851468,72.02890599367323,-29.873648549518336,130.75528480152323,158.6776981516939,266.19673131085204,16.831743250469298,20.48072193754742
272.0,0.3199999999999999,0.0070444444444444,0.3646153846153846,0.0446295857988165,0.375,0.4230769230769231,,,,,1.0,0.0,1.0,5.0,,1751710188563.2856,6.561428571428571,3.5142857142857147,5.0,1751710186271.0,1751710191271.0,1.0,0.0,0.0,20.332483115648657,1.480008242639133,10.739606302375464,27.52590965306221,0.8683709117131663,164,0.5411588688777451,0.15054281925076046,0.6187989430888325,0.20132480048958062,0.01990581278749826,0.17656551703439613,-0.29798434486244857,0.07095235074280591,0.9326853794261478,0.06880109698669322,-1.8557147071759932,96.59964133139071,-71.29592598146479,574.2136274157218,285.224292447776,1256.4539228420704,15.949460148271193,20.332483115648657
273.0,0.3258333333333333,0.0080340277777777,0.3415384615384615,0.0383810650887574,0.4166666666666667,0.3461538461538461,,,,,1.0,0.0,1.0,5.0,,1751710188563.2856,6.561428571428571,3.5142857142857147,5.0,1751710186271.0,1751710191271.0,1.0,0.0,0.0,20.96003120157463,1.2829607973790627,14.052238899069264,24.657115699265983,0.9071827154205545,95,0.5789963967587343,0.12099021297546565,0.5917448371088766,0.2022169956313062,0.042315305736151894,0.15578156266057422,-0.23864259316001643,0.0690859301621455,0.9545752416488688,0.032091286880032856,16.536500371678652,51.305294339745465,-27.12238773489039,69.46985517034078,178.7784899445003,110.98752678655066,17.209776069910028,20.96003120157463
274.0,0.3258333333333333,0.0066451388888888,0.3369230769230769,0.0347076923076923,0.40625,0.3461538461538461,,,,,1.0,0.0,1.0,5.0,,1751710188563.2856,6.561428571428571,3.5142857142857147,5.0,1751710186271.0,1751710191271.0,1.0,0.0,0.0,22.397648730288484,1.430904321038711,13.082892503792603,30.004565913070014,0.8848412456899256,140,0.4891500126439456,0.07477318480002516,0.6286439239652837,0.3263979515270998,-0.09343181864498372,0.1545634127703919,-0.28192279919477636,0.05584724471602811,0.9400142821072485,0.034334587350363585,-4.546294467017592,59.688721766726275,-70.57626162678046,428.51175461722545,259.65360622012696,789.6972165642601,17.0483644893918,22.397648730288484
275.0,0.3208333333333333,0.0061979166666666,0.3615384615384615,0.034792899408284,0.375,0.4134615384615384,,,,,1.0,0.0,1.0,5.0,,1751710188563.2856,6.561428571428571,3.5142857142857147,5.0,1751710186271.0,1751710191271.0,1.0,0.0,0.0,22.359040083367507,1.1139004341479044,12.603899927201256,29.54173551379851,0.8975911606990711,153,0.4695886028175006,0.06605686388720075,0.6212320774858051,0.31122701751277015,-0.11044316543054337,0.15798268673813268,-0.29903238924634346,0.05472740291682662,0.9320080347044403,0.04260763017133008,-10.889022975050123,97.17028301403849,-107.75573996616896,1907.3136189816562,329.3854704797884,3164.5063043380405,16.671346984598845,22.359040083367507
276.0,0.3083333333333333,0.0071527777777777,0.3638461538461538,0.0359887573964497,0.375,0.3846153846153846,,,,,1.0,0.0,1.0,5.0,,1751710188563.2856,6.561428571428571,3.5142857142857147,5.0,1751710186271.0,1751710191271.0,1.0,0.0,0.0,21.678804224049635,1.2781681106333547,12.615810127683744,30.440992712798504,0.9262628587461794,113,0.472072227905218,0.07069637455795266,0.6432038031194215,0.2338865822365647,-0.1127299585012847,0.16045774831714543,-0.30106683482721996,0.05054618063100863,0.9309717916995185,0.04081890614134929,-5.81832246579968,45.97009541712661,-57.09235585666112,263.8766377488008,230.33592741844214,490.6221866300025,16.145362565530217,21.678804224049635
277.0,0.3283333333333333,0.00935,0.3469230769230769,0.0376621301775148,0.4166666666666667,0.3846153846153846,,,,,1.0,0.0,1.0,5.0,,1751710188563.2856,6.561428571428571,3.5142857142857147,5.0,1751710186271.0,1751710191271.0,1.0,0.0,0.0,20.858429944665698,1.2945619931550947,15.318211018025414,36.50238231185901,0.9499780374349892,82,0.6175886125893315,0.11898747834672384,0.6088932358691306,0.15829997974583573,0.0919612253550834,0.15828257474706223,-0.27064345983911736,0.05122117298089343,0.9427938860534906,0.042221941102972345,28.1278946846294,43.757294828293844,-35.89222256779542,175.4553745832092,190.65269470002227,328.43945688224557,16.98684155099416,20.858429944665698
278.0,0.3325,0.0089229166666666,0.3499999999999999,0.030784023668639,0.4166666666666667,0.3461538461538461,,,,,1.0,0.0,1.0,5.0,,1751710188563.2856,6.561428571428571,3.5142857142857147,5.0,1751710186271.0,1751710191271.0,1.0,0.0,0.0,25.370263966252395,2.376996533015721,15.540529728937027,32.85109625579045,0.8928182201249693,134,0.45752837143128205,0.04634836996744143,0.5651382042512911,0.20844521804331897,-0.15237903200824446,0.14805061618031018,-0.2538645062587638,0.05266664635206611,0.9415998867722225,0.0324415411011213,-29.213726974574783,518.9772047429774,-103.07038025817872,1803.2359069622435,329.95083154559995,3385.3392711779993,19.06516059815209,25.370263966252395
279.0,0.3191666666666666,0.0073340277777777,0.3838461538461538,0.0415082840236686,0.375,0.4615384615384615,,,,,1.0,0.0,1.0,5.0,,1751710188563.2856,6.561428571428571,3.5142857142857147,5.0,1751710186271.0,1751710191271.0,1.0,0.0,0.0,22.147919497932147,2.5948413679964464,14.416387920686851,28.626043108674708,0.8783349398758338,153,0.47470399355138265,0.11639462476227062,0.5573577531995016,0.5719227125441315,-0.1031728551326529,0.2103166698218901,-0.23807643709249018,0.07790937557511293,0.9383407944808492,0.04397925685510906,-0.6070525008379377,221.81736694436466,-68.33652269433817,632.3617207683686,316.95647121474514,2064.6948107914936,17.068807672040986,22.147919497932147
280.0,0.3241666666666666,0.0087006944444444,0.3769230769230768,0.0387573964497041,0.40625,0.3846153846153846,,,,,1.0,0.0,1.0,5.0,,1751710188563.2856,6.561428571428571,3.5142857142857147,5.0,1751710186271.0,1751710191271.0,1.0,0.0,0.0,20.990792668726847,1.4993689655970421,11.121257147758222,27.298715560108565,0.8837560428037446,166,0.5449250667422255,0.10038056934866633,0.6341682774933112,0.3829373065958273,0.01927817706793558,0.1600765148294645,-0.2850810675354105,0.061590196117499364,0.9415140988176192,0.050182812239277674,79.18067641654453,934.0112357276755,-236.69571703295586,2778.151346621157,598.2167162184404,5245.457751957218,16.770690790137188,20.990792668726847
281.0,0.3383333333333334,0.0090722222222222,0.3538461538461538,0.0299408284023668,0.4166666666666667,0.4230769230769231,,,,,1.0,0.0,1.0,5.0,,1751710188563.2856,6.561428571428571,3.5142857142857147,5.0,1751710186271.0,1751710191271.0,1.0,0.0,0.0,21.825449915430223,1.5468502761172929,14.141558546612114,27.985456935171108,0.8765417351112181,161,0.512926558468758,0.1215317455930406,0.6351754013849478,0.20412397345177502,-0.02152224837278031,0.18933655040412373,-0.29499851293604357,0.06367509523593484,0.9327820180110977,0.05064335714004186,7.446638023114887,130.81397262233386,-90.02652359087499,451.4164096294839,307.2354715260814,872.222552368667,16.964095866083483,21.825449915430223
282.0,0.3175,0.0067979166666666,0.3523076923076922,0.0280094674556213,0.375,0.3846153846153846,,,,,1.0,0.0,1.0,5.0,,1751710188563.2856,6.561428571428571,3.5142857142857147,5.0,1751710186271.0,1751710191271.0,1.0,0.0,0.0,21.618049215550094,1.4474454058869057,11.977824164242708,26.1017605048338,0.7540297581135854,309,0.5459631986820936,0.15212424470040337,0.42775740420893577,0.30710324265075356,0.1002903794409106,0.22849592829600723,-0.1548797609428797,0.18235317309362095,0.9367299269516455,0.055784874929603864,18.785590969632114,165.98881345152867,0.6412954606194698,180.52373497386245,262.01580598581023,466.3363007894933,18.541710946905937,21.618049215550094
283.0,0.3258333333333333,0.0063673611111111,0.3576923076923076,0.0344526627218934,0.375,0.3846153846153846,,,,,1.0,0.0,1.0,5.0,,1751710188563.2856,6.561428571428571,3.5142857142857147,5.0,1751710186271.0,1751710191271.0,1.0,0.0,0.0,23.79766581331155,3.7717228541038232,11.201513873003153,31.34133881790419,0.91247396637335,58,0.7564055270430813,0.19166618307478953,0.4512575778176311,0.19295697530313446,0.3215130656972589,0.28503462824461506,-0.07798807154886224,0.1546691090907345,0.8838745752435834,0.06508638670540066,78.24898084504166,133.1689312907272,-29.492457327123255,283.1500656529817,206.4298102819597,714.02381615885,21.191195789187205,23.79766581331155
284.0,0.3133333333333333,0.0066833333333333,0.3484615384615384,0.0329236686390532,0.375,0.3461538461538461,,,,,1.0,0.0,1.0,5.0,,1751710188563.2856,6.561428571428571,3.5142857142857147,5.0,1751710186271.0,1751710191271.0,1.0,0.0,0.0,25.09577668564269,2.325959983585337,11.630534189625774,31.557227040542557,0.6876045863506316,371,0.5511452577920776,0.18410044685941043,0.3391898839862381,0.2589235588507105,0.1558266745764829,0.2704296333409614,-0.09654017008823026,0.15373343158886832,0.9287067585633093,0.0850879788662191,17.79794157422769,147.57673061867422,14.762785494377917,213.58854386057914,289.6804883790816,488.079855132378,22.004870365498796,25.09577668564269
285.0,0.3058333333333333,0.0074729166666666,0.3476923076923077,0.0281633136094674,0.375,0.3749999999999999,,,,,1.0,0.0,1.0,5.0,,1751710188563.2856,6.561428571428571,3.5142857142857147,5.0,1751710186271.0,1751710191271.0,1.0,0.0,0.0,23.823864044112394,1.967102514321063,10.842010100775958,28.213805831139783,0.5545862822125456,550,0.5782449381429859,2.8393444532262695,0.0005550609949309995,2.5533272411939327,0.1720510150240946,0.24409092826208864,0.11588043681581542,0.20051553402966438,0.9228425191596162,0.0752623455073539,-28.03741450535532,116.13446144440316,101.4982544421531,123.75768810155228,252.36320353730432,134.78158980349357,21.38462443401803,23.823864044112394
286.0,0.3108333333333333,0.0061256944444444,0.3376923076923075,0.0295437869822485,0.375,0.3749999999999999,,,,,1.0,0.0,1.0,5.0,,1751710188563.2856,6.561428571428571,3.5142857142857147,5.0,1751710186271.0,1751710191271.0,1.0,0.0,0.0,24.494584656524317,1.697619181351408,14.783943965498516,27.484511616838997,0.6750792702827456,258,0.5064195478050814,0.11070394541750854,0.21587240206999322,0.2519631297956844,0.0023154228676223955,0.19838213259723825,-0.06808529566325944,0.0968782250043765,0.9717794871981722,0.048076265188894456,-7.069151116466577,71.59840092361013,41.48772692591249,69.02792107969886,189.0531993278081,113.40097011401525,21.43283655257758,24.494584656524317
287.0,0.315,0.0050805555555555,0.353076923076923,0.0358396449704142,0.375,0.3749999999999999,,,,,1.0,0.0,1.0,5.0,,1751710188563.2856,6.561428571428571,3.5142857142857147,5.0,1751710186271.0,1751710191271.0,1.0,0.0,0.0,24.568525888193857,1.9643106524691285,11.97994686682379,28.291976627548628,0.7083139713899225,263,0.5233711919685224,0.15065413593681581,0.1974882913262343,0.46161430152604926,0.04184914623206515,0.2529454761465569,-0.0451563702462507,0.11664150363390746,0.9561929121319453,0.06631213959957385,-1.8444578515368033,151.4393331944956,53.878037139312205,177.76924860788637,224.54350922918115,482.3240472297622,21.394312483825477,24.568525888193857
288.0,0.2908333333333333,0.0077423611111111,0.3453846153846153,0.0320408284023668,0.375,0.3749999999999999,,,,,1.0,0.0,1.0,5.0,,1751710188563.2856,6.561428571428571,3.5142857142857147,5.0,1751710186271.0,1751710191271.0,1.0,0.0,0.0,24.431045152444835,2.731735225119897,13.487764199715995,29.10757010743568,0.7967199392518576,190,0.7128713939740575,0.1989826846902429,0.32550314739818254,0.21939204271553772,0.3236091834320965,0.24687976452558474,-0.019702789625405538,0.14226175021771545,0.8953952140494209,0.10977778785517979,47.93155199949713,104.8083667172746,0.2002509624998666,208.0161454102208,253.6243319409972,481.3951676002821,22.49551393629087,24.431045152444835
289.0,0.3066666666666666,0.0062333333333333,0.4146153846153846,0.043685798816568,0.375,0.5673076923076923,,,,,1.0,0.0,1.0,5.0,,1751710188563.2856,6.561428571428571,3.5142857142857147,5.0,1751710186271.0,1751710191271.0,1.0,0.0,0.0,22.839494643459254,1.438507523462286,13.928753902030834,27.03922073166534,0.9163920635349005,57,0.4945009423406318,0.09497871543269969,0.5140345600256612,0.14107215299711462,-0.1277217335198597,0.15582870832661455,-0.200560563483861,0.08209903702679604,0.95456732342688,0.035606224184670056,-2.1912108523537914,33.524526219230914,-9.556167715398596,39.69675270926023,129.0511220382741,74.75247147341932,17.937239556936657,22.839494643459254
290.0,0.32,0.0059333333333333,0.3161538461538461,0.0353426035502958,0.375,0.3461538461538461,,,,,1.0,0.0,1.0,5.0,,1751710188563.2856,6.561428571428571,3.5142857142857147,5.0,1751710186271.0,1751710191271.0,1.0,0.0,0.0,24.08692232155901,1.4582469080440377,13.10123211487936,28.980740554002896,0.4527210236397922,656,0.47644557561213796,0.8091631112797931,0.11398301721039336,0.8673198036587373,0.3131087172673972,0.28464427414081106,0.0383646023808467,0.15673254216541402,0.8854048560429487,0.10539852678610465,42.5965223266574,618.2220993674057,151.09325213076164,669.7937443466278,507.47292481164874,2545.7162243680996,22.58987469437615,24.08692232155901
291.0,0.3133333333333333,0.0059194444444444,0.3392307692307692,0.0306917159763313,0.375,0.3461538461538461,,,,,1.0,0.0,1.0,5.0,,1751710188563.2856,6.561428571428571,3.5142857142857147,5.0,1751710186271.0,1751710191271.0,1.0,0.0,0.0,24.457149163323454,1.7064256639551671,14.200721537537206,29.530106774534577,0.5933815830092226,443,0.5378421234912835,0.2171242098557303,0.2040805731007353,0.3157634138276142,0.16779060453940173,0.31854242660691146,-0.014931410335895453,0.203437351759294,0.9012356944686627,0.129249931059715,265.5311105265255,3905.5848558089087,-33.281833133217724,2630.3682976059877,1123.344150111812,15380.243078763438,21.98023560882035,24.457149163323454
292.0,0.3125,0.0083506944444444,0.3507692307692308,0.0303337278106508,0.375,0.3461538461538461,,,,,1.0,0.0,1.0,5.0,,1751710188563.2856,6.561428571428571,3.5142857142857147,5.0,1751710186271.0,1751710191271.0,1.0,0.0,0.0,23.143289218702915,2.238138497879154,13.58770805537055,29.18820298937528,0.759114302462267,234,0.5292586426240039,0.3313251375513325,0.3546646973236197,3.0081739764469106,0.03505856925650685,0.24929788833673955,-0.13528439304047443,0.15222897053288853,0.9432388559702676,0.0743727393989521,25.179624268440588,164.43162412485395,-18.294916391534414,361.7139325295182,310.26960154349877,852.817021820064,19.718578663079683,23.143289218702915
293.0,0.3158333333333333,0.0075756944444444,0.3453846153846154,0.0383130177514793,0.375,0.3846153846153846,,,,,1.0,0.0,1.0,5.0,,1751710188563.2856,6.561428571428571,3.5142857142857147,5.0,1751710186271.0,1751710191271.0,1.0,0.0,0.0,21.691795812617315,1.3794451034079818,11.773570794700358,27.862512896605523,0.7875304337762672,253,0.4788171814494095,0.18320314685887915,0.445683001381734,1.3463144263320204,-0.02196633609429016,0.2272975518131652,-0.2123180978116586,0.12692653928512254,0.9404972476576428,0.046842709617249984,-9.365731330745984,77.80325773070123,1.6031667935515272,121.75049889159787,217.4621805948185,178.9921029748543,17.403096693142835,21.691795812617315
294.0,0.3199999999999999,0.0073916666666666,0.3499999999999999,0.0354585798816568,0.375,0.3461538461538461,,,,,1.0,0.0,1.0,5.0,,1751710188563.2856,6.561428571428571,3.5142857142857147,5.0,1751710186271.0,1751710191271.0,1.0,0.0,0.0,13.959386430327022,10.280221692928883,3.948782082264102e-06,29.982954102881195,0.20292006222528458,1094,0.5110689372869351,3.0197788126769662,-0.31906005297675244,5.118809748030961,0.460107893707317,0.2994511867888713,0.5102799134472212,0.3434173361849596,0.5247093732017307,0.21306216291116992,-45.907288234276905,175.56035946085473,215.4096835060835,261.6387749927868,276.4749715343382,142.05544917744612,8.968429444076634,13.959386430327022
295.0,0.3083333333333333,0.00625,0.353076923076923,0.0324668639053254,0.375,0.3461538461538461,,,,,1.0,0.0,1.0,5.0,,1751710188563.2856,6.561428571428571,3.5142857142857147,5.0,1751710186271.0,1751710191271.0,1.0,0.0,0.0,14.274679811495687,8.64910468987398,5.832105764316981e-06,24.45820139446336,0.7030224030336752,383,0.5367048593115575,0.1638898547293901,0.4579052386928948,0.3713775051541628,0.10445306598608692,0.3353538791276338,-0.20797415597460606,0.17243475353653626,0.8864601225060492,0.13411011723318067,49.00680340375475,702.370033439744,-62.9923444121953,1401.7411092454072,431.24605194345963,3368.420469972501,11.217922356228705,14.274679811495687
296.0,0.3025,0.00755625,0.3853846153846153,0.0426917159763313,0.375,0.4615384615384615,,,,,1.0,0.0,1.0,5.0,,1751710188563.2856,6.561428571428571,3.5142857142857147,5.0,1751710186271.0,1751710191271.0,1.0,0.0,0.0,19.985872392017324,0.7895751223421836,11.115873984930031,22.84941873720606,0.9712398910506557,43,0.5749501539829127,0.04614650060887671,0.639196928257275,0.2997855998708697,0.008105304760186727,0.09117287111069053,-0.2845197632980521,0.04303915857943266,0.9525656377465587,0.03802895062383848,24.642756735492362,46.6199035828671,-40.27552303465067,130.17297445610697,176.7857576079612,241.33564683440366,15.959135081952482,19.985872392017324
297.0,0.3058333333333333,0.0077506944444444,0.3692307692307691,0.0362721893491124,0.375,0.4230769230769231,,,,,1.0,0.0,1.0,5.0,,1751710188563.2856,6.561428571428571,3.5142857142857147,5.0,1751710186271.0,1751710191271.0,1.0,0.0,0.0,19.561264479714332,1.215719655824712,10.044289305676564,23.38270410050962,0.9329085744727411,95,0.5588276083040293,0.3286627751702436,0.6581502341264391,1.2862707171876344,-0.014968767232872063,0.21216270591278874,-0.26456049083229777,0.07529488853112519,0.9359493142312598,0.05608647545901553,20.05879758166387,56.799726778078046,-36.22043865954641,134.74809397042227,189.9305731673558,245.85860260704408,15.460855173230902,19.561264479714332
298.0,0.3083333333333333,0.00625,0.3499999999999999,0.0312573964497041,0.375,0.3461538461538461,,,,,1.0,0.0,1.0,5.0,,1751710188563.2856,6.561428571428571,3.5142857142857147,5.0,1751710186271.0,1751710191271.0,1.0,0.0,0.0,20.7558822143303,1.498994240222828,11.12361452494243,27.860429257788358,0.7396499344415143,287,0.5757458328286649,0.6943076042458719,0.4343064944622564,0.9642990529016792,0.1643612950779284,0.2969466730735336,-0.16958734625908156,0.10669925493190678,0.9072094806461771,0.14747161445179424,29.267620237185948,120.94681297992942,-7.478758898902516,100.5686405902205,229.1512738225347,214.72427053397024,17.67436792994837,20.7558822143303
299.0,0.3075,0.00763125,0.3484615384615385,0.0316810650887574,0.375,0.3461538461538461,,,,,1.0,0.0,1.0,5.0,,1751710188563.2856,6.561428571428571,3.5142857142857147,5.0,1751710186271.0,1751710191271.0,1.0,0.0,0.0,22.542077705619864,1.0752579779154148,10.28478813702173,27.00222989250031,0.8629416961299196,73,0.5574061212626275,0.09413106465437689,0.41814336319134743,0.11444305864886967,-0.038597728010336105,0.15258645600942966,-0.13130772134306157,0.04883545859364215,0.9761296921861166,0.05287316771585896,11.724811383737746,55.65641270172506,1.140697067959799,46.294193112893765,131.68489715475764,106.23571937630717,19.107292346337612,22.542077705619864
300.0,0.295,0.0086,0.346153846153846,0.0286390532544378,0.375,0.3846153846153846,,,,,1.0,0.0,1.0,5.0,,1751710188563.2856,6.561428571428571,3.5142857142857147,5.0,1751710186271.0,1751710191271.0,1.0,0.0,0.0,21.36328470957674,2.1389088895569928,10.245367907539528,27.51124993468708,0.7738930711013665,250,0.5425104381803354,0.1523711574540912,0.4778351309051593,0.22454244857121,0.07615240807931681,0.2637647310382582,-0.18878197409199757,0.11080596142958303,0.9330670090935576,0.07860583756098535,66.87892696146639,1186.7425986378812,-65.40713051207408,1454.6094425564304,477.92366018929806,5482.266288719323,18.17065361206993,21.36328470957674
301.0,0.2958333333333333,0.00765625,0.3669230769230768,0.0285923076923076,0.375,0.3846153846153846,,,,,1.0,0.0,1.0,5.0,,1751710188563.2856,6.561428571428571,3.5142857142857147,5.0,1751710186271.0,1751710191271.0,1.0,0.0,0.0,21.689635780798515,1.474089134168783,15.460993533089848,29.56318048839015,0.8478716396679261,129,0.585739617023552,0.12895695708602067,0.49436231455460217,0.1735314752862531,0.06006186154511351,0.1942390898050124,-0.15884228875620413,0.09548070414431432,0.9570430122759886,0.091826514489957,54.755126669458384,1039.1471511501145,-24.732212520008588,352.0491144176956,288.93145414058677,2988.825707707233,18.531793433458382,21.689635780798515
302.0,0.2983333333333333,0.0064833333333333,0.3523076923076922,0.0341633136094674,0.3645833333333333,0.3749999999999999,,,,,1.0,0.0,1.0,5.0,,1751710188563.2856,6.561428571428571,3.5142857142857147,5.0,1751710186271.0,1751710191271.0,1.0,0.0,0.0,21.26040837614617,1.1046955692053273,10.619728159804431,25.186598371920656,0.8731972199803851,66,0.5528359468770286,0.1155737483289845,0.46246936522906495,0.12539076756858397,-0.02707694306023797,0.19233829832444396,-0.15210477764907634,0.05973565058056286,0.9661726572887723,0.04598345873149452,19.717011139775902,96.6097583335489,-14.221540999735677,136.26023376209722,179.09821919269882,406.50138177261033,17.85723546931035,21.26040837614617
303.0,0.3033333333333333,0.008475,0.3392307692307691,0.0296266272189349,0.375,0.3461538461538461,,,,,1.0,0.0,1.0,5.0,,1751710188563.2856,6.561428571428571,3.5142857142857147,5.0,1751710186271.0,1751710191271.0,1.0,0.0,0.0,21.77180682665279,1.6288538581983392,10.20210166579329,43.02834814540659,0.8318386040744212,126,0.619749910195075,0.09376095047935189,0.4732132615230779,0.11272415973996126,0.08078474750623561,0.1539037191785285,-0.16347966308481618,0.07424836536150393,0.9664124072297672,0.06019691027208224,28.468075080510605,59.63768668316398,-9.701548106743509,55.20287794886435,165.44203542482106,159.44987880149796,18.525228005747152,21.77180682665279
304.0,0.3033333333333333,0.0073638888888888,0.333076923076923,0.0262491124260355,0.375,0.3461538461538461,,,,,1.0,0.0,1.0,5.0,,1751710188563.2856,6.561428571428571,3.5142857142857147,5.0,1751710186271.0,1751710191271.0,1.0,0.0,0.0,21.409063449911624,1.1976606685248485,19.66307156379804,25.555529536790942,0.9283427325868754,21,0.5966553680075298,0.09214743819678438,0.4516704683740638,0.11626508324758636,0.01466329655053671,0.13229208562129083,-0.12314771267123797,0.07248516527435321,0.9804245125720757,0.02551985395455783,19.568055486971907,30.510556059937585,1.3117582654783586,23.319370704527536,127.64868158286681,39.13363755853918,18.600031712018144,21.409063449911624
305.0,0.3025,0.0063756944444444,0.356153846153846,0.0356692307692307,0.375,0.3846153846153846,,,,,1.0,0.0,1.0,5.0,,1751710188563.2856,6.561428571428571,3.5142857142857147,5.0,1751710186271.0,1751710191271.0,1.0,0.0,0.0,20.950163592566486,1.0204291919218138,10.649693084779871,23.7993744953822,0.9392142741436249,31,0.5539175587013115,0.12360503139368038,0.5196638877082429,0.09865769549597316,-0.040659046550662256,0.18361978806336132,-0.17083172780827527,0.0649896521784226,0.964160893154223,0.040615892047201736,26.714289455958216,308.4616680512485,-25.455992381930216,284.02551028442065,180.73487868552996,830.8354324123479,17.291128522601714,20.950163592566486
306.0,0.3033333333333333,0.0070861111111111,0.3684615384615384,0.0324905325443787,0.375,0.3846153846153846,,,,,1.0,0.0,1.0,5.0,,1751710188563.2856,6.561428571428571,3.5142857142857147,5.0,1751710186271.0,1751710191271.0,1.0,0.0,0.0,21.316887293180653,1.007765339603434,16.357685294561676,25.29316307450224,0.8805915978339844,65,0.6097963419468543,0.09838799816637891,0.4850527859336293,0.101062003240667,0.050050889608764096,0.16456107981112264,-0.13973382877730947,0.07022769745140665,0.9711540861383946,0.053343393100389845,26.208297075720054,48.42484043825448,-23.136810683171895,256.8999214706737,179.82981533054235,584.149141521951,18.510924962104653,21.316887293180653
307.0,0.2883333333333333,0.0090166666666666,0.3484615384615385,0.0372431952662722,0.375,0.4230769230769231,,,,,1.0,0.0,1.0,5.0,,1751710188563.2856,6.561428571428571,3.5142857142857147,5.0,1751710186271.0,1751710191271.0,1.0,0.0,0.0,20.945551443802156,1.2199719170618955,11.397583191646856,25.595891531970068,0.8584184283326743,104,0.5774415471344255,0.1384906831023151,0.5060407371388248,0.15997286356096843,0.0466271042279574,0.2083323025391877,-0.15249762128849073,0.09072758094171088,0.9588033762884113,0.06065861885124526,13.371998202256515,105.7438239199464,-46.495286035392965,368.9949596912381,251.96521226315676,882.1726872433883,18.01438027042711,20.945551443802156
308.0,0.2883333333333333,0.0078361111111111,0.4076923076923077,0.0466272189349112,0.375,0.5384615384615384,,,,,1.0,0.0,1.0,5.0,,1751710188563.2856,6.561428571428571,3.5142857142857147,5.0,1751710186271.0,1751710191271.0,1.0,0.0,0.0,19.78533796799857,1.05222998640902,18.184058145131733,23.671646043758876,0.8945322229498428,39,0.5635927464349569,0.13720637132800104,0.5005986065615273,0.11894791444457924,-0.009338647033153038,0.20275527421094836,-0.1369489535507211,0.0607355577971383,0.9666764133285827,0.043982267317597086,16.78079996261186,48.8034106475815,-8.711895531136323,32.742704050947026,147.5077837892443,42.07864225638876,16.714616048181597,19.78533796799857
309.0,0.3074999999999999,0.0065895833333333,0.3392307692307691,0.0366680473372781,0.375,0.3846153846153846,,,,,1.0,0.0,1.0,5.0,,1751710188563.2856,6.561428571428571,3.5142857142857147,5.0,1751710186271.0,1751710191271.0,1.0,0.0,0.0,19.860097897689236,1.3453978475857449,11.384569202724812,24.79735967216829,0.8481534739873543,103,0.5904539434294822,0.13555437571679896,0.530484039782219,0.15053451992764613,0.057081203172648344,0.21689000940435774,-0.19361061574399058,0.08742010670161823,0.9472932105842189,0.08521024296223303,30.378625969027077,251.8686659781961,-45.38958367953362,903.7078454149614,236.17048814118542,2027.4157990463862,16.705891150673633,19.860097897689236
310.0,0.2908333333333333,0.0058673611111111,0.3492307692307692,0.0339550295857988,0.375,0.3461538461538461,,,,,1.0,0.0,1.0,5.0,,1751710188563.2856,6.561428571428571,3.5142857142857147,5.0,1751710186271.0,1751710191271.0,1.0,0.0,0.0,21.2800922375131,1.7583566722628903,13.889264252486267,25.62762098907449,0.30018334711247885,1011,0.3487063828189775,0.2482676179381706,0.02016161117664041,0.45245068983824166,0.24499090697242787,0.19644377310308822,0.3788658923915091,0.22435427318800222,0.8298691607183729,0.13785054692717122,-110.97110629489904,137.88216771341976,189.6652200721763,206.82132507432462,349.2894462541075,87.25613163299072,16.856377026773313,21.2800922375131
311.0,0.2925,0.0076034722222222,0.3538461538461537,0.0343195266272189,0.3333333333333333,0.3846153846153846,,,,,1.0,0.0,1.0,5.0,,1751710188563.2856,6.561428571428571,3.5142857142857147,5.0,1751710186271.0,1751710191271.0,1.0,0.0,0.0,11.127023036953839,10.96492449995122,4.6306171507351525e-06,28.840510727480726,0.2613903468976774,944,0.5806100540111329,3.0940215495185868,-0.059101339424846994,5.072552699627913,0.35523057107694966,0.4032264744424661,0.2688849874268084,0.3924416671489032,0.6425018699491839,0.2695520023133558,-21.27013311087694,179.01831010952324,121.67121514099213,260.45632687324746,273.1029704222886,150.13945967051637,7.041876341452983,11.127023036953839
312.0,0.2799999999999999,0.0069472222222222,0.35,0.0382396449704142,0.3333333333333333,0.3749999999999999,,,,,1.0,0.0,1.0,5.0,,1751710188563.2856,6.561428571428571,3.5142857142857147,5.0,1751710186271.0,1751710191271.0,1.0,0.0,0.0,24.52027118084938,0.8772520902052232,22.151358264657556,26.018477588149025,0.9150068049879682,0,0.5312306218140619,0.015859162326846008,0.5245048288046337,0.02314570287908757,-0.09382399823406559,0.024406793441807503,-0.1534809661139699,0.015719301885835157,0.983252865176647,0.003515065966261961,7.232631459088094,3.1849873590172533,-8.484780823534752,2.7996879679421958,121.06977012559456,5.5917219073670275,20.348208694045685,24.52027118084938
313.0,0.2916666666666666,0.0068055555555555,0.3615384615384615,0.0453846153846153,0.3645833333333333,0.3461538461538461,,,,,1.0,0.0,1.0,5.0,,1751710188563.2856,6.561428571428571,3.5142857142857147,5.0,1751710186271.0,1751710191271.0,1.0,0.0,0.0,25.74971461114534,1.1488881977547336,18.67898250542242,29.147838176745225,0.8885333533696447,65,0.5551486486056397,0.04918219255471297,0.5154388779339969,0.2809495784717137,-0.05220294017938947,0.11958801300022243,-0.14649039678317863,0.046569591178745914,0.9787792944145446,0.03676058990652042,12.604780348476297,20.012897628388384,-6.66054730526073,42.00752427218696,127.6876508940352,64.63008828655431,21.65557752438859,25.74971461114534
314.0,0.3025,0.0063756944444444,0.3384615384615383,0.0323668639053254,0.375,0.3461538461538461,,,,,1.0,0.0,1.0,5.0,,1751710188563.2856,6.561428571428571,3.5142857142857147,5.0,1751710186271.0,1751710191271.0,1.0,0.0,0.0,24.06881855912608,0.9665336910818682,13.744564114292723,28.565296841457357,0.9197828029892806,47,0.5245804208669497,0.05740860354497606,0.5420761391859987,0.10620732813991991,-0.09672141933923896,0.11823803053159673,-0.20554186309783115,0.03517925682210451,0.9656063467367277,0.028236210869073432,6.38840458855514,21.1808514524449,-10.353594850805313,36.03873669869653,131.87857605561402,77.87342167868253,19.291626130428646,24.06881855912608
315.0,0.2925,0.0078118055555555,0.3353846153846154,0.0266887573964497,0.375,0.3461538461538461,,,,,1.0,0.0,1.0,5.0,,1751710188563.2856,6.561428571428571,3.5142857142857147,5.0,1751710186271.0,1751710191271.0,1.0,0.0,0.0,21.867113172760725,1.2326952802765792,19.97431755420199,24.78565653772711,0.9021232044089708,31,0.6494819587281749,0.09856329831034402,0.47329112149940905,0.0650190420041212,0.10439331709337175,0.17099361912596342,-0.11853170953397658,0.06031314583630487,0.9698217953501499,0.04061329805389776,37.12867959112528,26.94503830408418,-2.906804155252769,9.200051950854377,135.66065078394746,35.88468640035528,19.32693502443294,21.867113172760725
316.0,0.2925,0.0048256944444444,0.3607692307692307,0.0279224852071005,0.3333333333333333,0.3461538461538461,,,,,1.0,0.0,1.0,5.0,,1751710188563.2856,6.561428571428571,3.5142857142857147,5.0,1751710186271.0,1751710191271.0,1.0,0.0,0.0,21.159071821001547,0.8454330966350113,14.29048057872257,24.24717920606851,0.9207470005529211,83,0.5647548508914281,0.09689600963044624,0.5613925445772996,0.1938988951852381,-0.006654019252317577,0.18016872159535322,-0.22419020627571223,0.08860512400878055,0.952440399151596,0.04770527354147638,58.93336463974845,525.0838682419152,-122.52269118414833,1139.6079469920676,421.4064881490266,2748.452221209691,17.2703473632787,21.159071821001547
317.0,0.2925,0.0089923611111111,0.3684615384615384,0.0276976331360946,0.3333333333333333,0.3846153846153846,,,,,1.0,0.0,1.0,5.0,,1751710188563.2856,6.561428571428571,3.5142857142857147,5.0,1751710186271.0,1751710191271.0,1.0,0.0,0.0,22.196311395221137,1.2917881731118266,19.07927561310651,25.966336243415476,0.9024699827439402,49,0.6505624384362397,0.08378543191885011,0.48397350288923363,0.10494961924627541,0.10830930306907248,0.1582301028603554,-0.1495630851827131,0.1022637680416913,0.962706747175704,0.060274761402340046,37.72732535704196,26.458904329805538,-6.102927460281684,22.70164966558053,139.19754812510104,44.31592782329991,19.234275460155846,22.196311395221137
318.0,0.2916666666666666,0.0077083333333333,0.3992307692307693,0.0401118343195266,0.375,0.5192307692307692,,,,,1.0,0.0,1.0,5.0,,1751710188563.2856,6.561428571428571,3.5142857142857147,5.0,1751710186271.0,1751710191271.0,1.0,0.0,0.0,21.184785602509763,1.8759290854513004,11.931791722072,27.918502962430235,0.7261450489251203,376,0.5345393868312959,0.6454999894953198,0.5021484149363592,0.5818590162757874,0.13457870487319065,0.2525700163021281,-0.21859214702813334,0.2040288317603585,0.9031391667938702,0.11464146238193323,18.59638933120162,288.71873294616404,-14.012534940658583,122.25754826385021,324.3450751171795,2540.58135849549,16.539467384806645,21.184785602509763
319.0,0.29,0.0063166666666666,0.3461538461538461,0.0356213017751479,0.3333333333333333,0.3846153846153846,,,,,1.0,0.0,1.0,5.0,,1751710188563.2856,6.561428571428571,3.5142857142857147,5.0,1751710186271.0,1751710191271.0,1.0,0.0,0.0,21.664421832056796,1.3694537509760396,19.1079410489754,25.36892262022202,0.7875351368936002,295,0.7215679717343451,0.0917307860532399,0.44181760600213704,0.09976510196425134,0.32324508436294036,0.27173070996725324,-0.15265196964084085,0.1139934062036146,0.8722105364472339,0.15726425171881267,89.15652365233741,59.640192375291576,2.241512239796574,25.080745340914675,208.1821544272918,89.5877159643318,19.48500546409204,21.664421832056796
320.0,0.2808333333333333,0.0056118055555555,0.3415384615384615,0.031694674556213,0.3333333333333333,0.3461538461538461,,,,,1.0,0.0,1.0,5.0,,1751710188563.2856,6.561428571428571,3.5142857142857147,5.0,1751710186271.0,1751710191271.0,1.0,0.0,0.0,21.12223475138266,1.742541581532742,10.383954175455896,27.52112582821873,0.5778238691241974,586,0.45829372586675726,0.2054011548897044,0.37277953330217506,0.33805349135959956,0.1133145903197306,0.25486537850798097,-0.13618422209759845,0.18517847164291198,0.9280844464017003,0.09026139111081036,-43.0125587183557,137.50484767141995,32.503298680450605,179.1134360021984,297.10141875734575,313.8997920755391,17.46045394375715,21.12223475138266
321.0,0.2866666666666667,0.00685,0.3438461538461538,0.0319177514792899,0.3645833333333333,0.3749999999999999,,,,,1.0,0.0,1.0,5.0,,1751710188563.2856,6.561428571428571,3.5142857142857147,5.0,1751710186271.0,1751710191271.0,1.0,0.0,0.0,21.629853628434894,0.639454162061071,18.980745834768687,23.510709967402207,0.8659796712854799,24,0.5513869349724069,0.053722244671645686,0.5299962129575654,0.09733603892599192,-0.06772033373247566,0.07436472120053526,-0.21371122636967743,0.032509150068206746,0.9710043288194612,0.01762835228521026,9.65921182107706,25.831532559036745,-9.465208827002417,23.36361173448447,121.2055353246268,41.68541280979807,17.596718051248732,21.629853628434894
322.0,0.2825,0.0068256944444444,0.3561538461538461,0.0248408284023668,0.3333333333333333,0.3846153846153846,,,,,1.0,0.0,1.0,5.0,,1751710188563.2856,6.561428571428571,3.5142857142857147,5.0,1751710186271.0,1751710191271.0,1.0,0.0,0.0,22.84140851850599,0.8629272940262849,20.84720507558741,24.20468993770588,0.8641551746081316,44,0.5127758945390847,0.06331848078752404,0.5701489997890027,0.09788108370305933,-0.12130562593512055,0.05435565283690085,-0.226705807431941,0.02195625477963829,0.9645309646896284,0.011653883813755388,-0.41877685192944,37.53405388660605,-10.723348627408047,33.57803869619759,117.51848862451637,51.32099609290436,18.029003414065254,22.84140851850599
323.0,0.2866666666666666,0.00685,0.3538461538461538,0.0270414201183432,0.3645833333333333,0.3846153846153846,,,,,1.0,0.0,1.0,5.0,,1751710188563.2856,6.561428571428571,3.5142857142857147,5.0,1751710186271.0,1751710191271.0,1.0,0.0,0.0,23.220578872583975,0.9428285447322046,21.53254694873148,26.3821806962713,0.8723717005031645,37,0.595218644028168,0.1194271733696329,0.4988311311566171,0.09902326707551652,0.02069157668317427,0.19245152686948924,-0.1473214944723368,0.07204456155212573,0.9667258949303118,0.033421619914660715,22.959269050593733,41.95042001028905,-3.2298158147228477,24.64623620961242,128.52757583152882,45.48317670141376,19.79012246666959,23.220578872583975
324.0,0.2883333333333333,0.0072111111111111,0.3538461538461538,0.0275739644970414,0.3333333333333333,0.3846153846153846,,,,,1.0,0.0,1.0,5.0,,1751710188563.2856,6.561428571428571,3.5142857142857147,5.0,1751710186271.0,1751710191271.0,1.0,0.0,0.0,24.72699900525643,1.046076260830413,22.281350517360504,29.229837860255515,0.9395397624635112,4,0.5309204550903964,0.042602852349092786,0.4958206806490462,0.034779586380225117,-0.10771050953970429,0.07452181804553218,-0.17110122965806512,0.026836311832875975,0.9760315000215197,0.014726562240592055,6.8313195723348485,9.075130943608471,-4.752636019538304,3.560303282906732,107.24918760466016,15.310588766234908,20.178663486898134,24.72699900525643
325.0,0.2833333333333332,0.0070138888888888,0.3523076923076922,0.026175147928994,0.3333333333333333,0.3846153846153846,,,,,1.0,0.0,1.0,5.0,,1751710188563.2856,6.561428571428571,3.5142857142857147,5.0,1751710186271.0,1751710191271.0,1.0,0.0,0.0,25.036884419114983,1.5550351217022649,21.96419048039961,28.43568566067242,0.910298689818414,6,0.5625680723904042,0.10631910120013328,0.47566813831803917,0.06841060062926506,-0.05356106307562226,0.18062782807815675,-0.14163011322379268,0.07153793960602776,0.9688789944541497,0.025149600785113153,15.80341882058009,27.35680740469364,-1.7674589567980394,8.374260279673177,109.93136198528184,20.254836629009734,20.854414424539943,25.036884419114983
326.0,0.2749999999999999,0.0061111111111111,0.3546153846153846,0.0274727810650887,0.3333333333333333,0.3846153846153846,,,,,1.0,0.0,1.0,5.0,,1751710188563.2856,6.561428571428571,3.5142857142857147,5.0,1751710186271.0,1751710191271.0,1.0,0.0,0.0,23.75722361665655,1.0834744241905423,13.652249024593212,28.378478064205076,0.9365883650918715,47,0.5533187881469055,0.06972988373462914,0.5883501948528466,0.10715860517869535,-0.03366543149043187,0.12419723260044553,-0.2290390025850827,0.05635277213158963,0.9627417888690266,0.030846827150381454,27.016679517425686,272.0540481481885,-46.34644519959697,459.3104918456155,221.15911867732885,1465.0509334269404,19.19443637238642,23.75722361665655
327.0,0.2908333333333333,0.0077423611111111,0.3492307692307692,0.0344284023668639,0.375,0.3846153846153846,,,,,1.0,0.0,1.0,5.0,,1751710188563.2856,6.561428571428571,3.5142857142857147,5.0,1751710186271.0,1751710191271.0,1.0,0.0,0.0,24.475524653831407,1.1682030506207919,12.297631552585411,28.30384682430659,0.9235900001300973,27,0.6109691915723418,0.11062107577890977,0.48332059750055195,0.09250875112321434,0.04045206268618891,0.17471270189991167,-0.1340889836576902,0.08806229908939511,0.9700982605194705,0.032337179323708866,27.483913560833575,49.80915000179531,-17.910604976742672,208.58472802868812,163.23333086459644,543.2406531382583,21.080622522743216,24.475524653831407
328.0,0.2883333333333333,0.0083222222222222,0.3576923076923076,0.0299556213017751,0.3645833333333333,0.3749999999999999,,,,,1.0,0.0,1.0,5.0,,1751710188563.2856,6.561428571428571,3.5142857142857147,5.0,1751710186271.0,1751710191271.0,1.0,0.0,0.0,23.11032004323385,0.5843384595003978,21.790243393655945,26.66551192808074,0.9023742720640875,20,0.7348711050963879,0.0621176070163476,0.4374908858344009,0.05152086763339709,0.24595250064693452,0.10101340556707525,-0.07145596470545988,0.044137740493971005,0.9568860238951656,0.08144860845667308,59.716123268789374,28.181226125035753,1.6500880659303039,10.434876275995752,139.893253228574,15.674324717677802,21.33730221517028,23.11032004323385
329.0,0.2883333333333333,0.0086,0.4038461538461538,0.0491272189349112,0.375,0.548076923076923,,,,,1.0,0.0,1.0,5.0,,1751710188563.2856,6.561428571428571,3.5142857142857147,5.0,1751710186271.0,1751710191271.0,1.0,0.0,0.0,23.695463280304704,1.6339868059065241,11.106273899542469,25.976838017470136,0.9325647917431606,5,0.5706397805387867,0.11167707602259913,0.49928339191613946,0.03667265424831794,-0.028824823434029867,0.18133638083693795,-0.14761465414558775,0.04615637181026816,0.9680616423416565,0.07249091824291615,17.52497388822352,27.46162642342608,-5.451749839792693,7.650798523564991,117.04599732932324,21.12125991547927,19.706004094767668,23.695463280304704
330.0,0.2841666666666666,0.0072006944444444,0.3615384615384615,0.034792899408284,0.375,0.4519230769230768,,,,,1.0,0.0,1.0,5.0,,1751710188563.2856,6.561428571428571,3.5142857142857147,5.0,1751710186271.0,1751710191271.0,1.0,0.0,0.0,23.57065954384504,1.96140340298366,10.595652795752036,29.426530163412465,0.9172968675144383,46,0.5645222302139268,0.11986602731903276,0.5342565255902086,0.08790758530346979,-0.015241816307782926,0.20323160283357022,-0.1832079347304387,0.06389069097158813,0.9588127211209037,0.03916827712332854,25.02161794351461,201.35533590728323,-17.664287994299947,176.66213576370825,161.77178299568004,757.9334329114464,19.393863729672198,23.57065954384504
331.0,0.285,0.0057888888888888,0.3515384615384614,0.0341426035502958,0.3333333333333333,0.3461538461538461,,,,,1.0,0.0,1.0,5.0,,1751710188563.2856,6.561428571428571,3.5142857142857147,5.0,1751710186271.0,1751710191271.0,1.0,0.0,0.0,24.811830220145247,0.9696662788412038,17.559077993411933,27.738434168032875,0.8952469296812192,40,0.5090098160751109,0.05655620921286961,0.5250718676536822,0.12417236965282087,-0.11478993161977082,0.09960042692832213,-0.18590004465590032,0.03301398149254509,0.9699349194949495,0.022136693977163842,3.3443357893136816,34.75103719995248,-11.560753674166753,47.30100622717288,137.5245701412273,120.61000373169354,19.95971900113711,24.811830220145247
332.0,0.2774999999999999,0.0058756944444444,0.3376923076923077,0.0307863905325443,0.3333333333333333,0.3461538461538461,,,,,1.0,0.0,1.0,5.0,,1751710188563.2856,6.561428571428571,3.5142857142857147,5.0,1751710186271.0,1751710191271.0,1.0,0.0,0.0,25.490722560315117,0.6812622128091365,24.218771440899825,27.22106036323424,0.9290646486524604,2,0.5024228016546038,0.05058004147118082,0.5319869620599749,0.03766301583576551,-0.14454360205009673,0.07093209970426519,-0.20407513524367152,0.029517644726480555,0.9651489013032416,0.0070879441290159365,1.3248750724844442,13.28677368783945,-8.042751066076596,8.77946389517012,107.96251409992648,9.5197595526796,20.06267447308118,25.490722560315117
333.0,0.2841666666666666,0.0085201388888888,0.3161538461538461,0.0269402366863905,0.375,0.3461538461538461,,,,,1.0,0.0,1.0,5.0,,1751710188563.2856,6.561428571428571,3.5142857142857147,5.0,1751710186271.0,1751710191271.0,1.0,0.0,0.0,23.32274462486222,0.9032327734860484,16.026636712495996,26.90023728430907,0.9134341699782371,75,0.49325308633314496,0.0843463719701524,0.5134049738639664,0.22842092393415556,-0.11635497101719922,0.13437811018590348,-0.2016794522173706,0.1422271520559317,0.9523674469724427,0.023018565343485183,-4.600330412420437,36.60103716851179,-1.6364887053405448,59.13676823321709,140.07080231359055,73.49975995032285,18.281490312334675,23.32274462486222
334.0,0.2841666666666666,0.0069229166666666,0.3538461538461538,0.0333136094674556,0.3645833333333333,0.3461538461538461,,,,,1.0,0.0,1.0,5.0,,1751710188563.2856,6.561428571428571,3.5142857142857147,5.0,1751710186271.0,1751710191271.0,1.0,0.0,0.0,23.5486275704085,0.9001115588690447,21.272851380857603,25.195506666605677,0.9693750564193517,0,0.4913604873086903,0.08858682692878189,0.5349222657540706,0.08657324822990416,-0.13986152886608372,0.12470863078968551,-0.18540911086039158,0.06198861123884349,0.9624892448309709,0.01725489313479715,-1.0672896787525712,19.87117354651594,-11.150828987022475,10.63929401839603,126.44097519506623,17.23180523078584,18.62900856332366,23.5486275704085
335.0,0.2825,0.0065479166666666,0.3615384615384615,0.0333727810650887,0.3333333333333333,0.3846153846153846,,,,,1.0,0.0,1.0,5.0,,1751710188563.2856,6.561428571428571,3.5142857142857147,5.0,1751710186271.0,1751710191271.0,1.0,0.0,0.0,25.0129514471201,0.9869695451177964,22.70492777806072,27.359623716961085,0.9266732967100061,1,0.5193393964740433,0.10189249636625057,0.47066973767528647,0.09122773848750666,-0.11466687927044754,0.14507176372361041,-0.16169510463334755,0.04312259638302371,0.9682417856638031,0.01809477077460947,4.741807634675646,20.521940516663825,-2.8450100600817056,11.483560905578848,113.49881472034798,12.525902247755598,20.221254282572716,25.0129514471201
336.0,0.2691666666666666,0.0069590277777777,0.3499999999999999,0.0291863905325443,0.3333333333333333,0.3461538461538461,,,,,1.0,0.0,1.0,5.0,,1751710188563.2856,6.561428571428571,3.5142857142857147,5.0,1751710186271.0,1751710191271.0,1.0,0.0,0.0,22.427254447485137,0.48923251774921617,21.18360804213393,24.12392561507448,0.9368984778371147,2,0.6132778502483082,0.09985116637727673,0.5117004902988538,0.06394566657392685,0.03386986392325433,0.1497764654996749,-0.16611159305688616,0.05840281764090296,0.9721737586250192,0.017753544246964504,25.96111593896458,22.153308134224883,-8.005747028874412,8.35061331639668,126.18266807805581,16.654632463697542,19.15487749976336,22.427254447485137
337.0,0.2858333333333333,0.0070840277777777,0.3184615384615384,0.0311266272189349,0.3333333333333333,0.3076923076923077,,,,,1.0,0.0,1.0,5.0,,1751710188563.2856,6.561428571428571,3.5142857142857147,5.0,1751710186271.0,1751710191271.0,1.0,0.0,0.0,23.96939935226132,0.7898005587857434,21.70091915648631,25.6748946200896,0.9571621657522319,0,0.4918329279697128,0.06181332555752274,0.5495930546005711,0.04074980140268289,-0.15069344312505545,0.08680620618750813,-0.20709602269179267,0.03951457095327797,0.9618641620115999,0.011436180049882965,-0.6038800202654887,12.268915168081678,-10.846432112480334,4.790762069139771,115.18195236335589,8.921988195551789,18.699495654944723,23.96939935226132
338.0,0.2708333333333332,0.0086979166666666,0.3015384615384615,0.0146366863905325,0.3333333333333333,0.3365384615384615,,,,,1.0,0.0,1.0,5.0,,1751710188563.2856,6.561428571428571,3.5142857142857147,5.0,1751710186271.0,1751710191271.0,1.0,0.0,0.0,22.91229368579664,1.9736661508076219,11.293535843504635,35.01945978817739,0.8135928446378877,192,0.6137376220641941,0.1599743717973591,0.5545611822233925,0.4031925274254552,0.1257969417868283,0.2648242086908755,-0.21258232668342653,0.10852164684645381,0.9204743144771625,0.09940929401855919,44.43124559990634,258.4494396940388,-89.87370512121007,1225.7659842515363,356.94985885579825,2966.03320123659,19.08479905241459,22.91229368579664
339.0,0.2908333333333333,0.0084368055555555,0.3576923076923076,0.0240976331360946,0.375,0.3846153846153846,,,,,1.0,0.0,1.0,5.0,,1751710188563.2856,6.561428571428571,3.5142857142857147,5.0,1751710186271.0,1751710191271.0,1.0,0.0,0.0,22.474639556635832,1.2076596712992247,17.47697379682031,27.474646803025667,0.8006092138886821,228,0.8640080599861203,4.214678868690876,0.5796264660638422,2.6685976761395382,0.36180015464050624,0.23857267447061714,-0.20350882032217538,0.1282576310984633,0.7941081735804855,0.35196966870081936,50.61515182998031,103.8709910556738,-11.668102846302842,39.955145649044766,148.57686796832937,75.05554000443583,17.474625399952966,22.474639556635832
340.0,0.2883333333333333,0.0081833333333333,0.3499999999999998,0.0279437869822485,0.3645833333333333,0.3461538461538461,,,,,1.0,0.0,1.0,5.0,,1751710188563.2856,6.561428571428571,3.5142857142857147,5.0,1751710186271.0,1751710191271.0,1.0,0.0,0.0,23.929012942556394,2.495559661347183,11.398123362896088,28.31959052506368,0.7018198692029778,338,0.5809402304883561,0.8989341796337822,0.3582592685108236,0.4689475153725641,0.11596666087079467,0.28709486583488464,-0.13815309895599087,0.14729136560956,0.9271412826343347,0.06213466697066443,23.53120428836924,257.84082063726765,13.859064175374057,513.0751426001078,309.55457447901443,1239.8236848572758,20.411719032371302,23.929012942556394
341.0,0.2741666666666666,0.0068118055555555,0.3646153846153846,0.0296,0.3333333333333333,0.4134615384615384,,,,,1.0,0.0,1.0,5.0,,1751710188563.2856,6.561428571428571,3.5142857142857147,5.0,1751710186271.0,1751710191271.0,1.0,0.0,0.0,27.149046805558296,0.5719247848771106,25.399476386720256,28.334206639898948,0.9631464619083199,2,0.6309449635562511,0.00997930443058369,0.5853626887556975,0.054177302896893126,0.05452753876704338,0.031648422698170066,-0.20209013162892894,0.04156715107721918,0.9763687131248416,0.01278070111194544,27.938419680291336,5.097764640294852,-15.856959051495608,7.388799680436613,122.67580825850582,12.834129873472413,23.12058411791274,27.149046805558296
342.0,0.2825,0.00800625,0.373076923076923,0.0434467455621301,0.3645833333333333,0.4038461538461538,,,,,1.0,0.0,1.0,5.0,,1751710188563.2856,6.561428571428571,3.5142857142857147,5.0,1751710186271.0,1751710191271.0,1.0,0.0,0.0,24.92258618655405,0.4001613569594514,23.822934060490976,25.95874715133682,0.9957783925323518,0,0.6267799242943205,0.008937959585568055,0.6038629263137036,0.021916912812651332,0.04897892486597061,0.013784338306649052,-0.23008483123919232,0.023433301258371914,0.9715418055730268,0.0054816594304075055,27.42668374848883,2.1248120433155666,-18.256925108024944,3.04627826519934,124.85996192794603,7.026192031125918,20.83089445919426,24.92258618655405
343.0,0.2774999999999999,0.0058756944444444,0.3423076923076922,0.0287721893491124,0.3333333333333333,0.3461538461538461,,,,,1.0,0.0,1.0,5.0,,1751710188563.2856,6.561428571428571,3.5142857142857147,5.0,1751710186271.0,1751710191271.0,1.0,0.0,0.0,24.173648515524786,0.3657743536341142,23.282062767669395,25.01862104333868,0.9899990533533175,0,0.6332949898250313,0.00923137677515082,0.5703368544800611,0.026819543849066502,0.05894811543663798,0.014886135028971431,-0.20099950210708226,0.032951617092705915,0.9771272169592577,0.006356301910023806,28.865069756538265,2.303966409169963,-14.37774427566992,3.520766743633133,125.35355167356374,6.648217017713045,20.59246794992315,24.173648515524786
344.0,0.2674999999999999,0.0073673611111111,0.3523076923076922,0.0295479289940828,0.3333333333333333,0.3461538461538461,,,,,1.0,0.0,1.0,5.0,,1751710188563.2856,6.561428571428571,3.5142857142857147,5.0,1751710186271.0,1751710191271.0,1.0,0.0,0.0,23.68449046004867,0.4746875288520624,22.60763844562118,24.76218906819899,0.981860981893098,0,0.6341980807101171,0.008204755280648344,0.5228958117994601,0.05340599788514217,0.06006580713342294,0.0172624289725102,-0.15352852671920053,0.04304094326572162,0.9852079113501084,0.006141138569103711,28.948123428813474,2.733447945504786,-8.707452924363997,6.342947972713162,125.05699141266018,7.713354295682358,20.65708043662914,23.68449046004867
345.0,0.2749999999999999,0.0065277777777777,0.3915384615384615,0.030987573964497,0.3333333333333333,0.4615384615384615,,,,,1.0,0.0,1.0,5.0,,1751710188563.2856,6.561428571428571,3.5142857142857147,5.0,1751710186271.0,1751710191271.0,1.0,0.0,0.0,24.104007414672562,0.7783020421759824,22.362091238884503,25.673254871682477,0.9716694225600865,0,0.6225729657821276,0.010312322281437457,0.5108120288323348,0.04422856911855095,0.03850172103317475,0.01612341685202416,-0.14787768623338315,0.03395208443123141,0.9875290335621131,0.0049665646753181605,25.699327363822942,2.2978660969623985,-7.08683173949511,5.073333169092299,121.85251719901602,5.7634443379463285,20.985596062801385,24.104007414672562
346.0,0.2741666666666666,0.0075756944444444,0.3569230769230769,0.0256828402366863,0.375,0.3461538461538461,,,,,1.0,0.0,1.0,5.0,,1751710188563.2856,6.561428571428571,3.5142857142857147,5.0,1751710186271.0,1751710191271.0,1.0,0.0,0.0,23.69204235324101,0.8088959172346433,21.8998134742481,25.770203104182368,0.9522347410396599,0,0.6266300530230057,0.025567973602642582,0.5334745272299767,0.02903436511199841,0.040653325939919036,0.039041751860158666,-0.17635412342844758,0.024654519193467752,0.9823875129190944,0.005562984715521518,26.022133151728486,5.544459886311477,-9.547125559252587,3.4970171476811083,119.08781252693922,7.707699059964675,20.38393008461123,23.69204235324101
347.0,0.2674999999999999,0.0077840277777777,0.3469230769230769,0.0226917159763313,0.3333333333333333,0.3461538461538461,,,,,1.0,0.0,1.0,5.0,,1751710188563.2856,6.561428571428571,3.5142857142857147,5.0,1751710186271.0,1751710191271.0,1.0,0.0,0.0,23.731203954144796,1.9557567087275702,19.5457932527974,29.34622161492126,0.9283332991299291,56,0.6118428133895221,0.11855557683043093,0.5510511426027828,0.11310146844764553,0.054525003016112024,0.18901038670494322,-0.19638705401959292,0.08159872918924188,0.9554880540340795,0.05617848744036777,47.811476129574196,367.96544863938107,-41.748816643085554,469.8567775699486,218.39961159536273,1338.1331552582158,19.991900405219624,23.731203954144796
348.0,0.2633333333333333,0.0053083333333333,0.3423076923076923,0.0227366863905325,0.3333333333333333,0.3749999999999999,,,,,1.0,0.0,1.0,5.0,,1751710188563.2856,6.561428571428571,3.5142857142857147,5.0,1751710186271.0,1751710191271.0,1.0,0.0,0.0,24.945191886921542,1.1054701328680014,10.836899646854636,26.921899663094383,0.9707330078839962,14,0.6678567978621917,0.08311351090704983,0.5185062115281946,0.0618088204259338,0.11218129708480502,0.12537213090511806,-0.16031559409759719,0.04092100332928586,0.9714731200300831,0.024003188011891535,64.33498463725965,916.2979773030539,-71.03027526255418,1926.278689173997,249.05258778627115,3976.6537146302812,21.767861206212945,24.945191886921542
349.0,0.2716666666666666,0.0068916666666666,0.3638461538461538,0.020485798816568,0.3333333333333333,0.3846153846153846,,,,,1.0,0.0,1.0,5.0,,1751710188563.2856,6.561428571428571,3.5142857142857147,5.0,1751710186271.0,1751710191271.0,1.0,0.0,0.0,25.076351657481624,0.945977960660704,12.864851922897309,27.8392986588554,0.9565529031394047,27,0.5753967845580663,0.08907347845906208,0.46508005687571713,0.07017141345973998,-0.03226381122136815,0.14159898956487757,-0.1442063496519562,0.0339260368501733,0.9780721573488964,0.01883629366145274,14.543392067121653,29.256062212454246,-0.5768244130257159,18.73473392705153,117.06069059730716,44.69388846186421,21.220415821621366,25.076351657481624
350.0,0.2666666666666666,0.0079166666666666,0.3569230769230768,0.0300615384615384,0.3333333333333333,0.3749999999999999,,,,,1.0,0.0,1.0,5.0,,1751710188563.2856,6.561428571428571,3.5142857142857147,5.0,1751710186271.0,1751710191271.0,1.0,0.0,0.0,23.643595268776103,0.9016557163414892,20.015498065211112,27.086033544194223,0.9389829884201821,7,0.6087528687362348,0.07405149537194536,0.48361379150808664,0.0691890692494997,0.02141101497865208,0.1213276251903179,-0.13897727812389474,0.03770594527924441,0.9817874841689815,0.013832056132995015,26.582186085727418,35.7500700551547,-12.052860103125893,74.9643874194854,146.14907711980283,240.63780192811876,20.501176300885334,23.643595268776103
351.0,0.2925,0.00225625,0.3769230769230769,0.0302366863905325,0.3333333333333333,0.3846153846153846,,,,,1.0,0.0,1.0,5.0,,1751710188563.2856,6.561428571428571,3.5142857142857147,5.0,1751710186271.0,1751710191271.0,1.0,0.0,0.0,22.960522108348997,1.0286282368614903,10.255573139630904,27.330560480909583,0.9340909461095884,38,0.6065520896195892,0.09220864526966077,0.5032777005076794,0.080957661535488,0.03225382257832894,0.15961747177871713,-0.16453017493785016,0.04612333029685379,0.9706339500457608,0.04667506212309133,30.086499021357177,71.66473021192417,-13.843635333173504,101.19965970793801,152.54020522251193,295.2165274631446,19.653763928083478,22.960522108348997
352.0,0.2966666666666667,0.0041416666666666,0.33,0.0314846153846153,0.3333333333333333,0.3749999999999999,,,,,1.0,0.0,1.0,5.0,,1751710188563.2856,6.561428571428571,3.5142857142857147,5.0,1751710186271.0,1751710191271.0,1.0,0.0,0.0,25.340469089407165,1.0736162056641954,16.29259888775846,28.53327337373109,0.8748081792280278,76,0.6538556866880995,0.07724425570568652,0.504503598458867,0.1748258017954666,0.12546859804923968,0.12028371497302892,-0.15046391367083628,0.06760458198847591,0.9692840107873499,0.0555570703163785,40.4984251219262,83.49159170697739,-24.603766583453933,268.1025371885169,188.4307426228804,726.6238193293319,22.460598242803524,25.340469089407165
353.0,0.2808333333333333,0.0042923611111111,0.3607692307692307,0.0359698224852071,0.3333333333333333,0.3846153846153846,,,,,1.0,0.0,1.0,5.0,,1751710188563.2856,6.561428571428571,3.5142857142857147,5.0,1751710186271.0,1751710191271.0,1.0,0.0,0.0,23.371762273793628,1.3534183779412996,20.07993539286401,27.32667363403521,0.9590407806880286,1,0.532989651770257,0.12134700616220528,0.46884763021197,0.047667587249583254,-0.09103925927653923,0.17608416367073804,-0.14355340941013212,0.0288342185499599,0.9685833792118586,0.03376603546571083,8.304492850729863,26.460760101985947,-2.7318281147118006,7.45261338788465,120.666104475256,20.15715570538623,19.26112959543038,23.371762273793628
354.0,0.2774999999999999,0.0051118055555555,0.3838461538461538,0.0471295857988165,0.3333333333333333,0.5288461538461539,,,,,1.0,0.0,1.0,5.0,,1751710188563.2856,6.561428571428571,3.5142857142857147,5.0,1751710186271.0,1751710191271.0,1.0,0.0,0.0,24.196988488684138,1.1430994010137845,21.36785720730946,26.011331962408505,0.9751722664367637,0,0.6478113952253695,0.03837808403730473,0.5103524283449619,0.022901050217127093,0.06797097805893208,0.06522804083754616,-0.14023009339667758,0.03010287035440932,0.9851416367831104,0.0073992270572572315,29.82333201327708,9.601013491199227,-6.760689054583178,2.657921073040514,115.43863410934726,8.37159334664558,21.305167963713124,24.196988488684138
355.0,0.2841666666666666,0.0053951388888888,0.3338461538461538,0.0213278106508875,0.3333333333333333,0.3461538461538461,,,,,1.0,0.0,1.0,5.0,,1751710188563.2856,6.561428571428571,3.5142857142857147,5.0,1751710186271.0,1751710191271.0,1.0,0.0,0.0,23.55136139880032,0.7646119873337308,21.93382796103669,25.89008871294717,0.9577242063678726,0,0.6345254434710474,0.07919058514099737,0.4907647578053927,0.03616499775908793,0.05345926323713774,0.12404237066236184,-0.12638668253387803,0.03134134419848558,0.9822407453381972,0.004009641246820167,28.4502423100255,16.51620349496566,-4.869999585608013,4.102976910827661,117.69396336569606,8.319426362068915,20.70295754112903,23.55136139880032
356.0,0.2808333333333333,0.0060979166666666,0.3361538461538461,0.0207579881656804,0.3333333333333333,0.3749999999999999,,,,,1.0,0.0,1.0,5.0,,1751710188563.2856,6.561428571428571,3.5142857142857147,5.0,1751710186271.0,1751710191271.0,1.0,0.0,0.0,24.308043321436205,1.5019674924393072,17.51471200118767,26.69101445492958,0.935265693445197,36,0.6125557097324712,0.09425376795466377,0.4847652598725153,0.12805850174617422,0.02794872962430148,0.15339146348431418,-0.14110466430576815,0.050689968059574535,0.9760703916945889,0.02276620347406755,26.407674706624107,33.598731269787834,-13.282855184114222,101.69570987263798,142.1966204693001,233.78964722315544,20.991374341081166,24.308043321436205
357.0,0.2799999999999999,0.0061833333333333,0.3538461538461538,0.0224852071005917,0.3333333333333333,0.3846153846153846,,,,,1.0,0.0,1.0,5.0,,1751710188563.2856,6.561428571428571,3.5142857142857147,5.0,1751710186271.0,1751710191271.0,1.0,0.0,0.0,24.823352057655587,1.015855916458917,17.36935869228172,29.28278422420684,0.9018612936616146,57,0.6170278804777668,0.08863351791526614,0.47722494529208886,0.327790853011982,0.040483931023375934,0.15927858255982758,-0.11511931425051855,0.04387833042535472,0.9777057259429421,0.04392363614314939,31.627827393231875,63.26956595367336,-10.821066480322472,88.13141480665728,153.23820006848845,294.3486019162157,21.775901025226034,24.823352057655587
358.0,0.2691666666666666,0.0052923611111111,0.3676923076923077,0.0262224852071005,0.3333333333333333,0.3749999999999999,,,,,1.0,0.0,1.0,5.0,,1751710188563.2856,6.561428571428571,3.5142857142857147,5.0,1751710186271.0,1751710191271.0,1.0,0.0,0.0,26.82522548024823,0.7085650595721952,25.130355035367536,28.07467839534951,0.9273105593132766,0,0.7131692182212183,0.03203537088853105,0.4776626936395355,0.0405348975630046,0.1861392432432103,0.05783138599007638,-0.0789335525099846,0.041612847728839594,0.9767215257172209,0.008048924509896322,48.25779449869516,9.527886566452498,-3.4247931106766902,4.630416540801657,127.55174095392218,8.58097991929945,24.673327454762916,26.82522548024823
359.0,0.2783333333333333,0.0046138888888888,0.35,0.0288905325443787,0.3333333333333333,0.3846153846153846,,,,,1.0,0.0,1.0,5.0,,1751710188563.2856,6.561428571428571,3.5142857142857147,5.0,1751710186271.0,1751710191271.0,1.0,0.0,0.0,25.106998021901685,1.9337851052934867,20.62341923193536,29.459219921681317,0.9615963263683849,4,0.6293613613228686,0.11629909690524186,0.4659361559920484,0.05832698999595474,0.052392339574775744,0.1765776255055095,-0.10145870123464605,0.052765137313657326,0.976070998083132,0.01762019988236053,27.961867957703127,25.39534029768579,-2.055115948155978,6.726916090821146,119.82103356005898,24.88529609474744,22.056666441380077,25.106998021901685
360.0,0.2816666666666666,0.0062194444444444,0.3592307692307692,0.0223437869822485,0.3333333333333333,0.3846153846153846,,,,,1.0,0.0,1.0,5.0,,1751710188563.2856,6.561428571428571,3.5142857142857147,5.0,1751710186271.0,1751710191271.0,1.0,0.0,0.0,25.099647872961032,1.0904152426207148,12.6198536683923,27.69711121390294,0.9618167781225088,3,0.5886576852775798,0.12022643571741133,0.3786258087001785,0.060574831530775836,-0.01732164342037781,0.19812331417704152,-0.04865483014497875,0.049884255767250654,0.9774114048554686,0.017096199503971756,20.967104759835056,26.64380262382259,6.572363080079337,8.653691685126566,112.19754725253081,22.41806832611063,21.925708614554413,25.099647872961032
361.0,0.2591666666666666,0.0043951388888888,0.3623076923076923,0.0301828402366864,0.2916666666666667,0.3749999999999999,,,,,1.0,0.0,1.0,5.0,,1751710188563.2856,6.561428571428571,3.5142857142857147,5.0,1751710186271.0,1751710191271.0,1.0,0.0,0.0,24.152509596343165,1.6205359441751999,15.782865903426917,27.829960883940355,0.9362354239826581,26,0.5248133406475629,0.1746581882522542,0.4043401519365345,0.14423735495738305,-0.087757594951032,0.25061073988086113,-0.07915499436609376,0.09833711600136981,0.95497209901012,0.0405740793162845,4.37153074860494,40.18844035379427,5.125659156505807,30.516918617851672,124.62202454147756,49.992903649170856,20.050199116077955,24.152509596343165
362.0,0.26,0.00615,0.3384615384615383,0.0334319526627218,0.3229166666666666,0.3846153846153846,,,,,1.0,0.0,1.0,5.0,,1751710188563.2856,6.561428571428571,3.5142857142857147,5.0,1751710186271.0,1751710191271.0,1.0,0.0,0.0,24.139931179691402,1.6950562231827704,19.387921204253885,27.243087501495427,0.9386589686354577,18,0.5020683429573947,0.14356295819036757,0.3668262246469271,0.16382151199944056,-0.13934410037416173,0.20711235510768,-0.06508104669931945,0.10573122817651787,0.9599181972712764,0.029576809569540438,0.9572477186635293,34.979748559198875,8.028376965818687,27.26723386858693,119.88397261362455,43.01156180471182,19.89396068637402,24.139931179691402
363.0,0.285,0.0057194444444444,0.3307692307692307,0.0270414201183432,0.3333333333333333,0.3461538461538461,,,,,1.0,0.0,1.0,5.0,,1751710188563.2856,6.561428571428571,3.5142857142857147,5.0,1751710186271.0,1751710191271.0,1.0,0.0,0.0,24.665841266045128,1.2785829733137173,21.064939208810184,27.16899727640928,0.9009116038673416,4,0.45464683883309237,0.09866232337085414,0.3054343566602072,0.14493864970869985,-0.22252884914515653,0.12273662963535636,-0.018992509922470664,0.10065544972039778,0.9612561511231523,0.030531645628014727,-9.193430959791886,20.5586863525339,16.34325444517422,18.156319393562065,111.45555175749577,19.67200664177299,20.013830155646872,24.665841266045128
364.0,0.2708333333333332,0.0061284722222222,0.393076923076923,0.0353426035502958,0.3333333333333333,0.4615384615384615,,,,,1.0,0.0,1.0,5.0,,1751710188563.2856,6.561428571428571,3.5142857142857147,5.0,1751710186271.0,1751710191271.0,1.0,0.0,0.0,24.2082466803733,1.2261929247990933,15.390330588689778,35.095665939988784,0.8834894455631965,110,0.5264922022441325,0.1333090731465711,0.4748277457900877,0.1527224554214037,-0.06033651623627825,0.20939450752812558,-0.15795681539270637,0.07136689233683984,0.9594835542265313,0.04364197155200959,9.978744549950537,76.37513288439598,-8.840168385974,114.83227701894764,190.59986962898964,538.1070087138406,19.937740967796415,24.2082466803733
365.0,0.2625,0.0043923611111111,0.3761538461538461,0.0342183431952662,0.2916666666666667,0.4519230769230768,,,,,1.0,0.0,1.0,5.0,,1751710188563.2856,6.561428571428571,3.5142857142857147,5.0,1751710186271.0,1751710191271.0,1.0,0.0,0.0,23.438272790262783,1.0559832820597355,20.076712154197526,29.9214516331252,0.9190411517437178,32,0.5521964743588395,0.11952991901666642,0.45724430160850793,0.12729467943944145,-0.06206615654437578,0.17451800795032416,-0.13795030432586497,0.07686180404676894,0.969530909059993,0.02816970548859624,10.222693021286567,35.83584540507235,0.7337665583052311,26.899492396271803,124.02978591984527,50.08700387120165,19.56732546436834,23.438272790262783
366.0,0.2733333333333332,0.0058444444444444,0.333076923076923,0.0342372781065088,0.3333333333333333,0.3461538461538461,,,,,1.0,0.0,1.0,5.0,,1751710188563.2856,6.561428571428571,3.5142857142857147,5.0,1751710186271.0,1751710191271.0,1.0,0.0,0.0,21.415444787742818,1.2015944116961534,10.813990233283544,26.493997686668195,0.9189104240454042,38,0.6025809506539436,0.05659645814099228,0.483343017891682,0.11844870817007905,0.0226005208052327,0.09587383010246549,-0.14971959388402278,0.06452125172453278,0.9811204333591618,0.03366134363378625,182.23453104452014,3980.1475203918444,-89.55893645573958,2127.536648289541,600.0465716223972,11520.945480259712,18.57192029952683,21.415444787742818
367.0,0.2816666666666666,0.0067055555555555,0.3446153846153845,0.0296426035502958,0.3333333333333333,0.3461538461538461,,,,,1.0,0.0,1.0,5.0,,1751710188563.2856,6.561428571428571,3.5142857142857147,5.0,1751710186271.0,1751710191271.0,1.0,0.0,0.0,64496082.226320006,1590321679.8946915,12.603145636787549,39213604952.5564,0.6591379724896843,402,0.4617667204012131,0.43612335746635744,0.40747789867193357,0.7623664091795093,0.03261782729713004,0.2471369685768698,-0.1420603372478467,0.144846077224414,0.9442877475186242,0.07146336079423028,-37.31753763988653,100.83756397439863,18.4241894194934,115.32340563272491,250.19342103448903,145.68280999965435,18.372979478687103,64496082.226320006
368.0,0.2691666666666666,0.0050840277777777,0.3499999999999999,0.0253402366863905,0.3333333333333333,0.3846153846153846,,,,,1.0,0.0,1.0,5.0,,1751710188563.2856,6.561428571428571,3.5142857142857147,5.0,1751710186271.0,1751710191271.0,1.0,0.0,0.0,21.966213547612032,0.8961125501261149,20.03113824561429,23.63926908145236,0.8818926325384617,34,0.4628522239418938,0.08918461306993088,0.5413886829471736,0.09150756917190747,-0.18989753336764276,0.11645325423966023,-0.20454143107126307,0.030375669523662784,0.9525076125121057,0.01895400402645018,-7.856050945444473,38.03582451245464,-10.811268648912874,34.90179404928801,124.35627654613226,44.15620087844411,16.806774292344535,21.966213547612032
369.0,0.2591666666666666,0.00488125,0.3446153846153845,0.0343763313609467,0.2916666666666667,0.3461538461538461,,,,,1.0,0.0,1.0,5.0,,1751710188563.2856,6.561428571428571,3.5142857142857147,5.0,1751710186271.0,1751710191271.0,1.0,0.0,0.0,20.418478605862088,0.6395959828964457,19.447647299279744,22.728126117658835,0.940344521579484,2,0.5683015813871314,0.08305886213454303,0.5315467258603043,0.04394447771029152,-0.04620966220578776,0.12642279108014778,-0.15471991242838087,0.03614243990986346,0.9779215277098364,0.017919405336134838,15.370308253616349,16.828318807400674,-9.580053993739234,7.065767842694273,119.74258358650862,14.73454543788298,17.122269026249803,20.418478605862088
370.0,0.26,0.0060111111111111,0.3546153846153845,0.0281828402366863,0.3333333333333333,0.3749999999999999,,,,,1.0,0.0,1.0,5.0,,1751710188563.2856,6.561428571428571,3.5142857142857147,5.0,1751710186271.0,1751710191271.0,1.0,0.0,0.0,20.82289212830654,1.7754348107784028,0.0,27.2748871341274,0.806398123319656,188,0.48787283980518265,0.11602740321154832,0.46601989370990166,0.19922115605357113,-0.07922830435641659,0.18385516354768608,-0.14119748989098044,0.07521477981534819,0.9662068330834832,0.028403516829121303,-14.197426161276521,68.46910590439892,10.185446674677026,69.88355156986704,162.39054069139578,105.64725791155044,17.21619833207463,20.82289212830654
371.0,0.2658333333333333,0.0041590277777777,0.3738461538461537,0.0356828402366863,0.3229166666666666,0.4519230769230768,,,,,1.0,0.0,1.0,5.0,,1751710188563.2856,6.561428571428571,3.5142857142857147,5.0,1751710186271.0,1751710191271.0,1.0,0.0,0.0,19.14314274026397,0.5682814353113432,16.199137067681942,22.80068297539826,0.9326270613736753,12,0.5719660215630302,0.05271412091503265,0.5489695668465293,0.07538502698728576,-0.040520083318310814,0.07350248934638114,-0.18093965472762602,0.057823722107761315,0.977724875739581,0.030572710727446724,14.681268383320488,16.622116612092793,-12.916817563175364,25.021039518046955,123.09785117959915,30.07366176474903,15.95804610519039,19.14314274026397
372.0,0.2608333333333333,0.0060979166666666,0.3938461538461537,0.0359502958579881,0.3333333333333333,0.5288461538461539,,,,,1.0,0.0,1.0,5.0,,1751710188563.2856,6.561428571428571,3.5142857142857147,5.0,1751710186271.0,1751710191271.0,1.0,0.0,0.0,19.79364780134632,2.5147692454741137,11.41532988398814,26.890309043150666,0.5173354891643038,683,0.4490697637064733,0.2578199078280133,0.5023937857822244,0.48328274819757583,0.1453708002992635,0.2751373167796053,-0.29480684711151595,0.17985903383285848,0.8789949212745595,0.10684527891335534,-45.587716430680956,142.28257772923308,-26.117360364327748,328.2621621839129,325.33303661168725,657.7960502640036,15.568427574452794,19.79364780134632
373.0,0.2575,0.0047701388888888,0.3407692307692307,0.0270420118343195,0.3229166666666666,0.3461538461538461,,,,,1.0,0.0,1.0,5.0,,1751710188563.2856,6.561428571428571,3.5142857142857147,5.0,1751710186271.0,1751710191271.0,1.0,0.0,0.0,22.1156650523966,1.1447064395962958,19.39469476726487,26.511830183011824,0.7820347027286635,195,0.6670855096483398,0.1111840261239089,0.4074856740643516,0.09677480750183881,0.16662532304153016,0.270392649829327,-0.12823416454996575,0.08731364791427552,0.928630717807321,0.11306076628526777,53.8808260396258,60.25756657152227,6.866506919442095,34.71931558147693,161.47793351110565,90.64018138852559,19.711883490429813,22.1156650523966
374.0,0.2591666666666666,0.0060618055555555,0.343076923076923,0.0280970414201183,0.3333333333333333,0.3461538461538461,,,,,1.0,0.0,1.0,5.0,,1751710188563.2856,6.561428571428571,3.5142857142857147,5.0,1751710186271.0,1751710191271.0,1.0,0.0,0.0,23.72021047872561,1.2376827451073802,11.794607469984236,30.64398429309594,0.782123880044907,137,0.5857561329042048,0.13291241650017227,0.4027481207653011,0.14375904588823557,0.030431875346701033,0.23291080481597917,-0.12748162198676327,0.07290231247848127,0.9584020765260077,0.06914497146450975,18.090570712000936,62.899851296127935,3.526278887642614,47.67129736662317,151.86884871225857,127.63047083332229,20.40038855237418,23.72021047872561
375.0,0.2766666666666666,0.0043583333333333,0.3438461538461538,0.0240479289940828,0.3333333333333333,0.3846153846153846,,,,,1.0,0.0,1.0,5.0,,1751710188563.2856,6.561428571428571,3.5142857142857147,5.0,1751710186271.0,1751710191271.0,1.0,0.0,0.0,23.777021574439516,1.4032170973471505,13.663783126828044,26.06809585500905,0.8675216192939424,49,0.5793014686002556,0.11097101368990726,0.4182320401812882,0.0887303029105149,-0.02957326925128741,0.16359513815308782,-0.09988302557693132,0.06580880905885766,0.9784988374952809,0.02491683175531351,15.10616330819027,41.7398655014583,3.6428238190114666,25.942189153284577,115.35479763013755,54.23538441099585,20.430251775242947,23.777021574439516
376.0,0.2716666666666666,0.0049472222222222,0.3246153846153846,0.0245656804733727,0.3333333333333333,0.3461538461538461,,,,,1.0,0.0,1.0,5.0,,1751710188563.2856,6.561428571428571,3.5142857142857147,5.0,1751710186271.0,1751710191271.0,1.0,0.0,0.0,22.665792942003247,0.9157032934744813,15.333470259058544,26.36452999301,0.7836123243026749,150,0.5264558282862801,0.10076964842266173,0.4375786974324878,0.20420912418430442,-0.060693928203365756,0.15615883019401378,-0.14208217660525055,0.11972666425248726,0.9673189046185149,0.04169204915516374,-0.31916499267494763,58.486004004158,7.196225808470963,66.60836293105528,145.98530983228702,100.51408678907862,18.678813223253965,22.665792942003247
377.0,0.2641666666666666,0.0058756944444444,0.3507692307692306,0.0279076923076923,0.3333333333333333,0.3749999999999999,,,,,1.0,0.0,1.0,5.0,,1751710188563.2856,6.561428571428571,3.5142857142857147,5.0,1751710186271.0,1751710191271.0,1.0,0.0,0.0,21.884708383051358,1.6699973446596406,19.43835855196079,26.14828517926631,0.8297780851064598,129,0.6704237931775204,0.07472082927687591,0.47795979334333094,0.07434870283678122,0.1553782069164076,0.21724505595688584,-0.1575681973877544,0.07783397543748016,0.9417331368233685,0.10473000232724783,50.3034918436277,40.01076620272927,-6.154362078448586,18.4620511778209,151.60479250553306,70.9573821222654,19.212277538784484,21.884708383051358
378.0,0.27,0.0063361111111111,0.3876923076923076,0.040996449704142,0.3333333333333333,0.4903846153846153,,,,,1.0,0.0,1.0,5.0,,1751710188563.2856,6.561428571428571,3.5142857142857147,5.0,1751710186271.0,1751710191271.0,1.0,0.0,0.0,21.30865060310712,0.9852916963807893,18.844888853838228,25.795437659779758,0.8565194457138646,99,0.7062083632111926,0.15000752564833902,0.4859814208794175,0.1064306748969524,0.1818957817494992,0.19834126417488926,-0.1542284799564686,0.07319975825113827,0.9356130043671097,0.15203508573664415,54.28944324262521,51.86066963399371,-5.599254028906134,18.531312213132512,138.96381174428063,53.39261119915389,18.749505859248067,21.30865060310712
379.0,0.2674999999999999,0.0061173611111111,0.3815384615384615,0.0343692307692307,0.3333333333333333,0.4903846153846153,,,,,1.0,0.0,1.0,5.0,,1751710188563.2856,6.561428571428571,3.5142857142857147,5.0,1751710186271.0,1751710191271.0,1.0,0.0,0.0,21.640017219499324,1.1090137856527829,13.270048107762308,26.481956008408314,0.873127659735529,81,0.6192197945572587,0.17597948959624304,0.4753400564433917,0.714776337778152,0.061784590297153004,0.19238270449949438,-0.13005453516657017,0.0989620372556077,0.9638070015045136,0.059846451894366146,33.873769390929326,80.57704771720465,-16.67139209337268,125.84994298688004,168.4594151320781,360.5743709360746,18.555392035654947,21.640017219499324
380.0,0.2616666666666666,0.0050722222222222,0.3392307692307692,0.0298633136094674,0.3333333333333333,0.3461538461538461,,,,,1.0,0.0,1.0,5.0,,1751710188563.2856,6.561428571428571,3.5142857142857147,5.0,1751710186271.0,1751710191271.0,1.0,0.0,0.0,22.895970457064806,1.786820824391664,11.035573665572642,25.888483722435403,0.8437168795097791,125,0.4629541455696239,0.22845157512329167,0.4400020443640165,2.721774570743514,-0.1589565847024357,0.16973034938144768,-0.19768445748383306,0.07133661949910251,0.9485855380835402,0.04441720442714711,-12.553472509845388,76.17173814150792,-33.321849050654755,179.5735733323031,198.0061124220547,404.06737530349454,17.72554362256476,22.895970457064806
381.0,0.2658333333333333,0.0061034722222222,0.3415384615384614,0.0290319526627218,0.3333333333333333,0.3461538461538461,,,,,1.0,0.0,1.0,5.0,,1751710188563.2856,6.561428571428571,3.5142857142857147,5.0,1751710186271.0,1751710191271.0,1.0,0.0,0.0,21.323939311317623,1.5476700800686964,15.89185003324717,29.778235920635943,0.8804043800950978,64,0.5626214701873441,0.09681500800023782,0.5339113316816111,0.19725947673722413,-0.02339844376564183,0.1713465909324546,-0.17408598634941785,0.06757957428269687,0.9658272464063298,0.0492719899719606,7.34946953430668,167.16370507095914,-67.49985143005698,1224.1566194393447,282.79251491518136,3162.760623837391,17.871111785989687,21.323939311317623
382.0,0.2549999999999999,0.0052527777777777,0.3546153846153846,0.0259343195266272,0.3333333333333333,0.3846153846153846,,,,,1.0,0.0,1.0,5.0,,1751710188563.2856,6.561428571428571,3.5142857142857147,5.0,1751710186271.0,1751710191271.0,1.0,0.0,0.0,22.126491648580586,1.4147307618806402,12.377286049656432,25.17525542343079,0.7852388462587973,169,0.49923007494199473,0.14751523247026152,0.4026349714007307,0.3328043851895715,-0.06613586833549165,0.16330653721679453,-0.11661646172893021,0.1413909085327892,0.9664099957869355,0.03823064197627087,-11.002761046404578,71.77770394770296,22.418753032545975,80.491015553959,161.93481976641974,107.62433497084717,18.377866754467533,22.126491648580586
383.0,0.2608333333333333,0.0043618055555555,0.3484615384615384,0.0257047337278106,0.2916666666666667,0.3461538461538461,,,,,1.0,0.0,1.0,5.0,,1751710188563.2856,6.561428571428571,3.5142857142857147,5.0,1751710186271.0,1751710191271.0,1.0,0.0,0.0,23.15976182455131,1.0626592608320375,15.381367197894033,26.15842160137713,0.808242286957635,126,0.5171670371442176,0.1229858658287218,0.45312159206519415,0.17909001373748115,-0.09458046993068318,0.19947970473231513,-0.1675958990060401,0.06559229142580907,0.956886706428776,0.05727345910907764,3.526640540461799,51.69777658864875,-1.4692780625322683,54.27116427997209,139.4236534341381,79.93676295984116,18.853441576151603,23.15976182455131
384.0,0.2574999999999999,0.0060895833333333,0.3653846153846154,0.0295414201183431,0.2916666666666667,0.4134615384615384,,,,,1.0,0.0,1.0,5.0,,1751710188563.2856,6.561428571428571,3.5142857142857147,5.0,1751710186271.0,1751710191271.0,1.0,0.0,0.0,20.409500833584914,1.4416008088763619,17.43470148877199,24.322418607869164,0.9870098420626618,5,0.39994948527547725,0.07327242961183658,0.60874163222319,0.06436510334965695,-0.25787082405164213,0.0927101216118055,-0.25107515156508897,0.028140975291170937,0.9277313485059778,0.01998251352191094,-24.061914455860478,20.530585237329134,-21.48458863209281,16.492310498561356,144.31406372715347,20.923686533305663,14.499295744613187,20.409500833584914
385.0,0.2624999999999999,0.0066840277777777,0.4007692307692308,0.043496449704142,0.3229166666666666,0.5288461538461539,,,,,1.0,0.0,1.0,5.0,,1751710188563.2856,6.561428571428571,3.5142857142857147,5.0,1751710186271.0,1751710191271.0,1.0,0.0,0.0,19.798713146858322,1.4652786710585257,11.256974462918809,25.059696018371387,0.9319038163260722,48,0.5450556066345335,0.10009703367168239,0.5824684545729412,0.19160557415921042,-0.03423440191694969,0.1515267393722607,-0.2190545760961087,0.1128716693521859,0.9554382309714474,0.048081227783463375,12.182378500659464,42.894284348798564,-35.08616356375264,157.49738097360995,182.78894524111126,322.6450283029769,16.01070542070023,19.798713146858322
386.0,0.2541666666666666,0.0059895833333333,0.3238461538461538,0.0276384615384615,0.3229166666666666,0.3461538461538461,,,,,1.0,0.0,1.0,5.0,,1751710188563.2856,6.561428571428571,3.5142857142857147,5.0,1751710186271.0,1751710191271.0,1.0,0.0,0.0,20.311637177181233,0.9625808109789897,13.059125284125043,23.90186078941827,0.9615991747695123,27,0.43498832148046396,0.0640736319224267,0.643322131250895,0.09172552666270374,-0.19782135472108092,0.10818836999608387,-0.25106546185335793,0.03756903078785125,0.9402436260502101,0.02588215584265706,-16.16644200846937,23.95832964764777,-43.58335671993205,273.2645485510732,186.31188635072044,550.3428638083345,15.03985875851461,20.311637177181233
387.0,0.2683333333333333,0.0048027777777777,0.3523076923076922,0.0264118343195266,0.3333333333333333,0.3846153846153846,,,,,1.0,0.0,1.0,5.0,,1751710188563.2856,6.561428571428571,3.5142857142857147,5.0,1751710186271.0,1751710191271.0,1.0,0.0,0.0,21.294521135720174,0.8717012514956817,11.233976051011242,23.95588428035497,0.9408869192087036,34,0.37552208697840195,0.09676123905454913,0.5685079993670752,0.10083222389874481,-0.28569407869635133,0.10539395115006754,-0.1991805123432868,0.028516469348184404,0.9308547010833316,0.017450568838879722,-29.612288293607705,42.713928263988265,-22.19203986665307,64.69537577112627,167.70688622543003,191.65151566846646,15.301162834279058,21.294521135720174
388.0,0.2699999999999999,0.0061972222222222,0.3515384615384614,0.0318940828402366,0.3229166666666666,0.3461538461538461,,,,,1.0,0.0,1.0,5.0,,1751710188563.2856,6.561428571428571,3.5142857142857147,5.0,1751710186271.0,1751710191271.0,1.0,0.0,0.0,19.56037593912693,0.8954201146141472,11.302383998271454,21.047253443295983,0.9362699358473857,38,0.48413654187730626,0.08298764186777033,0.5748579652804666,0.13566724016028497,-0.13080091410554429,0.13280870490163219,-0.21057729365645775,0.08299072639140694,0.9556625538032398,0.027434493119708588,-3.2228009831960884,41.1881201086955,-27.304972122066822,122.89134430785064,162.39446870185722,249.55018702948374,15.29600221907583,19.56037593912693
389.0,0.2666666666666666,0.0054861111111111,0.3407692307692308,0.0319532544378698,0.3229166666666666,0.3461538461538461,,,,,1.0,0.0,1.0,5.0,,1751710188563.2856,6.561428571428571,3.5142857142857147,5.0,1751710186271.0,1751710191271.0,1.0,0.0,0.0,19.88255478498092,0.972940803904414,11.823967316765849,24.718648294808816,0.9644748029819631,19,0.458118633077062,0.04909624360727614,0.640923478311224,0.09473304326604126,-0.16405914557803053,0.08626305642222716,-0.252366105622387,0.06254580757643854,0.9470612471310369,0.0335833846745117,-11.727675870377183,49.08751169977014,-39.810904158089905,179.0578670626964,173.48452964497133,347.63133879542266,15.021688383841182,19.88255478498092
390.0,0.2674999999999999,0.0042423611111111,0.3299999999999999,0.0269284023668639,0.2916666666666667,0.3749999999999999,,,,,1.0,0.0,1.0,5.0,,1751710188563.2856,6.561428571428571,3.5142857142857147,5.0,1751710186271.0,1751710191271.0,1.0,0.0,0.0,20.211013019504964,1.039902235369691,14.37070052525876,24.412508673496383,0.8607700929239651,156,0.5059770065560699,0.11628635878107225,0.5561281472907013,0.2377503605557519,-0.03183212961518151,0.16433772061235072,-0.23099052351833285,0.1392156425072743,0.9472061104091815,0.045666498406186855,-10.342612215293537,80.02876784640365,-70.3189413269287,934.2459201306132,306.79658246554004,1924.322611698705,16.113308396449092,20.211013019504964
391.0,0.2641666666666666,0.0076118055555555,0.3600000000000001,0.0507550295857988,0.3333333333333333,0.5384615384615384,,,,,1.0,0.0,1.0,5.0,,1751710188563.2856,6.561428571428571,3.5142857142857147,5.0,1751710186271.0,1751710191271.0,1.0,0.0,0.0,21.323888642248612,1.1471004793059063,0.0,32.38917458554625,0.9084599337432779,35,0.4836204183107776,0.04709279272664425,0.5094359127925071,0.09305644683757902,-0.15905435236310317,0.08743921517740624,-0.15168721545057606,0.05553365768611125,0.9696806081471937,0.02630636082849117,7.673688075191627,252.90843600494398,-42.30401483960237,723.7718514228274,213.96148254110068,1806.4497162469418,17.112019474254673,21.323888642248612
392.0,0.2558333333333333,0.0065284722222222,0.3923076923076922,0.0298816568047337,0.3333333333333333,0.4134615384615384,,,,,1.0,0.0,1.0,5.0,,1751710188563.2856,6.561428571428571,3.5142857142857147,5.0,1751710186271.0,1751710191271.0,1.0,0.0,0.0,20.890259106277828,0.6468494594079545,12.833248080483148,23.42212576025703,0.9330870839100608,15,0.4582602307252639,0.02817064246859123,0.555026364579117,0.06487897603319537,-0.18867291785707554,0.07447779747198549,-0.15579523217969604,0.04498310559628858,0.9654592877571069,0.02132689794266247,-7.349432773308342,14.98660149716088,-12.753358300426468,21.084292803575252,126.61847121818725,35.24161007993479,16.46768324472936,20.890259106277828
393.0,0.2566666666666666,0.0054416666666666,0.3507692307692308,0.0288544378698224,0.2916666666666667,0.3461538461538461,,,,,1.0,0.0,1.0,5.0,,1751710188563.2856,6.561428571428571,3.5142857142857147,5.0,1751710186271.0,1751710191271.0,1.0,0.0,0.0,20.554461214705036,0.6480993662925237,16.88834757553713,21.8973569709586,0.9498584154173004,8,0.43571124302761866,0.023438252979906992,0.592069345169934,0.09088010163065276,-0.21435390882178346,0.04862524820707062,-0.2006815422980805,0.05309548450525693,0.9530766531570075,0.015654746673899548,-15.581446550565119,37.995491102107806,-46.98342616343545,453.63981373818285,204.023597784811,1116.7502775008522,15.59020282062159,20.554461214705036
394.0,0.2558333333333333,0.0050701388888888,0.3484615384615384,0.0280715976331361,0.2916666666666667,0.3846153846153846,,,,,1.0,0.0,1.0,5.0,,1751710188563.2856,6.561428571428571,3.5142857142857147,5.0,1751710186271.0,1751710191271.0,1.0,0.0,0.0,19.800225497249436,1.078397683619873,15.29496130531692,24.2703969081316,0.8031206978397795,156,0.596392161117624,0.11662569764638685,0.484673837936718,0.10572912262939593,0.08114098546403693,0.21703147306094606,-0.15525996470285047,0.06503330439172211,0.9559939971947963,0.06404304633890724,25.616708270533675,51.45606811292286,-3.6306263067865863,38.95218282485248,170.52026062401774,96.8699550702296,17.178138815536382,19.800225497249436
395.0,0.26,0.0062194444444444,0.3423076923076922,0.0307248520710059,0.2916666666666667,0.3461538461538461,,,,,1.0,0.0,1.0,5.0,,1751710188563.2856,6.561428571428571,3.5142857142857147,5.0,1751710186271.0,1751710191271.0,1.0,0.0,0.0,21.163693574085972,1.1962870766054783,12.443438032543185,29.142029630457284,0.815672634541127,127,0.40663370388246034,0.08036026232318123,0.4591183477239202,0.21325455249443417,-0.23442115108914763,0.11416912413395307,-0.1813715142214091,0.043551555994639675,0.9470520816344761,0.018043166084906335,-35.675559820819515,63.308097209454424,-15.34343762929086,122.07041722115298,194.62894841005834,300.838790074483,15.781260820070631,21.163693574085972
396.0,0.2608333333333333,0.0065145833333333,0.3399999999999999,0.025701775147929,0.3333333333333333,0.3461538461538461,,,,,1.0,0.0,1.0,5.0,,1751710188563.2856,6.561428571428571,3.5142857142857147,5.0,1751710186271.0,1751710191271.0,1.0,0.0,0.0,21.23522335621973,0.8870162569458346,14.934806922195136,23.81296725782203,0.9015538806000815,56,0.4278570645373632,0.04832582574751497,0.5512426662982988,0.13994287216169687,-0.21279265347188783,0.09683454813971583,-0.2180658887357422,0.058769851720125964,0.9454713997586909,0.02075166295392203,-66.67985608026726,1635.6438756261139,-188.2295942430307,5557.261478400622,565.9769674425945,13390.045878909588,15.915543663005064,21.23522335621973
397.0,0.2525,0.00468125,0.3553846153846154,0.0231100591715976,0.2916666666666667,0.3846153846153846,,,,,1.0,0.0,1.0,5.0,,1751710188563.2856,6.561428571428571,3.5142857142857147,5.0,1751710186271.0,1751710191271.0,1.0,0.0,0.0,20.478426844930134,1.7044600872921107,10.567124249772418,27.287193913988045,0.7162986644966374,390,0.4922041892297001,0.1885254122142784,0.5709726034025331,0.2815649547992699,0.043569243089189955,0.3553319157870109,-0.25551373054427373,0.12695016813709084,0.8770861586322249,0.14600851270861,-5.239161824430072,130.814834992948,-37.22738585212421,254.98085899131297,250.39699888782295,507.74172086940206,16.18361724175163,20.478426844930134
398.0,0.2558333333333333,0.0072229166666666,0.3984615384615385,0.0374414201183432,0.3333333333333333,0.5288461538461539,,,,,1.0,0.0,1.0,5.0,,1751710188563.2856,6.561428571428571,3.5142857142857147,5.0,1751710186271.0,1751710191271.0,1.0,0.0,0.0,20.023463363180305,1.8838603260368856,11.00222499861624,24.288872487495897,0.4157730167961725,899,0.4486110198946336,0.3530767693949453,0.1949394421864685,0.609334438012858,0.2650141468006835,0.2786361947595946,0.11065705196452522,0.39888075756101665,0.8117352348722752,0.1490307777672654,-58.115599724268364,180.53664905389095,87.80332417829399,355.8723115239279,383.69123739678196,553.5947344491367,15.989573814299966,20.023463363180305
399.0,0.2566666666666666,0.0059972222222222,0.3869230769230769,0.0362372781065088,0.3229166666666666,0.4519230769230768,,,,,1.0,0.0,1.0,5.0,,1751710188563.2856,6.561428571428571,3.5142857142857147,5.0,1751710186271.0,1751710191271.0,1.0,0.0,0.0,21.32906887939307,3.1778400554418353,10.04774161851821,27.008687053733865,0.6439629772051711,440,0.47812060518965815,0.19741635050849818,0.37494723346252123,0.35998092815735844,0.10349243135450038,0.2760189446728454,-0.12365048795665211,0.22132317459306514,0.9164297019671591,0.09553528180404018,-12.197060781453509,137.34024748612873,20.80573528438492,212.5576086419505,336.93393242368035,561.9510723767331,17.897549694791973,21.32906887939307
400.0,0.2724999999999999,0.0067506944444444,0.3546153846153845,0.0326798816568047,0.3333333333333333,0.3461538461538461,,,,,1.0,0.0,1.0,5.0,,1751710188563.2856,6.561428571428571,3.5142857142857147,5.0,1751710186271.0,1751710191271.0,1.0,0.0,0.0,25.276739902596294,1.3719085805821127,21.39832188982465,30.731417058061417,0.6124245061614625,423,0.5373428679655535,0.35695866626926337,0.17184220586941448,0.4388468461402098,0.19612702856052083,0.27494693056862846,0.021584664429060665,0.2539062788497629,0.8995157111738493,0.10971732786246143,5.6469374114779,115.97927455002703,73.78511635976587,115.31540137625336,233.14694672599248,109.65333769859961,22.758391818512568,25.276739902596294
401.0,0.265,0.0061638888888888,0.3323076923076922,0.0319976331360946,0.3333333333333333,0.3461538461538461,,,,,1.0,0.0,1.0,5.0,,1751710188563.2856,6.561428571428571,3.5142857142857147,5.0,1751710186271.0,1751710191271.0,1.0,0.0,0.0,25.114240107645003,1.5952158364935807,21.02697108615479,29.482462086279195,0.3364745245554075,958,0.511374643297329,0.7022042696506532,-0.1131590224548642,0.7951551885925785,0.4984370296271308,0.17648682815414807,0.4260745965809241,0.110702299209879,0.7219142190442982,0.07438758465575207,-6.206258097123387,151.51038832696284,226.7222481984526,164.59080643592233,299.73749795301256,101.01026858073442,23.035272132503973,25.114240107645003
402.0,0.2541666666666666,0.0068923611111111,0.3392307692307692,0.0243011834319526,0.3333333333333333,0.3461538461538461,,,,,1.0,0.0,1.0,5.0,,1751710188563.2856,6.561428571428571,3.5142857142857147,5.0,1751710186271.0,1751710191271.0,1.0,0.0,0.0,22.520956369327145,2.166249367596905,12.159429548044546,28.306039134520287,0.6681010043897376,407,0.5252978100960842,0.812678745864359,0.1661813792385815,2.92462843329722,0.1067636477901721,0.3151212653685338,0.00724061492409689,0.3061479040667937,0.879805119434304,0.14724238382579014,35.36640149511386,247.59070262961964,130.1117274278346,796.5707665204521,373.16206174886867,1046.3715668300097,19.52278155760956,22.520956369327145
403.0,0.2574999999999999,0.0079645833333333,0.3315384615384614,0.0164431952662721,0.3333333333333333,0.3846153846153846,,,,,1.0,0.0,1.0,5.0,,1751710188563.2856,6.561428571428571,3.5142857142857147,5.0,1751710186271.0,1751710191271.0,1.0,0.0,0.0,23.079067913637903,1.5002259706468644,20.28016171556538,27.864985959067248,0.8003982800861572,140,0.42734043468323724,0.1471831116136628,0.1825533545325443,0.16716424631165533,-0.17871990836714952,0.2404268052124958,0.03535016488597484,0.08090545695175044,0.9494845135530873,0.031555581385155476,-21.080806395970384,63.44773557090058,43.74215965076987,53.62965206545235,158.7086963155797,98.64803995702381,19.218993349020568,23.079067913637903
404.0,0.2458333333333333,0.0048090277777777,0.3307692307692307,0.0104142011834319,0.2916666666666667,0.3749999999999999,,,,,1.0,0.0,1.0,5.0,,1751710188563.2856,6.561428571428571,3.5142857142857147,5.0,1751710186271.0,1751710191271.0,1.0,0.0,0.0,23.629222061614602,1.5619881981727572,11.683551976614424,29.03337567557161,0.5359442141265763,643,0.49067191929609405,0.3248794748363176,0.24238567586497872,0.562308711366824,0.1881959086213916,0.20266138515712157,0.011636601182350876,0.20524109535351354,0.9375131675686184,0.04920378919334635,-32.771243789787576,133.04738487911453,70.59350047534588,336.7166927428916,311.9627994629402,639.8826297543541,20.169890122677174,23.629222061614602
405.0,0.2366666666666666,0.0067666666666666,0.3461538461538461,0.0103550295857988,0.2916666666666667,0.3846153846153846,,,,,1.0,0.0,1.0,5.0,,1751710188563.2856,6.561428571428571,3.5142857142857147,5.0,1751710186271.0,1751710191271.0,1.0,0.0,0.0,24.124736087359487,1.4683991563265042,20.49330499623865,27.087479139143664,0.9466681458816465,1,0.6042380718041164,0.0947347673190831,0.45309094241450293,0.04062465953003172,-0.0019979998768115455,0.158400415441879,-0.10682603753678403,0.03459437394771151,0.9808895341950544,0.013186126588204908,22.711732686773654,21.740696270760676,-0.7996444475876859,4.32936691434658,112.79684023294698,14.5099610638911,20.91589158267823,24.124736087359487
406.0,0.2358333333333332,0.00518125,0.3653846153846153,0.0123224852071005,0.2916666666666667,0.3846153846153846,,,,,1.0,0.0,1.0,5.0,,1751710188563.2856,6.561428571428571,3.5142857142857147,5.0,1751710186271.0,1751710191271.0,1.0,0.0,0.0,24.017461259479738,0.5097096602997304,21.13620094597649,25.40084516247404,0.8847155987531178,7,0.5539672655854482,0.018331787475741015,0.43898625471252073,0.023614108708404486,-0.07665700965915706,0.046273286579847514,-0.10959114451277156,0.022056293571380406,0.9896182394504851,0.011990153353894856,10.929783425724773,7.780375076806562,0.6880809676536453,4.571994264062931,114.67958074608603,22.379347525713253,20.50611187279313,24.017461259479738
407.0,0.2308333333333332,0.0057784722222222,0.3776923076923076,0.018384023668639,0.2916666666666667,0.4230769230769231,,,,,1.0,0.0,1.0,5.0,,1751710188563.2856,6.561428571428571,3.5142857142857147,5.0,1751710186271.0,1751710191271.0,1.0,0.0,0.0,25.109356167134923,1.4762058640001492,19.78454969325021,27.2726811765099,0.8172676079326465,64,0.5700429083796458,0.07728244438713947,0.4180342805246847,0.07595272985038755,-0.02993448435491812,0.04443614558322506,-0.0985114428485728,0.02772852525581584,0.9932680826092306,0.008764118621032048,7.0843115266889765,47.62286614066896,6.3059982246749735,26.119639936764475,131.61908546551925,75.77575425102971,21.14086977843474,25.109356167134923
408.0,0.2308333333333333,0.0055006944444444,0.3753846153846153,0.0252994082840236,0.2916666666666667,0.3846153846153846,,,,,1.0,0.0,1.0,5.0,,1751710188563.2856,6.561428571428571,3.5142857142857147,5.0,1751710186271.0,1751710191271.0,1.0,0.0,0.0,25.768361720280875,1.1836383811914772,16.51740026903815,28.49937013113166,0.8334263460298234,32,0.5625671559298426,0.07086923317739781,0.4129911406727292,0.062152120593466205,-0.06880763654584572,0.049679072921599655,-0.10280401511197153,0.01913977064568945,0.9907717451124299,0.015374552724505138,8.12460469794631,39.39301398038062,4.631444354503801,25.12266608867169,110.13715838895884,44.00095069905906,22.00629555881858,25.768361720280875
409.0,0.2258333333333333,0.0047979166666666,0.3646153846153846,0.0266414201183432,0.2916666666666667,0.3749999999999999,,,,,1.0,0.0,1.0,5.0,,1751710188563.2856,6.561428571428571,3.5142857142857147,5.0,1751710186271.0,1751710191271.0,1.0,0.0,0.0,25.237845134318853,0.7607548334546902,23.299127417928837,28.18629303318069,0.8546183242983885,12,0.5931930270667104,0.013879866206879428,0.4408466970925237,0.027160890482379657,-0.026447673564255054,0.0626666681050615,-0.10232040059392067,0.026795351446003327,0.9918098746764243,0.022434017961414098,18.096882439677675,8.081555502681212,0.7731486887940192,5.4747223052995535,110.50609357428962,24.204542467512272,22.03512060006037,25.237845134318853
410.0,0.2441666666666666,0.0058340277777777,0.366153846153846,0.0255171597633136,0.2916666666666667,0.4134615384615384,,,,,1.0,0.0,1.0,5.0,,1751710188563.2856,6.561428571428571,3.5142857142857147,5.0,1751710186271.0,1751710191271.0,1.0,0.0,0.0,23.04206490032283,1.86622304370028,11.402033105524277,28.715753932486507,0.717965514113865,231,0.5610360805582466,0.16485022057959775,0.41020731544431543,0.23080110853033137,0.09299454606370734,0.1711666544698413,-0.13682733533469008,0.09089276416139656,0.9649908196241128,0.06246823322265856,0.060642576460613544,87.4895330663975,20.15726311220147,74.99607814238585,225.2053232756624,298.608010907139,19.995579329511823,23.04206490032283
411.0,0.2308333333333333,0.0058479166666666,0.3653846153846154,0.0246301775147928,0.2916666666666667,0.3846153846153846,,,,,1.0,0.0,1.0,5.0,,1751710188563.2856,6.561428571428571,3.5142857142857147,5.0,1751710186271.0,1751710191271.0,1.0,0.0,0.0,24.289828024716815,0.7753440261407892,21.2417989252988,25.650569175581424,0.878957115353111,11,0.6049427745278843,0.03468951824418985,0.5167149162078092,0.07591287789254735,0.003181841209073134,0.04392177338408828,-0.16623257362292576,0.03659643544075762,0.984323812657654,0.014058220575960121,20.938402890087563,17.418378161387693,-7.275963015392755,19.79963319569258,117.25618648900232,19.032688463744687,20.80763733581427,24.289828024716815
412.0,0.24,0.0071222222222222,0.3584615384615384,0.0228662721893491,0.2916666666666667,0.3846153846153846,,,,,1.0,0.0,1.0,5.0,,1751710188563.2856,6.561428571428571,3.5142857142857147,5.0,1751710186271.0,1751710191271.0,1.0,0.0,0.0,23.5515499036717,1.007207986777375,22.021798686489596,25.71179129016536,0.9781073471675524,0,0.6315570938757075,0.006348718495019617,0.5569182735397097,0.03917538958184134,0.044993656512556046,0.01558898071338525,-0.18252603020547029,0.028450933832657822,0.9816202123024137,0.0054753688646791785,27.27794867224119,2.5266673666448427,-12.428311620151787,5.056317479086774,120.0476240808824,8.68601224137841,20.272375093617704,23.5515499036717
413.0,0.2383333333333332,0.0054194444444444,0.3638461538461538,0.0192431952662721,0.2916666666666667,0.4134615384615384,,,,,1.0,0.0,1.0,5.0,,1751710188563.2856,6.561428571428571,3.5142857142857147,5.0,1751710186271.0,1751710191271.0,1.0,0.0,0.0,23.16064757467474,0.7333005616438701,21.54745084458913,24.882069593778176,0.975970464641461,0,0.6075474476529477,0.023098718736484947,0.5468553038566865,0.02769755921400064,0.009959738722961657,0.037418192906717454,-0.17517037325980866,0.0165756675952862,0.983632008241288,0.003271852336712969,22.465974837264724,5.206774384113686,-11.13203878547702,3.535283850891272,120.39238517776296,7.356935269464933,19.80657553204169,23.16064757467474
414.0,0.2508333333333333,0.0064229166666666,0.3507692307692307,0.0202153846153846,0.3229166666666666,0.3846153846153846,,,,,1.0,0.0,1.0,5.0,,1751710188563.2856,6.561428571428571,3.5142857142857147,5.0,1751710186271.0,1751710191271.0,1.0,0.0,0.0,22.51088923163356,0.3663902065613151,21.48889478456973,23.24919907969681,0.9388893239587104,0,0.5988649437648572,0.019931220894185957,0.4998570116831402,0.02352174703641649,-0.006078273083219283,0.0361270367486915,-0.16596103800055723,0.017742435155338368,0.9852880740662129,0.002959276050380761,20.436460166045663,5.046375066483437,-5.737980979765088,2.779662138937854,118.85227922322551,8.500530432658861,19.302269232146795,22.51088923163356
415.0,0.2358333333333333,0.0076118055555555,0.3553846153846153,0.0252402366863905,0.2916666666666667,0.3749999999999999,,,,,1.0,0.0,1.0,5.0,,1751710188563.2856,6.561428571428571,3.5142857142857147,5.0,1751710186271.0,1751710191271.0,1.0,0.0,0.0,22.26855509923844,1.314900790176845,13.928021304958056,27.248870771183444,0.7431354509358862,252,0.5207770441929668,0.3802071188638602,0.44872942735652166,0.3762110909006821,0.04384719612015963,0.21182127417795138,-0.11030471517857858,0.09379308783030293,0.9649277985514118,0.03479470514706678,-42.505709678114755,403.54651266418136,-21.040310443369087,272.80129957927943,377.9880683042916,1296.1700868079802,18.934046229935074,22.26855509923844
416.0,0.2333333333333333,0.00625,0.3576923076923076,0.0290680473372781,0.2916666666666667,0.3749999999999999,,,,,1.0,0.0,1.0,5.0,,1751710188563.2856,6.561428571428571,3.5142857142857147,5.0,1751710186271.0,1751710191271.0,1.0,0.0,0.0,24.172873948406526,0.9472906692130698,21.89164730684577,26.160862087401668,0.9222193873103086,1,0.6073233052520693,0.009083698497958365,0.5148096865511254,0.03144402896286792,0.0055567057171459254,0.0280179011704386,-0.1530954728498863,0.025627774651127058,0.9874121815887795,0.010370521480420947,21.975388317309864,3.5129107427180006,-7.632501266943534,5.504028227628123,118.58688428981097,14.588851182034995,20.867772673605813,24.172873948406526
417.0,0.2299999999999999,0.0043222222222222,0.3569230769230769,0.02858224852071,0.2916666666666667,0.3461538461538461,,,,,1.0,0.0,1.0,5.0,,1751710188563.2856,6.561428571428571,3.5142857142857147,5.0,1751710186271.0,1751710191271.0,1.0,0.0,0.0,23.801414717832397,0.5809636935919367,20.251866513489208,26.59456433080065,0.9074393021228757,14,0.6102867557371755,0.02103777434736182,0.5357440936123875,0.05197902476591762,0.03105009629381196,0.06051262134627298,-0.16787304055541646,0.0490950805167402,0.9819443373078017,0.023940471688099894,37.45770292721591,288.74238741260143,-41.16581466568884,756.9834670122377,215.0879471608651,2014.6234097481051,20.52620061604205,23.801414717832397
418.0,0.2358333333333332,0.0053201388888888,0.3515384615384614,0.0226633136094674,0.2916666666666667,0.3749999999999999,,,,,1.0,0.0,1.0,5.0,,1751710188563.2856,6.561428571428571,3.5142857142857147,5.0,1751710186271.0,1751710191271.0,1.0,0.0,0.0,22.82211774405119,1.6946841767482568,12.089724374566408,25.27043200512803,0.7891922138325221,166,0.5275409230352305,0.5525594762308126,0.4734429375696034,0.5431056534382828,0.016213683109259372,0.14742159954347125,-0.1563065881239819,0.08243323927648895,0.9721071633835094,0.0425687155573414,-13.924745977980013,88.04118767249163,5.907883766488275,73.64808631356625,217.91531840250855,663.1460842248653,19.307621708715114,22.82211774405119
419.0,0.2233333333333332,0.0061638888888888,0.3515384615384615,0.0229591715976331,0.2916666666666667,0.3749999999999999,,,,,1.0,0.0,1.0,5.0,,1751710188563.2856,6.561428571428571,3.5142857142857147,5.0,1751710186271.0,1751710191271.0,1.0,0.0,0.0,21.88175417960448,0.9702650606133598,13.457921779684527,26.00045534409579,0.7995326484139867,212,0.5894962177961375,2.8386397598446194,0.3995287022938163,2.8843675924696237,0.03527025071113995,0.12578591865976418,-0.18597610373838774,0.05284824511672143,0.9722535347915306,0.017171256691860922,1.6264414113242267,335.34107292954286,-25.518501552323926,505.3106022887169,275.0455166932734,1102.7595291242474,18.134489026061456,21.88175417960448
420.0,0.2299999999999999,0.0050861111111111,0.3453846153846154,0.0187272189349112,0.2916666666666667,0.3846153846153846,,,,,1.0,0.0,1.0,5.0,,1751710188563.2856,6.561428571428571,3.5142857142857147,5.0,1751710186271.0,1751710191271.0,1.0,0.0,0.0,22.456178344865695,0.37126860883670126,21.531005856178297,23.282663121922283,0.9845345759007615,0,0.5767178115139122,0.007412510572001465,0.5842108778132504,0.029315119610755662,-0.026494207633449104,0.0174418009477219,-0.22133421829321426,0.018283261195341995,0.9745018720961853,0.004166213448967458,17.37354804604559,2.3900311560507688,-16.2965051113448,4.410987296186866,128.74817337536484,8.94047785621969,18.573480952507843,22.456178344865695
421.0,0.2308333333333332,0.0050840277777777,0.3869230769230768,0.0256455621301775,0.2916666666666667,0.4903846153846153,,,,,1.0,0.0,1.0,5.0,,1751710188563.2856,6.561428571428571,3.5142857142857147,5.0,1751710186271.0,1751710191271.0,1.0,0.0,0.0,22.10572358071683,1.424172518567801,13.151867724555531,24.81925287335133,0.9135915908549531,45,0.5223794792245811,0.10771941213020837,0.5753414244004394,0.12754827719549167,-0.07440168256522177,0.15544861875268326,-0.23428495859651202,0.06651057204698126,0.9536451318551202,0.039660677588593866,8.803692062788532,78.13538520261588,-35.89086773996635,226.28320478134185,207.6003905422674,693.0915539309848,17.633696863972204,22.10572358071683
422.0,0.2324999999999999,0.0066729166666666,0.3684615384615384,0.026987573964497,0.2916666666666667,0.4134615384615384,,,,,1.0,0.0,1.0,5.0,,1751710188563.2856,6.561428571428571,3.5142857142857147,5.0,1751710186271.0,1751710191271.0,1.0,0.0,0.0,22.561436197935492,1.009191919285776,20.26201549999274,25.07513528739569,0.9144493717067739,18,0.5581480341196225,0.05636467693017089,0.48061476455998314,0.10412702960687975,-0.061831028588260596,0.08005312805094168,-0.1579499042554569,0.07083076413237081,0.9795813136357758,0.015272002649350762,11.40207484213342,25.249231488893667,-3.157993808466908,25.376660083336173,120.85280936933073,34.45929380029106,18.929290698138185,22.561436197935492
423.0,0.2283333333333333,0.0059888888888888,0.3646153846153845,0.0251621301775148,0.2916666666666667,0.3846153846153846,,,,,1.0,0.0,1.0,5.0,,1751710188563.2856,6.561428571428571,3.5142857142857147,5.0,1751710186271.0,1751710191271.0,1.0,0.0,0.0,22.004126292241942,0.9446052823558542,19.56623743117751,23.685312826582265,0.9500231029043099,2,0.5645377972329578,0.08710421125615922,0.49358514800510567,0.049291034359745994,-0.05675430115236586,0.12146615824650318,-0.14571777299078809,0.024658220858258008,0.9798027973292158,0.013500326477754272,13.178342928429638,17.21741465540204,-5.70643933039632,9.978705917612094,119.98539173939238,24.42851670805403,18.530811317339374,22.004126292241942
424.0,0.2308333333333332,0.00668125,0.3484615384615384,0.0267106508875739,0.2916666666666667,0.3846153846153846,,,,,1.0,0.0,1.0,5.0,,1751710188563.2856,6.561428571428571,3.5142857142857147,5.0,1751710186271.0,1751710191271.0,1.0,0.0,0.0,21.234630504975197,0.47477747134133913,20.18770758568482,22.37221354344593,0.9476343054929395,1,0.5694519983507453,0.11817751733098537,0.4972556115741053,0.05732887619124301,-0.04368737676527777,0.18215788198123545,-0.1415752086083964,0.043124809123486554,0.9710431208999988,0.010501497129464426,16.35927682717162,25.489972071354494,-5.929918526395822,10.71501760775744,119.42612468165846,17.859143036828865,17.814470249655397,21.234630504975197
425.0,0.2466666666666666,0.0041555555555555,0.3476923076923077,0.0251455621301775,0.2916666666666667,0.3461538461538461,,,,,1.0,0.0,1.0,5.0,,1751710188563.2856,6.561428571428571,3.5142857142857147,5.0,1751710186271.0,1751710191271.0,1.0,0.0,0.0,21.323336648937946,1.0549277825011416,11.877883548444924,24.34928894432988,0.8984608937546231,44,0.6446767270332494,0.1540695928828786,0.47199939286309767,0.10177884622843314,0.1149973823762533,0.2064092836051791,-0.1397966032598848,0.06446632559635261,0.9590718160196245,0.02631371330105369,31.413492040957053,50.3878151260172,-4.6519041594018775,40.10217952175551,149.6988860785238,98.42808543584184,18.553525137695402,21.323336648937946
426.0,0.2325,0.0060479166666666,0.3423076923076922,0.0230325443786982,0.2916666666666667,0.3461538461538461,,,,,1.0,0.0,1.0,5.0,,1751710188563.2856,6.561428571428571,3.5142857142857147,5.0,1751710186271.0,1751710191271.0,1.0,0.0,0.0,21.414124512668398,1.0862610428645096,10.523852045462052,23.26544287897622,0.9447001411133198,3,0.6676337983947116,0.09845255522424053,0.5082751882202553,0.04816932766279382,0.11325217202374943,0.1497041726337195,-0.15323563051182126,0.040761393491671155,0.9692107000999557,0.016438452516472774,37.73259573948619,22.651104132908554,-7.098326760132584,7.399813416728509,125.81681063733201,13.693417441584858,18.789508470681028,21.414124512668398
427.0,0.2383333333333332,0.005975,0.3592307692307692,0.0200952662721893,0.2916666666666667,0.4230769230769231,,,,,1.0,0.0,1.0,5.0,,1751710188563.2856,6.561428571428571,3.5142857142857147,5.0,1751710186271.0,1751710191271.0,1.0,0.0,0.0,21.703035480564747,1.023488975500277,14.35706847785199,26.026050274110855,0.9125011025346385,58,0.5763083193714154,0.13494837594408582,0.5109392123860853,0.13140589207098602,0.001494481299744284,0.21526404543908495,-0.17033243774300827,0.08212046400186242,0.9572669437447356,0.039846784643520324,22.001121709156415,104.14539375635208,-34.62638173323427,285.3738637049322,207.00866680982244,731.4350854652959,18.13573973083662,21.703035480564747
428.0,0.2399999999999999,0.0047611111111111,0.3353846153846153,0.0194698224852071,0.2916666666666667,0.3846153846153846,,,,,1.0,0.0,1.0,5.0,,1751710188563.2856,6.561428571428571,3.5142857142857147,5.0,1751710186271.0,1751710191271.0,1.0,0.0,0.0,22.976834119822346,0.9897443760609024,15.23862399169058,26.969100862026824,0.9247088893690147,32,0.5183914349477166,0.07088225479881718,0.5459215891905029,0.22465384716183753,-0.11834491508863604,0.0898568367934371,-0.1891666802934697,0.033189956747822484,0.9699016849532219,0.01825246171064312,4.656504990897546,33.479352046968955,-14.560571139617855,90.37513851451538,136.27223616432786,213.97990605581157,18.472797669547354,22.976834119822346
429.0,0.2391666666666666,0.0057506944444444,0.3992307692307692,0.030289349112426,0.2916666666666667,0.5384615384615384,,,,,1.0,0.0,1.0,5.0,,1751710188563.2856,6.561428571428571,3.5142857142857147,5.0,1751710186271.0,1751710191271.0,1.0,0.0,0.0,24.28281903326554,0.8486870322370386,22.70153995019072,26.030816038652627,0.9245365460956084,8,0.4943538293298686,0.037459862046055344,0.5212551966189398,0.05685426228754906,-0.16916850863426242,0.04237201654821842,-0.17367855678406738,0.018048521786899745,0.969054043919854,0.005713777995487509,-0.8274875271406993,19.15043253107356,-6.874538128039072,17.707018611667518,107.32688251188674,17.59968351160524,19.233271763325227,24.28281903326554
430.0,0.2283333333333333,0.0054333333333333,0.3630769230769231,0.028589349112426,0.2916666666666667,0.4230769230769231,,,,,1.0,0.0,1.0,5.0,,1751710188563.2856,6.561428571428571,3.5142857142857147,5.0,1751710186271.0,1751710191271.0,1.0,0.0,0.0,22.57929216407254,1.5301801626593736,15.048499882150162,36.671546220481744,0.9564175063716881,22,0.5147151273694985,0.04530229874183201,0.5967853703070103,0.19544718592940283,-0.11497858033900869,0.0481376866722532,-0.22683049140802514,0.04085293010531542,0.9649494139767231,0.01475509694714921,3.274251689135131,16.402677301699033,-23.867138600994597,79.9839324886674,143.68613681356234,163.82074643907495,17.82286453449118,22.57929216407254
431.0,0.2325,0.0047979166666666,0.3546153846153846,0.024573372781065,0.2916666666666667,0.3846153846153846,,,,,1.0,0.0,1.0,5.0,,1751710188563.2856,6.561428571428571,3.5142857142857147,5.0,1751710186271.0,1751710191271.0,1.0,0.0,0.0,23.989338125054697,1.1688531827137547,20.61580617500169,25.49488691669237,0.9844916869101366,0,0.540979236430167,0.008203131729438831,0.5715979462104305,0.036701508884042874,-0.09062711028972978,0.014129261439066924,-0.22562349422426187,0.03554586288048384,0.9692023428094303,0.008103946177963615,8.865409856167487,1.6676731219210459,-13.4174722695059,4.69654056651696,117.37622775315666,7.8461967416161515,19.184224906794554,23.989338125054697
432.0,0.2375,0.0057118055555555,0.3461538461538461,0.0246153846153846,0.2916666666666667,0.3461538461538461,,,,,1.0,0.0,1.0,5.0,,1751710188563.2856,6.561428571428571,3.5142857142857147,5.0,1751710186271.0,1751710191271.0,1.0,0.0,0.0,24.531648553156217,0.3951558066636519,23.566286476502917,25.42509874070956,0.9583661788373316,0,0.5437403818556283,0.006036620512064115,0.5374519225952172,0.017338139216065404,-0.08712472908574372,0.010324621006564227,-0.18888120199841058,0.0165308709636065,0.977927643052167,0.0033385868507915936,9.310692284473122,1.0788195837130183,-9.59147476018181,2.082590967372377,117.0930369246358,7.85047361628016,20.071049083521448,24.531648553156217
433.0,0.2333333333333333,0.0050694444444444,0.3507692307692306,0.0234698224852071,0.2916666666666667,0.3846153846153846,,,,,1.0,0.0,1.0,5.0,,1751710188563.2856,6.561428571428571,3.5142857142857147,5.0,1751710186271.0,1751710191271.0,1.0,0.0,0.0,24.749560794098137,0.7594823353952492,23.28008659177608,26.36064877273504,0.9764924935805412,0,0.5386951856334165,0.007014775629117856,0.5218870786762319,0.02822658525292415,-0.10281217999217403,0.012220999693565512,-0.1788580599083053,0.018989340467454673,0.9782196924279237,0.004019967103479817,7.859097968237887,1.279012486445517,-7.481755574212825,3.0112928781780135,110.08701696958205,6.913097798280196,20.200823719910705,24.749560794098137
434.0,0.2308333333333333,0.0072368055555555,0.3515384615384615,0.0199414201183431,0.2916666666666667,0.3461538461538461,,,,,1.0,0.0,1.0,5.0,,1751710188563.2856,6.561428571428571,3.5142857142857147,5.0,1751710186271.0,1751710191271.0,1.0,0.0,0.0,22.87922235428588,0.7148911797678741,15.342368199274327,24.75851403450329,0.9900811674591613,12,0.5547121431431827,0.02884599906729631,0.660730324134809,0.07674975256145272,-0.047103647325563554,0.05974936640516904,-0.2787764404506786,0.04262937381163627,0.9560602050113444,0.02512883020913522,34.654549739576616,312.589612441083,-79.4055803908368,762.6994700309567,231.35033420522095,1390.9302002577333,17.98732800360511,22.87922235428588
435.0,0.2374999999999999,0.0064756944444444,0.3461538461538461,0.0196449704142011,0.2916666666666667,0.3749999999999999,,,,,1.0,0.0,1.0,5.0,,1751710188563.2856,6.561428571428571,3.5142857142857147,5.0,1751710186271.0,1751710191271.0,1.0,0.0,0.0,22.379744425424356,0.8998338411361604,17.453991835127987,38.55787554538619,0.9888092674593092,17,0.5617325514809416,0.032200025700185125,0.6577214318817332,0.07962194409600057,-0.027598250771829102,0.05226518629581246,-0.27733867164598497,0.029047135290707026,0.9583523723888483,0.01760976542937215,18.3329571064375,40.01900082565681,-43.74483414144776,230.34984972322675,171.96060822147146,401.0485199707168,17.78038697248987,22.379744425424356
436.0,0.2383333333333333,0.0067388888888888,0.3515384615384615,0.0202372781065088,0.3229166666666666,0.4230769230769231,,,,,1.0,0.0,1.0,5.0,,1751710188563.2856,6.561428571428571,3.5142857142857147,5.0,1751710186271.0,1751710191271.0,1.0,0.0,0.0,21.33617902608836,1.072790328156236,11.917664856850752,30.63220953109259,0.8838597967938577,137,0.5445516549607042,0.11845678727965213,0.5306364472473749,0.26525236674874725,0.005149302511246396,0.12940504025168484,-0.21656946410410247,0.1402841280618558,0.9571855410114635,0.021772891649814316,4.731355978723152,67.04758188633556,-6.056827174263896,76.78132757268013,179.32512125569903,122.2317731479903,17.41692585379014,21.33617902608836
437.0,0.2391666666666666,0.0055423611111111,0.4115384615384615,0.0439201183431952,0.3229166666666666,0.5384615384615384,,,,,1.0,0.0,1.0,5.0,,1751710188563.2856,6.561428571428571,3.5142857142857147,5.0,1751710186271.0,1751710191271.0,1.0,0.0,0.0,20.61456226376731,0.5874900474123207,14.498828855674864,23.148914794396536,0.9830105826493942,21,0.590112386491105,0.0372500601523882,0.5837857612466217,0.22676462842622008,0.006142083333780468,0.06055433489304409,-0.2304546259770751,0.048196651193164,0.969690186091428,0.023864052363409518,75.74963498736443,1447.3021234507178,-156.71583236178478,3708.154982353073,390.1236953688015,6744.203345902015,17.07571934647806,20.61456226376731
438.0,0.2408333333333333,0.0059229166666666,0.3661538461538461,0.0255763313609467,0.2916666666666667,0.3846153846153846,,,,,1.0,0.0,1.0,5.0,,1751710188563.2856,6.561428571428571,3.5142857142857147,5.0,1751710186271.0,1751710191271.0,1.0,0.0,0.0,21.41576053266099,0.5383414787606657,20.279797793888857,22.45813708817357,0.9989386116116209,0,0.5435551286810641,0.042781533424277395,0.6211156895677954,0.0304591948054978,-0.06663971345315914,0.06127236966042621,-0.24624271037566245,0.033385902162389146,0.9643159623804685,0.012390701871242492,10.902364736629988,9.5307285147708,-21.690797916137193,4.43903599894008,135.38647699936328,9.688795624067579,17.07493172338257,21.41576053266099
439.0,0.2366666666666666,0.0055861111111111,0.3338461538461538,0.0269491124260355,0.2916666666666667,0.3461538461538461,,,,,1.0,0.0,1.0,5.0,,1751710188563.2856,6.561428571428571,3.5142857142857147,5.0,1751710186271.0,1751710191271.0,1.0,0.0,0.0,21.670826810680563,0.991012002916297,13.183804596900533,28.48302588734535,0.8843412547740701,86,0.5305971085606533,0.10899978911016395,0.5505547354735019,0.20054264522908227,-0.060355323224052425,0.12246261209569446,-0.2059838396594808,0.04566784212028439,0.9673060199892166,0.03434883709375771,4.77398035648389,55.66706899778682,-11.611038447093659,47.414156126347756,149.01879755592665,86.73022738578061,17.699378355035204,21.670826810680563
440.0,0.2416666666666666,0.0076388888888888,0.3315384615384615,0.021591124260355,0.3333333333333333,0.3846153846153846,,,,,1.0,0.0,1.0,5.0,,1751710188563.2856,6.561428571428571,3.5142857142857147,5.0,1751710186271.0,1751710191271.0,1.0,0.0,0.0,20.7978567325696,1.0253430631495721,17.92536667426539,24.92564574370229,0.8723401704229057,78,0.7023209771774828,0.07882353607209977,0.4129659792890131,0.05953009284905023,0.21490505261039197,0.18629494652933,-0.08952454870291625,0.0614893305511783,0.948917760832801,0.08310815483730229,61.96798878848405,36.07939046571493,6.720822293600253,13.844733360745177,162.12972248248929,52.423608222527925,19.057491926613242,20.7978567325696
441.0,0.2308333333333332,0.0055701388888888,0.3584615384615384,0.0253514792899408,0.2916666666666667,0.3846153846153846,,,,,1.0,0.0,1.0,5.0,,1751710188563.2856,6.561428571428571,3.5142857142857147,5.0,1751710186271.0,1751710191271.0,1.0,0.0,0.0,20.889239966740238,1.0943473992942976,15.647015048059048,24.7232828519915,0.8182054640906468,193,0.6320145482864309,0.11469740571802939,0.47301044004918674,0.13690884870959064,0.13833369657421402,0.2606371043509565,-0.1778495825732636,0.09225020479473516,0.9280800005550345,0.10740765326445897,55.608136129586875,201.14174755454528,-14.168035708119143,201.10485494741945,218.4922243404233,749.2843256967876,18.065365181595816,20.889239966740238
442.0,0.2424999999999999,0.0068534722222222,0.3453846153846153,0.0286088757396449,0.2916666666666667,0.3846153846153846,,,,,1.0,0.0,1.0,5.0,,1751710188563.2856,6.561428571428571,3.5142857142857147,5.0,1751710186271.0,1751710191271.0,1.0,0.0,0.0,19.842073967798854,1.8407365973907286,10.146370747246678,42.22522170481045,0.5521867904317632,635,0.5661970822430616,0.880702807800925,0.16589568758466489,2.4955966116759307,0.1974909741416695,0.46687761338002476,-0.013241613174482454,0.2610601984691515,0.7660529929483437,0.2971199006930115,5.103063138775937,157.20239667232852,74.35785898065055,170.87553760753116,184.1086756261521,126.58911727098088,16.638226656890524,19.842073967798854
443.0,0.2474999999999999,0.0058618055555555,0.3876923076923076,0.039694674556213,0.2916666666666667,0.4615384615384615,,,,,1.0,0.0,1.0,5.0,,1751710188563.2856,6.561428571428571,3.5142857142857147,5.0,1751710186271.0,1751710191271.0,1.0,0.0,0.0,18.761931824217424,1.6519255094431209,10.12179095698383,26.681438026897,0.6083450872926885,498,0.5832738767407225,2.890483864038134,0.32422467117493925,4.462740040764886,0.13655355929991458,0.3231988577261073,-0.04702472506887884,0.3268373823069338,0.7893974032255449,0.38090848876089245,-34.23335627803431,121.0608346983297,-12.717603288670318,195.77307198146423,194.58176229628862,121.42389977937721,14.21095983551626,18.761931824217424
444.0,0.2358333333333333,0.00643125,0.3538461538461537,0.0458579881656804,0.2916666666666667,0.3749999999999999,,,,,1.0,0.0,1.0,5.0,,1751710188563.2856,6.561428571428571,3.5142857142857147,5.0,1751710186271.0,1751710191271.0,1.0,0.0,0.0,20.93764406014546,1.420485082086036,13.720606193214463,24.951274027162498,0.6664564581830396,472,0.5313820376631545,1.3534390573393018,0.4339558469672039,2.6811367899593406,0.09545086788850451,0.1912302205403444,-0.1385170968110886,0.2708124933217045,0.9035099803266232,0.21360199066366858,-27.57642951112808,98.61701191069281,8.760142945524219,156.55814569112562,232.28405391095902,164.30584177183323,16.67621916315294,20.93764406014546
445.0,0.2341666666666666,0.0046451388888888,0.3623076923076923,0.033496449704142,0.2916666666666667,0.3846153846153846,,,,,1.0,0.0,1.0,5.0,,1751710188563.2856,6.561428571428571,3.5142857142857147,5.0,1751710186271.0,1751710191271.0,1.0,0.0,0.0,21.068301592699292,1.6757614390752156,11.626787979440596,25.80173225931917,0.5693068034591471,610,0.42412482622978037,0.5864605635766389,0.3321094415671662,1.4058855609560257,0.10781211873143971,0.23655157086847303,-0.18865088293642363,0.16684881476995883,0.9277353449923745,0.0916825671319238,-56.73711634596621,128.84832253913015,41.29253060470382,113.80037623763508,277.0273790359958,126.95557821139003,16.771952298035984,21.068301592699292
446.0,0.2366666666666666,0.005725,0.3353846153846153,0.0275171597633136,0.2916666666666667,0.3461538461538461,,,,,1.0,0.0,1.0,5.0,,1751710188563.2856,6.561428571428571,3.5142857142857147,5.0,1751710186271.0,1751710191271.0,1.0,0.0,0.0,22.81616758752827,1.5668746132011664,10.55534037890531,29.03548889371792,0.6787822411247194,372,0.53385440194224,0.18715445096381367,0.3302427255053232,0.28530822247502363,0.12536402177708325,0.2038589814794792,-0.10064848276196699,0.1259893208831094,0.9564504735259813,0.04452872550295807,-3.50724128884009,344.07884015351647,34.155043565856445,150.49598882342607,267.369904652264,700.7491739336509,19.356984495081303,22.81616758752827
447.0,0.2225,0.0055979166666666,0.3569230769230769,0.0295881656804733,0.2916666666666667,0.3846153846153846,,,,,1.0,0.0,1.0,5.0,,1751710188563.2856,6.561428571428571,3.5142857142857147,5.0,1751710186271.0,1751710191271.0,1.0,0.0,0.0,20.58060557430688,1.0960155289543705,15.207052375015756,28.054357936861983,0.8217985901260692,149,0.6402444964701289,0.3265659082554713,0.45632820696165033,0.2670045074439795,0.17538911200892848,0.19712172345703036,-0.140669582276185,0.08526500905884714,0.944828344913356,0.10330783144299413,36.239985209235265,88.7893919745064,-5.159467084217983,93.8882933144036,187.98502188209937,352.7704360692412,18.04735604590125,20.58060557430688
448.0,0.2249999999999999,0.006875,0.3507692307692308,0.0333514792899408,0.2916666666666667,0.3749999999999999,,,,,1.0,0.0,1.0,5.0,,1751710188563.2856,6.561428571428571,3.5142857142857147,5.0,1751710186271.0,1751710191271.0,1.0,0.0,0.0,19.98581514351702,1.009996241297233,12.4025935940271,23.873658610219398,0.9022235498956508,93,0.7046487722103237,0.7316514068070559,0.4911052573241361,0.2539031344417954,0.08327322128163347,0.28828606622505004,-0.18074142525583894,0.05126688646309194,0.9174115659665787,0.18198199257504472,45.827553728565874,69.09439756910989,-7.88690133723717,19.641058156452445,145.60467131033974,62.517543168753754,16.70186451003076,19.98581514351702
0.0,0.2574999999999999,0.0055340277777777,0.356153846153846,0.0292195266272189,0.2916666666666667,0.3846153846153846,,,,,1.0,0.0,1.0,6.0,,1751712024664.0,5.0,5.0,6.0,1751712024664.0,1751712029664.0,1.0,1.0,1.0,23.714802473574082,2.1783609018908745,13.816619439358298,29.042025313650186,0.8998268090415439,69,0.48084005299928906,0.3067973328022056,0.5257096228515895,0.22375461743026173,-0.1328533416165733,0.12188268087296847,-0.22098401119837294,0.10891013200063666,0.9515183677763133,0.03788939104539049,0.5518159816752088,74.03975987491566,-39.670799528185604,306.30171464396693,209.6926380982768,618.9399612643215,18.546620589807052,23.714802473574082
1.0,0.2608333333333333,0.0072090277777777,0.3353846153846153,0.0265112426035502,0.3333333333333333,0.3461538461538461,,,,,1.0,0.0,1.0,6.0,,1751712032660.375,4.583125,3.815625,6.0,1751712029665.0,1751712034665.0,1.0,1.0,1.0,21.732840924020827,1.3390084278698833,11.279966665738424,25.27991753868753,0.9106943971079949,96,0.4969593201513146,0.04989432592416496,0.5985498228612322,0.12323543212447233,-0.10680197510827225,0.15072289610329648,-0.24542191952677225,0.07722435476651891,0.9474491234799284,0.04524038407197338,6.3791324911235545,74.6383095727548,-50.89983499206927,195.10840180288102,261.22843785253036,609.1689006745185,16.937705664247197,21.732840924020827
2.0,0.2566666666666666,0.0046777777777777,0.3476923076923077,0.0237846153846153,0.2916666666666667,0.3461538461538461,,,,,1.0,0.0,1.0,6.0,,1751712036992.5,6.6530000000000005,2.68,6.0,1751712034666.0,1751712039666.0,1.0,0.0,1.0,22.25575146510566,1.3425291144575695,13.202408137834835,26.525472547181103,0.9558802701538885,7,0.5180978263563291,0.14122069418837682,0.48578121966412025,0.21182972357632573,-0.09296569621934986,0.2164374970424853,-0.180097769403529,0.12769090731240512,0.9461915104929975,0.023349850496342493,7.2086524237452325,39.8043866334853,-10.261765968681845,62.90830859798476,153.7275162895449,104.56962681271177,17.590821099918095,22.25575146510566
3.0,0.2541666666666666,0.0064756944444444,0.3376923076923075,0.0241591715976331,0.2916666666666667,0.3749999999999999,,,,,1.0,0.0,1.0,6.0,,1751712041485.0,7.668333333333334,3.265,6.0,1751712039667.0,1751712044667.0,1.0,0.0,0.0,22.306125538943913,1.3454862209606746,13.97684611620409,25.543026047616152,0.963330402858693,47,0.5303723751875066,0.06978123772707408,0.5777589082830995,0.10890044684797803,-0.0801729618121341,0.12934216822285555,-0.24336466176940744,0.06403355983003524,0.9556470548103667,0.016503390558093887,11.23289561516154,33.4750268696798,-30.902505124191496,176.66176316624595,188.4852893369715,455.36571899051836,17.548180817304306,22.306125538943913
4.0,0.2516666666666666,0.0054833333333333,0.4007692307692308,0.0281118343195266,0.2916666666666667,0.4903846153846153,,,,,1.0,0.0,1.0,6.0,,1751712047031.5557,7.398888888888889,3.0444444444444443,6.0,1751712044668.0,1751712049668.0,1.0,0.0,0.0,21.391916603784082,1.470342317135695,14.911691355531204,34.076663084375085,0.8400726086563446,167,0.6056331922657698,0.22091208077120536,0.5221144624538454,1.2003381969170248,0.07155279785030322,0.17142920800854292,-0.19924432149051893,0.1281355681907321,0.9520740072784007,0.054529730320946615,53.552967520199864,205.99901427488916,-33.8109837500905,261.5604515464965,301.7558720925969,963.8219308946659,18.074442504109832,21.391916603784082
5.0,0.2674999999999999,0.0066729166666666,0.4176923076923076,0.0473970414201183,0.3333333333333333,0.5961538461538461,,,,,1.0,0.0,1.0,6.0,,1751712051615.2,7.670000000000001,4.733333333333333,6.0,1751712049669.0,1751712054669.0,1.0,0.0,0.0,50286355.55565143,1252119648.1883745,12.747458458430785,31177527829.607967,0.8048000382685444,227,0.4786410456413646,0.19584305969883756,0.4937959208042836,0.8018907178100978,-0.07380482619260702,0.23754396135389919,-0.20534159275827432,0.09828292624208063,0.9396878218276307,0.057888240902201404,-5.707092820678151,65.70871241084816,-119.61174015578347,2217.0342672809425,435.4793094501961,4537.520778275112,16.162807892482167,50286355.55565143
6.0,0.2699999999999999,0.0071,0.33,0.0315437869822485,0.3333333333333333,0.3076923076923077,,,,,1.0,0.0,1.0,6.0,,1751712055985.5,7.8,6.6,6.0,1751712054670.0,1751712059670.0,1.0,0.0,0.0,62788991.29740376,1560908992.1242254,16.024945490097384,38803582240.50912,0.8900055701908794,67,0.7803852718692201,0.23043928795453106,0.4123783761967418,0.14559062861680075,0.37329037417609334,0.33130298089599086,-0.0673137463370938,0.06817731613997283,0.8560733052914866,0.09463355017488632,-72.40396091994458,3089.1131854379946,-0.9539198820970799,2628.9671648218973,929.2201544956582,16325.09361925215,20.893998804391682,62788991.29740376
7.0,0.2574999999999999,0.0063673611111111,0.3253846153846153,0.023976923076923,0.3333333333333333,0.3461538461538461,,,,,1.0,0.0,1.0,6.0,,1751712055985.5,7.8,6.6,6.0,1751712054670.0,1751712059670.0,1.0,0.0,0.0,23.714105073946328,1.002438823066907,17.73090633803222,28.298398812938515,0.9111598767469214,50,0.7826994041412669,0.08920196726389813,0.39516192154275315,0.08758697680796601,0.323006097092228,0.1446972905271906,-0.0815897215932702,0.06520901128867404,0.927005002523582,0.06713363796451279,72.59744863036033,68.67817818010118,4.764060972055032,65.44802068126701,150.01261445087195,218.65473782217035,21.834800284931976,23.714105073946328
8.0,0.2533333333333333,0.0076972222222222,0.3261538461538461,0.0132686390532544,0.3333333333333333,0.3461538461538461,,,,,1.0,0.0,1.0,6.0,,1751712055985.5,7.8,6.6,6.0,1751712054670.0,1751712059670.0,1.0,0.0,0.0,24.4850513295088,1.0789649709649123,12.011938637293085,30.647717943297227,0.9216103622932207,46,0.7844751536192757,0.05421245321389382,0.476226254441524,0.12169017544092564,0.315635072598304,0.09190140850297335,-0.1414545170613967,0.06274855515575765,0.9300463906169919,0.054847799164989684,69.90786958083007,27.72683691953134,-2.3312943402258086,30.35488611357158,134.18531803653482,45.44025886236509,22.14214990373751,24.4850513295088
9.0,0.2533333333333333,0.0055444444444444,0.33,0.0153307692307692,0.2916666666666667,0.3846153846153846,,,,,1.0,0.0,1.0,6.0,,1751712055985.5,7.8,6.6,6.0,1751712054670.0,1751712059670.0,1.0,0.0,0.0,25.07587222225924,1.8030779721085795,11.236291465877578,33.14363084434477,0.8926758632642159,122,0.800278789820294,0.0643669957513085,0.5208090134309848,0.14882769409196134,0.3938914852731936,0.11697591201063244,-0.16836201418246605,0.05694079294177766,0.8905355314675061,0.08089820737142514,105.4750852780852,199.3139456121041,-15.351198051610574,100.49356102318329,199.71406452956705,416.0549225126611,22.466235892460166,25.07587222225924
10.0,0.2383333333333333,0.0067388888888888,0.3507692307692308,0.0115763313609467,0.2916666666666667,0.4134615384615384,,,,,1.0,0.0,1.0,6.0,,1751712055985.5,7.8,6.6,6.0,1751712054670.0,1751712059670.0,1.0,0.0,0.0,24.57819152841091,0.6760052606361816,23.374596673664943,26.727640730513823,0.9660902022461708,0,0.7916745820647431,0.06632661571199276,0.4511494529814748,0.0639343897971181,0.328258936024106,0.10868413795471438,-0.10175977748928523,0.04031869710937943,0.9307695692445843,0.04619259971026806,73.44220205753852,17.223543705142603,-0.6380162115657828,9.314906869598351,134.83668692525438,14.948438340286682,22.46650377082212,24.57819152841091
11.0,0.235,0.0056083333333333,0.3538461538461538,0.0136094674556213,0.2916666666666667,0.3846153846153846,,,,,1.0,0.0,1.0,6.0,,1751712055985.5,7.8,6.6,6.0,1751712054670.0,1751712059670.0,1.0,0.0,0.0,22.116295724396558,2.629133571634895,14.956366014406298,27.018984141620635,0.8724223292265024,96,0.5309033576522677,0.21310159944655382,0.3936672854282937,0.3143155886382859,-0.013656184836993478,0.32161939150463814,-0.08709531738525378,0.14173984287910898,0.9308994854448155,0.04724953937310137,10.597910510129346,164.60035542411856,-29.71105374502687,632.515953582936,239.4010058684804,1111.3382667993214,18.290200727494838,22.116295724396558
12.0,0.235,0.0056777777777777,0.3892307692307692,0.0171384615384615,0.2916666666666667,0.4230769230769231,,,,,1.0,0.0,1.0,6.0,,1751712055985.5,7.8,6.6,6.0,1751712054670.0,1751712059670.0,1.0,0.0,0.0,22.48643277186996,1.6310105517804294,12.614133561987448,26.985458881952106,0.6494450586147057,409,0.6351139618459364,2.877467081718234,0.2384014517190919,1.2494475048112221,0.13977303509051311,0.31822053919661464,0.041072536309915336,0.1861833421860847,0.9101936930170371,0.12062574871734959,0.7297710826125275,128.22332815698852,38.96675401336345,164.45531604820013,241.70602104926297,174.29150870063188,19.20110426878647,22.48643277186996
13.0,0.2291666666666666,0.0060590277777777,0.38,0.0247124260355029,0.2916666666666667,0.3846153846153846,,,,,1.0,0.0,1.0,6.0,,1751712055985.5,7.8,6.6,6.0,1751712054670.0,1751712059670.0,1.0,0.0,0.0,24.66974016984767,3.940769545751765,5.8839741896862265e-06,27.35815296251329,0.9130728172699059,15,0.8126301460598914,0.05369188800965782,0.4123241410046628,0.06802310723746716,0.3699123609530664,0.10326996370672578,-0.07069961285059755,0.02419560466237349,0.9188955860288315,0.0505800759655343,81.69687256458246,20.97162539120827,6.329652294507776,21.585948771650532,136.07844279411543,19.49859170567736,22.860760863029494,24.66974016984767
14.0,0.2308333333333333,0.0043201388888888,0.3676923076923076,0.0261633136094674,0.2916666666666667,0.3749999999999999,,,,,1.0,0.0,1.0,6.0,,1751712055985.5,7.8,6.6,6.0,1751712054670.0,1751712059670.0,1.0,0.0,0.0,24.464431985687977,1.4520422077042043,20.7165824608653,27.23962306964982,0.9144839883682859,29,0.7158462073343604,0.10795434084001466,0.34201645806077907,0.2626703291311443,0.21433852627452568,0.1599637585146678,-0.046061560046431395,0.06282879177977586,0.9599819547299713,0.02934365790342294,52.24125207565902,29.776145931514677,13.924464282490534,30.836385067572238,138.96628392762483,37.40489313418697,22.65313971801371,24.464431985687977
15.0,0.235,0.0053305555555555,0.3676923076923076,0.0251573964497041,0.2916666666666667,0.4134615384615384,,,,,1.0,0.0,1.0,6.0,,1751712055985.5,7.8,6.6,6.0,1751712054670.0,1751712059670.0,1.0,0.0,0.0,25.210548964030604,0.596913190659177,23.90229241726549,26.604568265782365,0.9272314427842301,0,0.7588055236681742,0.04268096416844641,0.3664909395819099,0.011742644278683321,0.257561861800602,0.07138204471617716,-0.045086360151049075,0.006985437787168777,0.9624488992439575,0.0134657321504971,58.2971967835138,10.401865813490081,10.05507550777927,1.1807158137824552,123.58051228604234,5.033930907276296,23.675253965105295,25.210548964030604
16.0,0.2316666666666666,0.0059833333333333,0.3584615384615384,0.0253514792899408,0.2916666666666667,0.3749999999999999,,,,,1.0,0.0,1.0,6.0,,1751712055985.5,7.8,6.6,6.0,1751712054670.0,1751712059670.0,1.0,0.0,0.0,22.7794342866694,2.226905099828599,18.35928767907276,30.045590317808298,0.88578240329688,104,0.6198062966939982,0.13836987274109402,0.45482933486714267,0.16674001602244473,0.09680880508033932,0.22618990382463303,-0.12953337564206918,0.09734778829642997,0.9541933029967348,0.05272389297156763,34.84455038735706,60.6061377170578,-13.194367260617907,190.69364200951335,226.33413290792717,633.0841038257959,19.978277698230897,22.7794342866694
17.0,0.2458333333333333,0.0072395833333333,0.3515384615384615,0.0234325443786982,0.2916666666666667,0.3749999999999999,,,,,1.0,0.0,1.0,6.0,,1751712055985.5,7.8,6.6,6.0,1751712054670.0,1751712059670.0,1.0,0.0,0.0,22.864134883124176,1.6857140121455159,17.521747990205327,31.722307824130205,0.8149712828709778,182,0.606526464463994,0.09953559613775098,0.3759627450181597,0.32689684775055156,0.09776235151826126,0.20220184624286525,-0.10039313356025038,0.14959180186953916,0.9548423132678349,0.07374541632434616,25.31194846105878,158.4631608034851,-70.62185215521932,2181.532681390528,393.40971677280004,5378.256702154968,20.344132317122774,22.864134883124176
18.0,0.2383333333333333,0.0056277777777777,0.3592307692307692,0.0193852071005917,0.2916666666666667,0.3846153846153846,,,,,1.0,0.0,1.0,6.0,,1751712119476.2727,7.670000000000001,5.000000000000001,6.0,1751712114682.0,1751712119682.0,1.0,0.0,0.0,20.71303670334574,1.0951248888001592,13.854784566654972,24.19623144579983,0.9220257199700269,84,0.5172002960080186,0.06439482860194051,0.5498727839950852,0.10936353015338644,-0.08022720088273151,0.132158229147877,-0.20298214783423585,0.07531865335823902,0.9635436277123827,0.028757563567388542,5.649704813307955,22.429234894513915,-21.440803404040736,44.65885615460733,172.2492769289099,118.26759620458252,16.690741730340317,20.71303670334574
19.0,0.2441666666666666,0.0064590277777777,0.363076923076923,0.0193585798816568,0.2916666666666667,0.4134615384615384,,,,,1.0,0.0,1.0,6.0,,1751712122566.4285,5.075714285714286,3.325714285714286,6.0,1751712119683.0,1751712124683.0,1.0,0.0,0.0,21.01079198328968,1.8692765842266852,11.319433671396109,29.15575996310671,0.840529915188202,183,0.5166829970410525,0.14230073712711316,0.5079560704600302,0.22388404157061884,-0.020149863297073148,0.21524923391972736,-0.1905313137612716,0.11490033733081688,0.9489616405881807,0.057318190563735216,-1.4257697188451515,79.1194188481459,-5.357999802431964,82.10912353199,186.74626178992813,136.66628449507851,17.12520116493102,21.01079198328968
20.0,0.2383333333333332,0.0066,0.3676923076923076,0.0230863905325443,0.2916666666666667,0.3846153846153846,,,,,1.0,0.0,1.0,6.0,,1751712125428.0,2.8666666666666667,2.33,6.0,1751712124684.0,1751712129684.0,1.0,1.0,0.0,19.87553271298275,0.7939650711418382,17.67667458081607,23.2815918101777,0.9610554327052306,29,0.597478999266239,0.0864274886346862,0.5636295141967392,0.11651508284218576,0.040158567578709344,0.137284116144917,-0.21657879548733525,0.08214731120560372,0.9620556581368681,0.018866248378353365,30.039252824292845,66.0123172941126,-26.13066960298723,140.95353556928188,188.88831994451576,419.4754263249374,16.537684104825253,19.87553271298275
21.0,0.2399999999999999,0.0074,0.3499999999999999,0.0305473372781065,0.2916666666666667,0.3461538461538461,,,,,1.0,0.0,1.0,6.0,,1751712125428.0,2.8666666666666667,2.33,6.0,1751712124684.0,1751712129684.0,1.0,1.0,1.0,20.44360825510412,0.8466781480801931,16.113289236545963,24.632091854698917,0.9505470623603155,46,0.5997897242519019,0.11878805314041267,0.5649398284722622,0.11327485535465599,0.04715781546970198,0.1949516896185982,-0.21998407760945454,0.08920466476845987,0.9491970458626489,0.04984265208509239,33.676906445344265,54.44713484062919,-37.121827022065176,211.51982757875746,206.48049921258638,446.2596482735642,16.894289432814855,20.44360825510412
22.0,0.2266666666666666,0.004525,0.3599999999999999,0.0284473372781065,0.2916666666666667,0.3749999999999999,,,,,1.0,0.0,1.0,6.0,,1751712125428.0,2.8666666666666667,2.33,6.0,1751712124684.0,1751712129684.0,1.0,1.0,1.0,21.2197153641154,1.4001986987108788,17.63098345435517,26.664106614270835,0.840725178296516,139,0.6750984572257188,0.05625716433100407,0.45475156103056347,0.4593345831760262,0.18540418957028712,0.13522734869414796,-0.16367968623148182,0.12108571197718343,0.9455753522800937,0.10868000263075256,105.8714987389003,1700.9311007205047,-100.22496323179428,2859.0465773179235,513.937859486335,10453.772152759613,18.700661143557024,21.2197153641154
23.0,0.2349999999999999,0.0048444444444444,0.3499999999999999,0.0228550295857988,0.2916666666666667,0.3749999999999999,,,,,1.0,0.0,1.0,6.0,,1751712125428.0,2.8666666666666667,2.33,6.0,1751712124684.0,1751712129684.0,1.0,1.0,1.0,19.395726995277837,2.836310118812962,1.4098025639854503e-06,28.39276528633824,0.9525109325670046,35,0.5586283354532109,0.1451441009449312,0.5605892489859685,0.4352192273883812,-0.022451205058434936,0.2105235277407988,-0.22041106435055596,0.131000579342419,0.9380905641781248,0.09735354354426609,20.06150055793633,40.72184307115177,-15.759069207416974,45.291316711169976,154.56909474493622,38.28435881737236,15.310119964471282,19.395726995277837
24.0,0.2233333333333333,0.0058166666666666,0.3469230769230769,0.0235201183431952,0.2916666666666667,0.3749999999999999,,,,,1.0,0.0,1.0,6.0,,1751712125428.0,2.8666666666666667,2.33,6.0,1751712124684.0,1751712129684.0,1.0,1.0,1.0,20.455357872078988,1.1842576516555123,10.972864723959727,24.64199389646199,0.826371587830412,178,0.6955408978808427,0.10604166718697851,0.5657336716185744,0.1835304110231527,0.25726144548730906,0.13095388404858604,-0.23108121780814267,0.16719245449546066,0.9056851407283186,0.12289155336160097,93.05275878556489,833.126213089321,-55.366760781079144,641.9688019908314,286.9227814730838,2393.101216778038,17.01952753930503,20.455357872078988
25.0,0.2275,0.0058479166666666,0.3469230769230769,0.0186088757396449,0.2916666666666667,0.3846153846153846,,,,,1.0,0.0,1.0,6.0,,1751712154320.0,2.87,2.33,6.0,1751712149689.0,1751712154689.0,1.0,1.0,1.0,20.453907679523542,3.2795676606052506,4.6542563429685575e-06,30.118770073120977,0.9137942166514621,40,0.5914995997908978,0.08993280714983877,0.5047958808754816,0.1376916959707396,0.0180964310076843,0.15441738749233253,-0.17636670323752085,0.08481728399972836,0.9668952011792905,0.05167199292163149,24.651081128846887,29.73961498952308,-10.499857340752259,34.35563699335974,156.66423146579498,64.061778589501,17.250156904303278,20.453907679523542
26.0,0.2333333333333332,0.0053472222222222,0.3407692307692307,0.0169236686390532,0.2916666666666667,0.3461538461538461,,,,,1.0,0.0,1.0,6.0,,1751712157771.0476,4.8723809523809525,2.267619047619048,6.0,1751712154690.0,1751712159690.0,1.0,1.0,1.0,23.671927678546165,1.3743662697628805,11.905563440384777,27.22508345693708,0.8568755174120214,87,0.5773892073916259,0.07055058056803173,0.434696562127449,0.44416856440807984,-0.010237105043724824,0.1582740324370365,-0.13385706108131468,0.10676543725548908,0.9714696752481758,0.042505273359994857,27.198592061977802,83.86747371429341,-7.550969539530859,147.5727261655444,169.8281708536127,344.9981375788761,20.285380489925476,23.671927678546165
27.0,0.2341666666666666,0.00513125,0.3638461538461539,0.0211958579881656,0.2916666666666667,0.3846153846153846,,,,,1.0,0.0,1.0,6.0,,1751712160667.0,7.4,2.465,6.0,1751712159691.0,1751712164691.0,1.0,0.0,1.0,22.123072671070407,1.07613927087444,12.349182844132466,25.643815471433925,0.9042130977141984,90,0.6326758508581132,0.08837953888246172,0.5203641484583309,0.11225289830925714,0.10283487759652749,0.14927705624001508,-0.19471194390602475,0.06716286263360145,0.9609363617045283,0.03664630596593476,59.03259613144581,438.97029404011874,-50.13068437207032,673.1931839338511,273.4822856563735,1697.9769948207343,18.91955155174664,22.123072671070407
28.0,0.2249999999999999,0.0076388888888888,0.4184615384615384,0.0350674556213017,0.2916666666666667,0.5384615384615384,,,,,1.0,0.0,1.0,6.0,,1751712167741.8125,5.133125,2.33,6.0,1751712164692.0,1751712169692.0,1.0,0.0,0.0,21.921113462625208,0.6198541720027878,20.56441828277706,23.60560452887489,0.944677087294982,2,0.6068534789958755,0.08906562091090729,0.5100304731154551,0.06952037193680141,0.025168981613810284,0.1317666341041409,-0.18276856142729378,0.06266917615423852,0.9718608797301653,0.013269796771533608,25.85933491329604,20.917948721403835,-8.539312060041981,10.372978242688147,137.24656216994268,17.463558278620322,18.51959765431783,21.921113462625208
0.0,0.7425,0.0078951388888888,0.35,0.0434467455621301,0.7916666666666666,0.3846153846153846,,,,,0.0,1.0,1.0,7.0,,1751710554872.6667,3.933333333333333,5.0,7.0,1751710550585.0,1751710555585.0,1.0,1.0,1.0,23.714802473574082,2.1783609018908745,13.816619439358298,29.042025313650186,0.8998268090415439,69,0.48084005299928906,0.3067973328022056,0.5257096228515895,0.22375461743026173,-0.1328533416165733,0.12188268087296847,-0.22098401119837294,0.10891013200063666,0.9515183677763133,0.03788939104539049,0.5518159816752088,74.03975987491566,-39.670799528185604,306.30171464396693,209.6926380982768,618.9399612643215,18.546620589807052,23.714802473574082
1.0,0.7216666666666667,0.0067666666666666,0.3538461538461538,0.0368047337278106,0.7916666666666666,0.3846153846153846,,,,,0.0,1.0,1.0,7.0,,1751710557931.5,2.43375,6.634375,7.0,1751710555586.0,1751710560586.0,1.0,0.0,1.0,21.732840924020827,1.3390084278698833,11.279966665738424,25.27991753868753,0.9106943971079949,96,0.4969593201513146,0.04989432592416496,0.5985498228612322,0.12323543212447233,-0.10680197510827225,0.15072289610329648,-0.24542191952677225,0.07722435476651891,0.9474491234799284,0.04524038407197338,6.3791324911235545,74.6383095727548,-50.89983499206927,195.10840180288102,261.22843785253036,609.1689006745185,16.937705664247197,21.732840924020827
2.0,0.7200000000000002,0.0090305555555555,0.3815384615384614,0.0393396449704142,0.7916666666666666,0.3749999999999999,,,,,0.0,1.0,1.0,7.0,,1751710562215.0,2.69,7.843333333333334,7.0,1751710560587.0,1751710565587.0,1.0,0.0,0.0,22.25575146510566,1.3425291144575695,13.202408137834835,26.525472547181103,0.9558802701538885,7,0.5180978263563291,0.14122069418837682,0.48578121966412025,0.21182972357632573,-0.09296569621934986,0.2164374970424853,-0.180097769403529,0.12769090731240512,0.9461915104929975,0.023349850496342493,7.2086524237452325,39.8043866334853,-10.261765968681845,62.90830859798476,153.7275162895449,104.56962681271177,17.590821099918095,22.25575146510566
3.0,0.7066666666666667,0.0078444444444444,0.3507692307692307,0.0418130177514793,0.78125,0.3749999999999999,,,,,0.0,1.0,1.0,7.0,,1751710568227.4,2.1740000000000004,7.616000000000001,7.0,1751710565588.0,1751710570588.0,1.0,0.0,0.0,22.306125538943913,1.3454862209606746,13.97684611620409,25.543026047616152,0.963330402858693,47,0.5303723751875066,0.06978123772707408,0.5777589082830995,0.10890044684797803,-0.0801729618121341,0.12934216822285555,-0.24336466176940744,0.06403355983003524,0.9556470548103667,0.016503390558093887,11.23289561516154,33.4750268696798,-30.902505124191496,176.66176316624595,188.4852893369715,455.36571899051836,17.548180817304306,22.306125538943913
4.0,0.7049999999999998,0.0079749999999999,0.3638461538461538,0.0455745562130177,0.75,0.4134615384615384,,,,,0.0,1.0,1.0,7.0,,1751710568227.4,2.1740000000000004,7.616000000000001,7.0,1751710565588.0,1751710570588.0,1.0,0.0,0.0,21.391916603784082,1.470342317135695,14.911691355531204,34.076663084375085,0.8400726086563446,167,0.6056331922657698,0.22091208077120536,0.5221144624538454,1.2003381969170248,0.07155279785030322,0.17142920800854292,-0.19924432149051893,0.1281355681907321,0.9520740072784007,0.054529730320946615,53.552967520199864,205.99901427488916,-33.8109837500905,261.5604515464965,301.7558720925969,963.8219308946659,18.074442504109832,21.391916603784082
5.0,0.6958333333333334,0.0080034722222222,0.4115384615384615,0.0695414201183432,0.75,0.6153846153846154,,,,,0.0,1.0,1.0,7.0,,1751710568227.4,2.1740000000000004,7.616000000000001,7.0,1751710565588.0,1751710570588.0,1.0,0.0,0.0,50286355.55565143,1252119648.1883745,12.747458458430785,31177527829.607967,0.8048000382685444,227,0.4786410456413646,0.19584305969883756,0.4937959208042836,0.8018907178100978,-0.07380482619260702,0.23754396135389919,-0.20534159275827432,0.09828292624208063,0.9396878218276307,0.057888240902201404,-5.707092820678151,65.70871241084816,-119.61174015578347,2217.0342672809425,435.4793094501961,4537.520778275112,16.162807892482167,50286355.55565143
6.0,0.6983333333333333,0.0085111111111111,0.346153846153846,0.0410059171597633,0.75,0.3846153846153846,,,,,0.0,1.0,1.0,7.0,,1751710582641.8,2.5460000000000003,7.292,7.0,1751710580591.0,1751710585591.0,1.0,0.0,0.0,62788991.29740376,1560908992.1242254,16.024945490097384,38803582240.50912,0.8900055701908794,67,0.7803852718692201,0.23043928795453106,0.4123783761967418,0.14559062861680075,0.37329037417609334,0.33130298089599086,-0.0673137463370938,0.06817731613997283,0.8560733052914866,0.09463355017488632,-72.40396091994458,3089.1131854379946,-0.9539198820970799,2628.9671648218973,929.2201544956582,16325.09361925215,20.893998804391682,62788991.29740376
7.0,0.7008333333333334,0.0060201388888888,0.343076923076923,0.0382745562130177,0.78125,0.3461538461538461,,,,,0.0,1.0,1.0,7.0,,1751710582641.8,2.5460000000000003,7.292,7.0,1751710580591.0,1751710585591.0,1.0,0.0,0.0,23.714105073946328,1.002438823066907,17.73090633803222,28.298398812938515,0.9111598767469214,50,0.7826994041412669,0.08920196726389813,0.39516192154275315,0.08758697680796601,0.323006097092228,0.1446972905271906,-0.0815897215932702,0.06520901128867404,0.927005002523582,0.06713363796451279,72.59744863036033,68.67817818010118,4.764060972055032,65.44802068126701,150.01261445087195,218.65473782217035,21.834800284931976,23.714105073946328
8.0,0.6974999999999999,0.00568125,0.3492307692307692,0.0336,0.75,0.3846153846153846,,,,,0.0,1.0,1.0,7.0,,1751710592805.111,3.0166666666666666,8.348888888888888,7.0,1751710590593.0,1751710595593.0,1.0,0.0,0.0,24.4850513295088,1.0789649709649123,12.011938637293085,30.647717943297227,0.9216103622932207,46,0.7844751536192757,0.05421245321389382,0.476226254441524,0.12169017544092564,0.315635072598304,0.09190140850297335,-0.1414545170613967,0.06274855515575765,0.9300463906169919,0.054847799164989684,69.90786958083007,27.72683691953134,-2.3312943402258086,30.35488611357158,134.18531803653482,45.44025886236509,22.14214990373751,24.4850513295088
9.0,0.685,0.0087611111111111,0.3407692307692306,0.0240242603550295,0.75,0.3461538461538461,,,,,0.0,1.0,1.0,7.0,,1751710592805.111,3.0166666666666666,8.348888888888888,7.0,1751710590593.0,1751710595593.0,1.0,0.0,0.0,25.07587222225924,1.8030779721085795,11.236291465877578,33.14363084434477,0.8926758632642159,122,0.800278789820294,0.0643669957513085,0.5208090134309848,0.14882769409196134,0.3938914852731936,0.11697591201063244,-0.16836201418246605,0.05694079294177766,0.8905355314675061,0.08089820737142514,105.4750852780852,199.3139456121041,-15.351198051610574,100.49356102318329,199.71406452956705,416.0549225126611,22.466235892460166,25.07587222225924
10.0,0.6883333333333335,0.0078638888888888,0.3515384615384614,0.0118349112426035,0.78125,0.3846153846153846,,,,,0.0,1.0,1.0,7.0,,1751710592805.111,3.0166666666666666,8.348888888888888,7.0,1751710590593.0,1751710595593.0,1.0,0.0,0.0,24.57819152841091,0.6760052606361816,23.374596673664943,26.727640730513823,0.9660902022461708,0,0.7916745820647431,0.06632661571199276,0.4511494529814748,0.0639343897971181,0.328258936024106,0.10868413795471438,-0.10175977748928523,0.04031869710937943,0.9307695692445843,0.04619259971026806,73.44220205753852,17.223543705142603,-0.6380162115657828,9.314906869598351,134.83668692525438,14.948438340286682,22.46650377082212,24.57819152841091
11.0,0.6808333333333333,0.00893125,0.3746153846153844,0.009278698224852,0.75,0.3846153846153846,,,,,0.0,1.0,1.0,7.0,,1751710592805.111,3.0166666666666666,8.348888888888888,7.0,1751710590593.0,1751710595593.0,1.0,0.0,0.0,22.116295724396558,2.629133571634895,14.956366014406298,27.018984141620635,0.8724223292265024,96,0.5309033576522677,0.21310159944655382,0.3936672854282937,0.3143155886382859,-0.013656184836993478,0.32161939150463814,-0.08709531738525378,0.14173984287910898,0.9308994854448155,0.04724953937310137,10.597910510129346,164.60035542411856,-29.71105374502687,632.515953582936,239.4010058684804,1111.3382667993214,18.290200727494838,22.116295724396558
12.0,0.665,0.009025,0.3307692307692307,0.0039644970414201,0.75,0.3846153846153846,,,,,0.0,1.0,1.0,7.0,,1751710612797.077,2.0461538461538464,9.0,7.0,1751710610597.0,1751710615597.0,1.0,0.0,0.0,22.48643277186996,1.6310105517804294,12.614133561987448,26.985458881952106,0.6494450586147057,409,0.6351139618459364,2.877467081718234,0.2384014517190919,1.2494475048112221,0.13977303509051311,0.31822053919661464,0.041072536309915336,0.1861833421860847,0.9101936930170371,0.12062574871734959,0.7297710826125275,128.22332815698852,38.96675401336345,164.45531604820013,241.70602104926297,174.29150870063188,19.20110426878647,22.48643277186996
13.0,0.6808333333333334,0.0086534722222222,0.3876923076923076,0.0052568047337278,0.75,0.4230769230769231,,,,,0.0,1.0,1.0,7.0,,1751710619147.5908,2.321363636363636,9.0,7.0,1751710615598.0,1751710620598.0,1.0,0.0,0.0,24.66974016984767,3.940769545751765,5.8839741896862265e-06,27.35815296251329,0.9130728172699059,15,0.8126301460598914,0.05369188800965782,0.4123241410046628,0.06802310723746716,0.3699123609530664,0.10326996370672578,-0.07069961285059755,0.02419560466237349,0.9188955860288315,0.0505800759655343,81.69687256458246,20.97162539120827,6.329652294507776,21.585948771650532,136.07844279411543,19.49859170567736,22.860760863029494,24.66974016984767
14.0,0.6758333333333333,0.0075895833333333,0.3892307692307692,0.0093278106508875,0.75,0.4134615384615384,,,,,0.0,1.0,1.0,7.0,,1751710622646.5334,1.9780000000000004,8.822666666666667,7.0,1751710620599.0,1751710625599.0,1.0,0.0,0.0,24.464431985687977,1.4520422077042043,20.7165824608653,27.23962306964982,0.9144839883682859,29,0.7158462073343604,0.10795434084001466,0.34201645806077907,0.2626703291311443,0.21433852627452568,0.1599637585146678,-0.046061560046431395,0.06282879177977586,0.9599819547299713,0.02934365790342294,52.24125207565902,29.776145931514677,13.924464282490534,30.836385067572238,138.96628392762483,37.40489313418697,22.65313971801371,24.464431985687977
15.0,0.6666666666666669,0.0077777777777777,0.3723076923076923,0.0136355029585798,0.7395833333333334,0.4134615384615384,,,,,0.0,1.0,1.0,7.0,,1751710627798.4,1.0539999999999998,8.786000000000001,7.0,1751710625600.0,1751710630600.0,1.0,0.0,0.0,25.210548964030604,0.596913190659177,23.90229241726549,26.604568265782365,0.9272314427842301,0,0.7588055236681742,0.04268096416844641,0.3664909395819099,0.011742644278683321,0.257561861800602,0.07138204471617716,-0.045086360151049075,0.006985437787168777,0.9624488992439575,0.0134657321504971,58.2971967835138,10.401865813490081,10.05507550777927,1.1807158137824552,123.58051228604234,5.033930907276296,23.675253965105295,25.210548964030604
16.0,0.6683333333333333,0.0092333333333333,0.3892307692307692,0.0167242603550295,0.75,0.4230769230769231,,,,,0.0,1.0,1.0,7.0,,1751710633395.0,1.0,9.0,7.0,1751710630601.0,1751710635601.0,1.0,0.0,0.0,22.7794342866694,2.226905099828599,18.35928767907276,30.045590317808298,0.88578240329688,104,0.6198062966939982,0.13836987274109402,0.45482933486714267,0.16674001602244473,0.09680880508033932,0.22618990382463303,-0.12953337564206918,0.09734778829642997,0.9541933029967348,0.05272389297156763,34.84455038735706,60.6061377170578,-13.194367260617907,190.69364200951335,226.33413290792717,633.0841038257959,19.978277698230897,22.7794342866694
17.0,0.6691666666666666,0.0094729166666666,0.3707692307692307,0.0185065088757396,0.75,0.4519230769230768,,,,,0.0,1.0,1.0,7.0,,1751710640201.0,1.0,8.73,7.0,1751710635602.0,1751710640602.0,1.0,0.0,0.0,22.864134883124176,1.6857140121455159,17.521747990205327,31.722307824130205,0.8149712828709778,182,0.606526464463994,0.09953559613775098,0.3759627450181597,0.32689684775055156,0.09776235151826126,0.20220184624286525,-0.10039313356025038,0.14959180186953916,0.9548423132678349,0.07374541632434616,25.31194846105878,158.4631608034851,-70.62185215521932,2181.532681390528,393.40971677280004,5378.256702154968,20.344132317122774,22.864134883124176
18.0,0.6816666666666668,0.0081777777777777,0.3676923076923076,0.0134414201183431,0.75,0.4230769230769231,,,,,0.0,1.0,1.0,7.0,,1751710642055.8096,1.850952380952381,6.650952380952382,7.0,1751710640603.0,1751710645603.0,1.0,0.0,0.0,20.71303670334574,1.0951248888001592,13.854784566654972,24.19623144579983,0.9220257199700269,84,0.5172002960080186,0.06439482860194051,0.5498727839950852,0.10936353015338644,-0.08022720088273151,0.132158229147877,-0.20298214783423585,0.07531865335823902,0.9635436277123827,0.028757563567388542,5.649704813307955,22.429234894513915,-21.440803404040736,44.65885615460733,172.2492769289099,118.26759620458252,16.690741730340317,20.71303670334574
19.0,0.6774999999999999,0.0081118055555555,0.3569230769230768,0.0130792899408284,0.75,0.3846153846153846,,,,,0.0,1.0,1.0,7.0,,1751710642055.8096,1.850952380952381,6.650952380952382,7.0,1751710640603.0,1751710645603.0,1.0,0.0,0.0,21.01079198328968,1.8692765842266852,11.319433671396109,29.15575996310671,0.840529915188202,183,0.5166829970410525,0.14230073712711316,0.5079560704600302,0.22388404157061884,-0.020149863297073148,0.21524923391972736,-0.1905313137612716,0.11490033733081688,0.9489616405881807,0.057318190563735216,-1.4257697188451515,79.1194188481459,-5.357999802431964,82.10912353199,186.74626178992813,136.66628449507851,17.12520116493102,21.01079198328968
20.0,0.6575,0.0077284722222222,0.3761538461538461,0.0179461538461538,0.7083333333333334,0.3846153846153846,,,,,0.0,1.0,1.0,7.0,,1751710642055.8096,1.850952380952381,6.650952380952382,7.0,1751710640603.0,1751710645603.0,1.0,0.0,0.0,19.87553271298275,0.7939650711418382,17.67667458081607,23.2815918101777,0.9610554327052306,29,0.597478999266239,0.0864274886346862,0.5636295141967392,0.11651508284218576,0.040158567578709344,0.137284116144917,-0.21657879548733525,0.08214731120560372,0.9620556581368681,0.018866248378353365,30.039252824292845,66.0123172941126,-26.13066960298723,140.95353556928188,188.88831994451576,419.4754263249374,16.537684104825253,19.87553271298275
21.0,0.6666666666666667,0.0091666666666666,0.3692307692307692,0.0189349112426035,0.75,0.3846153846153846,,,,,0.0,1.0,1.0,7.0,,1751710642055.8096,1.850952380952381,6.650952380952382,7.0,1751710640603.0,1751710645603.0,1.0,0.0,0.0,20.44360825510412,0.8466781480801931,16.113289236545963,24.632091854698917,0.9505470623603155,46,0.5997897242519019,0.11878805314041267,0.5649398284722622,0.11327485535465599,0.04715781546970198,0.1949516896185982,-0.21998407760945454,0.08920466476845987,0.9491970458626489,0.04984265208509239,33.676906445344265,54.44713484062919,-37.121827022065176,211.51982757875746,206.48049921258638,446.2596482735642,16.894289432814855,20.44360825510412
22.0,0.6708333333333333,0.0096701388888888,0.3738461538461538,0.0171621301775147,0.7395833333333334,0.4230769230769231,,,,,0.0,1.0,1.0,7.0,,1751710642055.8096,1.850952380952381,6.650952380952382,7.0,1751710640603.0,1751710645603.0,1.0,0.0,0.0,21.2197153641154,1.4001986987108788,17.63098345435517,26.664106614270835,0.840725178296516,139,0.6750984572257188,0.05625716433100407,0.45475156103056347,0.4593345831760262,0.18540418957028712,0.13522734869414796,-0.16367968623148182,0.12108571197718343,0.9455753522800937,0.10868000263075256,105.8714987389003,1700.9311007205047,-100.22496323179428,2859.0465773179235,513.937859486335,10453.772152759613,18.700661143557024,21.2197153641154
23.0,0.6683333333333333,0.0084,0.4092307692307692,0.0261988165680473,0.75,0.5,,,,,0.0,1.0,1.0,7.0,,1751710668386.2942,3.401764705882353,7.808235294117647,7.0,1751710665608.0,1751710670608.0,1.0,0.0,0.0,19.395726995277837,2.836310118812962,1.4098025639854503e-06,28.39276528633824,0.9525109325670046,35,0.5586283354532109,0.1451441009449312,0.5605892489859685,0.4352192273883812,-0.022451205058434936,0.2105235277407988,-0.22041106435055596,0.131000579342419,0.9380905641781248,0.09735354354426609,20.06150055793633,40.72184307115177,-15.759069207416974,45.291316711169976,154.56909474493622,38.28435881737236,15.310119964471282,19.395726995277837
24.0,0.655,0.007225,0.3853846153846152,0.0217449704142011,0.7083333333333334,0.4230769230769231,,,,,0.0,1.0,1.0,7.0,,1751710674322.5,2.466666666666667,8.11,7.0,1751710670609.0,1751710675609.0,1.0,0.0,0.0,20.455357872078988,1.1842576516555123,10.972864723959727,24.64199389646199,0.826371587830412,178,0.6955408978808427,0.10604166718697851,0.5657336716185744,0.1835304110231527,0.25726144548730906,0.13095388404858604,-0.23108121780814267,0.16719245449546066,0.9056851407283186,0.12289155336160097,93.05275878556489,833.126213089321,-55.366760781079144,641.9688019908314,286.9227814730838,2393.101216778038,17.01952753930503,20.455357872078988
25.0,0.6616666666666666,0.0094194444444444,0.3807692307692307,0.0256952662721893,0.75,0.3846153846153846,,,,,0.0,1.0,1.0,7.0,,1751710678083.0,2.465,7.93,7.0,1751710675610.0,1751710680610.0,1.0,0.0,0.0,20.453907679523542,3.2795676606052506,4.6542563429685575e-06,30.118770073120977,0.9137942166514621,40,0.5914995997908978,0.08993280714983877,0.5047958808754816,0.1376916959707396,0.0180964310076843,0.15441738749233253,-0.17636670323752085,0.08481728399972836,0.9668952011792905,0.05167199292163149,24.651081128846887,29.73961498952308,-10.499857340752259,34.35563699335974,156.66423146579498,64.061778589501,17.250156904303278,20.453907679523542
26.0,0.6600000000000001,0.0083583333333333,0.3715384615384615,0.0302727810650887,0.7083333333333334,0.3846153846153846,,,,,0.0,1.0,1.0,7.0,,1751710682472.3333,2.155,8.424999999999999,7.0,1751710680611.0,1751710685611.0,1.0,0.0,0.0,23.671927678546165,1.3743662697628805,11.905563440384777,27.22508345693708,0.8568755174120214,87,0.5773892073916259,0.07055058056803173,0.434696562127449,0.44416856440807984,-0.010237105043724824,0.1582740324370365,-0.13385706108131468,0.10676543725548908,0.9714696752481758,0.042505273359994857,27.198592061977802,83.86747371429341,-7.550969539530859,147.5727261655444,169.8281708536127,344.9981375788761,20.285380489925476,23.671927678546165
27.0,0.6541666666666667,0.0065451388888888,0.3676923076923077,0.0305420118343195,0.7083333333333334,0.3846153846153846,,,,,0.0,1.0,1.0,7.0,,1751710687934.9092,1.3645454545454545,8.758181818181818,7.0,1751710685612.0,1751710690612.0,1.0,0.0,0.0,22.123072671070407,1.07613927087444,12.349182844132466,25.643815471433925,0.9042130977141984,90,0.6326758508581132,0.08837953888246172,0.5203641484583309,0.11225289830925714,0.10283487759652749,0.14927705624001508,-0.19471194390602475,0.06716286263360145,0.9609363617045283,0.03664630596593476,59.03259613144581,438.97029404011874,-50.13068437207032,673.1931839338511,273.4822856563735,1697.9769948207343,18.91955155174664,22.123072671070407
28.0,0.6483333333333333,0.0090388888888888,0.3715384615384615,0.0284384615384615,0.7083333333333334,0.4423076923076923,,,,,0.0,1.0,1.0,7.0,,1751710693505.2222,1.6833333333333331,8.822222222222223,7.0,1751710690613.0,1751710695613.0,1.0,0.0,0.0,21.921113462625208,0.6198541720027878,20.56441828277706,23.60560452887489,0.944677087294982,2,0.6068534789958755,0.08906562091090729,0.5100304731154551,0.06952037193680141,0.025168981613810284,0.1317666341041409,-0.18276856142729378,0.06266917615423852,0.9718608797301653,0.013269796771533608,25.85933491329604,20.917948721403835,-8.539312060041981,10.372978242688147,137.24656216994268,17.463558278620322,18.51959765431783,21.921113462625208
29.0,0.645,0.0093222222222222,0.3792307692307692,0.037278698224852,0.7395833333333334,0.4230769230769231,,,,,0.0,1.0,1.0,7.0,,1751710698153.5,2.6899999999999995,7.090833333333335,7.0,1751710695614.0,1751710700614.0,1.0,0.0,0.0,22.20977481772433,1.0647870986866754,19.962363210006814,26.823457311428893,0.8714085722158683,17,0.5672122495613156,0.08648133475305272,0.4523682347416594,0.049603977714234686,-0.03639287428313401,0.14353454764306814,-0.1444343382955782,0.03181432125374728,0.9772340709749066,0.035099898570202445,16.447933073595646,22.045015899639626,-1.061813648462877,9.211379842076019,133.61792409855306,29.15840350834149,18.747190304119695,22.20977481772433
30.0,0.6616666666666667,0.0089333333333333,0.3746153846153846,0.0314680473372781,0.7083333333333334,0.4230769230769231,,,,,0.0,1.0,1.0,7.0,,1751710702202.0,2.8663636363636367,6.870000000000001,7.0,1751710700615.0,1751710705615.0,1.0,0.0,0.0,21.539627977219432,1.0749119441803239,12.20093985696878,26.148645161932915,0.9132878027125922,60,0.6140119929807747,0.04474843558295175,0.5131205803443237,0.1425624206737216,0.051242101949994096,0.1062537291371238,-0.17627585363995682,0.0706968143593391,0.9741872834693973,0.03141171959016451,68.23901684017245,866.8787895033284,-70.2301035100179,1322.036705950112,341.4073069212874,3717.5628852531067,18.532712401650876,21.539627977219432
31.0,0.6591666666666667,0.0067145833333333,0.3946153846153845,0.0301071005917159,0.7083333333333334,0.4519230769230768,,,,,0.0,1.0,1.0,7.0,,1751710707686.3,2.3080000000000003,7.507,7.0,1751710705616.0,1751710710616.0,1.0,0.0,0.0,22.11138668931581,0.756227669303774,13.42019644521467,25.6211307216172,0.9393512703642463,62,0.5968707808162631,0.11025842563554826,0.5388829451763685,0.08454936228195242,0.03174573445178101,0.18063326023322399,-0.2045612623464701,0.06581456350368417,0.9580985191669478,0.04761208552971913,23.503846601418832,31.087101094539683,-13.872312415858177,26.531260487951137,155.54739741875463,73.97290779747703,18.426589950809014,22.11138668931581
32.0,0.6458333333333333,0.0080034722222222,0.3523076923076922,0.031796449704142,0.7083333333333334,0.3846153846153846,,,,,0.0,1.0,1.0,7.0,,1751710707686.3,2.3080000000000003,7.507,7.0,1751710705616.0,1751710710616.0,1.0,0.0,0.0,22.330372625095745,0.4459946271762921,20.48449770329585,25.68942636574047,0.9263607243381797,31,0.6618924480041835,0.03622049493858915,0.5061863766802102,0.08564136654497491,0.11574184121990012,0.09211503207740562,-0.17724322130430317,0.08068148205949881,0.9684569680120988,0.047949901485556105,44.92711908474471,52.132068055283135,-14.392539734507455,80.29527573281487,157.52035903410737,178.91791604564366,19.51024406874834,22.330372625095745
33.0,0.6541666666666666,0.0085590277777777,0.353076923076923,0.0369639053254437,0.7083333333333334,0.3749999999999999,,,,,0.0,1.0,1.0,7.0,,1751710707686.3,2.3080000000000003,7.507,7.0,1751710705616.0,1751710710616.0,1.0,0.0,0.0,21.55863877949319,0.9385984254660912,11.00747115568889,27.839877959784197,0.8832040970743867,87,0.6655625885879444,0.03400171990586789,0.4944673361974814,0.11865344904084689,0.1449973927388158,0.11232812899644995,-0.1521770895516119,0.07947627830472206,0.9663439435189011,0.05551251254811905,67.69017526024192,337.9778447617553,-48.127810727172466,639.7213078398207,261.3405474708888,1582.1383962028112,19.16528989770542,21.55863877949319
34.0,0.6658333333333334,0.0090618055555555,0.3492307692307692,0.0364994082840236,0.75,0.3846153846153846,,,,,0.0,1.0,1.0,7.0,,1751710707686.3,2.3080000000000003,7.507,7.0,1751710705616.0,1751710710616.0,1.0,0.0,0.0,21.865856644750778,0.8535940114644978,15.096589130920906,29.75986045641865,0.9084576841522398,42,0.6799481799982893,0.027313160247356638,0.4920374606535542,0.07095214411265569,0.15405706894011956,0.08227440743913089,-0.15626717192430345,0.07564505594998933,0.9682010889947172,0.04420700080132524,67.72940151567303,537.7127316970077,-25.786827810315582,504.14048111846864,210.65028432181774,1491.6015464181773,19.447371924354442,21.865856644750778
35.0,0.6366666666666667,0.008475,0.3669230769230768,0.0271130177514792,0.7083333333333334,0.3846153846153846,,,,,0.0,1.0,1.0,7.0,,1751710707686.3,2.3080000000000003,7.507,7.0,1751710705616.0,1751710710616.0,1.0,0.0,0.0,21.76121262643654,1.580257601357699,11.2570824301753,29.884503662169656,0.8568337302809453,90,0.6637759452888891,0.0730777258235784,0.469034942932645,0.12102079619706299,0.14391005280797498,0.1553684270889477,-0.1591149223297759,0.07448940609376437,0.9597530958889405,0.056440469245870886,56.718023222815866,253.13623175457707,-14.665430741941215,347.1261424460935,212.70700641816057,1285.977242326952,19.292280567259365,21.76121262643654
36.0,0.6391666666666667,0.0069868055555555,0.3599999999999999,0.0322343195266272,0.7083333333333334,0.3461538461538461,,,,,0.0,1.0,1.0,7.0,,1751710732862.25,2.1,8.631250000000001,7.0,1751710730621.0,1751710735621.0,1.0,0.0,0.0,20.552073619060547,3.3048105627592026,5.505674046498142e-06,32.042742168237886,0.8479156291422022,150,0.5965523496866131,0.13838299054684794,0.5193608614760467,0.17925501030768015,0.06525363357699066,0.25443733373918526,-0.20368661383112652,0.12874560767586832,0.9202482966741282,0.16178556238658687,56.37847193576261,256.533675108901,-38.841103084100304,328.5933872228123,258.10757866419766,1057.6596835402297,16.67091959680317,20.552073619060547
37.0,0.6358333333333334,0.00818125,0.3707692307692307,0.0336544378698224,0.7083333333333334,0.3846153846153846,,,,,0.0,1.0,1.0,7.0,,1751710732862.25,2.1,8.631250000000001,7.0,1751710730621.0,1751710735621.0,1.0,0.0,0.0,20.77727394666528,4.120652600692542,5.505674046498142e-06,25.45535976215424,0.8543306022400604,130,0.6314198447320927,2.827026799313797,0.45802151259961865,2.929189977354328,-0.028849140323682056,0.19425124186618828,-0.19801394550687862,0.06762353226528345,0.9561389121299105,0.05907007088521849,22.683825733553494,97.81803392896782,-22.30975350906331,173.4832665157444,206.51623455389554,539.7887536721236,16.96057404819363,20.77727394666528
38.0,0.6408333333333335,0.0102006944444444,0.3861538461538461,0.0336662721893491,0.7083333333333334,0.4230769230769231,,,,,0.0,1.0,1.0,7.0,,1751710732862.25,2.1,8.631250000000001,7.0,1751710730621.0,1751710735621.0,1.0,0.0,0.0,21.284377445228927,1.1821997363745957,10.036390691262504,25.918123045504867,0.88906117204967,88,0.5765347561054128,0.1271390893791933,0.5110241057108801,0.1323269591321063,0.0006511443443573668,0.23503832672461192,-0.17235842877906127,0.06723332756133112,0.9488451205578197,0.10139188721924419,55.554782149904455,304.29817009166413,-99.2396690047758,1286.8333857265795,405.10103478042987,3801.6876202527337,17.726145712016518,21.284377445228927
0.0,0.6091666666666666,0.0074923611111111,0.3892307692307692,0.0400970414201183,0.6666666666666666,0.4519230769230768,,,,,0.0,1.0,1.0,8.0,,1751710869368.0,5.0,5.0,8.0,1751710869368.0,1751710874368.0,1.0,1.0,1.0,23.714802473574082,2.1783609018908745,13.816619439358298,29.042025313650186,0.8998268090415439,69,0.48084005299928906,0.3067973328022056,0.5257096228515895,0.22375461743026173,-0.1328533416165733,0.12188268087296847,-0.22098401119837294,0.10891013200063666,0.9515183677763133,0.03788939104539049,0.5518159816752088,74.03975987491566,-39.670799528185604,306.30171464396693,209.6926380982768,618.9399612643215,18.546620589807052,23.714802473574082
1.0,0.6475,0.0051534722222222,0.3969230769230769,0.0425704142011834,0.7083333333333334,0.4615384615384615,,,,,0.0,1.0,1.0,8.0,,1751710869368.0,5.0,5.0,8.0,1751710869368.0,1751710874368.0,1.0,1.0,1.0,21.732840924020827,1.3390084278698833,11.279966665738424,25.27991753868753,0.9106943971079949,96,0.4969593201513146,0.04989432592416496,0.5985498228612322,0.12323543212447233,-0.10680197510827225,0.15072289610329648,-0.24542191952677225,0.07722435476651891,0.9474491234799284,0.04524038407197338,6.3791324911235545,74.6383095727548,-50.89983499206927,195.10840180288102,261.22843785253036,609.1689006745185,16.937705664247197,21.732840924020827
2.0,0.6441666666666666,0.0093895833333333,0.3376923076923075,0.0314372781065088,0.7083333333333334,0.3749999999999999,,,,,0.0,1.0,1.0,8.0,,1751710884256.0,5.0,4.73,8.0,1751710879370.0,1751710884370.0,1.0,1.0,1.0,22.25575146510566,1.3425291144575695,13.202408137834835,26.525472547181103,0.9558802701538885,7,0.5180978263563291,0.14122069418837682,0.48578121966412025,0.21182972357632573,-0.09296569621934986,0.2164374970424853,-0.180097769403529,0.12769090731240512,0.9461915104929975,0.023349850496342493,7.2086524237452325,39.8043866334853,-10.261765968681845,62.90830859798476,153.7275162895449,104.56962681271177,17.590821099918095,22.25575146510566
3.0,0.6516666666666666,0.0087333333333333,0.353076923076923,0.032289349112426,0.7083333333333334,0.3749999999999999,,,,,0.0,1.0,1.0,8.0,,1751710885703.7896,4.01736842105263,3.05,8.0,1751710884371.0,1751710889371.0,1.0,1.0,1.0,22.306125538943913,1.3454862209606746,13.97684611620409,25.543026047616152,0.963330402858693,47,0.5303723751875066,0.06978123772707408,0.5777589082830995,0.10890044684797803,-0.0801729618121341,0.12934216822285555,-0.24336466176940744,0.06403355983003524,0.9556470548103667,0.016503390558093887,11.23289561516154,33.4750268696798,-30.902505124191496,176.66176316624595,188.4852893369715,455.36571899051836,17.548180817304306,22.306125538943913
4.0,0.6483333333333333,0.0075805555555555,0.3384615384615385,0.0276923076923077,0.7083333333333334,0.3846153846153846,,,,,0.0,1.0,1.0,8.0,,1751710891899.0,2.228,1.96,8.0,1751710889372.0,1751710894372.0,1.0,1.0,1.0,21.391916603784082,1.470342317135695,14.911691355531204,34.076663084375085,0.8400726086563446,167,0.6056331922657698,0.22091208077120536,0.5221144624538454,1.2003381969170248,0.07155279785030322,0.17142920800854292,-0.19924432149051893,0.1281355681907321,0.9520740072784007,0.054529730320946615,53.552967520199864,205.99901427488916,-33.8109837500905,261.5604515464965,301.7558720925969,963.8219308946659,18.074442504109832,21.391916603784082
5.0,0.6224999999999999,0.0063479166666666,0.393076923076923,0.0352242603550295,0.6666666666666666,0.5384615384615384,,,,,0.0,1.0,1.0,8.0,,1751710896593.0,2.87,1.8,8.0,1751710894373.0,1751710899373.0,1.0,1.0,1.0,50286355.55565143,1252119648.1883745,12.747458458430785,31177527829.607967,0.8048000382685444,227,0.4786410456413646,0.19584305969883756,0.4937959208042836,0.8018907178100978,-0.07380482619260702,0.23754396135389919,-0.20534159275827432,0.09828292624208063,0.9396878218276307,0.057888240902201404,-5.707092820678151,65.70871241084816,-119.61174015578347,2217.0342672809425,435.4793094501961,4537.520778275112,16.162807892482167,50286355.55565143
6.0,0.6266666666666666,0.0084,0.3569230769230768,0.0204165680473372,0.6979166666666667,0.4230769230769231,,,,,0.0,1.0,1.0,8.0,,1751710904152.0,3.13,1.8,8.0,1751710899374.0,1751710904374.0,1.0,1.0,1.0,62788991.29740376,1560908992.1242254,16.024945490097384,38803582240.50912,0.8900055701908794,67,0.7803852718692201,0.23043928795453106,0.4123783761967418,0.14559062861680075,0.37329037417609334,0.33130298089599086,-0.0673137463370938,0.06817731613997283,0.8560733052914866,0.09463355017488632,-72.40396091994458,3089.1131854379946,-0.9539198820970799,2628.9671648218973,929.2201544956582,16325.09361925215,20.893998804391682,62788991.29740376
7.0,0.645,0.0100166666666666,0.3538461538461538,0.0210650887573964,0.7083333333333334,0.3846153846153846,,,,,0.0,1.0,1.0,8.0,,1751710904865.0,3.13,2.07,8.0,1751710904375.0,1751710909375.0,1.0,1.0,1.0,23.714105073946328,1.002438823066907,17.73090633803222,28.298398812938515,0.9111598767469214,50,0.7826994041412669,0.08920196726389813,0.39516192154275315,0.08758697680796601,0.323006097092228,0.1446972905271906,-0.0815897215932702,0.06520901128867404,0.927005002523582,0.06713363796451279,72.59744863036033,68.67817818010118,4.764060972055032,65.44802068126701,150.01261445087195,218.65473782217035,21.834800284931976,23.714105073946328
8.0,0.6325,0.0070618055555555,0.3676923076923076,0.0199502958579881,0.6979166666666667,0.3846153846153846,,,,,0.0,1.0,1.0,8.0,,1751710912204.0,3.4,1.935,8.0,1751710909376.0,1751710914376.0,1.0,1.0,1.0,24.4850513295088,1.0789649709649123,12.011938637293085,30.647717943297227,0.9216103622932207,46,0.7844751536192757,0.05421245321389382,0.476226254441524,0.12169017544092564,0.315635072598304,0.09190140850297335,-0.1414545170613967,0.06274855515575765,0.9300463906169919,0.054847799164989684,69.90786958083007,27.72683691953134,-2.3312943402258086,30.35488611357158,134.18531803653482,45.44025886236509,22.14214990373751,24.4850513295088
9.0,0.6425,0.0035479166666666,0.3607692307692307,0.0204668639053254,0.6666666666666666,0.3846153846153846,,,,,0.0,1.0,1.0,8.0,,1751710912204.0,3.4,1.935,8.0,1751710909376.0,1751710914376.0,1.0,1.0,1.0,25.07587222225924,1.8030779721085795,11.236291465877578,33.14363084434477,0.8926758632642159,122,0.800278789820294,0.0643669957513085,0.5208090134309848,0.14882769409196134,0.3938914852731936,0.11697591201063244,-0.16836201418246605,0.05694079294177766,0.8905355314675061,0.08089820737142514,105.4750852780852,199.3139456121041,-15.351198051610574,100.49356102318329,199.71406452956705,416.0549225126611,22.466235892460166,25.07587222225924
10.0,0.6883333333333335,0.0084194444444444,0.4415384615384614,0.0414934911242603,0.7395833333333334,0.5769230769230769,,,,,0.0,1.0,1.0,8.0,,1751710912204.0,3.4,1.935,8.0,1751710909376.0,1751710914376.0,1.0,1.0,1.0,24.57819152841091,0.6760052606361816,23.374596673664943,26.727640730513823,0.9660902022461708,0,0.7916745820647431,0.06632661571199276,0.4511494529814748,0.0639343897971181,0.328258936024106,0.10868413795471438,-0.10175977748928523,0.04031869710937943,0.9307695692445843,0.04619259971026806,73.44220205753852,17.223543705142603,-0.6380162115657828,9.314906869598351,134.83668692525438,14.948438340286682,22.46650377082212,24.57819152841091
11.0,0.7591666666666665,0.0089090277777777,0.3299999999999999,0.030478698224852,0.8333333333333334,0.3461538461538461,,,,,0.0,1.0,1.0,8.0,,1751710912204.0,3.4,1.935,8.0,1751710909376.0,1751710914376.0,1.0,1.0,1.0,22.116295724396558,2.629133571634895,14.956366014406298,27.018984141620635,0.8724223292265024,96,0.5309033576522677,0.21310159944655382,0.3936672854282937,0.3143155886382859,-0.013656184836993478,0.32161939150463814,-0.08709531738525378,0.14173984287910898,0.9308994854448155,0.04724953937310137,10.597910510129346,164.60035542411856,-29.71105374502687,632.515953582936,239.4010058684804,1111.3382667993214,18.290200727494838,22.116295724396558
12.0,0.7641666666666665,0.0080284722222222,0.3538461538461538,0.0260355029585798,0.8333333333333334,0.3846153846153846,,,,,0.0,1.0,1.0,8.0,,1751710912204.0,3.4,1.935,8.0,1751710909376.0,1751710914376.0,1.0,1.0,1.0,22.48643277186996,1.6310105517804294,12.614133561987448,26.985458881952106,0.6494450586147057,409,0.6351139618459364,2.877467081718234,0.2384014517190919,1.2494475048112221,0.13977303509051311,0.31822053919661464,0.041072536309915336,0.1861833421860847,0.9101936930170371,0.12062574871734959,0.7297710826125275,128.22332815698852,38.96675401336345,164.45531604820013,241.70602104926297,174.29150870063188,19.20110426878647,22.48643277186996
13.0,0.7841666666666666,0.0086590277777777,0.3915384615384615,0.0364313609467455,0.8333333333333334,0.5192307692307692,,,,,0.0,1.0,1.0,8.0,,1751710939266.0,3.4,2.07,8.0,1751710934381.0,1751710939381.0,1.0,1.0,1.0,24.66974016984767,3.940769545751765,5.8839741896862265e-06,27.35815296251329,0.9130728172699059,15,0.8126301460598914,0.05369188800965782,0.4123241410046628,0.06802310723746716,0.3699123609530664,0.10326996370672578,-0.07069961285059755,0.02419560466237349,0.9188955860288315,0.0505800759655343,81.69687256458246,20.97162539120827,6.329652294507776,21.585948771650532,136.07844279411543,19.49859170567736,22.860760863029494,24.66974016984767
14.0,0.7550000000000001,0.0103222222222222,0.3323076923076922,0.0411692307692307,0.8333333333333334,0.4134615384615384,,,,,0.0,1.0,1.0,8.0,,1751710941343.0,3.20590909090909,4.9390909090909085,8.0,1751710939382.0,1751710944382.0,1.0,1.0,1.0,24.464431985687977,1.4520422077042043,20.7165824608653,27.23962306964982,0.9144839883682859,29,0.7158462073343604,0.10795434084001466,0.34201645806077907,0.2626703291311443,0.21433852627452568,0.1599637585146678,-0.046061560046431395,0.06282879177977586,0.9599819547299713,0.02934365790342294,52.24125207565902,29.776145931514677,13.924464282490534,30.836385067572238,138.96628392762483,37.40489313418697,22.65313971801371,24.464431985687977
15.0,0.6766666666666667,0.0106638888888888,0.3376923076923075,0.0257568047337278,0.75,0.3461538461538461,,,,,0.0,1.0,1.0,8.0,,1751710948049.0,2.07,6.87,8.0,1751710944383.0,1751710949383.0,1.0,0.0,1.0,25.210548964030604,0.596913190659177,23.90229241726549,26.604568265782365,0.9272314427842301,0,0.7588055236681742,0.04268096416844641,0.3664909395819099,0.011742644278683321,0.257561861800602,0.07138204471617716,-0.045086360151049075,0.006985437787168777,0.9624488992439575,0.0134657321504971,58.2971967835138,10.401865813490081,10.05507550777927,1.1807158137824552,123.58051228604234,5.033930907276296,23.675253965105295,25.210548964030604
16.0,0.6508333333333333,0.0097145833333333,0.3738461538461538,0.047694674556213,0.75,0.5673076923076923,,,,,0.0,1.0,1.0,8.0,,1751710948049.0,2.07,6.87,8.0,1751710944383.0,1751710949383.0,1.0,0.0,0.0,22.7794342866694,2.226905099828599,18.35928767907276,30.045590317808298,0.88578240329688,104,0.6198062966939982,0.13836987274109402,0.45482933486714267,0.16674001602244473,0.09680880508033932,0.22618990382463303,-0.12953337564206918,0.09734778829642997,0.9541933029967348,0.05272389297156763,34.84455038735706,60.6061377170578,-13.194367260617907,190.69364200951335,226.33413290792717,633.0841038257959,19.978277698230897,22.7794342866694
17.0,0.5975,0.00830625,0.3192307692307692,0.0274704142011834,0.6666666666666666,0.3461538461538461,,,,,0.0,1.0,1.0,8.0,,1751710948049.0,2.07,6.87,8.0,1751710944383.0,1751710949383.0,1.0,0.0,0.0,22.864134883124176,1.6857140121455159,17.521747990205327,31.722307824130205,0.8149712828709778,182,0.606526464463994,0.09953559613775098,0.3759627450181597,0.32689684775055156,0.09776235151826126,0.20220184624286525,-0.10039313356025038,0.14959180186953916,0.9548423132678349,0.07374541632434616,25.31194846105878,158.4631608034851,-70.62185215521932,2181.532681390528,393.40971677280004,5378.256702154968,20.344132317122774,22.864134883124176
18.0,0.5791666666666666,0.00640625,0.3369230769230769,0.0211573964497041,0.65625,0.3846153846153846,,,,,0.0,1.0,1.0,8.0,,1751710948049.0,2.07,6.87,8.0,1751710944383.0,1751710949383.0,1.0,0.0,0.0,20.71303670334574,1.0951248888001592,13.854784566654972,24.19623144579983,0.9220257199700269,84,0.5172002960080186,0.06439482860194051,0.5498727839950852,0.10936353015338644,-0.08022720088273151,0.132158229147877,-0.20298214783423585,0.07531865335823902,0.9635436277123827,0.028757563567388542,5.649704813307955,22.429234894513915,-21.440803404040736,44.65885615460733,172.2492769289099,118.26759620458252,16.690741730340317,20.71303670334574
19.0,0.5716666666666667,0.0082666666666666,0.4053846153846154,0.0388881656804733,0.625,0.5384615384615384,,,,,0.0,1.0,1.0,8.0,,1751710948049.0,2.07,6.87,8.0,1751710944383.0,1751710949383.0,1.0,0.0,0.0,21.01079198328968,1.8692765842266852,11.319433671396109,29.15575996310671,0.840529915188202,183,0.5166829970410525,0.14230073712711316,0.5079560704600302,0.22388404157061884,-0.020149863297073148,0.21524923391972736,-0.1905313137612716,0.11490033733081688,0.9489616405881807,0.057318190563735216,-1.4257697188451515,79.1194188481459,-5.357999802431964,82.10912353199,186.74626178992813,136.66628449507851,17.12520116493102,21.01079198328968
20.0,0.5608333333333334,0.0095284722222222,0.3338461538461538,0.028487573964497,0.625,0.3461538461538461,,,,,0.0,1.0,1.0,8.0,,1751710973050.3333,2.07,7.400000000000001,8.0,1751710969388.0,1751710974388.0,1.0,0.0,0.0,19.87553271298275,0.7939650711418382,17.67667458081607,23.2815918101777,0.9610554327052306,29,0.597478999266239,0.0864274886346862,0.5636295141967392,0.11651508284218576,0.040158567578709344,0.137284116144917,-0.21657879548733525,0.08214731120560372,0.9620556581368681,0.018866248378353365,30.039252824292845,66.0123172941126,-26.13066960298723,140.95353556928188,188.88831994451576,419.4754263249374,16.537684104825253,19.87553271298275
21.0,0.545,0.0094333333333333,0.343076923076923,0.0233633136094674,0.625,0.3749999999999999,,,,,0.0,1.0,1.0,8.0,,1751710976466.3333,2.333333333333333,7.93,8.0,1751710974389.0,1751710979389.0,1.0,0.0,0.0,20.44360825510412,0.8466781480801931,16.113289236545963,24.632091854698917,0.9505470623603155,46,0.5997897242519019,0.11878805314041267,0.5649398284722622,0.11327485535465599,0.04715781546970198,0.1949516896185982,-0.21998407760945454,0.08920466476845987,0.9491970458626489,0.04984265208509239,33.676906445344265,54.44713484062919,-37.121827022065176,211.51982757875746,206.48049921258638,446.2596482735642,16.894289432814855,20.44360825510412
22.0,0.5325,0.0065479166666666,0.3153846153846153,0.0198224852071005,0.5833333333333334,0.3749999999999999,,,,,0.0,1.0,1.0,8.0,,1751710981248.25,2.4,8.4025,8.0,1751710979390.0,1751710984390.0,1.0,0.0,0.0,21.2197153641154,1.4001986987108788,17.63098345435517,26.664106614270835,0.840725178296516,139,0.6750984572257188,0.05625716433100407,0.45475156103056347,0.4593345831760262,0.18540418957028712,0.13522734869414796,-0.16367968623148182,0.12108571197718343,0.9455753522800937,0.10868000263075256,105.8714987389003,1700.9311007205047,-100.22496323179428,2859.0465773179235,513.937859486335,10453.772152759613,18.700661143557024,21.2197153641154
23.0,0.545,0.0076277777777777,0.3753846153846154,0.0318082840236686,0.625,0.5192307692307692,,,,,0.0,1.0,1.0,8.0,,1751710988246.0,1.665,8.47,8.0,1751710984391.0,1751710989391.0,1.0,0.0,0.0,19.395726995277837,2.836310118812962,1.4098025639854503e-06,28.39276528633824,0.9525109325670046,35,0.5586283354532109,0.1451441009449312,0.5605892489859685,0.4352192273883812,-0.022451205058434936,0.2105235277407988,-0.22041106435055596,0.131000579342419,0.9380905641781248,0.09735354354426609,20.06150055793633,40.72184307115177,-15.759069207416974,45.291316711169976,154.56909474493622,38.28435881737236,15.310119964471282,19.395726995277837
24.0,0.5558333333333333,0.0090701388888888,0.3361538461538461,0.0238940828402366,0.625,0.3461538461538461,,,,,0.0,1.0,1.0,8.0,,1751710991638.0,1.935,8.47,8.0,1751710989392.0,1751710994392.0,1.0,0.0,0.0,20.455357872078988,1.1842576516555123,10.972864723959727,24.64199389646199,0.826371587830412,178,0.6955408978808427,0.10604166718697851,0.5657336716185744,0.1835304110231527,0.25726144548730906,0.13095388404858604,-0.23108121780814267,0.16719245449546066,0.9056851407283186,0.12289155336160097,93.05275878556489,833.126213089321,-55.366760781079144,641.9688019908314,286.9227814730838,2393.101216778038,17.01952753930503,20.455357872078988
25.0,0.52,0.0093222222222222,0.3576923076923076,0.0223224852071005,0.5833333333333334,0.4134615384615384,,,,,0.0,1.0,1.0,8.0,,1751710997133.3333,2.6,8.47,8.0,1751710994393.0,1751710999393.0,1.0,0.0,0.0,20.453907679523542,3.2795676606052506,4.6542563429685575e-06,30.118770073120977,0.9137942166514621,40,0.5914995997908978,0.08993280714983877,0.5047958808754816,0.1376916959707396,0.0180964310076843,0.15441738749233253,-0.17636670323752085,0.08481728399972836,0.9668952011792905,0.05167199292163149,24.651081128846887,29.73961498952308,-10.499857340752259,34.35563699335974,156.66423146579498,64.061778589501,17.250156904303278,20.453907679523542
26.0,0.5066666666666667,0.0073861111111111,0.4215384615384615,0.0471573964497041,0.5833333333333334,0.6153846153846154,,,,,0.0,1.0,1.0,8.0,,1751711003316.0,3.13,8.47,8.0,1751710999394.0,1751711004394.0,1.0,0.0,0.0,23.671927678546165,1.3743662697628805,11.905563440384777,27.22508345693708,0.8568755174120214,87,0.5773892073916259,0.07055058056803173,0.434696562127449,0.44416856440807984,-0.010237105043724824,0.1582740324370365,-0.13385706108131468,0.10676543725548908,0.9714696752481758,0.042505273359994857,27.198592061977802,83.86747371429341,-7.550969539530859,147.5727261655444,169.8281708536127,344.9981375788761,20.285380489925476,23.671927678546165
27.0,0.5191666666666667,0.0057784722222222,0.3376923076923077,0.0319698224852071,0.5729166666666667,0.3846153846153846,,,,,0.0,1.0,1.0,8.0,,1751711003316.0,3.13,8.47,8.0,1751710999394.0,1751711004394.0,1.0,0.0,0.0,22.123072671070407,1.07613927087444,12.349182844132466,25.643815471433925,0.9042130977141984,90,0.6326758508581132,0.08837953888246172,0.5203641484583309,0.11225289830925714,0.10283487759652749,0.14927705624001508,-0.19471194390602475,0.06716286263360145,0.9609363617045283,0.03664630596593476,59.03259613144581,438.97029404011874,-50.13068437207032,673.1931839338511,273.4822856563735,1697.9769948207343,18.91955155174664,22.123072671070407
28.0,0.5133333333333333,0.0066972222222222,0.3346153846153845,0.0288905325443787,0.5833333333333334,0.3846153846153846,,,,,0.0,1.0,1.0,8.0,,1751711012245.8,3.08,8.254,8.0,1751711009396.0,1751711014396.0,1.0,0.0,0.0,21.921113462625208,0.6198541720027878,20.56441828277706,23.60560452887489,0.944677087294982,2,0.6068534789958755,0.08906562091090729,0.5100304731154551,0.06952037193680141,0.025168981613810284,0.1317666341041409,-0.18276856142729378,0.06266917615423852,0.9718608797301653,0.013269796771533608,25.85933491329604,20.917948721403835,-8.539312060041981,10.372978242688147,137.24656216994268,17.463558278620322,18.51959765431783,21.921113462625208
