start_time_sec,end_time_sec,num_samples,pupil_diameter_mean,pupil_diameter_std,diameter_3d_mean,diameter_3d_std,sphere_radius_mean,circle_3d_radius_mean,ellipse_axis_a_mean,ellipse_axis_b_mean,ellipse_angle_mean,ellipse_angle_std,confidence_x_mean,confidence_y_mean,confidence_x_std,confidence_y_std,blink_count,gaze_movement_mean,gaze_movement_std,gaze_dir_variability,eye_center_movement_mean,eye_center_movement_std,missing_value_ratio
695114.762643,695119.762643,1225,33.66482461397328,4.935904472167301,3.1015496898183437,0.2839709364327342,10.392304845413266,1.5507748449091718,26.28026262186852,33.66482461397328,96.65241409843341,68.56360432485839,0.977142758192384,0.977112672015275,0.054326205083139005,0.039084720066279534,1,2.553663633816307,19.337263684818634,0.1253694632358799,0.22481010124270437,7.8073052012968365,0.017973505191550304
695119.762643,695124.762643,668,31.624742342234754,5.950280984943636,3.0439355320958907,0.5980798560118546,10.392304845413264,1.5219677660479454,25.299074262080172,31.624742342234754,110.60542166958712,59.25874689150045,0.8486083106160446,0.8472925180591793,0.15681865549406157,0.15430920241062068,56,83.1088589614155,287.62165642834117,0.21584937970625095,12.356388184278819,56.75248747026824,0.0660783695766362
695124.762643,695129.762643,822,33.79515355826068,4.902320176230122,3.0927389285378486,0.47076130727700793,10.392304845413264,1.5463694642689243,26.413363883892806,33.79515355826068,96.05705206277644,64.00129344132606,0.9046704778632965,0.9023274018639517,0.14852101312093882,0.14801441439089943,29,86.61831516481982,1375.8869354696337,0.11721344200593731,7.236400481974704,43.7707223684667,0.0384172109104879
695129.762643,695134.762643,1026,33.243603982737945,3.8571729788247686,3.0152809877920768,0.39555258747831706,10.392304845413264,1.5076404938960384,25.174334192964615,33.243603982737945,91.20236328037812,60.99489442156559,0.9776001724795286,0.9772390438044675,0.07099673564669476,0.06784929982619262,6,31.381734734253804,256.5200116928854,0.0848100611948935,2.3110278158742705,24.9494549942424,0.02677746999076639
695134.762643,695139.762643,1151,30.181757455620843,3.1447174273129366,2.6860444535423866,0.37985663416275756,10.392304845413264,1.3430222267711933,22.320986031266173,30.181757455620843,84.23353744858761,59.45814173708711,0.9928902121936106,0.9925968036333691,0.036114655532407336,0.033146295941078936,2,16.063861301412512,126.44477333380888,0.08706548016273848,1.6699019473906636,21.207216166623997,0.019281479110460773
695139.762643,695144.762643,1172,30.055976706036564,3.8936387920711244,2.5843190469318036,0.37966341830188544,10.392304845413264,1.2921595234659018,23.617721352809287,30.055976706036564,101.68890530022223,68.23457922767612,0.9690253972032299,0.9685854127544415,0.06831183878918283,0.05124482957162698,6,6.450415008998779,36.285814473953664,0.06937559903939285,1.6419870853973513,21.03316375813048,0.019429974253038742
695144.762643,695149.762643,1172,30.49207369703933,3.5694301235775283,2.7228185287293662,0.28144896377822576,10.392304845413264,1.3614092643646831,24.03689466667572,30.49207369703933,81.8242070741333,68.54391546153357,0.9446170740095915,0.9433567523549886,0.08123931593485671,0.06061823927243532,8,14.591357137126643,92.3996062180518,0.13177083096058506,2.833573188399139,27.61099518286478,0.020238309083288424
695149.762643,695154.762643,1153,31.581841520621253,3.9433978575620743,3.0217874747469797,0.27260784820691064,10.392304845413264,1.5108937373734899,24.635718773883806,31.581841520621253,87.76045721190421,69.19160153564202,0.9720112099568758,0.9720112099568758,0.06090324561352094,0.045084788524489244,5,6.688264315143453,43.75329734701613,0.07960660744678659,0.7298988051061357,14.083754692677395,0.02028271024482281
695154.762643,695159.762643,1090,32.5702388941752,5.433190039890151,3.084724604327574,0.3952716827891038,10.392304845413264,1.542362302163787,24.360967292811544,32.5702388941752,77.6180998289146,63.46094040563989,0.965894042900028,0.9646254110890635,0.07865502717223773,0.07077444666169337,15,40.96161962559567,442.60135537421826,0.14312441331616588,4.686265651527138,35.4481200450714,0.024497022372444874
695159.762643,695164.762643,1215,29.988563037808834,3.618663700868225,2.721341766431372,0.23584692405508198,10.392304845413264,1.360670883215686,23.70764116855894,29.988563037808834,81.38371997628042,70.68328974386655,0.9266030266725193,0.9258031598564365,0.09749376487941872,0.062354850945251054,4,5.218567826228439,31.918961167871483,0.11426401252041836,1.352725463601994,19.143475611926647,0.01849685943253195
695164.762643,695169.762643,984,34.58879912306963,6.099993274841159,3.2133775537255924,0.5265912588704793,10.392304845413264,1.6066887768627962,24.525455056632257,34.58879912306963,73.42985115368776,59.30104587181166,0.9474941526297906,0.9470830806066203,0.08509461679992646,0.06995912299719081,10,77.5452351653032,660.6059416106898,0.14887379771489112,5.878476770747196,39.58048632830194,0.02706461275139067
695169.762643,695174.762643,1119,32.56326384241554,3.72805147887634,2.8134773569259646,0.25270156719358317,10.392304845413264,1.4067386784629823,25.490038194974062,32.56326384241554,86.16307818670805,72.78654657953311,0.9455403851809562,0.9454616103302823,0.07789143804452958,0.05127503946844933,4,468.7093128291118,10911.784584754187,0.06190246970919525,1.0095988927571098,16.541018428384035,0.021588824608437984
695174.762643,695179.762643,1112,34.92286178572953,4.113103570142604,2.957067695691064,0.2917642183029145,10.392304845413264,1.478533847845532,26.74183854851121,34.92286178572953,79.27583792819314,67.69080559346293,0.9483402986266593,0.9471742088746491,0.09830393080081863,0.09044295905462091,14,17.731053790344,90.99789694683024,0.1080289692219309,2.5757861393692734,26.334880146426233,0.023791493121292438
695179.762643,695184.762643,1087,36.29436655824785,5.957939604112597,3.0296984538409975,0.5036072851156876,10.392304845413264,1.5148492269204985,27.93587949284093,36.29436655824785,90.60380948376937,68.49742067604672,0.9377470578369866,0.936551527189164,0.09631041819097794,0.07949436317973992,10,99.56124851942417,1246.951695124487,0.13358604576621125,2.6168148028735674,26.518018867852607,0.023160477089688342
695184.762643,695189.762643,1184,29.47140435476112,3.175927351679132,2.4251809653375775,0.18563034933083883,10.392304845413264,1.2125904826687888,23.056112999709523,29.47140435476112,101.03022859071196,69.32153400232544,0.9634664453780256,0.9632897975116008,0.07636992906315018,0.05547856422821551,4,13.50798201170051,157.9270214971505,0.09857556601037927,0.46781236537263654,11.251205616445926,0.019499762920815553
695189.762643,695194.762643,1158,32.12535209307646,4.021694307476278,2.641212816908135,0.2056363721512981,10.392304845413264,1.3206064084540674,24.33418445039053,32.12535209307646,77.73948674324586,63.734376687004314,0.946408862329672,0.9438313908032914,0.08442776895601499,0.06915545827143567,12,25.250656470107796,293.6181315131114,0.10071430512606318,4.307444930440162,33.919679009777795,0.021634396873011545
695194.762643,695199.762643,1165,31.62273071203172,3.3960856462239795,2.6072088650821375,0.16333931707820884,10.392304845413264,1.3036044325410687,25.025867854366325,31.62273071203172,83.80464004201234,72.1178083474515,0.9319064063005782,0.9315735213134753,0.09401925245553731,0.06805900517401406,13,10.81720151949607,81.80623990345025,0.09580888938237765,1.9049630210446926,22.65937177909697,0.02016414426624501
695199.762643,695204.762643,1202,29.802899884411996,3.2349689465189937,2.5169599731992385,0.23533968979551323,10.392304845413264,1.2584799865996192,22.27664393098782,29.802899884411996,77.05841753341048,62.261860069640264,0.9780098986816064,0.9775943304578238,0.054244809266235136,0.041187640020393365,3,2.7722765520903048,18.246466460148763,0.15313114294120087,0.9139411739663531,15.732081329462488,0.018507166418542196
695204.762643,695209.762643,1157,31.600401324342503,3.7892296699966845,2.701353218583795,0.24328052269909325,10.392304845413264,1.3506766092918976,22.338135378651337,31.600401324342503,71.80978768782187,53.15424573589054,0.9769817636393033,0.9770361929842578,0.04938763570012937,0.03482920481354571,1,11.836263185018664,147.4520809209508,0.08003623512536939,0.9571171437861545,16.111079123231114,0.01936344751247176
695209.762643,695214.762643,1127,33.23158416459725,3.790328867240578,2.8908065207871148,0.2963305275295612,10.392304845413262,1.4454032603935574,24.06312460414348,33.23158416459725,77.99810886163239,55.92398154161172,0.9845872255189795,0.9843148771665142,0.04055079599073213,0.03591918602939495,2,11.45973550429314,78.9738642547828,0.047552932037278395,1.4838519352512831,20.064310963991733,0.019972290975886924
695214.762643,695219.762643,1192,32.04107801743348,3.002895787168054,2.749231720277429,0.21999798853141356,10.392304845413264,1.3746158601387144,24.71601506057229,32.04107801743348,89.61263441684146,70.07141350223029,0.9613960848262912,0.961152493659776,0.07753687627828725,0.05731204847530761,3,4.833903670495894,32.22681618298677,0.14901461748352804,0.4666805706336391,11.267256506053359,0.01983986812669257
695219.762643,695224.762643,1117,32.34199798873363,2.928727918602801,2.7587998543269032,0.22727800870111742,10.392304845413264,1.3793999271634516,25.088671742590765,32.34199798873363,88.24371030284544,72.29523136154523,0.9579729227147779,0.9571416430020059,0.07606940076751396,0.0616313919091273,7,13.300176711955812,115.73205418231815,0.13166872780255098,1.9850173451722837,23.173349739666104,0.020465218552199658
695224.762643,695229.762643,1194,32.73273881362059,3.435792857311232,2.8112871592426374,0.20972330747106477,10.392304845413264,1.4056435796213187,24.311471813563898,32.73273881362059,78.49542096350038,58.9872861330283,0.9837167592617617,0.9837167592617617,0.042639136291454514,0.028802889262808083,0,18.090028558181956,259.3966381144764,0.06656269980108602,0.0009497881401328397,0.02745079570637409,0.01798466014281936
695229.762643,695234.762643,1122,31.325198447116012,3.224159661500517,2.6942423526719983,0.25536080209145484,10.392304845413264,1.3471211763359991,23.316956755922234,31.325198447116012,85.84991147887912,58.527672018908575,0.9899055450384461,0.9897327361432989,0.04923824885153994,0.047835257221552366,6,25.65357203480138,243.8659165192672,0.07266747590142314,1.4919774958836147,20.108586494624877,0.020358382587484753
695234.762643,695239.762643,1170,33.52550016108119,3.184346474517859,2.865807711039927,0.22905436755444683,10.392304845413264,1.4329038555199636,24.54773630007459,33.52550016108119,81.5386714529714,57.36680843919709,0.9875951591402127,0.9876628045982921,0.03472474613563566,0.029594065192542436,3,44.57096325091305,522.8089651300966,0.0403596605928264,0.4722033421006914,11.33398195567717,0.01898335582546109
695239.762643,695244.762643,1174,29.395305921638354,3.60290209650367,2.4938028978743825,0.2716704039898437,10.392304845413264,1.2469014489371912,22.14795619396767,29.395305921638354,77.29210468953548,61.78496598395126,0.9671410899534794,0.9671410899534794,0.06211488020938242,0.039567770504885774,1,5.476810536040829,37.33275665999356,0.09307888130662445,0.938805275383531,15.961514415905656,0.018799127290116263
695244.762643,695249.762643,1170,29.065490438389286,2.767260268530521,2.401160745140646,0.22761666196190078,10.392304845413264,1.200580372570323,20.99467864071308,29.065490438389286,87.63039525980476,55.71025212692252,0.9949764482017666,0.9948513495054799,0.03479597962935304,0.034380821437415575,4,146.87044887985223,3085.881647318125,0.06614549388154298,1.4141177286505364,19.570127881242012,0.019163292847503375
695249.762643,695254.762643,1139,29.543630135920942,3.4668612690569005,2.445838192635842,0.2564251431411358,10.392304845413264,1.222919096317921,21.65336537593901,29.543630135920942,75.51166258514591,55.07432589474264,0.988594056169437,0.9877983666049641,0.03802674594204962,0.03819232453057271,3,56.36160259728324,840.4738919437784,0.036236862772464816,1.4561259582547723,19.857537051855193,0.019484620242441044
695254.762643,695259.762643,1200,37.87268010633001,5.455157925021723,3.149354917906915,0.4264090348971468,10.392304845413264,1.5746774589534576,27.30648572098265,37.87268010633001,86.57070817522786,63.08941134772744,0.9821500752728828,0.9821565256178882,0.04122781651724379,0.03259076516708418,2,13.3997371458042,197.0978923342041,0.15247507792124546,0.915366882071675,15.754726656575789,0.018421052631578946
695259.762643,695264.762643,1166,36.07939568447139,3.7014071744166452,2.9816679952690492,0.18273905305284202,10.392304845413264,1.4908339976345248,27.890629279707493,36.07939568447139,93.88919571416996,68.82806058989486,0.9806559738585067,0.9801555948131447,0.04473012777901575,0.038039873932948755,3,22.97254949443915,301.03742749329786,0.08639452497973965,0.9458064304499583,15.998082091067923,0.01916884836447895
695264.762643,695269.762643,1182,36.40460753736017,4.013812432457405,3.05409419204117,0.18219413362423711,10.392304845413264,1.5270470960205853,27.354032380068006,36.40460753736017,72.53119387276202,60.21579430127195,0.9745569928356557,0.9745569928356557,0.05003915911843484,0.034280063913395796,2,3.528828186914564,25.99550786887219,0.09181448083813952,0.47174100269174546,11.297291365620527,0.019948348027428977
695269.762643,695274.762643,1126,35.25206105090443,5.036785065781212,3.008958555824294,0.28824286456299353,10.392304845413264,1.504479277912147,26.964750923025502,35.25206105090443,74.39681675169092,62.5752032068638,0.9711882886245624,0.9711850070631641,0.056690242650070825,0.04339540360335491,6,38.859570441970426,424.68627297553826,0.07885084730327765,1.5001662451806121,20.150541678481982,0.021283225826555733
695274.762643,695279.762643,1139,33.98623146373976,4.306740571090401,2.958582951610325,0.2536454047268611,10.392304845413264,1.4792914758051625,26.035006401804345,33.98623146373976,75.58816893631052,63.756819894798,0.9711610500070463,0.9712352234068873,0.060096784202865475,0.044386364286585454,5,14.94507600406164,108.07242446379882,0.0895843588774934,0.9845056963223423,16.33347144306539,0.020501209124655362
695279.762643,695284.762643,1157,34.44448717508013,4.782334333887392,3.0204806328070553,0.24110091570529854,10.392304845413264,1.510240316403528,26.131176401819864,34.44448717508013,68.14903063399619,60.207139856424334,0.9627294866156801,0.9627069118126004,0.05636148408646129,0.03360528057960871,1,5.505495824977794,43.548006952871845,0.051031485989702814,0.4827394008684797,11.44921202083219,0.02000030326464389
695284.762643,695289.762643,1164,35.508438533864506,4.131284951959418,3.081542439627368,0.17335589006858437,10.392304845413264,1.540771219813684,26.65099726231185,35.508438533864506,77.53645436855913,61.70810028843143,0.9782985555225322,0.9784781633718428,0.04585684141429688,0.03062148673106926,0,4.699346690496124,34.00319294495331,0.08449152730441795,0.9525537696496763,16.074550430561434,0.019442937240007233
695289.762643,695294.762643,1144,36.574104860964304,3.6398072155341725,3.176939347924493,0.20588082271160843,10.392304845413264,1.5884696739622464,27.340202967508677,36.574104860964304,83.1664703318276,61.281776768430746,0.9774393309309171,0.9773093953142864,0.04723917049130006,0.03427026640510056,2,12.445731340260044,129.099877765079,0.05898108100999245,1.931837358902593,22.85635315211272,0.019292111397374554
695294.762643,695299.762643,1169,38.70637161516541,3.787042581594546,3.3528711365071806,0.1744908605348991,10.392304845413264,1.6764355682535903,28.734241942881724,38.70637161516541,81.30807784978462,61.160800985210074,0.9846152840196746,0.9846152840196748,0.04000320847603412,0.027110294491409656,0,16.878366273266074,325.5975998943568,0.07455572230267611,0.0003708842574090401,0.0073548943370587505,0.019164678162472047
695299.762643,695304.762643,1175,39.41757782854367,3.9201512534161016,3.4293106260421937,0.22793511863083074,10.392304845413262,1.7146553130210969,29.594826299410038,39.41757782854367,84.72109593954076,61.250285334291284,0.9831590476615788,0.9830654723539551,0.049770424597628725,0.04181904045503096,4,5.716629716190522,42.87283221283581,0.073365855556096,0.9377054748367339,15.95301572495561,0.019156401642403884
695304.762643,695309.762643,1127,39.29939181220319,4.158258003396123,3.422049513618117,0.24347199201959013,10.392304845413262,1.7110247568090584,29.52932188012143,39.29939181220319,81.39358899523498,61.123847922433455,0.9795114970897594,0.9790818655771175,0.05032419932206611,0.04212551078412643,4,23.82873378104503,319.83852465397814,0.08114910784697922,2.4666228921599944,25.80706558059172,0.020439297000264638
695309.762643,695314.762643,1202,39.164370437650206,4.020781775128091,3.409881293422015,0.16652337371775952,10.392304845413264,1.704940646711007,29.583756863199607,39.164370437650206,73.61272118034996,61.499354612593706,0.9703422341948035,0.9704120330479766,0.04539310040982198,0.026538796072997434,1,3.0710013089903736,24.65223476859478,0.08054583745543299,0.4578150812770777,11.156443850109545,0.018769886446565666
695314.762643,695319.762643,1137,37.15744786098794,4.368028795611918,3.218478798219777,0.22222125710301477,10.392304845413264,1.6092393991098888,28.25843887701626,37.15744786098794,74.26527136617253,60.38774967101686,0.9778035724112136,0.9770224466610444,0.05212381429328684,0.04734040098246247,6,7.911993360739296,46.898083312165745,0.09984618425252412,1.9695549067910256,23.075334262998943,0.02087673008378466
695319.762643,695324.762643,1144,38.55095388540098,3.9397595554454057,3.3128273561591755,0.2070647976190589,10.392304845413264,1.6564136780795877,29.222016120070364,38.55095388540098,79.72723974323307,63.02822782783006,0.9681388107775025,0.967728939956282,0.05496235035261056,0.038731210641138526,2,6.015911164237255,41.58112944789171,0.07259114640890885,0.48874113133974445,11.524209109703522,0.020672310145994355
695324.762643,695329.762643,1182,38.55722674456651,2.978963635318507,3.312753662042956,0.15280378888491125,10.392304845413264,1.6563768310214781,28.847079674625817,38.55722674456651,89.33860195241081,62.3210425345447,0.9942030358429229,0.9940380612236336,0.03041501139514447,0.02774472534033841,3,12.480388929858094,171.99416022298644,0.03102255272377406,0.0004473381469838632,0.01159848354115439,0.018167245524979964
695329.762643,695334.762643,1187,40.060619227396046,3.7503652535135834,3.453607106390329,0.2013561316619471,10.392304845413264,1.7268035531951644,29.93645788830364,40.060619227396046,86.66405768869522,62.281257792575204,0.9844902537884171,0.984409723924942,0.03929414279275445,0.027309785895941855,1,3.042968062910554,31.957163687215726,0.05105372976049364,0.4627884014683416,11.215549463041244,0.018519339629613208
695334.762643,695339.762643,1167,39.47883607999543,4.09553869650562,3.3880503704927323,0.2908501986365754,10.392304845413264,1.6940251852463661,29.64975247458093,39.47883607999543,85.6819077209858,61.827728894221316,0.9889128150183211,0.9889590660230309,0.040245784294125786,0.03565449388965403,4,12.525896180210937,204.55521060340723,0.0736742050661549,0.4724069264691222,11.32749907166807,0.018987056329770442
695339.762643,695344.762643,1081,35.46302447856204,4.408455152325001,3.012780007982035,0.27776276525646626,10.392304845413266,1.5063900039910174,26.599836269392835,35.46302447856204,80.61310251291864,60.49442765210374,0.9709780199065191,0.971148662283342,0.05446605796880173,0.040236372132269674,3,47.308027385755906,598.5724855707931,0.07249569688044895,1.5460412495893154,20.448175797927764,0.020367755651849326
695344.762643,695349.762643,1177,35.00234389069372,4.187722486479976,2.8892109898522724,0.20293668998592782,10.392304845413266,1.4446054949261362,26.024744636116047,35.00234389069372,73.04238732113765,59.78481648582536,0.9760727559049527,0.9761745679365137,0.051661703436966355,0.03452693132360899,1,5.966181424527226,62.28434199677599,0.10301579734948536,0.23398845700205226,7.964001834589616,0.018885361236566353
695349.762643,695354.762643,1159,37.45906656377381,4.394019634298312,3.0877804165826648,0.2759518274024903,10.392304845413262,1.5438902082913324,28.301791761393233,37.45906656377381,84.37212359224765,62.278473097510336,0.985460309072251,0.9854309132903665,0.04934388588956618,0.041581550791768465,3,24.92456927960809,276.85396368811587,0.049283913926827606,0.4826380236852412,11.436076699083856,0.02054099874362351
695354.762643,695359.762643,1127,37.049490723609104,4.453450473026957,3.033350766810223,0.2986594979940533,10.392304845413262,1.5166753834051114,28.099306467671042,37.049490723609104,83.18358426452875,60.902722206361034,0.9745124401426868,0.973879835445744,0.05576117882550044,0.050956878720403574,6,49.99042324722811,552.3822841975109,0.0654957816319429,2.9508191699943174,28.16034579296431,0.020439297000264638
695359.762643,695364.762643,1175,40.11311977568082,3.929725828598972,3.331740248765747,0.24026352361859685,10.392304845413262,1.6658701243828733,30.426841956923116,40.11311977568082,82.40022620013583,62.54158559795393,0.9777222902260789,0.9777566920539866,0.05300571322475844,0.04214562576575216,4,272.9481552853355,5207.082288074293,0.04889529444573789,1.4010510448209526,19.45944825482155,0.0188876446435237
695364.762643,695369.762643,1173,40.27630984940868,3.62489387659117,3.4019326813464423,0.2584939837745896,10.392304845413264,1.700966340673221,30.59684384811407,40.27630984940868,82.88046905473301,62.11810091661461,0.986491584808718,0.9864915848087185,0.03935543501988852,0.030562070373665318,0,46.20017860609795,624.3112773384855,0.07089744326121772,0.9326696073709781,15.892747908113083,0.018530982186925112
695369.762643,695374.762643,1104,37.90901085095096,4.044672880380285,3.210610025101209,0.2709442756247459,10.392304845413264,1.6053050125506045,28.645371780318662,37.90901085095096,83.33748786021499,61.21111224466902,0.9789701012129315,0.978877802444432,0.05117816597762968,0.041652578682405024,5,3046.3080447955317,70515.98471983735,0.07640218423843799,1.5112086311399664,20.204952916569553,0.02030892448512586
695374.762643,695379.762643,1029,39.42135459265209,4.618544821278821,3.2518304992652567,0.36518317500372327,10.392304845413264,1.6259152496326283,29.984710138432835,39.42135459265209,85.11155108984534,62.286265192196076,0.9812301030199998,0.9813180425599052,0.057823035413980255,0.051115024986871926,4,15.01761001181288,70.71231942706554,0.05867553427497988,2.231817095341892,24.52104042167294,0.0237839496700936
695379.762643,695384.762643,1170,40.68404445236017,3.704252498529351,3.2912810583925873,0.20344400307911648,10.392304845413264,1.6456405291962937,31.339978477363395,40.68404445236017,82.09833729861926,63.93800489285284,0.9711548972202526,0.9714086958983207,0.0456716260114902,0.025601960057164554,0,8.343872036732332,107.55133399328746,0.050661912458316534,0.9343961216612184,15.902040619720527,0.018533513270355375
695384.762643,695389.762643,1156,41.89659896997506,4.40120290331809,3.4600852991399473,0.296766369684522,10.392304845413264,1.7300426495699737,31.69161868162713,41.89659896997506,79.63787698028094,61.351206020772295,0.9676491779387685,0.967777831741349,0.0586372671390804,0.04140586624769249,1,5.9075302020183935,38.17736069307983,0.057391160037040874,0.47834457978741796,11.387243957925763,0.019638195835609787
695389.762643,695394.762643,922,42.13413189533792,6.2180493804586705,3.4199974302190466,0.4482858971187167,10.392304845413264,1.7099987151095233,32.9506833333542,42.13413189533792,85.67364704719884,68.8343921477084,0.9611331781744152,0.9610195782131536,0.06676645102366892,0.05291401615601796,2,383.8497622839147,5116.922239108895,0.10131806736486576,3.6507104433776427,31.27585547034488,0.0225672641473532
695394.762643,695399.762643,1171,41.0545037118328,4.5585661933543955,3.24743762112816,0.23621876286524507,10.392304845413264,1.62371881056408,31.90132758604274,41.0545037118328,76.565897855321,66.98564402512964,0.965223847148351,0.965223847148351,0.05274252340627617,0.032995437425126305,0,3.0584110899372985,23.285722472637353,0.06248702636989482,0.47432558822007936,11.332914721902194,0.020330501745396797
695399.762643,695404.762643,1225,40.82476463161006,5.09878318602482,3.19652675402007,0.2519158159258502,10.392304845413266,1.598263377010035,30.80987156747743,40.82476463161006,72.560527491169,60.659694213018355,0.9774667401497571,0.9774390202091354,0.03694856961258981,0.020786178510024487,0,1.009375872506776,8.111693650650615,0.07249104131731539,0.000735921959064576,0.015988822894962316,0.017715717866093807
695404.762643,695409.762643,1154,39.68906171596558,4.398028666864517,3.158224784188382,0.21543551882039777,10.392304845413264,1.579112392094191,29.8021252608576,39.68906171596558,82.93752783607574,62.37332478297306,0.9795227226829739,0.9795341984187761,0.0415371050038302,0.031213401372683903,1,20.306573701829624,333.59916670639547,0.09784642237867007,0.4775166544942226,11.37219946643186,0.019094530086047008
695409.762643,695414.762643,1215,37.26951643491878,4.743717873727994,2.988244295749493,0.2185495634576407,10.392304845413264,1.4941221478747464,27.259378103990446,37.26951643491878,69.02538688691622,55.82605455836288,0.9692274525464083,0.9692274525464083,0.0470499298182572,0.025956768478554996,0,3.2621045329549285,33.55857285567353,0.05723429663557084,0.0007951217767016353,0.014136018807610402,0.018323586744639377
695414.762643,695419.762643,1164,34.76341613596965,4.3939499743044745,2.7263078209421385,0.19371035535268796,10.392304845413264,1.3631539104710693,26.05511996457017,34.76341613596965,73.62448959892475,58.461527369039096,0.9724783986063665,0.9724783986063665,0.05031063480355482,0.030221956249911894,0,36.822409161285556,407.102772995584,0.08031413830504665,0.4741016683497833,11.332972703786812,0.01926207270754205
695419.762643,695424.762643,1233,37.371395556776875,3.7818327318573974,2.9160251606711443,0.1684069860860658,10.392304845413264,1.4580125803355721,28.002666468434413,37.371395556776875,82.39505508751151,61.71875605353999,0.9878183714222286,0.9877395581024241,0.03229981643119412,0.021989307816494087,0,1.5536281524597406,11.80983946456623,0.07276079417695745,0.22049761864594597,7.7273656808275675,0.017799974388526058
695424.762643,695429.762643,1017,36.06715527257384,5.811577877084013,2.8541601362708255,0.36787861716608844,10.392304845413266,1.4270800681354125,26.371572917952747,36.06715527257384,71.29858493480116,56.09939370843994,0.9560025256240418,0.955801783839408,0.07943345663539648,0.06711622298588152,10,34.99982849148212,301.89720678849125,0.11276162583238107,2.8187442561382996,27.524362238749443,0.0247891114216219
695429.762643,695434.762643,916,32.211595266504126,4.630558210435854,2.390523727449118,0.3402934101340725,10.392304845413266,1.195261863724559,25.33532671489875,32.211595266504126,81.82690951406177,68.19521415171543,0.9388865409935697,0.9386363594691383,0.0935055328449974,0.07321389889404879,8,31.31823971873768,221.95525103789961,0.13638466318631573,3.6842649831677776,31.405407155066946,0.024553742434689343
695434.762643,695439.762643,1074,31.18928625312193,3.5435429197636052,2.247642332641521,0.21329403151753148,10.392304845413264,1.1238211663207605,23.571768143900428,31.18928625312193,84.36759242722937,63.12833439238401,0.9748710601227857,0.9746680680334038,0.0694506561797568,0.0633681644679733,14,38.27393388267372,254.60196245511491,0.13305052569014345,2.6128579600492228,26.462027236555507,0.021856316769577576
695439.762643,695444.762643,1137,32.00343740473419,3.5197845483810206,2.3856376886652546,0.2487130669789299,10.392304845413264,1.1928188443326273,23.165311788061963,32.00343740473419,89.14083682311784,57.818806313462325,0.9853907732868844,0.9850358173414236,0.06041578414330551,0.05844305992226451,11,87.78781411987876,1271.9293633688808,0.1034360761580665,1.9517219968772583,22.91596667135547,0.020321251678007683
695444.762643,695449.762643,1191,31.31379263804314,2.8460111793028937,2.3634545979356067,0.12967220182021238,10.392304845413262,1.1817272989678034,22.353278767955526,31.31379263804314,81.81735002901574,54.193624952109744,0.9967843137992486,0.9967843137992486,0.01918140241701573,0.01741982542984765,0,2.3351174371641594,16.042892456741523,0.04924199122447817,0.46071913294341,11.14996405253839,0.01825091696495647
695449.762643,695454.762643,1200,31.63926080905545,3.04636879178031,2.4831505235984017,0.12851897002017412,10.392304845413264,1.2415752617992009,22.462943288187798,31.63926080905545,79.91389521070715,53.62111888431552,0.9954583195159837,0.9954583195159837,0.02259537315473628,0.01923413145332877,1,20.89123618359909,285.32996849309154,0.050269745115473635,0.4553356183421523,11.102390509835018,0.018157894736842106
695454.762643,695459.762643,1174,31.820267472716484,3.6294875614923505,2.5629202561996456,0.18097058376124617,10.392304845413264,1.2814601280998228,22.701231536808876,31.820267472716484,79.57363415496035,53.77355269201272,0.9849145849530854,0.9849145849530854,0.04637714362647602,0.039674312048200766,5,18.78314450488229,190.60675469588534,0.07871817203301712,0.46917452418784317,11.274440313335884,0.01906811321318629
695459.762643,695464.762643,1047,30.634196748117414,4.069154325564832,2.551701467892397,0.29817980849787723,10.392304845413262,1.2758507339461984,21.826003200795363,30.634196748117414,85.27343919878143,53.87568074889776,0.992788657533333,0.9929199920411715,0.039476081833624346,0.03780197073195434,2,15.11426383983553,79.143555576293,0.08291893039611604,1.8853576381826378,22.550717119054585,0.02216860202081134
695464.762643,695469.762643,1182,31.389930098254265,3.213360629724322,2.6029882304120853,0.13785850692178608,10.392304845413264,1.3014941152060426,22.82998917808978,31.389930098254265,76.23954201943288,54.335467890280725,0.991040496643563,0.991040496643563,0.027595012608787807,0.020936576454178932,0,11.996352059237358,114.77675547188765,0.03829329440089602,0.0004254633964667374,0.007670119254732995,0.018167245524979964
695469.762643,695474.762643,1174,31.828756117295562,2.9531720362658214,2.6655451492994735,0.14974363283308287,10.392304845413264,1.3327725746497368,22.68983301872282,31.828756117295562,79.52869877921064,53.45617606913798,0.9913190531418489,0.991341528246702,0.04344781168024674,0.04056289314465429,5,10.319566548241081,88.41218438743346,0.04709152458129495,0.9384652899992807,15.937997259539314,0.019157775187542962
695474.762643,695479.762643,1098,29.98614496480152,3.070864170281902,2.503741789240392,0.1811607316152866,10.392304845413264,1.251870894620196,21.50717497313089,29.98614496480152,80.08888395070316,54.006560898354174,0.9899284447357096,0.9894898953227965,0.05344851009827027,0.052911342572832296,8,46.0225470950726,474.1959723520247,0.05397306911324098,2.5361545424924343,26.121519285252692,0.02070750647109577
695479.762643,695484.762643,1111,31.227496918968605,3.751417388698313,2.586658919960848,0.20392613459201536,10.392304845413262,1.293329459980424,22.366509178117205,31.227496918968605,75.57735236055382,53.15539672304492,0.979678468812603,0.9785958030776988,0.05889101475726252,0.05449607330255223,8,20.845123499808405,171.38900668952192,0.06418741716236366,2.0028277983655878,23.233301768772115,0.020575741784704785
695484.762643,695489.762643,1179,31.965582171548583,3.417265236300328,2.619797427253818,0.18869640548679742,10.392304845413264,1.3098987136269087,22.61593321102263,31.965582171548583,80.02551114681219,53.567860012320956,0.9894673923300721,0.9893651972464242,0.03793063860992062,0.029377948342552005,1,31.709082393652093,315.46903491068366,0.06882597824912522,0.92887608636234,15.85103980309459,0.018615240391053972
695489.762643,695494.762643,1162,30.683330827315885,3.7031975564994744,2.54056247059318,0.15499315094412658,10.392304845413264,1.27028123529659,22.012614177271146,30.683330827315885,72.17967664402596,53.38589630217436,0.9839558836558421,0.9837702995774664,0.04358263569473883,0.03362159968431568,2,19.199966098977793,226.73616308610966,0.07432109113920826,0.4736596331324482,11.32436867696702,0.018902678382703746
695494.762643,695499.762643,1078,31.387971501454764,4.3961248903169166,2.6502624700610458,0.25751627846951686,10.392304845413264,1.3251312350305229,22.43310294808001,31.387971501454764,70.0866238085058,52.16265379263334,0.978514390002179,0.977823877907439,0.04340413962496135,0.03187164838409103,0,22.699159337289853,238.06637254218072,0.05810787795401568,1.552360088576417,20.473928508431467,0.02066855450314097
695499.762643,695504.762643,1029,29.3735972293835,4.459260524330375,2.54334576996347,0.31412360336367956,10.392304845413264,1.271672884981735,21.280613077268615,29.3735972293835,73.84449001415578,52.870785166061836,0.9763123097170724,0.9755642806217149,0.06274598142848696,0.057523844306934066,8,267.94041113157186,4637.757724945403,0.06868695124401071,1.6700839189360197,21.238164863457545,0.02327246688148944
695504.762643,695509.762643,1182,30.022620929066072,3.892005003775622,2.5988674701240124,0.21830320194137923,10.392304845413264,1.2994337350620062,21.814500539297725,30.022620929066072,69.40403185391247,52.53966309690193,0.9699572171701674,0.969565279209797,0.04915239755487001,0.030993219207545386,0,8.979095654171491,73.26729785591361,0.03301471855517415,0.4657575055466477,11.241268563213868,0.018879686525959567
695509.762643,695514.762643,1169,31.34631167220048,3.8399788019116396,2.6818578254122416,0.2140378556261412,10.392304845413264,1.3409289127061208,22.382234893153694,31.34631167220048,65.91843229866919,51.8192622064481,0.9636705919528452,0.9635626703826444,0.05540714919426984,0.036357182693552925,4,8.56616833850054,60.90551721871445,0.04343094281980589,0.4736567454463438,11.324876924645993,0.019434814581363587
695514.762643,695519.762643,1149,30.52829138852363,4.359220744938108,2.685899878477835,0.29118412969804336,10.392304845413264,1.3429499392389175,22.16022730084042,30.52829138852363,74.29741307607034,55.093717399156326,0.9742219815517433,0.9739318962571182,0.0516323834565181,0.036370601229318025,1,21.848656053995857,368.81333076946237,0.08805459568629637,0.9613391995785986,16.125342233856973,0.01919289084329623
695519.762643,695524.762643,1140,34.14283449504576,3.8277278476171452,3.080573970162999,0.24878574882738702,10.392304845413264,1.5402869850814993,23.952427984836707,34.14283449504576,77.56233625995775,53.90151546227704,0.9827306293346079,0.9829156049138403,0.04388589216720222,0.0325681711590913,0,21.61108564267801,272.8425479803398,0.10396058591650971,1.9655475426972946,23.04232795172701,0.020867959372114497
695524.762643,695529.762643,1097,31.446578407352156,3.4559000799333024,2.7882697652369517,0.2500260260675218,10.392304845413266,1.3941348826184758,23.988292446091496,31.446578407352156,60.96224079651971,58.404902879851925,0.9595519498593483,0.9590445117057571,0.07747102886667277,0.0622729819721288,5,12.68159934892479,62.39386634161711,0.15924807779191721,1.0177924261446893,16.611134430172076,0.020230612995570055
695529.762643,695534.762643,1192,30.218859029618294,2.6599672003882406,2.668165968730256,0.17584200134728342,10.392304845413264,1.334082984365128,23.31348307713182,30.218859029618294,63.112780615967544,64.83072111461723,0.9718161288821396,0.9718161288821396,0.055619425346554875,0.04232854242567047,4,1196.7250813255016,25924.689609429755,0.1272185142699407,0.46642424396380167,11.240859564061589,0.019663252089956434
695534.762643,695539.762643,1099,32.60054046905206,3.5769047421416444,2.8390747468606774,0.2951942672559149,10.392304845413264,1.4195373734303387,25.955549172714534,32.60054046905206,51.2631930590431,65.31859619514205,0.9615281347578842,0.9611881418837245,0.0651130377619132,0.055102044590744845,4,59.918009395204976,576.6728618539755,0.13162705000489233,2.5264857232771045,26.100368963622895,0.02032150439793752
695539.762643,695544.762643,1099,31.885123356998662,4.40940765757063,2.789847896653298,0.27072324861488395,10.392304845413264,1.394923948326649,23.404396959112823,31.885123356998662,73.88032803509813,55.925978035081144,0.9744036956089099,0.9742630167809783,0.05204653827717804,0.03875545776577107,2,105.9541251316462,1048.90757944694,0.06699527009238744,1.508006371924121,20.19744528868767,0.019651038424085693
695544.762643,695549.762643,1175,33.93575333057438,5.780082598500019,2.89499040319075,0.3470777008471358,10.392304845413262,1.4474952015953748,25.59270458473173,33.93575333057438,94.30887165998202,63.786102194997845,0.9519429718899746,0.9521307475003941,0.06656969144159748,0.036175479235090506,0,15.407493319310962,166.47561559011731,0.07780037924580789,0.46959328100084125,11.275813539636777,0.0188876446435237
695549.762643,695554.762643,1158,37.97273152630795,5.891201650917806,3.1609011315994455,0.2837304769555639,10.392304845413264,1.5804505657997228,29.543688618423488,37.97273152630795,76.79404641992485,67.47894538505935,0.9672970200281329,0.967506647202074,0.054590264303986794,0.03528190024972063,2,4.2251953563060995,33.03167149057522,0.040333219678669326,0.001373069020620769,0.02591347040295599,0.019816380329060995
695554.762643,695559.762643,1144,33.46368960322312,4.927178005475311,2.7889913478508106,0.2299032653988234,10.392304845413264,1.3944956739254053,25.979572526667827,33.46368960322312,82.17047596945467,67.975806036524,0.9569350813248992,0.9568434054581203,0.06960354096002594,0.04508158939508439,4,10.850343429504528,88.6614758078015,0.059346498632321915,0.4927184811838369,11.554365062960889,0.02113237639553429
695559.762643,695564.762643,1179,37.8343573341466,4.32399734849043,3.0640137398703686,0.19878448861422773,10.392304845413264,1.5320068699351843,29.56045787292447,37.8343573341466,81.65701045535204,66.87543809465504,0.9721772436985086,0.9720695257776888,0.04750868611264998,0.032500404240383376,2,3.6244735518135505,26.488108451866697,0.04125218016052384,0.46621779370156197,11.243584119755754,0.0187938038480425
695564.762643,695569.762643,1157,38.1313873299378,5.177731863777132,3.081072327814701,0.2881070895413507,10.392304845413264,1.5405361639073505,29.23114229054765,38.1313873299378,93.70421235406639,66.30618672198241,0.9671970396817314,0.9667983109810958,0.05516992625881375,0.039979506178793624,3,3.6679323192061797,27.661329973268398,0.05796317559111733,0.00019698143952107653,0.003665450281297586,0.01927246811930431
695569.762643,695574.762643,1180,34.29568887952726,4.759827292183724,2.7258118803492835,0.165882044501282,10.392304845413264,1.3629059401746417,27.149425119818094,34.29568887952726,119.21721322690803,67.65290568721501,0.9559723492497648,0.9559299576079974,0.0630393198612465,0.035415922554420234,2,3.242140839402625,26.693691804204924,0.012305361892870936,0.000671048172617601,0.011954960630070802,0.020666071959559915
695574.762643,695579.762643,1149,34.54653015478031,5.035871962006289,2.7356335425580767,0.17262415768285197,10.392304845413264,1.3678167712790383,26.866751409198905,34.54653015478031,86.74137658425455,69.89167013596077,0.9639767486798204,0.9639820770902582,0.05585879667230102,0.035632215549396114,2,4.704840276901099,38.59477847896513,0.02515922001272243,0.0012085318546633207,0.02318229826756574,0.020750309193348908
695579.762643,695584.762643,1131,33.896630417004154,4.573652365006427,2.6468278471317954,0.16835328339024366,10.392304845413264,1.3234139235658977,26.324690622433234,33.896630417004154,101.75383251338091,68.2045786473334,0.9590499769747828,0.9586279630484961,0.06675383898852454,0.04274332323204273,3,9.734570991454902,98.57535480121824,0.0819095609853956,0.49390993321119264,11.562879199941396,0.020522127600167528
695584.762643,695589.762643,1175,38.81838908482757,3.702989822951516,3.0730474837842268,0.31591133770788193,10.392304845413262,1.5365237418921132,29.494791953289496,38.81838908482757,95.61563863608987,66.19871728738653,0.9843555357377157,0.9843939179096727,0.04257968650619069,0.033022429442201434,2,15.793696868378944,213.76757641632372,0.10979685596238946,0.47409608226041133,11.32205253866366,0.019514744307577454
695589.762643,695594.762643,1217,37.68968109163471,5.8837237491021925,3.011554859545367,0.355805121520823,10.392304845413264,1.5057774297726836,28.85798729374229,37.68968109163471,72.6295469290006,64.43200910744095,0.9753726723951867,0.9753368272752745,0.044013537252928454,0.02590157089727144,0,2.7117534546850917,24.27903442885615,0.0644795373061306,0.45210719882434425,11.0592136653584,0.01858178725367239
695594.762643,695599.762643,1064,36.191642692852184,4.996605613471767,2.8638636367633237,0.3276165143126553,10.392304845413264,1.4319318183816618,27.202214079403127,36.191642692852184,77.02041216378935,62.44036890114159,0.9693962343539742,0.969379821341573,0.06716057186384958,0.054347039047213296,8,19.825465525560375,168.17591161416382,0.09585391073579536,0.5395925837926202,12.097017784044903,0.022985094314734205
695599.762643,695604.762643,1087,37.92885517991114,4.906371356657377,2.99140353433627,0.31685770558518445,10.392304845413264,1.495701767168135,28.594832246648192,37.92885517991114,76.66628573560057,61.13069948848695,0.9702488861703173,0.9696842868576168,0.057650324115049244,0.04594315444696582,2,15.210631969292221,107.83298436168721,0.06827433118088819,1.0471842348970255,16.839061083450755,0.022192094772349458
695604.762643,695609.762643,1185,43.15553876321565,4.246059669596091,3.34655781705455,0.2436603508311759,10.392304845413264,1.673278908527275,31.953551446700885,43.15553876321565,80.09045397290238,59.28530030647712,0.9796799676869117,0.97933134503238,0.04341819454739595,0.03368222992566994,1,2.0889585819586256,17.06023199024981,0.06143899410259604,0.0004774419863838413,0.013367720256097176,0.018343326671108152
695609.762643,695614.762643,1215,42.05373788545249,4.97070294862384,3.2792785400748943,0.3302062047337842,10.392304845413264,1.6396392700374471,31.32414928165022,42.05373788545249,78.61643637883932,59.77146996624796,0.9866179133133787,0.9863326300019777,0.031468792623865975,0.024841186624293438,1,59.341991433293664,1278.9204164452046,0.06763862130281958,0.44987438457122947,11.048711190831916,0.01806367771280052
695614.762643,695619.762643,1121,44.785326235512265,4.546043866021591,3.485999675313201,0.3405077495462199,10.392304845413264,1.7429998376566005,33.05826163140914,44.785326235512265,87.54743913630789,61.20265857852739,0.9800589015747202,0.9802100762089481,0.05524789915486806,0.04378203243312695,1,6.284828200398931,38.417514021666655,0.07779850171931378,1.4838155963790949,20.033750910442524,0.020173091068438266
695619.762643,695624.762643,1197,44.4369222005019,4.0463283036376065,3.468026197565444,0.300643292520727,10.392304845413264,1.734013098782722,32.44772258380061,44.4369222005019,89.60004136514097,58.444319504283314,0.9929249302543808,0.992931445189062,0.028558765550608024,0.025509191825040384,2,3.0221456485476788,26.35473570926828,0.04052687956128757,0.45762448293912433,11.144719230075433,0.01842325111023172
695624.762643,695629.762643,1142,46.4735656525402,4.102589290552403,3.565117428670803,0.2989856728360074,10.392304845413264,1.7825587143354016,35.99781384592924,46.4735656525402,89.32627444134692,67.24813826416184,0.9799687954696885,0.9800422543039224,0.044682388295891544,0.03690569864867815,2,12.298134272207779,107.4929426201219,0.043134455834781364,0.974631825836168,16.245759869725987,0.02012474267981688
695629.762643,695634.762643,1193,45.56241392657486,4.778566100627263,3.5127016606785766,0.2943547764900659,10.392304845413266,1.7563508303392883,35.16372567018691,45.56241392657486,85.81333498084072,65.948448247997,0.980983608701435,0.980983608701435,0.04055665770948009,0.028291612475140473,1,56.32628224355951,1197.2797120720452,0.06987522392865132,0.458758754363608,11.155197307514971,0.01842619961471155
695634.762643,695639.762643,1105,44.74424002858652,5.907536605577581,3.445280761330103,0.3654228188784194,10.392304845413264,1.7226403806650514,34.16293513159932,44.74424002858652,79.9264713098119,64.89743153513527,0.966071126072833,0.9657268956804078,0.06270951108970245,0.044843549474671375,0,27.865054290309185,318.4697319214432,0.08983594035068153,1.5224692791975065,20.280460557528222,0.02116376915138525
695639.762643,695644.762643,1156,40.7782955269599,4.569048761918467,3.101753853653201,0.2400244784432452,10.392304845413264,1.5508769268266005,30.412484182113413,40.7782955269599,81.45123570402029,58.68945867182163,0.9760163895425653,0.9761291887528583,0.04512061587494274,0.030283347666460653,0,43.21831046762668,624.2959722585601,0.06680674268789659,0.47645323004668205,11.371135655961364,0.018818672980027925
695644.762643,695649.762643,1199,41.399707740787335,5.766280049013619,3.1290462448479857,0.32308345341922723,10.392304845413264,1.5645231224239928,31.61148518319614,41.399707740787335,75.97888904798091,62.66865819715766,0.979495372798033,0.9794695510400376,0.03643129538669105,0.02272898458324785,0,13.375254631878528,200.73201489819147,0.055033537273475146,0.0016438529795992029,0.03100457440878731,0.017982821942261827
695649.762643,695654.762643,1199,47.97835282182348,4.669013062876079,3.642079631266926,0.26042606993707473,10.392304845413264,1.821039815633463,36.74862577240922,47.97835282182348,84.36944283130266,64.21674586745462,0.9661209256018097,0.9660914001360625,0.046603805230203535,0.024077478207532248,0,1.5688488267351315,12.669475799658743,0.026530949577711235,0.45547298185828505,11.104148736037969,0.018333991776773043
695654.762643,695659.762643,1140,43.12790141195244,6.177425427344022,3.254060353421774,0.4342973035164596,10.392304845413264,1.627030176710887,31.990801596133412,43.12790141195244,78.45278399856139,59.14324179471494,0.9734959581047637,0.9733031546536427,0.05252127172515781,0.03989327338198053,2,7.51429460188283,47.17044147581868,0.08057989803207506,0.4915096240119452,11.518224239967411,0.020498614958448753
695659.762643,695664.762643,1156,45.83144209673642,4.929255872598915,3.3100904939160705,0.2402574121402277,10.392304845413264,1.6550452469580352,34.45857689152907,45.83144209673642,77.30218309706626,59.84198560393631,0.9563080162519362,0.9558836546317037,0.0606479637849516,0.03515933884085718,0,3.297857912347869,23.079553353461854,0.05670886743101116,0.4770223284657112,11.354980409589238,0.019820312025739088
695664.762643,695669.762643,1140,40.82890782976083,6.556204820052676,2.972150380088623,0.3263543774963069,10.392304845413264,1.4860751900443114,29.5568360257331,40.82890782976083,60.219574178651406,51.24032065840952,0.9600636459112514,0.9598471351153174,0.060179840061242516,0.03391736226582487,0,4.507614143652556,32.23335554342454,0.029206513353359397,0.4916373699399727,11.521412660153402,0.020867959372114497
695669.762643,695674.762643,1144,37.07040470964929,5.174626639978059,2.726623044882887,0.20522365479317525,10.392304845413264,1.3633115224414436,27.067930881408344,37.07040470964929,69.38024389881349,53.158046488784166,0.9715644428472298,0.971066862675329,0.04861168965216594,0.0326979704706212,0,109.59380955798687,2233.3086546209843,0.07133846025904907,0.0006366319295017215,0.01172915085622387,0.021316402895350264
695674.762643,695679.762643,1137,40.5436731988688,5.262414475887826,2.898172609534905,0.285834317782096,10.392304845413264,1.4490863047674525,30.276818679004233,40.5436731988688,83.16833281259413,61.391832431106565,0.9857236999645559,0.9858024431690209,0.0346673338572933,0.025378762872998964,0,14.80392020053346,199.04206911960304,0.0748154212610103,0.48313189762667935,11.409805213931541,0.01874739619497292
695679.762643,695684.762643,1192,47.88418445299709,4.744481168576721,3.3396591026774947,0.26498273689350577,10.392304845413264,1.6698295513387473,36.048844842819065,47.88418445299709,82.01971905296118,62.47692376116778,0.9609721428701478,0.9611210811265247,0.055835874403326095,0.0302379520465281,0,3.0586636533237788,24.450442390012032,0.05599971035707763,0.0008557354741825967,0.024701362662902848,0.018780171906275758
695684.762643,695689.762643,1173,44.564722006548315,5.139694034774074,3.128946325607494,0.24999264854554662,10.392304845413264,1.5644731628037465,32.90162964652898,44.564722006548315,70.73910928050904,58.78825056878889,0.9693435197685952,0.9693435197685952,0.051019775789229074,0.03466112807101021,1,3.1235966311925547,21.499518882967468,0.07787591296177512,0.001780129819423587,0.038800488330168956,0.01942836631219994
695689.762643,695694.762643,1203,38.966376160001715,5.043253943892045,2.7172472689385265,0.12397717357455254,10.392304845413264,1.3586236344692633,28.406743257351454,38.966376160001715,67.18022909534913,53.66995002810481,0.9736484848441512,0.9736459421883561,0.043134926801979216,0.02469858271160873,0,8.476687130213058,131.1213542410739,0.052539577253562016,0.0013260196834221029,0.02630146342949666,0.018156363477271734
695694.762643,695699.762643,1179,43.69446031542055,6.267864359262255,3.0423479873433528,0.3505239660642364,10.392304845413264,1.5211739936716764,32.815422788273516,43.69446031542055,82.10953005027676,60.03271509225348,0.9713899660905099,0.9714811482662687,0.046722141021551145,0.029255013020347213,0,9.373771415205946,100.71844250948958,0.06099842984268208,0.9267374409536971,15.79670767874312,0.01888308557653676
695699.762643,695704.762643,1146,44.5296648286306,4.6452111631815445,3.124440784258199,0.2541059346822718,10.392304845413264,1.5622203921290996,32.497992813037555,44.5296648286306,83.77715668439505,57.633825172419876,0.9777911657075714,0.9777911657075714,0.047786825895128025,0.03595547970724651,2,5.32236177383887,35.74878235993689,0.05012606560780294,0.480097968582578,11.374311253840705,0.0193809130155231
695704.762643,695709.762643,1193,45.47572445450561,4.670900001203597,3.1662826782426516,0.262862994930243,10.392304845413266,1.5831413391213258,33.6979020458185,45.47572445450561,81.09743774096684,58.84208793776524,0.975229326535109,0.9751700142227989,0.043596492091936834,0.02868237494207804,0,47.153381153435845,1060.4710395309346,0.0601195508472003,0.4564893901031505,11.094194318664947,0.018337965618152673
695709.762643,695714.762643,1197,37.38803101473013,5.270315468224952,2.5582979252440543,0.15469666136493507,10.392304845413264,1.2791489626220272,27.859864045399892,37.38803101473013,62.98796538394629,56.55858572424535,0.9720395860668632,0.9720738880549186,0.04544664372874951,0.025532203381320912,0,1.7595281740979452,14.035790427570094,0.03748301117382249,0.001776699369844025,0.030670457521125977,0.018599129402453504
695714.762643,695719.762643,1203,36.792290221477344,5.115860312904922,2.5260347647453063,0.1361929095491583,10.392304845413264,1.2630173823726532,27.480518754973637,36.792290221477344,67.08246465273183,57.55488374700502,0.9786496393372798,0.9786496393372798,0.03871559107551518,0.025080888922811594,0,63.32822056467903,1206.7745397459282,0.03622597350211316,0.4558028197505996,11.072671585846974,0.018856367852299077
695719.762643,695724.762643,1202,37.68400790225408,4.316972810810633,2.6800520333905684,0.1711540563348581,10.392304845413264,1.3400260166952842,26.882024348642954,37.68400790225408,74.28447064433055,54.06400626692956,0.9879573654508629,0.9879438679679405,0.03263581134837533,0.021502440733484614,0,2.976865503439812,22.42456703371752,0.075905980110522,0.0007330184252005795,0.014213909139333927,0.018332019733193216
695724.762643,695729.762643,1233,41.37513707409422,5.351710712652435,2.9211593807872096,0.2091107589531524,10.392304845413264,1.4605796903936048,30.493344946042225,41.37513707409422,69.73665327532413,57.38024573824004,0.9749403837197009,0.9749535418498491,0.044561041793262965,0.026099168905996423,0,1.3655630985247607,12.129591726551565,0.07139682661892058,0.000652983376811779,0.011881620912631652,0.017885345968327145
695729.762643,695734.762643,1211,39.09763603462886,5.530719458761164,2.7520529185317306,0.22606109880478392,10.392304845413264,1.3760264592658653,29.365111908240817,39.09763603462886,72.62294518903101,59.89552742702129,0.9866007894746152,0.9866874087011255,0.03335009339591501,0.023417778642161973,1,3.1871673739182516,32.26523764851116,0.060464010259632446,0.44920798868900547,11.001205825344439,0.018152317209207992
695734.762643,695739.762643,1201,39.89360811633616,5.173964328995964,2.7881662161425536,0.20925694067588338,10.392304845413264,1.3940831080712768,29.85427766521668,39.89360811633616,75.83374908856939,60.796470301480035,0.9856544144213071,0.9857700862748653,0.03337723866092894,0.022972327329807033,0,32.31110265295111,657.0514836335841,0.07148556546042019,0.9034801526314536,15.590288370348953,0.017982090947602145
695739.762643,695744.762643,1222,43.28256936277134,4.610336540742707,3.0789900381597546,0.14690845933424532,10.392304845413264,1.539495019079877,31.516845429928225,43.28256936277134,79.12418261853006,56.97593566993736,0.9855887142713278,0.9855228247481582,0.035223188263854184,0.023352604510838017,0,1.927968884470309,16.03480564993687,0.06069353508178941,0.0006220830028295021,0.010209368429626895,0.017974559967841044
695744.762643,695749.762643,1109,34.44257443681732,6.329940336202907,2.45142593582821,0.345815858743688,10.392304845413264,1.225712967914105,25.48657796801657,34.44257443681732,77.0658859883658,56.87656483376857,0.9766812255180917,0.9766939351261472,0.0679362142543205,0.0472801840852863,1,192.05639919705936,3670.6480890866815,0.0876472680130553,1.4936735062706077,20.034948243676485,0.02001170645278661
695749.762643,695754.762643,1178,29.968631152445646,2.3567158898763756,2.2266254417668616,0.22034941312562206,10.392304845413264,1.1133127208834308,22.68268018329554,29.968631152445646,90.76327891274661,65.58792763070446,0.9709708681023007,0.9710624138944888,0.05597965939409043,0.035809815939593856,1,6.735893311508664,55.907259523209866,0.11518691671743418,0.47389369775132556,11.278168028053829,0.018884222440651716
695754.762643,695759.762643,1157,30.852519814378994,2.6291270780306695,2.5874778481828846,0.24538811145905773,10.392304845413264,1.293738924091442,22.004625468506042,30.852519814378994,93.97536828694619,58.608133289215075,0.982565453796955,0.9824425037059927,0.046207482934792946,0.03620506592389826,3,34.10183931322428,514.7584939273504,0.11333852543279022,1.9008380320534932,22.668082263783084,0.018817571153467074
695759.762643,695764.762643,1193,33.605541959308496,2.332646401970955,2.8522632480865906,0.24539137544483824,10.392304845413266,1.4261316240432953,26.141426113244016,33.605541959308496,97.10453701410538,70.02203308292574,0.9706452977099667,0.9706403213590633,0.04965733029856078,0.033674276771951124,3,2.202356900806242,18.72017542914673,0.032265196363891115,0.46144625306174913,11.204129076269885,0.01869090160438817
695764.762643,695769.762643,1207,33.00413973622586,2.064290123980331,2.74524425557485,0.21826027888569652,10.392304845413262,1.372622127787425,25.418718639635895,33.00413973622586,96.93573532176983,67.57443244870593,0.9776071635140926,0.9776071635140926,0.047129193618758995,0.03528311336341979,1,9.7207371683177,137.52448274094442,0.039758018549464,0.45492419530156747,11.12163367091649,0.018241544208491403
695769.762643,695774.762643,1198,34.15907410375011,2.0837712199730567,2.800675645201156,0.20918722358176672,10.392304845413264,1.400337822600578,26.446441967402954,34.15907410375011,98.35644656854356,69.03202375510054,0.9714983005776626,0.9713497899645127,0.042061744685465474,0.024466882884824372,0,3.4995884313240393,34.563576130798836,0.04512258458023564,0.9134868701287663,15.745605445693965,0.018158919837155493
695774.762643,695779.762643,1200,33.3433799462415,2.6428633579420953,2.741468651775727,0.2279030710561634,10.392304845413264,1.3707343258878635,24.894405719227798,33.3433799462415,91.50088825995708,60.42416787039247,0.9921714603344182,0.9921592408178803,0.03130957759973771,0.02426689287270916,1,2.2305592329560193,23.04622560189808,0.055466950170092476,0.456699402834563,11.140706914371657,0.01807017543859649
695779.762643,695784.762643,1114,33.0643883582492,3.828503405571116,2.735135532683996,0.3038199315841842,10.392304845413264,1.367567766341998,24.2495814764007,33.0643883582492,89.49487860529028,58.24877205352352,0.9908598960044352,0.9908207921533697,0.03952517776444481,0.03355477912383397,1,19.79496159286206,174.4184994330458,0.10031865417743284,1.9835354464164707,23.139628618852306,0.019433682950644116
695784.762643,695789.762643,1140,29.55884454918372,4.288630477825579,2.5855530553571495,0.30144586136701484,10.392304845413264,1.2927765276785745,22.803775898671365,29.55884454918372,90.9518435846872,67.20404631913887,0.9696779581130238,0.9695684828094773,0.07175643252924553,0.05976883276466711,11,14.543989496645485,65.67274810325857,0.16132365209647162,4.383551774346985,34.29593138099648,0.021421975992613113
695789.762643,695794.762643,1163,28.100309153425133,3.515462415856787,2.535002338972009,0.1708538214306186,10.392304845413264,1.2675011694860046,20.31188027574248,28.100309153425133,71.26051031427673,52.175225357404834,0.9755884620474389,0.9755845552323438,0.06085812746514809,0.04279618999027047,2,12.313716355799897,106.88144285375861,0.0960132881753216,0.4726170568308314,11.338707587850234,0.018358449864989215
695794.762643,695799.762643,1128,28.555036867816504,3.7471034619519448,2.58952347687186,0.20156188812714043,10.392304845413264,1.29476173843593,20.724011882459912,28.555036867816504,70.73908193486626,52.739615723636966,0.9750733093743362,0.9749937197089776,0.05777851302497969,0.03965485156873463,1,174.2200585074251,2487.9481477463023,0.08380859536571676,1.4758857350079782,20.01191783621087,0.01969018290406868
695799.762643,695804.762643,1043,31.133505280653832,4.086503743405447,2.8032698230616013,0.3225907752609363,10.392304845413264,1.4016349115308007,21.730438478779366,31.133505280653832,82.85700393129231,56.92197496890434,0.9736127200777367,0.9736866850449358,0.06429655343086675,0.050450900631811416,4,73.12794790892937,927.0529904811311,0.16562128163040274,2.1674537511181837,24.208215432464712,0.02158079763166305
695804.762643,695809.762643,1162,31.42159606244375,3.9715138658624887,2.8662297700547117,0.19801971495072676,10.392304845413264,1.4331148850273558,23.511445812897374,31.42159606244375,74.5706607766568,59.16678320678534,0.9701738798572536,0.9701827804477329,0.053449895462967585,0.03556240950190187,2,7.753908448808777,59.84643234955445,0.08813463320476235,0.4786083820950245,11.39743162233766,0.019536793791708185
695809.762643,695814.762643,1213,30.353632250682633,2.887745751028917,2.752617569682575,0.15037236322471378,10.392304845413264,1.3763087848412876,23.690872802175868,30.353632250682633,86.05225789993248,69.36566889570807,0.963817221366697,0.9638172213666968,0.05671333043093319,0.03496528524359876,2,8.158713159611807,88.20684285745898,0.09839574238285125,0.0008404775788930777,0.014172377086785643,0.018324872362274192
695814.762643,695819.762643,1204,34.685651080857824,1.7783789485970605,3.1029004860212477,0.20557699021239215,10.392304845413264,1.5514502430106238,26.776252535864398,34.685651080857824,97.7492064876932,68.91893885951605,0.9717065141152396,0.971511077484075,0.04254287649167795,0.026122398386237547,0,2.1104183845905946,18.934356386135526,0.013018043713982361,0.45541348976671714,11.12379392303873,0.01806842688115638
695819.762643,695824.762643,1181,34.06012115229496,2.7182419874970583,3.0063282309594888,0.21942548901367012,10.392304845413264,1.5031641154797444,26.073746717237675,34.06012115229496,91.28252186209468,64.32968275716532,0.995382082243035,0.9952417515687184,0.02669689744424985,0.02618626994955368,1,4.918456108319103,41.32094774512491,0.03542470489429262,0.46657926304556513,11.264810994645524,0.018791687092413505
695824.762643,695829.762643,1198,34.07046179493058,2.145102673674899,3.0133672970203684,0.1863037468092191,10.392304845413264,1.5066836485101842,25.52730672906641,34.07046179493058,89.47047590255714,60.22470228536333,0.9980482947680115,0.997642782659061,0.025042433191366297,0.028215666600965868,2,4.232901455023058,39.81020218545945,0.031119237716164077,0.910029822480017,15.709309883833564,0.01798318835486044
695829.762643,695834.762643,1017,31.229003699678895,3.9545495667906487,2.7650093897109573,0.3663877615220616,10.392304845413266,1.3825046948554787,23.125847647902727,31.229003699678895,88.855928247156,59.5361584358006,0.9841337113251759,0.9841399328188215,0.05332767422090128,0.04968269248072167,2,23.7239708161728,142.29200263750243,0.09844435842346981,2.223909451339714,24.498481705068745,0.022098017906122237
695834.762643,695839.762643,1210,29.198335059017133,1.460024296548438,2.503176779444693,0.17234770098813265,10.392304845413264,1.2515883897223465,22.591568719756356,29.198335059017133,98.07507741026521,67.72180841003147,0.9770145963030838,0.9770889362826468,0.04300383804212484,0.02884082645480139,0,2.682492391157375,22.23625031846294,0.032549943021395016,0.4514605654913514,11.068453233023869,0.018065825721328112
695839.762643,695844.762643,1073,28.490712147433253,3.267457100476357,2.4572644108455175,0.2175072750754337,10.392304845413264,1.2286322054227587,21.955376474156527,28.490712147433253,81.8789977466282,64.25161878972006,0.9577582910617147,0.9572435466945437,0.07509337795042718,0.0596875656669077,7,64.08298127874968,906.8145321518181,0.09460618978572904,2.105668887631556,23.839497608272097,0.021860335834927486
695844.762643,695849.762643,1163,32.2206578365366,3.5873111381386975,2.7705886569528126,0.21663407636272838,10.392304845413264,1.3852943284764063,24.66951831665901,32.2206578365366,81.79772879588543,63.94301792352996,0.9770847686367043,0.9770341499527855,0.046496437079728316,0.032487677299470184,1,20.282829511055425,269.32198406029744,0.09660455943069196,0.9486335096089303,16.027397665898917,0.019082530056870464
695849.762643,695854.762643,1180,28.77969283509491,4.674000277035067,2.496703950397833,0.27177384646493186,10.392304845413264,1.2483519751989165,21.84096512098125,28.77969283509491,67.75676503235778,59.50844786849254,0.9432809111237105,0.943098293361629,0.07182321828676047,0.03234736551108801,0,3.3934662500225055,26.47961735440398,0.04757541977697355,0.0008463148900892758,0.017476965874706117,0.01959559916741005
695854.762643,695859.762643,1147,26.706062067845714,3.73021206691413,2.321280729366857,0.13738195664941139,10.392304845413264,1.1606403646834285,20.01923011356594,26.706062067845714,64.73531041233029,56.90795064002902,0.9299710199592726,0.928566477474583,0.09401854509141414,0.0471374309524416,2,15.879385544377664,169.0060482664896,0.06893320333699572,0.9761680390557753,16.26639669125204,0.0208476728001346
695859.762643,695864.762643,1167,29.457177329504443,3.344281113893226,2.5475290608813665,0.227149094313334,10.392304845413264,1.2737645304406833,22.22563567532333,29.457177329504443,89.18123440471057,64.13072750557986,0.9820850963832332,0.9823852924191013,0.04391000389815199,0.033551058456770935,2,21.2604181116821,223.98521715793467,0.12273975817280657,0.9466357977526189,16.01797373715748,0.019438055292472826
695864.762643,695869.762643,1145,34.47077942342075,3.7609686983254162,3.048127753750546,0.24307441824296772,10.392304845413266,1.524063876875273,26.141330128415973,34.47077942342075,83.68228017681942,64.29654687086206,0.9772437712240866,0.9773621061651738,0.05087124513181711,0.04036410679864018,5,18.158164703049515,195.64381997884624,0.1049623684694281,1.457546769330086,19.86698647901425,0.020026047651880794
695869.762643,695874.762643,1210,33.43013624808132,4.772749613627565,3.0059545557516167,0.15416875604249175,10.392304845413264,1.5029772778758084,24.79571219860995,33.43013624808132,55.93484330561931,51.159495088021266,0.9611279385827113,0.9609744872065525,0.056641062187142065,0.031408657301530675,1,3.8546856553811844,43.33362578494777,0.04828322973941593,0.002088478781356105,0.048306055259198746,0.018326808757430767
695874.762643,695879.762643,1165,34.475778029067705,3.582758950341972,3.1100782565308087,0.24377107224661515,10.392304845413264,1.5550391282654044,25.053644560590453,34.475778029067705,84.64561114052616,58.297642812186965,0.9883825013951008,0.9882956564513825,0.03468192648971122,0.027710778345673655,2,16.62152788829847,214.9469355219912,0.06711472828847334,0.0015150061298450268,0.03258806261597777,0.019531661772456892
695879.762643,695884.762643,1147,31.693700921776017,4.886608139701968,2.8856591817078905,0.30243317959284655,10.392304845413264,1.4428295908539452,22.70928559750736,31.693700921776017,61.625168148228994,49.952732206777846,0.9545315812708368,0.9544469061059475,0.06595335779943383,0.04094157388311667,2,45.7194699691095,785.2779635822877,0.10590562334394597,1.6906065437007265,21.407216353501713,0.019562856574741126
695884.762643,695889.762643,1106,30.81752866600593,4.753758809654941,2.8135468300423385,0.24912703407895784,10.392304845413264,1.4067734150211693,22.36656195889697,30.81752866600593,55.98692203355606,48.56972842763108,0.9510000095877912,0.9507292434396821,0.06992556787347914,0.03937580241752679,1,159.42794494631454,1875.9939293481918,0.08222741408986162,1.78589365046837,22.00271250377553,0.021446020113575076
695889.762643,695894.762643,1167,30.96712477676876,5.13926410222595,2.7854102623770483,0.2763415325913673,10.392304845413264,1.3927051311885241,23.022616882328744,30.96712477676876,61.827004078639916,53.65360751023651,0.9532335623545104,0.9530570415147934,0.0702145123585022,0.04135806519902234,2,11.191446892397371,86.66822456097805,0.07398113943319633,0.9531906775168395,16.084415151397533,0.01961845487755378
695894.762643,695899.762643,1139,32.65624390675273,4.338001789437803,2.9384254803737893,0.28482988048266383,10.392304845413264,1.4692127401868946,23.94977869884462,32.65624390675273,77.66493052946797,57.10147089598031,0.982197196497281,0.9821953930067878,0.048964571825951306,0.041490332096145506,3,41.95781841168854,616.6045221342719,0.0835762139884646,1.4574865193749984,19.877185616288926,0.019854288926882614
695899.762643,695904.762643,1164,36.21195325666254,4.269432656868316,3.222381913262086,0.19480112934632482,10.392304845413264,1.6111909566310432,26.613085160736137,36.21195325666254,77.98666026273528,59.299640574055125,0.9772377313217768,0.9773070646979412,0.04127691840280507,0.028418537929715326,2,5.347529562056027,38.87193765250525,0.047017138752811334,0.9495444604991147,16.056907130500676,0.01908120817507687
695904.762643,695909.762643,1190,32.678583895625636,4.025817573256689,2.8719462161425984,0.17998265293925025,10.392304845413264,1.4359731080712992,24.1510175937562,32.678583895625636,68.21773329305572,56.96429756701581,0.9639596781111066,0.9638965053975758,0.06372143443063982,0.03856325795417028,1,3.4696536314102904,25.90095897095658,0.09942043163023007,0.46084616919714816,11.192769495328164,0.018163054695562435
695909.762643,695914.762643,1099,34.788158895404436,4.575875232289626,3.113302911255137,0.32104589931617755,10.392304845413264,1.5566514556275686,24.631021306953528,34.788158895404436,76.94174553824796,53.98055345215684,0.987425350368291,0.9868947467965634,0.04249901312956932,0.035274783415549786,1,70.02150953084514,1089.8153009007542,0.08352947708962255,1.0251783977234614,16.681936612588725,0.02137509378541896
695914.762643,695919.762643,1132,36.178365196487235,4.488597265760066,3.2082757551073744,0.3113513391757459,10.392304845413264,1.6041378775536872,25.548484443661145,36.178365196487235,82.08036331650234,54.040996406154804,0.9922359650862759,0.9919675648494611,0.034729145605062114,0.034275111061891725,4,13.763625184845424,91.0320643088228,0.05245850919876599,1.474707858819583,19.991040662296946,0.019961564689107928
695919.762643,695924.762643,1201,37.494166538087676,2.754465790698324,3.3671533422486983,0.14239511088159731,10.392304845413264,1.683576671124349,26.543250267623964,37.494166538087676,86.1999280161245,55.45789496779077,0.9982117335783385,0.9982632852245704,0.02267702076558118,0.02224080531647963,2,2.3853689227095103,21.5994090413704,0.03488356125195903,0.457903290662289,11.158827991258704,0.018595614765473216
695924.762643,695929.762643,1168,36.494247962887265,3.186419830820827,3.2908579860270306,0.20442853585880486,10.392304845413264,1.6454289930135153,25.690487853252677,36.494247962887265,84.99340874918616,53.738229002163806,0.9966022470903754,0.9961932362420498,0.028517369746371847,0.03041938227419085,2,12.683829457087082,120.38464124827097,0.04413308965006551,0.944310776390979,16.014664579451615,0.018985820716173996
695929.762643,695934.762643,1203,34.28272171504043,3.1008875101113405,3.092705098271317,0.2018161102319718,10.392304845413264,1.5463525491356584,24.048040456072208,34.28272171504043,82.41022950167077,53.66772753941953,0.9936495219161399,0.9936495219161399,0.0305871618088268,0.02390002304000595,0,4.102737463783944,37.96772522977552,0.07594520588280734,0.4560269837927189,11.138393431435892,0.018243864024150153
695934.762643,695939.762643,1209,32.61721480332838,3.6502425687582605,2.874296770041374,0.16353749144157995,10.392304845413266,1.437148385020687,22.90082614840417,32.61721480332838,72.6599672816438,53.76913064834632,0.975873794997348,0.9757693171263766,0.05534370391669139,0.04031205746941007,3,5.425264112816782,38.166309364835115,0.1371937447109426,0.45339648184656034,11.10025983392891,0.018153323756040226
695939.762643,695944.762643,1147,31.78631854001141,4.9321191992856,2.7450440158600884,0.20367410924951548,10.392304845413264,1.3725220079300444,22.20280184123634,31.78631854001141,44.5075591534261,38.92717575366409,0.9324008377312096,0.9324503326614527,0.08080609852304953,0.036107633754108526,1,21.892702102176994,359.08562206838053,0.036196528361113416,0.0002990163565041784,0.0066072821765128424,0.02002171951238165
695944.762643,695949.762643,1197,32.92855071410356,4.042259467201449,2.895187482486732,0.16886910956669834,10.392304845413264,1.447593741243366,22.448463879272353,32.92855071410356,67.1027118207683,47.042977449144786,0.9816070727450457,0.9815397747781434,0.04290500395688056,0.030192733591869768,1,27.786468373305183,316.2045387015744,0.09758350684307464,0.4586354943912368,11.166037933910754,0.01833531196412083
695949.762643,695954.762643,1192,35.520423288600625,3.436985587819811,3.177147734894498,0.16229523132377488,10.392304845413264,1.588573867447249,23.543231140977706,35.520423288600625,78.43659602330055,46.691944701838835,0.9980347740421643,0.9979202340895855,0.02412379528012589,0.024247286288497972,1,16.424583010752766,298.0072347168188,0.027087495591404196,0.4594759319983339,11.180789236300747,0.01816201577769928
695954.762643,695959.762643,1182,32.541342865987296,4.479045001776126,2.893458215437794,0.28542957179319994,10.392304845413264,1.4467291077188968,22.038873365296492,32.541342865987296,71.18992754198435,48.00878071155862,0.9822222376839435,0.9818354364236052,0.04982019873277454,0.03940910912326977,2,6.817531386021986,50.28323449549494,0.10560336757839624,0.6998656873509357,13.793894333249773,0.019146851901326922
695959.762643,695964.762643,1172,32.52212029481049,4.1766642426691645,2.8879769998734983,0.21454654941232518,10.392304845413264,1.4439884999367492,22.175749146618774,32.52212029481049,68.33922515396048,47.06636685330537,0.9803593736864891,0.9803593736864893,0.04296267640382217,0.028520590344053156,0,74.77735839355435,1477.8571434338448,0.09004446442209406,0.4698970112267418,11.305237116227689,0.018621639422789056
695964.762643,695969.762643,1163,35.0150031018907,5.224188136103249,3.123804705613213,0.29032405584287313,10.392304845413264,1.5619023528066065,23.734374010156827,35.0150031018907,56.86077860308624,45.09304100539998,0.9641817414722055,0.9642652332577438,0.05972995082055541,0.03528012666636007,0,4.847081481118518,30.55624743662372,0.12143191692151166,0.4795438593344254,11.403826125969927,0.019987630296722028
695969.762643,695974.762643,1148,33.52959749453437,3.758917820862075,2.9525347024325583,0.1468236120106653,10.392304845413264,1.4762673512162792,22.80166586546498,33.52959749453437,73.37655780730789,49.35921817574697,0.9851916332871179,0.9852902582147743,0.04501479570172517,0.03385853293911299,1,4.508228937037855,35.91862454007753,0.09704417286308765,0.4825253316569065,11.445174698499708,0.019469405220367993
695974.762643,695979.762643,1209,39.15288410698106,3.917245137268354,3.4319916031400086,0.16997014420491915,10.392304845413266,1.7159958015700043,26.73206546576962,39.15288410698106,76.03398092650959,49.55302818638347,0.9933870258078666,0.9933870258078666,0.020626891078448426,0.014686441886763558,0,51.04008087356707,1037.7217098058559,0.0465374804725762,0.45324590554130895,11.094867564740422,0.01832745635801663
695979.762643,695984.762643,1171,37.3762776248823,4.517879069988859,3.2866866883702706,0.20148403865953277,10.392304845413264,1.6433433441851353,25.074250492470483,37.3762776248823,71.87552843464063,47.24374742124527,0.9886816261494487,0.9886816261494487,0.04202729264101351,0.03291548051288509,2,4.440915580577283,28.98487711998335,0.04394221257577425,0.475403622817818,11.36243898286605,0.019970935023296926
695984.762643,695989.762643,1188,33.74225058567351,4.0841037209266275,3.00414927383194,0.21398532495561942,10.392304845413264,1.5020746369159699,22.841610351343114,33.74225058567351,68.52916467001636,47.19330694887832,0.9786009589085329,0.9786009589085329,0.048008855847224946,0.03102651299136797,0,31.303604918937776,577.7762728834247,0.10753319254660372,0.0004579847525325247,0.008520692126596233,0.0177210703526493
695989.762643,695994.762643,1215,30.484274582072814,4.464970661417178,2.6812578141726213,0.14615710068844032,10.392304845413264,1.3406289070863107,21.17509423531218,30.484274582072814,49.21191117479783,40.68292105942322,0.9463237306698367,0.946263834170966,0.06931383581479814,0.03270649306520393,1,17.06195032040744,371.3080533024913,0.041547432862781085,0.0007922815579312996,0.019027781669554177,0.01858349577647823
695994.762643,695999.762643,1200,33.84004563138369,4.460767585051827,3.038669038488919,0.2322549970536272,10.392304845413264,1.5193345192444594,23.374113236250516,33.84004563138369,70.53510677528357,49.45821097660136,0.9774421724467326,0.9774621178680332,0.04626923679001012,0.028879435876854705,0,3.587862007567719,21.383399258530464,0.09719863386134876,0.0006035735311708205,0.010615144338067513,0.018596491228070177
695999.762643,696004.762643,1197,32.587248172159235,4.796279935205046,2.887459866533164,0.21083464645665065,10.392304845413264,1.443729933266582,22.71474023448777,32.587248172159235,59.63008061759709,46.01960534130572,0.9545462761624262,0.95465174901652,0.06669982062923004,0.03482472789701013,0,6.986914438728898,66.64670536024074,0.08965702194855692,0.45776476656782517,11.156322714149816,0.018159433671899046
696004.762643,696009.762643,1203,32.27632723705116,4.612315891793185,2.815472891180987,0.18241726610833514,10.392304845413264,1.4077364455904935,22.668323468013025,32.27632723705116,61.07845388991007,47.49326409833143,0.9613424039771171,0.9614516140850269,0.06664224596719909,0.040460625093185966,1,8.267391239480792,101.12573696013064,0.1064675552076073,0.0004383695066567877,0.0071746860071779965,0.018331364571028567
696009.762643,696014.762643,1235,37.130808051084955,5.096551795645028,3.1940733185367853,0.35783464893922723,10.392304845413264,1.5970366592683927,25.154385324362615,37.130808051084955,75.48159572267862,48.92742415855138,0.9917778358736851,0.991773787290689,0.029062059601307717,0.019752815056351843,0,0.7660673186167544,1.789714977791157,0.08112374035269415,0.0003866546713334741,0.008466943627295047,0.017543859649122806
696014.762643,696019.762643,1184,38.49325472192632,4.626858259449996,3.3080333771375705,0.23721236603748166,10.392304845413264,1.6540166885687853,26.15229502569505,38.49325472192632,66.89186362559178,47.837219998428004,0.9715158673515026,0.9715200903244755,0.057361443871361106,0.037268695888907126,0,5.292043925567115,65.46247611817073,0.10429507132132439,0.4639272198048292,11.23066362544447,0.01852181128496918
696019.762643,696024.762643,1225,38.52880959416876,3.416660916688343,3.3663047146948326,0.18491551234125123,10.392304845413266,1.6831523573474163,25.270643906483453,38.52880959416876,81.34083533074833,47.45949726745739,0.9988426680400928,0.9988426680400928,0.01597333746689992,0.014974682316533145,1,1.4497615077820896,10.791690457608379,0.019520921031825154,0.00029759023699929234,0.006346208538947499,0.017887576083064804
696024.762643,696029.762643,1192,39.558467694798466,2.8475960646711775,3.4624686119609076,0.126898718783117,10.392304845413264,1.7312343059804538,26.07144336887303,39.558467694798466,80.77323050445764,47.11350996786274,0.9983914056160623,0.9983914056160623,0.01928641595547849,0.017971639724185473,1,2.313787062493562,15.304756725348613,0.032037315745907784,0.00038452081969776367,0.007387816968863525,0.018426939832803486
696029.762643,696034.762643,1112,34.41187543325691,4.701244621776606,3.005060249393942,0.3151236447189674,10.392304845413264,1.502530124696971,22.575451527321565,34.41187543325691,65.66250678167256,45.42695278064653,0.9766192282421072,0.9766192282421073,0.050487101769282325,0.03530571465340288,0,7.027657395273013,44.61981860244218,0.12095538790773502,1.496769004333906,20.138058499167755,0.01991038747949009
696034.762643,696039.762643,1223,39.94020280100257,4.8422889900108315,3.5359710489214424,0.35880414730017945,10.392304845413262,1.7679855244607212,25.959790279686377,39.94020280100257,82.04940913364777,46.88630915135316,0.9991204067103414,0.9991204067103414,0.014610666842895803,0.010312547408601214,0,1.007256789165955,9.827692293515817,0.021013084882500043,0.00011904052393178865,0.0019071612050545052,0.018404555952432185
696039.762643,696044.762643,1023,38.74747365219104,6.720411624942656,3.429510442329894,0.5124434412186377,10.392304845413264,1.714755221164947,25.171039828027297,38.74747365219104,70.54175384643735,48.22357498530826,0.9779774568500674,0.977903485333472,0.05386338562467376,0.04191169204955001,0,10.87787401534088,98.7864689660122,0.10354206095951972,1.118892533953095,17.421572143569136,0.023100272675824457
696044.762643,696049.762643,1130,32.290798920648186,5.050598384948735,2.6085090541044647,0.3480036150467309,10.392304845413264,1.3042545270522325,23.243205598993555,32.290798920648186,69.36604918194033,59.36961224726626,0.9530876951784798,0.9530363958208804,0.07338369881616866,0.05360942754402284,4,333.52886581805564,6478.113749706807,0.13608549190171784,1.9580364752365973,22.98822381127539,0.020058997050147492
696049.762643,696054.762643,1215,31.457033939034414,2.772418162913365,2.5832120024418517,0.21130289107166406,10.392304845413264,1.2916060012209258,23.418352016089695,31.457033939034414,72.91741396048427,61.16646754719274,0.9662956604481888,0.9664048494211362,0.05914969205921116,0.03727379592763553,1,21.334254209603216,309.5270143081212,0.14107915577441,0.4492914026810007,11.02326835388047,0.01789040502490795
696054.762643,696059.762643,1233,32.26974496979019,3.491501147386114,2.790108933749743,0.1743122197373428,10.392304845413264,1.3950544668748714,23.11720741996148,32.26974496979019,80.96423001273506,57.954564026485876,0.9815202985845344,0.9815129883766452,0.042134058407353445,0.02699063687981347,0,1.088297603435067,2.6568492343954087,0.15266275287091471,0.0004944127723843715,0.009372485293328623,0.017543859649122806
696059.762643,696064.762643,1218,31.028334302702007,3.5670568086003613,2.7655487717789717,0.20716761393948951,10.392304845413264,1.3827743858894859,21.72466647196001,31.028334302702007,77.52802161839823,51.372393076783915,0.9989160310860097,0.9989160310860097,0.01348138657952646,0.010571033330709634,0,3.0489850137076324,25.736782459848897,0.011789924538890363,0.00031123146509517703,0.005626797891035741,0.017975974418805635
696064.762643,696069.762643,1166,28.207757168942592,4.098675174419462,2.5427853320003204,0.3174561012690696,10.392304845413264,1.2713926660001602,19.475346280932847,28.207757168942592,75.18124073695974,49.21681509449482,0.9941355154800723,0.9941355154800723,0.03613204441786834,0.03464979812548056,5,17.245937357027792,163.4127250807905,0.09662409893079728,0.9486988818613904,16.052787383693225,0.018988294062772713
696069.762643,696074.762643,1116,31.468047831846206,4.296739128217298,2.8362016512394237,0.307195459689092,10.392304845413264,1.418100825619712,22.028457347719435,31.468047831846206,73.78986809550834,52.26440510740457,0.9900587823830519,0.9900552394871995,0.03796751094523565,0.03232194079735145,2,5.491482317179478,31.58367535887114,0.11600239032525685,0.9981034318521713,16.474471628974786,0.019807583474816072
696074.762643,696079.762643,1160,30.923872526589083,3.6412618776201087,2.760510503686246,0.23495623473595018,10.392304845413264,1.380255251843123,21.59231388794133,30.923872526589083,71.4762282274759,50.10836369842314,0.9842966888191517,0.9838012579133197,0.04792613859846233,0.03938437943886106,2,4.462058409700725,29.750417457261044,0.07438339263317441,0.4773362877431378,11.397324669891477,0.018905021173623714
696079.762643,696084.762643,1004,29.522623140855714,4.301479043802717,2.6404585476174502,0.3206592157158133,10.392304845413262,1.3202292738087251,20.7573521688308,29.522623140855714,69.6055507508382,50.41075625005024,0.9675571848291413,0.9674579771823362,0.07461290044264743,0.06260249794260793,10,127.28007120499048,1478.3004525193037,0.1176997214798502,1.690277557689768,21.410590891132827,0.021842454742433775
696084.762643,696089.762643,1056,30.934776633834765,3.455671275955078,2.7383093364462243,0.27054352112696156,10.392304845413264,1.3691546682231122,22.395899286500583,30.934776633834765,91.0720141362495,59.37416336009319,0.9862020775221583,0.9862020775221583,0.045849553370527166,0.04191885539794844,4,47.90131413093278,553.4624368685028,0.1115495962492592,2.1251498950865666,23.977593783264822,0.020933014354066987
696089.762643,696094.762643,1195,32.010381931886265,2.9911088681392104,2.858618079023495,0.14729926601959464,10.392304845413264,1.4293090395117476,21.461361268332176,32.010381931886265,80.55214788774116,49.70709473906538,0.99745285756666,0.997431617661472,0.017242174381938855,0.01461630092196476,0,70.50701926709456,1647.51171726269,0.08116665280880929,0.45810181842269426,11.160186220062778,0.01816046392130955
696094.762643,696099.762643,1117,29.220311409976613,3.8975006249165727,2.5621402559659363,0.21255233444476893,10.392304845413264,1.2810701279829682,21.390324775337362,29.220311409976613,67.68796505860536,56.21549032896748,0.9493424551410442,0.9494128336887047,0.07335127108959849,0.04131642318315531,2,27.73532550251464,264.5605414290697,0.14343258637400122,0.9954530948720455,16.43595387432617,0.01980555686440811
696099.762643,696104.762643,1133,32.107575185027144,3.844684727978416,2.840350342889616,0.2393014033928905,10.392304845413264,1.420175171444808,21.635454019661765,32.107575185027144,76.47695079294182,47.67874566389181,0.9944054802983461,0.9945038009822791,0.032188973602349354,0.027092982359846304,1,15.235082604200016,117.42757674343602,0.07019224998403611,0.48749541212369085,11.504058790227896,0.01884455180316192
696104.762643,696109.762643,1102,31.72779888500516,5.042290596190901,2.7768090654197564,0.3151581812486496,10.392304845413264,1.3884045327098782,23.178637193591875,31.72779888500516,59.183687223722295,50.09531805720526,0.9498053061400074,0.9498053061400074,0.08016601743158139,0.0512182762705639,5,7.682033207423123,48.68167280608505,0.07208631921198645,1.0247127619925296,16.663256823550064,0.0213646639284236
696109.762643,696114.762643,1128,27.55432923609697,2.232006343567208,2.4060394604950166,0.19218935116409694,10.392304845413264,1.2030197302475083,21.298894520201067,27.55432923609697,93.64317463984113,64.7529545595437,0.9881809675020379,0.9881619895727224,0.04464787349041334,0.03893786636000633,2,68.85165152573909,881.5176497764108,0.07539540323019556,1.4687867952228164,19.937307077905004,0.01931690929451288
696114.762643,696119.762643,1164,29.775275334416616,3.335848930143687,2.632384378877495,0.1402984718682306,10.392304845413264,1.3161921894387476,22.610513180635763,29.775275334416616,72.95190549179304,59.81969877055724,0.9521718375959746,0.9521718375959746,0.07539038024022998,0.04783607362514028,0,20.973332358885948,280.17239445854926,0.10100542882743223,0.4767495895003484,11.379613599340477,0.019533369506239826
696119.762643,696124.762643,1107,31.957099845043185,4.6225103828290965,2.867499918463244,0.3093308215878027,10.392304845413264,1.433749959231622,24.45202056083085,31.957099845043185,75.93096067426507,63.615044009130344,0.9635331010727927,0.9634116106579467,0.06659015222007737,0.045037169672372805,1,35.1492360977208,632.3854432075019,0.08997370497732726,1.5178669143289831,20.266861127531154,0.02077687443541102
696124.762643,696129.762643,953,31.53610622468332,3.6317345258867197,2.829297714601921,0.3687857464136144,10.392304845413266,1.4146488573009606,24.111382938630346,31.53610622468332,89.25393764176098,65.12665946800476,0.9705891147641793,0.9702220694350806,0.059272675204032316,0.04521195204298705,0,9.043629990718603,51.758289341292084,0.14277815837135702,2.8785657209332793,27.83277524001326,0.020526131698606433
696129.762643,696134.762643,1177,31.379769727146947,3.5213308250750033,2.7694297911112638,0.2947438276168231,10.392304845413266,1.3847148955556319,23.225904351649927,31.379769727146947,74.10966269557996,58.24752702326218,0.968111743895896,0.9681510252765702,0.05461454549330948,0.034648134461833895,2,3.3993068845290844,24.592511255936625,0.09804991948931696,0.46789919187397494,11.256945071486262,0.018974794675729253
696134.762643,696139.762643,1142,29.91041250453367,4.856733489701458,2.6073122606048336,0.3639405637088525,10.392304845413264,1.3036561303024168,22.328761471279524,29.91041250453367,69.71970160367621,56.62320808943748,0.9499877740391502,0.9497018358754948,0.0759185628842264,0.0462182439881085,2,52.803553695334635,1043.058292863767,0.07356120374055568,0.484840869857589,11.46331699129692,0.01966387071005008
696139.762643,696144.762643,1185,27.132849540741354,2.870795466645143,2.379787907087852,0.2599036622104902,10.392304845413264,1.189893953543926,19.584440103242542,27.132849540741354,78.34017774707448,53.38515820381291,0.9939132534771876,0.9938325672968029,0.0326320959089945,0.030467639733556883,2,15.150403839512226,182.66577635235282,0.05810399582686208,0.4632159807327199,11.201210645452178,0.018787475016655564
696144.762643,696149.762643,1184,28.719794960791905,3.2943385583513223,2.5011516974057586,0.2714162041307081,10.392304845413264,1.2505758487028793,21.75721638916574,28.719794960791905,71.20733463188822,59.38298453839662,0.9476587649655815,0.947726207962064,0.07574067278316338,0.040666427341972955,1,16.600870368859717,277.12519861350773,0.09130563925406072,0.46399168827758347,11.210100018734755,0.018788525367472737
696149.762643,696154.762643,814,28.87065144065029,5.1404369161827255,2.5168975903325133,0.3426085699212625,10.392304845413264,1.2584487951662566,21.427959322516077,28.87065144065029,66.53974168326128,53.18005544382424,0.9511970248103376,0.9511443559241244,0.07159080930987773,0.047487710756566895,1,52.511483893149695,639.8005047902866,0.08023980976805839,3.183356229849776,29.23158057593483,0.024656235182550973
696154.762643,696159.762643,1097,29.169758935541523,4.24473593400394,2.453145895416168,0.3114197411082152,10.392304845413266,1.226572947708084,20.44213714705986,29.169758935541523,78.69054116001902,51.0805262015228,0.9900705398999098,0.9898184626723026,0.05078836636873183,0.05073999551327943,7,34.530794357692876,350.5552376976111,0.07086794175811396,1.0174146803485837,16.585054570905207,0.020710390378864206
696159.762643,696164.762643,1155,31.80844117843708,3.8566299804228823,2.663864340082856,0.2464653009709286,10.392304845413264,1.331932170041428,22.213082413306417,31.80844117843708,78.35660166422666,53.42292036869101,0.988930038305062,0.9888305646225065,0.03711134306378517,0.029332909212384094,1,24.93472923444807,334.6677848044204,0.09039631536989057,0.9498880469271553,16.026919253607456,0.018910913647755753
696164.762643,696169.762643,1212,35.52810348638139,4.052384225731285,2.9349852304214976,0.24083367627450245,10.392304845413264,1.4674926152107488,26.668331040994378,35.52810348638139,76.26467537976522,60.61566962501974,0.9618962647884571,0.9618878442892395,0.05367549911543355,0.02985201767474624,1,2.679990503516993,22.017245751705556,0.04376950956874001,0.4530619052555014,11.077818716435607,0.01884662150425569
696169.762643,696174.762643,1176,31.845091638761488,2.5227000114336318,2.6358412342642588,0.22839717301518883,10.392304845413264,1.3179206171321294,23.720980249818822,31.845091638761488,87.7593113231411,60.819192705339795,0.9881477730578024,0.9882190494110784,0.037302219120498116,0.027447720988319407,1,64.81224962973967,902.1958434660493,0.06559003768057386,0.0005163285874086711,0.009362372386858692,0.018796992481203006
696174.762643,696179.762643,1198,33.29896278845072,3.233250849336136,2.754792496703936,0.19012301180201197,10.392304845413264,1.3773962483519677,24.268417472318617,33.29896278845072,79.65811394937394,56.916847922785976,0.9862692660733607,0.9860344901552737,0.03404035384665294,0.026132495439089874,0,10.228009101812427,119.36843864652378,0.04507586960561836,0.4561202222273279,11.113389102065282,0.018246785578303018
696179.762643,696184.762643,1184,35.24954547041272,3.617141485565376,2.8977009617822045,0.23163388266003188,10.392304845413264,1.4488504808911025,26.158226180147906,35.24954547041272,81.00546847678278,58.70441763204695,0.9802240684685567,0.9800983182393732,0.044630874830749324,0.03383845778644979,2,16.85464484646094,195.41490310658241,0.047332730555025765,0.9281206828341096,15.84278266735611,0.01896633475580844
696184.762643,696189.762643,1169,32.298343562392326,5.064607867572607,2.6643676259938465,0.3423165133224701,10.392304845413264,1.3321838129969232,23.504164074375268,32.298343562392326,67.2454382920919,53.1060188130427,0.9576883115122432,0.9579292114100255,0.0650512541814799,0.03914284408718778,1,9.238129698168626,74.25099963357653,0.08249591177449427,0.9443096591571444,15.978483644927591,0.019524860054327436
696189.762643,696194.762643,1198,32.089495862875864,4.3827999422303625,2.6483432479781923,0.20695825622169658,10.392304845413264,1.3241716239890962,23.538824290240512,32.089495862875864,60.42398919879534,51.92936949186757,0.937853574663955,0.9377983760541685,0.07308998395446577,0.02765794433934415,0,2.6854001290836,22.793000513520813,0.026591780644113026,0.4605966776766983,11.171837121134685,0.01930117447207334
696194.762643,696199.762643,1088,31.468296956556234,4.3919927119113185,2.596933432943126,0.21568591622773256,10.392304845413264,1.298466716471563,22.937326314781156,31.468296956556234,58.59621314616999,50.74266279166359,0.941282452192538,0.9410594139941301,0.07203791482054771,0.03589419036585926,2,7.672426483095194,44.3112586670025,0.049524146080932675,0.5172084438835223,11.837249776043068,0.021510577915376677
696199.762643,696204.762643,1210,34.52034235241264,4.308270264112237,2.8637217974279436,0.2938779159788064,10.392304845413264,1.4318608987139718,24.56986236786128,34.52034235241264,80.16771060735076,53.012392526191555,0.9969627223453928,0.9969627223453928,0.020980989629338007,0.018719838244689795,1,3.8800469512794895,39.57561848379422,0.02586427749940579,0.4522358553141965,11.068064047957627,0.018413803102798318
696204.762643,696209.762643,1193,33.03186313378375,4.413991673931941,2.6976415929865016,0.2492002501462822,10.392304845413266,1.3488207964932508,23.72425389680339,33.03186313378375,63.109524009277585,50.80976189967789,0.9499092190308203,0.9487100599654446,0.08011043618928411,0.06034708365774222,14,6.465079990050433,37.91623375750229,0.07740640145370463,1.8490486994872186,22.3215912289299,0.020720283525242276
696209.762643,696214.762643,1208,33.327505838893586,4.932529579200862,2.699681343390701,0.31822023203460337,10.392304845413264,1.3498406716953506,23.626482766086717,33.327505838893586,72.62802341326643,51.97573268112781,0.9777840010774415,0.9774329931052069,0.05361598061062391,0.04026838417736001,3,2.791956229491516,19.61644010533293,0.08844047643587899,0.9085521561063216,15.66522351175179,0.01911235041245498
696214.762643,696219.762643,1170,37.2582136869131,4.229420873356012,3.0293123878697386,0.2414208820420972,10.392304845413264,1.5146561939348693,26.565422493280145,37.2582136869131,74.35994708970422,53.1080019031177,0.9795270326304093,0.9786580513348186,0.052260194494549016,0.044224151239338046,2,43.08546162172083,721.5930505683782,0.08564594210252748,1.8775356370809013,22.48425886879483,0.019523166891587944
696219.762643,696224.762643,1238,38.56196208142003,3.5623050186346523,3.178622497649707,0.286008201968946,10.392304845413264,1.5893112488248535,27.299938985358935,38.56196208142003,83.31999708264179,53.93491034064998,0.999689331938995,0.999689331938995,0.0035398251813285216,0.002493368168470397,0,0.37573086174312226,0.5373851080916052,0.013107260036670466,0.00020412291474628268,0.0037911815695781986,0.017543859649122806
696224.762643,696229.762643,1200,37.88824900266313,3.3074098969843804,3.1199837196724447,0.29005348052099683,10.392304845413264,1.5599918598362223,26.931042715234756,37.88824900266313,84.05904521868231,54.311973719854514,0.9974034169076587,0.997031714586106,0.028442112662651526,0.029977083154677828,3,7.747277688641466,87.33966247715087,0.02553152016444114,0.9084080845687208,15.672219235443611,0.018421052631578946
696229.762643,696234.762643,1211,32.02993778358958,3.6291504474621923,2.64170828071294,0.29844137363118495,10.392304845413264,1.32085414035647,23.00648634139215,32.02993778358958,82.12912629408208,55.34099134473453,0.998253946762213,0.998216025893085,0.01263004455024201,0.010710370892768672,0,5.8504665804050004,60.004175192784224,0.04695507106893076,0.4509375397282894,11.049105790210506,0.018326162226375186
696234.762643,696239.762643,1188,30.171624934413686,2.6460170624743973,2.412208704409386,0.14149049751523896,10.392304845413264,1.2061043522046928,21.903384464317824,30.171624934413686,83.31230744255606,55.77844053177054,0.9940956223871028,0.9941036478178743,0.0315317855674895,0.026591674465415133,2,41.989286275278126,660.3870665623456,0.06501757323242648,0.9171449570873627,15.744200542220446,0.018341307814992026
696239.762643,696244.762643,1230,28.989963709310626,2.3409792569636396,2.31736223237078,0.106694193724386,10.392304845413264,1.15868111618539,20.771713937703147,28.989963709310626,84.47150542491761,55.358157021777025,0.9963800114250749,0.9963800114250749,0.018995730901105637,0.013237339222440738,0,0.771524428798051,1.9634195991318395,0.04356380164446324,0.00023406969788342038,0.00413601634572643,0.017543859649122806
696244.762643,696249.762643,1144,29.978872203269955,3.0744943995315475,2.3683357847836,0.1654230370498672,10.392304845413264,1.1841678923917998,21.544498618628754,29.978872203269955,84.13060340961576,55.52780968626392,0.9861946213784271,0.986062484931493,0.04546590960587944,0.03993000158136168,4,59.32050594800926,915.3398313710879,0.07197701977408322,1.934142203026713,22.8286028161675,0.020120230646546437
696249.762643,696254.762643,1116,31.120347037166177,3.3722200764965153,2.4446174177317457,0.18909729802756645,10.392304845413264,1.2223087088658728,22.58764351125942,31.120347037166177,81.47164944330649,54.77402072675792,0.9865092519985206,0.9864142864892033,0.04833994793782221,0.04282479924023543,6,128.96698912151928,1541.4442521347971,0.05954261445634274,1.985240291206792,23.12666653927485,0.020184870779098283
696254.762643,696259.762643,1202,32.57308042417431,3.7843300228735863,2.5986493724873307,0.20019443629790895,10.392304845413264,1.2993246862436652,24.046459359690346,32.57308042417431,77.76196342844216,57.52155172658022,0.9763770635741309,0.976515596852715,0.0637627732110095,0.044433181039893896,2,13.553371640441636,126.33339198610996,0.07106316383719824,0.9101286796505835,15.677433953407883,0.018507166418542196
696259.762643,696264.762643,1168,31.822688516610206,3.4135860683428,2.4766040833484166,0.14866507724660752,10.392304845413264,1.2383020416742083,23.890595755951317,31.822688516610206,79.68661645343356,60.032267312286656,0.9816486528950822,0.981574909650475,0.05685724947479106,0.04898030280673681,7,6.155805429371898,37.209092104224254,0.07357944221104512,1.4211281036073664,19.58014792381243,0.01988704638308099
696264.762643,696269.762643,1206,31.60999006617065,2.551252933354132,2.4573800839387734,0.10509824238198945,10.392304845413264,1.2286900419693867,23.426935645293756,31.60999006617065,85.62151127341122,58.8084284044274,0.9929622745002012,0.9930669048000786,0.024608375153198345,0.01804224657893966,0,10.177218210451723,169.22253585702788,0.046494272362709976,0.4522163905526324,11.06466821112226,0.018067556952081697
696269.762643,696274.762643,1216,32.81367088387576,3.142274641312672,2.5389734426672077,0.14691998011379032,10.392304845413264,1.2694867213336039,24.081157599920886,32.81367088387576,82.38240800617821,58.925912671622704,0.9875236419011559,0.9874414838801722,0.03113419853763337,0.023803426294642358,1,3.1889690201078063,29.20703609592125,0.04534983336603666,0.44867031411782665,11.021576824961874,0.018149815327793167
696274.762643,696279.762643,1206,36.04751008407779,3.7437094594262628,2.8438975618204334,0.17906636754360128,10.392304845413264,1.4219487809102167,26.818364602992666,36.04751008407779,80.33687166512424,60.13037370502992,0.9698662829082415,0.9700950358805964,0.04458260087410642,0.02597100850081867,1,2.1818970808210376,17.314864930318528,0.017664906672176076,8.046757085512223e-05,0.0013616362763070493,0.018416688487387624
696279.762643,696284.762643,1216,37.27157597425779,3.205007242571598,2.9787610855927227,0.18945984372860386,10.392304845413264,1.4893805427963613,27.579774863131338,37.27157597425779,80.85003069824063,59.90684660932715,0.9808906556422767,0.9808389584877913,0.038408323372523465,0.02972906901234499,2,7.8136724723606905,86.8561749875729,0.032162157681045474,0.8966244896208839,15.573438739273048,0.018149815327793167
696284.762643,696289.762643,1196,37.86653221892136,3.4085175173058837,3.0437123065735343,0.19947281809629785,10.392304845413264,1.5218561532867672,28.115561051332985,37.86653221892136,82.17897669797075,59.95178455915023,0.9857494298435955,0.9856671757441671,0.03834153698467805,0.029934890021630384,2,6.497955278717825,57.11765297463707,0.0353074301159614,0.45740380028338207,11.131116744802005,0.018511999061198145
696289.762643,696294.762643,1233,37.27756771481374,3.7357552050939398,3.064812702863454,0.2002821915389736,10.392304845413264,1.532406351431727,27.113094860830273,37.27756771481374,75.99117695253096,56.44902934069191,0.9712974328510374,0.9712842036544843,0.03909910240044756,0.018763741107535835,0,0.8515795181819115,11.324042330892983,0.007396449256877915,0.00013299448593687014,0.0024843086591178204,0.017629231228923892
696294.762643,696299.762643,1175,37.17119382922745,3.7420233475930402,3.0382024715337357,0.2823501057910394,10.392304845413262,1.5191012357668678,26.53861789273154,37.17119382922745,82.7687347947767,54.98532884270648,0.9857162569987227,0.9853655656621553,0.0427293081601689,0.034711251592261544,2,3.3961729310934197,21.917315112986444,0.07502933983974948,1.4000494911713621,19.42726496804739,0.019245987308697275
696299.762643,696304.762643,1208,34.83291772510756,3.2484856217019558,2.8539378802504674,0.2926924750345751,10.392304845413264,1.4269689401252337,25.301232380221645,34.83291772510756,84.50942288838172,57.051546873542215,0.9933862392031562,0.9936013216041345,0.02691383810973342,0.021512741265968825,1,29.64500859487951,533.1449789118104,0.06640860537739927,0.9031999560120985,15.614783685443962,0.018328105030788893
696304.762643,696309.762643,1162,34.05638636883676,3.3915086210303103,2.79556813220166,0.2911343283916535,10.392304845413264,1.39778406610083,25.361821678291086,34.05638636883676,82.73929393337836,59.67133164827764,0.986089978716618,0.9861252889513425,0.0481577684005922,0.03611619474003968,1,130.8815684870636,2321.799852918162,0.06362513699858685,0.9419806201098005,15.950577299949883,0.01863091463598756
696309.762643,696314.762643,882,27.626280396263194,4.0847509974337495,2.23480463636505,0.29654468813585744,10.392304845413264,1.1174023181825248,20.63207065791486,27.626280396263194,78.9432938089653,56.44237464462158,0.9701996673856659,0.9692678126197829,0.07662676436007551,0.07362970906998238,10,27712.539393168696,577413.0512574435,0.10327869589854459,3.265735286271075,29.57108443717695,0.02506265664160401
696314.762643,696319.762643,1177,29.286258195653353,3.9439296170810545,2.3009890161671427,0.2140051311136337,10.392304845413266,1.1504945080835713,21.035608633172107,29.286258195653353,70.75193526534439,52.890534813862324,0.9789602687757974,0.9788519693667908,0.05618264923892905,0.042371971979706345,3,5.6638715369285135,36.12094602824267,0.08660839270828884,0.6978400776907274,13.723624847359849,0.01879592779740345
696319.762643,696324.762643,1131,30.55968936831685,3.3568052017168846,2.463664626071768,0.213610843221183,10.392304845413264,1.231832313035884,23.280382650811347,30.55968936831685,86.31222691619809,63.24515897198352,0.9691266723815702,0.9689043726228179,0.06573601168042162,0.05454823762018038,10,41.158327677330604,500.29598480251644,0.11629780336867966,2.6738098979053655,26.807247761665526,0.019963702359346643
696324.762643,696329.762643,1095,31.102287469560466,3.505904369508306,2.5919719353291475,0.2710231422002655,10.392304845413262,1.2959859676645735,23.06203526718957,31.102287469560466,83.6454492141347,58.59083847536108,0.9767475710189051,0.9769797132831735,0.06152540928850754,0.04984293304789905,5,90.51679111017809,1485.762670784833,0.11674168900294479,2.020888151568296,23.377927382469824,0.019947128094208122
696329.762643,696334.762643,1216,31.004217150400706,2.746931576214904,2.582337196518285,0.232275304197596,10.392304845413264,1.2911685982591425,23.12675468479937,31.004217150400706,90.37314534720032,61.366934404042674,0.9896390407422956,0.989699508782695,0.033538223030812275,0.02713151370798193,1,685.6544712841505,13367.06197468632,0.09005246944762801,0.8985260992841585,15.619955465949676,0.01797668513388735
696334.762643,696339.762643,1151,34.30597349478833,3.600014306074301,2.861565079115627,0.2957275561316495,10.392304845413264,1.4307825395578135,26.721479590277205,34.30597349478833,87.04837277171434,68.68642805006449,0.9812937864097241,0.9812437723875914,0.057232788235842116,0.04796239899846815,5,9.714034973420903,89.38728498571997,0.10066271848062093,2.397169021964502,25.442865588920476,0.019281479110460773
696339.762643,696344.762643,1214,34.03019071959585,2.2531212266693315,2.9450029947609355,0.27450040766753786,10.392304845413264,1.4725014973804678,25.73291826555039,34.03019071959585,98.6904918199158,63.883865522761646,0.9763029842408613,0.9763029842408614,0.06524312250405902,0.047287402415947394,1,3.1060028271160935,28.790969158765137,0.03316445655957211,0.9034092443470644,15.680523523988128,0.018064105899014422
696344.762643,696349.762643,1208,32.064927689278726,1.8203266548520525,2.73459230536999,0.20457988167870997,10.392304845413264,1.367296152684995,24.320236629333078,32.064927689278726,98.8915392875805,63.65655172674349,0.9823592350768319,0.9824286733233423,0.03934826681348935,0.03057067223808385,1,1.7533466714646706,15.557771824388452,0.024684927887831207,0.4540682659609088,11.112364163400919,0.01797955152782619
696349.762643,696354.762643,1138,28.979126588516774,3.7279945042595206,2.4529372444686413,0.28367203966700466,10.392304845413264,1.2264686222343206,21.47434646884836,28.979126588516774,73.46594137776287,56.94519839738239,0.9588982214838507,0.9579627906103844,0.06515465760080028,0.045568899221954326,3,7.698338380378337,51.10718061238331,0.10709914550729942,0.9752632797156571,16.277016333287023,0.01967132241852434
696354.762643,696359.762643,1207,28.824540452763316,3.7918342006176218,2.3955353706875155,0.2743825349797073,10.392304845413262,1.1977676853437578,21.697534112881254,28.824540452763316,64.12311446535186,55.40415156827088,0.9424037620277195,0.9423744799051997,0.07220499441953032,0.033214987011266746,2,2.2610450316662742,18.558616948688943,0.035005934326777004,0.9075287850283104,15.702445293997629,0.018241544208491403
696359.762643,696364.762643,1166,29.04780625063404,3.9449900125034536,2.420845061060332,0.2839305924762604,10.392304845413264,1.210422530530166,21.208060982846334,29.04780625063404,58.49600949575594,48.81502437040064,0.9402810799410155,0.9394731152687473,0.07789870396377549,0.0473408182224308,8,6.329668839942675,38.10302194692525,0.045217650717068514,1.4304348570144527,19.695837709569,0.020523005627275735
696364.762643,696369.762643,1187,29.317164342103712,4.29206910404998,2.41359925289501,0.31555268713819806,10.392304845413264,1.206799626447505,21.493740624947687,29.317164342103712,61.599187971515846,50.766716725198506,0.9468140049020148,0.9466719488938662,0.06827836599051865,0.03475032929223911,2,5.39976941051081,35.10450668838968,0.03380114125770858,1.3928143603346874,19.42820735201832,0.018874059622518806
696369.762643,696374.762643,1178,30.483153399723257,3.542039949808211,2.4101703744885645,0.24671276372816117,10.392304845413264,1.2050851872442823,22.936865536147014,30.483153399723257,79.16605885273665,62.823192731365715,0.9641010368511971,0.9637432849905518,0.06896944996173815,0.0556524806965676,10,7.7307272985352755,47.534215421857525,0.11133674834744235,1.4275917165258831,19.648958080166633,0.021207517945968486
696374.762643,696379.762643,1064,28.97318331772684,3.9010884063380407,2.2745558466238522,0.2457928096104234,10.392304845413264,1.1372779233119261,21.463792545732737,28.97318331772684,70.06867071700502,56.16866188555473,0.9452562126363715,0.9451536758662115,0.07624800008389451,0.04903776065975793,7,45.06306658092008,472.3759319172932,0.07450904963872922,2.633576055205621,26.630810333299294,0.02140218968473816
696379.762643,696384.762643,1116,29.884950199072033,4.035521762631782,2.349296259518509,0.29179252004031675,10.392304845413264,1.1746481297592546,22.326997176443495,29.884950199072033,74.94746275717654,56.782004976071036,0.9735842868121274,0.973877433616207,0.057811934669473236,0.04489688999298688,4,53.50618933339833,628.6583470606946,0.07001203973040838,0.9999678048480323,16.461693810792998,0.020279192605168837
696384.762643,696389.762643,1208,29.733346737404204,3.940358244098655,2.334218060542653,0.26973795345907225,10.392304845413264,1.1671090302713265,22.03014662432743,29.733346737404204,70.75403676550974,55.724980175979525,0.9549716442235067,0.9548333166907219,0.07013166363719044,0.04142064202784682,2,3.2665832383742552,25.891608517650926,0.0715101497159822,0.9082225761946,15.690959849721649,0.018676658533751597
696389.762643,696394.762643,1204,30.802223252970048,3.3622991324131073,2.402283917014167,0.21197330838526268,10.392304845413264,1.2011419585070835,23.047616821500228,30.802223252970048,81.30189756879133,62.91061666016048,0.9627618789204753,0.9620615419979006,0.05940730888323073,0.040634436725729625,4,4.8481211164669356,35.31994369935334,0.13366400266663414,0.909489911242979,15.691478199796988,0.018505566241184355
696394.762643,696399.762643,1155,30.212735610897564,2.1377527330537336,2.3323946054632447,0.17454704608257607,10.392304845413264,1.1661973027316224,23.32741398471635,30.212735610897564,97.37298754253858,66.31276561545471,0.9767185539326982,0.9768228575676997,0.05632772211038115,0.048659829173007346,8,68.11699424286294,772.8809331821822,0.054746066303570866,2.1468732732035725,24.07519258346023,0.01973114604693552
696399.762643,696404.762643,1156,29.639223020805478,3.5251877042054365,2.2771969016537374,0.2088341819409621,10.392304845413264,1.138598450826869,22.925477207779576,29.639223020805478,80.10096840942585,65.38654366731518,0.9599472715276793,0.9590135525900392,0.07525455873135933,0.06480896158315178,15,57.86665932803461,529.67508364714,0.11567156048295905,3.360622719182724,30.027663051759383,0.021550415831967464
696404.762643,696409.762643,1203,31.832652425411474,2.339123238482808,2.4528017354434484,0.13869133584673066,10.392304845413264,1.2264008677217244,24.339749892931348,31.832652425411474,94.58503903494274,64.37391590253097,0.9916102148421447,0.991598212813993,0.03693409798789321,0.03150635896616757,1,3.405976709815478,24.913171737117633,0.05215006313524274,0.908566703714861,15.68314328408068,0.018156363477271734
696409.762643,696414.762643,1161,29.946125721387865,3.549922365521143,2.3063996366970745,0.21469011381840153,10.392304845413266,1.1531998183485372,22.663732636823905,29.946125721387865,82.87365854892643,60.94630785069692,0.9812442577254038,0.9802477821858709,0.0539758381120175,0.04735796745809581,3,27.76776661931824,448.8698102296653,0.08507455062119111,1.4163440963609997,19.556256713084913,0.01899451471054898
696414.762643,696419.762643,1172,31.50498693548467,3.168369925550412,2.4456293094389276,0.20357763991054317,10.392304845413264,1.2228146547194638,23.462350433369643,31.50498693548467,89.36878613627718,61.02388058263652,0.990645988804194,0.99069291721471,0.04516476112709356,0.04278370967951308,8,15.302027964601047,211.47956938003964,0.10063638416748316,1.4008432152145884,19.45173183718592,0.019519789234177593
696419.762643,696424.762643,1090,28.44574317149588,2.701323320670529,2.2175960332922644,0.1607416484413572,10.392304845413264,1.1087980166461322,21.21236289170787,28.44574317149588,89.54263435440897,59.22720259637136,0.990117239794869,0.9901644308835492,0.0520100692956438,0.049737269052092456,9,17.519226444208954,99.74853022497219,0.09441682156050984,2.033992940571938,23.411227563811767,0.020634154192821504
696424.762643,696429.762643,1097,29.451659102864625,4.090768579163165,2.4248903159409587,0.24659259756294807,10.392304845413266,1.2124451579704794,21.696101268287762,29.451659102864625,68.22046240632216,58.93279721573667,0.9564910983240705,0.9553216139846539,0.08544582394866652,0.07218179525756603,13,56.25229075119624,615.2167572376262,0.1438132239372167,4.644852045851024,35.22839242024822,0.023109277295334966
696429.762643,696434.762643,1230,35.412379279993715,4.7454361670800385,2.94775157013904,0.2794375557400235,10.392304845413264,1.47387578506952,26.992812022199093,35.412379279993715,65.1402226758847,62.37933071048721,0.9471795215615997,0.946942881322022,0.08030863685013467,0.06796754120434631,2,9.620467256521657,116.98357439567934,0.12778203540381597,1.327871034008535,18.953247719152554,0.017800599058622166
696434.762643,696439.762643,1188,33.31313375572756,4.8494567144890866,2.7784972787681004,0.16666292515938688,10.392304845413264,1.3892486393840502,24.960415457724462,33.31313375572756,65.06721504820008,55.50970495229729,0.960287940053067,0.9599812278686056,0.05746613493807298,0.03633807354859473,3,3.8635435439380537,25.7384747857774,0.03419945225049529,1.8574491270127382,22.39129536982514,0.01975899344320397
696439.762643,696444.762643,1198,33.097626486779376,4.691586142041433,2.8011187769769776,0.17609734772361785,10.392304845413264,1.4005593884884888,24.414932922242745,33.097626486779376,63.95559237713799,53.02787530408931,0.9644413710859299,0.9643032362812504,0.05600458607944475,0.03664630434309728,4,4.083948175445516,32.950097881507475,0.03559150110341862,0.9219980697080057,15.811221069894975,0.019476905954368393
696444.762643,696449.762643,1201,31.859993395447066,3.643020281323591,2.7077538393785354,0.12910617569535018,10.392304845413264,1.3538769196892677,23.747963886755475,31.859993395447066,75.92300923840075,58.285932856601384,0.9732300474287764,0.9731329009706071,0.0517872887161128,0.03300372004878308,0,4.6157623313067555,34.6889357399869,0.08918502437969318,0.9144443463713954,15.741384875113047,0.018595614765473216
696449.762643,696454.762643,1202,33.18252756592756,3.8866926545693645,2.850118984015387,0.2120854007983188,10.392304845413264,1.4250594920076936,24.501903778504975,33.18252756592756,76.08934420843913,57.16823289556567,0.9776901176491887,0.9774729259695558,0.050323748819151165,0.037755294932556,3,21.173559867010713,313.4789708609592,0.09017445477746057,1.8236361351758337,22.20123549831009,0.018507166418542196
696454.762643,696459.762643,1167,33.037289253733334,4.3602531779716305,2.8840372189112764,0.24719088279235382,10.392304845413264,1.4420186094556384,23.863416928271434,33.037289253733334,67.87686399415554,52.3031670712409,0.9687765844736754,0.968335895258445,0.06523954811299057,0.05015879876600137,6,9.463611016966789,65.93340231082156,0.08644690497560693,1.9010366525446547,22.681811458913344,0.020159653632796645
696459.762643,696464.762643,1194,33.75801751205159,4.156113749429552,2.898601505477142,0.28871221903541905,10.392304845413264,1.449300752738571,25.244116458489522,33.75801751205159,75.87938116805826,58.93090008590532,0.9796998588929796,0.979512681816339,0.04381730537256134,0.02935454854102943,0,7.15476164167318,65.28289550991853,0.09783794216108195,0.9209923848275997,15.817140549840202,0.018601780833994535
696464.762643,696469.762643,1182,32.25981496394159,4.212224799075388,2.7424758734469017,0.2725286678433862,10.392304845413264,1.3712379367234508,23.48843665901781,32.25981496394159,69.29158447875884,53.410485794816424,0.9608923242683959,0.9605515018830203,0.061107559627463955,0.038983801687365836,4,20.402701890606696,328.48058958394097,0.06957512439464035,2.336407291333365,25.125324135829366,0.019503072401816725
696469.762643,696474.762643,1179,33.00347434086069,4.077364963320695,2.7601871196185352,0.2829826048820192,10.392304845413264,1.3800935598092676,24.01126675126203,33.00347434086069,66.30618330079169,51.934124130946145,0.959276084298677,0.9586582734037349,0.06226802189887294,0.0385368087023709,3,7.273601490492283,84.68566102450727,0.045510094323400176,1.4077330611663994,19.536993401115218,0.01932949421900808
696474.762643,696479.762643,1177,32.937515626536204,3.4603491478052284,2.7135337916106863,0.28935104155618147,10.392304845413266,1.3567668958053432,24.25433677789975,32.937515626536204,80.63625389173994,58.32870517591339,0.9745078785361031,0.9741495254168778,0.06828400681635412,0.05090170925011033,3,23.80021058345041,410.5323086668811,0.09783505186116113,0.9394777740211888,15.974182423073904,0.019511395310706673
696479.762643,696484.762643,1200,34.067162747455704,2.9808303452681773,2.782820794097214,0.2810251931418797,10.392304845413264,1.391410397048607,25.553920262330145,34.067162747455704,88.79401635708012,61.72124344438893,0.9985946516604792,0.998591007045977,0.018264080282663877,0.017095967737077736,1,2.7830730012691642,25.98580611696172,0.027601087821731037,0.45723495703447203,11.147723182114381,0.018333333333333333
696484.762643,696489.762643,1199,35.50516672139911,3.399937609638551,2.8864518023596286,0.2975479659814005,10.392304845413264,1.4432259011798143,26.52699568878748,35.50516672139911,87.16968568528385,60.83616371985693,0.9979208342086425,0.9980024253772487,0.022786771289217335,0.02208455510162272,2,2.1373360070573217,21.5812090762352,0.03531547884151124,0.4558687536835263,11.130638329893838,0.017982821942261827
696489.762643,696494.762643,1181,36.01952618672916,3.5952168799895468,2.9570329330029805,0.2963933614495326,10.392304845413264,1.47851646650149,27.25011370766839,36.01952618672916,85.468202454124,62.67898386885915,0.9874255998413028,0.9871313179952915,0.04519827679521924,0.04183310959835891,6,10.64401623237357,81.41939574780145,0.056540832896493594,0.9358863574139625,15.939532069342679,0.01977212294071334
696494.762643,696499.762643,1218,35.995397025068655,3.3298515776630335,3.004402039265577,0.2678830795031869,10.392304845413264,1.5022010196327884,26.104862365417713,35.995397025068655,86.94483088043887,57.63204893943777,0.997695542735621,0.9977412043689007,0.01581050544174315,0.013692635465635853,0,3.0766800530831326,35.82754790797118,0.045773709739777464,0.44874540856730566,11.047979528991412,0.0180623973727422
696499.762643,696504.762643,1173,33.23804215638548,3.924329169033475,2.7740580369657653,0.2927777417785326,10.392304845413264,1.3870290184828826,24.455076990271213,33.23804215638548,82.05367195292725,57.96752179703737,0.9851347831586775,0.9850083960627378,0.04239558053241391,0.03180231615201262,1,40.589712627029556,384.2031142866252,0.08470991594903497,0.9382897104601883,15.960850521505858,0.018800197424507562
696504.762643,696509.762643,1152,32.19658623519137,3.8217893392292903,2.709685841407999,0.2693292230738356,10.392304845413264,1.3548429207039994,23.092015472148333,32.19658623519137,74.02354201487837,53.444519426381746,0.9679327462780074,0.9676299345282793,0.061213636417958545,0.04541318292514249,4,8.642477481584201,60.70625478332171,0.08519832021237267,0.48436435227697744,11.478193335773808,0.0201937134502924
696509.762643,696514.762643,1193,33.60172499240592,3.2715024625362865,2.8155916037440067,0.25051808054889396,10.392304845413266,1.4077958018720034,24.121063202212277,33.60172499240592,80.5936482826565,55.380296099552716,0.9784997717344387,0.9784962055172352,0.049831461306936754,0.03440522889232505,1,3.765143930833467,28.70291499800973,0.08037236818868844,0.4602057074926849,11.187756498974833,0.018337965618152673
696514.762643,696519.762643,1120,33.80472445370299,3.8843703826785516,2.8417623432812817,0.30554154660326677,10.392304845413264,1.4208811716406409,23.822271143108765,33.80472445370299,82.39852910512276,53.13656786437728,0.9858444105917381,0.9859761501275908,0.04861481003800316,0.03967063310968948,2,106.66870299330874,1924.0918880282945,0.07754013886372839,1.9811752166635381,23.15066968159501,0.019799498746867168
696519.762643,696524.762643,1127,7203899.956101656,241839726.4446273,2.8183766218008137,0.28379736164658104,10.392304845413262,1.4091883109004069,22.48226189198417,7203899.956101656,86.11915915605609,51.1324821746917,0.9945428339496106,0.9944131550559292,0.033176393058606486,0.03150097916708727,2,17.825530156435814,154.20930711109085,0.09432962103851611,1.9650897688364184,23.055029221747397,0.019785488566135837
696524.762643,696529.762643,1217,33.31277589526039,1.7964159048401873,2.8777751340975395,0.15983197220510745,10.392304845413264,1.4388875670487697,22.246551873315894,33.31277589526039,97.19813050385913,50.43947588254458,0.9991580081370954,0.9991621166005302,0.012722688764405427,0.01261033822706581,0,1.3983160521191569,8.97107264642492,0.03681581749381236,0.0005563226977890522,0.009357361954119974,0.017803341550260202
696529.762643,696534.762643,1208,32.143087176931466,2.590312163653613,2.7879482115623326,0.20605869202879773,10.392304845413264,1.3939741057811663,21.81075214335356,32.143087176931466,91.04529517827885,51.21939975630563,0.9992676574441431,0.9995106302727603,0.010103038159457591,0.005391215021948117,0,2.310019811792003,23.361666629744025,0.0505681115787081,0.4528819905066677,11.097587666407398,0.01789241315208551
696534.762643,696539.762643,1124,35.70975911120293,2.9215345318705164,3.1116474132118976,0.2238157451004019,10.392304845413264,1.5558237066059488,24.613659798629786,35.70975911120293,86.9344100661043,52.55282600082561,0.9945822771340717,0.9945959016368225,0.04233376125670254,0.03876074066191922,6,5.380039709731469,38.03338443747855,0.0368813979483107,1.9659302865641721,23.069843509407328,0.01932321907972779
696539.762643,696544.762643,1187,33.94464103272303,2.405717470172952,2.9514825012942563,0.1887192557651021,10.392304845413264,1.4757412506471281,23.31273534882574,33.94464103272303,89.52692530459909,52.55965882391894,0.9965666669482394,0.9966547832301789,0.03327893492679931,0.029391637930919347,3,2.927024123482542,20.87267872591035,0.055762834072223176,0.6917163596995578,13.715829692805903,0.018341979633160407
696544.762643,696549.762643,1142,32.24291043709396,3.702471643856058,2.7869494172117237,0.25156065970010083,10.392304845413264,1.3934747086058619,22.710828558315157,32.24291043709396,77.40407893107817,52.710148715395384,0.9781300727784605,0.9779999312666716,0.048341300829990524,0.03556340698661332,2,8.962146807956866,76.442950464675,0.09381924017664343,0.7282179671428739,14.070970033615174,0.01947952192214336
696549.762643,696554.762643,1118,35.37843977820627,60.29478193982171,2.9260927855904337,0.31497527663482067,10.392304845413264,1.4630463927952169,23.49208859281585,35.37843977820627,73.73894517537887,51.90063003443081,0.974123687435558,0.973936800999073,0.05585940225095437,0.04126916421447469,3,48.73064132316252,919.9426163258196,0.10327711867876828,1.0048667780674398,16.51637278144413,0.020933370994570506
696554.762643,696559.762643,1025,117948063.19238508,3776179484.667405,2.746573130879211,0.3612163519164046,10.392304845413264,1.3732865654396056,22.48988337134232,117948063.19238508,84.00866902594028,52.441205508091514,0.9805231495047995,0.9806127089279605,0.06853042440060138,0.0608143129484796,10,87.13393394986375,752.0373279476025,0.08607012893392955,4.695572322957573,35.46032714748414,0.02267864783910997
696559.762643,696564.762643,1182,32.90021796075465,4.1152695540476945,2.811766509290899,0.2846288319130094,10.392304845413264,1.4058832546454496,23.991731953699286,32.90021796075465,80.36797355861944,56.3113398832596,0.9858011410462565,0.9856997341622203,0.04403046280171051,0.03694664907907837,5,25.527856753203338,222.8148594954492,0.07342465160900537,1.3973134737468567,19.458870251691014,0.018879686525959567
696564.762643,696569.762643,1157,34.5966919765723,3.6488010955199104,2.934005672733529,0.27422784737984524,10.392304845413264,1.4670028363667644,25.589216012959582,34.5966919765723,88.37923157462981,59.15185165559196,0.9952389433481502,0.995419619339212,0.03394009217960811,0.032475004822408934,4,49.38655339727277,791.5893032710112,0.03673522136893536,0.9611137636620652,16.138625087282612,0.01972736508514155
696569.762643,696574.762643,1182,32.47076781376402,2.736786754734612,2.7867850089739146,0.1990999008536234,10.392304845413264,1.3933925044869573,23.202763510399087,32.47076781376402,91.17371062582674,55.201556823244964,0.9978882043629593,0.997937576965023,0.023416268294835427,0.022321143957021318,2,51.54671335512689,859.6647995740773,0.04477368305733726,0.9312704414627524,15.901909611407156,0.018879686525959567
696574.762643,696579.762643,1165,30.593459859594674,2.3436892107241767,2.61985751037823,0.18340972833283506,10.392304845413264,1.309928755189115,22.126551301568803,30.593459859594674,91.96051899254616,56.162461857807884,0.9969740362389073,0.9967641250427431,0.027428435195954337,0.027409589792199467,2,13.10218514951932,138.8799320131355,0.0523188757747601,1.4112550290789672,19.558349394982592,0.01853776071078985
696579.762643,696584.762643,1180,35.28019297530795,3.259930820805056,2.9898275029800554,0.26367217785208763,10.392304845413264,1.4949137514900277,25.00263509020411,35.28019297530795,92.70627715102825,56.05577981765934,0.9948969469996696,0.9947629631562478,0.03940528290908012,0.03884812672407515,6,45.23117925009604,782.0876117990875,0.06345165647385052,1.8635149017865944,22.455623749215924,0.019149568837347607
696584.762643,696589.762643,1170,36.69883422719099,2.97736759525153,3.0671567007138343,0.21015580301915313,10.392304845413264,1.533578350356917,26.502206910074413,36.69883422719099,93.36432183107021,57.559750965856686,0.9966602361618938,0.9966528251847345,0.030369375735162997,0.029789595066936854,3,5.816288361368582,42.56396700844613,0.04316527537018061,1.4117026113623625,19.547626280492512,0.01907332433648223
696589.762643,696594.762643,1103,33.949090629628905,4.122844336992472,2.847572842973711,0.27569217039138993,10.392304845413264,1.4237864214868554,24.872233908111582,33.949090629628905,85.98552930712815,57.5714356033527,0.9858246795041552,0.9858373048341631,0.043114865717151014,0.03508497683984637,2,163.786980695038,2959.3771708811414,0.08097786917620149,1.0082852516769423,16.519655554543146,0.02059773186365733
696594.762643,696599.762643,1088,30.645316932535138,4.047473895409333,2.459744532582743,0.2847439292882151,10.392304845413264,1.2298722662913713,22.701841930257874,30.645316932535138,80.54449681148397,59.81064866039432,0.9575369914509144,0.9574105716681406,0.0814828725570033,0.06448083048838156,12,94.45831753422483,1365.1861732767143,0.14533896890186035,4.6222839026869895,35.128023040749916,0.022284571723426214
696599.762643,696604.762643,1098,31.99308762571493,3.554276160919584,2.5025262607568535,0.19410246295359218,10.392304845413264,1.251263130378427,23.831322115343053,31.99308762571493,82.79790724059751,60.831477001994514,0.9733064571836588,0.9731648538332702,0.05410896943861155,0.04203472192857017,2,44.34283185395092,658.546197234153,0.1156869343332319,1.5069020008746834,20.161330393024063,0.01974882561595245
696604.762643,696609.762643,1132,33.04100532972049,4.085383841200914,2.545992204372149,0.20077857181744577,10.392304845413264,1.2729961021860745,26.118600121562118,33.04100532972049,112.9254720488643,73.96146692266312,0.9276018722563177,0.9275419509336712,0.09575710184368921,0.06170144452940886,12,12.970458205213019,69.87146773132625,0.13168507639419225,2.954288467457196,28.144151403189515,0.021914326452172835
696609.762643,696614.762643,1238,36.706235401226756,5.423007006491217,2.9482256315198807,0.1524469247580269,10.392304845413264,1.4741128157599404,25.02586482922299,36.706235401226756,79.04784763199761,62.50650247303496,0.9538697476205842,0.953887187796675,0.05674233464423406,0.02864558184134241,0,0.5813512523032202,1.187067879344884,0.04392845884578069,0.0012891126812262597,0.02627923270775171,0.017543859649122806
696614.762643,696619.762643,1138,32.66714763096172,5.737835633286105,2.8194748825804736,0.32607802387222556,10.392304845413264,1.4097374412902368,23.040340656262536,32.66714763096172,60.77026034413175,51.91563802317627,0.9516779630850322,0.9514162170709999,0.07559470565639882,0.05380509794627938,10,20.934331540139873,241.52670176798452,0.11768122941831553,1.9555397091504385,22.969982447361826,0.020873801375142602
696619.762643,696624.762643,1171,31.7930170426154,3.4842734382321057,2.86496247742056,0.19497710465481735,10.392304845413264,1.43248123871028,23.021209191902315,31.7930170426154,56.33982351278125,49.59791152866584,0.9744990985969645,0.9745202120345374,0.05313259709132234,0.03768411198940825,2,13.293512546476599,119.1936455031475,0.2050401815626897,1.4117112345683387,19.53743845141214,0.018892234856997318
696624.762643,696629.762643,1200,36.713647293675855,2.473727614074678,3.161420879057773,0.2211709450306463,10.392304845413264,1.5807104395288865,27.775884751960707,36.713647293675855,32.82876325462357,29.41043853330616,0.9719187173526879,0.9718079804894664,0.0633379594907636,0.05061070370925832,6,3.9256055987457112,36.23216095647028,0.03355968558885985,0.9213499074615635,15.828904003371656,0.018859649122807017
696629.762643,696634.762643,1173,31.490998485305706,4.644637472145137,2.697616235301568,0.30142503903574436,10.392304845413264,1.3488081176507842,24.507178529796583,31.490998485305706,88.62904587988317,69.59579964452604,0.9406757780733319,0.9406757780733319,0.09062961458442759,0.0658787655831276,16,8.85149301654428,42.60668106167072,0.1606611989696642,3.781858996135963,31.865789086131187,0.021312872975277068
696634.762643,696639.762643,1077,31.546791393073164,4.55160692229404,2.7654253392281447,0.2782827414423896,10.392304845413264,1.3827126696140726,24.178729302951186,31.546791393073164,92.72033573313911,65.81599778235761,0.9450405374778468,0.9448883478945888,0.09672648477877199,0.0782369401617594,16,15.443204506962008,57.318780657294646,0.18397321347020582,6.013529694628552,40.0420423609336,0.02291941553046963
696639.762643,696644.762643,1185,29.987741623024867,2.8465522893811848,2.651098809594884,0.16352738403108727,10.392304845413264,1.325549404797442,21.827235089237714,29.987741623024867,93.26529977265449,58.477219737457276,0.9894682601787074,0.9894682601787074,0.0352524545324696,0.02958161727378268,2,9.54568183875063,98.17158383216774,0.0857366640511003,0.46547790861977834,11.237376435099751,0.018520986009327115
696644.762643,696649.762643,1139,30.1051084616715,4.25970334900786,2.6710762373782804,0.19232302259366535,10.392304845413264,1.3355381186891402,22.140126247681806,30.1051084616715,66.53716599828358,53.637080182731324,0.9491069379297838,0.9491025481141561,0.0766351126458791,0.0521823644409949,11,8.235858392029154,45.22494720642746,0.060261293791218175,0.9831231648995221,16.329681488442084,0.020686043466876147
696649.762643,696654.762643,1194,30.943414212781253,3.9069582530489932,2.7720529665997016,0.18851737745020036,10.392304845413264,1.3860264832998508,23.39491418378626,30.943414212781253,69.67677387202905,58.606707027547564,0.9492919983810011,0.9492961859856913,0.07202552132881254,0.04083951663935621,3,4.286306592285331,33.98891927196333,0.09891914232794896,0.924896286506378,15.85684646782013,0.018866261130212465
696654.762643,696659.762643,1172,30.33581674180549,3.2797719385056228,2.618228717164146,0.21727604715512785,10.392304845413264,1.309114358582073,23.075267747804975,30.33581674180549,87.92214164665876,64.9563807817754,0.9446839367229936,0.9447630460284133,0.07806502264402476,0.046771681867455124,6,5.723721632463851,29.972479673028186,0.14138572027207655,1.8893443224075275,22.607344499252804,0.019609604215316448
696659.762643,696664.762643,1153,29.204682492508176,3.943029052153671,2.417441856587528,0.16854824295441184,10.392304845413264,1.208720928293764,22.4485532601659,29.204682492508176,69.85176818990348,61.18417927792232,0.9455329415861223,0.9454776169614014,0.07184103161760082,0.04119425762715683,5,4.889540544167387,32.2423321785456,0.03320219445602125,0.7210714779292362,13.978224831763466,0.02000882518525281
696664.762643,696669.762643,1114,29.355651448720224,4.066611820253469,2.40207753020311,0.2159597601827912,10.392304845413264,1.2010387651015548,22.07947329524664,29.355651448720224,72.25982304084378,58.78925354280092,0.9543553540332017,0.9534176244873347,0.0692643269708945,0.049706365056094194,4,39.05224086935208,594.899684735175,0.07630386877762659,2.729763066493342,27.116764971740473,0.02037859460140477
696669.762643,696674.762643,793,29.97933551510892,4.645557301251551,2.28417052325329,0.3186197647844842,10.392304845413266,1.142085261626645,25.182041770320414,29.97933551510892,104.65922582076155,75.51890398313543,0.8531342448348639,0.8478268101849952,0.14813203496895153,0.11844753310928431,56,61.404553438196395,253.8826263346761,0.13285880598321279,13.148874727867168,58.27908475568004,0.04263180018141192
696674.762643,696679.762643,912,27.191273985842727,3.3715024129821476,2.1090287293568615,0.19578453441416796,10.392304845413264,1.0545143646784307,20.289019385726963,27.191273985842727,82.39875695520003,59.39189196222138,0.9719329554532637,0.9717729939342591,0.07314126579722989,0.06167024798294125,10,315.25343175078905,6114.379625678855,0.13286567087455395,2.4693503757174144,25.761886135641024,0.02296860572483841
696679.762643,696684.762643,814,26.294495296525863,3.715144086317408,2.1631326505635284,0.2653206642912245,10.392304845413264,1.0815663252817642,19.51229601866407,26.294495296525863,84.98826418499937,55.333710246625394,0.9573476298551672,0.9561405590173382,0.0951603027026664,0.09054763390109011,22,122.25701909563976,793.9020314067708,0.1433613467076377,7.47866109069884,44.44848551844888,0.02840639682744946
696684.762643,696689.762643,1067,31.66483315499182,4.575998918242955,2.596591038194166,0.3079687915692447,10.392304845413264,1.298295519097083,24.112004013080497,31.66483315499182,87.16799767362592,63.96819213462083,0.9685596827980026,0.9678952133822256,0.07687168351254696,0.06613574426125196,10,80.20790817051169,824.8310544061914,0.11349627268440819,3.134661580640337,29.010304002190665,0.021687301665597923
696689.762643,696694.762643,1178,32.58891826598534,2.228457869702225,2.661179784585521,0.13402773134894155,10.392304845413264,1.3305898922927606,24.129115902859528,32.58891826598534,87.20749130264167,61.73236710023703,0.9785336898779772,0.9787770933096278,0.05518511092058529,0.047234796667176164,7,5.307807770812328,31.538623072810616,0.12102420060786173,1.3963669284475135,19.42851948303363,0.019331010037828018
696694.762643,696699.762643,1201,33.189549008319005,4.009120058693605,2.7574680035404513,0.25064953002990376,10.392304845413264,1.3787340017702256,24.671625679806873,33.189549008319005,91.07146726555727,63.01693723914934,0.9708455805870044,0.9703531447459857,0.053483100211843146,0.03741969230749491,2,30.25597599779847,529.5062865257751,0.1599161287037573,0.91088781015197,15.696924374664714,0.01850796850577735
696699.762643,696704.762643,1193,31.92003663500745,4.847025334538194,2.7191067126706816,0.2279439986316909,10.392304845413266,1.3595533563353408,24.00089172430483,31.92003663500745,63.80224173592543,55.51924235940391,0.9470008432327572,0.9453591119320206,0.07813030639880796,0.05740838574765524,11,4.4033740533900465,25.73043759088907,0.053652856600947464,2.3312595226360946,25.08518459154781,0.021073219511477774
696704.762643,696709.762643,1053,30.056048989671734,4.875263751115863,2.5847545587070466,0.2982323695779833,10.392304845413264,1.2923772793535233,22.165816903305988,30.056048989671734,65.3307431783607,52.199501938094066,0.9499542745975919,0.9481626820825246,0.07395194675876719,0.061448272197973566,12,22.807782044400117,267.049253170234,0.06380834585341118,2.6825609312597747,26.906149181283855,0.022642075273654222
696709.762643,696714.762643,1168,28.386408604249084,4.067650370404762,2.4824890169139087,0.2946283532652897,10.392304845413264,1.2412445084569543,21.16122325117651,28.386408604249084,67.1831872426106,56.01973620053401,0.942232450341756,0.9401989436579276,0.08074498820327743,0.06104043910984886,10,19.902864226565715,243.9928085302179,0.09976669355947226,2.86117223897594,27.800457140120475,0.02114876231675078
696714.762643,696719.762643,1197,34.12823592857498,4.793598518015669,2.946247366972072,0.2919521970927757,10.392304845413264,1.4731236834860362,25.966057461566283,34.12823592857498,68.74495704902749,62.354826561842444,0.9368983595373498,0.9341968433476823,0.09614024033166826,0.08544131470199459,17,17.692911642528713,250.19541364016715,0.13026392346529456,6.026010037876808,40.1064050358855,0.021413182078002024
696719.762643,696724.762643,1208,37.385990370752374,5.138848891535071,3.291567405697659,0.35222920110472156,10.392304845413264,1.6457837028488296,27.4709461954756,37.385990370752374,72.28299681766026,56.39367206843127,0.9714542325124732,0.9713722053401362,0.048768803889395966,0.032126667762199836,2,9.011183203658831,107.99048848142168,0.07064680082782221,0.45683686806148094,11.1506791391165,0.018589520158010922
696724.762643,696729.762643,1185,32.70636474950655,4.755471913162929,2.8974430350532248,0.28300769895948924,10.392304845413264,1.4487215175266124,23.613012070918867,32.70636474950655,59.71542842724026,49.36993266509106,0.9566700568753815,0.9558958091100418,0.06658389466965112,0.04480486747008683,3,4.831108757726784,27.82162091753689,0.08397426360403581,1.8829702074603731,22.595024891719394,0.020208749722407285
696729.762643,696734.762643,1158,32.84789079047565,4.521810524868577,2.9111612618486946,0.3039619205956042,10.392304845413264,1.4555806309243473,23.585489736578534,32.84789079047565,69.96902247576492,52.78549399885161,0.9701967973387138,0.969785002707128,0.05784478381581205,0.04208131246705117,2,6.940531280500122,43.91260674047366,0.10632421440844637,1.4439019330924676,19.79210973233844,0.020361785292246158
696734.762643,696739.762643,1194,35.88123271098548,5.279988433587832,3.16662869872797,0.3510071412785583,10.392304845413264,1.5833143493639847,25.49067936764829,35.88123271098548,69.33749281437834,51.89337437762037,0.9760571390970758,0.975675957354057,0.04849280444663981,0.03697685783776218,3,3.8000812043933316,26.99606298041392,0.07950445235784036,1.3822090442593753,19.37193921485155,0.018778101031473156
696739.762643,696744.762643,1192,34.25897849365812,4.070624047852669,3.008072680535889,0.27762145481145395,10.392304845413264,1.5040363402679444,24.723492256787562,34.25897849365812,75.54094359670356,54.16917147091254,0.9821684636095449,0.9818161184711298,0.045074892126858654,0.03598962976360286,1,14.75230556727365,168.83419119189324,0.07290839068757164,0.922019169717597,15.830448266946666,0.01860355586953962
696744.762643,696749.762643,1158,32.53554753116288,4.6874513272180875,2.8527005587878898,0.306390991133758,10.392304845413264,1.4263502793939444,22.32377800211594,32.53554753116288,62.19088286591118,47.39904747981749,0.9784261862664485,0.977639886963446,0.050850863596081534,0.04204902382506365,3,4.61653880783292,28.2857641164552,0.1022650186766504,1.9271386143136928,22.841446121978464,0.020543586946641216
696749.762643,696754.762643,1175,31.47404665158005,4.044774802463006,2.6956131756211312,0.21226265396767893,10.392304845413262,1.3478065878105656,21.53574439935942,31.47404665158005,67.18656770199307,48.96613754439576,0.9840770778144128,0.983669427514257,0.04362977936497265,0.036875564581883354,3,24.337481606600324,353.2962904657533,0.10418439781922488,0.9428903447535847,15.991749583432572,0.01960432997387085
696754.762643,696759.762643,1210,35.046082181919566,3.411593523899486,3.0376986167433566,0.20874597223315036,10.392304845413264,1.5188493083716783,23.945346647118516,35.046082181919566,84.48796202327142,50.992574735005974,0.9990073979573507,0.9986188748240821,0.01865642944686136,0.021428988507256882,1,1.5659688625794295,12.126265501337794,0.018464936998898996,0.45313688798214613,11.097113777161493,0.018326808757430767
696759.762643,696764.762643,1176,31.96018638545471,3.9404380211127177,2.725219222270067,0.19034473216338102,10.392304845413264,1.3626096111350334,22.218034383692288,31.96018638545471,67.7526369810969,49.28203599081205,0.9771423824805365,0.9771939594901342,0.05182471446220864,0.03737833013077041,2,135.51862206557598,1641.9573180014402,0.10159752114135512,0.9319458606685057,15.889219566434145,0.01861797350519155
696764.762643,696769.762643,1215,36.45314339493314,3.930934104076535,3.021344814269008,0.15057935544635107,10.392304845413264,1.510672407134504,25.805378611713763,36.45314339493314,71.04399076749397,53.828989888227774,0.9766605921068727,0.9764445531333971,0.055523305373143664,0.04218062672566774,3,2.262079625762151,13.350400992647415,0.1003737298270961,0.4518758345472679,11.060698998484916,0.01858349577647823
696769.762643,696774.762643,1211,34.91961388911359,3.3925674872930434,2.9275215409949675,0.11025122498800867,10.392304845413264,1.4637607704974838,24.98866466981671,34.91961388911359,78.33979083679341,53.2766460511908,0.9959794836863335,0.995661734004853,0.026381620954264128,0.028480348024930505,3,4.4343263212135335,46.168546293693765,0.025921869740591953,0.9018469869426541,15.627089647996977,0.018239239717791587
696774.762643,696779.762643,1199,34.67931434620464,4.731976131123208,2.9201610487096294,0.2536723982563543,10.392304845413264,1.4600805243548147,23.604972192689498,34.67931434620464,67.74925102287942,48.399397991539644,0.9791357731858057,0.9786404693239141,0.05199054766845526,0.04315855992887713,6,6.3183016038491715,39.914067572218215,0.09208284790505915,1.3772858520086078,19.29849990112933,0.019124123904423276
696779.762643,696784.762643,1185,31.50664625919231,4.029502750687455,2.6941994106892153,0.15397299456754573,10.392304845413264,1.3470997053446077,21.184435455796816,31.50664625919231,64.1131596603742,45.639339718644,0.9808029725531116,0.980798753143829,0.04353532785215112,0.03102263145108596,2,4.993199925786971,31.307057772779245,0.08252561090099002,0.9260149059732593,15.84070467364362,0.018609815678436597
696784.762643,696789.762643,1188,30.070799087944753,4.013871844012435,2.5841684224105195,0.10861526288344579,10.392304845413264,1.2920842112052597,20.314189420770784,30.070799087944753,61.20538397611401,44.6610244117752,0.9844824183166029,0.9844866270708116,0.044565432684799074,0.03345700629436293,2,4.602999080834213,32.32071448542672,0.05903116689636406,0.46543044499525194,11.230494004791616,0.01922736133262449
696789.762643,696794.762643,1135,30.6881118647467,3.9416845179623796,2.6451635598670444,0.18550730260850434,10.392304845413264,1.3225817799335222,20.6939083422651,30.6881118647467,69.44568974783768,47.638926136955725,0.9936092985239473,0.9936243707562423,0.03250343731819426,0.0307592604823538,3,7.138110305050178,51.44540441579916,0.09857617739052693,1.4597993833937117,19.866090473843474,0.019584202797743255
696794.762643,696799.762643,1208,37.472231494826545,3.902583605653982,3.3278478850966775,0.15760955921762143,10.392304845413264,1.6639239425483388,27.381880576526488,37.472231494826545,78.63248635335482,59.372199860364724,0.9741986190131788,0.9741986190131788,0.04660981980989296,0.03288858526788705,3,2.5653606188003932,17.93409413128514,0.07047336485438375,0.4566183132144521,11.131967806819617,0.018502381782270247
696799.762643,696804.762643,1176,34.7274631870788,3.6990771183049778,3.090542548194896,0.1511099870800766,10.392304845413264,1.545271274097448,25.492242468936475,34.7274631870788,77.01587822846001,58.813833249083736,0.9736216994663845,0.9736216994663845,0.04856042561536118,0.03235769316995689,2,4.475195505202219,31.812087895974557,0.08757307019907683,1.4008534789416682,19.48821791995439,0.01852846401718582
696804.762643,696809.762643,1180,35.25484203515629,4.141421022230897,3.161806985627067,0.21126597683277265,10.392304845413264,1.5809034928135335,25.556748090799516,35.25484203515629,76.55210780934351,56.97108366443269,0.9763100637384607,0.976375381313015,0.0427540581066843,0.02690830336866735,0,8.847309606562263,92.64387115625154,0.050822763349178596,0.9297167173062779,15.89301398014413,0.018257508177222718
696809.762643,696814.762643,1204,36.94157149557391,4.264724871750096,3.2871362245674054,0.1736099268492179,10.392304845413264,1.6435681122837027,27.664737364413444,36.94157149557391,77.43151942295641,60.73149531681013,0.9681208332775463,0.9680922356432742,0.04475058356759561,0.02246320140461306,0,2.3945646381081738,23.556972458217597,0.04640389814710793,0.45708989074436984,11.150297384679899,0.018505566241184355
696814.762643,696819.762643,1190,34.94868821059619,4.0827427415116135,3.1415067366974094,0.20425133339756946,10.392304845413264,1.5707533683487047,25.361441244923476,34.94868821059619,76.32483094612908,55.7323124672502,0.9781983310115873,0.9782272650886156,0.042591737393287504,0.02728758615059499,0,7.0754617981897505,63.42902591356315,0.03979631972049316,0.4631907474589808,11.224394250998493,0.018693793306796404
696819.762643,696824.762643,1200,32.52503494957097,4.083544324889344,2.9497003561405557,0.23044349464341207,10.392304845413264,1.4748501780702776,23.66849038375513,32.52503494957097,77.76817436374579,56.41218364405351,0.9863051499602769,0.9863051499602769,0.04372449695547854,0.03729950264938629,4,4.479667766156807,37.360786726750256,0.04108068029697588,0.4601030290273076,11.187589942609556,0.018947368421052633
696824.762643,696829.762643,1005,31.26470887961652,5.028069461194389,2.8778664013929167,0.3444008341243421,10.392304845413264,1.4389332006964584,22.28320438994586,31.26470887961652,73.2155053358763,53.084296030588696,0.9782842191937933,0.9783560745383255,0.06318878618074206,0.05408802349122171,7,24.75751863884673,211.31057729058952,0.10094811099233726,3.088858947211707,28.864650300213267,0.022152395915161036
696829.762643,696834.762643,1100,27.770959788249378,4.169425478409335,2.5512831118650725,0.20239220561772694,10.392304845413264,1.275641555932536,19.107545324672795,27.770959788249378,52.97286052472489,43.11688345062127,0.9695602035858848,0.9696358814238186,0.06082913079227331,0.046356993834790194,5,13.367587254444224,92.71290391606145,0.09992025386704617,2.281081184319718,24.840919375231252,0.020797448165869217
696834.762643,696839.762643,1099,32.24400566484845,4.124681841587712,2.980736928157526,0.2786461932506407,10.392304845413264,1.490368464078763,22.963413022014787,32.24400566484845,74.50991802883672,53.849801804610216,0.9794467365372425,0.9793208658306433,0.06172635193292999,0.05318103001241833,7,143.46886230347184,2091.5272760134135,0.09391567434384697,2.5391760462407738,26.201651983616696,0.020704627811567133
696839.762643,696844.762643,1181,34.38356847967074,4.360598674284094,3.143966726109246,0.25368394198673955,10.392304845413264,1.571983363054623,25.236070386092244,34.38356847967074,78.8737509870212,57.607987413623995,0.9777006236143323,0.9777183289314705,0.04638476065700143,0.03634884999685841,4,50.85997119005976,537.4640086472696,0.0454249101066539,2.330726706882182,25.109822345175008,0.01896994815574075
696844.762643,696849.762643,1109,30.077945770882376,3.6214197947992144,2.7411958529366687,0.22730854227894812,10.392304845413264,1.3705979264683343,22.3742338209792,30.077945770882376,79.96365597175809,57.57782980674926,0.987325490589102,0.9873987092485494,0.04408543678668959,0.03869163253114261,4,105.02854470822876,1891.2363655461495,0.08906822605675489,2.0085276965090157,23.318599886300845,0.02077104393083701
696849.762643,696854.762643,1203,33.23950240713606,3.2661414228824204,3.0138893223185095,0.12238507555627622,10.392304845413264,1.5069446611592547,24.702701021228144,33.23950240713606,80.1586332091772,59.789481687853296,0.9798442286008802,0.9798137705291102,0.03746997303190789,0.025114166949532547,1,1.8909742613883516,24.061321243886148,0.02630464297609647,0.4554640326126199,11.133194085583069,0.018068862930393316
696854.762643,696859.762643,1193,39.237445390111546,4.124853173073458,3.565809260896712,0.22081186880759257,10.392304845413266,1.7829046304483556,28.85201087840248,39.237445390111546,81.43180460947418,59.088538780605184,0.9815577265377916,0.9816122066934494,0.03640312714452255,0.026793523908450526,2,2.802908766757634,24.928503287554523,0.029926305219642912,1.3765995040359864,19.32745867596341,0.0182497316215938
696859.762643,696864.762643,1184,34.231539139787316,4.6082600463490975,3.1158895660689696,0.3672471796786924,10.392304845413264,1.557944783034485,25.03563766483039,34.231539139787316,84.96887502803499,57.40976633009622,0.9976392399495514,0.9976392399495514,0.018914612269070968,0.016994121568578442,0,5.790651821733192,49.99661117927183,0.02817805920388913,0.46385409621196905,11.230940267636795,0.018255097202465622
696864.762643,696869.762643,1031,31.48108355005281,3.302667543792218,2.8000180763307005,0.24078966041106498,10.392304845413262,1.4000090381653503,23.798323741493334,31.48108355005281,88.80684223718465,61.67872049999366,0.9814849158162564,0.981260556444631,0.06002093799672285,0.05399337535743199,4,28.776051395702346,432.48818672702447,0.1117979036147757,3.5262349410969023,30.812394120538183,0.021117293719264213
696869.762643,696874.762643,1017,29.85893282569044,4.881964939910738,2.747036966464749,0.3796293873500117,10.392304845413266,1.3735184832323746,22.37083747973331,29.85893282569044,90.22399870826263,61.75465910797855,0.9319496683932393,0.9319496683932393,0.11572065624428654,0.10143679689048546,47,16.783868640805753,91.7852426451052,0.16299378414071727,0.5843583429738968,12.617562974282174,0.026134658179371734
696874.762643,696879.762643,1062,32.43389620182543,3.007793222290834,2.9503994611734563,0.2437680777056121,10.392304845413264,1.475199730586728,24.50996848107901,32.43389620182543,88.92327909580048,65.0319369697439,0.9222936058662091,0.9220121989781997,0.1271304306574826,0.12085754224001756,33,87.31685977268455,892.7102834303814,0.15026487607577196,11.281776728692948,54.346516878063994,0.028446823272871444
696879.762643,696884.762643,866,34.66337579879309,5.203408503290065,3.1652576350750707,0.4172962836778027,10.392304845413264,1.5826288175375351,29.037979960297537,34.66337579879309,117.6316329035884,72.51863788416719,0.8451016395304968,0.8453206442767625,0.1413495764910873,0.10999668055870687,45,75.7731822284308,579.7469985271772,0.12091240526380394,10.375663811987495,52.20243274264487,0.03735667112353632
696884.762643,696889.762643,1168,30.712023476328937,4.916986327516396,2.8209764130991455,0.2532822884371843,10.392304845413264,1.4104882065495727,21.572488370830133,30.712023476328937,76.96079149905438,65.89564215935037,0.9636304529179034,0.9637491282869268,0.07452203656902283,0.0557186091486763,9,13.20252990982845,113.40943753822911,0.19515509663515038,1.8980380421212348,22.65921989540137,0.020698149483297283
696889.762643,696894.762643,454,31.19709468624121,9.723407030548875,2.888765840497672,0.8144541152890359,10.392304845413262,1.444382920248836,22.84791387463245,31.19709468624121,101.72510141017845,65.45274641340319,0.8863724470777508,0.8866197707009146,0.14892363994637328,0.1382657655572407,40,47.16021221344511,118.5491559513774,0.17554236022885475,11.472416233197565,54.831751095856234,0.04954014993430713
696894.762643,696899.762643,1097,33.69804259447384,3.0505393566636294,3.0416017125173433,0.27707627661844403,10.392304845413266,1.5208008562586717,25.612277146167596,33.69804259447384,105.65606811045609,62.75021189268445,0.9616871866345019,0.9618303931456096,0.07072147581227978,0.052928570230649744,6,15.337321043235036,84.66109288578527,0.08657114908127238,2.5428092792906174,26.22558935842734,0.020902301332181867
696899.762643,696904.762643,1130,34.393899559409284,2.9285341653710906,2.9629328304993563,0.2680337158522644,10.392304845413264,1.4814664152496781,26.303264935836296,34.393899559409284,104.57115985125023,64.34220518336292,0.9592278326575576,0.9594053443585461,0.06695855748108556,0.04825425760070347,6,385.97411737982776,7855.466221888966,0.07855852246534922,2.953045185708008,28.228825895899543,0.02033845676137246
696904.762643,696909.762643,1078,34.54403187103308,4.363990590564896,2.9560556171439725,0.33615462889890874,10.392304845413264,1.4780278085719862,26.243013201193115,34.54403187103308,94.25151095513544,63.04588945775887,0.9729095861373187,0.9727403214544323,0.05894117318375925,0.05096267273057907,6,49.11511318538537,518.761200439033,0.11396200052072446,2.848580823170521,27.712023394018484,0.021742668359209714
696909.762643,696914.762643,1082,36.51609975573555,4.943735541443559,3.100599155487588,0.3447615978684527,10.392304845413264,1.550299577743794,29.46707421382829,36.51609975573555,114.55246728234252,71.69392288535921,0.9471614696296904,0.9472435363555034,0.08926811576079144,0.07107132064751923,12,29.28510351754162,298.67763416041294,0.09363038451761942,4.672888849705392,35.3775614618857,0.022116288873755552
696914.762643,696919.762643,1171,32.25167531931856,2.87970228341315,2.7511599921237115,0.1918955161452874,10.392304845413264,1.3755799960618558,24.792813074685938,32.25167531931856,93.38922163881051,64.49230663894065,0.9948708545082459,0.9948072039796089,0.033009158583896706,0.03226405485472363,4,874.510545683452,13818.942727195206,0.03116052771270004,0.235117347587461,7.998207798105242,0.018712451495947382
696919.762643,696924.762643,1153,30.258682673381696,2.632833127557705,2.568018183940721,0.18071379229460643,10.392304845413264,1.2840090919703602,23.606034183369594,30.258682673381696,93.21862523860638,67.40637800810994,0.98759903647425,0.9879122535527509,0.05497706190318143,0.05256275133064661,10,1055.2428354258013,22926.093668892205,0.0613513251783005,0.9619025692848481,16.15435925754403,0.020556595304392813
696924.762643,696929.762643,1164,30.080624048573146,4.1175820669320204,2.5441907759035995,0.24057112616383877,10.392304845413264,1.2720953879517998,22.097110639988212,30.080624048573146,67.08214135641586,57.89359180885691,0.9641002848620709,0.9637540883933954,0.06565744090436715,0.043246765281188405,3,7.761983967251226,45.476215521544326,0.14161361258266242,1.4196820702775876,19.608669087137745,0.019171640441309458
696929.762643,696934.762643,1199,31.71111789464648,4.956675377413744,2.661026177444576,0.24314887252718162,10.392304845413264,1.330513088722288,22.065779934311916,31.71111789464648,74.80377903311879,64.4073443813968,0.9251090014564821,0.9248330419374627,0.08406839070444354,0.02936088889072211,0,3.829321689165836,33.127567999591236,0.0382123495451445,0.45820123618922237,11.158225817662794,0.01850957669402865
696934.762643,696939.762643,1197,31.431870708841917,5.225031726348017,2.6255716235715756,0.252155107688071,10.392304845413264,1.3127858117857878,22.079708751216543,31.431870708841917,107.72735061613727,64.65166976366525,0.9249031477619211,0.9245858575766677,0.08637315391559597,0.03677807000280754,4,5.273285537320672,41.06726002521867,0.03102260639245465,0.4595681857563027,11.175756287011524,0.018950885986897068
696939.762643,696944.762643,1185,31.857494701733795,5.6787610024382165,2.6313783708693004,0.29950153203075575,10.392304845413264,1.3156891854346502,21.103326087969773,31.857494701733795,40.000148199224206,32.61305445375688,0.9717877144959903,0.9718484949935104,0.05275722226321681,0.03657971318283262,3,6.838552672241463,58.58854264512172,0.03379356714585636,0.9304953685582311,15.878287419394203,0.019142793693093494
696944.762643,696949.762643,944,27.285339274179172,4.337550197747281,2.264325948985016,0.27160120276249927,10.392304845413264,1.132162974492508,19.70333385067725,27.285339274179172,76.01590469571704,59.37822567832974,0.9506334886816671,0.9508699000894848,0.09889032527614645,0.07382293132654404,8,330.4891677183984,6386.284765230758,0.21007250103831435,2.432141079790702,25.602159167357854,0.02401129943502825
696949.762643,696954.762643,1054,29.4857360878339,4.2841205414012835,2.534522416675172,0.35540150351363853,10.392304845413264,1.267261208337586,21.38285952866553,29.4857360878339,81.39943395294131,54.48287811237222,0.9298958049846011,0.9303843971727872,0.1325612953836344,0.12914964570824322,64,439.7913506110468,8762.59391811287,0.161196069860929,6.734469672944417,42.29465489286799,0.030626851759379473
696954.762643,696959.762643,1097,34.252759670800444,4.441140526355826,2.8573935701880138,0.32837576894798337,10.392304845413266,1.4286967850940069,25.122519547158664,34.252759670800444,96.41413939718173,65.28580425234524,0.9510544820513528,0.9511643069379361,0.10213442850226452,0.09321426383694137,40,13.14321934111117,65.75303031851792,0.18782961059488493,2.8633142009404344,27.779303287132095,0.023876921108605606
696959.762643,696964.762643,748,24.385079409981767,2.8038301918303277,2.138768822617912,0.21779379037942911,10.392304845413264,1.069384411308956,17.842857912903053,24.385079409981767,85.80340079319838,52.456335966790476,0.976275961117504,0.9757759903428126,0.092572806191644,0.09203211758860806,25,21.33471157269189,91.0454597270518,0.07954924786075084,1.9674033263723605,23.069151423093892,0.027535416080307722
696964.762643,696969.762643,1173,31.567228042569077,3.4416826861852954,2.794678595260216,0.15764415874600105,10.392304845413264,1.397339297630108,21.04567022299797,31.567228042569077,76.97915133290303,47.720303678226934,0.9962761657123896,0.9960196727756216,0.02927035600967967,0.027791729564744197,2,195.64079811199335,4294.444532429997,0.05433678967436153,1.4070831909500188,19.524201482162955,0.019697581549782385
696969.762643,696974.762643,1144,32.00835550527771,3.7093975610955097,2.8393345667959067,0.20101937878235776,10.392304845413264,1.4196672833979533,21.34943835520144,32.00835550527771,77.72723141127418,47.827205440210946,0.9927536816676326,0.9922632306448522,0.04794260767384413,0.04612504254602344,8,7.1053845393577,36.2441744532541,0.07685756553008928,2.908617186727007,27.99762099790967,0.021040363145626302
696974.762643,696979.762643,1134,30.527005704672526,3.7867542659092734,2.682643432670083,0.241218001088095,10.392304845413264,1.3413217163350415,21.41544961098063,30.527005704672526,82.93727148391754,55.40323046092093,0.9731416394756237,0.9724533339137792,0.07571767318782995,0.06237705627053891,13,13.722549710256784,70.0043838335856,0.14862449421553553,3.9420181792303737,32.53375834433036,0.022370741668987282
696979.762643,696984.762643,1182,35.97493226953674,4.802260684439249,3.0873635751889834,0.30417501317155254,10.392304845413264,1.5436817875944917,27.33532338903041,35.97493226953674,87.9608893864614,67.43606164215183,0.9384354122758064,0.937856785876745,0.10264537179896355,0.09241603519749217,32,10.244592347961982,47.27174829302095,0.13847117606257817,2.4141053898564655,25.51722864460421,0.025113545284531125
696984.762643,696989.762643,1145,35.83484093399101,3.826645046738048,2.9771723622951036,0.24896571771403472,10.392304845413266,1.4885861811475516,26.174800504646573,35.83484093399101,78.32666741025248,58.96539362382131,0.9878044271609704,0.9876982155736336,0.04734300841537334,0.039156439213086584,2,14.010364129299969,95.84396397834894,0.0997720602138552,1.2087647406276665,18.074457323268415,0.02039377920784494
696989.762643,696994.762643,1169,35.909799015673265,4.266806195204498,3.0277180988314907,0.22852527032474637,10.392304845413264,1.5138590494157451,25.337866882235414,35.909799015673265,78.67132990760027,53.37300471663305,0.9907922248832555,0.9906362368460492,0.03457210304498816,0.026592369078227592,0,4.589073348639193,29.542680625352403,0.060445394647380836,0.4775803987083668,11.380567893052424,0.020515360256929748
696994.762643,696999.762643,1185,32.78316086387341,5.04676333672935,2.74718878837862,0.2635925055042207,10.392304845413264,1.37359439418931,22.533724349533195,32.78316086387341,57.13839626950196,45.196125512506796,0.9519435861275893,0.9516720663278339,0.07409557272756795,0.049362455173442524,8,27.044128327523705,478.2329494390596,0.07897660813394135,2.346314302879586,25.151410648033913,0.020919387075283145
696999.762643,697004.762643,1221,35.44623199638826,6.554503899905419,3.0677239854079987,0.48827414638948075,10.392304845413264,1.5338619927039994,24.368321500800082,35.44623199638826,63.96737276279396,47.5420678641238,0.9746703310891321,0.9745261221650879,0.05228398034963418,0.03760294863440603,3,3.8996188320035454,20.962579271296264,0.07204156869607409,1.350283605980699,19.135268958745364,0.018837018837018837
697004.762643,697009.762643,1187,39.290400057221554,4.489771891468763,3.43491110884675,0.3056293196033939,10.392304845413264,1.717455554423375,26.622957421271018,39.290400057221554,74.1756235508964,49.738606708980846,0.9882711331999597,0.9881880208670799,0.038255737678855845,0.03180230795048126,3,44.80461795796686,857.5898447181514,0.075119000838073,1.8675754224005723,22.49656946322541,0.020115579597688407
697009.762643,697014.762643,1138,38.85642507055206,6.028339321245308,3.414858318964704,0.4660086920082018,10.392304845413264,1.7074291594823523,26.45176934609397,38.85642507055206,69.90013665034554,48.59463310045473,0.979401043659535,0.9793468538323168,0.05566754116430914,0.04296081336081756,3,16.730089616242704,119.49806334619693,0.06021989674802463,1.97350758583265,23.12703917968474,0.02105879813769926
697014.762643,697019.762643,1224,41.28918141362124,4.010293751575058,3.579614021804426,0.2728164708999184,10.392304845413264,1.789807010902213,27.772804397768923,41.28918141362124,75.61401412825929,48.91453367822048,0.9900688069349352,0.9899054082421249,0.030558609487303608,0.024810851739004207,2,2.0150857495533177,12.729233792840928,0.0403458432876343,0.45003283850568665,11.055551630578282,0.018747850017199863
697019.762643,697024.762643,1184,42.492039352168796,3.7421225468224337,3.7046437844392868,0.2697395043836209,10.392304845413264,1.8523218922196434,28.23410233863071,42.492039352168796,81.11564706454821,47.911742275554175,0.996453004291618,0.9963184908752402,0.03273837735078568,0.030287102806147815,4,4.76037312119934,24.367747116737164,0.036677806396591184,1.3974006895327253,19.469137779442637,0.019233048838311995
697024.762643,697029.762643,1217,42.30135178931,6.447736838545583,3.6713747546102478,0.5137127842942792,10.392304845413264,1.8356873773051239,28.561203691559726,42.30135178931,69.1163963667968,46.9326810275105,0.980236445791758,0.9802611945463711,0.04538955055813841,0.031121314565557567,1,2.1435388141443634,16.373485986134565,0.07425568292148159,0.4541253816739054,11.108075161934911,0.018927763121855585
697029.762643,697034.762643,1198,33.63469025164478,4.8734647051819,2.902807844062187,0.2433330494832364,10.392304845413264,1.4514039220310935,23.011349491382692,33.63469025164478,58.85846659530331,43.66362611235899,0.9641268329879902,0.9639484341919987,0.06183473549689673,0.04313980346161577,5,9.187203988127125,102.24706196317977,0.06887685451632743,0.927101667433882,15.86602538391877,0.0198283689189585
697034.762643,697039.762643,1210,35.90528813524318,4.892543861618712,3.1308864306976694,0.3305509774092333,10.392304845413264,1.5654432153488347,23.782935922388244,35.90528813524318,68.61480090767417,45.940284960367805,0.9793146952714226,0.9794693410218704,0.04260435227609739,0.02738114986552681,0,23.164411367027807,349.927664227728,0.10384136058606347,0.4542025597427029,11.111714564472337,0.018239814412063217
697039.762643,697044.762643,1159,36.15983386000829,6.385487590224617,3.1545396675270863,0.47370032032003306,10.392304845413262,1.5772698337635431,24.34705320357605,36.15983386000829,69.31153910769473,46.256925478648505,0.982941916056966,0.9825725524711671,0.049201691466893724,0.041097971963124064,5,61.77706688072901,815.5693210740521,0.0834033895520182,1.4356899847504974,19.731708227331055,0.020177709156411306
697044.762643,697049.762643,1221,44.50883491506676,4.227315565314833,3.860332418470652,0.2671851120785181,10.392304845413264,1.930166209235326,30.52633033775779,44.50883491506676,77.54067937430518,50.10348978854949,0.9829888741166816,0.9829579487769754,0.03467382753518043,0.023321751681849613,1,1.943131831180279,12.262612883465682,0.041106343426138704,0.44948086387744585,11.05925398512123,0.018233544549334024
697049.762643,697054.762643,1214,45.23631413811255,3.4115704544168564,3.9705909160605426,0.20639555842552,10.392304845413264,1.9852954580302713,29.21943180687653,45.23631413811255,78.08091016207085,44.4530052872392,0.996640142853536,0.9966098976121459,0.021577935246135625,0.01875408332355166,1,2.39804256786833,13.877727964099575,0.04070820716634787,0.45274570439285794,11.099647857813698,0.018671059857221308
697054.762643,697059.762643,1158,43.62202292150988,6.141972218879944,3.81667672944985,0.4839093296900227,10.392304845413264,1.908338364724925,28.963678071065562,43.62202292150988,73.49803232813164,45.26794417935949,0.9836209097007259,0.9834624311439065,0.051181634281650706,0.04482063985989132,6,11.283445177879726,71.85597859366794,0.08355956042623024,2.8828540623876666,27.885516437825842,0.02072538860103627
697059.762643,697064.762643,1220,35.18739377086848,4.6280936461498765,3.0602821948595467,0.29151965690549747,10.392304845413264,1.5301410974297733,23.407662088693595,35.18739377086848,69.84802905518421,44.51375699333785,0.9853085697373937,0.9852617297298479,0.035213078108983026,0.025385212745621385,1,43.09770933465122,574.183929032097,0.07313009330523344,0.45024084314549345,11.067894371283426,0.0183203911417889
697064.762643,697069.762643,1204,42.56919936671814,4.967613481812838,3.6913158931778045,0.355333674161857,10.392304845413264,1.8456579465889023,28.37006943600965,42.56919936671814,78.74473926914689,47.80434664121976,0.9950009089305483,0.9949951858574742,0.023196605480332574,0.01773076077389247,0,2.2897446899086518,15.921227928956709,0.06414238450748279,0.45562647427455666,11.131237324549122,0.01841813836917876
697069.762643,697074.762643,1175,46.281514482928124,4.683660698194188,4.034703344299948,0.3248352440764653,10.392304845413262,2.017351672149974,30.032005501313176,46.281514482928124,78.94912482032467,45.10436152256172,0.9961893652108843,0.9960004686539338,0.03284644016224557,0.029457106264140092,1,4.4140661053660875,32.893721370036154,0.04777147286586442,1.4042464289811383,19.513667765520527,0.019156401642403884
697074.762643,697079.762643,1236,50.858478837783196,3.272712580341538,4.430635601904835,0.11902995186804889,10.392304845413264,2.2153178009524175,34.231648481475816,50.858478837783196,79.76618726023884,48.412120462536045,0.9945702266399233,0.9945702266399233,0.019394613848633824,0.013178306011414521,0,2.0407873730111525,8.461623945720447,0.04606862133562269,0.00014848503168152195,0.002536689828658817,0.017543859649122806
697079.762643,697084.762643,1200,50.332719619742726,3.436155215216859,4.401000967920565,0.224964791842288,10.392304845413264,2.2005004839602824,34.14082967006288,50.332719619742726,81.84756301558771,47.77450675778382,0.9935150660745203,0.9933685929302419,0.03932476222661475,0.03676181835079894,5,3.9309884032508755,30.448843784384955,0.034324327361372156,1.3802633594119558,19.345725863403818,0.01929824561403509
697084.762643,697089.762643,1189,51.11728530040566,3.2399539220037132,4.528767483410146,0.18818749743260324,10.392304845413264,2.264383741705073,34.2150295116486,51.11728530040566,81.60804349797733,46.25213527982921,0.993383275189484,0.9930468580322089,0.04390935463298657,0.03990440404306564,6,4.2989905634582,32.376047791393106,0.062069526595897186,0.927211555708657,15.870337681223548,0.019757130420668997
697089.762643,697094.762643,1213,48.23969831922295,3.593934400335639,4.2844201323679485,0.24252552808759903,10.392304845413264,2.1422100661839742,32.4335347143357,48.23969831922295,83.79585248264257,46.81670497606009,0.9967546904643929,0.9965810970495581,0.02948891498236505,0.02557016935585106,2,5.757131490753217,63.48582136794666,0.041592368879622636,0.9038538966284496,15.66988174045176,0.018238093171924038
697094.762643,697099.762643,1023,51.688774314158806,5.466372025947379,4.62849601219344,0.46285402637230394,10.392304845413264,2.3142480060967205,34.733145729622976,51.688774314158806,77.156679509582,48.12386465167818,0.9815385652076482,0.9814604805044598,0.05364137710316003,0.04380375125454862,1,14.812011167203215,119.9020184610107,0.10006899979099541,2.986944095148628,28.372206661763407,0.022071307300509338
697099.762643,697104.762643,1136,47.05814760153254,4.633762846199205,3.918992270897701,0.3211989016474141,10.392304845413264,1.9594961354488505,32.92299031746735,47.05814760153254,77.4766413961429,52.28388873016021,0.9800955360693894,0.979920836066127,0.05517056577076811,0.040950324763045665,0,90.14220341678607,1028.1087075471557,0.0846541382557874,0.9845618814951268,16.325653833953893,0.020323696565357055
697104.762643,697109.762643,1212,47.46863086172657,4.232676137568025,3.7177687304427836,0.21771873754772364,10.392304845413264,1.8588843652213916,34.99256392645587,47.46863086172657,82.89614808934144,55.9221191521965,0.9781024039904644,0.9782324599706864,0.07535412424498657,0.05706087246328302,2,6.1505281025762795,49.74454545776675,0.05400409052834663,0.45206251138727643,11.057243652349621,0.01849921834288692
697109.762643,697114.762643,1212,51.55931540265506,3.897785293687921,4.100190232847283,0.18466061008273665,10.392304845413264,2.0500951164236416,37.4135696199216,51.55931540265506,82.12162904522472,53.832608083592454,0.9872395050559978,0.9872618625888021,0.02992043371102915,0.021785887683378004,1,4.15499034086732,21.10226859457197,0.0460115222167582,0.4509009472393659,11.054319472842643,0.018325516762202537
697114.762643,697119.762643,1158,48.11502845747749,5.491718464653548,3.844551216742172,0.37526656958019083,10.392304845413264,1.922275608371086,34.32871168539113,48.11502845747749,80.65741024664993,52.19753897009972,0.9799272617214954,0.9796845690284354,0.06818333368599273,0.059215947289850704,13,9.7335352730549,37.84832978125859,0.09030538644350872,2.8723811266438517,27.793003874420073,0.02099809108262885
697119.762643,697124.762643,1204,49.51581445261874,5.9812520773816,4.001610372101275,0.43203059246765024,10.392304845413264,2.0008051860506377,34.271058005303,49.51581445261874,82.06995551002193,49.21053110685356,0.9939082829106468,0.9937525075643814,0.033414793891994164,0.029897242651912983,2,14.823086493107748,128.04716500493487,0.05705365728041639,0.9085768358583911,15.68603213328363,0.01841813836917876
697124.762643,697129.762643,1178,51.82183938009183,7.268643980236252,4.193750547728978,0.5545978203095794,10.392304845413264,2.096875273864489,35.435570109311904,51.82183938009183,80.74695552990437,49.45842529836095,0.9875180847451461,0.9875930858302427,0.04069467367563843,0.0300750324701537,0,96.61314861861034,2031.7921947341947,0.0921571242190245,0.46848809077935494,11.27285010524395,0.019420367557263278
697129.762643,697134.762643,1020,36.16697093702172,4.526699250775872,2.9590115567378272,0.3521047701876615,10.392304845413262,1.4795057783689136,26.214079744083417,36.16697093702172,93.90549822241225,56.45974843618106,0.9625524773036414,0.9621156662687584,0.07455395147763337,0.05833075284710705,8,91.39417361884307,864.9131298738546,0.16045991242130672,3.3312428820702444,29.918532586566016,0.023632610939112488
697134.762643,697139.762643,971,35.40490475488312,4.40160835277864,2.889380527314658,0.37900110246533897,10.392304845413264,1.444690263657329,25.856060736639822,35.40490475488312,92.86867483254399,58.52523617127927,0.9509471628580034,0.950606966255371,0.1082322163929289,0.10356331969513413,40,105.89537462462884,1170.9795445194206,0.15770755388259267,5.576959066015298,38.585097814001706,0.03001066001770647
697139.762643,697144.762643,1177,37.08762777269139,5.446812637340622,3.0300977497112216,0.3358800380999634,10.392304845413266,1.5150488748556108,26.48154581385441,37.08762777269139,63.60875068323344,52.98662649181313,0.9724342653770424,0.9723020458650458,0.05267750208707956,0.03527048439778167,1,10.086757442204597,95.52348900249223,0.1580517170445341,0.9355300297984942,15.914635797597276,0.019243094993217965
697144.762643,697149.762643,1143,33.17006770648614,2.8789145899421835,2.681411690124538,0.1448653985160565,10.392304845413262,1.340705845062269,23.25093788734074,33.17006770648614,84.30017424769157,54.15666827707912,0.993665547180442,0.9933260702512352,0.042186553298590126,0.0392785626758242,6,16.091319873669857,126.06248637703114,0.11962390354077529,2.402808161228647,25.435530002967973,0.019569922180780033
697149.762643,697154.762643,1165,33.43927129779251,2.3559765040477356,2.6858468347841944,0.15216165915817356,10.392304845413264,1.3429234173920974,25.237947890258884,33.43927129779251,96.05383731306439,61.8540950129661,0.9917971889507141,0.9916914687071962,0.03835890148155674,0.03584252898392938,4,8.099850353703543,60.965468774634196,0.040719375610504004,1.891939389016404,22.59269617451735,0.019622016414426624
697154.762643,697159.762643,1136,32.678905761340566,2.9096798026135477,2.619003802712198,0.1582916178707679,10.392304845413264,1.309501901356099,24.148462303051847,32.678905761340566,89.67744516911976,59.28189715468572,0.9840916018718222,0.9840584330988156,0.05051513341166694,0.04216576276566856,4,21.02321434449604,223.09909396322288,0.09074951606001062,1.4574500110177355,19.845237831582956,0.019767729182110207
697159.762643,697164.762643,1171,33.77745180858439,4.163108928600338,2.6532795871455397,0.24529956125105343,10.392304845413264,1.3266397935727698,23.95051140113966,33.77745180858439,73.34049324155642,58.19370251774561,0.9597884489402585,0.9599353389976134,0.06893982908373503,0.04820338418452559,6,307.9500007525764,5406.525549075418,0.17766537724901285,2.3545453079616174,25.165835183370817,0.020420393425921765
697164.762643,697169.762643,1219,35.75594669758379,5.336249362698866,2.961285379503908,0.32249292639066574,10.392304845413264,1.480642689751954,23.973650220015518,35.75594669758379,41.34288817957617,35.54731053403138,0.9427661829686577,0.9428900523198722,0.06744819997089306,0.03025505380959631,0,83.42987030967919,1452.3634642897907,0.03699955946425531,0.0007872854123420892,0.020461033156060553,0.01814832405048717
697169.762643,697174.762643,1181,32.43253833437773,5.030116211449532,2.6629312371282543,0.3087500008219291,10.392304845413264,1.3314656185641272,21.899672259544737,32.43253833437773,46.03808908204174,37.436925384494316,0.9603550283856762,0.9602560381655579,0.060218364251648386,0.03967794972734447,4,5.383590473868041,37.23583828629871,0.04730086674064058,1.8743759360932382,22.516337906871772,0.01968299240904972
697174.762643,697179.762643,1197,32.60385997788552,4.465886773517151,2.651734872007396,0.2700087585582832,10.392304845413264,1.325867436003698,22.14959707699207,32.60385997788552,68.65414540362434,51.99781630895149,0.953382527508821,0.953537759451047,0.07457656506911052,0.052111931399110474,12,8.24112551649436,41.4880422130843,0.19858995110157165,2.321833691582383,25.036236318802235,0.021676999516334696
697179.762643,697184.762643,1084,31.35057722821424,3.328285014496369,2.796184935743421,0.2088479213872895,10.392304845413264,1.3980924678717106,23.248262471323734,31.35057722821424,86.50137763236218,61.36179440184217,0.9686768734195721,0.969049209495466,0.05999599770579885,0.04384721003485814,4,36.472291940407146,491.2389800762015,0.15379382255232768,3.083678803349705,28.833645807841336,0.020748365378390626
697184.762643,697189.762643,1186,35.14538177504125,4.875845356749,3.1183459389249144,0.25703320822086534,10.392304845413264,1.5591729694624572,25.067075722352918,35.14538177504125,83.77368055568208,63.26671809158958,0.9604738772288155,0.9604738772288156,0.06571185710687633,0.04264980239392493,2,12.350902594995832,185.24140895906984,0.18104365518035634,0.23415832368251374,7.944677915393521,0.018520162125380907
697189.762643,697194.762643,696,37.21202992102938,8.119851569082458,3.2699150388783984,0.5718861034113556,10.392304845413264,1.6349575194391992,27.909634449444614,37.21202992102938,105.56720208520693,62.523347191812256,0.947235216761167,0.9472783287058965,0.09848895638776282,0.09079699758734308,19,34.36847575293165,169.30493147755595,0.10467664398841148,3.8649637317017445,32.22553409648108,0.03055051421657592
697194.762643,697199.762643,1127,37465272.86557978,1257738772.9796648,3.1874206358503043,0.474224746469659,10.392304845413262,1.5937103179251522,25.566265330348497,37465272.86557978,71.73339971105572,57.785933721889435,0.9664204450788488,0.9664875121427092,0.06552825632997407,0.052255636708436186,9,8.8024250873951,50.96341439829408,0.09941450035764614,1.4878470578871548,20.06327280616717,0.020906303024642352
697199.762643,697204.762643,970,34.26695395459105,5.08764342023562,2.954952917200165,0.3980723521555658,10.392304845413264,1.4774764586000824,25.83894544647879,34.26695395459105,100.59910840507665,63.26764948419761,0.9449487735924654,0.9452649655445996,0.09305660578476566,0.08303505400874131,22,20.00275341389804,77.61897495752595,0.1668633051739886,6.390139381985955,41.17854731998034,0.02546572617109785
697204.762643,697209.762643,1207,37.82222446033753,1.8503729483708204,3.1544991326791987,0.37273910742329125,10.392304845413262,1.5772495663395993,27.554466187182577,37.82222446033753,115.57508960695216,55.600507482049956,0.9757952774806855,0.9757952774806855,0.05587959175789617,0.04302904923550195,6,19.154829974633948,395.64225493633256,0.03869374381483686,0.9020531059868498,15.61020744616374,0.018328754778412476
697209.762643,697214.762643,1175,34.70122482991526,1.9097629595586358,2.940758322619206,0.43507352396093174,10.392304845413262,1.470379161309603,25.654164756724402,34.70122482991526,111.64223549335875,57.570914558216266,0.9616687824565036,0.9616620625534013,0.056888510643264195,0.039791334708109076,5,11.054418260402317,93.93054677781262,0.03794033164670015,1.6312859241852293,20.96726079265204,0.019514744307577454
697214.762643,697219.762643,1159,34.280328455613876,3.1265921817214646,2.874814893614792,0.46337036541295185,10.392304845413262,1.437407446807396,25.227125971545462,34.280328455613876,111.13635738191665,56.17304512518382,0.9656057600254897,0.9649135950998996,0.07114043965362118,0.06342881173170499,11,8.895088214565462,49.62744078121716,0.07549889977867107,2.8468481346147456,27.629661291325302,0.0199960643628052
697219.762643,697224.762643,1054,36.62874006780317,4.158193700195835,3.0520948492185687,0.5463239324784073,10.392304845413264,1.5260474246092843,27.805365373062454,36.62874006780317,110.1494032402577,63.50903220769895,0.9495457198719028,0.9481681819103345,0.08496983545304479,0.06834406384952225,12,32.52156198141079,331.72998605374806,0.1279561708490449,2.6894707453045745,26.859351599471882,0.023735810113519093
697224.762643,697229.762643,1113,39.111976430326,4.131646744446919,3.21857636723123,0.5287300149649067,10.392304845413266,1.609288183615615,29.266251712983866,39.111976430326,99.41733913451655,62.726339936388854,0.9786022918604199,0.9778900133794898,0.05836318892611453,0.056669658519325934,7,14.18208032165027,87.8004378362761,0.12778715928496998,2.4631858335165764,25.715013137201392,0.02009741334468246
697229.762643,697234.762643,1029,39.61613693658086,4.125270566594049,3.137482515095671,0.4982059961892662,10.392304845413264,1.5687412575478352,29.880762596149015,39.61613693658086,103.59459136943408,63.490263102563205,0.9656967388883035,0.9651271540324319,0.07753415484812015,0.07368011362880444,16,33.86736145501603,327.1476870775833,0.10115845237183828,4.086947532039903,32.99883150960093,0.023579356554651935
697234.762643,697239.762643,1085,36.3280411123443,5.217512618249118,2.9325343701260644,0.38948559430316626,10.392304845413264,1.466267185063032,28.018329029848317,36.3280411123443,100.6265189620342,66.63738624826631,0.9360382295343884,0.935013295487837,0.10797074453905274,0.09150268274122626,21,19.033719798623704,75.21879633183912,0.13650776894630157,3.9013342928081642,32.29952890606408,0.02472309806775002
697239.762643,697244.762643,588,35.952985719103815,8.486126922470973,2.9682844581549865,0.7333380939982087,10.392304845413264,1.484142229077493,26.002384596284497,35.952985719103815,94.04601588139231,53.840328646434585,0.8986727836594564,0.8953322601039626,0.1403881682569582,0.13823691056587376,47,424.9139563778395,3817.452687513608,0.21356635000271204,17.06822512003088,65.9472183012404,0.04940923737916219
697244.762643,697249.762643,1035,37.35713680717085,4.131545223601348,3.0663120490524323,0.33270818664966323,10.392304845413264,1.5331560245262161,26.76537570687817,37.35713680717085,88.34717874580211,58.6787067218631,0.959250664734896,0.958679415706052,0.08163596233520619,0.06846512210338346,8,315.6983432289628,3431.5691829175066,0.1370983133983548,5.630631093127831,38.71396571718066,0.022222222222222223
697249.762643,697254.762643,1196,39.1215096163429,4.743924347774782,3.2479164007970134,0.282344473107446,10.392304845413264,1.6239582003985067,29.795734685764682,39.1215096163429,74.03845897857603,63.310852559512405,0.9656535919262703,0.9648558782253057,0.07767023978642036,0.060976298245944756,4,4.276664790320622,23.183227977808215,0.12202692560326565,1.833080567113402,22.261405137479855,0.018688024408848206
697254.762643,697259.762643,1211,36.132518081371536,4.261919680957935,2.9826156956386436,0.24534111116339669,10.392304845413264,1.4913078478193218,27.338701009481618,36.132518081371536,71.15617592301317,60.132868592865194,0.9785493186501519,0.9785451898309941,0.04335001630507009,0.03202409290061504,3,2.498617843344316,22.660788229917202,0.07360779373713029,0.4528987606091782,11.084915597205272,0.018413084734958785
697259.762643,697264.762643,1149,32.32790242567283,4.339203369569617,2.739734591919596,0.3648040981411537,10.392304845413264,1.3698672959597977,23.04129684981135,32.32790242567283,75.98849710644954,53.4487958048417,0.9746253310154821,0.9737797205565726,0.06428038640409861,0.05252425428127348,8,20.859227380128086,268.68547939859343,0.10418370619428764,2.4374213430454486,25.659279170546128,0.021208373413952635
697264.762643,697269.762643,1192,34.23889808693095,4.561047886300826,3.0238457791307343,0.37754404586356133,10.392304845413264,1.5119228895653671,25.100455213028493,34.23889808693095,68.88566578135776,55.07780884060798,0.9732942688648798,0.973027301219068,0.04728385446631115,0.02997460034115092,1,3.0250536920466624,20.763315649170252,0.06982283960221022,0.924231076008253,15.858982902348068,0.018426939832803486
697269.762643,697274.762643,1014,34.30664935313108,5.0870749900477135,2.9935163888613405,0.40993156340383297,10.392304845413264,1.4967581944306703,26.43999270658571,34.30664935313108,72.30200695806231,61.760677444163356,0.9454182352088142,0.9434305259214673,0.10153465561705584,0.09532804636465199,29,35.78862278172116,168.4121884357778,0.117031820828773,6.528544767981404,41.71959736636247,0.02979341845738607
697274.762643,697279.762643,1200,36.39068890950738,4.41072227343605,3.064139381753383,0.233490386172042,10.392304845413264,1.5320696908766915,27.179765792457726,36.39068890950738,74.82960750725607,60.97752190325854,0.9801716575612058,0.9802298651781113,0.04526766084631347,0.03361272304686371,3,3.6284161215301842,20.137825462802063,0.08884143812202672,0.9163513111128948,15.770526000506262,0.01868421052631579
697279.762643,697284.762643,1219,34.60325076552994,4.057459650289683,2.930531691731499,0.2090664613068949,10.392304845413264,1.4652658458657495,25.620267832117054,34.60325076552994,77.15396394523212,58.729411747559006,0.9742012302748307,0.9742166966113985,0.05417202536952237,0.03576934390009597,1,15.578705922358244,158.80042656759798,0.07820595594309444,0.9008967304345609,15.635940175337081,0.018580084337176
697284.762643,697289.762643,1189,34.379090060305145,3.7863852901077584,2.901417898466348,0.24556704467128854,10.392304845413264,1.4507089492331742,24.228023610081966,34.379090060305145,82.91727157908473,54.20137210825284,0.9770523507232028,0.9770435831837676,0.08003856661064378,0.05535647393375255,1,77.83324213404674,1353.632472720341,0.07288071415514231,0.4645172491189314,11.229716430402494,0.01896035294291237
697289.762643,697294.762643,1237,32.89180048334369,3.51552818059442,2.7489973069736644,0.1974888478892885,10.392304845413264,1.3744986534868322,23.21071854016623,32.89180048334369,78.50319745903879,53.14978098798146,0.9804382945176017,0.9804437176205578,0.04225534343805514,0.026654218437289108,0,7.50934203947118,61.12866162805014,0.07170339202530238,0.00032356850363145,0.005750380845414052,0.017543859649122806
697294.762643,697299.762643,1195,32.31734554266469,4.0031781395267085,2.7334205757526706,0.23084844770185436,10.392304845413264,1.3667102878763353,22.665666163041873,32.31734554266469,76.25142353186871,51.80057296303394,0.9714333373497546,0.9713781528839973,0.06875893085796937,0.05214211176330511,8,48.724748910951234,804.7148041070799,0.08071350584144027,1.3834228638983583,19.3633960224638,0.019041327167290612
697299.762643,697304.762643,1237,33.885517034196276,3.6234329445998097,2.910824548422547,0.24345991593621588,10.392304845413264,1.4554122742112734,22.630486922236138,33.885517034196276,87.68465877793422,49.92431568570218,0.998303991759918,0.9983746976699176,0.01282696134391723,0.008714679453750152,0,56.70074125335812,1196.1692913676443,0.05429640858122259,0.0010612007904149856,0.02257122637899946,0.017543859649122806
697304.762643,697309.762643,1204,34.82615796973009,2.9204687261951636,3.046195903854195,0.11187940391001223,10.392304845413264,1.5230979519270975,22.154632882457964,34.82615796973009,83.35517633844995,45.98673773372613,0.999224047894986,0.9992282007189062,0.01632042806048854,0.01630015772422939,1,2.3200854579997547,12.350684483874238,0.03510168040918437,0.45552607545415996,11.124205810029324,0.018767849857201143
697309.762643,697314.762643,1239,32.965329647784536,2.9948074198845878,2.889776815340015,0.11413809560697072,10.392304845413262,1.4448884076700075,21.207270226405782,32.965329647784536,85.42547488699806,46.91219867091853,0.9994395597372872,0.9994395597372872,0.011457939903530986,0.00809228150259891,0,2.39882017792913,10.069423442425345,0.0429474510078291,0.00024142085922785087,0.004511095093146061,0.017543859649122806
697314.762643,697319.762643,1188,30.036878883450466,3.256822674639748,2.6128290781734873,0.13871053261983496,10.392304845413264,1.3064145390867437,20.342241396948438,30.036878883450466,78.20372613784191,50.02938800124997,0.9916101742187102,0.9916143829729187,0.032242961726611785,0.02563588780620541,1,3.9934204487411913,26.733961185755394,0.09497626922469012,0.9259500625400183,15.84570343091982,0.019050150629097998
697319.762643,697324.762643,1208,31.13151899330899,3.774678526276601,2.6935269843259646,0.12919662647656788,10.392304845413264,1.3467634921629823,21.235503966328327,31.13151899330899,71.00918418150682,47.64673596691416,0.9950023776054286,0.9949999427594494,0.020105155896093185,0.014823280063487956,0,11.182342465153331,138.40240341961015,0.07292940767579441,0.4532028957121928,11.094626998786003,0.018328105030788893
697324.762643,697329.762643,1169,31.994961713073746,4.042181949975861,2.752924961169693,0.16579595408867756,10.392304845413264,1.3764624805848464,21.73764675770133,31.994961713073746,72.95362704131102,48.01674108712274,0.9887325178168437,0.9888158192108681,0.047889854857263235,0.04405068123739917,8,8.65356020915437,59.904269964772574,0.08924294720926274,2.353587315891152,25.201487848832453,0.020245223838038208
697329.762643,697334.762643,1199,30.061349877848333,3.731868409825682,2.6022238189986098,0.12619623204810893,10.392304845413264,1.3011119094993049,20.095376914774043,30.061349877848333,67.20060797239086,44.023994103761915,0.9966181405829301,0.9966377603473454,0.03014732529824298,0.02789243070500859,3,2.607633356766807,12.833294429089172,0.035225081084439204,1.3666845689899925,19.240798042871383,0.01850957669402865
697334.762643,697339.762643,1081,30.39037201147283,3.861067754044242,2.6423493389152286,0.22824402755467066,10.392304845413266,1.321174669457614,19.684824053117275,30.39037201147283,78.04768547261018,45.31892857050619,0.9909157406973577,0.9912580088465656,0.046115926087204676,0.042438612879642366,6,21.239745777469203,109.90245514321671,0.105181768270294,3.836447308542355,32.07659197387497,0.02104938572147297
697339.762643,697344.762643,1229,30.756517000344328,2.4253360369137646,2.5989792222724613,0.08281006284102993,10.392304845413264,1.2994896111362306,19.113118743742003,30.756517000344328,86.41839177870519,44.50602974274935,0.9990047262333839,0.9990047262333839,0.01032488881243781,0.008821166438498413,0,2.5895941035275705,17.269188592195963,0.055897585928730315,0.0007168544970571412,0.011632972582416789,0.01762950908597776
697344.762643,697349.762643,956,33.9069465565289,3.651255096106522,2.8472125058614832,0.18899187336343576,10.392304845413262,1.4236062529307416,23.524896267301393,33.9069465565289,76.08049545170212,51.88884921213608,0.9758155098793636,0.9760942421997031,0.05246606950539101,0.035844963463398063,1,3435.5593168112573,58272.64181268287,0.1082886427025785,1.7276506827667948,21.59344742108293,0.01974601776407546
697349.762643,697354.762643,8,28.233968841203573,5.4517359030641295,2.4846401620765217,0.22906007163388484,10.392304845413264,1.242320081038261,17.975409451268927,28.233968841203573,43.128903147802845,43.85415478671147,0.9210525900160934,0.9210525900160934,0.159852065812709,0.159852065812709,1,38.17609411461192,51.92879281063622,0.013893393981927321,0.053023641695866465,,0.12280701754385964
697354.762643,697359.762643,987,34.03078472128324,2.8058415218619452,2.8826445236955087,0.10369652856280501,10.392304845413264,1.4413222618477544,21.39593864939437,34.03078472128324,86.49205421513908,45.3609487158389,0.9967742301483442,0.9963638958018396,0.0357718965670524,0.033373686736211806,4,3.5096454804205623,15.698210089982762,0.04957104715245092,1.6619439705579286,21.181871516046673,0.018823654881885563
697359.762643,697364.762643,1224,31.51451591009004,3.896369521134936,2.6426691418329566,0.107501316933663,10.392304845413264,1.3213345709164783,20.859339557259585,31.51451591009004,66.30894653554486,44.172213730388805,0.9938906981272899,0.9937990394698993,0.030178545274796537,0.027085626030391052,3,61.3410372105238,981.9348167890952,0.05345554365516661,0.8915231103102893,15.531346312993938,0.018145854833161335
697364.762643,697369.762643,1197,30.8645983394218,4.670369029167525,2.615848612754936,0.29334622597841736,10.392304845413264,1.3079243063774677,20.738543301512408,30.8645983394218,72.74954062138913,47.31462483995634,0.9917497516348025,0.9917133592405389,0.035242892246050844,0.02598663307418199,1,11.375047173851764,91.36719102517816,0.08829122537748457,0.4556854198232934,11.107429942010665,0.018071494525788153
697369.762643,697374.762643,1167,39.95745731680114,4.2506346384155504,3.361100226085293,0.22120328074362922,10.392304845413264,1.6805501130426466,30.0914345424672,39.95745731680114,86.39129015752327,64.0756852292659,0.8877984576362875,0.8867733375712857,0.16096688355069239,0.1551819562507299,90,26.788550263825233,71.195925501784,0.1532228338132218,14.934504340707866,61.959518699483084,0.03107382853019438
697374.762643,697379.762643,1151,36.10193061489568,5.02019401402932,3.052177340059145,0.2784131512167917,10.392304845413264,1.5260886700295726,26.884050352254864,36.10193061489568,75.89271062090305,63.20281695854488,0.9332660329854466,0.932919749758865,0.11467710134377454,0.10216813765779252,47,23.0001445801313,119.84987988514396,0.10512583914480121,3.0174444565816745,28.476995283581036,0.02705503985855168
697379.762643,697384.762643,936,41.70268936246278,4.717750813790119,3.622103640936105,0.4061933250560066,10.392304845413264,1.8110518204680526,30.963522244543412,41.70268936246278,79.7728909014707,73.35527309976155,0.8980949797609723,0.8982700942074886,0.13020825175330908,0.08744541824350022,7,29.807834933852252,93.65627365223247,0.1602362473837795,16.04264914588633,64.16599060503405,0.0318263607737292
697384.762643,697389.762643,1215,42.54044520828049,3.523092862317343,3.645570889140091,0.3087308523995856,10.392304845413264,1.8227854445700455,32.51485053842138,42.54044520828049,56.432841788835745,65.14466241107691,0.9706250970814413,0.9704099213531483,0.06038596916196776,0.044366111085554,0,2.230257033714043,12.856826929982535,0.14374198983785325,0.45238460434316463,11.0805965829237,0.017803768680961663
697389.762643,697394.762643,1112,39.09123241060633,5.0006098566250445,3.4021557316540214,0.3861309414644955,10.392304845413264,1.7010778658270107,30.699588611476337,39.09123241060633,88.06359260841167,70.83968781465049,0.9392976933278534,0.9392312745497513,0.09646397272076479,0.08235740502704686,20,11.31250461992232,49.39374011022304,0.11986559852513012,3.181480248296102,29.291672449673225,0.026158020951659724
697394.762643,697399.762643,913,45.525600117760085,4.942813113765385,4.113289775016026,0.38363054273897473,10.392304845413264,2.056644887508013,33.306454497605486,45.525600117760085,76.97213779552632,58.02031116785444,0.9788945927385098,0.9790482354543978,0.05180889205174204,0.04338587853169402,4,5.673113517907766,27.796343587083413,0.09370362670853111,0.9111246516421766,15.740591165553605,0.019619146442228244
