start_time_sec,end_time_sec,num_samples,pupil_diameter_mean,pupil_diameter_std,diameter_3d_mean,diameter_3d_std,sphere_radius_mean,circle_3d_radius_mean,ellipse_axis_a_mean,ellipse_axis_b_mean,ellipse_angle_mean,ellipse_angle_std,confidence_x_mean,confidence_y_mean,confidence_x_std,confidence_y_std,blink_count,gaze_movement_mean,gaze_movement_std,gaze_dir_variability,eye_center_movement_mean,eye_center_movement_std,missing_value_ratio
1146161.113028,1146166.113028,1157,26.00360988157169,3.131246895158011,2.6834755604238016,0.2285165397083485,10.392304845413264,1.3417377802119008,20.835614430931184,26.00360988157169,54.952594387862526,39.00050378169532,0.942444316394055,0.9405131673753159,0.10517515381783128,0.0825306328756949,18,7.141881969282707,36.19184710217414,0.2112656558575158,1.5554920959196794,14.940152786453169,0.022183808700662635
1146166.113028,1146171.113028,1186,27.648802306102485,2.193761433097658,2.8202481541664333,0.20740067261952516,10.392304845413264,1.4101240770832166,23.143488308378544,27.648802306102485,82.46207738009915,57.671922935323,0.9367697660925743,0.9354437511984461,0.1006695519459852,0.07285505189074463,16,9.349410295305297,50.93351736645767,0.1378042178424206,1.7407435215868206,15.798381747497515,0.02020650276619035
1146171.113028,1146176.113028,1138,32.88005349291874,3.0643596901401935,3.616722976013794,0.35634441200769246,10.392304845413264,1.808361488006897,28.56458608053252,32.88005349291874,99.95379486607668,69.10822565613593,0.8728525938940586,0.8703641490685178,0.1396866470322271,0.08378019448344587,10,10.870205695392364,44.05715327929381,0.11678789864972065,2.157378697302812,17.572939146281453,0.024203743101162398
1146176.113028,1146181.113028,1237,25.498230381116475,3.7339454394566767,2.9352655207603986,0.4175707723340605,10.392304845413264,1.4676327603801993,20.470396341892634,25.498230381116475,85.070818016858,48.70189867288604,0.9860638931219263,0.9860638931219263,0.05259858878582543,0.04547369397121996,0,0.7922823401009472,1.386021600964003,0.051085098091029985,0.00017859973734498077,0.0034719622082253344,0.017543859649122806
1146181.113028,1146186.113028,1205,24.87748922650355,1.0970239771066685,2.8014015303145574,0.12201610421624999,10.392304845413264,1.4007007651572787,19.357273027907848,24.87748922650355,80.02032036577157,45.14956988207918,0.9834388778365615,0.9831898373810394,0.05641541900962921,0.05108711142264597,10,2.818210728347095,15.777712252801944,0.07551749249558874,0.4884611696915289,8.420356897748462,0.019028900050957268
1146186.113028,1146191.113028,1205,26.707026502431102,1.5513965436401074,3.0297955559377465,0.18648405158195458,10.392304845413264,1.5148977779688733,20.56155003527608,26.707026502431102,71.84623909168823,46.874636513942804,0.9846546257333271,0.9846347939406962,0.044469616697684684,0.03628564490120169,3,2.932193227097075,23.328877683968336,0.10985954352235437,0.4859624133729393,8.38857592957218,0.018155346873407585
1146191.113028,1146196.113028,1224,26.60025837421764,1.6452786933503076,2.94619112580743,0.19333346547360603,10.392304845413264,1.473095562903715,21.304570379892255,26.60025837421764,83.97462203275329,50.91899458475564,0.986112299149976,0.9857272937476218,0.044926269160071426,0.03957270780520207,4,2.431550926176548,27.570713835650654,0.07301117403104464,0.2388526227527147,5.878149438232428,0.018145854833161335
1146196.113028,1146201.113028,1219,25.28549527612076,1.3617107124101075,2.813038256577583,0.17662884535385767,10.392304845413264,1.4065191282887914,19.892353229035884,25.28549527612076,81.76157140106248,46.97979917859056,0.9847844972516315,0.9842089809864093,0.04530374744921391,0.0401117875060636,3,3.0465690411127517,31.66091734596328,0.053088132513466994,0.2405557835686177,5.9032376823087755,0.018407380222500467
1146201.113028,1146206.113028,1191,25.372876132230974,1.135921451621657,2.829313562308662,0.1236147850923227,10.392304845413262,1.414656781154331,19.39448383116005,25.372876132230974,78.37893926787683,43.543754269651004,0.984086975465594,0.9839474849672265,0.05774376897637521,0.04952575102697552,7,4.687189519009881,36.48815822926967,0.08666418549136186,0.49398833034168094,8.460933657037328,0.019046356445269346
1146206.113028,1146211.113028,1185,27.150342981819232,1.2035571636039513,3.030135426023983,0.12779065565916176,10.392304845413264,1.5150677130119914,20.518505164034785,27.150342981819232,57.33517491112128,41.99066522921845,0.9615088876696881,0.9618571452795477,0.07831757712649458,0.05853260099106108,10,4.720215806739119,32.72489279260195,0.11980264760180916,0.7498573311869372,10.419071313889448,0.019675771707750388
1146211.113028,1146216.113028,1198,25.980353877936896,2.317718427772781,2.9072644170749373,0.26175792332856185,10.392304845413264,1.4536322085374687,19.95572859962964,25.980353877936896,81.64281824934386,46.20724610647272,0.9943874237073511,0.9943655958200479,0.04025365700604922,0.03375654724303806,3,2.473730835486463,18.862216398907012,0.07723112840265699,0.24525412600727733,5.963281651277571,0.018334651319450546
1146216.113028,1146221.113028,1181,26.042472618156705,1.481674583577438,2.9191254139391454,0.16604373318541815,10.392304845413264,1.4595627069695727,19.78331985304953,26.042472618156705,78.83685224487385,42.59488126135179,0.9881316924219863,0.9874960878066321,0.05691457266841961,0.05671130977707259,12,5.262209401501315,37.73744322640496,0.061635578712369354,0.747224709991005,10.404274426284937,0.01977212294071334
1146221.113028,1146226.113028,1198,25.197818511063797,2.0157527610079073,2.8258937719920683,0.21907191171778514,10.392304845413264,1.4129468859960341,19.22455445216285,25.197818511063797,78.20942796088995,46.64226656094989,0.9797780503683465,0.9792048244245205,0.05633993443058575,0.04121748603654157,2,4.911245731173976,41.07321025898232,0.1349442137812859,0.24813410958826868,5.993284293313474,0.018861845766335705
1146226.113028,1146231.113028,1231,27.874264365064942,1.463779730363053,3.0721402532285587,0.16673735098185558,10.392304845413264,1.5360701266142793,21.951487549342122,27.874264365064942,58.4182932551663,51.61745391710717,0.936672822765866,0.9364645840854184,0.09412541853961105,0.06059567204309329,6,2.2223198733857026,23.713306184631914,0.09289339700129702,0.23912871591338902,5.888406070247482,0.018398962475237646
1146231.113028,1146236.113028,1130,30.225883104516253,2.1377422049752113,3.3766361072189732,0.2098461239291292,10.392304845413264,1.6883180536094866,23.53312961777276,30.225883104516253,90.19214716562614,61.166910395349724,0.943812008219139,0.9432248880870243,0.09596248479249933,0.06584418648317744,11,7.551020500756908,39.53433235244386,0.16305199615331026,1.4830636410170406,14.62110682942902,0.023226207110697096
1146236.113028,1146241.113028,1156,29.349261802121045,2.665921487362868,3.2339886471710084,0.27216199905873917,10.392304845413264,1.616994323585504,23.100651423413915,29.349261802121045,89.43357810308176,65.0125050707364,0.9527570494347706,0.9516337613702672,0.08113500312614219,0.05453128322824542,4,6.499146917293827,41.720491379947035,0.15722396991320375,0.6469128626173946,9.670424610866531,0.020548776786256297
1146241.113028,1146246.113028,1211,29.6458158170101,1.5805913136477783,3.222481538212149,0.18819548410045306,10.392304845413264,1.6112407691060746,23.647050438985893,29.6458158170101,62.729384828580145,42.02983938760649,0.9585115811697118,0.9582835374659153,0.06261967722492959,0.03792830962723815,3,2.98441993701378,28.96346956053809,0.043896056099947685,0.4843562233899341,8.376753271680904,0.018500007243542383
1146246.113028,1146251.113028,1216,27.778524140586825,1.3395007254403668,2.974781478854729,0.16246803312024505,10.392304845413264,1.4873907394273644,22.198760295994155,27.778524140586825,56.9561952685542,38.89428692710496,0.9446077325037093,0.9442240408376633,0.07595645766249526,0.043608815367471514,5,2.1057022212536856,16.010906064519958,0.04199879910282859,0.7232873293440215,10.227531801624218,0.018669205909510617
1146251.113028,1146256.113028,1211,29.984996039643853,1.3117670506199262,3.218112181960269,0.16863865267021955,10.392304845413264,1.6090560909801346,24.04536396808039,29.984996039643853,55.9998732078511,40.55034915656627,0.947105984108701,0.9464866007790745,0.07507698838997295,0.04521372719392079,5,2.095915399469873,16.015665779076002,0.05878892343794656,0.965684275235639,11.808271075785642,0.018500007243542383
1146256.113028,1146261.113028,1170,30.391758215037527,2.110887397546681,3.2222153896367907,0.25655337289852237,10.392304845413264,1.6111076948183953,24.19953409484035,30.391758215037527,92.46341405401847,59.161969698977686,0.9412636616679193,0.9399980982502696,0.08832626633650377,0.04901959892375135,1,4.935205523802011,36.52557624027212,0.12494535900191124,0.5074385294322568,8.57086698691937,0.019613135402609085
1146261.113028,1146266.113028,1184,28.913945950755565,1.2272060025296487,3.0209547450294574,0.15812955085586225,10.392304845413264,1.5104773725147285,23.393579146536457,28.913945950755565,73.89077089067237,48.45974511804648,0.9448644080452376,0.9444983239010164,0.07941355688911576,0.04827522292469249,5,4.541332349768677,31.736615477060965,0.06301179862324287,0.9914839298184834,11.961668429058989,0.019144144144144143
1146266.113028,1146271.113028,1216,28.178616783328764,1.7477673762992887,2.9558402408671625,0.2154487427776245,10.392304845413264,1.4779201204335812,22.135979639777275,28.178616783328764,81.65074639710522,48.0720716335369,0.9691025973292873,0.9683797434132955,0.07287574175923982,0.058032599189015294,10,13.52012707811904,264.3988075917357,0.09516550489065045,0.7254211510334092,10.234694619499194,0.01918859649122807
1146271.113028,1146276.113028,1218,28.186469016950486,1.158370917086234,3.0131830714953676,0.12446395343950527,10.392304845413264,1.5065915357476838,22.36601075446577,28.186469016950486,73.65087268711864,45.73797151691596,0.9601197362236266,0.9601197362236266,0.06728953150164682,0.04237511485351897,3,7.419348303884073,82.06861431540959,0.08175114706275649,0.4791893495285552,8.330042241510093,0.017975974418805635
1146276.113028,1146281.113028,1193,26.92067379861749,1.2029001222376925,2.872909937570814,0.13576210657230836,10.392304845413266,1.436454968785407,21.23824369910854,26.92067379861749,72.24191538376829,44.58822029600855,0.9588967450968167,0.958958332664831,0.07341730037575571,0.050339843656485715,7,3.7752806906442573,28.67632779823194,0.08233854588415619,0.49201520654589137,8.436628769486592,0.018867369597505918
1146281.113028,1146286.113028,1194,26.179476938161574,0.9913549351191631,2.799057826904325,0.1316229727134643,10.392304845413264,1.3995289134521625,20.204224377554638,26.179476938161574,86.0080242044437,45.24591517898202,0.9948610362276554,0.994582138173131,0.033517078811296334,0.028957717716887425,2,2.626244399769291,22.63721340527373,0.051438732847979764,0.2460140093439184,5.978499994400023,0.018513620735255223
1146286.113028,1146291.113028,1219,25.061754014629706,1.2154133246832755,2.6239928648360746,0.12573935361528152,10.392304845413264,1.3119964324180373,19.849950465017983,25.061754014629706,91.79415682972576,49.12349112248339,0.9957940609450535,0.9957797405106981,0.031591491572077024,0.030061923187763014,4,3.758754240410613,41.051602402906774,0.05962268351928351,0.23996719806639152,5.88678609955155,0.018234676107824935
1146291.113028,1146296.113028,1218,24.934147038205186,1.4405105196057064,2.6188050738216107,0.14320500021788587,10.392304845413264,1.3094025369108053,19.6795966894024,24.934147038205186,84.24938413766384,48.27563741144211,0.9857825713547853,0.9858984150043781,0.04536108798476365,0.03458425364216634,3,2.8711469445566964,26.209383187039354,0.07214024987241403,0.24134333552030096,5.892806334511569,0.01823524328061533
1146296.113028,1146301.113028,1205,25.578341307025838,1.1029347101520974,2.6938429947050913,0.12421170544043343,10.392304845413264,1.3469214973525456,20.430699512178915,25.578341307025838,84.57327199339737,49.25178200823612,0.9796807092985791,0.9798055285366096,0.05494110046089688,0.03767453117086682,1,3.527559095307966,35.42093616501291,0.06668504756079448,0.24318936531574428,5.929091414829422,0.018242702191162554
1146301.113028,1146306.113028,1188,27.144023176324566,2.207491232599857,2.875552435732168,0.2252173826827159,10.392304845413264,1.437776217866084,21.065747094367794,27.144023176324566,82.1032387223066,47.36765734482194,0.9788968121667398,0.9781002358351419,0.06418537919966882,0.05736873527597046,11,3.294527201305423,23.616430089267766,0.08867758683888423,0.6205213165958857,9.471826588414546,0.019847598794967215
1146306.113028,1146311.113028,1211,32.06974237452438,1.251639249815574,3.319578378525126,0.13408622357580854,10.392304845413264,1.659789189262563,26.09594857332123,32.06974237452438,79.47583350845863,53.93191602072271,0.9554137787004284,0.9547012688304283,0.06489361477792134,0.04316939393728562,6,2.2241152245896783,23.074259207765895,0.07474132644789017,0.48325174127523174,8.352984518207348,0.018673852260709577
1146311.113028,1146316.113028,1227,30.486014283903497,1.8709297227718695,3.143527832712565,0.1942023056901612,10.392304845413264,1.5717639163562824,24.761369239184592,30.486014283903497,53.74592164444202,41.812785677488506,0.9643670606182198,0.9643670606182198,0.056726984295484686,0.031321348575512276,0,0.6713049045017703,5.917228514184267,0.05139262947583256,0.0011397973910324804,0.020579083939395434,0.017629648693861792
1146316.113028,1146321.113028,1211,28.26415607548457,1.0518911459494924,2.87087148824675,0.10771469528696835,10.392304845413264,1.435435744123375,23.292674947334195,28.26415607548457,84.95458893643634,55.44834309762296,0.9618375002001538,0.9614312356325851,0.059443254682446066,0.036370860790259175,1,1.5816737694657053,17.060887079762793,0.057737579203982044,0.2403734332851393,5.888021540658578,0.017891549683457197
1146321.113028,1146326.113028,1224,28.893111398706274,1.2723433076699637,2.9677899646901253,0.12342517839943482,10.392304845413264,1.4838949823450627,23.532914222097993,28.893111398706274,61.886383238482715,48.81273675108265,0.9514406407049437,0.951103881940247,0.0721975981162556,0.045133790475798734,6,1.5320678806102512,14.374091358872374,0.07402373829086917,0.4772631771143925,8.29864335437149,0.018403852769177848
1146326.113028,1146331.113028,1201,28.203797828172295,0.9835692602059435,2.8735409797267066,0.10418742184180385,10.392304845413264,1.4367704898633533,23.23123813056468,28.203797828172295,77.81865719642408,54.63623249479754,0.9610672556218547,0.9607968595063949,0.06290758073334779,0.041458149961727045,4,2.4359571300866807,21.134641259126443,0.07793032814749125,0.4865044857408046,8.36964540803121,0.01842032224608148
1146331.113028,1146336.113028,1194,29.44227605478981,1.6845451259538575,2.96759058329313,0.1680417045960226,10.392304845413264,1.483795291646565,24.252209201521957,29.44227605478981,89.93569004043337,55.64611401283674,0.9555492528612193,0.9555492528612193,0.06707668400886543,0.04271348640021329,4,4.282405563155746,37.07826901560225,0.03627731363634444,0.24502607814805577,5.9469833240887615,0.018954421228951777
1146336.113028,1146341.113028,1203,28.95486172654915,3.393056965790099,2.9401034725568915,0.35470378958936266,10.392304845413264,1.4700517362784458,23.632360227692875,28.95486172654915,92.00145569097135,52.58677195378011,0.9822537883938706,0.9822111521934914,0.04500562378485458,0.03519342096521583,3,3.3906500998276154,28.07765381131322,0.0342816463425177,0.24218786450415092,5.908173397300828,0.018243864024150153
1146341.113028,1146346.113028,1212,30.041960705603866,1.935995573241264,3.0389074833666845,0.21209101764847393,10.392304845413264,1.5194537416833422,24.783493756992904,30.041960705603866,93.66966035802905,55.11857397981473,0.9778113714377519,0.9775111700756963,0.04838477467433711,0.039285965968421085,5,2.2734582777611827,21.93445350159575,0.024741925634789507,0.48052145867443036,8.314794218272036,0.018412367552544728
1146346.113028,1146351.113028,1240,26.677701041306648,1.8982682908003596,2.712662532168579,0.19760776174032008,10.392304845413264,1.3563312660842894,21.784128501658476,26.677701041306648,89.33819863859225,53.237539230497475,0.9934200556954784,0.9934200556954784,0.022002664863985593,0.014947353700015922,0,0.6953965846719887,1.4061172516732685,0.05355726573616734,0.0005434497427819837,0.009171664852832849,0.017543859649122806
1146351.113028,1146356.113028,1217,29.57661754212273,1.7651633169857186,3.027112925509176,0.18631502769818503,10.392304845413264,1.513556462754588,24.323222442297112,29.57661754212273,72.95338721288759,54.15288275567638,0.9613789861774338,0.9603119109473051,0.07154068782314925,0.055146544654274834,9,3.252039944006847,25.882169814194867,0.07860716344674491,0.7179479894252444,10.166841600777218,0.019014257088901382
1146356.113028,1146361.113028,1200,30.39423257218727,1.208087030182707,3.098447740224241,0.13114681691345154,10.392304845413264,1.5492238701121206,25.224525414251026,30.39423257218727,89.84764169622157,56.50501525955919,0.9376121730978404,0.9361674937579119,0.08963705199997304,0.059994990512706244,10,4.171057209332884,32.53981398938548,0.04423134441832618,0.975230081975231,11.842793775466996,0.019649122807017545
1146361.113028,1146366.113028,1202,29.902228481832964,1.7261873847256535,3.043077247554358,0.16871692517248674,10.392304845413264,1.521538623777179,24.46410201959118,29.902228481832964,71.1376445026603,53.09327411709909,0.9435271659035687,0.9430663144106225,0.0785274942948677,0.045902749169613406,4,2.5811769016807657,19.48931169245877,0.066713492064248,0.487180770736072,8.372080765891683,0.019120179817263626
1146366.113028,1146371.113028,1238,29.481046637290113,1.221827633922214,2.9970463290969165,0.12188689425196476,10.392304845413264,1.4985231645484582,23.964059743243258,29.481046637290113,77.02409741265784,51.76966258404689,0.9556610075906073,0.9556610075906076,0.058934097334044706,0.027464594211245218,0,0.5855965742836633,1.2692353469990332,0.06363438173536715,0.0005561224061093339,0.0125130398804399,0.017543859649122806
1146371.113028,1146376.113028,1213,28.54800178977298,1.5839631556621372,2.9250194927966104,0.15474150534413528,10.392304845413264,1.462509746398305,22.773163786194623,28.54800178977298,46.257305597314925,36.64912359580754,0.9609187500055124,0.9607055890414584,0.06539547720437701,0.043018452857907945,4,2.338528369058414,19.20288962809162,0.05670975912831199,0.6000247647659488,9.283008260875668,0.018758768314024964
1146376.113028,1146381.113028,1159,28.511533456060594,1.7480242614431865,2.8834230451484744,0.19120843208991464,10.392304845413262,1.4417115225742374,22.916206173331055,28.511533456060594,78.48524933764747,50.350279550079854,0.9578027833807568,0.9577440069830574,0.0663746354616933,0.045672637838293964,6,5.455051794785707,37.00112716764467,0.07298203541472911,1.1383156048124747,12.776735471070717,0.019632774775592995
1146381.113028,1146386.113028,1231,26.41520909193432,1.0638295920604939,2.6688652014390293,0.11899235629479864,10.392304845413264,1.3344326007195146,21.251284518757924,26.41520909193432,77.74080924198118,48.047307435786124,0.9455067117585831,0.9453020727014615,0.07365994623116796,0.036543292447288066,1,0.966157723352919,6.644772881453777,0.023039994791790502,8.820404287766825e-05,0.0015267285980650966,0.01780039049695726
1146386.113028,1146391.113028,1211,25.6334774968598,1.2164203122799733,2.5832866050479506,0.13131384383977995,10.392304845413264,1.2916433025239753,20.586409743563877,25.6334774968598,80.43269868389429,49.2200359671554,0.9537352546218413,0.9534908237802981,0.07499207097925667,0.04776920296818467,4,124.50496576125859,2394.0689422838104,0.03522165522077505,0.24079301264338504,5.890199716640331,0.018760774769293175
1146391.113028,1146396.113028,1212,25.91504074003221,1.5040756260555248,2.6301441047450393,0.14968139753033666,10.392304845413264,1.3150720523725197,20.72274838231026,25.91504074003221,67.0623037155385,46.67002285561821,0.9531224409601737,0.9527671333219279,0.06998703924336566,0.044554473524110384,3,3.207570649786467,30.758600471683135,0.07734376841952927,0.2410569753624921,5.893627269575871,0.018325516762202537
1146396.113028,1146401.113028,1240,26.52057843163167,0.8681435600913605,2.7034767873290995,0.08282938114053387,10.392304845413264,1.3517383936645497,21.480689939797696,26.52057843163167,74.2989339645483,51.682970691931686,0.9568000259704217,0.9568000259704217,0.0609464015148466,0.030637779325129948,0,0.626284377415694,1.3184036958968424,0.06873778949027186,0.0002739902434490247,0.005701230148772221,0.017543859649122806
1146401.113028,1146406.113028,1203,26.344328875306324,0.9522070976999157,2.697385366439856,0.09192118280016931,10.392304845413264,1.348692683219928,21.25387634668343,26.344328875306324,68.7763248788933,51.728386499693755,0.9494296023948515,0.9492779815115844,0.07291748688000686,0.04566975669115927,8,2.839779928890223,21.765933985517933,0.08619518567486346,0.7260415791985102,10.229822297444983,0.018506365664785404
1146406.113028,1146411.113028,1238,28.346542903983387,1.5164791489519365,2.894108737046195,0.1465744548298401,10.392304845413264,1.4470543685230974,22.72403668530581,28.346542903983387,61.66475011832013,49.46853189123078,0.9534683843153667,0.9534683843153667,0.06289355361917603,0.02994166273552341,0,0.6822387988297807,1.5818282816119493,0.09266499835982978,0.00019951195240997937,0.003479303652067484,0.017543859649122806
1146411.113028,1146416.113028,1219,25.43410293793127,1.5097645925260432,2.600782734071994,0.1490236714868715,10.392304845413264,1.300391367035997,20.685713792630306,25.43410293793127,73.59153021065748,49.08255152611253,0.9527705110545476,0.9524816055152696,0.07630933957429788,0.05806305774815364,15,4.083456848979278,28.936042351257417,0.05819260625171,0.7234928685270523,10.208456698047238,0.019616309025229192
1146416.113028,1146421.113028,1203,24.720440164735507,2.043019494094424,2.5255201108169922,0.2062463398092289,10.392304845413264,1.2627600554084961,20.257043447486424,24.720440164735507,88.57863183563143,52.43178245213141,0.9762026209189297,0.9756543439026565,0.061855094413525005,0.052653394827032705,8,2.81407883161498,20.013167620959692,0.03789621432851478,0.7288754963022499,10.241675800405941,0.018943868399177496
1146421.113028,1146426.113028,1238,25.149762509798073,1.4097442921989838,2.5595894098229293,0.14261732843924602,10.392304845413264,1.2797947049114646,20.734516983178082,25.149762509798073,89.11022206720314,54.73386753813143,0.9793393073023713,0.9793393073023713,0.03738987199615616,0.022031718327569106,0,0.5649486120312499,0.8093379545835994,0.028405683111270008,0.00044605279715996684,0.007499514698685052,0.017543859649122806
1146426.113028,1146431.113028,1209,27.232514964042895,1.1983800621238299,2.7783476396333895,0.12621880872340024,10.392304845413266,1.3891738198166947,22.281104824580403,27.232514964042895,87.556715969048,54.25593565925134,0.9674809285935658,0.9671472075933729,0.05822492557218261,0.043705903900526866,6,2.8806342863920187,26.420276077363106,0.041251298411045356,0.48197179115169436,8.337679755552333,0.01867572156196944
1146431.113028,1146436.113028,1196,26.11731681940827,1.2693017392717523,2.63960413907135,0.13688150943027919,10.392304845413264,1.319802069535675,21.309536418653284,26.11731681940827,78.35870318506132,53.115521240903696,0.9607153911137412,0.9607026211857201,0.06153412653746698,0.03899054064983998,3,3.2143828738817226,27.442271986760776,0.07074474587447398,0.24448517338723946,5.9349067320792575,0.018600011735023177
1146436.113028,1146441.113028,1219,24.83336994001029,1.0737696749059833,2.4974157044559657,0.12765379437334778,10.392304845413264,1.2487078522279826,20.50684178880518,24.83336994001029,83.16833189874698,53.12672577012115,0.9578634483557885,0.9569357170039711,0.06977925838353491,0.05090807590579697,6,2.6693523621862263,20.641790860031787,0.04518156376734355,0.47781078732793425,8.294344342872044,0.018580084337176
1146441.113028,1146446.113028,1199,26.6029032673103,2.0296145539823374,2.662261465793053,0.21675533681677467,10.392304845413264,1.3311307328965265,22.139772694160488,26.6029032673103,87.66136701794481,55.9008273824431,0.9474993576998626,0.9467188268914275,0.07668086120074222,0.05400594415447015,10,4.610229850459618,30.780707807060384,0.04044686388231608,0.9734876026651629,11.81930248506762,0.0196508786561901
1146446.113028,1146451.113028,1205,26.962523028699717,0.8695368242555155,2.721458652043624,0.10604149707073053,10.392304845413264,1.360729326021812,21.780467708450193,26.962523028699717,84.68717473935419,50.34524412827349,0.9746901139529339,0.9746716473330124,0.059115517368747456,0.04576869334772525,7,3.078495067039503,22.667256484525335,0.056988971912837964,0.2414399215884827,5.896484604073756,0.018592123462182426
1146451.113028,1146456.113028,1206,25.019396583977173,1.1305416983078556,2.5546474148424676,0.09812827547069602,10.392304845413264,1.2773237074212338,19.531161403324884,25.019396583977173,68.65006440579951,43.48944859028908,0.9793887233356853,0.978654697057235,0.05310553455076217,0.042813698363010265,3,2.66896235245411,23.435917376994198,0.08339543620109874,0.4820602717239519,8.326039779809609,0.018416688487387624
1146456.113028,1146461.113028,1163,24.365803999308486,1.2947162079674999,2.4160951158568476,0.13222185710238024,10.392304845413264,1.2080475579284238,19.155763941230447,24.365803999308486,80.36390665472314,45.27501345244332,0.9853380750406937,0.9852918876198539,0.05321706356420448,0.04558025148120995,7,5.954974769903504,40.147489095811835,0.05500117862905845,0.7547909338933151,10.413938006606458,0.019082530056870464
1146461.113028,1146466.113028,1161,24.331597022325234,1.352968251655397,2.3552874026561876,0.13104294965150598,10.392304845413266,1.1776437013280938,19.95642465215287,24.331597022325234,84.1565945873838,53.56776100991293,0.9760762056012324,0.9752612180227257,0.06375180988687591,0.05927227235525528,14,7.260393488952087,42.668205790845725,0.08723023161353127,1.513375500339944,14.70710974041072,0.020082506006618615
1146466.113028,1146471.113028,1208,24.517417442929506,1.318014916661798,2.3720135881649784,0.11850894260273584,10.392304845413264,1.1860067940824892,19.5292110489271,24.517417442929506,83.7110599991154,48.59496384154612,0.9875414647540546,0.9869531975072245,0.047483672703550646,0.045715582973990476,6,3.19881219024606,22.223851555467057,0.06482026659524885,0.2415618315656257,5.892607421880759,0.01885093528523295
1146471.113028,1146476.113028,1207,24.380812064297047,1.2602252855165097,2.381399416380085,0.13411526490195805,10.392304845413262,1.1906997081900426,19.33260352577635,24.380812064297047,61.008409311150295,41.45558683867546,0.9692172948741494,0.9688549612414005,0.06377370411823383,0.0473854004980902,5,3.244766022478495,25.97852433196343,0.08809453229439289,0.4810849273130428,8.317122146030368,0.018503175918254625
1146476.113028,1146481.113028,1107,25.5789314894132,1.728510168128269,2.5272096092284726,0.18203000917981266,10.392304845413264,1.2636048046142363,19.993346170323605,25.5789314894132,79.89789917864447,44.0862621548812,0.9692724414899232,0.965918303715245,0.08874532766471258,0.09040034203313482,28,15.74044280692959,72.07262309466064,0.059504799772840906,2.172110184824208,17.577980774755236,0.023724623211144394
1146481.113028,1146486.113028,1240,23.727464596083024,1.5328691442307334,2.3693412433488485,0.15284113953606615,10.392304845413264,1.1846706216744243,18.763461332598524,23.727464596083024,58.81278497507198,42.72079447792934,0.9598416470709007,0.9598416470709007,0.06918734606336062,0.039924736128391085,0,1.0567798147014744,1.9377653245705164,0.0916374098350055,0.0007657470625480822,0.01598308427694812,0.017543859649122806
1146486.113028,1146491.113028,1164,24.719169876768653,1.261024766439336,2.447708117294569,0.1255154955068619,10.392304845413264,1.2238540586472846,19.69212656520145,24.719169876768653,81.37431376178846,47.78229684378626,0.9733580367556857,0.9715609771123666,0.06785977212310157,0.06389632195383134,13,5.902070590949305,38.53799210266706,0.05455106126946479,1.504520327204716,14.665177386273015,0.02025682763610056
1146491.113028,1146496.113028,1202,26.177340582690178,1.7118148151518253,2.594543259727959,0.18152721281460096,10.392304845413264,1.2972716298639795,20.427791854409982,26.177340582690178,81.67768893177467,45.89056250741655,0.9893325846061197,0.989001163111065,0.04273646103842654,0.04071688811719166,7,2.613831147410954,24.260801598388312,0.044425879942373896,0.48369112374411344,8.342136555817731,0.018594739761216686
1146496.113028,1146501.113028,1183,26.401528156680364,1.3127696993062132,2.6407773441829225,0.13071362256151275,10.392304845413264,1.3203886720914613,20.313717636863476,26.401528156680364,81.92404994187866,44.32390172640618,0.987083974387105,0.986727011463518,0.06082204647211583,0.06037075509267222,16,9.117934727569782,69.21545863448931,0.05118380365861975,0.7459623783328543,10.357052856469169,0.02012427518500393
1146501.113028,1146506.113028,1155,25.5693479767642,1.3998257706374237,2.564390173896237,0.14405801768092352,10.392304845413264,1.2821950869481185,19.464630877089764,25.5693479767642,80.61823064409205,43.102942205464736,0.9909925782483181,0.9905905102850195,0.05062818005436491,0.050534461940552965,11,5.994936975256053,40.177669797630045,0.06081569665783163,0.7635214856118848,10.473568772846766,0.020369104579630894
1146506.113028,1146511.113028,1240,24.23447393750071,1.2493850167042737,2.415271760042919,0.10248531359797633,10.392304845413264,1.2076358800214595,18.69325651886071,24.23447393750071,43.55896424287904,29.41070046626543,0.9601206547840437,0.9601206547840437,0.05850248470727925,0.03026036366505526,0,0.7447407777055227,1.2137381025930498,0.044604593342879584,0.0005262270444683747,0.008647051761082821,0.017543859649122806
1146511.113028,1146516.113028,1220,25.076063030541214,1.5484096818540791,2.5027640780787195,0.1483466817177345,10.392304845413264,1.2513820390393597,19.592218423462413,25.076063030541214,62.57619607854227,40.35947332204975,0.9654540908975601,0.9643976024374212,0.07181973260187277,0.05522827040074033,8,7.7709720153100665,119.81152192867685,0.08152024689828181,0.7195541266818851,10.172787236098607,0.019614610296232383
1146516.113028,1146521.113028,1215,24.54710500281379,1.1129797490002735,2.427238553560399,0.09592400375998887,10.392304845413264,1.2136192767801997,19.48621235717609,24.54710500281379,50.550553333390496,36.20914230926487,0.9518870254753102,0.951387449408046,0.07102273765294122,0.045779249670562155,5,3.469714723055948,24.616483525682938,0.06996535232090596,0.7181241446662117,10.159893274947976,0.01858349577647823
1146521.113028,1146526.113028,1176,24.345523665213452,1.309565023620241,2.395616760142684,0.12871015294975938,10.392304845413264,1.197808380071342,19.247985496858696,24.345523665213452,70.62107677379272,47.25613189523912,0.9612742035742706,0.9601678925128103,0.08337067608120734,0.06661430679410964,13,6.375326867493102,39.562943256274025,0.09152403690565658,1.2435808147659035,13.344634522168906,0.020139634801288938
1146526.113028,1146531.113028,1176,24.220761591302573,0.9201147918331519,2.385448710720774,0.09282994647426618,10.392304845413264,1.192724355360387,19.014807351877163,24.220761591302573,82.05213491142165,46.26813458660974,0.9906131491377901,0.9902094032657233,0.04404226372729349,0.041393050746127105,6,3.7037955721995193,28.710706962277023,0.0415418034845595,0.7439828932401743,10.338902115059392,0.019065520945220193
1146531.113028,1146536.113028,1187,22.714559703195317,1.1303292598962993,2.238395315205522,0.1043867540905553,10.392304845413264,1.119197657602761,17.5596768188235,22.714559703195317,84.88089477961104,44.371177682668005,0.9943390282085611,0.994395336215467,0.03998716500252448,0.03898892942675462,8,4.524072527040056,32.01393756524533,0.06914742913671273,0.49177956790715677,8.403822662469286,0.018962739620745208
1146536.113028,1146541.113028,1119,26.399836351892574,1.6594521190492106,2.537342311995599,0.15731901128132825,10.392304845413264,1.2686711559977997,20.463350772041895,26.399836351892574,83.94909927036309,45.28684953976124,0.9844097986311783,0.9846369199200066,0.06694241581921158,0.06249114051364569,15,11.995083760840021,63.22502285418273,0.07399616299634551,1.318562660508469,13.721611300808576,0.020742204035558064
1146541.113028,1146546.113028,1189,25.082114906719937,1.547041595523313,2.411238940094257,0.1478835103779212,10.392304845413264,1.2056194700471285,19.34620840071393,25.082114906719937,84.7118133277447,45.09638121893648,0.9866916692288101,0.9869574862830807,0.05636865226977816,0.05110819556962541,11,52.74514899205925,814.9972588845771,0.07708096951601448,0.9837338444997267,11.867108051011867,0.019491537928083454
1146546.113028,1146551.113028,1111,24.81254241698471,1.419772602059591,2.353017306588504,0.14086163180042185,10.392304845413262,1.1765086532942521,19.31424706523538,24.81254241698471,83.1372743340502,45.630168917768145,0.9844064754483461,0.9843718294721454,0.07239521629437896,0.07100783649070008,23,110.147679017369,1244.1972734534663,0.06744787685531305,1.4612062429101582,14.438844109099431,0.02171269758554803
1146551.113028,1146556.113028,1148,25.600075641602356,1.2241102088715905,2.399618113912896,0.11728978917492339,10.392304845413264,1.199809056956448,19.869883710884444,25.600075641602356,86.726736456983,46.290105576887896,0.9880284012259994,0.988221316048808,0.06225868886338465,0.06117834106614655,18,8.30907557101753,49.85915779657295,0.0716341158772091,0.7663038038512648,10.475031795781097,0.02066140962161501
1146556.113028,1146561.113028,1204,24.391079955736718,1.3918232988946833,2.3118834808532394,0.1275001960973969,10.392304845413264,1.1559417404266197,19.088103166354703,24.391079955736718,75.65032678558059,44.268042576752954,0.978970110490964,0.9788316251968842,0.07094783972520184,0.06166698609396153,17,5.888032930262124,32.282957603775884,0.05666945774522489,1.695194225238069,15.539618548685551,0.019729556449262692
1146561.113028,1146566.113028,1223,23.904650593017845,1.5918916041425628,2.2804415426447764,0.1572630879851771,10.392304845413262,1.1402207713223882,18.61488645835657,23.904650593017845,63.85888578639612,40.19988545719908,0.9685056109199567,0.968342078622328,0.06377430831894446,0.04579192065565289,6,2.2077751245351154,15.790765323348635,0.06916149635844358,0.7107350966133634,10.0982149374811,0.018318486322101247
1146566.113028,1146571.113028,1216,24.131037388561673,1.4793787906303462,2.3043988184061273,0.14637004766803668,10.392304845413264,1.1521994092030636,18.724790703073705,24.131037388561673,83.53322223861589,44.747752466069805,0.9903399082044095,0.9901234451659758,0.05506923968769797,0.05317383914390164,14,4.803392260971465,33.767720936981554,0.058117096543956165,0.7201942927665155,10.161906382379104,0.019361726685133886
1146571.113028,1146576.113028,1238,29.393991434969003,1.8563906466419033,2.7863538161106907,0.17826146135688764,10.392304845413264,1.3931769080553453,23.585387624771638,29.393991434969003,70.41993316850477,48.640030017684865,0.9518073092109248,0.9517769343479796,0.06278303775055531,0.028513445278936272,0,0.5376552943685216,1.0312222768963037,0.06057758485718235,0.00020719238270570746,0.0035300328472192177,0.017543859649122806
1146576.113028,1146581.113028,1163,31.663082277338525,1.6086726909013684,2.985652145566712,0.15902569339308206,10.392304845413264,1.492826072783356,26.188806535142742,31.663082277338525,87.91909711945063,55.08271341053496,0.9521405884822765,0.9522100386903357,0.07098107416654008,0.05041056114682044,12,4.862111896886402,32.87897407172388,0.03800691473056646,0.7560248702981074,10.413994592764736,0.019897120272736872
1146581.113028,1146586.113028,1240,30.580947157892172,0.6905968994657484,2.906322214481399,0.07471127892979033,10.392304845413264,1.4531611072406996,24.960243870000426,30.580947157892172,78.63288382687158,49.945264290358026,0.9508254704964062,0.9508254704964062,0.06271804077672154,0.02751171973619487,0,0.454031348791332,0.8737459291123637,0.036861738813606985,8.354912852234634e-05,0.0016099276110380998,0.017543859649122806
1146586.113028,1146591.113028,1222,29.73081421155287,3.1461747981904526,2.81785934114009,0.29821460198126665,10.392304845413264,1.408929670570045,23.739940652330706,29.73081421155287,56.58880870821288,38.26293215409234,0.9593990797093905,0.9594895459775838,0.06521525904338135,0.039629501052264045,3,1.5659643140241892,15.849793372914894,0.042473963050880435,0.23763080923974617,5.837604486002618,0.017974559967841044
1146591.113028,1146596.113028,1207,31.202777299644072,2.4338210495990347,2.9397484827125675,0.20729717291967456,10.392304845413262,1.4698742413562838,24.900330922613083,31.202777299644072,61.682471256156724,42.64223844812991,0.9588750521969788,0.9584624002104594,0.06368813929567521,0.037846761360932915,2,4.852204471074014,66.45576280144263,0.05123639610321582,0.7192812088859897,10.150297230573207,0.018154333638570327
1146596.113028,1146601.113028,1240,30.054347425078642,1.6306315681069892,2.835263354536745,0.12292299588059866,10.392304845413264,1.4176316772683726,24.381490138735007,30.054347425078642,59.501777741936095,48.10981203671955,0.9561507796157626,0.9561507796157626,0.060976253459157206,0.029980251653384617,0,0.5370519760805514,1.0344169410943436,0.06929728890355978,0.00044956658252979804,0.008439968960822034,0.017543859649122806
1146601.113028,1146606.113028,1204,27.968853984957587,1.753983412554568,2.630670452266369,0.14424389272474578,10.392304845413264,1.3153352261331845,23.067856672561305,27.968853984957587,63.96115390687085,50.0247489821692,0.9474484022625277,0.9475460419365661,0.07645105598003682,0.046692290787284034,5,3.1182952478140193,27.38359144279764,0.0650756267779423,0.7275447409687332,10.207778647677694,0.01937984496124031
1146606.113028,1146611.113028,1215,29.68588958008464,1.7951186686934226,2.772729328836503,0.15024582367944972,10.392304845413264,1.3863646644182515,24.04535762864589,29.68588958008464,70.96570615455525,49.42405078854228,0.9622721540929362,0.9623998850689528,0.06624064920979238,0.04387373246959299,3,2.2243428068815962,25.87395915025131,0.07860968277467782,0.23824709811881897,5.846030957571572,0.01823695040069309
1146611.113028,1146616.113028,1186,31.442490945437928,1.5974846005882883,2.9431927143718832,0.14795305862261723,10.392304845413264,1.4715963571859416,25.32304790379094,31.442490945437928,83.19340071604505,49.898110964070035,0.9525459635284993,0.9525832187062273,0.08147880881382515,0.06071516388783944,16,5.900047276722926,36.59466970914889,0.06427171271899083,1.2380889154691892,13.292033949864981,0.020561521848466022
1146616.113028,1146621.113028,1239,29.661920010880447,2.732759225203487,2.7831447865595575,0.24025835625870104,10.392304845413262,1.3915723932797788,24.010255535753636,29.661920010880447,63.76085655485469,47.443659741877084,0.9556250263341327,0.9555457254380871,0.0647738845545228,0.033426047014717006,0,0.5747838013726183,1.1616210723635791,0.07324698446138324,0.0008685660752835918,0.01907348973736418,0.017543859649122806
1146621.113028,1146626.113028,1212,29.45752214425479,1.7194031808843722,2.814521633836277,0.14817690116555501,10.392304845413264,1.4072608169181384,23.308455178900896,29.45752214425479,50.59732474682965,34.734493609145105,0.952621405229018,0.952561076488169,0.06779716043754033,0.03929117736237064,4,1.5912863204723033,12.565363772531956,0.030713615397662472,0.24061286267287366,5.875079992581286,0.018672919923571306
1146626.113028,1146631.113028,1215,31.134405004821787,1.6586031403552843,2.9455879291791334,0.15482536334361058,10.392304845413264,1.472793964589567,25.486041326394155,31.134405004821787,80.71042947905798,52.951454641709674,0.9516053917051179,0.9516204032893734,0.06717541011545713,0.03833493586502062,4,1.8877453916772209,15.062039195218855,0.06730298428769914,0.23888802180796437,5.865015209369006,0.01823695040069309
1146631.113028,1146636.113028,1239,30.13478865855666,2.6459053388469496,2.852624366920146,0.25341345999587317,10.392304845413262,1.4263121834600727,24.64978918240685,30.13478865855666,68.87860518212683,48.909085401967154,0.9601674851197977,0.9601333301695348,0.058474603923023824,0.030576475702506628,0,0.6873961480277099,1.4246161431153588,0.05868746611612443,0.0004739064059782741,0.011172686190009622,0.017543859649122806
1146636.113028,1146641.113028,1209,28.429373950588783,2.856677778721429,2.6994172821017552,0.24551670971043726,10.392304845413266,1.3497086410508776,22.827079708588407,28.429373950588783,52.86871088598015,41.007902900036974,0.9442964663986213,0.9442232641092518,0.07525524532966071,0.04510487312781384,7,3.410595294956799,30.544285811505482,0.05897562304723037,0.4831992244177203,8.32485965087907,0.018936920464934046
1146641.113028,1146646.113028,1239,27.952984064880347,2.248160287154833,2.676516102357987,0.20633425579229206,10.392304845413262,1.3382580511789937,22.268598180268523,27.952984064880347,64.17227449434328,46.759557240005975,0.9556443793469155,0.9556443793469157,0.06083629932147104,0.029517170326359907,0,0.6319710756105485,1.4548933789487883,0.08008682926738753,0.0006520200209690529,0.015874280834271656,0.017543859649122806
1146646.113028,1146651.113028,1186,30.602343758616854,1.2478625127818426,2.9135801053444115,0.1249098638626648,10.392304845413264,1.4567900526722057,24.750840805328902,30.602343758616854,85.99190064505936,51.16318692010707,0.955272445011668,0.9550111829751537,0.07408376143099968,0.05553667058964977,13,4.585894036825188,32.79463826017057,0.03672800274833198,0.9841629056887675,11.874572399675145,0.019496464601639004
1146651.113028,1146656.113028,1240,29.477759427255908,1.997974847779721,2.807317578166845,0.18410390035513804,10.392304845413264,1.4036587890834222,23.628342331888422,29.477759427255908,66.48661016970816,46.63638900456884,0.9548803759276999,0.9548803759276999,0.05980199525494064,0.02775542917732276,0,0.5467300082700115,1.1834609461605534,0.06129223232656758,0.000681367811288818,0.015711329600301662,0.017543859649122806
1146656.113028,1146661.113028,1216,28.56405031992382,2.3363886689394726,2.726890152029094,0.21979186890730465,10.392304845413264,1.363445076014547,22.96071359319251,28.56405031992382,63.07035090595393,44.810997098223254,0.9389999368067734,0.9375115292201057,0.08246168621379599,0.05101231211989771,6,3.0012764084180374,22.653104916187704,0.06127541641043371,0.9539618628241605,11.687485470725926,0.019102031394275163
1146661.113028,1146666.113028,1213,32.697441905731864,1.976197539155327,3.1056727220434164,0.19668720489850305,10.392304845413264,1.5528363610217082,26.449111908679175,32.697441905731864,80.27541576840163,49.45140015268974,0.9512005701436833,0.9507751161293304,0.07303475614371445,0.05171690777865994,11,2.7775197832323717,21.551481133569528,0.03983675608354997,0.7187697353756813,10.154336346977033,0.01910588507542558
1146666.113028,1146671.113028,1212,32.5428632056418,1.6775344589623702,3.066981276348068,0.1620805571426285,10.392304845413264,1.533490638174034,27.07960221921137,32.5428632056418,82.5719760299745,55.95163879045203,0.9465958568052163,0.9462306939477244,0.07422956398068174,0.04481819845336191,5,2.752910566717129,28.19529852302651,0.04368398142555771,0.47923089620915565,8.297487594428723,0.018586069133229112
1146671.113028,1146676.113028,1205,30.592731145236222,2.3507871282794985,2.8823007822104447,0.21483261048830155,10.392304845413264,1.4411503911052224,25.004431901519336,30.592731145236222,75.9014098552615,50.44146458766926,0.9552479483139296,0.954957153104175,0.06184224910522779,0.035084988789341645,1,3.2394575946650495,26.365110787669927,0.05793295268358622,0.7202836034567355,10.160065323407366,0.018155346873407585
1146676.113028,1146681.113028,1214,30.935107098881847,2.0278501640524937,2.9283605678675833,0.19011447878624751,10.392304845413264,1.4641802839337916,25.08970037252358,30.935107098881847,80.38243189259991,49.56354700987708,0.9577297817747584,0.9573496688694723,0.06059721566383973,0.036548107864862255,2,2.436862236273181,23.84706278772583,0.04866524304928498,0.2387259168874288,5.859309587940675,0.01823752131564496
1146681.113028,1146686.113028,1201,30.32818020672019,0.7363721569657206,2.8783377422908045,0.07344192415667261,10.392304845413264,1.4391688711454023,24.59727578569806,30.32818020672019,85.61217544728075,49.29736132207733,0.958698350998368,0.9579420303317139,0.0595494131760254,0.038696295578506075,3,1.840071709998756,17.637572181962536,0.01853173682364871,0.4828745571575457,8.329110910635205,0.01850796850577735
1146686.113028,1146691.113028,1215,35.28807124617154,1.9048481314264696,3.346634283414204,0.1815707637016241,10.392304845413264,1.673317141707102,28.584567660825275,35.28807124617154,86.00891277672291,49.49446393468995,0.9482489203488812,0.9479674997490102,0.06699397630271464,0.036119919139842034,2,2.263150197617587,19.849776986260935,0.025438548047728674,0.47590567893556546,8.269021319359766,0.01806367771280052
1146691.113028,1146696.113028,1205,35.564821225186044,1.811152308435075,3.3728076531288713,0.1738566748453221,10.392304845413264,1.6864038265644357,28.948905674557608,35.564821225186044,85.1319626004558,48.548316622436936,0.9453849917217656,0.9447454468618235,0.07015144654596042,0.04223916898050688,5,3.0673089600707866,27.896257792466205,0.034262775347667675,0.484377088603833,8.341475984100802,0.01946567663973211
1146696.113028,1146701.113028,1193,33.43471414738992,1.6553767818217817,3.151796907881128,0.16226834794312528,10.392304845413266,1.575898453940564,27.47492135147453,33.43471414738992,83.24145238455469,50.66830938678139,0.9491852106598716,0.9478351576739825,0.07236313815234431,0.0504344747401484,7,2.907462977388114,22.576414072129033,0.05147417804481056,0.9736893135404551,11.799723968778148,0.019220305583741416
1146701.113028,1146706.113028,1239,31.30225926463435,4.468629712601967,2.972430860303158,0.41860241277427823,10.392304845413262,1.486215430151579,25.14002739689493,31.30225926463435,62.49708542571332,43.888189164659785,0.9603227700668987,0.9601365141940774,0.05630869247679617,0.03136295225592103,1,1.1511070829207724,10.447705209176851,0.06586850730116102,0.23394880301371973,5.797295518166517,0.017798734123444203
1146706.113028,1146711.113028,1219,29.301155174409082,2.1517354861866047,2.692604868233364,0.1716119373659022,10.392304845413264,1.346302434116682,22.83878915875667,29.301155174409082,55.77345208099263,41.707483203861216,0.9537241756104764,0.95335552698725,0.0666553376744018,0.039321471603538355,3,1.6809341357203977,14.831537436022836,0.07469626092933708,0.23943649767340797,5.833127421080106,0.018666436394513767
1146711.113028,1146716.113028,1215,35.37664209867949,1.6822715092617946,3.2662675168253834,0.15038637958225703,10.392304845413264,1.6331337584126917,28.660392689056767,35.37664209867949,83.81091402550308,49.89743762626583,0.948146788626973,0.9477401510201704,0.0633842110614146,0.031303609693675065,1,2.2730053089011815,21.20565309234049,0.023740797251130614,0.2374289782540827,5.83214838948211,0.017977041368854235
1146716.113028,1146721.113028,1170,31.076598678549438,4.327397378719004,2.8776578630247602,0.4010358261648849,10.392304845413264,1.4388289315123801,24.79725857415446,31.076598678549438,71.92318667969943,49.420363515808006,0.954544552847685,0.9541753690225019,0.06927069374905351,0.047394470338848874,7,14.590719390252747,227.5617469836441,0.09587901596927285,1.0077382595012596,11.987735649605542,0.020962663067926227
1146721.113028,1146726.113028,1153,25.38778188649016,1.1924952588848508,2.287691628123137,0.11065291906904565,10.392304845413264,1.1438458140615686,20.522893605386006,25.38778188649016,71.29971328171271,51.84499740749087,0.9586384902619912,0.9566254707453041,0.0832339043196939,0.07035095334737516,13,8.001008502894924,45.60420702074937,0.12711625491746026,2.0331134001616373,16.956858657631013,0.02119566044338948
1146726.113028,1146731.113028,1156,26.023015276717537,1.41825060915279,2.509502131595583,0.1751212628435575,10.392304845413264,1.2547510657977916,20.14636957800785,26.023015276717537,77.95337775733226,43.78109847749127,0.9721195101936456,0.9709131124218079,0.07730500489943803,0.06792909951063733,15,6.162902655855948,36.13136398262271,0.0592663095895864,1.2686959256246075,13.466778644190217,0.020275602501062345
1146731.113028,1146736.113028,1177,25.620844174054938,1.7631571482430086,2.410199607622862,0.14451573244544968,10.392304845413266,1.205099803811431,20.69406948943973,25.620844174054938,74.06267777026964,50.82120488326623,0.9587084498376632,0.9576579279340673,0.08030612990552236,0.06325878766976802,4,7.442105664217997,50.25754191820507,0.1672461914689145,0.9947282600468801,11.936120081230502,0.01969026218903248
1146736.113028,1146741.113028,1157,26.68884711969445,2.0117371705727454,2.4804857566372727,0.21763520956330062,10.392304845413264,1.2402428783186363,21.54758506650643,26.68884711969445,58.54172563401022,51.63924281983453,0.9514053378764276,0.9510740294159442,0.07507283495833325,0.05961085361552432,6,5.282082772902906,34.70114651687769,0.19096813421515402,1.0108876581597575,12.04187000421546,0.019636385691974102
1146741.113028,1146746.113028,1216,26.782596512836875,0.7675481893621825,2.587767007791168,0.16049580337449146,10.392304845413264,1.293883503895584,20.394699111634974,26.782596512836875,77.84330870971462,41.6794188019024,0.9945138101690327,0.9942187445545719,0.030917441519379453,0.029698368315094932,3,1.53076258094132,13.724532511976479,0.023693453319542566,0.47647066071300653,8.287087845632161,0.01806325023084026
1146746.113028,1146751.113028,1218,24.791422158430144,0.9444177412025522,2.3848674100395857,0.174054741907755,10.392304845413264,1.1924337050197928,18.9439587739859,24.791422158430144,75.46527157711961,40.83563033979154,0.9942893567616381,0.9938227236325737,0.030262973961170975,0.028671899309975903,2,4.144629837889632,38.02957663772248,0.04363360873947297,0.7146047718234464,10.141332462763474,0.01823524328061533
1146751.113028,1146756.113028,1162,24.25569894668749,1.2392346299379986,2.297759068926454,0.20862635539947777,10.392304845413264,1.148879534463227,19.04013722513683,24.25569894668749,81.04966768506792,44.97701413050593,0.9788608174715109,0.9773650447947945,0.06563300334072612,0.06397719352633907,16,5.948115315928251,34.07434700647358,0.04426346703250384,1.2638912353547607,13.460776074885402,0.020805024609717063
1146756.113028,1146761.113028,1181,24.581006787893525,1.3436764812666455,2.2597417177280943,0.22263469559022234,10.392304845413264,1.1298708588640471,19.212271867534295,24.581006787893525,78.58915905818121,44.2781580368728,0.9859550956784969,0.9857187813288874,0.048997422925112194,0.04362613050585605,5,7.867996681944531,57.75224256016089,0.07594686469352974,0.7391124528733388,10.29958910185205,0.019148209219067992
1146761.113028,1146766.113028,1155,25.99733762827044,1.4027855278215324,2.3857884925950557,0.2282192537488939,10.392304845413264,1.1928942462975278,20.125257505611195,25.99733762827044,81.82589846719137,44.11552472209291,0.9908943995572765,0.9905937546520556,0.0388597515604023,0.036958878936289755,4,4.29940946830226,30.264630705896924,0.04870324061900056,0.503495563178971,8.50701317119476,0.018819776714513556
1146766.113028,1146771.113028,1212,24.869376923716285,1.1042038878974967,2.280982676347354,0.1959231822810159,10.392304845413264,1.140491338173677,19.039213012379182,24.869376923716285,80.59502839856654,42.556911432007645,0.9980079966384547,0.9978471055493457,0.019908421042333358,0.016790474703572575,0,2.097588920897464,20.769804055435614,0.044196409237670896,0.0003448429949896323,0.006870664338388385,0.017804412020149384
1146771.113028,1146776.113028,1176,25.217733698911605,1.4289816943431355,2.327457021727924,0.21024622274596236,10.392304845413264,1.163728510863962,19.25821243298485,25.217733698911605,78.31884474034257,41.93474354817741,0.9923361327018247,0.9911751921950954,0.04215560708084273,0.04354462863925213,6,3.995318390901109,28.866370341256154,0.04660514952068784,0.9882597764944817,11.901454109984478,0.01924453992123165
1146776.113028,1146781.113028,1207,23.756553599223032,0.7753966105411586,2.1893113715588948,0.17692595696881752,10.392304845413262,1.0946556857794474,18.197875187002914,23.756553599223032,80.49705371072959,42.08079867219856,0.9971157132442162,0.9966800052333505,0.025660529806065615,0.025217191570242218,1,4.285919813211904,36.50086141493464,0.04265092926028405,0.23991151020534424,5.878137567436745,0.018154333638570327
1146781.113028,1146786.113028,1095,24.566061392189905,1.3401183002469124,2.248193356762886,0.20911085757349196,10.392304845413262,1.124096678381443,19.004756132937793,24.566061392189905,76.5719379284735,43.01820260647443,0.9859879901189216,0.9856124193198764,0.04301574404590663,0.034338645232260157,1,6.039919885716739,46.768784853718955,0.060662279884667186,0.7956453897113202,10.684417528199942,0.01879355924056717
1146786.113028,1146791.113028,1123,24.238259859486575,1.1742138022251225,2.1992966334323873,0.18861976080765783,10.392304845413264,1.0996483167161937,18.802282938836214,24.238259859486575,75.5737606065583,41.60160924633607,0.9812021507896986,0.9802957243704263,0.06181544215178411,0.05631044532250325,8,7.32693164537703,45.296478299721294,0.05441637008067701,1.035323285723812,12.173161266440507,0.019512271328365437
1146791.113028,1146796.113028,1165,24.521464818478197,0.8968798297994467,2.235590708946353,0.1670624165845104,10.392304845413264,1.1177953544731765,18.71563880831758,24.521464818478197,75.87308948584358,40.73178449442032,0.9918051824735773,0.9899507366271358,0.04913913556442463,0.05386509066234897,9,5.345073337402382,38.057299286793935,0.045854149393161375,1.5001602415539899,14.632603959514903,0.01989308034033582
1146796.113028,1146801.113028,1116,24.252942310131463,1.5386143249283868,2.2051063540490383,0.2092958032640258,10.392304845413264,1.1025531770245192,18.686243824651786,24.252942310131463,67.42837124770065,40.159455455457774,0.9718474820325574,0.970076566307756,0.07397549308812681,0.06676230424198547,11,22.66140621670592,318.7934318244376,0.07882335248578358,1.5766556798691551,14.995783662161722,0.021128089039803812
1146801.113028,1146806.113028,1240,24.134454425241024,1.0030432247772998,2.153988715809296,0.2332550356106417,10.392304845413264,1.076994357904648,18.843033280427857,24.134454425241024,47.28765137236834,32.7378867065824,0.9524971262210163,0.9524971262210163,0.06395980822010199,0.0303174938682093,0,0.7664227051461936,1.2077613579528863,0.047543361292277646,0.0004695634460389805,0.01132083028432404,0.017543859649122806
1146806.113028,1146811.113028,1192,24.328435100521183,1.4583674539175275,2.1262873736563797,0.26648301732205276,10.392304845413264,1.0631436868281898,19.25957974631948,24.328435100521183,77.6329232704154,45.71372084781905,0.9681976959810064,0.9673845335461737,0.07162518085179703,0.057243661715184475,9,6.351310074346281,38.7824793705124,0.06416354447254147,0.9782613149227923,11.837666352572795,0.01992817614506064
1146811.113028,1146816.113028,1111,25.10597267282858,1.3234546015833364,2.192158851352149,0.26184523462005194,10.392304845413262,1.0960794256760744,19.264122326338683,25.10597267282858,78.78697170190436,43.112323881223865,0.9908869976405633,0.9908869976405633,0.04595015852365014,0.0425717163590125,7,7.118988849359377,48.64517271007996,0.05329466980639591,0.7853102571094236,10.611240591413814,0.019723024934072353
1146816.113028,1146821.113028,1162,23.673283406085964,1.292545638550324,2.074106384184364,0.253381674330788,10.392304845413264,1.0370531920921817,17.985400771858732,23.673283406085964,63.21911594534535,37.49257394023419,0.9839807533196245,0.9839807533196245,0.053290979363733226,0.04656512698723827,8,8.37981228075784,68.33217323283229,0.06458679462541615,0.24974188658496946,5.991707481254653,0.019083854213847874
1146821.113028,1146826.113028,1159,23.657805887011552,1.1801656575395283,2.0812616172577916,0.2569263544337573,10.392304845413262,1.0406308086288958,18.233444011456417,23.657805887011552,74.32649974879322,43.40348477621345,0.9881816010211015,0.9879306982785411,0.04725663695924931,0.042960301955473214,5,9.94421347272887,85.98638723813454,0.08304463418737566,0.7525969167506287,10.390150825272718,0.01890619560116858
1146826.113028,1146831.113028,1149,24.11092815068451,1.0904158983996841,2.1286289856776923,0.26590208932158715,10.392304845413264,1.0643144928388462,18.47728210898708,24.11092815068451,78.45814714178601,41.59438166794353,0.9921276962887121,0.9921276962887121,0.04873237480575483,0.04673104505610329,10,6.258323934288224,41.57943011777542,0.047930279255150976,1.0125303804955637,12.048089320882513,0.019559342219779213
1146831.113028,1146836.113028,1128,24.52312489752576,1.36063559162611,2.164143878319782,0.28394266436928095,10.392304845413264,1.082071939159891,18.746879658873887,24.52312489752576,78.8098191417497,42.02290119123609,0.9914646208844735,0.9913914862543706,0.046175954910709145,0.04382886846518348,8,6.717338866102605,41.49273444661489,0.043957015724641994,1.0364385702417656,12.188303295569316,0.01969018290406868
1146836.113028,1146841.113028,1240,25.39987728013083,1.641804083663197,2.231739573537824,0.29102793843918207,10.392304845413264,1.115869786768912,19.942984562785295,25.39987728013083,83.10531633227255,47.11158434640443,0.9819860884109273,0.9819860884109275,0.04978258082417536,0.032894853907571686,0,0.681733574193389,1.3400534167466647,0.049457286116395625,0.0003452690047606424,0.007338325171764144,0.017543859649122806
1146841.113028,1146846.113028,1211,27.837120020434536,1.5318666928315987,2.457346802001806,0.31906736395393304,10.392304845413264,1.228673401000903,22.181978051240563,27.837120020434536,55.60480344786522,43.152736819001326,0.9376500389790101,0.9377444671902897,0.08261185344861374,0.04150671586115994,2,2.832499252145765,21.65373865832444,0.06873564475534903,0.7176557894105526,10.154254373612138,0.018413084734958785
1146846.113028,1146851.113028,1198,25.648701940876133,1.5837908606770486,2.26773208729327,0.3099768064606786,10.392304845413264,1.133866043646635,20.435115412301656,25.648701940876133,53.88687694913313,48.162328857063066,0.9553975057817035,0.9554871050451469,0.06889629531264573,0.04078323866162504,3,3.8985749973640877,29.299260953635702,0.10127366264737592,0.489598710425618,8.393489497801008,0.01930117447207334
1146851.113028,1146856.113028,1240,24.994552021479368,1.4273904341892196,2.1997411145914736,0.2736197904019173,10.392304845413264,1.0998705572957368,20.441035534739083,24.994552021479368,74.96858328283199,54.641972388675384,0.9605394211932955,0.9605394211932955,0.06746783699167304,0.03872227374257406,0,0.824193015471494,1.7300606465701716,0.08874627724558397,0.0005079476256735298,0.010215049633193961,0.017543859649122806
1146856.113028,1146861.113028,1238,25.292557287814756,1.4821291106305627,2.241118482350948,0.27658306374923225,10.392304845413264,1.120559241175474,19.403203654720002,25.292557287814756,63.06741192298087,39.765963083231426,0.9827324083962501,0.9828202860740088,0.041783002499125345,0.026847540718800772,0,0.9451728744620886,1.914717058249227,0.07199742995122645,0.0002949743352521806,0.006791421902206067,0.017543859649122806
1146861.113028,1146866.113028,1213,27.79782599636407,1.5444027824537496,2.43226120166721,0.305416781029116,10.392304845413264,1.2161306008336048,21.444277779692378,27.79782599636407,37.59358321303372,29.76110614408509,0.9343538922668934,0.9343993321509412,0.08455422670555453,0.04270249910366925,4,2.1852023982207998,18.878232031977525,0.04938259547607713,0.7152242812440158,10.128971377978464,0.018238093171924038
1146866.113028,1146871.113028,1198,26.1125344758362,1.3032389576598251,2.2979113501101005,0.2713992085299402,10.392304845413264,1.1489556750550503,20.408356417105058,26.1125344758362,63.03953064843713,42.277093110946595,0.9596667317228883,0.9596649348122449,0.07174848326462928,0.04578296351163124,3,2.598337295100878,18.60521626754095,0.07754199697096245,0.24154519392763393,5.8935620381644895,0.018071054096007965
1146871.113028,1146876.113028,1232,26.659098979056644,1.4429042714556468,2.3269553305237283,0.2804652246792553,10.392304845413264,1.1634776652618641,21.033285158916907,26.659098979056644,52.59608216244366,41.83851346451536,0.9441503518036435,0.9441093079274913,0.07306101720409504,0.034741342248892915,1,1.5850267700393326,14.987224443807612,0.06982725078630664,0.23435009604347157,5.805495957807757,0.017714741398951926
1146876.113028,1146881.113028,1183,28.16521320410704,1.5272340567251113,2.438108026068077,0.2602400250062895,10.392304845413264,1.2190540130340386,23.220811891734407,28.16521320410704,84.0009516965502,54.8008851000489,0.9388953816366984,0.9388331020049826,0.07993875352951034,0.04308662477528055,5,4.216568575936733,31.888914979242735,0.040149027213587436,0.9875628017308986,11.889774277604431,0.01959039610861473
1146881.113028,1146886.113028,1189,27.84340677065641,1.087905949511239,2.4038387656451072,0.2362304188198181,10.392304845413264,1.2019193828225536,22.986366731499817,27.84340677065641,82.46253157796708,54.508624237510496,0.9349890258780537,0.9349500221928051,0.08187229611499201,0.0390124089131641,3,2.3057280693416597,21.408467322778357,0.0276187100608133,0.24519535179030139,5.9372919512992,0.01896035294291237
1146886.113028,1146891.113028,1154,28.592459464697846,1.4057844173932108,2.473157209936766,0.2613740948492535,10.392304845413264,1.236578604968383,23.54942764417441,28.592459464697846,83.54925016798288,53.87969681208434,0.9346754607957131,0.934642737742601,0.08834032257303497,0.05062411351888735,8,4.69762774467647,32.72010643122745,0.04185618005359413,1.016411902316282,12.058838542931143,0.020280336890753748
1146891.113028,1146896.113028,1192,27.450364623797853,1.3177713598831307,2.3765830293336347,0.24442878750146604,10.392304845413264,1.1882915146668174,22.766584566419613,27.450364623797853,85.23064704568668,55.45264612746199,0.9416750197455509,0.9417515927422718,0.07731720303668525,0.041932568189966865,4,3.4138559049798096,30.515820060146254,0.04676785847057465,0.48563886188321675,8.349946457846956,0.018426939832803486
1146896.113028,1146901.113028,1239,27.056750933165187,1.5981050741695608,2.3414466017457927,0.2493794267220211,10.392304845413262,1.1707233008728963,21.882742763260843,27.056750933165187,72.98893826421985,49.86058584290654,0.9443075628908466,0.9443075628908466,0.07885147168522372,0.03946564253129235,0,0.749486259827551,1.4750869492828074,0.05911610068280568,8.92517170145896e-05,0.002428019693302469,0.017543859649122806
1146901.113028,1146906.113028,1176,25.634783968610524,1.3333256946793135,2.1927352547147936,0.21308782474545504,10.392304845413264,1.0963676273573968,21.124696750964247,25.634783968610524,79.40124453301307,52.33487859604924,0.9324360114715907,0.9323730958195297,0.08768550249517247,0.043884935760006516,4,3.4854842374432646,32.78408549235095,0.05741187171564313,0.4932844708262319,8.410232693165728,0.018796992481203006
1146906.113028,1146911.113028,1137,27.641280878877744,1.7519731498341884,2.3400607549831225,0.21866033071289612,10.392304845413264,1.1700303774915612,23.068732282064538,27.641280878877744,85.48187388285928,56.680606810544944,0.9114007203595048,0.9112505534113329,0.10913438860502847,0.058837221090028737,14,7.616229682294825,42.45913365303803,0.04192243287177682,2.2919551271763234,18.01330224339898,0.01985835300652687
1146911.113028,1146916.113028,1202,25.788355812765644,0.9941738712904683,2.1923233579899475,0.19042189495636552,10.392304845413264,1.0961616789949737,20.88647427812946,25.788355812765644,69.12207681557604,51.79355888961378,0.943304039504321,0.9432095041034365,0.08111569042191176,0.046665320636034145,5,2.7920724658749307,21.399591717866393,0.08454168877319758,0.48225157880153136,8.3135842111704,0.018682313103891176
1146916.113028,1146921.113028,1212,26.718066690818755,1.4100156323835662,2.287990106635178,0.22576091995309697,10.392304845413264,1.143995053317589,20.894719625904354,26.718066690818755,42.8623749420133,32.43862457248859,0.9320499391221783,0.9321436945280062,0.0836325245620797,0.034540135584673046,0,1.8574425632449585,16.353421779645917,0.051801675839353155,9.118933590656707e-05,0.0018048640717042573,0.01797811360083377
1146921.113028,1146926.113028,1198,26.36914887979436,0.9823908238713374,2.2491025088825394,0.21579998734424494,10.392304845413264,1.1245512544412697,21.379968861889083,26.36914887979436,62.64598226136165,49.61683472649073,0.9297196480090216,0.9297196480090216,0.08928269686354681,0.044883618411742696,5,2.602059963554721,24.674197362923785,0.07599890796021525,0.4830848206759834,8.322896279099151,0.018598248542893128
1146926.113028,1146931.113028,1186,25.83324498668304,1.3295817887531636,2.1921757468537004,0.23409766313804667,10.392304845413264,1.0960878734268502,20.38304889524858,25.83324498668304,53.669748346315366,45.82759882238514,0.9205943005458666,0.9205564830141585,0.09389082099078586,0.03648191172208965,0,4.725789949407064,48.869099854437714,0.08797377333006241,0.24439680534148087,5.9244024191504305,0.018520162125380907
1146931.113028,1146936.113028,1174,28.007314812347634,1.6417927297106256,2.3583044637258546,0.23690803038207955,10.392304845413264,1.179152231862927,23.361804455491793,28.007314812347634,84.29717562864501,57.976905433003054,0.922336981207801,0.922280098946417,0.09988390833853066,0.05567440713795801,11,7.12894265519023,45.7618803802212,0.043203466837158665,1.4849345055678298,14.540830121999223,0.019695747033683014
1146936.113028,1146941.113028,1152,29.237465635141447,1.1982704788851812,2.45862723197653,0.2293649973564505,10.392304845413264,1.2293136159882647,24.484527262327884,29.237465635141447,82.97950277674398,57.194962586589995,0.9207937685842214,0.920710744030675,0.09221638720617184,0.03812358698886954,2,5.397606196589303,36.335195990381784,0.033385673609388926,1.0106671820774433,12.016923339414754,0.019279970760233918
1146941.113028,1146946.113028,1217,29.343014785546597,1.3687963660308171,2.4725106851822996,0.24762206031053338,10.392304845413264,1.2362553425911498,24.498859678068925,29.343014785546597,85.48574123009868,54.40480162145415,0.9350853640227577,0.9347390752944884,0.08283519480187389,0.04553946455231434,6,3.1223538467891405,28.088817854933307,0.022226003591454508,0.714170957097794,10.111632280255465,0.018841269154809784
1146946.113028,1146951.113028,1191,30.286217966019336,1.1415723987256676,2.561054882678925,0.24884588308187022,10.392304845413262,1.2805274413394625,25.230380043554547,30.286217966019336,86.50087904592769,52.257702681417236,0.9397337090036083,0.9389774839368983,0.07904649834870624,0.04828755303351992,7,3.5118977418722728,25.058960600602024,0.03356644806118981,0.4855125107300166,8.344396386569686,0.019134738609748552
1146951.113028,1146956.113028,1240,28.18363961665416,3.1633714446160583,2.3902766381828786,0.33999148050608635,10.392304845413264,1.1951383190914393,22.706844573601614,28.18363961665416,65.27088907791682,49.60344361262339,0.9513963668756631,0.9513963668756631,0.06438776089008616,0.02989589309993202,0,0.5010958031315469,0.8516134424204896,0.09061204110292438,0.00017787103474196039,0.0040199283449006765,0.017543859649122806
1146956.113028,1146961.113028,1240,24.614658422394996,1.465225654263952,2.0862146948643305,0.2386911434130553,10.392304845413264,1.0431073474321653,19.32805573039076,24.614658422394996,45.73268373770768,39.026721840366086,0.9459154921592424,0.9459154921592424,0.07355305168214554,0.03551222924207342,0,0.6615406684212172,1.2175900048795967,0.07113849744253663,0.00024991748993908203,0.004784938799424107,0.017543859649122806
1146961.113028,1146966.113028,1163,25.878450459158223,1.5647745537798363,2.192467587396834,0.25420878242477113,10.392304845413264,1.0962337936984166,20.77291339830437,25.878450459158223,58.365183895753304,48.96773490117542,0.9135569792407131,0.9120995542678167,0.11204930951151214,0.06237780190176323,14,7.12295252007425,34.15087040857258,0.09409721571413147,1.2690325260263293,13.450996501014734,0.021616810728454842
1146966.113028,1146971.113028,1143,26.66577175734241,1.309186102172321,2.2505781978871435,0.23540397483366626,10.392304845413262,1.1252890989435718,21.78997371627534,26.66577175734241,65.91885663605717,55.15399906766729,0.9139882530136398,0.9112974654507591,0.10712345153852605,0.06501216401771569,17,10.568062532395212,50.642660476810754,0.08170378088723812,2.3442244830620553,18.21646423677407,0.0230694847354607
1146971.113028,1146976.113028,1164,26.617263517364638,1.3203357799470476,2.2186574747997905,0.2071323628363049,10.392304845413264,1.1093287373998952,21.96096086151725,26.617263517364638,83.8479645499903,53.351627180043366,0.934555238963028,0.9328206652942994,0.09208380745331361,0.05514086527043664,6,6.7394646531599935,41.85413835334156,0.05404257116767646,1.4971776109512627,14.591781282555914,0.01962380177247242
1146976.113028,1146981.113028,1235,27.27776672230953,1.022523385313126,2.2319510964495257,0.20173988906183674,10.392304845413264,1.1159755482247629,22.302570980393458,27.27776672230953,83.90736499503656,50.91346808084485,0.9261741880958277,0.9255338303469463,0.09412645097071178,0.04406061618771518,3,1.9578518735783714,18.60429398796485,0.02740333547903352,0.6974224536305584,9.980091672057203,0.017799559627814477
1146981.113028,1146986.113028,1178,26.29005201807558,1.334377614690365,2.144680393465429,0.20255432507430252,10.392304845413264,1.0723401967327144,21.518806828042212,26.29005201807558,72.41789530134896,53.428164033369335,0.9137863464632853,0.9121380461486612,0.10819615911428082,0.05823826798439543,11,4.796400118878437,31.085139210673987,0.0817973170750796,1.2279273006066327,13.218872813381164,0.01995651267387484
1146986.113028,1146991.113028,1222,23.663563297554607,1.3799418818576439,1.9352172032491861,0.1590932364082515,10.392304845413264,0.9676086016245931,19.493624690880118,23.663563297554607,86.52983007640223,58.30355625415849,0.9751885874728876,0.9747574355269062,0.06277896053824585,0.0477894610856669,4,2.3300789239937503,18.327402462915813,0.11528516209290642,0.4729929218164309,8.197151879277051,0.018232980159071984
1146991.113028,1146996.113028,1117,24.326377469768993,2.6571865723002723,2.100509575451345,0.3267519541998823,10.392304845413264,1.0502547877256725,19.532356158332586,24.326377469768993,78.54588803666968,49.74949155699437,0.952953332094922,0.9508792534641374,0.09202167047693144,0.07324513655545334,13,12.54853195582203,62.095984104870425,0.09029318209401042,2.094059078538807,17.250365788519666,0.021124880239991206
1146996.113028,1147001.113028,1106,27.326086176601372,1.3750992324778153,2.3577918643711264,0.31453776515249704,10.392304845413264,1.1788959321855632,20.82555879023768,27.326086176601372,74.61727068516846,40.88417547003643,0.9774109421128424,0.976694940794195,0.06563302153579481,0.05575075510182405,8,7.03792392599518,39.3968104218994,0.03614956791731332,1.3251810129300794,13.754979799925707,0.020208749722407285
1147001.113028,1147006.113028,1169,25.526899094072405,1.7624910917467358,2.171094694704061,0.30794014743879894,10.392304845413264,1.0855473473520305,19.89917729030965,25.526899094072405,67.80797909546607,42.233287216259384,0.9669757589195276,0.9653277022086645,0.07396454868382904,0.06495700064703933,12,6.722701937892924,40.04738394632874,0.0802401246965384,1.4931307714914333,14.58841224083243,0.020155178365074362
1147006.113028,1147011.113028,1171,25.452476127729728,1.3202988358592043,2.1675422627252923,0.27678804584294353,10.392304845413264,1.0837711313626461,19.548750275883393,25.452476127729728,87.411962824677,44.72358874334252,0.9914456878977926,0.9908969524645287,0.04737347300004534,0.04735492474779359,9,4.495457117502995,30.37414653460446,0.07749180053189846,1.2402486753056614,13.30559163218689,0.019611368301197057
1147011.113028,1147016.113028,1216,27.053435531346484,1.2884256934528027,2.365972185236108,0.22996673946127008,10.392304845413264,1.182986092618054,21.300276358860675,27.053435531346484,72.72504600932582,46.73410425138928,0.9664807678554324,0.9660486915279913,0.07615054408152826,0.058158016199026344,2,9.907773290225208,94.8356013584456,0.14027877974448177,0.7151958820752943,10.122784155145808,0.018496075715604802
1147016.113028,1147021.113028,1167,24.181606076290475,1.7659926828219843,2.2623487944902374,0.19462319207950612,10.392304845413264,1.1311743972451187,18.547028763649582,24.181606076290475,67.50443872955285,41.61241557109603,0.9787643337643438,0.9774442042805306,0.06312507576992538,0.056232837989462256,7,6.785224180763901,43.36916102562864,0.08093284895461994,1.5002226684448492,14.625552520051432,0.01997925404771569
1147021.113028,1147026.113028,1130,26.759418322341624,3.1712404203954065,2.500436634384354,0.3244842056923885,10.392304845413264,1.250218317192177,21.35472308982729,26.759418322341624,68.57814086499154,47.028316625233046,0.9483355854218125,0.9476694286684781,0.08533957126459306,0.05882962965711821,8,18.988859746295102,253.90445958549813,0.07906667661235024,0.779230153691059,10.578750018472006,0.020431609998447446
1147026.113028,1147031.113028,1133,27.023641141481782,2.2397954602539527,2.5255370694472763,0.2534216148093379,10.392304845413264,1.2627685347236381,21.05582363216677,27.023641141481782,80.57601326196317,45.44278257387154,0.9789828974072263,0.9786749972666009,0.055282689019077444,0.04409390785470054,3,8.452994780158978,75.94075328264432,0.0668821603915189,1.0323715707126004,12.161651256972563,0.019401991297750113
1147031.113028,1147036.113028,1161,25.250911175235665,1.1818437203504544,2.3799535864643806,0.19682566164518578,10.392304845413266,1.1899767932321903,19.565278549833668,25.250911175235665,71.92285264839911,43.00283600505026,0.9776748179892041,0.9765517175613586,0.056276830909928716,0.04705804099228946,4,5.735011273637122,37.98022099730569,0.06738573421395026,0.9999454464797697,11.97734152181088,0.018722516886531575
1147036.113028,1147041.113028,1105,23.953648639506625,1.2676732809199627,2.248815593309714,0.2029052421183197,10.392304845413264,1.124407796654857,18.836475921121842,23.953648639506625,66.81510094605758,44.9187372796735,0.9653342445530139,0.9642646027048811,0.07704411202512587,0.06693747286494639,16,9.03396487526648,54.91732110317108,0.09942569726305671,1.3299229246438014,13.799130520571332,0.021449551480511232
1147041.113028,1147046.113028,1212,26.607608282837926,1.2664906283224862,2.522262071590428,0.18052567995043675,10.392304845413264,1.261131035795214,20.116828082389755,26.607608282837926,75.55406589015041,41.271981962847875,0.991204594487874,0.9905158772817022,0.039264696510968734,0.038540637301348865,5,2.4734747831163113,23.134574687667172,0.05408012918173103,0.47931002309433723,8.302447876459759,0.018759770713913496
1147046.113028,1147051.113028,1133,25.683733088108024,1.222829267609548,2.4597611303392717,0.18302386856435657,10.392304845413264,1.2298805651696358,19.318432748993178,25.683733088108024,72.29718842683683,39.16678076589596,0.9897765779688424,0.9891459568125737,0.05345943502963431,0.05186560584678671,9,6.565241373075117,42.14993365166108,0.0466848156067192,1.8061436218484135,16.057432849159284,0.02005233737476967
1147051.113028,1147056.113028,1168,24.933863824610075,0.8238558011572658,2.3783043437529807,0.14616662606964229,10.392304845413264,1.1891521718764904,18.723684574665533,24.933863824610075,75.76525836055964,39.964396553627324,0.9955300255327337,0.9945948456378206,0.03366075433175024,0.035601914804130746,2,4.595563363459537,34.89409096138687,0.04155452249321698,0.4982483334719511,8.463690074604242,0.018715453016101898
1147056.113028,1147061.113028,1205,24.160208434746004,1.0997448966549892,2.3088553980154525,0.16564803699839933,10.392304845413264,1.1544276990077262,18.200778370892806,24.160208434746004,76.73911381044105,40.17190724458007,0.996659739511538,0.9959505048965995,0.03255801528605677,0.036680686376732004,6,2.767770938291598,20.50492326645955,0.03797764915836268,0.7222008843348646,10.190079252281645,0.018766834097692364
1147061.113028,1147066.113028,1179,23.146254430993807,1.1703212048968301,2.211235316004162,0.19652009775290605,10.392304845413264,1.105617658002081,17.917693090163834,23.146254430993807,56.18593908701639,37.76705555560564,0.9669610179713001,0.9662038271262425,0.0719468017825335,0.05898250617487456,11,6.242798745180835,43.165517186326674,0.08482200504101668,0.9950365654291153,11.953145482848816,0.019954466318467926
1147066.113028,1147071.113028,1154,24.39146561982355,1.7801032959709011,2.355833676349506,0.2614641872998904,10.392304845413264,1.177916838174753,18.521836803766217,24.39146561982355,73.40251878563289,40.33370320370083,0.9912509845342524,0.9900518159508073,0.05032629085535893,0.052368725072171225,8,16.375086778077335,147.00348545514768,0.06248671964656572,1.264252381286915,13.465150419834366,0.019459393718264464
1147071.113028,1147076.113028,1216,25.499465175858116,1.228979630645457,2.4542943200169764,0.21906372492680232,10.392304845413264,1.2271471600084882,19.324580893235947,25.499465175858116,80.72379464679797,41.47754790203716,0.9952197737951901,0.9944937405317001,0.033863395968578666,0.03513866655568559,4,2.3955117665934793,21.70302622814354,0.04678969527492275,0.47879840722754896,8.307786936157397,0.018496075715604802
1147076.113028,1147081.113028,1160,24.890906861196562,1.0385617527046591,2.411909822388608,0.22956990701424032,10.392304845413264,1.205954911194304,18.85270501380358,24.890906861196562,76.6510953055982,40.511743457841995,0.9930072126598913,0.9922968552212916,0.04837908763252612,0.04671652921541474,8,5.29075355839971,39.54204472037962,0.04151407462496094,0.7562774266497746,10.435601985487345,0.019449485783424078
1147081.113028,1147086.113028,1141,25.380565015773367,0.9500183462404288,2.45165028509672,0.2207256518335819,10.392304845413264,1.22582514254836,19.250410510527573,25.380565015773367,75.68233071182325,40.497718846947606,0.9918417861001323,0.9907492866295018,0.04989653940281862,0.04971566219892483,8,6.16291418853445,44.268437139539536,0.042503596526651984,1.025995096647524,12.144702135797973,0.019850239094669188
1147086.113028,1147091.113028,1173,25.040769640165276,0.9545240169568731,2.425103291583527,0.22474508162929485,10.392304845413264,1.2125516457917636,18.9048742561068,25.040769640165276,72.22912585267377,38.62238166773686,0.9919643047846224,0.9908753063796266,0.05026038497007184,0.05174308661269185,9,5.281556043626736,36.0188505932862,0.04201467316617507,0.9991632316614435,11.987763153810615,0.01996679678736483
1147091.113028,1147096.113028,1160,25.067477281171158,1.0859394631119366,2.4240582365371512,0.2341531274682172,10.392304845413264,1.2120291182685756,18.908028711704834,25.067477281171158,71.6346776699418,38.66046832268699,0.9943367428718003,0.9935924463647507,0.04154503960736452,0.04201691393002266,6,4.292214736016903,35.34708966435321,0.026580766662059285,0.7546456935520064,10.425000256587973,0.019086509376890503
1147096.113028,1147101.113028,1215,22.706423555825893,1.4280471258676202,2.1968216988114273,0.26660721695205525,10.392304845413264,1.0984108494057137,17.640957660337214,22.706423555825893,52.46911505911949,38.93761153916691,0.9685871578175927,0.9678336076537501,0.059622252851147695,0.04444229115154782,3,61.08330579051012,997.4282564868457,0.09232475393642862,0.7231145138540448,10.213416802788377,0.018670132120424517
1147101.113028,1147106.113028,1185,25.55239051428889,2.1127457788123873,2.5119388151171425,0.32204015767281347,10.392304845413264,1.2559694075585712,20.022241645969185,25.55239051428889,68.98534261290976,43.11922152512772,0.975754709685314,0.9752607540764006,0.05915571189373637,0.048892769911827436,7,726.1890199801795,17450.120744920772,0.08298540671011657,0.7428908249215993,10.35644166304825,0.019498112369531424
1147106.113028,1147111.113028,1216,30.136834140472434,1.7212697626772482,2.9432514327452983,0.3260767574677146,10.392304845413264,1.4716257163726492,23.931796442965993,30.136834140472434,61.37492181945777,48.33051644927341,0.9552317837057401,0.955199213427407,0.06260821054663754,0.033114751288857186,0,1.4496503335409667,11.342129714214227,0.09644135283925025,0.2397396460211165,5.884738549177557,0.017803554939981533
1147111.113028,1147116.113028,1204,27.670583412702367,1.2767162115934043,2.7129361755413477,0.2716792848893473,10.392304845413264,1.3564680877706738,21.927452498636402,27.670583412702367,52.31413180401345,40.34848643330598,0.9560598219873081,0.9559845222026802,0.06219311737216517,0.03196347034601041,0,1.6046801659662882,15.294913509493748,0.0798337765345881,0.2424242995196069,5.910205234958083,0.017718715393133997
1147116.113028,1147121.113028,1232,28.666764269303034,1.4453049402313594,2.7988739100464977,0.2595481990006675,10.392304845413264,1.3994369550232488,23.02886477276951,28.666764269303034,60.50359611486879,47.49323005021893,0.9323219434129935,0.9324762981109466,0.08287901543200067,0.034986652893035396,1,0.8501165649367259,6.033218245542381,0.07035059272201061,0.11802272898086179,4.131052100844575,0.017800182273866483
1147121.113028,1147126.113028,1126,27.97941751224406,2.754690869110089,2.731353680123936,0.32620386767022536,10.392304845413264,1.365676840061968,22.253922722846937,27.97941751224406,73.32144067225036,48.03999760516854,0.9490357275644076,0.9475995777269509,0.09708912400552207,0.07299852295673231,14,8.974382589397203,49.00025016814084,0.10402379895739944,1.9608823507832742,16.74076277350654,0.02147019413542738
1147126.113028,1147131.113028,1205,26.541963562706684,1.5598421652136782,2.5899216177574065,0.2197202954229832,10.392304845413264,1.2949608088787032,20.360233144323605,26.541963562706684,47.40092037100905,35.51789918851113,0.9565538059622181,0.956645197613844,0.06457255695356347,0.03532625337843519,1,3.0891996246919655,24.31659019535453,0.07022334921498115,0.4851184878482848,8.358654641265236,0.018504768144427457
1147131.113028,1147136.113028,1218,26.677921071086608,3.4156744550121148,2.598729094409888,0.3567879513047884,10.392304845413264,1.299364547204944,20.933769631357045,26.677921071086608,61.31828491536862,42.11968474160275,0.9586152701431723,0.9584919797935778,0.06717141332663379,0.04100646899761455,3,2.119683189326838,16.49784928543922,0.07224642232131204,0.7142307452923035,10.137077141911126,0.018148820326678767
1147136.113028,1147141.113028,1239,31.594617525681993,1.390881239031956,3.0544356377373454,0.19612634968495046,10.392304845413262,1.5272178188686727,24.99519552092338,31.594617525681993,57.42535429912642,38.35401356165794,0.9648180595712537,0.9648492423744136,0.05058638614154036,0.02579573906020335,0,0.42837639188619575,0.8879139797698709,0.03412544268458451,0.001122328092359958,0.02004833550673879,0.017543859649122806
1147141.113028,1147146.113028,1224,31.020774765726756,1.7378647623494405,2.9652879626386004,0.2165006028611984,10.392304845413264,1.4826439813193002,24.93831077774569,31.020774765726756,61.35751186745049,43.27776871439464,0.9629555245457826,0.9625644145022099,0.055044455409422606,0.03102831603099739,1,1.5596519555782202,14.943020402777213,0.059517502487838735,0.4724505434894563,8.244841658727406,0.017715858273133815
1147146.113028,1147151.113028,1198,29.668656318890484,1.6006178885407232,2.8278570319869116,0.19300778396722376,10.392304845413264,1.4139285159934558,23.83824177604505,29.668656318890484,77.79024006269053,48.50900233125718,0.9605863814364666,0.96048859735256,0.06183906068658059,0.0383854601446277,2,2.400457681436037,19.55123418190064,0.061744982491677695,0.243779640108053,5.924228908421729,0.018861845766335705
1147151.113028,1147156.113028,1214,31.024914704629914,1.3000626722954525,2.9735679937372366,0.2156796014844345,10.392304845413264,1.4867839968686183,24.662171922488888,31.024914704629914,81.48504353343785,46.38159098160205,0.9717359681503474,0.9716715588837992,0.04760456935009792,0.03054068196025422,2,2.146876903863847,22.570878282674975,0.029351565506697246,0.4778648083621068,8.294670267075213,0.018064105899014422
1147156.113028,1147161.113028,1199,31.09895372783863,1.4062500267370033,2.945693801815835,0.22948796994306034,10.392304845413264,1.4728469009079177,24.808326886748016,31.09895372783863,85.53141489904736,49.03350895131714,0.9752402140124794,0.9749621267888977,0.04470470495330552,0.032141960319436315,2,94.41554547690419,1982.5810502186057,0.04120803696550964,0.48520540908997695,8.359725302986515,0.018333991776773043
1147161.113028,1147166.113028,1208,28.610284247942705,1.6408082857078699,2.70810190548986,0.23373331690045357,10.392304845413264,1.3540509527449303,22.654997607484784,28.610284247942705,68.58722444207382,46.60474806326817,0.9673811590326736,0.9669896912139502,0.0557612425231714,0.03982489636678467,4,2.6132630214767616,19.203528769922784,0.08875557553199288,0.4841137204766331,8.348683034722285,0.018938073660973626
1147166.113028,1147171.113028,1238,28.724496193305015,1.8134908420854063,2.735283203527383,0.24720921788625733,10.392304845413264,1.3676416017636917,22.87930043191578,28.724496193305015,84.19080396897675,49.64859419522743,0.9871678158180969,0.9871678158180969,0.03457754840965515,0.022723874720461272,0,0.5963551232694323,1.0833154401966119,0.06461362286648305,0.000172648704150496,0.0033328938874015116,0.017543859649122806
1147171.113028,1147176.113028,1197,26.29644758451259,1.044559465366858,2.5032848865420965,0.22382146004174944,10.392304845413264,1.2516424432710482,20.9809286069528,26.29644758451259,53.8529356128007,40.4132147401718,0.9566931820295235,0.956474586529518,0.06791607935922188,0.04075984922903474,3,2.766702000868784,20.17556493346189,0.08128000627085782,0.9789761998758175,11.861978695767782,0.019302642571340633
1147176.113028,1147181.113028,1211,27.096360671946062,1.159074821019896,2.539361858415403,0.19246229322331584,10.392304845413264,1.2696809292077016,21.879480880913654,27.096360671946062,86.71754086330769,52.22176489151951,0.9808988517358064,0.9806442805449973,0.04904896767789597,0.03968495789076038,3,4.393367946165383,36.17848631573588,0.0736578685741552,0.9572437090248649,11.722878933149198,0.018500007243542383
1147181.113028,1147186.113028,1217,26.832813667512422,1.8947828760837784,2.53566971945913,0.2637297565407072,10.392304845413264,1.267834859729565,21.28843957677351,26.832813667512422,68.19601984540007,48.348066399575984,0.9673595488983345,0.9670265378569699,0.057053957723282506,0.03886929531833555,2,2.1071308484695703,20.38654579089913,0.09415299624496093,0.4767096144069641,8.286555671673975,0.0180628234513976
1147186.113028,1147191.113028,1202,26.833672947295852,1.2347695381700103,2.551145336205189,0.22947562337951258,10.392304845413264,1.2755726681025943,21.345791726955817,26.833672947295852,77.09648575022523,48.17651482187693,0.975069175076047,0.9750691750760467,0.04650094890525462,0.029815780165905425,1,3.0927519344288927,27.701816401025315,0.07437943208231848,0.24232298994274512,5.909085551901498,0.018244446390518726
1147191.113028,1147196.113028,1213,27.30951232050226,1.3007693116351502,2.6357530876956616,0.26453630938905814,10.392304845413264,1.3178765438478308,21.591183137117945,27.30951232050226,64.1728840082934,43.074945581723945,0.9637073352289868,0.9633070897662395,0.06021673510985395,0.039943367552289465,3,2.128484651564778,18.070325078660947,0.08002043849904779,0.47890290793786133,8.316531267104887,0.018151313981573887
1147196.113028,1147201.113028,1202,28.028386194175994,0.6887818166891773,2.693663010888704,0.22502395843792564,10.392304845413264,1.346831505444352,22.42228182778295,28.028386194175994,83.39796947816352,49.32844678334341,0.9726111413643482,0.9722994065259264,0.050599173386622016,0.03312836652298501,1,2.0512780535593556,19.074970824666618,0.04687765610419244,0.48294515749007455,8.347703115699684,0.017981726362495256
1147201.113028,1147206.113028,1221,27.771135460314362,1.6001788208833356,2.683763332740391,0.26555321011061994,10.392304845413264,1.3418816663701956,22.013832983420937,27.771135460314362,77.87048428580125,46.712187838833316,0.9792170655760062,0.9785265747110315,0.04844221531559453,0.039356006296226397,3,2.1281103122992087,20.812659722524696,0.07270682789254622,0.7135305110895732,10.138257634734337,0.018147333936807623
1147206.113028,1147211.113028,1208,29.904285787500147,1.20881215361353,2.8721105688271393,0.26458372493651405,10.392304845413264,1.4360552844135697,23.981964604042677,29.904285787500147,86.41267480071872,49.737524905658745,0.9749975949167302,0.9746592123936748,0.052320268218248554,0.03942392682727287,3,2.841929033342493,26.556321244912635,0.04960407908752682,0.7217693537431542,10.197372920002788,0.018240966655048218
1147211.113028,1147216.113028,1212,26.404723865845288,1.8376150995996403,2.541326183501035,0.2957171904938818,10.392304845413264,1.2706630917505175,21.135173010441328,26.404723865845288,68.7951699295436,45.35657429211077,0.9610476609379315,0.960710807085869,0.06183270345895069,0.040035057703826364,2,2.0414567474970347,15.96659905283448,0.07225454716234428,0.4792866804018581,8.317569841283927,0.01806496439117596
1147216.113028,1147221.113028,1214,27.540760275498894,1.6999932254360186,2.6468223786419784,0.2849955284995057,10.392304845413264,1.3234111893209892,21.90974751599873,27.540760275498894,70.18391794000696,44.85365462385236,0.9614956813269641,0.9604215573149533,0.06095344489015295,0.04401373310734194,4,3.543551048056545,33.10373151922151,0.056476361266070446,0.7173603812095461,10.166417430889457,0.01849764444059077
1147221.113028,1147226.113028,1216,27.07993519111425,1.4140965351479653,2.604585037378258,0.26533181212839235,10.392304845413264,1.3022925186891288,21.502021404008357,27.07993519111425,77.70227560109363,45.749013275002596,0.97708295120276,0.9766655110005754,0.04593272191812389,0.03282666023634143,1,2.8651018170373783,30.060692554379074,0.05831617221879076,0.47803299727536763,8.304071305566662,0.018149815327793167
1147226.113028,1147231.113028,1214,30.96915735993121,1.6977015135353466,2.9440234016875904,0.2836127743836689,10.392304845413264,1.4720117008437952,25.464286295805227,30.96915735993121,88.44898878523185,53.32767554956416,0.9556077139817986,0.9554087327214955,0.061917497127695516,0.034923103222453865,1,2.3851545378390173,22.78078033893411,0.03155165789578406,0.4786230251265223,8.31074648866311,0.018064105899014422
1147231.113028,1147236.113028,1212,29.70959352287557,1.0035276622124465,2.85224093638436,0.2543749638020534,10.392304845413264,1.42612046819218,24.087456605905054,29.70959352287557,87.61808239070172,50.28001705096372,0.9685054529711511,0.9674060058780382,0.05140506479502713,0.040706959808276516,4,2.0040421367371333,17.136154190073174,0.025253479052383277,0.48020298424842645,8.32551421670478,0.01849921834288692
1147236.113028,1147241.113028,1219,28.383795076101478,1.2732030822707272,2.7359546443158695,0.2553762155570329,10.392304845413264,1.3679773221579348,23.090569707214225,28.383795076101478,84.89026747863275,50.45772848819227,0.9622304560189322,0.9618807459595606,0.05426349580343439,0.03280648269264387,1,3.7811095386243156,44.84192013672205,0.02934020715775813,0.2386632236517966,5.875211269209845,0.018061971993149403
1147241.113028,1147246.113028,1201,28.468827888789907,2.1638101273279173,2.760884236191441,0.3031580242206752,10.392304845413264,1.3804421180957205,23.106744816458246,28.468827888789907,68.89665820480333,48.36340469905116,0.9606724490119936,0.9603245095150161,0.061504574273386396,0.03822780191491852,2,2.142599790119987,19.36474171507806,0.08222247760456629,0.4855330535406589,8.371606248243287,0.018332675986385615
1147246.113028,1147251.113028,1205,27.272039724181635,1.5894430037383886,2.6306520811865504,0.2398296100780823,10.392304845413264,1.3153260405932752,21.980838970984788,27.272039724181635,77.33763613299845,48.66953974976926,0.9660232237636494,0.9652875535093759,0.06194045945901764,0.045716016112807824,6,3.0175715995762586,25.79658657641357,0.06758988691066142,0.7270554322182488,10.23271570128296,0.018941544733202302
1147251.113028,1147256.113028,1215,30.480391040118565,1.536156493843051,2.9488731997087787,0.2641775113528511,10.392304845413264,1.4744365998543894,24.574299594717317,30.480391040118565,85.87875118687583,49.82126315771587,0.957962324547788,0.957950313570494,0.059499549470891436,0.032170967568163865,0,2.4576105819429657,23.863549994497998,0.03840265730925018,0.23990049990838921,5.887946384401456,0.01806367771280052
1147256.113028,1147261.113028,1215,30.551945133077748,1.2812872701316274,2.978657450878758,0.26683089703769114,10.392304845413264,1.489328725439379,24.56892329883948,30.551945133077748,84.93623775387957,49.65961315064925,0.9587645382856358,0.9584004052691099,0.0599669285041518,0.03514350343762268,1,1.562590734243964,14.738220528995036,0.024032325056859923,0.47811901664209894,8.312807271149978,0.01789040502490795
1147261.113028,1147266.113028,1193,31.44737641195665,1.324507980752022,3.0210279662600947,0.26055330638849966,10.392304845413266,1.5105139831300474,25.33787995377421,31.44737641195665,83.17784019474358,49.253204246986755,0.9604021681108761,0.9600599583280599,0.0552730387979052,0.03278029456328027,2,2.3465624486609906,24.49071399038821,0.04567393899080136,0.4894397846131129,8.399248699465506,0.0182497316215938
1147266.113028,1147271.113028,1200,30.124524707606046,1.3512827970668497,2.8647464511584055,0.20916979987055395,10.392304845413264,1.4323732255792028,23.94376656249129,30.124524707606046,83.08750936805548,47.39447917674307,0.9684762103687179,0.9675621815299594,0.06377696975006386,0.050504466543095754,6,3.3728584429230506,28.916336010853147,0.03838592906652314,0.7274848030122792,10.227518175009783,0.019035087719298245
1147271.113028,1147276.113028,1214,29.31101923030706,0.808461802546563,2.7916360638838,0.17387035193103562,10.392304845413264,1.3958180319418998,23.3700207776223,29.31101923030706,82.10259996949365,47.60842561132844,0.9664156851852225,0.9661528064926951,0.050559422154702396,0.031252954337036766,2,1.8314937688745274,16.335718900823544,0.02666308900463608,0.7163833679124426,10.150512320019445,0.018150813607329692
1147276.113028,1147281.113028,1226,29.564026735357928,1.8803734091754982,2.807202754621296,0.24086782078335384,10.392304845413264,1.4036013773106477,23.724215544719662,29.564026735357928,76.62585246160499,48.135453209011644,0.9618089958355303,0.9610509691490906,0.05710138839130925,0.03718583950300887,2,2.494137302818645,24.293932160333593,0.06648118954959213,0.7080712523127218,10.089783536034172,0.01814487278555279
1147281.113028,1147286.113028,1176,26.009831127971548,1.4544853441065904,2.467473603082398,0.19855858697090734,10.392304845413264,1.233736801541199,20.55036715679093,26.009831127971548,73.6406996887372,45.93888658141581,0.9739512649956623,0.9732479316632779,0.05886644300981231,0.04492505417360845,4,3.1633648507503063,19.56044288759258,0.08378889598662125,0.9886448899716,11.911179984097874,0.018796992481203006
1147286.113028,1147291.113028,1055,25.15963099207736,1.375127994118667,2.344988407300022,0.1920017865470823,10.392304845413264,1.172494203650011,20.055849248921195,25.15963099207736,76.82410673613659,47.06894636841323,0.9690081487305776,0.9673819457761017,0.07859732402680845,0.0723476527391967,12,11.748875949795375,54.62859594926187,0.10206773858167063,2.220577873397215,17.766221583960863,0.021135777833208615
1147291.113028,1147296.113028,1215,26.397751204496334,1.1016660669132532,2.430220907420614,0.18926513470724035,10.392304845413264,1.215110453710307,20.22414203321274,26.397751204496334,79.14514992269297,42.496033631714454,0.985909876588272,0.9855770472506401,0.047663418097395965,0.038575964349502063,3,2.581001762695424,19.663695553396213,0.04502826323001439,0.47754760752993475,8.283317774026338,0.018323586744639377
1147296.113028,1147301.113028,1212,25.85180380260739,1.123536466553204,2.3803098661846107,0.17630623784751215,10.392304845413264,1.1901549330923054,19.74500932507619,25.85180380260739,84.69135911573424,43.02297506959113,0.9942960686503238,0.9942960686503237,0.03112980488177727,0.027484346127266586,3,6.815961921627685,73.30281131291801,0.03861369127249634,0.2402928317951052,5.8786955867836586,0.018586069133229112
1147301.113028,1147306.113028,1145,25.293760120686006,1.7215525866646528,2.324267369490262,0.21514201597224436,10.392304845413266,1.162133684745131,19.843072371282567,25.293760120686006,58.757333151249505,39.35103032266855,0.9569472431126548,0.956573386601265,0.07617718899596616,0.05400798555050171,8,4.887257536952909,33.40333295520486,0.0759147071901694,0.7657198722751043,10.479147613847967,0.019658316095916648
1147306.113028,1147311.113028,1208,25.613990442092803,1.7293715003371317,2.365515192331725,0.22886746955078924,10.392304845413264,1.1827575961658625,19.933135866097746,25.613990442092803,76.7394729093259,43.992475372084265,0.9809696298342905,0.9809696298342905,0.047764743596943826,0.03336773628570567,1,2.7434715391119333,29.927442406288193,0.0470662198066597,0.2409209418306408,5.88577283528272,0.018240966655048218
1147311.113028,1147316.113028,1210,25.025871835972744,1.4441432532070377,2.3145904115761486,0.18797600117879223,10.392304845413264,1.1572952057880743,19.050411120931308,25.025871835972744,83.34651798448893,42.7113052999663,0.9942102596258521,0.9942102596258521,0.030072107903979392,0.027279384468155605,3,1.740897217044521,14.970629523787668,0.04465595477532147,0.23940272770227228,5.8704728353924525,0.018239814412063217
1147316.113028,1147321.113028,1132,24.532075665899658,1.0450720346027336,2.273770829164448,0.17726991937648598,10.392304845413264,1.136885414582224,18.775219329611254,24.532075665899658,75.09757276448617,41.93891520155821,0.987109242672313,0.9861964468310814,0.05706820550474973,0.05554244179670052,11,12.471595878453806,158.22971444175892,0.06574153558887456,1.1612414600511147,12.890002481472907,0.020333519310644102
1147321.113028,1147326.113028,1078,24.72885418983897,1.9349217326491386,2.269730683409668,0.2306040567202224,10.392304845413264,1.134865341704834,18.90355831587387,24.72885418983897,67.6637808706779,40.321118388386445,0.9749818177464533,0.9749775098057031,0.07570247106795268,0.06612095012005421,15,9.750002048600818,53.93674017868974,0.08188421214241909,1.2232642187207208,13.222057965198367,0.020863847931517104
1147326.113028,1147331.113028,1211,25.74544098433308,1.3260438804101813,2.34449385558254,0.19055390743365366,10.392304845413264,1.1722469277912697,20.18574064261128,25.74544098433308,65.09765300067156,42.85859543235985,0.9627951368868589,0.9627232050308283,0.06977824229860503,0.04774195723751272,5,4.0779695479551705,31.543540263060045,0.09069098976192891,0.716013457603125,10.127562342785579,0.018500007243542383
1147331.113028,1147336.113028,1022,43261675.54418947,1383020196.6760974,2.2875611184721043,0.24728344457002382,10.392304845413264,1.1437805592360522,21.569831805308198,43261675.54418947,82.84630958913088,55.55608546218846,0.9627947763564162,0.9625823928376049,0.08325381681631028,0.06778280303798215,11,10.946927945729751,58.85560757093256,0.11552746578356526,1.4459628272762686,14.34952806378237,0.022281731726576715
1147336.113028,1147341.113028,1125,28.47931216223315,1.7001920741269627,2.4953752756494567,0.16916971609579926,10.392304845413264,1.2476876378247284,22.085291554324495,28.47931216223315,77.68483197639394,42.6401403534304,0.9771137716561594,0.9772322478703489,0.05188245329297739,0.03927490699227189,4,4.330602339034721,33.92909437885571,0.03499167595850991,0.5169741352623883,8.60276353076451,0.019321637426900583
1147341.113028,1147346.113028,991,26.85143463240983,3.340664567251763,2.352519129245936,0.31542195492992536,10.392304845413264,1.176259564622968,20.489232814465325,26.85143463240983,70.70817548827246,39.980014456319466,0.9615181402592113,0.9607236726360624,0.08856683583712253,0.074744034743421,15,17.82455384063037,72.85550576891268,0.0645986798523112,4.202726840987481,24.206148028254646,0.024129445713172944
1147346.113028,1147351.113028,1164,23.769147910195873,1.3406945086850899,2.065743498669115,0.14302651428977495,10.392304845413264,1.0328717493345576,18.70450504194262,23.769147910195873,68.50025557987635,44.59527150921682,0.9684889238618023,0.9682651377323189,0.06523724149717046,0.04547905478663422,3,3.3866515446012664,23.779078354604092,0.08306155012277393,0.7427113787396354,10.29524070726701,0.018448182311448725
1147351.113028,1147356.113028,1154,25.263345841445226,1.470809961745527,2.203158654673948,0.15164522851039844,10.392304845413264,1.101579327336974,19.739869444969667,25.263345841445226,77.516477726346,44.901328868773696,0.9763324235838895,0.976098781577118,0.060133863353138486,0.047960262121854294,6,7.114322748620608,72.21545884164222,0.04280147849543101,1.2518957835268483,13.34901278924655,0.01891209826993828
1147356.113028,1147361.113028,1155,24.10146975462224,1.124496579330369,2.104311014555438,0.11867171164723661,10.392304845413264,1.052155507277719,18.404285231051603,24.10146975462224,82.11348889386788,42.23995028065951,0.9937024028731753,0.9932290587726411,0.042341785389969015,0.04063798014313916,5,5.549444282168328,41.84350823468588,0.05505526359393301,0.750338397501198,10.348330009712399,0.018819776714513556
1147361.113028,1147366.113028,1206,24.949386182247363,1.1505100414438283,2.1969224610030977,0.12078265684304079,10.392304845413264,1.0984612305015489,19.18857117918977,24.949386182247363,74.53381360085743,42.832171047630915,0.9914331788162023,0.991334302631086,0.038743505409235615,0.03356091797743741,4,3.6934941276799567,32.45330005262652,0.06673068808148606,0.7175858519616664,10.125901836087658,0.018329405603561142
1147366.113028,1147371.113028,1164,25.16634329239954,0.6813584965375438,2.2324195027599703,0.10539527645122687,10.392304845413264,1.1162097513799851,19.125637454973116,25.16634329239954,73.22124857717259,39.752242597225745,0.9939493916499541,0.9936570134799512,0.03834720873413602,0.03297418255149382,3,2.2454069647651766,18.84346115879773,0.02572070054625085,0.7415030107390329,10.295128609945827,0.017996020980285767
1147371.113028,1147376.113028,1120,24.341590819193875,1.3973389143110195,2.1235719623596903,0.16546455291493065,10.392304845413264,1.0617859811798451,19.07922159325587,24.341590819193875,79.21440636242332,43.67292224193634,0.9815204543199485,0.9816764100711944,0.060416575017985495,0.050122583263572364,6,6.605325124080596,39.42050142137241,0.045756019230639024,1.5513721039384827,14.850785444662472,0.019423558897243107
1147376.113028,1147381.113028,1201,24.90403855871893,1.030467968570452,2.1635156932499444,0.14401748726192182,10.392304845413264,1.0817578466249722,19.397593702751955,24.90403855871893,79.41561759428748,43.69370437223087,0.9940249375916802,0.9940249375916802,0.03439036879512269,0.031441270164080555,4,2.686040573000996,20.89136032858283,0.03472871212533012,0.4817416796391395,8.306226201585115,0.018683261025169085
1147381.113028,1147386.113028,1144,25.038629559926246,1.6444037035347687,2.169668038152861,0.1807432491489214,10.392304845413264,1.0848340190764303,19.48204027602719,25.038629559926246,79.95416976700261,44.00812622106292,0.9881023599045629,0.9880979892751921,0.04901905753684194,0.04166299692243149,5,5.1495594965383,36.192719748930635,0.048123826452117706,0.7596672492013413,10.4205078355562,0.01883204514783462
1147386.113028,1147391.113028,1150,24.37789877600215,1.3683144394316835,2.1181357832809815,0.17497275339735807,10.392304845413264,1.0590678916404908,18.837775236314673,24.37789877600215,79.76975699539334,43.48599793901146,0.9880522149459793,0.9880478671198923,0.054627817551925965,0.049632597790028016,9,6.87349251037567,45.59134827161648,0.059027079742678845,1.0111234260494015,12.01028837952316,0.019832189168573607
1147391.113028,1147396.113028,1162,24.60567579103882,1.34360024203249,2.1157134300275846,0.17349732280003385,10.392304845413264,1.0578567150137923,19.101416004633233,24.60567579103882,76.99793449014916,42.78058785189117,0.9875299020283632,0.9875299020283632,0.05327824293361122,0.04975830069517673,12,3.756950572816586,28.34155696417771,0.043555251631448966,0.6229791757694267,9.436387075681129,0.01935561796056406
1147396.113028,1147401.113028,1220,25.876048375405855,1.6935255853856213,2.1979947554999417,0.20263979523133982,10.392304845413264,1.0989973777499706,20.814380408597493,25.876048375405855,63.627288671665596,43.16521386665888,0.961556749361962,0.9614306104347492,0.06382999154231543,0.03739083481004959,0,1.305357286167982,14.818888660665497,0.06168514588152479,0.1186532425077735,4.112819480758868,0.017716422203048605
1147401.113028,1147406.113028,1215,26.622350611624793,2.2015302634562937,2.2333720885112944,0.2349614446025381,10.392304845413264,1.1166860442556472,21.466451401368904,26.622350611624793,62.03750883014397,47.10009944633618,0.951898833424459,0.9519477740323021,0.07061715063076973,0.041031488033960686,3,3.239786895008694,30.60896726042558,0.07948372473833595,0.47472077504396687,8.238204014123756,0.01823695040069309
1147406.113028,1147411.113028,1239,28.54450388686835,1.2259419325264986,2.4008482278919816,0.17471481221680718,10.392304845413262,1.2004241139459908,23.051598498995176,28.54450388686835,58.22143482764904,44.76105587216091,0.9613656326201526,0.9614651695982083,0.057429531891971,0.030195127934316453,0,0.7446346405223805,1.6018089493861527,0.07065992111260465,0.0011715255350785,0.019818094722097473,0.017543859649122806
1147411.113028,1147416.113028,1205,26.298877983966168,1.7113996569780234,2.217714519856113,0.20723429061252327,10.392304845413264,1.1088572599280564,21.15850583390395,26.298877983966168,50.41469956276185,39.48893141352276,0.9502493808773609,0.9502493808773609,0.06943664638926744,0.037245101374187656,2,2.8548195589560907,30.07091917162312,0.06898014199952669,0.48015177624807376,8.28235171976818,0.018242702191162554
1147416.113028,1147421.113028,1228,25.566929305123608,1.3242499540583186,2.1432117889958033,0.15562676935415487,10.392304845413264,1.0716058944979017,20.74719970922725,25.566929305123608,69.46754934266596,47.997562253836406,0.9557745134416993,0.9557745134416993,0.07398358696008507,0.04375477555164195,2,2.3579928207829095,20.061539577327515,0.06568353121329507,0.4697678076921785,8.195679231359778,0.018143893936796388
1147421.113028,1147426.113028,1239,25.78781488823794,1.391377443305005,2.1678913129814807,0.17042370502491938,10.392304845413262,1.0839456564907404,20.752917031742353,25.78781488823794,57.97928906432686,46.35234443529081,0.9504234588311518,0.9503566399118636,0.06694241860204131,0.03180094594684462,0,0.5815054344214108,1.0903424546689353,0.07724862548616072,0.00018956497937528308,0.0032825089341399307,0.017543859649122806
1147426.113028,1147431.113028,1207,26.44044404542163,1.1954874094099934,2.2169704374548935,0.15072232393695678,10.392304845413262,1.1084852187274463,21.901430110221327,26.44044404542163,77.9778492719995,54.54368183045081,0.9412674029060527,0.9413231685229362,0.07517238590064894,0.03644679091595058,2,1.9603585904111671,19.330483109676464,0.057019778057374904,0.47585304390092914,8.250887939734282,0.017892701928807105
1147431.113028,1147436.113028,1197,26.5860512992826,1.8433230214832044,2.2553950558950016,0.1879405403752412,10.392304845413264,1.1276975279475008,22.007552212033325,26.5860512992826,78.79950940414824,55.27799934682915,0.94133672374048,0.941399791179396,0.08636048547138463,0.05067546976658817,4,5.074165015898947,36.10223973986387,0.0867304378660931,1.4433147524529586,14.319693494242857,0.018599129402453504
1147436.113028,1147441.113028,1210,24.380204580975054,1.1094471841347284,2.1306168999247053,0.11133443032338154,10.392304845413264,1.0653084499623526,20.19175415406391,24.380204580975054,75.09603084429924,54.12214340828492,0.941889862318585,0.9417337295729563,0.08014813881202572,0.04812165669509322,9,2.619057257469026,15.369636631149884,0.06524237187743648,0.955593373830411,11.677515363249853,0.018935769175003624
1147441.113028,1147446.113028,1237,25.61694495023103,1.41955713310464,2.2436171709792627,0.12750236160079167,10.392304845413264,1.1218085854896311,20.901247293418916,25.61694495023103,57.91876820766398,45.65689552269172,0.953497357649233,0.9535381381793075,0.06457343877211935,0.032083371706042065,0,0.9628812379420433,1.9851432074810351,0.0688102154143955,0.0004647242742613398,0.007992243439234189,0.017543859649122806
1147446.113028,1147451.113028,1183,25.771248680851187,1.5283526157342178,2.2612451509593683,0.1455740058644402,10.392304845413264,1.130622575479684,21.17676385525836,25.771248680851187,80.87968649308146,51.36382638573868,0.9439571663523818,0.944023836268361,0.07944781851003581,0.04837223363641656,8,4.7743883914136065,38.74641746408871,0.03460554998946192,0.8572892594502484,11.063710600231383,0.019323456570420134
1147451.113028,1147456.113028,1186,25.922205689171797,1.3098016067442242,2.261738808141451,0.12005800856475284,10.392304845413264,1.1308694040707254,21.31172466501702,25.922205689171797,80.52960561684472,51.026106246956,0.9388072565286141,0.9383202010484041,0.0817719372044202,0.046279290768186654,6,3.0778594274734603,21.90791538668872,0.02622451834695701,1.0934370480577547,12.47897911096344,0.018608916895949824
1147456.113028,1147461.113028,1239,25.140676719368532,1.0141610430776036,2.19703851866898,0.09320534475198675,10.392304845413262,1.0985192593344897,20.496847046969723,25.140676719368532,79.61097321225891,49.420728900920885,0.9535258866811921,0.9535507211730411,0.06187424064802648,0.0288957039774165,0,0.6123263408001612,0.91385887210539,0.013652115951948783,7.441533496363583e-05,0.001252948420211628,0.017543859649122806
1147461.113028,1147466.113028,1179,24.376194698324685,1.2135880006394015,2.114294229133551,0.12069093016684082,10.392304845413264,1.0571471145667755,19.64391602107074,24.376194698324685,75.72653747757593,47.111261898542836,0.9492251328023563,0.9491278340238959,0.08011562784334156,0.052745895556054474,7,5.045332848504004,34.970936415714434,0.04295091700133178,1.2241119110722636,13.198844126508918,0.018972367305031025
1147466.113028,1147471.113028,1219,24.332030533996846,0.7989251184499528,2.0881891832604262,0.0844323592342782,10.392304845413264,1.0440945916302131,20.29834652706627,24.332030533996846,82.99255119488683,54.82762908549516,0.9458386972474171,0.94595619000487,0.0759913460208254,0.04070157985008935,2,2.0463873770781587,18.006351191999954,0.04442509721707299,0.4719683171532673,8.21653278827548,0.017975619935811638
1147471.113028,1147476.113028,1164,25.10250045079669,1.1263357956429958,2.149396776126288,0.10013766426413742,10.392304845413264,1.074698388063144,20.70108816923505,25.10250045079669,80.27041393397822,53.72941317913981,0.9488982000885484,0.9487660097218694,0.07546423100233655,0.04352622505976221,3,6.109198347804321,38.7613317265672,0.0436361949383782,0.755311916482543,10.381213650685062,0.02016639536986797
1147476.113028,1147481.113028,1184,25.846334304998713,1.9685156278423124,2.2019248919658367,0.17407018204532254,10.392304845413264,1.1009624459829184,21.2043111466787,25.846334304998713,71.72674065959072,50.782598098848865,0.9347991993777587,0.9338667988646658,0.0870569277886329,0.04503764217794293,3,3.894969450733176,29.569323056949443,0.05796980710516314,0.48717655828039447,8.34152887120303,0.01852181128496918
1147481.113028,1147486.113028,1112,25.46197573949944,1.6843197160316863,2.1549955394430502,0.14841309261288857,10.392304845413264,1.0774977697215251,20.950838924155278,25.46197573949944,76.76651667088291,51.9280863300424,0.9282392307576722,0.9262772624914866,0.10010859608233448,0.06152917703859409,13,11.376817323998095,55.76891686248566,0.04288468986372915,2.6555417637347167,19.329736778158747,0.021898270856998612
1147486.113028,1147491.113028,1139,27.815458586827464,1.4352850551520193,2.3594198502449424,0.12853861377796957,10.392304845413264,1.1797099251224712,22.789926897679216,27.815458586827464,78.63871255162387,49.68656582008826,0.9313397036302378,0.9309668936909065,0.09219668416646681,0.05872934976996466,15,6.008172264009205,32.19779161374561,0.061271961660397306,2.2871637047321856,17.95986132893485,0.020501209124655362
1147491.113028,1147496.113028,1228,26.015069322452483,1.7890062522120902,2.21433060268782,0.15683892153511772,10.392304845413264,1.10716530134391,20.928872832005837,26.015069322452483,76.25070353639393,48.909161044526925,0.9658412230863522,0.965930730011992,0.058898216064250705,0.035172657457991315,1,1.36717399277911,12.82680554035889,0.05089730306531556,0.11749179986388375,4.086983042817611,0.01788673638493628
1147496.113028,1147501.113028,1204,26.001570863158587,1.4854649577051078,2.201564793816034,0.13255763472140641,10.392304845413264,1.1007823969080168,21.352175551463358,26.001570863158587,69.69988199246396,51.606931409235585,0.9476833094751324,0.9476833094751321,0.07278003315645226,0.04095656963737515,4,1.8973838300668127,12.767164206336897,0.069654675481252,0.4794984572342698,8.265467770580486,0.018592994113189952
1147501.113028,1147506.113028,1208,26.52081409709527,1.1310062761188073,2.2672406755353243,0.10540804444453307,10.392304845413264,1.1336203377676621,21.57802405152864,26.52081409709527,79.27516979773625,49.37722304506468,0.9549455023330278,0.9547799394191204,0.06974334343522226,0.041821783840376305,2,3.054824371686327,33.167103573604635,0.029848273953325236,0.47734027969533477,8.257025531909044,0.018328105030788893
1147506.113028,1147511.113028,1075,27.568676838985347,1.6135099935104693,2.3449238187049932,0.14120058214765704,10.392304845413264,1.1724619093524966,22.643168862984098,27.568676838985347,79.85884586213896,51.082825374058665,0.9351011492557807,0.9346753994561726,0.09088241827045579,0.058787578194200205,11,7.286205464368987,40.143960237155596,0.05496060929888497,2.4113497752594486,18.432332824975994,0.019698082415340677
1147511.113028,1147516.113028,1188,26.743109325389746,1.9071928218756542,2.2747420506529274,0.1613020317532217,10.392304845413264,1.1373710253264637,21.606044717461554,26.743109325389746,75.72862367687473,46.444135110538056,0.9531825375350687,0.9532863187412137,0.07066526456796893,0.044168051864115515,6,2.234844095848255,17.721060642242133,0.026884284136883846,0.48545378213135304,8.323817418584042,0.018695729222045012
1147516.113028,1147521.113028,1156,25.3402893843816,0.898548283085924,2.1517099799740156,0.07945825497644665,10.392304845413264,1.0758549899870078,20.45013183350937,25.3402893843816,79.70198935691045,47.85791009400404,0.9599693944453268,0.9597597163496664,0.06727536260099458,0.04865395778001755,6,7.62173112188376,50.86165964430024,0.042594730746351096,0.9985219961627122,11.917603858147167,0.019273963455351182
1147521.113028,1147526.113028,1207,23.713183665081104,1.3733545219637566,2.030452785376847,0.11292368343097092,10.392304845413262,1.0152263926884233,18.554568604959904,23.713183665081104,72.31289918777654,42.135750256744586,0.9845722325314504,0.9845722325314504,0.04674504475449896,0.036587954402066115,4,2.062247872957965,15.109167507568888,0.04350635828960364,0.7135487403743584,10.082951378932185,0.018067123068649254
1147526.113028,1147531.113028,1153,24.554224098044415,1.6128580700282142,2.106907196033295,0.14211213618861035,10.392304845413264,1.0534535980166475,18.888524278055467,24.554224098044415,83.62951521530827,43.22042374014402,0.9877411405521214,0.9876655986845951,0.05046525752686222,0.044101773865045275,7,34.122856229644285,518.3708768809583,0.06369559028523722,1.002941259598176,11.943346581417455,0.01946105506611281
1147531.113028,1147536.113028,1218,25.638230650097523,1.170332901485691,2.2144250152560625,0.09760924928426652,10.392304845413264,1.1072125076280313,19.504912456012313,25.638230650097523,87.42597050364998,42.6989758121099,0.9973208300603541,0.9972995966065757,0.02989285906622373,0.02842200616057412,3,3.0825000830567895,27.1708370749339,0.0410400038564229,0.7066092535134644,10.033349590444715,0.0180623973727422
1147536.113028,1147541.113028,1163,23.963592008037136,1.6223651976281952,2.073980522500248,0.14002221036266774,10.392304845413264,1.036990261250124,18.838056068456662,23.963592008037136,73.86153454068041,42.927759745925904,0.9785576537382681,0.9784746962873333,0.05972729342682179,0.052708331779305645,10,13.218352843361924,171.06212836533598,0.05345922907722053,0.9993066063598774,11.922843171627866,0.02016865034469234
1147541.113028,1147546.113028,1169,24.129187663733923,1.1732536947584142,2.0650804815661274,0.09961694491123464,10.392304845413264,1.0325402407830637,18.66477033492737,24.129187663733923,81.61396202415267,43.91124541183412,0.9893039655122352,0.9891328791136038,0.05238266870184885,0.0476056592115119,9,4.412497535992198,33.25356943269325,0.056972764686669695,0.9824165601844123,11.820035600145951,0.018894541743580507
1147546.113028,1147551.113028,1120,25.915420336925152,1.7374113866491834,2.2035770224697298,0.14353659445012548,10.392304845413264,1.1017885112348649,19.98751907070186,25.915420336925152,82.82910954524705,43.97291826636011,0.9928527935066861,0.9927905767752188,0.0463990233394446,0.04482344864349416,7,7.619661721972649,47.24254074974151,0.05535492550421713,1.806243074679521,15.97597903846259,0.019799498746867168
1147551.113028,1147556.113028,1205,26.253514044061166,1.2024117812950277,2.2309688249798816,0.10389765129542085,10.392304845413264,1.1154844124899408,20.14494317229305,26.253514044061166,81.0688615620189,43.156038198885085,0.995611954174422,0.9955800959250423,0.03202703624958047,0.030807109785217304,5,3.3889519455054335,32.10834112371028,0.046410377739304294,0.23902372636373026,5.836274103478398,0.018417412826672492
1147556.113028,1147561.113028,1197,26.473316842365964,0.7671498889322182,2.25406935202104,0.06904663035449192,10.392304845413264,1.12703467601052,20.211047963442972,26.473316842365964,81.87055338065478,43.36033010886292,0.9966846294741514,0.99681768174751,0.0304348830931668,0.026851626542115353,3,3.250916598554552,22.842340111369634,0.05485206175715462,0.7212572087207071,10.129965049792501,0.018775007694675286
1147561.113028,1147566.113028,1214,26.021973068199582,0.794485276576215,2.2167734634026015,0.07487627270249846,10.392304845413264,1.1083867317013008,19.97105417031877,26.021973068199582,83.69391256348874,43.86750224941354,0.9984318284900122,0.9984113453396732,0.019814419879531656,0.017117676926332124,1,1.8570801201398783,15.320352520745054,0.03245254133775791,0.23631271455454453,5.806097325296035,0.017890690482383884
1147566.113028,1147571.113028,1196,25.504260481010615,0.9386167157153286,2.1645227429930034,0.08726406736912129,10.392304845413264,1.0822613714965017,19.603000230665423,25.504260481010615,80.76678035448028,42.75104568827221,0.9946419363867427,0.9945529013454348,0.041857881163902225,0.03892813172139483,6,5.221076973904037,41.31391673195979,0.040522968655019864,1.201013567754142,13.047447146176625,0.01877603708267324
1147571.113028,1147576.113028,1191,25.312820701635236,0.913798808995477,2.1592529108335583,0.08584148187790602,10.392304845413262,1.0796264554167792,19.41810031709281,25.312820701635236,80.58621327678442,42.464707262512334,0.9958601713743356,0.9958314914666485,0.03600603532331819,0.03448077057988028,5,4.665978863959253,33.405408299578625,0.03390022752084622,0.723886462860588,10.1486023859979,0.01869282778735251
1147576.113028,1147581.113028,1207,25.267440550412783,0.9806272415382083,2.1740660538580006,0.10245921737777011,10.392304845413262,1.0870330269290003,19.282209405863632,25.267440550412783,80.22960123330725,42.35401697891178,0.9977277891769585,0.9975569231793331,0.02648629988637083,0.02523621931734758,3,1.8089263747320348,11.457897651047164,0.030800069213764898,0.4750563626148959,8.223470711872027,0.017979912498728177
1147581.113028,1147586.113028,1170,25.685972982285346,1.280613714644471,2.2243384701707942,0.12201284069897614,10.392304845413264,1.1121692350853973,19.48093308570531,25.685972982285346,79.80326385514668,42.06835954085419,0.9947311834264725,0.9946449052403861,0.039927004023008424,0.03668810628786021,4,7.2761650057368765,52.42118656903443,0.06426826190203484,0.9861329128156526,11.837126179181121,0.01898335582546109
1147586.113028,1147591.113028,1164,25.908287178452944,1.1499631991417634,2.2541727032492,0.114101546553995,10.392304845413264,1.1270863516246,19.770571899054474,25.908287178452944,78.47178403178621,42.4580206662349,0.9920881723259642,0.991857455805862,0.03695533482092797,0.03099659415756426,2,3.497613453273092,32.21564307362941,0.049960691608090226,0.4933108242901064,8.382166801435973,0.018267317778983543
1147591.113028,1147596.113028,1157,24.570308702784672,1.8240498704129282,2.1254335462942486,0.1610872637440724,10.392304845413264,1.0627167731471243,19.25372449432896,24.570308702784672,75.95061513704842,43.62290198376592,0.9799165754233674,0.9794675965962614,0.06196233795354283,0.05081825968870497,7,4.9950573933408124,34.5108175726241,0.07862036341508646,0.8706938036767897,11.122064200296046,0.019181488726136862
1147596.113028,1147601.113028,1108,27.009785773767298,1.5222548334559873,2.3484974091592803,0.14929978521928744,10.392304845413264,1.1742487045796401,20.72898370044823,27.009785773767298,77.67579584945904,42.92081358710981,0.9853003793595455,0.9845367660324762,0.060792258156827005,0.05673361905414139,12,8.586950055778983,52.442433765344155,0.06817200217326254,1.558986733204778,14.850858007761133,0.02020393945151688
1147601.113028,1147606.113028,1038,25.775540554247787,1.929663764350411,2.2015342370370625,0.1827861016521066,10.392304845413264,1.1007671185185313,20.155068681124796,25.775540554247787,75.55106810496625,44.0113763515869,0.9663897509873537,0.9662771892962072,0.07738373586491216,0.06466785209005109,13,29.79927718780695,323.56069425697336,0.08180823127668818,1.707522715352811,15.527404012650544,0.02251292972315181
1147606.113028,1147611.113028,1147,26.063769490426175,1.450535975746541,2.23331885769296,0.14437354435867794,10.392304845413264,1.11665942884648,20.109454671046063,26.063769490426175,81.70122573354415,43.54756629255631,0.9947929334620071,0.9947966601097209,0.03811635167990799,0.034406774887484656,5,4.16106799917766,33.185343543591515,0.04947102924466689,0.5028686901863164,8.456421859220013,0.019103993637100598
1147611.113028,1147616.113028,1136,24.147862432823505,1.2758828199394978,2.064339285713485,0.1445101947438131,10.392304845413264,1.0321696428567424,18.527903874957126,24.147862432823505,83.43720164525247,42.94817842577449,0.9957098517552395,0.9959159912466303,0.031996746141065735,0.029342264655558063,2,6.192096715142634,44.51860984717943,0.04360932798458578,0.7630251405128062,10.410478038327602,0.019119100568322216
1147616.113028,1147621.113028,1163,25.298341410485918,1.068417702965111,2.1575002283640417,0.14635601519480348,10.392304845413264,1.0787501141820208,19.37215180322726,25.298341410485918,79.97162453769778,42.206109634251305,0.9932242154340641,0.9932330747782148,0.04484081997397455,0.04214199567508259,7,4.871785465213477,31.348279399446906,0.044563301320516,0.7417448432937713,10.264932553502852,0.019173040080855623
1147621.113028,1147626.113028,1158,24.172204641602704,1.157437086886205,2.0681016568675195,0.13792126965577825,10.392304845413264,1.0340508284337595,18.526716566214244,24.172204641602704,80.8484457376436,42.61223348297408,0.993879543552169,0.993514025230071,0.044055950078114206,0.04238653809578802,6,5.7104152641984545,42.52059833776721,0.03789205269191694,0.9951268507283112,11.878428607279131,0.0191800745386783
1147626.113028,1147631.113028,1210,24.498850631037637,0.8520552882929568,2.0753526865882024,0.08962835966652337,10.392304845413264,1.0376763432941012,18.855787672963967,24.498850631037637,81.78509832649073,42.687634472566145,0.9981642671490992,0.9980309999737852,0.01827457029638196,0.0172490691275164,1,2.2305357535688604,17.3360092081356,0.03351753658139799,0.23700502052679223,5.809122743159585,0.01789183703059301
1147631.113028,1147636.113028,1174,24.059212772790357,1.7086108398371658,2.072280534472635,0.12755361567176235,10.392304845413264,1.0361402672363176,18.614019299079672,24.059212772790357,61.93902976244688,41.62522142267913,0.9669472983091013,0.9665402104326973,0.07344634872329994,0.05607161585890591,9,4.683229166422657,27.787302105125985,0.09030837788809232,0.9899713675345855,11.85001467393627,0.01996473295675304
1147636.113028,1147641.113028,1160,24.3666632907058,1.255065168334827,2.1720038614644785,0.12311725172108146,10.392304845413264,1.0860019307322395,18.742132851344568,24.3666632907058,82.97712157599577,43.38755400944816,0.9920887621728678,0.9919343171726857,0.04597072036297497,0.043401239071090926,7,6.546147415815641,46.80763280747693,0.04939403267910066,1.0042685178332633,11.967791524221031,0.01972171808832426
1147641.113028,1147646.113028,1239,29.270552888003376,2.6618679146721864,2.567201261206002,0.23320791474979213,10.392304845413262,1.283600630603001,23.776912026341876,29.270552888003376,71.91975245435519,50.08567963371214,0.9504684675863612,0.9504344064352408,0.06461144480103298,0.029440833662805498,0,0.8664031760459775,2.7177271672140244,0.051865960374706255,0.0002120650272158586,0.0037613674979525714,0.017543859649122806
1147646.113028,1147651.113028,1195,28.784301240492987,1.9253817164748606,2.5240655703036023,0.17960902564706682,10.392304845413264,1.2620327851518014,23.244768765245432,28.784301240492987,66.10300121905972,46.76551559282335,0.9490283934371451,0.9488618415286316,0.0723889538199226,0.043306017134310704,3,19.239285443579437,234.39026106262043,0.07224616307087217,0.7237454460380345,10.167786095268632,0.01860089554430008
1147651.113028,1147656.113028,1211,26.52497723971348,2.422334558439734,2.3299458255407703,0.2174559653490833,10.392304845413264,1.1649729127703852,21.334410254501496,26.52497723971348,58.20420980951293,45.0248393265922,0.9482930149399825,0.9481722262901932,0.0698818647107887,0.03801392577362411,3,3.7209816981992025,26.584951966708996,0.07099934481173452,0.7181816132335387,10.131730540257246,0.018760774769293175
1147656.113028,1147661.113028,1203,28.76776367614768,2.572833219865709,2.5146300595064757,0.24013685749077932,10.392304845413264,1.2573150297532378,23.848526971689743,28.76776367614768,77.44246251655085,52.33636750238151,0.9362939805454091,0.9358304695196804,0.08196499656203489,0.043357937188138414,4,3.1076570604057396,23.84443310069577,0.03408421571371612,0.9604326399209463,11.707469962352933,0.018593866211663822
1147661.113028,1147666.113028,1192,27.852452824840405,3.4127708140788227,2.3875575774936992,0.28762227744289365,10.392304845413264,1.1937787887468498,23.065100117339977,27.852452824840405,70.84104545755578,53.493233513221554,0.9412400323573987,0.9403156036965268,0.08462934215133351,0.056849914665124124,11,3.720310287929865,26.689133601898707,0.0714919372626201,0.7286909136378792,10.185926267740934,0.01983986812669257
1147666.113028,1147671.113028,1096,34.3295073957597,2.528600546764367,2.8877141483098105,0.22039134020476556,10.392304845413264,1.4438570741549053,28.40723276164118,34.3295073957597,83.66943183971769,54.71370412707444,0.9281592158167219,0.9277675429548703,0.08821198843311841,0.044693980509947655,5,8.934682225734502,47.742723711399684,0.07985445910348866,1.5972732258400517,15.034906111306473,0.02023306441285696
1147671.113028,1147676.113028,1235,28.37225435231116,3.27091295785076,2.393489850857896,0.2393107002049093,10.392304845413264,1.196744925428948,22.293008701730393,28.37225435231116,50.36059678213891,37.24588832700629,0.953935636736615,0.953935636736615,0.060588652575160405,0.028557350098807152,0,1.119978786942088,13.52470203653353,0.0540826924493756,0.23269516500227488,5.74924643537592,0.017629092975353363
1147676.113028,1147681.113028,1217,29.943442490855958,2.9187015805481225,2.546393353123183,0.22542351320915757,10.392304845413264,1.2731966765615914,24.32229879599626,29.943442490855958,70.2452165498199,48.47559392025203,0.9479779604761104,0.9474885960646426,0.06858209462411596,0.037254930263870785,3,2.309415585253787,15.760914758604704,0.0562051776601867,0.7105641842073133,10.061255357294945,0.018408799319580792
1147681.113028,1147686.113028,1195,34.11779131791226,1.7180007286329604,2.8881629929837467,0.14111655004572432,10.392304845413264,1.4440814964918733,28.583547946295408,34.11779131791226,86.84151450838559,56.456854210788634,0.9480697401428352,0.9479895943440658,0.06781122132654932,0.037200050368854175,4,3.0321302182542733,25.230549572138024,0.04876191281446887,0.48196758468308276,8.28205083191027,0.018512809219701973
1147686.113028,1147691.113028,1194,30.353031063036678,3.3436722065987228,2.6015002138468786,0.2838659480275082,10.392304845413264,1.3007501069234393,24.82259038479392,30.353031063036678,67.87739335227361,48.46108988368338,0.9499823432117781,0.9492748621361058,0.07334455369481413,0.04862930432703832,8,3.443258075530143,21.172262895360547,0.0710091680215012,0.9655582817735054,11.725267276197394,0.019130741426430398
1147691.113028,1147696.113028,1201,30.067888641664098,2.358727436682292,2.608508627018065,0.21684345756348042,10.392304845413264,1.3042543135090325,24.15383103459496,30.067888641664098,75.56977147639738,48.47237465042725,0.9560906027650367,0.9554884727716816,0.06422963718783681,0.04243366163265682,4,3.788115956604923,35.222686374645455,0.05746809309557966,0.9566348645266155,11.674112570288004,0.018332675986385615
1147696.113028,1147701.113028,1186,30.05508956470229,2.1188128414065397,2.5926074966902872,0.1823654505596687,10.392304845413264,1.2963037483451436,24.54334967841722,30.05508956470229,77.93811534182294,50.38440526034045,0.9523859288300686,0.9517908207112136,0.06558185434368846,0.038122981060341087,2,4.162067129826415,33.582806795678934,0.04526642385829877,0.7292126271466246,10.200917669692286,0.018520162125380907
1147701.113028,1147706.113028,1219,35.787977279651685,1.0277456164529648,3.0858353092691932,0.10816248523443169,10.392304845413264,1.5429176546345966,29.41111155409635,35.787977279651685,81.69253795716804,50.27980110063481,0.9546545010785049,0.9543849996947852,0.06012406396412837,0.03343484895207801,2,1.823680729311241,18.172181137940324,0.0198753211915915,0.4716584583169126,8.209816931072389,0.01814832405048717
1147706.113028,1147711.113028,1203,35.807580234873704,2.015556161877331,3.079646927381708,0.18906719995171395,10.392304845413264,1.539823463690854,29.716321556580027,35.807580234873704,83.91267747908938,50.87735013856022,0.9526632612665401,0.9520602284727299,0.06561947839375014,0.04187625662825734,4,2.8201433817715893,24.538979489670815,0.028106176715593022,0.7198976108631251,10.130477674591994,0.018593866211663822
1147711.113028,1147716.113028,1191,32.912021037024935,1.8498598673836244,2.771900558799845,0.15369110518592644,10.392304845413262,1.3859502793999225,26.66597783383887,32.912021037024935,88.59331569366061,49.522657449658965,0.966134668604525,0.9660474719565625,0.04892892210854131,0.028644623751705577,1,2.194650742341932,18.201592410624386,0.022769166616001854,0.24342987949816783,5.894109911178263,0.01878120995183172
1147716.113028,1147721.113028,1204,32.40646561535066,3.5174776335669202,2.729925443317688,0.28543188278263554,10.392304845413264,1.364962721658844,25.993667417068202,32.40646561535066,78.25174746742057,48.37872201705149,0.9655974549605103,0.965465591172101,0.05122535608340042,0.03131853628318766,2,2.6957733577569325,21.40870909270741,0.07232131850435947,0.7152368041941658,10.087266650697577,0.01824328262516757
1147721.113028,1147726.113028,1211,33.26803647557706,2.448900545423595,2.790089565189612,0.19685335360008396,10.392304845413264,1.395044782594806,26.950598992641027,33.26803647557706,84.86396876976188,49.03598349578487,0.9637010124860719,0.9634617051362968,0.05572322762022616,0.0352131487046982,3,2.405368152180963,20.13537465847129,0.0282745476190998,0.7134388992600116,10.07614823431561,0.018413084734958785
1147726.113028,1147731.113028,1199,36.28491075396931,1.6942345046822052,3.0517143610559803,0.16250716376523003,10.392304845413264,1.5258571805279901,30.35951860455602,36.28491075396931,80.34415715938061,53.5147546639941,0.96624078305976,0.9657367824334961,0.06183660432199452,0.045448708945085715,4,2.8613334848711443,22.800104918551124,0.0455591909949602,0.48307466522857617,8.299077078629837,0.019914256032073512
1147731.113028,1147736.113028,1202,33.48259252290918,2.3411578632691183,2.8404180339291796,0.2111034889914592,10.392304845413264,1.4202090169645898,26.764365598157024,33.48259252290918,85.16316690224748,47.467073985052835,0.9659388748175396,0.9656571421932787,0.05792926701660442,0.040394523383232496,5,2.4468680786474613,20.31106638681123,0.037964274304645725,0.720510032750465,10.136175312617878,0.018682313103891176
1147736.113028,1147741.113028,1195,31.717147814869172,2.892237635855103,2.686946567625716,0.25608458187099725,10.392304845413264,1.343473283812858,26.23674766485361,31.717147814869172,82.56109439434289,51.9830712513776,0.9622412691837903,0.9615582413891606,0.06470813009228316,0.04451696357918896,4,9.141458787318784,146.71756479526127,0.05933632420666806,0.7244299617611996,10.160849525744148,0.018953240842692506
1147741.113028,1147746.113028,1209,35.30744959596915,1.5503450763358353,2.9594390349644057,0.16592722350321173,10.392304845413266,1.4797195174822029,29.49723772380397,35.30744959596915,81.14759804960546,53.28250085338327,0.9353453667123873,0.9353453667123871,0.08392373815488122,0.03897948283347553,0,1.844754667988127,14.422652731032912,0.02118336695647802,0.1189932714997625,4.124145281737839,0.017805058552087416
1147746.113028,1147751.113028,1196,34.89686959039256,2.4923335749593885,2.93292299480369,0.24598621114628064,10.392304845413264,1.466461497401845,29.37262624238796,34.89686959039256,83.43285602930574,52.786809307214604,0.9532444672747274,0.9529015809294159,0.06893625296346488,0.040741866177816916,2,2.918568759274051,24.141318607237103,0.03336540883208831,0.6034843142218849,9.279809212505732,0.018511999061198145
1147751.113028,1147756.113028,1198,30.63385607615123,3.693981080145732,2.592895365197059,0.3241638771751378,10.392304845413264,1.2964476825985294,24.532191605433937,30.63385607615123,64.35068860032038,44.28126819719913,0.9541108378569323,0.9536158503041418,0.06701771771618702,0.04494275300962231,4,2.6104507883461556,21.051267303192155,0.0628814327529864,0.5995630905326721,9.24884451441716,0.018598248542893128
1147756.113028,1147761.113028,1177,35.72839787554418,2.3233236224639535,2.997489223347529,0.21605947693719546,10.392304845413266,1.4987446116737646,29.41321080826621,35.72839787554418,78.13154329521136,50.25347353797348,0.9617689762646371,0.9615598878152112,0.06428025869597045,0.044761585709145124,6,3.0957353197806983,21.37116063773047,0.05072458858594636,0.8552813776399798,11.036962751455384,0.018706494358240545
1147761.113028,1147766.113028,1205,32.82238048261019,2.5693294115822853,2.757298542383409,0.22099652342092274,10.392304845413264,1.3786492711917044,26.5586088677377,32.82238048261019,79.33659727130173,47.93921650499966,0.9649899086650482,0.9649903572701282,0.05200855452965327,0.029502440923993047,2,10.272545645070318,98.45000565698464,0.04552220362879444,0.23990972565232194,5.853826372623176,0.018417412826672492
1147766.113028,1147771.113028,1235,31.331422808750837,1.7652342369917378,2.6161985853701766,0.16324503282830294,10.392304845413264,1.3080992926850883,25.567662856081128,31.331422808750837,82.24466575077534,50.14106322219723,0.9585911373475002,0.9585622199822894,0.0553082010650086,0.026154677296539454,0,1.088845191587028,12.042336283965048,0.034100640957178095,0.23225527334920334,5.760314455048326,0.01771432630158392
1147771.113028,1147776.113028,1209,29.55823825013905,2.5649030823083807,2.4734221229455695,0.212635574740686,10.392304845413266,1.2367110614727848,23.65552012822126,29.55823825013905,66.49187910655542,46.58158645845299,0.9537924455419527,0.953731677786796,0.06635264310176772,0.03705692773573235,1,2.839928361858045,26.548602032625013,0.0601672695841404,0.4763134511115177,8.242393473180199,0.018153323756040226
1147776.113028,1147781.113028,1203,30.79551646198106,2.063166365207625,2.592730389419131,0.19196065853233935,10.392304845413264,1.2963651947095656,25.074015720880375,30.79551646198106,75.90751074631254,49.87811243363323,0.9506640945159026,0.949769487508523,0.07619298761961919,0.05322672922454135,9,3.640068334652077,31.190187313853574,0.05318633460968256,0.719834849204893,10.129336504148982,0.019381371133569584
1147781.113028,1147786.113028,1200,32.3995693819484,2.1096047603327253,2.709794202553259,0.2005791657110701,10.392304845413264,1.3548971012766295,26.661289525918484,32.3995693819484,82.25188827947119,52.48775837361996,0.9464312323274274,0.9459479054188212,0.07629958504764821,0.0471922093872433,4,2.5496285397182574,20.410607837168488,0.038312806070623,0.48033823950121185,8.279299925421695,0.01868421052631579
1147786.113028,1147791.113028,1198,34.04652601069426,1.7820643612151763,2.868602990914465,0.17775997921200637,10.392304845413264,1.4343014954572324,27.986975799340343,34.04652601069426,78.31976307188938,49.38596272677991,0.9585291226788077,0.9574352381854478,0.06890515171259061,0.051718309044783375,9,2.957821842318378,28.833498651221362,0.039433739946506306,0.4820038191446881,8.29725350162415,0.019389040213220864
1147791.113028,1147796.113028,1094,32.66104130236932,2.1472519182612273,2.713291270276032,0.20149698372917973,10.392304845413264,1.356645635138016,27.11071726365235,32.66104130236932,78.86799491480419,49.66683266168948,0.932216274368066,0.9302559197448498,0.0894653543222644,0.061192443118641957,14,8.705033662624329,44.79736728214435,0.05244526899961783,1.8640663884928899,16.230587272021022,0.021681259822316303
1147796.113028,1147801.113028,1199,32.09466969105758,1.5579432983767112,2.657856613493039,0.16656460993336053,10.392304845413264,1.3289283067465194,25.93305139382099,32.09466969105758,78.82658518953225,47.91964292578728,0.9550883848969199,0.9544848753471604,0.06657383582795671,0.045237653492334565,6,5.007396571717582,44.671984530108176,0.049060226307487666,0.7211845645444998,10.134025511684044,0.019124123904423276
1147801.113028,1147806.113028,1215,28.08149141741661,2.877723638535782,2.32457292804019,0.24707748488015616,10.392304845413264,1.162286464020095,21.99095561565922,28.08149141741661,61.213334546499475,41.757308598857826,0.963783014173031,0.9637045784642484,0.05057292107045257,0.025134900569910523,0,1.9461946097787735,20.041047807442613,0.07216470206480773,0.23757889723768943,5.823747966749194,0.01823695040069309
1147806.113028,1147811.113028,1130,30.975664987388797,2.8065055794568092,2.5339214436210127,0.2476180233911506,10.392304845413264,1.2669607218105063,25.272042316424997,30.975664987388797,77.00379418013362,51.882951217074286,0.9298662394534867,0.9286220893576911,0.08840690230439281,0.055833561868204665,11,5.484972183283516,30.401345859716738,0.061313940824209046,1.5482227652288616,14.808781313074057,0.021083682657972364
1147811.113028,1147816.113028,1187,31.48118828447449,2.2522119818296775,2.5825272862926187,0.20211776400263998,10.392304845413264,1.2912636431463094,25.652664393472374,31.48118828447449,80.61320270654807,49.324049695142044,0.948547232396834,0.9479339083936077,0.07069809057359103,0.04127538676285206,3,2.352662197190271,24.69736540078943,0.027179458170198106,0.48460934840854464,8.315516129815702,0.018608019627839607
1147816.113028,1147821.113028,1238,30.454008015055287,1.9946347644217994,2.5070442580174404,0.17762733241608614,10.392304845413264,1.2535221290087202,24.459364216625588,30.454008015055287,75.71555554914922,47.56551665188261,0.9615411868927729,0.9615411868927729,0.056196308091645567,0.029010581277479616,0,0.822011306739892,2.772440717688278,0.044440257740601626,0.0002516791637040797,0.00502226952531079,0.017543859649122806
1147821.113028,1147826.113028,1232,33.50111020544827,1.2626625483457903,2.7561591439461797,0.12768354646686697,10.392304845413264,1.3780795719730898,26.700232607005145,33.50111020544827,78.21244833969169,46.07863619950843,0.9653965207536574,0.9653160196418489,0.05615710752379499,0.03274206908084781,1,0.9943191142330968,10.64785936178874,0.026984142832432955,0.23399668199649218,5.777094603975131,0.01822738664843928
1147826.113028,1147831.113028,1240,31.047907526349046,1.4229404274813298,2.554384171825961,0.1350443320101165,10.392304845413264,1.2771920859129804,24.845982977283338,31.047907526349046,76.67717575470296,44.53647546761106,0.9654543335650938,0.9654543335650938,0.048850318878057755,0.02442997399412609,0,0.7402638559846559,1.887577299773106,0.02115870252487019,0.00021341257009406512,0.0037701312343402355,0.017543859649122806
1147831.113028,1147836.113028,1238,31.668954253156198,1.380140928865056,2.5920464848599676,0.13125931124722443,10.392304845413264,1.2960232424299838,25.91609698577202,31.668954253156198,80.32593386550913,50.51948911926045,0.9527612985102847,0.9527612985102847,0.06074235439286436,0.027037383118933087,0,0.5556145486476091,1.118708907149534,0.030069591846799026,0.00012776612546286516,0.002372646799959601,0.017543859649122806
1147836.113028,1147841.113028,1203,29.112510579894504,3.775589711372127,2.3739832553419737,0.3174648622076051,10.392304845413264,1.1869916276709869,23.72038763486095,29.112510579894504,78.00516142011459,50.41079814152699,0.9627904425312933,0.9626781628574698,0.057208232145021076,0.0340648810539319,2,2.341535971683908,18.425183009344593,0.07218242635010151,0.2388947683158851,5.83506650937158,0.018243864024150153
1147841.113028,1147846.113028,1160,26.44660486973926,2.466257750952148,2.1728539794411588,0.20521546699843476,10.392304845413264,1.0864269897205794,20.191267751550694,26.44660486973926,73.91894970919924,40.6924961769631,0.9865630383081648,0.9861519451727194,0.045296428822371566,0.03918847114382997,4,5.74587247469381,37.30081712732554,0.047420174643424934,1.487409075071444,14.502531462852465,0.01863278886872353
1147846.113028,1147851.113028,1108,25.014347832621354,2.0192311301904047,2.0324002403614623,0.16186341868605256,10.392304845413264,1.0162001201807311,19.335652497887455,25.014347832621354,70.21120440293866,43.31574285411149,0.9687634409544851,0.9677479191537863,0.06980527539690197,0.058432396053193086,8,15.083343157150667,112.85374194914282,0.10553347196366669,1.308874494296559,13.60822977312697,0.020298942301602382
1147851.113028,1147856.113028,1014,24.707283180766403,1.8767500469815768,2.009494760316293,0.15644200080177845,10.392304845413264,1.0047473801581466,18.925309085120144,24.707283180766403,73.50441880042605,39.33822244892314,0.9769877536093694,0.9755418123697707,0.07778772851879971,0.07531557585495274,16,95.3732234859306,1885.215975602496,0.06232972611536517,1.7222437277942035,15.58649356667241,0.02263054084916433
1147856.113028,1147861.113028,1079,26.492287155567073,1.760527607340836,2.1478367734830948,0.14321063704261616,10.392304845413262,1.0739183867415474,20.76263945537033,26.492287155567073,71.34005269404724,43.29697553714434,0.9648560115161703,0.964872406015871,0.08386284919761278,0.06602718047709542,5,38.17266737777052,574.4655506776201,0.08816586110674467,1.6360720555534165,15.19010904083759,0.02164122075345918
1147861.113028,1147866.113028,1092,26.235334452888175,2.4266032564647344,2.219073541296647,0.19782313914431865,10.392304845413264,1.1095367706483235,20.332914697076745,26.235334452888175,72.31915737918554,50.00218937119784,0.954529738047343,0.9540484741794498,0.09124192691899029,0.07926005203116439,27,42.84960893899628,505.43988903147874,0.10372437013222113,1.34893119302676,13.840227791897279,0.023038365143628302
1147866.113028,1147871.113028,1212,24.855075505578036,1.3995861981759292,2.1989951258407503,0.1859826413953854,10.392304845413264,1.0994975629203751,18.85795609182185,24.855075505578036,68.07903390297638,38.993500427868604,0.9902201700948826,0.9903127537886306,0.034591253583037,0.027497409105005616,2,3.8669087275088896,30.531492650005177,0.06130883057624792,0.9534922868702634,11.66984222354717,0.018238665971860343
1147871.113028,1147876.113028,1163,25.651478096563935,1.1056267250688725,2.3065713312973117,0.1675501258367491,10.392304845413264,1.1532856656486559,19.443044938713015,25.651478096563935,82.31117906376977,41.94287786099914,0.9932210866982119,0.9927564727282263,0.048524948298055766,0.049746772763742245,11,3.9509658534048953,29.634557032789264,0.04841031787063876,0.7483774683225879,10.351824629249396,0.019625590200781404
1147876.113028,1147881.113028,1175,26.30692910374682,1.33532719738441,2.3129621930246818,0.1437764135707468,10.392304845413262,1.1564810965123409,19.89897856016818,26.30692910374682,75.89290708618476,40.557173731720106,0.9925948349212961,0.9923671688774953,0.03428601116715213,0.032046739128541286,2,3.5888816635499383,27.079025626117858,0.03527300172172013,0.49540181989829096,8.412173042507806,0.01906681597611049
1147881.113028,1147886.113028,1189,25.11597871590999,1.0083522647619112,2.2046777935317508,0.10467794744966884,10.392304845413264,1.1023388967658754,19.04454916131185,25.11597871590999,80.72308704328726,41.89205116928018,0.9953031893303446,0.9948339054704641,0.03902101671067577,0.04062126502201577,6,3.84441504487444,28.821028532018712,0.04900472257843184,0.7274092450618852,10.191159112997065,0.01887182211205052
1147886.113028,1147891.113028,1086,24.242151319960968,1.2440945122667386,2.1113971980041746,0.13172106861990468,10.392304845413264,1.0556985990020873,18.89639364525495,24.242151319960968,76.23326552414035,43.5439836526389,0.9765454248428107,0.9749749904127789,0.07836293253422423,0.07369295776133462,14,11.509724931571688,52.3480809362113,0.07279211191859135,1.6256799129769546,15.1883645953348,0.022293302316564893
1147891.113028,1147896.113028,1212,25.06624055329621,3.018125697721079,2.1687096827828487,0.2764363563776911,10.392304845413264,1.0843548413914244,18.291502980854617,25.06624055329621,69.22524448395319,63.2435255175421,0.9843239017213329,0.9835944794521709,0.050046917725430844,0.04545018457049186,7,3.881109237413295,31.24310918546435,0.11033992734187559,0.2407670533201961,5.858715080027559,0.019541427826993224
1147896.113028,1147901.113028,1197,25.482372784769225,2.553573103658792,2.257800100659918,0.2773313427586698,10.392304845413264,1.128900050329959,18.63003453576299,25.482372784769225,52.181495252055996,52.0270409353708,0.9878563840126751,0.9878563840126752,0.03594013288396542,0.02804262321041971,2,2.111263400696463,16.114726816303747,0.13199806826021138,0.24455822400376914,5.915320870928104,0.018862946840786175
1147901.113028,1147906.113028,1171,24.737012984344812,2.0024767828210126,2.3075265337505577,0.3588488227374,10.392304845413264,1.1537632668752789,18.888879013918576,24.737012984344812,64.4421544256717,47.45285750613992,0.9849547842728636,0.9841738672653759,0.054945325938619685,0.051138164664765416,7,25.477318658700387,441.98809120243993,0.13468294498734049,0.501877741783014,8.471370904291703,0.01943158494014712
1147906.113028,1147911.113028,1149,24.417435405855024,1.1211694424887924,2.3037520419047746,0.2891383448107828,10.392304845413264,1.1518760209523873,18.744303089764852,24.417435405855024,82.78094980478758,43.21184684470629,0.9943961569136119,0.9940617943322035,0.03769162514731416,0.036798776708355664,4,163.2836959787095,3786.798335911733,0.0460849636100801,0.7640258092450796,10.48702260052727,0.019467729375658466
1147911.113028,1147916.113028,1139,24.520009319817277,1.1832906651050816,2.2938163143295265,0.2835637864541066,10.392304845413264,1.1469081571647632,18.91055985151369,24.520009319817277,80.41561921404578,42.81184791171911,0.9919811998778785,0.9916029954566057,0.04012737809651749,0.039784245970415355,4,7.969163551682035,50.65885428421406,0.06363502713220423,0.9010091897184966,11.389424664697783,0.019946706097993008
1147916.113028,1147921.113028,1166,24.43148694015215,1.032840467111855,2.2582724411475215,0.2381518883201193,10.392304845413264,1.1291362205737607,18.78861585084821,24.43148694015215,85.22315382044977,43.47317609335321,0.9977868223257689,0.9978042752967765,0.019707530965874673,0.01762406191856457,1,27.3765534701749,513.6365397739775,0.04598980705549421,0.501020859015755,8.494752976201568,0.018446631157654
1147921.113028,1147926.113028,1125,24.063032742011778,1.2583299894100093,2.2161603904569187,0.20989934028696997,10.392304845413264,1.1080801952284594,18.56082931771691,24.063032742011778,84.62695198642254,43.00944202575465,0.9952416927287672,0.994865982844601,0.03845268538497724,0.039934807380576504,7,12.940024701716917,124.95330415859915,0.051569442488092775,1.1706892483397482,12.944787559418474,0.019976608187134502
1147926.113028,1147931.113028,1175,25.269716820990748,1.2091517547207749,2.373731398489752,0.162415404449289,10.392304845413262,1.186865699244876,19.553651219085992,25.269716820990748,84.45073369886406,43.89415214376069,0.9928410002949165,0.9921829779369694,0.04368424474445777,0.044841856169097034,7,12.66000814050818,147.9193507120163,0.05984691536357434,0.7438968363847405,10.333428156676627,0.019425158641284062
1147931.113028,1147936.113028,1089,24.539509029984508,1.2368058357746385,2.3077367379182907,0.16383244492828952,10.392304845413264,1.1538683689591454,18.849259640564476,24.539509029984508,83.63088799221326,42.86581915660525,0.9917203785541336,0.9908248390084884,0.05062247699772715,0.05341128496200375,10,49.97711562397376,650.2302515279861,0.06099443940116415,1.0771509848440195,12.419610340409731,0.020830312696341405
1147936.113028,1147941.113028,1179,25.704383713648703,1.2625738606869037,2.4086315896801653,0.16650454926189898,10.392304845413264,1.2043157948400827,19.635009566604758,25.704383713648703,83.90719134178215,43.94370938890317,0.9959281087155868,0.9955062435393706,0.03533423158849476,0.03611472595812307,4,5.594569555358427,48.78522479314648,0.02555140210771657,0.6170799315238509,9.41204759811572,0.01906164903352529
1147941.113028,1147946.113028,1130,24.733756646279886,1.4573832371570248,2.3112042313786985,0.17640366504484103,10.392304845413264,1.1556021156893492,19.109987732584738,24.733756646279886,86.80248462950357,44.02040667678313,0.9922447434999889,0.9911521252049966,0.04683369555071096,0.05018556885609286,8,228.69144466612622,3224.29269291332,0.05607868784816849,1.2857475843963642,13.556181470189774,0.020152150287222483
1147946.113028,1147951.113028,1168,24.211227970047347,0.9277074030291131,2.259734478539282,0.12673868544978548,10.392304845413264,1.129867239269641,18.60055163012435,24.211227970047347,82.98355325399908,42.79817891538936,0.9937063868542703,0.9928873845312426,0.04613023133438187,0.048761761390454926,9,4.978924070417597,35.20789089863073,0.04353566544438162,0.7460714521254244,10.34192620173578,0.01952655611631819
1147951.113028,1147956.113028,1069,23.635550169946818,1.4012712400678253,2.204206212000911,0.15997686170208988,10.392304845413264,1.1021031060004556,18.212598674870073,23.635550169946818,85.37331223548891,43.78003754821205,0.9874162648560051,0.9869769582064181,0.06192910596139347,0.06002751392864544,10,38.29342248055891,512.2068461698775,0.06678803808648538,1.5131047859108948,14.689620741425827,0.021482612049300052
1147956.113028,1147961.113028,1202,25.506602764587328,1.2367841203095966,2.3784457539061754,0.14283651413638718,10.392304845413264,1.1892228769530875,19.75652705300818,25.506602764587328,80.03244901182191,43.11597303563363,0.9933973312403405,0.9931073233233235,0.03130189246045822,0.029427914017488847,2,6.464067546826756,69.67275442826916,0.03413153049066293,0.48325605183183284,8.320824641935419,0.018507166418542196
1147961.113028,1147966.113028,1240,27.45223675790154,1.3102601094133202,2.531628434725906,0.18563179800908503,10.392304845413264,1.265814217362953,22.16816961919924,27.45223675790154,70.75077039114908,48.82956965144458,0.9633134975546546,0.9633134975546546,0.05294695056561915,0.02714194265342436,0,1.150257924972532,3.268405296761561,0.07186082674128619,0.0003934360462429095,0.006478891226243742,0.017543859649122806
1147966.113028,1147971.113028,1189,29.53291757023199,1.5812177262663218,2.6904286728217675,0.2015931233228257,10.392304845413264,1.3452143364108837,24.59062976498031,29.53291757023199,91.51447702748472,55.850814592501166,0.9721944459913063,0.9717226641151697,0.06293299296017367,0.05081638014530431,6,4.471409349823871,35.747946020179455,0.06515520787964457,0.7368930833587772,10.278092040349458,0.019934192082392693
1147971.113028,1147976.113028,1159,27.879971319652626,2.1294701067073767,2.5242646845168797,0.21782744154410835,10.392304845413262,1.2621323422584398,22.789748775465934,27.879971319652626,66.57226075426308,49.84342532261262,0.9500760393346557,0.9495497623169182,0.07993702336756799,0.05438221783822063,6,8.14201773430655,50.959638526151444,0.10123806459551343,1.5107089376077563,14.66635189791555,0.01990524196600215
1147976.113028,1147981.113028,1139,29.273791042124806,1.812378420049695,2.6076304773114387,0.1816669516293384,10.392304845413264,1.3038152386557191,24.19138200565446,29.273791042124806,87.1621794176172,53.24900051613386,0.9511913258937015,0.9499267836390565,0.08660365444455295,0.06917012063632753,13,7.505650884734606,45.97178430549088,0.07222382935549955,1.155360455303087,12.83481164847738,0.02161021517798007
1147981.113028,1147986.113028,1012,30.31425512030452,2.5833259945302904,2.700966099601548,0.2439127803738078,10.392304845413266,1.350483049800774,25.606330181047948,30.31425512030452,84.28100885477214,55.98456464040521,0.9034346173284654,0.8996647152713527,0.12137308137603525,0.08137200903747557,29,15.715144537997881,56.596629231159895,0.06607127175403887,4.299159797982045,24.499200714019782,0.0264891477706123
1147986.113028,1147991.113028,1203,29.950184585199125,1.7111971635726713,2.65359428751517,0.16942377380627424,10.392304845413264,1.326797143757585,25.39795868546483,29.950184585199125,83.56644352923912,55.75528799437169,0.929194329696508,0.9288184878372774,0.09215590744313847,0.046052516931451105,1,1.9123246140430217,15.42804772281171,0.03956021939649784,0.47899053527137436,8.284969452383567,0.018243864024150153
1147991.113028,1147996.113028,1198,27.632515143439324,1.4883848009737868,2.450799630307268,0.14865039446083814,10.392304845413264,1.225399815153634,22.686941692011047,27.632515143439324,51.70517738754397,40.44032074282206,0.9322490716083496,0.9313691350378421,0.09091120214788018,0.052972884635391494,6,2.8004077178418383,20.011095808504546,0.050312420742553605,0.48232217177785747,8.312184097125533,0.01903757724863076
1147996.113028,1148001.113028,1221,27.808370056113876,1.2207934098094118,2.467663692299079,0.11541503395977745,10.392304845413264,1.2338318461495394,22.36045689465023,27.808370056113876,74.7783095911572,46.65960529973099,0.966769722861604,0.9660453834358067,0.05885773843409672,0.040858421611803294,2,2.4814664449548984,22.045769958104195,0.05636081116244034,0.7074236733688212,10.046660532302944,0.018233544549334024
1148001.113028,1148006.113028,1214,29.1289758709292,1.6256521193870066,2.5610934195829795,0.14351225439302437,10.392304845413264,1.2805467097914898,24.149036036537257,29.1289758709292,57.93231648009867,44.56630195971214,0.9645006760060829,0.9625965928331057,0.06875703129291294,0.05801064688367458,9,3.198385873061619,23.867571321714657,0.04400525962156821,1.1907661281752775,13.019155002697806,0.01945142923205873
1148006.113028,1148011.113028,1186,27.258036409258647,1.7262513105166013,2.39870756748914,0.14671656481290085,10.392304845413264,1.19935378374457,22.433185427988015,27.258036409258647,73.71199196359436,50.24104939905139,0.9628106380172042,0.9625511602216716,0.06491188849866537,0.04262083775729932,2,2.726214732990491,27.104249852717942,0.08314899361634809,0.24417542169671047,5.915010677068908,0.018875181207656577
1148011.113028,1148016.113028,1162,29.61450891204527,2.2019205856950603,2.615195482530109,0.1983091134249998,10.392304845413264,1.3075977412650543,24.839647481062055,29.61450891204527,86.0092062575331,56.41670090372277,0.933423094538346,0.9330956224381619,0.08846987280960485,0.05268300968840329,8,4.92775536962811,33.643175780270504,0.03752580794870679,0.4999982891083397,8.459263309506433,0.019627381707280248
1148016.113028,1148021.113028,1198,27.760998602112867,1.6861847217643111,2.4581980737039073,0.15723866480608173,10.392304845413264,1.2290990368519537,23.34196393106245,27.760998602112867,83.52823088425228,55.111204543105174,0.9337309032390915,0.9332445117914803,0.08386293152188075,0.04422409261020488,4,2.6476214572782806,23.092920164895055,0.03370215321607555,0.48186352611302063,8.30736210484412,0.0185103828017456
1148021.113028,1148026.113028,1208,26.57514991021912,1.2561150499118428,2.349171846698221,0.1142514670212426,10.392304845413264,1.1745859233491105,21.888133879920066,26.57514991021912,55.100653171851995,42.93123381623694,0.9295008529230797,0.9289811009508875,0.08896950238398942,0.042698374725277925,2,1.4425516314786129,13.75676753654179,0.04267342476462038,0.3572523780965573,7.152507344691788,0.01797955152782619
1148026.113028,1148031.113028,1231,26.768803269353214,1.3499086088868129,2.350788438623255,0.12061729081496468,10.392304845413264,1.1753942193116276,22.290746162254628,26.768803269353214,69.54749278210161,51.73563368329266,0.9381650285117078,0.9381650285117078,0.07982697093626741,0.03713820438045246,1,1.533024056151901,12.469213896196512,0.06387778720698428,0.11713725460081865,4.098897162708061,0.017971411062180226
1148031.113028,1148036.113028,1097,28.484439487470485,1.5575776965157744,2.5029975005388656,0.1476741974554647,10.392304845413266,1.2514987502694328,23.979034511407352,28.484439487470485,80.98203172471925,53.815923318450515,0.9015813183320363,0.8963963787395405,0.12005107937272746,0.07575183721312691,20,32.142689247152184,325.7316190025752,0.07694450746487047,3.9760073965961666,23.566835438434744,0.022917366342017305
1148036.113028,1148041.113028,1165,28.661777809475197,1.3949632178123812,2.5165929922846044,0.1253233508167447,10.392304845413264,1.258296496142302,23.917311779778267,28.661777809475197,82.11611269200358,52.6713078122545,0.918476601156177,0.9160526052321145,0.09913162894488665,0.05583938219310943,8,47.41690635136962,989.5679751892972,0.05036957505216492,1.9875749061624888,16.78038565955831,0.019802725698366087
1148041.113028,1148046.113028,1214,28.83562410624573,1.3433708778926392,2.510806281482528,0.12918238032288692,10.392304845413264,1.255403140741264,24.17282388878754,28.83562410624573,84.55372880556749,53.988001530948324,0.9437434284610449,0.9430152980838707,0.074559159427966,0.04513939324095497,4,3.4811434594106476,28.72345472215203,0.029525428718726123,0.9514331065264803,11.647163747083004,0.018931182982167116
1148046.113028,1148051.113028,1240,27.14377082334316,1.314126035181806,2.375070106332558,0.11796200045060154,10.392304845413264,1.187535053166279,22.11309541333259,27.14377082334316,80.03783270126264,49.47439437115529,0.9600388776639295,0.9600388776639295,0.06273960604167675,0.034229119009304594,0,0.8168529401351863,1.8627855117146108,0.050343863567719534,0.0002606919183764925,0.005571512133299556,0.017543859649122806
1148051.113028,1148056.113028,1185,26.656150449864626,1.1870159172872785,2.3520936501217453,0.11353208711165466,10.392304845413264,1.1760468250608727,21.36075735559365,26.656150449864626,82.26593043737697,48.31768421533531,0.9727563652516952,0.9715416055449823,0.06763372997177956,0.057195967488830796,7,4.021064693790341,29.473700470867737,0.055784172544757565,1.2223305062093184,13.190843263501336,0.019586942038640906
1148056.113028,1148061.113028,1173,27.40942511308754,1.0145389152316358,2.434086919326462,0.1017533374914078,10.392304845413264,1.217043459663231,22.328833420305543,27.40942511308754,79.52849137800439,52.877067459505476,0.9585538536981993,0.9572833796991994,0.08779559261589343,0.06999141184746743,11,5.990501412378735,34.282569617501714,0.09834783101157951,1.7366955378796178,15.69965346446437,0.020505227262529725
1148061.113028,1148066.113028,1234,26.543930462763264,1.169883119569053,2.39474649578482,0.1067969463346772,10.392304845413264,1.19737324789241,21.496753349796833,26.543930462763264,74.30010969568337,47.93978346214561,0.9706268493926091,0.9705043624031326,0.051197829685440024,0.03349689941411198,1,1.2618731954969495,8.0449513034597,0.06366188974764787,0.11671193597587932,4.0844889171516305,0.017799766840114875
1148066.113028,1148071.113028,1170,27.98092769650392,1.2689795321357438,2.52667979736347,0.12405135882564053,10.392304845413264,1.263339898681735,22.611431114794705,27.98092769650392,82.39872615336313,48.46399136994345,0.9589950419039591,0.9578570257659288,0.06611667451547784,0.05113263219398626,8,92.62394850140248,1917.945475123487,0.03333685074665833,1.1090054960012692,12.567448701123205,0.019163292847503375
1148071.113028,1148076.113028,1217,26.006127482283897,1.4440129914007693,2.322530499138662,0.12523209464414342,10.392304845413264,1.161265249569331,21.06358324980125,26.006127482283897,76.82626621489071,47.521391298651075,0.9553861339717796,0.9551465303893916,0.06808029518704013,0.04021151669420744,1,10.124185423248063,137.82661530812376,0.046637985686669915,0.23772456874091769,5.830063220763902,0.018235811385489197
1148076.113028,1148081.113028,1239,27.378959199537153,0.6571657196396186,2.4520278585202533,0.06381227002437052,10.392304845413262,1.2260139292601264,22.186953599979468,27.378959199537153,87.29327595476546,50.26892804296665,0.9831231547600047,0.9831077059539639,0.03544830857711387,0.02203488447037808,0,0.6471239534954588,1.2041080415868506,0.027492975180673743,0.0008058420318237255,0.01459226869915741,0.017543859649122806
1148081.113028,1148086.113028,1140,25.841212900767328,1.389663641059012,2.3063801924270235,0.1272130043357771,10.392304845413264,1.1531900962135118,20.821138493821607,25.841212900767328,84.68037510912484,48.89318338071285,0.9798740296290772,0.9794633006387142,0.05426439982861773,0.0485901535026071,6,6.89700143716916,46.32840795292069,0.037788455087000954,1.1440701187704803,12.760567143965826,0.019852262234533704
1148086.113028,1148091.113028,1183,24.93588876696888,1.0456731224833222,2.22120274926329,0.09066385006183433,10.392304845413264,1.1106013746316452,19.903114727970816,24.93588876696888,84.13223298725836,48.29965247205181,0.9878990333357017,0.9874341406949526,0.04196846239660204,0.03863955326171712,5,2.611867142043243,22.11520050067311,0.03709350019347093,0.3652015706967354,7.228269459245758,0.018611617801901202
1148091.113028,1148096.113028,1204,26.26809484237103,1.2906723007736043,2.3405286150304008,0.11464551286902719,10.392304845413264,1.1702643075152004,21.031408157200623,26.26809484237103,84.51350045317939,49.286979143987445,0.9812575452624808,0.9808700702479463,0.04675059493331391,0.03862876671534299,3,2.348563242827344,21.780105372432605,0.028790878423550922,0.24066545739740916,5.868882350694199,0.019030133473217928
1148096.113028,1148101.113028,1146,26.80934012805654,1.3798590128859387,2.3680042893157345,0.12211737164427675,10.392304845413264,1.1840021446578672,22.482655664473167,26.80934012805654,82.68761307514735,55.83206492281831,0.9336862764331076,0.9328224728155917,0.08525029732058485,0.05392203575525381,9,6.95895146823926,45.846549834852766,0.03576668534650229,1.5344872700906167,14.761911690392541,0.02112611371360338
1148101.113028,1148106.113028,1195,26.071677538774217,1.98088382231767,2.291133472347835,0.1740386440327992,10.392304845413264,1.1455667361739175,21.69574932190309,26.071677538774217,84.54969750672124,54.83927426449234,0.9442340629589173,0.9429652937477616,0.08438286763700215,0.05754742909226676,5,5.598573436074747,38.101944350384706,0.04857442032185829,1.2058014653199756,13.096225318342357,0.01948175879028114
1148106.113028,1148111.113028,1206,29.82041039240876,1.0401399983003858,2.6346844513868883,0.09140947981636195,10.392304845413264,1.3173422256934442,24.97892131390257,29.82041039240876,89.340495520926,58.26113803613136,0.9455375540914608,0.9448874916154099,0.0760706407418495,0.046606278606358346,4,2.6256244568800717,20.5835347600084,0.035691242652055026,0.9570800778453238,11.68257685142855,0.018503971371214106
1148111.113028,1148116.113028,1195,27.74846416400048,1.3951420008239732,2.4478016597981065,0.11993835342400169,10.392304845413264,1.2239008298990532,23.03460889368179,27.74846416400048,89.77016189687247,56.45584079874922,0.9628920609415252,0.962134955203269,0.06486013567952519,0.04549782993193816,3,3.090041193791269,23.392845065563385,0.05824450184246055,0.9639867740146641,11.719145515076216,0.018424722895103867
1148116.113028,1148121.113028,1076,26.322783381886996,1.8566811578616467,2.3357640345113677,0.15832878560884503,10.392304845413264,1.1678820172556839,21.39570119703575,26.322783381886996,64.68029827133925,50.814214001109235,0.9327933704516987,0.9296718702976144,0.10976291767792248,0.08218769442479353,17,12.247155445955354,48.07436972173825,0.0988668675386738,2.566829087320285,19.010662410145088,0.02732668101480467
1148121.113028,1148126.113028,1141,27.168659452079247,1.7365359247291179,2.420062337095718,0.1406290416180745,10.392304845413264,1.210031168547859,22.085229411776094,27.168659452079247,69.73021527348304,49.159345525092206,0.9303468324079568,0.93049154666715,0.09313654371829384,0.046010774696598006,1,15.409690651159549,191.1795601150361,0.07687550314597809,0.7623448159354591,10.425672372318548,0.0192044528499162
1148126.113028,1148131.113028,1168,26.484459618814434,1.7832766005620833,2.38540700680585,0.1569789244023014,10.392304845413264,1.192703503402925,20.568190413302645,26.484459618814434,73.51641528089077,42.81083583268831,0.9768946214783564,0.9766787029212617,0.05994238567241592,0.04677722330904678,5,5.154634597922599,37.03990076164857,0.07472241876704581,0.49407879743194555,8.39936258211293,0.018895698149483296
1148131.113028,1148136.113028,1081,26.688796794363377,1.8504249523687637,2.409116643092228,0.17608626065802524,10.392304845413266,1.204558321546114,20.610169293909372,26.688796794363377,78.32742036412195,42.42540187189651,0.9829111068708377,0.982860229776167,0.05434089678632939,0.046415693287729196,5,6.836283935523206,42.12256748330404,0.05488376629245661,1.6054603926596585,15.081245393713544,0.02007562847915348
1148136.113028,1148141.113028,1101,27.291233277919716,2.5983143468380763,2.38132571233408,0.25740510815158624,10.392304845413264,1.19066285616704,21.03215830691241,27.291233277919716,83.43358918028096,44.59810788005202,0.9898597588856959,0.9896333687322884,0.04656383584543845,0.04351192924178759,5,11.151501612501878,75.59664440109717,0.06705443022166725,0.659061982295761,9.67746988030371,0.02060327931545485
1148141.113028,1148146.113028,1236,26.806727048649755,1.999406266721232,2.3310422203521446,0.16240557920260645,10.392304845413264,1.1655211101760723,20.43869983647321,26.806727048649755,45.13499166452242,38.793892542050784,0.9621206438080984,0.9621206438080986,0.06221386068080311,0.037243722653614586,2,1.2203810666981063,6.701092375563755,0.10488467549600923,0.3472203874355864,7.031940214800805,0.01771418838358031
1148146.113028,1148151.113028,1082,27.084621618719716,1.9258049189896354,2.3832153652789025,0.20517927864700403,10.392304845413264,1.1916076826394513,20.86397745637367,27.084621618719716,78.60694359184804,42.32263357941416,0.9794065600548919,0.9792269737743344,0.05959579961147408,0.04993208458919444,7,8.518207919681611,47.65610959234892,0.06432145920073329,1.8769318438925076,16.26374188929438,0.02065700295100042
1148151.113028,1148156.113028,1210,27.38946774201908,2.1619310582861724,2.4104622654804024,0.2321196026992844,10.392304845413264,1.2052311327402012,21.298765288696945,27.38946774201908,63.256497163393234,39.820901654161815,0.9609280114705194,0.960939149144404,0.06586794638423168,0.04211347563475027,4,2.172616813766268,16.17089332129217,0.053274962831019075,0.47593040478302745,8.224361176417887,0.01858779179353342
1148156.113028,1148161.113028,1095,26.096999880590587,1.331529379632716,2.282535038982351,0.18059918472679717,10.392304845413262,1.1412675194911754,20.031636852195273,26.096999880590587,74.3426798671978,40.949386420413525,0.9803650415210183,0.980106519052247,0.05878124994541529,0.051970885512611996,9,6.96403316980071,39.43127812490619,0.049117867996047504,1.3178291197107705,13.645269279405921,0.02013938956981495
1148161.113028,1148166.113028,1147,25.14457613900966,1.4914052705602006,2.1593612694900117,0.19842240047381476,10.392304845413264,1.0796806347450059,19.59216424171027,25.14457613900966,68.9702334001966,40.98178987447808,0.9659822905025963,0.9658344356149676,0.06284631819113919,0.04499923510709785,3,4.263253776761843,29.58597045845626,0.042951492165149034,1.005329206262322,11.92320559022129,0.01965462916226923
1148166.113028,1148171.113028,1163,25.54235692611718,1.1840607994283245,2.217495623411865,0.22091597916089042,10.392304845413264,1.1087478117059324,19.54395691753565,25.54235692611718,70.7264669057573,40.1263149934411,0.9794719623273389,0.9792018977808493,0.05522985237954171,0.04578827673293425,6,5.607884503791698,38.61815804753098,0.055510532894196045,1.1116387913486039,12.533360624299123,0.01944457015281109
1148171.113028,1148176.113028,1072,24.298089035294232,1.221618620976175,2.1095442169367757,0.19618059916723554,10.392304845413264,1.0547721084683879,18.43760017666133,24.298089035294232,67.04740023198502,37.45486062767621,0.9846429938556273,0.984642487098007,0.0572653042621222,0.05113095407990052,9,10.429846163302116,63.95476281079686,0.046415444756202746,0.678939488181886,9.810813720912003,0.020784236711180938
1148176.113028,1148181.113028,1168,24.162489262007348,1.088669422600369,2.0918463109083283,0.17581708158707635,10.392304845413264,1.0459231554541641,18.447069887541815,24.162489262007348,73.32689725702086,40.43458053143207,0.9890960531030019,0.9890965182093109,0.04309939373790295,0.03539157520348264,3,50.90618374194129,1137.1009195749064,0.044869516356624166,0.7360870099182913,10.213406579940514,0.0183549627493391
1148181.113028,1148186.113028,1163,24.311220046572014,1.8185285684645303,2.1221476061096762,0.21946342800585528,10.392304845413264,1.0610738030548381,18.64107764577271,24.311220046572014,79.0769582011415,42.58760518774762,0.9939130230612185,0.9938717468563222,0.03932687821422602,0.03690995521558456,3,18.145512383935717,248.4578812773986,0.05781930842267111,0.743582225435311,10.269489867140491,0.019535080176796248
1148186.113028,1148191.113028,1150,23.642205972439015,1.3104433867403142,2.0681133856773113,0.17502306013488184,10.392304845413264,1.0340566928386556,17.595733166765758,23.642205972439015,70.17172500749517,38.36479376418965,0.9939871007893933,0.9939740573111324,0.04258719001612598,0.04036047866318295,6,15.272458823180692,134.93987304766563,0.0683622597798885,0.9986893791042892,11.890218580817526,0.01946605644546148
1148191.113028,1148196.113028,1152,23.31032309739463,1.0797397862458198,2.0174223580943877,0.18363838783474787,10.392304845413264,1.0087111790471939,18.39017227958505,23.31032309739463,82.71167564701346,45.47608731008174,0.9934093650798492,0.9934983361352904,0.04310050341014007,0.0402140625442815,5,6.418307521537327,43.488391961666984,0.05080153600086043,1.2450910408481666,13.267144359115333,0.01918859649122807
1148196.113028,1148201.113028,1181,24.651819075924436,1.3573137559223258,2.1472562238018695,0.19001301693213996,10.392304845413264,1.0736281119009348,18.311748665542925,24.651819075924436,74.47473653113826,39.85426261549185,0.9966826486985009,0.9966784149982469,0.028067103204704198,0.024977419536385704,2,73.95163902262196,1318.169407610732,0.06600307775866002,0.48523737355724217,8.298397138082612,0.01852429549742264
1148201.113028,1148206.113028,1144,25.42190772532275,1.3593969424411723,2.2013608079773803,0.21845238945218923,10.392304845413264,1.1006804039886902,19.179673235990045,25.42190772532275,81.43903045829957,41.52500918613732,0.9932172180341658,0.9931176589786146,0.04356852278128162,0.04240055670410325,7,6.505954605211395,45.9605320436195,0.05543786072989548,0.7544109946839967,10.336787097536035,0.0196601643970065
1148206.113028,1148211.113028,1098,25.807053511759914,1.8061822456200625,2.219065630752561,0.21721513109598856,10.392304845413264,1.1095328153762805,19.512842546266892,25.807053511759914,80.90002149453426,42.28654566156851,0.9888685430423869,0.9888574866367968,0.05994336676271323,0.05696847401884101,12,8.36518725533225,46.28790158982246,0.058093590380602377,1.3215868127412067,13.659457113257712,0.020899242642124435
1148211.113028,1148216.113028,1038,26.453444205356394,1.643733153355795,2.2522845151467004,0.1997977768247209,10.392304845413264,1.1261422575733502,20.799222576105077,26.453444205356394,78.01958511118796,44.3230262250995,0.9793007144431023,0.9791113708544735,0.05517856419476491,0.04902425646621756,5,39.13845774628863,463.44212653015467,0.07580630733156433,1.3949523630629899,14.036012482748061,0.021904472163066627
1148216.113028,1148221.113028,1103,25.729240560434317,1.4398036524426854,2.155812040901786,0.2095186321746327,10.392304845413264,1.077906020450893,20.038330779614764,25.729240560434317,76.61577339604865,42.8501747425761,0.9820131170137537,0.9820658693359103,0.051885983515546207,0.04556870098917529,6,35.0110084568295,542.6585771590156,0.05768595874009145,1.042637665525436,12.139469248305128,0.019547963289911086
1148221.113028,1148226.113028,1202,24.407875519503023,1.5024766972607508,2.031645189839112,0.20405174344756924,10.392304845413264,1.015822594919556,19.121830181889926,24.407875519503023,70.42753211475176,41.711375735827744,0.9738698246668921,0.9738737195734964,0.057756462507671885,0.042262479080441014,3,2.914012816503043,18.47566490805271,0.0555345514951729,0.23817010192708343,5.813199512012806,0.018682313103891176
1148226.113028,1148231.113028,1149,24.95582422907584,1.4070722951842205,2.077884008150448,0.1845552960924255,10.392304845413264,1.0389420040752237,19.539839469543036,24.95582422907584,67.71983038549696,43.022684311489144,0.9648944202427521,0.9647021496007607,0.07185088125234315,0.05513783602203337,8,6.261765676172765,38.13701200574896,0.08219263029613755,1.742326488441213,15.650741070840242,0.01919289084329623
1148231.113028,1148236.113028,1216,25.59079721156333,1.3929905731716952,2.1414385582175495,0.14013194806743257,10.392304845413264,1.0707192791087747,19.900757430205157,25.59079721156333,47.839656223405214,32.520464357798204,0.9550908180163876,0.955060610446589,0.06575978915787763,0.038989935825534235,3,2.8486984751365974,25.97590254655654,0.046188789559328175,0.47029571075626764,8.167784201814275,0.018409510618651894
1148236.113028,1148241.113028,1170,25.502823053231783,1.5041953540080344,2.135786628945271,0.1847650214487371,10.392304845413264,1.0678933144726355,19.73156128782065,25.502823053231783,61.10928308075986,40.16511111139017,0.9675757871169424,0.967822518196588,0.0632811321733563,0.04661401809906366,6,6.6185198647506756,48.4921377913364,0.07817846643114372,0.7355171422350979,10.202209190668862,0.01898335582546109
1148241.113028,1148246.113028,1211,25.83767668717709,2.3211921678315575,2.169912731476689,0.22871594486104674,10.392304845413264,1.0849563657383445,20.18356098261179,25.83767668717709,69.00852751402738,43.17006209183959,0.9761085359989365,0.9759971844747962,0.05357463932951663,0.03907831811587375,4,3.5310490777577006,30.61071354955769,0.08039011902767683,0.23648950125820423,5.784839621775854,0.018500007243542383
1148246.113028,1148251.113028,1181,29.514707239978907,1.585366460059248,2.4591770609495622,0.22208769802532383,10.392304845413264,1.2295885304747811,24.023575587590386,29.514707239978907,69.07863975432507,51.39921522685277,0.9548514678493434,0.9548844720110692,0.06621370845768348,0.03936046530314593,2,12.917955627132699,158.66280562051656,0.08258016385529184,0.9712597012338462,11.713742840191411,0.019148209219067992
1148251.113028,1148256.113028,1205,29.014785199214955,2.035392660979203,2.4137899010691926,0.2468133934204287,10.392304845413264,1.2068949505345963,23.49205403869116,29.014785199214955,72.71096511659965,50.47361945187281,0.9562848912832342,0.956250505561298,0.0766855354093104,0.054079554998987714,10,3.9060991086058965,28.425233036088233,0.08622556291868123,0.4765837193645425,8.219313648365546,0.019553031957487078
1148256.113028,1148261.113028,1195,26.960817878900315,1.6209742606071744,2.2486437901403997,0.17872898931999748,10.392304845413264,1.1243218950701999,21.70354683457235,26.960817878900315,64.13515929427663,47.0217885685126,0.9480590455914893,0.948024943013184,0.07526734168169838,0.041871842977105035,1,44.54291357672546,977.9140005821124,0.08316371074887687,0.23983933952026368,5.837062139208528,0.01833663657050576
1148261.113028,1148266.113028,1162,29.94309216825323,1.3686535891446039,2.4834992724584004,0.20279032053333254,10.392304845413264,1.2417496362292002,24.852226393756368,29.94309216825323,83.55956742921406,53.09667553073978,0.9421821367434909,0.9420927848862302,0.08581760544712222,0.055821190692299044,9,3.9655800022640872,26.351686110910403,0.04969994396788845,0.987935702371026,11.821159936620784,0.01971796962285231
1148266.113028,1148271.113028,1167,29.904084502779167,1.800513757653847,2.49666026510841,0.2144909023028288,10.392304845413264,1.248330132554205,24.18134230567906,29.904084502779167,70.57458690635222,49.70458802637426,0.953220571776247,0.9530954186651316,0.07128042793479879,0.04989211372198606,8,154.35130457952488,3099.033958749659,0.09222428181252168,0.7457823338283405,10.28115140975723,0.020881251973120463
1148271.113028,1148276.113028,1205,27.77311053578908,1.454509528264867,2.315755655065426,0.15817320713207986,10.392304845413264,1.157877827532713,22.237673715173674,27.77311053578908,44.530745574816,34.173714489225354,0.9443575179939567,0.9444201555983871,0.0725626940609624,0.035942327234637375,2,2.078316121098372,18.149525758465234,0.04336915334818086,0.7125188388086355,10.047283124174937,0.018242702191162554
1148276.113028,1148281.113028,1210,28.810901510785765,1.8883369919253008,2.3541772570769144,0.18672829339078592,10.392304845413264,1.177088628538457,23.37458551412671,28.810901510785765,70.5977354029223,48.638042343732536,0.954443868345072,0.9544106953075593,0.06819648218192921,0.0398657480779264,2,3.914967207463593,28.969704625644923,0.06969627354082003,0.23650113325720545,5.795222804741591,0.018326808757430767
1148281.113028,1148286.113028,1189,28.69800510805791,1.5834924723684332,2.3503729240834925,0.14058825650716597,10.392304845413264,1.1751864620417463,23.185773092023517,28.69800510805791,61.410318001988514,45.70419384175128,0.950803640955827,0.9506834032250455,0.06847701327395707,0.04026189393019395,4,3.15863984738823,21.18249371827115,0.0719515904092546,0.7258746394754357,10.141629024243901,0.019225945435497913
1148286.113028,1148291.113028,1204,26.88100270147686,1.646870739018659,2.2045471525949383,0.16007411078234068,10.392304845413264,1.1022735762974691,21.25041253031216,26.88100270147686,68.56786985476657,42.206156887397505,0.966753057014272,0.9666189979388973,0.06118285675925084,0.03830581419096428,0,1.5591883470668166,10.163925251897593,0.05317046753908247,0.23707602021152957,5.7964057241331535,0.017893571137145188
1148291.113028,1148296.113028,1206,29.498849218224493,1.3917274117310048,2.40007459313617,0.17165444444426525,10.392304845413264,1.2000372965680848,23.928471991249683,29.498849218224493,67.85597277528025,45.983056161536254,0.9529658018657968,0.9528889386163335,0.06334547954623534,0.03450859901693355,2,1.941444361705744,15.408259077070563,0.056925884750798315,0.2372096232281814,5.800897216784846,0.018329405603561142
1148296.113028,1148301.113028,1195,29.01204930955782,1.3692904610538699,2.361745557547989,0.1423238147844618,10.392304845413264,1.1808727787739945,23.4807094469169,29.01204930955782,59.67061598072504,43.74771029974591,0.9520143724985981,0.9520717597287671,0.06717772108079047,0.035874312705836124,1,1.9267537505396504,15.244269209008324,0.06124036260436438,0.23918672482356074,5.827719837561887,0.018248550245907658
1148301.113028,1148306.113028,1187,29.2916190773615,1.9253190067643229,2.3670201357856953,0.19586671799839292,10.392304845413264,1.1835100678928476,23.947728258520737,29.2916190773615,64.50718724059439,44.90213666617386,0.940250421640734,0.940285683241388,0.081435665305911,0.042091803744772054,2,7.118923264585223,111.89694858262207,0.05757207341682175,0.7271878817618879,10.140056501084107,0.019051419618971607
1148306.113028,1148311.113028,1192,31.061184287802366,1.47848665436898,2.5043568740165174,0.18734176323549454,10.392304845413264,1.2521784370082587,25.390611881764183,31.061184287802366,73.6338808271932,47.321576165003314,0.9379788076988769,0.9377433784127772,0.07984771398245696,0.04543192346690614,6,3.6638451028814285,31.170475922448528,0.052877587447132425,0.4820025660184126,8.265011788031723,0.019486636053220298
1148311.113028,1148316.113028,1203,30.15550298324826,1.7590877778897596,2.439309147845144,0.162246174760088,10.392304845413264,1.219654573922572,24.61137851576655,30.15550298324826,68.09072648605674,45.11259074116046,0.9361596415385386,0.9360750929487529,0.08435323274715069,0.046899472077663935,7,2.409617767652854,14.581228585606326,0.05360512737373426,0.47611576629925845,8.215301246850336,0.018943868399177496
1148316.113028,1148321.113028,1167,30.4840977420127,1.811620493803731,2.465219154932188,0.19217623367497083,10.392304845413264,1.232609577466094,24.684809398458295,30.4840977420127,84.30985238750851,50.025460138569706,0.9554842109387268,0.9554220402023661,0.0687945401238969,0.05034936772643204,10,4.979763590445783,32.49780958038559,0.039230360451054304,1.1113601585395834,12.527296860628324,0.020340053217877598
1148321.113028,1148326.113028,1143,30.5913964985194,1.7867841430981337,2.4871140986487914,0.19282214552890423,10.392304845413262,1.2435570493243955,24.756542035022935,30.5913964985194,79.56760646975052,48.46011498047298,0.9530730261592294,0.9530055564282264,0.06575828248767657,0.04101184758507456,4,6.285274683323756,44.61816853560699,0.05767796035415279,0.7620455097726423,10.38542377085147,0.020582953446608647
1148326.113028,1148331.113028,1173,29.558480392714788,1.5168805469534168,2.4014379708162386,0.1874751970243868,10.392304845413264,1.2007189854081193,23.82235038704198,29.558480392714788,81.45469306046955,49.413270358709276,0.9617630142324363,0.9617194362878932,0.05495034617380611,0.030767158377977367,0,1.7978561884864848,16.799615589113092,0.03667480613350583,0.2444150689588222,5.889453018515384,0.018530982186925112
1148331.113028,1148336.113028,1173,29.1094631886875,1.2871529063595522,2.3547143633890686,0.19855626584287503,10.392304845413264,1.1773571816945343,23.277250759269215,29.1094631886875,77.6396228685937,46.9299801871066,0.9652226837118602,0.9652226837118602,0.06524765502389071,0.047694122213308945,6,3.8020000468517843,25.108603669186152,0.062235709651545235,0.7360829770632655,10.20206889980436,0.01942836631219994
1148336.113028,1148341.113028,1202,30.42882371065488,1.172240025048844,2.4548589384881447,0.1831678891061434,10.392304845413264,1.2274294692440724,24.931591948349126,30.42882371065488,79.67712456461985,49.852965317068396,0.9538832754409745,0.9538339990944751,0.06431428208849872,0.03984974093379021,6,2.8204171942156253,21.473033044227005,0.028146839997758365,0.23866358897794043,5.817993592384637,0.018857459789240156
1148341.113028,1148346.113028,1209,32.10777526953619,1.2803170913653872,2.588564001453087,0.18510207582874993,10.392304845413266,1.2942820007265434,26.418233808361528,32.10777526953619,78.95873200854717,49.33162928253353,0.9569858257015776,0.9569863486069364,0.06046052574176697,0.037256968425071306,5,2.6254170007594513,21.19775426236228,0.032902012660774825,0.4745018807876635,8.199684816275969,0.01902398676592225
1148346.113028,1148351.113028,1095,30.78834575315497,1.6705046532616266,2.469853888364921,0.2023946883124378,10.392304845413262,1.2349269441824604,25.18300996246438,30.78834575315497,77.30193723855751,48.67759069466689,0.9462278302972462,0.9459678813319156,0.07731575943034141,0.05136231401909733,7,5.295992328641118,33.366881053569124,0.05380318158084091,1.0537322184619227,12.193081378116288,0.020427781783225185
1148351.113028,1148356.113028,1076,32.27974474996863,1.9808787969626789,2.6027638277812604,0.20532133618831452,10.392304845413264,1.3013819138906304,26.33534963982863,32.27974474996863,76.43662832725317,48.755627752708094,0.9367813894067131,0.9366571648574943,0.08073928131525145,0.04725181188710149,7,7.983078825121671,48.04676520757115,0.05946231310214365,0.810134901613192,10.705217923596186,0.020967847127111458
1148356.113028,1148361.113028,1193,31.60810888901838,1.452027154766334,2.520264907914571,0.19335112416844352,10.392304845413266,1.2601324539572856,25.703755067662566,31.60810888901838,76.07127673813838,48.24319129076853,0.9505746867216193,0.9505764856046511,0.06645565027887114,0.03645775754699517,2,2.238088079076723,19.40420460475909,0.043678045971832634,0.24073637689377964,5.834376150814727,0.01869090160438817
1148361.113028,1148366.113028,627,31.606381507986423,1.96120177979291,2.5175560027938717,0.23253044027350758,10.392304845413264,1.258778001396936,25.626559468272077,31.606381507986423,83.88714969842304,48.516708762137334,0.9545062346455149,0.9545894657196529,0.07485736973473921,0.06160835321554109,10,8.852581475166204,45.392331496528364,0.06213482024981909,1.1600386767214046,12.786564752117085,0.022244606732141358
1148366.113028,1148371.113028,8,24.822875139398725,5.665716945765235,1.9091142224308566,0.5008186590377784,10.392304845413264,0.9545571112154283,20.317102744551015,24.822875139398725,66.99298481300411,57.11342591808422,0.8445402482904784,0.8445402482904784,0.18738942486920657,0.18738942486920657,2,227.6975560450018,205.29874912558674,0.20031609117703852,0.0,0.0,0.12280701754385964
1148371.113028,1148376.113028,983,32.094582608038564,1.259600086659644,2.500818008009915,0.16181726588504441,10.392304845413262,1.2504090040049576,26.431106801661343,32.094582608038564,77.04453615632923,49.27876457633578,0.9527626234600349,0.9528643797514783,0.0662057613794761,0.04089270232110457,5,4.3104274907559565,40.525054154650725,0.04246608418092127,0.8740715503228531,11.108681399835447,0.019043029751387625
1148376.113028,1148381.113028,1208,29.88135951695504,2.3540338344511382,2.3443151947977956,0.19597863869794,10.392304845413264,1.1721575973988978,23.732052150684797,29.88135951695504,62.15553572961793,44.16141392470398,0.9542648139559528,0.9541891838578925,0.06429467724200602,0.036216039472984435,3,7.109817304220065,65.4038696688308,0.08091397477105554,0.23744785448069267,5.799071304591331,0.01885093528523295
1148381.113028,1148386.113028,1231,30.498029050647002,1.59898831931352,2.4077859940442896,0.16670218392109132,10.392304845413264,1.2038929970221448,24.441004721319135,30.498029050647002,67.8734859874422,46.12070675050493,0.9544369383114373,0.9544619854391803,0.059501202527989634,0.027214258014630593,0,1.4889537783020725,11.05523851788783,0.06219105458124633,0.00018620710159376728,0.004267394117051835,0.017885900779568743
1148386.113028,1148391.113028,1213,30.590524681095648,1.9016318783292758,2.4149174598660696,0.17139579237033872,10.392304845413264,1.2074587299330348,24.83708532873616,30.590524681095648,66.52405463739328,45.42215497421664,0.9519552904677432,0.9518657654556717,0.0654760596263165,0.03420044169420317,1,18.62603669253836,232.9084316502286,0.05601665525415664,0.23570841299389333,5.7794134731319176,0.018151313981573887
1148391.113028,1148396.113028,1203,29.99865268681857,2.054479395841755,2.379901142640986,0.17299378492186704,10.392304845413264,1.189950571320493,24.04094865300379,29.99865268681857,75.62724255185451,46.29627663361569,0.9598114115002837,0.9597074775927791,0.06169378027215449,0.03983992977869649,3,2.8975091026639896,19.583918043804758,0.06545535897866793,0.7119298215880013,10.033978952574094,0.018856367852299077
1148396.113028,1148401.113028,1206,28.699103074935017,1.360858218768882,2.2708485489700054,0.14030150900736138,10.392304845413264,1.1354242744850025,22.63482316423119,28.699103074935017,68.27364261389194,44.32090425881335,0.962687907459516,0.9624114571540804,0.05648481271552872,0.03270025354704255,1,3.429354446215409,35.529074993232335,0.07693639200772971,0.23653834811510624,5.789768071908732,0.018067556952081697
1148401.113028,1148406.113028,1237,28.004557066202295,1.7042137707129636,2.218445006657135,0.14280706790280973,10.392304845413264,1.1092225033285674,21.782967615752913,28.004557066202295,63.23439411860117,44.806240390261,0.9717856186449197,0.9717739932970725,0.04342646574650972,0.023411247316639846,0,1.0439833549794004,3.9445621686917955,0.09117509724814643,0.00045822611626527275,0.007905354716866752,0.017543859649122806
1148406.113028,1148411.113028,1203,29.80696097442307,0.7597947302358122,2.3585378797116423,0.13205233879778547,10.392304845413264,1.1792689398558212,23.96810025756847,29.80696097442307,81.92683869341374,47.6790757376587,0.9605648678458689,0.960345209530116,0.058775922119343696,0.03789993360927251,5,2.039461386793221,14.561900666958445,0.03069115575737963,0.47527387386440867,8.204366548695125,0.018593866211663822
1148411.113028,1148416.113028,1205,29.233468981855296,1.9221849184001347,2.313334196178749,0.17430905885637502,10.392304845413264,1.1566670980893745,23.691479941628522,29.233468981855296,77.14224047537171,47.44177889899738,0.9519227202215305,0.9518175761300341,0.07077990115224175,0.043337986303710774,5,2.5892242268417704,20.85208302442626,0.047347803737449005,0.47325417998730535,8.188152544568077,0.018504768144427457
1148416.113028,1148421.113028,1215,27.26760957074785,2.179165137501052,2.1727325906098742,0.1729632227455465,10.392304845413264,1.0863662953049371,21.116130411175618,27.26760957074785,76.47981227360265,42.41423147132568,0.980474016599142,0.9805293795095792,0.05085159427951685,0.038856676748238415,4,2.0837018034756976,16.635084895568056,0.039162247964199835,0.46953147698808617,8.155769029195913,0.018323586744639377
1148421.113028,1148426.113028,1219,26.00505090910682,1.485261036211369,2.061035452427318,0.1409002746802172,10.392304845413264,1.030517726213659,19.8184898646769,26.00505090910682,76.72052764263933,42.6175454190499,0.9954174973438736,0.9952620375254939,0.026236527298381735,0.02279031248764558,2,2.8297082401707887,22.67262301581752,0.070135245788732,0.4680160960735726,8.139058488656355,0.01788926787847387
1148426.113028,1148431.113028,1132,26.403034799657696,1.647496879551739,2.1096009157149807,0.12916402581171813,10.392304845413264,1.0548004578574903,19.89513114151101,26.403034799657696,76.60986623559204,43.282928953042685,0.9896567411885158,0.9892622224159424,0.05255016874945056,0.050166299214594236,9,7.009002018807459,40.60986052266807,0.07123785748917551,1.4092106756995546,14.088322221583697,0.020798462587564317
1148431.113028,1148436.113028,1174,27.034808561651978,1.9702744019274814,2.235765692117285,0.18613732778172487,10.392304845413264,1.1178828460586425,21.54516760607974,27.034808561651978,93.86676977891047,49.86071318328144,0.9893659729135504,0.9895233261491683,0.04428283656842834,0.036917940022206885,4,16.17543153230086,153.4650048972356,0.09847271320273275,0.6174273415929148,9.33439930461382,0.019426761110612988
1148436.113028,1148441.113028,1188,27.686897454732488,1.477074938615982,2.4168904051198656,0.25269094196294634,10.392304845413264,1.2084452025599328,21.137163955876176,27.686897454732488,88.95505763258512,46.36792148996509,0.9927319355674277,0.9923500685763064,0.04109022497943754,0.03318388749327512,1,7.701758766406179,99.62358212202057,0.061851824151678524,0.7350174705542745,10.261481155581983,0.018961545277334752
1148441.113028,1148446.113028,1180,26.152440015775692,1.3132153197604577,2.285146036325845,0.2498556382601364,10.392304845413264,1.1425730181629223,20.205444774572236,26.152440015775692,93.04107173105318,47.6107581871277,0.9912123347916546,0.9905287011150493,0.04280658269594933,0.03227008773784228,0,3.6267959264048337,21.87542832010317,0.04423918860124121,0.2501386243815666,5.998302304200395,0.01986321736544752
1148446.113028,1148451.113028,1234,29.43653602031424,2.631192826735592,2.7934433795066638,0.21777476899709847,10.392304845413264,1.3967216897533319,23.176119570588135,29.43653602031424,73.48173887149231,56.41751817147619,0.9564083778590661,0.95596923556914,0.08503246116114031,0.06769097807689313,4,3.6435896602679314,28.149906016109032,0.11751390067700494,0.9358177108000706,11.577106212605965,0.017970371634109587
1148451.113028,1148456.113028,1239,26.993490021962575,0.7052826390686661,2.657325774887634,0.0633164256987621,10.392304845413262,1.328662887443817,20.13284979998337,26.993490021962575,86.87702658823106,41.63764758318306,0.9998520126993065,0.9998520126993065,0.00214425734137841,0.0015126006767933787,0,0.6599106753176327,1.4504884119533878,0.02089892128876204,0.00034773568694139044,0.0059981670449872895,0.017543859649122806
1148456.113028,1148461.113028,1167,27.313663128316996,1.6747075224260815,2.68476056469004,0.13552465446985587,10.392304845413264,1.34238028234502,20.53062971362896,27.313663128316996,90.81346984009899,51.18930880032966,0.9732333770899553,0.9727957207881353,0.088281865549384,0.06999119970052216,12,7.793510076772301,41.94240794713515,0.09272480335034455,1.5210164589498723,14.736913129293514,0.021422450728363324
1148461.113028,1148466.113028,1215,31.194723709611008,3.0090042404838484,3.133729428473367,0.2459062236115181,10.392304845413264,1.5668647142366834,26.02641044695425,31.194723709611008,70.63644928220772,66.83768567139295,0.9077886716943403,0.9069789607242134,0.12190399939596812,0.0841815790160774,15,9.202971220449873,46.712126152753854,0.13892704484807913,2.399429128678647,18.4608428702099,0.019709768247779945
1148466.113028,1148471.113028,1215,26.110730766513797,2.084382881998125,2.7094001231746843,0.18422891790166637,10.392304845413264,1.3547000615873421,18.432464189449554,26.110730766513797,43.83945271385309,29.69024300246807,0.9857407404373772,0.9857179549443544,0.04754521428774808,0.037532766708220804,4,3.632946423186788,23.211892086846685,0.0887635808056923,0.7234469885224144,10.200123941921065,0.01901667749620966
1148471.113028,1148476.113028,1211,28.66609975847641,2.348686163351831,2.9802342953189638,0.22358450479328715,10.392304845413264,1.4901171476594817,22.19885428308234,28.66609975847641,47.19271630754688,47.630386766074224,0.9604721991282806,0.9600708627997324,0.07425009476028462,0.056145045976980085,2,3.935195247234935,28.794176879664544,0.18922874248481047,0.4833549999382949,8.33387571443394,0.018500007243542383
1148476.113028,1148481.113028,1240,30.182209392573274,2.369805264693046,3.139386199657293,0.1157055236598418,10.392304845413264,1.5696930998286465,21.43843990810268,30.182209392573274,22.699386584004063,16.368299041115336,0.9703995303637036,0.9703995303637036,0.04828085272235308,0.026988419441601436,0,0.49254438055152966,1.0205257618161636,0.027494814137522538,0.0009030861678676621,0.019152523038813277,0.017543859649122806
1148481.113028,1148486.113028,1209,29.318072635054868,3.021431356527121,3.0583864308294997,0.2623821475512684,10.392304845413266,1.5291932154147498,21.80693864095596,29.318072635054868,31.19819942604826,31.339519888417517,0.9635787634628045,0.9636018726539181,0.05736860834546764,0.03419542120742794,1,3.604744189583991,40.12967337746282,0.09247851792830815,0.4837031307075997,8.354442164381128,0.018588655260981236
1148486.113028,1148491.113028,490,28.441816820459845,2.3111769365736916,2.9229539197825165,0.23959619792366796,10.392304845413266,1.4614769598912583,23.698455756258497,28.441816820459845,55.45304281112919,52.72923388291349,0.9289377638014761,0.9290268641792429,0.0812044520514368,0.06414543051401701,1,13.886468869828587,67.50185854166145,0.16892722266570737,1.793457181316721,16.03235879216788,0.02012173290368779
