,Time_series,GSR,HR,timestamp,time2,subject,video_id
0,470243,301,519,1754473945725,2025-08-06 15:22:25.725286+05:30,21,1
1,470344,293,524,1754473945826,2025-08-06 15:22:25.826235+05:30,21,1
2,470445,288,534,1754473945927,2025-08-06 15:22:25.927053+05:30,21,1
3,470546,284,535,1754473946027,2025-08-06 15:22:26.027923+05:30,21,1
4,470646,280,521,1754473946128,2025-08-06 15:22:26.128864+05:30,21,1
5,470748,278,514,1754473946229,2025-08-06 15:22:26.229590+05:30,21,1
6,470848,276,497,1754473946330,2025-08-06 15:22:26.330472+05:30,21,1
7,470949,277,503,1754473946431,2025-08-06 15:22:26.431269+05:30,21,1
8,471050,280,514,1754473946532,2025-08-06 15:22:26.532056+05:30,21,1
9,471151,285,507,1754473946632,2025-08-06 15:22:26.632816+05:30,21,1
10,471251,289,503,1754473946733,2025-08-06 15:22:26.733795+05:30,21,1
11,471352,297,508,1754473946834,2025-08-06 15:22:26.834635+05:30,21,1
12,471453,322,533,1754473946935,2025-08-06 15:22:26.935392+05:30,21,1
13,471554,343,518,1754473947036,2025-08-06 15:22:27.036241+05:30,21,1
14,471655,358,532,1754473947137,2025-08-06 15:22:27.137082+05:30,21,1
15,471755,360,516,1754473947238,2025-08-06 15:22:27.238008+05:30,21,1
16,471857,359,510,1754473947338,2025-08-06 15:22:27.338660+05:30,21,1
17,471957,350,512,1754473947439,2025-08-06 15:22:27.439558+05:30,21,1
18,472058,342,511,1754473947540,2025-08-06 15:22:27.540576+05:30,21,1
19,472159,329,510,1754473947641,2025-08-06 15:22:27.641289+05:30,21,1
20,472260,324,516,1754473947742,2025-08-06 15:22:27.742022+05:30,21,1
21,472360,328,517,1754473947843,2025-08-06 15:22:27.843101+05:30,21,1
22,472462,323,515,1754473947943,2025-08-06 15:22:27.943735+05:30,21,1
23,472562,317,515,1754473948044,2025-08-06 15:22:28.044541+05:30,21,1
24,472664,312,508,1754473948145,2025-08-06 15:22:28.145450+05:30,21,1
25,472764,308,502,1754473948246,2025-08-06 15:22:28.246262+05:30,21,1
26,472865,305,503,1754473948347,2025-08-06 15:22:28.347119+05:30,21,1
27,472966,304,515,1754473948447,2025-08-06 15:22:28.447967+05:30,21,1
28,473067,308,519,1754473948548,2025-08-06 15:22:28.548844+05:30,21,1
29,473167,311,519,1754473948649,2025-08-06 15:22:28.649724+05:30,21,1
30,473268,312,508,1754473948750,2025-08-06 15:22:28.750533+05:30,21,1
31,473369,317,525,1754473948851,2025-08-06 15:22:28.851579+05:30,21,1
32,473469,327,520,1754473948952,2025-08-06 15:22:28.952063+05:30,21,1
33,473571,336,511,1754473949052,2025-08-06 15:22:29.052950+05:30,21,1
34,473671,341,515,1754473949153,2025-08-06 15:22:29.153853+05:30,21,1
35,473773,342,517,1754473949254,2025-08-06 15:22:29.254641+05:30,21,1
36,473873,342,520,1754473949355,2025-08-06 15:22:29.355465+05:30,21,1
37,473974,339,519,1754473949456,2025-08-06 15:22:29.456343+05:30,21,1
38,474075,335,520,1754473949557,2025-08-06 15:22:29.557129+05:30,21,1
39,474176,332,521,1754473949657,2025-08-06 15:22:29.657925+05:30,21,1
40,474276,327,519,1754473949758,2025-08-06 15:22:29.758842+05:30,21,1
41,474378,337,528,1754473949859,2025-08-06 15:22:29.859713+05:30,21,1
42,474478,361,539,1754473949960,2025-08-06 15:22:29.960510+05:30,21,1
43,474579,382,514,1754473950061,2025-08-06 15:22:30.061586+05:30,21,1
44,474680,408,524,1754473950162,2025-08-06 15:22:30.162374+05:30,21,1
45,474781,412,516,1754473950263,2025-08-06 15:22:30.262996+05:30,21,1
46,474882,409,517,1754473950363,2025-08-06 15:22:30.363944+05:30,21,1
47,474983,409,513,1754473950464,2025-08-06 15:22:30.464855+05:30,21,1
48,475083,407,508,1754473950565,2025-08-06 15:22:30.565559+05:30,21,1
49,475184,382,510,1754473950666,2025-08-06 15:22:30.666928+05:30,21,1
50,475285,345,510,1754473950767,2025-08-06 15:22:30.767405+05:30,21,1
51,475385,331,522,1754473950868,2025-08-06 15:22:30.868155+05:30,21,1
52,475487,331,515,1754473950969,2025-08-06 15:22:30.969011+05:30,21,1
53,475587,332,512,1754473951069,2025-08-06 15:22:31.069783+05:30,21,1
54,475688,333,514,1754473951170,2025-08-06 15:22:31.170548+05:30,21,1
55,475789,331,516,1754473951271,2025-08-06 15:22:31.271405+05:30,21,1
56,475890,333,525,1754473951372,2025-08-06 15:22:31.372216+05:30,21,1
57,475991,336,516,1754473951473,2025-08-06 15:22:31.473063+05:30,21,1
58,476092,338,515,1754473951573,2025-08-06 15:22:31.573932+05:30,21,1
59,476192,339,513,1754473951674,2025-08-06 15:22:31.674737+05:30,21,1
60,476294,339,516,1754473951775,2025-08-06 15:22:31.775512+05:30,21,1
61,476394,338,515,1754473951876,2025-08-06 15:22:31.876461+05:30,21,1
62,476495,336,516,1754473951977,2025-08-06 15:22:31.977164+05:30,21,1
63,476596,331,526,1754473952078,2025-08-06 15:22:32.078397+05:30,21,1
64,476697,325,520,1754473952179,2025-08-06 15:22:32.179034+05:30,21,1
65,476797,322,517,1754473952280,2025-08-06 15:22:32.280025+05:30,21,1
66,476899,322,516,1754473952380,2025-08-06 15:22:32.380931+05:30,21,1
67,476999,321,516,1754473952481,2025-08-06 15:22:32.481477+05:30,21,1
68,477100,319,516,1754473952582,2025-08-06 15:22:32.582257+05:30,21,1
69,477201,318,513,1754473952683,2025-08-06 15:22:32.683093+05:30,21,1
70,477301,323,523,1754473952784,2025-08-06 15:22:32.784248+05:30,21,1
71,477403,332,514,1754473952884,2025-08-06 15:22:32.884768+05:30,21,1
72,477503,331,508,1754473952985,2025-08-06 15:22:32.985610+05:30,21,1
73,477604,326,516,1754473953086,2025-08-06 15:22:33.086461+05:30,21,1
74,477705,324,515,1754473953187,2025-08-06 15:22:33.187494+05:30,21,1
75,477806,322,513,1754473953288,2025-08-06 15:22:33.288558+05:30,21,1
76,477906,318,513,1754473953389,2025-08-06 15:22:33.389134+05:30,21,1
77,478008,319,517,1754473953489,2025-08-06 15:22:33.489912+05:30,21,1
78,478108,321,526,1754473953590,2025-08-06 15:22:33.590626+05:30,21,1
79,478210,321,510,1754473953691,2025-08-06 15:22:33.691539+05:30,21,1
80,478310,322,515,1754473953792,2025-08-06 15:22:33.792376+05:30,21,1
81,478411,326,517,1754473953893,2025-08-06 15:22:33.893416+05:30,21,1
82,478512,339,515,1754473953994,2025-08-06 15:22:33.994006+05:30,21,1
83,478613,354,510,1754473954094,2025-08-06 15:22:34.094781+05:30,21,1
84,478713,360,511,1754473954195,2025-08-06 15:22:34.195615+05:30,21,1
85,478815,357,521,1754473954296,2025-08-06 15:22:34.296540+05:30,21,1
86,478915,353,515,1754473954397,2025-08-06 15:22:34.397447+05:30,21,1
87,479015,352,512,1754473954498,2025-08-06 15:22:34.498415+05:30,21,1
88,479117,349,515,1754473954599,2025-08-06 15:22:34.599273+05:30,21,1
89,479217,347,513,1754473954700,2025-08-06 15:22:34.700158+05:30,21,1
90,479319,345,516,1754473954801,2025-08-06 15:22:34.801031+05:30,21,1
91,479419,342,527,1754473954901,2025-08-06 15:22:34.901634+05:30,21,1
92,479520,341,513,1754473955002,2025-08-06 15:22:35.002286+05:30,21,1
93,479621,338,514,1754473955103,2025-08-06 15:22:35.103264+05:30,21,1
94,479722,336,515,1754473955203,2025-08-06 15:22:35.203947+05:30,21,1
95,479822,334,514,1754473955304,2025-08-06 15:22:35.304859+05:30,21,1
96,479924,334,514,1754473955405,2025-08-06 15:22:35.405668+05:30,21,1
97,480024,333,528,1754473955506,2025-08-06 15:22:35.506620+05:30,21,1
98,480125,333,515,1754473955607,2025-08-06 15:22:35.607337+05:30,21,1
99,480226,331,513,1754473955708,2025-08-06 15:22:35.708201+05:30,21,1
100,480327,331,516,1754473955809,2025-08-06 15:22:35.809186+05:30,21,1
101,480428,332,513,1754473955910,2025-08-06 15:22:35.910126+05:30,21,1
102,480529,333,513,1754473956010,2025-08-06 15:22:36.010970+05:30,21,1
103,480629,333,527,1754473956111,2025-08-06 15:22:36.111914+05:30,21,1
104,480731,335,518,1754473956212,2025-08-06 15:22:36.212456+05:30,21,1
105,480831,334,512,1754473956313,2025-08-06 15:22:36.313379+05:30,21,1
106,480931,335,515,1754473956414,2025-08-06 15:22:36.414212+05:30,21,1
107,481033,336,513,1754473956514,2025-08-06 15:22:36.514917+05:30,21,1
108,481133,336,513,1754473956615,2025-08-06 15:22:36.615736+05:30,21,1
109,481234,336,516,1754473956716,2025-08-06 15:22:36.716674+05:30,21,1
110,481335,336,513,1754473956817,2025-08-06 15:22:36.817401+05:30,21,1
111,481436,334,511,1754473956918,2025-08-06 15:22:36.918218+05:30,21,1
112,481537,328,513,1754473957019,2025-08-06 15:22:37.019078+05:30,21,1
113,481638,328,528,1754473957119,2025-08-06 15:22:37.119916+05:30,21,1
114,481738,329,518,1754473957220,2025-08-06 15:22:37.220668+05:30,21,1
115,481840,327,511,1754473957321,2025-08-06 15:22:37.321531+05:30,21,1
116,481940,330,517,1754473957422,2025-08-06 15:22:37.422419+05:30,21,1
117,482041,330,511,1754473957523,2025-08-06 15:22:37.523204+05:30,21,1
118,482142,329,517,1754473957624,2025-08-06 15:22:37.624047+05:30,21,1
119,482243,330,515,1754473957724,2025-08-06 15:22:37.724972+05:30,21,1
120,482343,332,513,1754473957825,2025-08-06 15:22:37.825680+05:30,21,1
121,482445,334,527,1754473957926,2025-08-06 15:22:37.926498+05:30,21,1
122,482545,334,516,1754473958027,2025-08-06 15:22:38.027348+05:30,21,1
123,482646,334,513,1754473958128,2025-08-06 15:22:38.128283+05:30,21,1
124,482747,335,512,1754473958229,2025-08-06 15:22:38.229050+05:30,21,1
125,482847,336,515,1754473958329,2025-08-06 15:22:38.329927+05:30,21,1
126,482949,335,516,1754473958430,2025-08-06 15:22:38.430758+05:30,21,1
127,483049,333,516,1754473958531,2025-08-06 15:22:38.531799+05:30,21,1
128,483150,329,524,1754473958632,2025-08-06 15:22:38.632373+05:30,21,1
129,483251,333,518,1754473958733,2025-08-06 15:22:38.733245+05:30,21,1
130,483352,338,509,1754473958834,2025-08-06 15:22:38.834038+05:30,21,1
131,483452,339,513,1754473958934,2025-08-06 15:22:38.934903+05:30,21,1
132,483554,347,514,1754473959035,2025-08-06 15:22:39.035823+05:30,21,1
133,483654,357,515,1754473959136,2025-08-06 15:22:39.136696+05:30,21,1
134,483756,365,514,1754473959237,2025-08-06 15:22:39.237423+05:30,21,1
135,483856,363,517,1754473959338,2025-08-06 15:22:39.338240+05:30,21,1
136,483957,367,522,1754473959439,2025-08-06 15:22:39.439126+05:30,21,1
137,484058,377,516,1754473959539,2025-08-06 15:22:39.539893+05:30,21,1
138,484159,380,514,1754473959640,2025-08-06 15:22:39.640741+05:30,21,1
139,484259,383,521,1754473959741,2025-08-06 15:22:39.741617+05:30,21,1
140,484361,385,515,1754473959842,2025-08-06 15:22:39.842580+05:30,21,1
141,484461,388,516,1754473959943,2025-08-06 15:22:39.943284+05:30,21,1
142,484561,406,524,1754473960044,2025-08-06 15:22:40.044045+05:30,21,1
143,484663,422,514,1754473960144,2025-08-06 15:22:40.144908+05:30,21,1
144,484763,419,513,1754473960245,2025-08-06 15:22:40.245803+05:30,21,1
145,484865,419,515,1754473960346,2025-08-06 15:22:40.346705+05:30,21,1
146,484965,420,513,1754473960447,2025-08-06 15:22:40.447493+05:30,21,1
147,485066,423,507,1754473960548,2025-08-06 15:22:40.548280+05:30,21,1
148,485167,426,514,1754473960649,2025-08-06 15:22:40.649173+05:30,21,1
149,485268,426,510,1754473960749,2025-08-06 15:22:40.749943+05:30,21,1
150,485368,427,512,1754473960850,2025-08-06 15:22:40.850778+05:30,21,1
151,485470,428,517,1754473960951,2025-08-06 15:22:40.951703+05:30,21,1
152,485570,429,516,1754473961052,2025-08-06 15:22:41.052450+05:30,21,1
153,485671,425,506,1754473961153,2025-08-06 15:22:41.153457+05:30,21,1
154,485772,421,514,1754473961254,2025-08-06 15:22:41.254276+05:30,21,1
155,485873,417,513,1754473961355,2025-08-06 15:22:41.355037+05:30,21,1
156,485974,409,511,1754473961455,2025-08-06 15:22:41.455869+05:30,21,1
157,486075,407,514,1754473961556,2025-08-06 15:22:41.556801+05:30,21,1
158,486175,407,512,1754473961657,2025-08-06 15:22:41.657454+05:30,21,1
159,486277,389,516,1754473961758,2025-08-06 15:22:41.758379+05:30,21,1
160,486377,378,514,1754473961859,2025-08-06 15:22:41.859392+05:30,21,1
161,486477,371,519,1754473961960,2025-08-06 15:22:41.960049+05:30,21,1
162,486579,374,524,1754473962060,2025-08-06 15:22:42.060829+05:30,21,1
163,486679,369,500,1754473962161,2025-08-06 15:22:42.161735+05:30,21,1
164,486780,365,509,1754473962262,2025-08-06 15:22:42.262553+05:30,21,1
165,486881,359,510,1754473962363,2025-08-06 15:22:42.363513+05:30,21,1
166,486982,346,513,1754473962464,2025-08-06 15:22:42.464186+05:30,21,1
167,487083,338,517,1754473962565,2025-08-06 15:22:42.565068+05:30,21,1
168,487184,336,514,1754473962665,2025-08-06 15:22:42.665889+05:30,21,1
169,487284,341,537,1754473962766,2025-08-06 15:22:42.766804+05:30,21,1
170,487386,352,522,1754473962867,2025-08-06 15:22:42.867509+05:30,21,1
171,487486,364,520,1754473962968,2025-08-06 15:22:42.968361+05:30,21,1
172,487587,372,527,1754473963069,2025-08-06 15:22:43.069136+05:30,21,1
173,487688,378,520,1754473963170,2025-08-06 15:22:43.170005+05:30,21,1
174,487789,383,522,1754473963270,2025-08-06 15:22:43.270942+05:30,21,1
175,487889,391,521,1754473963371,2025-08-06 15:22:43.371767+05:30,21,1
176,487991,400,519,1754473963472,2025-08-06 15:22:43.472546+05:30,21,1
177,488091,404,515,1754473963573,2025-08-06 15:22:43.573413+05:30,21,1
178,488193,405,508,1754473963674,2025-08-06 15:22:43.674213+05:30,21,1
179,488293,396,509,1754473963775,2025-08-06 15:22:43.775118+05:30,21,1
180,488393,391,515,1754473963875,2025-08-06 15:22:43.875844+05:30,21,1
181,488495,387,512,1754473963976,2025-08-06 15:22:43.976759+05:30,21,1
182,488595,383,513,1754473964077,2025-08-06 15:22:44.077587+05:30,21,1
183,488696,380,523,1754473964178,2025-08-06 15:22:44.178407+05:30,21,1
184,488797,381,519,1754473964279,2025-08-06 15:22:44.279424+05:30,21,1
185,488898,383,514,1754473964380,2025-08-06 15:22:44.380140+05:30,21,1
186,488998,388,523,1754473964481,2025-08-06 15:22:44.481011+05:30,21,1
187,489100,395,522,1754473964581,2025-08-06 15:22:44.581812+05:30,21,1
188,489200,399,513,1754473964682,2025-08-06 15:22:44.682599+05:30,21,1
189,489302,398,513,1754473964783,2025-08-06 15:22:44.783453+05:30,21,1
190,489402,399,515,1754473964884,2025-08-06 15:22:44.884363+05:30,21,1
191,489503,403,512,1754473964985,2025-08-06 15:22:44.985083+05:30,21,1
192,489604,406,514,1754473965085,2025-08-06 15:22:45.085970+05:30,21,1
193,489705,407,512,1754473965186,2025-08-06 15:22:45.186918+05:30,21,1
194,489805,413,518,1754473965287,2025-08-06 15:22:45.287664+05:30,21,1
195,489907,422,514,1754473965388,2025-08-06 15:22:45.388420+05:30,21,1
196,490007,430,513,1754473965489,2025-08-06 15:22:45.489319+05:30,21,1
197,490108,434,511,1754473965590,2025-08-06 15:22:45.590095+05:30,21,1
198,490209,438,515,1754473965690,2025-08-06 15:22:45.690961+05:30,21,1
199,490309,442,513,1754473965791,2025-08-06 15:22:45.791879+05:30,21,1
200,490411,443,516,1754473965892,2025-08-06 15:22:45.892668+05:30,21,1
201,490511,444,512,1754473965993,2025-08-06 15:22:45.993476+05:30,21,1
202,490612,443,514,1754473966094,2025-08-06 15:22:46.094322+05:30,21,1
203,490713,444,518,1754473966195,2025-08-06 15:22:46.195101+05:30,21,1
204,490814,444,520,1754473966296,2025-08-06 15:22:46.296037+05:30,21,1
205,490914,444,521,1754473966396,2025-08-06 15:22:46.396907+05:30,21,1
206,491016,440,518,1754473966497,2025-08-06 15:22:46.497712+05:30,21,1
207,491116,428,516,1754473966598,2025-08-06 15:22:46.598505+05:30,21,1
208,491217,424,525,1754473966699,2025-08-06 15:22:46.699349+05:30,21,1
209,491318,430,518,1754473966800,2025-08-06 15:22:46.800198+05:30,21,1
210,491419,428,504,1754473966901,2025-08-06 15:22:46.901002+05:30,21,1
211,491520,418,506,1754473967001,2025-08-06 15:22:47.001956+05:30,21,1
212,491621,411,512,1754473967102,2025-08-06 15:22:47.102695+05:30,21,1
213,491721,407,520,1754473967203,2025-08-06 15:22:47.203788+05:30,21,1
214,491823,404,523,1754473967304,2025-08-06 15:22:47.304352+05:30,21,1
215,491923,400,517,1754473967405,2025-08-06 15:22:47.405206+05:30,21,1
216,492024,395,516,1754473967506,2025-08-06 15:22:47.506059+05:30,21,1
217,492125,393,517,1754473967607,2025-08-06 15:22:47.607161+05:30,21,1
218,492225,389,514,1754473967707,2025-08-06 15:22:47.707920+05:30,21,1
219,492326,384,524,1754473967808,2025-08-06 15:22:47.808549+05:30,21,1
220,492427,379,524,1754473967909,2025-08-06 15:22:47.909453+05:30,21,1
221,492528,372,514,1754473968010,2025-08-06 15:22:48.010287+05:30,21,1
222,492628,363,517,1754473968111,2025-08-06 15:22:48.111027+05:30,21,1
223,492730,347,514,1754473968211,2025-08-06 15:22:48.211935+05:30,21,1
224,492830,338,518,1754473968312,2025-08-06 15:22:48.312744+05:30,21,1
225,492932,335,530,1754473968413,2025-08-06 15:22:48.413541+05:30,21,1
226,493032,336,517,1754473968514,2025-08-06 15:22:48.514354+05:30,21,1
227,493133,341,520,1754473968615,2025-08-06 15:22:48.615348+05:30,21,1
228,493234,353,517,1754473968716,2025-08-06 15:22:48.716164+05:30,21,1
229,493335,359,511,1754473968816,2025-08-06 15:22:48.816948+05:30,21,1
230,493435,362,516,1754473968917,2025-08-06 15:22:48.917905+05:30,21,1
231,493537,364,530,1754473969018,2025-08-06 15:22:49.018634+05:30,21,1
232,493637,365,513,1754473969119,2025-08-06 15:22:49.119471+05:30,21,1
233,493739,363,514,1754473969220,2025-08-06 15:22:49.220346+05:30,21,1
234,493839,362,514,1754473969321,2025-08-06 15:22:49.321350+05:30,21,1
235,493940,360,513,1754473969422,2025-08-06 15:22:49.422098+05:30,21,1
236,494041,356,519,1754473969522,2025-08-06 15:22:49.522906+05:30,21,1
237,494141,351,525,1754473969623,2025-08-06 15:22:49.623660+05:30,21,1
238,494242,346,512,1754473969724,2025-08-06 15:22:49.724678+05:30,21,1
239,494343,345,514,1754473969825,2025-08-06 15:22:49.825385+05:30,21,1
240,494444,353,520,1754473969926,2025-08-06 15:22:49.926200+05:30,21,1
241,494544,384,524,1754473970027,2025-08-06 15:22:50.027141+05:30,21,1
242,494646,402,512,1754473970127,2025-08-06 15:22:50.127960+05:30,21,1
243,494746,406,514,1754473970228,2025-08-06 15:22:50.228887+05:30,21,1
244,494848,408,517,1754473970329,2025-08-06 15:22:50.329658+05:30,21,1
245,494948,406,516,1754473970430,2025-08-06 15:22:50.430358+05:30,21,1
246,495049,403,514,1754473970531,2025-08-06 15:22:50.531083+05:30,21,1
247,495150,402,516,1754473970631,2025-08-06 15:22:50.631924+05:30,21,1
248,495251,402,518,1754473970732,2025-08-06 15:22:50.732709+05:30,21,1
249,495351,406,514,1754473970833,2025-08-06 15:22:50.833640+05:30,21,1
250,495453,407,514,1754473970934,2025-08-06 15:22:50.934376+05:30,21,1
251,495553,407,520,1754473971035,2025-08-06 15:22:51.035272+05:30,21,1
252,495654,409,516,1754473971136,2025-08-06 15:22:51.136200+05:30,21,1
253,495755,407,509,1754473971237,2025-08-06 15:22:51.237190+05:30,21,1
254,495856,407,515,1754473971337,2025-08-06 15:22:51.337903+05:30,21,1
255,495956,407,514,1754473971438,2025-08-06 15:22:51.438818+05:30,21,1
256,496057,406,512,1754473971539,2025-08-06 15:22:51.539452+05:30,21,1
257,496158,405,519,1754473971640,2025-08-06 15:22:51.640330+05:30,21,1
258,496259,403,518,1754473971741,2025-08-06 15:22:51.741037+05:30,21,1
259,496360,401,513,1754473971842,2025-08-06 15:22:51.842001+05:30,21,1
260,496460,401,514,1754473971942,2025-08-06 15:22:51.942767+05:30,21,1
261,496562,399,510,1754473972043,2025-08-06 15:22:52.043629+05:30,21,1
262,496662,397,516,1754473972144,2025-08-06 15:22:52.144573+05:30,21,1
263,496763,399,515,1754473972245,2025-08-06 15:22:52.245497+05:30,21,1
264,496864,400,524,1754473972346,2025-08-06 15:22:52.346231+05:30,21,1
265,496965,398,513,1754473972447,2025-08-06 15:22:52.447270+05:30,21,1
266,497065,397,513,1754473972547,2025-08-06 15:22:52.547905+05:30,21,1
267,497167,397,515,1754473972648,2025-08-06 15:22:52.648649+05:30,21,1
268,497267,398,513,1754473972749,2025-08-06 15:22:52.749464+05:30,21,1
269,497369,400,515,1754473972850,2025-08-06 15:22:52.850288+05:30,21,1
270,497469,399,515,1754473972951,2025-08-06 15:22:52.951078+05:30,21,1
271,497570,399,522,1754473973051,2025-08-06 15:22:53.051893+05:30,21,1
272,497671,399,511,1754473973152,2025-08-06 15:22:53.152823+05:30,21,1
273,497771,400,516,1754473973253,2025-08-06 15:22:53.253548+05:30,21,1
274,497872,400,515,1754473973354,2025-08-06 15:22:53.354445+05:30,21,1
275,497973,399,513,1754473973455,2025-08-06 15:22:53.455352+05:30,21,1
276,498074,398,514,1754473973556,2025-08-06 15:22:53.556156+05:30,21,1
277,498174,397,523,1754473973657,2025-08-06 15:22:53.657079+05:30,21,1
278,498276,396,516,1754473973757,2025-08-06 15:22:53.757806+05:30,21,1
279,498376,393,511,1754473973858,2025-08-06 15:22:53.858655+05:30,21,1
280,498478,392,515,1754473973959,2025-08-06 15:22:53.959488+05:30,21,1
281,498578,391,514,1754473974060,2025-08-06 15:22:54.060527+05:30,21,1
282,498679,389,511,1754473974161,2025-08-06 15:22:54.161444+05:30,21,1
283,498780,389,521,1754473974262,2025-08-06 15:22:54.262315+05:30,21,1
284,498881,390,526,1754473974363,2025-08-06 15:22:54.363048+05:30,21,1
285,498981,391,511,1754473974463,2025-08-06 15:22:54.463816+05:30,21,1
286,499083,389,513,1754473974564,2025-08-06 15:22:54.564511+05:30,21,1
287,499183,388,514,1754473974665,2025-08-06 15:22:54.665421+05:30,21,1
288,499284,389,513,1754473974766,2025-08-06 15:22:54.766160+05:30,21,1
289,499385,388,514,1754473974867,2025-08-06 15:22:54.867072+05:30,21,1
290,499486,388,525,1754473974967,2025-08-06 15:22:54.967801+05:30,21,1
291,499587,389,519,1754473975068,2025-08-06 15:22:55.068658+05:30,21,1
292,499687,389,511,1754473975169,2025-08-06 15:22:55.169511+05:30,21,1
293,499788,388,514,1754473975270,2025-08-06 15:22:55.270367+05:30,21,1
294,499889,387,515,1754473975371,2025-08-06 15:22:55.371128+05:30,21,1
295,499990,388,512,1754473975472,2025-08-06 15:22:55.472075+05:30,21,1
296,500090,388,521,1754473975572,2025-08-06 15:22:55.572907+05:30,21,1
297,500192,390,525,1754473975673,2025-08-06 15:22:55.673694+05:30,21,1
298,500292,389,512,1754473975774,2025-08-06 15:22:55.774489+05:30,21,1
299,500393,389,514,1754473975875,2025-08-06 15:22:55.875380+05:30,21,1
300,500494,390,515,1754473975976,2025-08-06 15:22:55.976347+05:30,21,1
301,500595,390,513,1754473976077,2025-08-06 15:22:56.077158+05:30,21,1
302,500696,391,516,1754473976177,2025-08-06 15:22:56.177840+05:30,21,1
303,500797,393,526,1754473976278,2025-08-06 15:22:56.278768+05:30,21,1
304,500897,395,512,1754473976379,2025-08-06 15:22:56.379567+05:30,21,1
305,500999,393,514,1754473976480,2025-08-06 15:22:56.480331+05:30,21,1
306,501099,395,517,1754473976581,2025-08-06 15:22:56.581433+05:30,21,1
307,501200,403,523,1754473976682,2025-08-06 15:22:56.682438+05:30,21,1
308,501301,422,534,1754473976783,2025-08-06 15:22:56.783140+05:30,21,1
309,501402,430,506,1754473976883,2025-08-06 15:22:56.883876+05:30,21,1
310,501502,433,513,1754473976984,2025-08-06 15:22:56.984648+05:30,21,1
311,501603,438,514,1754473977085,2025-08-06 15:22:57.085640+05:30,21,1
312,501704,444,511,1754473977186,2025-08-06 15:22:57.186353+05:30,21,1
313,501805,462,513,1754473977287,2025-08-06 15:22:57.287224+05:30,21,1
314,501906,481,513,1754473977387,2025-08-06 15:22:57.387912+05:30,21,1
315,502006,485,509,1754473977488,2025-08-06 15:22:57.488798+05:30,21,1
316,502108,482,511,1754473977589,2025-08-06 15:22:57.589604+05:30,21,1
317,502208,472,512,1754473977690,2025-08-06 15:22:57.690467+05:30,21,1
318,502309,466,514,1754473977791,2025-08-06 15:22:57.791249+05:30,21,1
319,502410,465,517,1754473977892,2025-08-06 15:22:57.892216+05:30,21,1
320,502511,465,525,1754473977992,2025-08-06 15:22:57.992975+05:30,21,1
321,502611,463,520,1754473978093,2025-08-06 15:22:58.093749+05:30,21,1
322,502713,459,512,1754473978194,2025-08-06 15:22:58.194708+05:30,21,1
323,502813,456,522,1754473978295,2025-08-06 15:22:58.295503+05:30,21,1
324,502915,444,522,1754473978396,2025-08-06 15:22:58.396169+05:30,21,1
325,503015,431,520,1754473978497,2025-08-06 15:22:58.497113+05:30,21,1
326,503116,426,522,1754473978597,2025-08-06 15:22:58.597888+05:30,21,1
327,503217,427,514,1754473978698,2025-08-06 15:22:58.698791+05:30,21,1
328,503318,428,514,1754473978799,2025-08-06 15:22:58.799582+05:30,21,1
329,503418,431,518,1754473978900,2025-08-06 15:22:58.900451+05:30,21,1
330,503519,435,516,1754473979001,2025-08-06 15:22:59.001510+05:30,21,1
331,503620,437,524,1754473979102,2025-08-06 15:22:59.102320+05:30,21,1
332,503720,438,521,1754473979203,2025-08-06 15:22:59.203105+05:30,21,1
333,503822,439,518,1754473979303,2025-08-06 15:22:59.303908+05:30,21,1
334,503922,439,525,1754473979404,2025-08-06 15:22:59.404962+05:30,21,1
335,504024,438,524,1754473979505,2025-08-06 15:22:59.505549+05:30,21,1
336,504124,438,521,1754473979606,2025-08-06 15:22:59.606290+05:30,21,1
337,504225,438,520,1754473979707,2025-08-06 15:22:59.707123+05:30,21,1
338,504326,440,524,1754473979807,2025-08-06 15:22:59.807938+05:30,21,1
339,504427,438,524,1754473979908,2025-08-06 15:22:59.908913+05:30,21,1
340,504527,438,518,1754473980009,2025-08-06 15:23:00.009583+05:30,21,1
341,504629,438,519,1754473980110,2025-08-06 15:23:00.110452+05:30,21,1
342,504729,438,521,1754473980211,2025-08-06 15:23:00.211290+05:30,21,1
343,504830,438,518,1754473980312,2025-08-06 15:23:00.312123+05:30,21,1
344,504931,432,515,1754473980412,2025-08-06 15:23:00.412925+05:30,21,1
345,505032,426,518,1754473980513,2025-08-06 15:23:00.513936+05:30,21,1
346,505133,421,514,1754473980614,2025-08-06 15:23:00.614917+05:30,21,1
347,505233,421,521,1754473980715,2025-08-06 15:23:00.715589+05:30,21,1
348,505334,419,520,1754473980816,2025-08-06 15:23:00.816450+05:30,21,1
349,505435,417,521,1754473980917,2025-08-06 15:23:00.917280+05:30,21,1
350,505536,414,528,1754473981018,2025-08-06 15:23:01.018005+05:30,21,1
351,505636,415,529,1754473981118,2025-08-06 15:23:01.118808+05:30,21,1
352,505738,402,511,1754473981219,2025-08-06 15:23:01.219770+05:30,21,1
353,505838,390,515,1754473981320,2025-08-06 15:23:01.320516+05:30,21,1
354,505939,380,521,1754473981421,2025-08-06 15:23:01.421281+05:30,21,1
355,506040,368,517,1754473981522,2025-08-06 15:23:01.522281+05:30,21,1
356,506141,354,520,1754473981623,2025-08-06 15:23:01.623006+05:30,21,1
357,506242,347,530,1754473981723,2025-08-06 15:23:01.723854+05:30,21,1
358,506343,347,546,1754473981824,2025-08-06 15:23:01.824861+05:30,21,1
359,506443,350,516,1754473981925,2025-08-06 15:23:01.925578+05:30,21,1
360,506545,352,512,1754473982026,2025-08-06 15:23:02.026316+05:30,21,1
361,506645,359,516,1754473982127,2025-08-06 15:23:02.127145+05:30,21,1
362,506746,367,514,1754473982228,2025-08-06 15:23:02.228014+05:30,21,1
363,506847,373,517,1754473982328,2025-08-06 15:23:02.328951+05:30,21,1
364,506948,385,527,1754473982429,2025-08-06 15:23:02.429656+05:30,21,1
365,507048,397,510,1754473982530,2025-08-06 15:23:02.530517+05:30,21,1
366,507149,404,510,1754473982631,2025-08-06 15:23:02.631315+05:30,21,1
367,507250,410,515,1754473982732,2025-08-06 15:23:02.732284+05:30,21,1
368,507351,412,503,1754473982833,2025-08-06 15:23:02.833031+05:30,21,1
369,507452,410,505,1754473982933,2025-08-06 15:23:02.933875+05:30,21,1
370,507552,418,525,1754473983035,2025-08-06 15:23:03.035173+05:30,21,1
371,507654,443,515,1754473983135,2025-08-06 15:23:03.135571+05:30,21,1
372,507754,452,508,1754473983236,2025-08-06 15:23:03.236391+05:30,21,1
373,507855,454,512,1754473983337,2025-08-06 15:23:03.337327+05:30,21,1
374,507956,454,510,1754473983438,2025-08-06 15:23:03.438012+05:30,21,1
375,508057,451,508,1754473983538,2025-08-06 15:23:03.538974+05:30,21,1
376,508157,442,510,1754473983639,2025-08-06 15:23:03.639742+05:30,21,1
377,508259,438,521,1754473983740,2025-08-06 15:23:03.740553+05:30,21,1
378,508359,437,520,1754473983841,2025-08-06 15:23:03.841340+05:30,21,1
379,508461,439,505,1754473983942,2025-08-06 15:23:03.942220+05:30,21,1
380,508561,443,509,1754473984043,2025-08-06 15:23:04.043025+05:30,21,1
381,508662,447,514,1754473984143,2025-08-06 15:23:04.143875+05:30,21,1
382,508763,448,513,1754473984244,2025-08-06 15:23:04.244783+05:30,21,1
383,508864,447,516,1754473984345,2025-08-06 15:23:04.345588+05:30,21,1
384,508964,449,530,1754473984446,2025-08-06 15:23:04.446430+05:30,21,1
385,509065,449,516,1754473984547,2025-08-06 15:23:04.547287+05:30,21,1
386,509166,452,514,1754473984648,2025-08-06 15:23:04.648067+05:30,21,1
387,509266,449,529,1754473984748,2025-08-06 15:23:04.748908+05:30,21,1
388,509368,383,522,1754473984849,2025-08-06 15:23:04.849750+05:30,21,1
389,509468,361,513,1754473984950,2025-08-06 15:23:04.950601+05:30,21,1
390,509570,344,523,1754473985051,2025-08-06 15:23:05.051615+05:30,21,1
391,509670,345,541,1754473985152,2025-08-06 15:23:05.152401+05:30,21,1
392,509771,346,473,1754473985253,2025-08-06 15:23:05.253116+05:30,21,1
393,509872,346,513,1754473985353,2025-08-06 15:23:05.353960+05:30,21,1
394,509973,343,507,1754473985454,2025-08-06 15:23:05.454897+05:30,21,1
395,510073,337,513,1754473985555,2025-08-06 15:23:05.555663+05:30,21,1
396,510175,342,541,1754473985656,2025-08-06 15:23:05.656426+05:30,21,1
397,510275,345,530,1754473985757,2025-08-06 15:23:05.757267+05:30,21,1
398,510376,412,541,1754473985858,2025-08-06 15:23:05.858117+05:30,21,1
399,510477,292,724,1754473985959,2025-08-06 15:23:05.959021+05:30,21,1
400,510578,239,596,1754473986059,2025-08-06 15:23:06.059760+05:30,21,1
401,510679,219,540,1754473986160,2025-08-06 15:23:06.160580+05:30,21,1
402,510780,212,532,1754473986261,2025-08-06 15:23:06.261501+05:30,21,1
403,510880,208,525,1754473986362,2025-08-06 15:23:06.362419+05:30,21,1
404,510981,207,517,1754473986463,2025-08-06 15:23:06.463159+05:30,21,1
405,511082,207,521,1754473986564,2025-08-06 15:23:06.564070+05:30,21,1
406,511182,207,518,1754473986664,2025-08-06 15:23:06.664830+05:30,21,1
407,511284,207,523,1754473986765,2025-08-06 15:23:06.765791+05:30,21,1
408,511384,206,531,1754473986866,2025-08-06 15:23:06.866691+05:30,21,1
409,511485,204,529,1754473986967,2025-08-06 15:23:06.967412+05:30,21,1
410,511586,202,534,1754473987068,2025-08-06 15:23:07.068257+05:30,21,1
411,511687,200,530,1754473987169,2025-08-06 15:23:07.169161+05:30,21,1
412,511788,200,527,1754473987270,2025-08-06 15:23:07.270028+05:30,21,1
413,511889,199,521,1754473987370,2025-08-06 15:23:07.370682+05:30,21,1
414,511989,198,511,1754473987471,2025-08-06 15:23:07.471508+05:30,21,1
415,512091,197,516,1754473987572,2025-08-06 15:23:07.572355+05:30,21,1
416,512191,195,515,1754473987673,2025-08-06 15:23:07.673346+05:30,21,1
417,512292,194,517,1754473987774,2025-08-06 15:23:07.774043+05:30,21,1
418,512393,193,522,1754473987875,2025-08-06 15:23:07.875109+05:30,21,1
419,512494,192,531,1754473987975,2025-08-06 15:23:07.975692+05:30,21,1
420,512594,191,533,1754473988076,2025-08-06 15:23:08.076650+05:30,21,1
421,512696,191,532,1754473988177,2025-08-06 15:23:08.177298+05:30,21,1
422,512796,191,534,1754473988278,2025-08-06 15:23:08.278262+05:30,21,1
423,512897,193,979,1754473988379,2025-08-06 15:23:08.379019+05:30,21,1
424,512998,195,259,1754473988479,2025-08-06 15:23:08.479869+05:30,21,1
425,513098,195,0,1754473988580,2025-08-06 15:23:08.580802+05:30,21,1
426,513200,197,212,1754473988679,2025-08-06 15:23:08.679572+05:30,21,1
427,513300,235,467,1754473988782,2025-08-06 15:23:08.782274+05:30,21,1
428,513401,232,978,1754473988883,2025-08-06 15:23:08.883100+05:30,21,1
429,513502,209,977,1754473988983,2025-08-06 15:23:08.983943+05:30,21,1
430,513603,180,1,1754473989084,2025-08-06 15:23:09.084773+05:30,21,1
431,513703,230,441,1754473989183,2025-08-06 15:23:09.183566+05:30,21,1
432,513805,301,535,1754473989286,2025-08-06 15:23:09.286377+05:30,21,1
433,513905,321,463,1754473989387,2025-08-06 15:23:09.387184+05:30,21,1
434,514006,339,513,1754473989488,2025-08-06 15:23:09.488051+05:30,21,1
435,514107,357,521,1754473989588,2025-08-06 15:23:09.588892+05:30,21,1
436,514207,364,504,1754473989689,2025-08-06 15:23:09.689829+05:30,21,1
437,514309,309,727,1754473989790,2025-08-06 15:23:09.790572+05:30,21,1
438,514409,235,926,1754473989891,2025-08-06 15:23:09.891473+05:30,21,1
439,514510,206,100,1754473989992,2025-08-06 15:23:09.992221+05:30,21,1
440,514611,207,361,1754473990092,2025-08-06 15:23:10.092975+05:30,21,1
441,514712,269,516,1754473990193,2025-08-06 15:23:10.193880+05:30,21,1
442,514812,294,494,1754473990294,2025-08-06 15:23:10.294704+05:30,21,1
443,514914,231,978,1754473990395,2025-08-06 15:23:10.395632+05:30,21,1
444,515014,208,154,1754473990496,2025-08-06 15:23:10.496528+05:30,21,1
445,515116,208,376,1754473990597,2025-08-06 15:23:10.597338+05:30,21,1
446,515216,266,542,1754473990698,2025-08-06 15:23:10.698190+05:30,21,1
447,515317,258,519,1754473990798,2025-08-06 15:23:10.798853+05:30,21,1
448,515418,223,979,1754473990899,2025-08-06 15:23:10.899759+05:30,21,1
449,515519,213,189,1754473991000,2025-08-06 15:23:11.000735+05:30,21,1
450,515619,212,192,1754473991101,2025-08-06 15:23:11.101381+05:30,21,1
451,515721,292,605,1754473991202,2025-08-06 15:23:11.202231+05:30,21,1
452,515821,325,475,1754473991303,2025-08-06 15:23:11.302999+05:30,21,1
453,515921,335,494,1754473991403,2025-08-06 15:23:11.403888+05:30,21,1
454,516023,348,489,1754473991504,2025-08-06 15:23:11.504930+05:30,21,1
455,516123,358,488,1754473991605,2025-08-06 15:23:11.605867+05:30,21,1
456,516225,363,517,1754473991706,2025-08-06 15:23:11.706520+05:30,21,1
457,516325,369,518,1754473991807,2025-08-06 15:23:11.807265+05:30,21,1
458,516426,375,532,1754473991908,2025-08-06 15:23:11.908153+05:30,21,1
459,516527,384,557,1754473992009,2025-08-06 15:23:12.009062+05:30,21,1
460,516628,396,550,1754473992109,2025-08-06 15:23:12.109917+05:30,21,1
461,516728,403,519,1754473992210,2025-08-06 15:23:12.210791+05:30,21,1
462,516830,404,456,1754473992311,2025-08-06 15:23:12.311519+05:30,21,1
463,516930,403,527,1754473992412,2025-08-06 15:23:12.412271+05:30,21,1
464,517031,409,601,1754473992513,2025-08-06 15:23:12.513245+05:30,21,1
465,517132,414,551,1754473992614,2025-08-06 15:23:12.614073+05:30,21,1
466,517233,418,556,1754473992714,2025-08-06 15:23:12.714893+05:30,21,1
467,517334,425,536,1754473992815,2025-08-06 15:23:12.815686+05:30,21,1
468,517435,427,501,1754473992916,2025-08-06 15:23:12.916551+05:30,21,1
469,517535,422,505,1754473993017,2025-08-06 15:23:13.017385+05:30,21,1
470,517636,420,494,1754473993118,2025-08-06 15:23:13.118093+05:30,21,1
471,517737,414,443,1754473993218,2025-08-06 15:23:13.218891+05:30,21,1
472,517837,411,475,1754473993319,2025-08-06 15:23:13.319672+05:30,21,1
473,517939,412,518,1754473993420,2025-08-06 15:23:13.420960+05:30,21,1
474,518039,413,513,1754473993521,2025-08-06 15:23:13.521314+05:30,21,1
475,518140,416,520,1754473993622,2025-08-06 15:23:13.622224+05:30,21,1
476,518241,418,532,1754473993723,2025-08-06 15:23:13.723038+05:30,21,1
477,518342,420,526,1754473993824,2025-08-06 15:23:13.824099+05:30,21,1
478,518443,423,505,1754473993924,2025-08-06 15:23:13.924819+05:30,21,1
479,518544,423,517,1754473994025,2025-08-06 15:23:14.025574+05:30,21,1
480,518644,423,519,1754473994126,2025-08-06 15:23:14.126471+05:30,21,1
481,518746,423,521,1754473994227,2025-08-06 15:23:14.227181+05:30,21,1
482,518846,423,534,1754473994328,2025-08-06 15:23:14.328085+05:30,21,1
483,518947,422,538,1754473994429,2025-08-06 15:23:14.428998+05:30,21,1
484,519048,423,514,1754473994529,2025-08-06 15:23:14.529755+05:30,21,1
485,519149,422,509,1754473994630,2025-08-06 15:23:14.630570+05:30,21,1
486,519249,424,539,1754473994731,2025-08-06 15:23:14.731659+05:30,21,1
487,519351,427,561,1754473994832,2025-08-06 15:23:14.832266+05:30,21,1
488,519451,430,547,1754473994933,2025-08-06 15:23:14.933105+05:30,21,1
489,519552,436,550,1754473995033,2025-08-06 15:23:15.033903+05:30,21,1
490,519653,436,496,1754473995135,2025-08-06 15:23:15.135213+05:30,21,1
491,519753,434,513,1754473995235,2025-08-06 15:23:15.235749+05:30,21,1
492,519855,428,457,1754473995336,2025-08-06 15:23:15.336521+05:30,21,1
493,519955,421,448,1754473995437,2025-08-06 15:23:15.437277+05:30,21,1
494,520056,420,510,1754473995538,2025-08-06 15:23:15.538191+05:30,21,1
495,520157,420,540,1754473995638,2025-08-06 15:23:15.638933+05:30,21,1
496,520258,419,549,1754473995739,2025-08-06 15:23:15.739805+05:30,21,1
497,520358,420,537,1754473995840,2025-08-06 15:23:15.840628+05:30,21,1
498,520460,417,498,1754473995941,2025-08-06 15:23:15.941447+05:30,21,1
499,520560,412,501,1754473996042,2025-08-06 15:23:16.042325+05:30,21,1
500,520662,404,511,1754473996143,2025-08-06 15:23:16.143213+05:30,21,1
501,520762,398,518,1754473996244,2025-08-06 15:23:16.244119+05:30,21,1
502,520863,392,486,1754473996344,2025-08-06 15:23:16.344809+05:30,21,1
503,520964,387,472,1754473996445,2025-08-06 15:23:16.445563+05:30,21,1
504,521065,385,505,1754473996546,2025-08-06 15:23:16.546488+05:30,21,1
505,521165,382,513,1754473996647,2025-08-06 15:23:16.647283+05:30,21,1
506,521267,381,520,1754473996748,2025-08-06 15:23:16.748254+05:30,21,1
507,521367,382,528,1754473996849,2025-08-06 15:23:16.849043+05:30,21,1
508,521467,382,532,1754473996949,2025-08-06 15:23:16.949875+05:30,21,1
509,521569,383,540,1754473997050,2025-08-06 15:23:17.050674+05:30,21,1
510,521669,382,515,1754473997151,2025-08-06 15:23:17.151563+05:30,21,1
511,521771,381,511,1754473997252,2025-08-06 15:23:17.252293+05:30,21,1
512,521871,380,538,1754473997353,2025-08-06 15:23:17.353251+05:30,21,1
513,521972,383,558,1754473997454,2025-08-06 15:23:17.454076+05:30,21,1
514,522073,384,495,1754473997554,2025-08-06 15:23:17.554853+05:30,21,1
515,522174,383,509,1754473997655,2025-08-06 15:23:17.655818+05:30,21,1
516,522274,386,531,1754473997756,2025-08-06 15:23:17.756622+05:30,21,1
517,522376,391,526,1754473997857,2025-08-06 15:23:17.857351+05:30,21,1
518,522476,394,529,1754473997958,2025-08-06 15:23:17.958146+05:30,21,1
519,522577,398,542,1754473998059,2025-08-06 15:23:18.059303+05:30,21,1
520,522678,403,509,1754473998160,2025-08-06 15:23:18.159991+05:30,21,1
521,522779,406,522,1754473998260,2025-08-06 15:23:18.260668+05:30,21,1
522,522880,407,501,1754473998361,2025-08-06 15:23:18.361682+05:30,21,1
523,522981,408,505,1754473998462,2025-08-06 15:23:18.462361+05:30,21,1
524,523081,409,517,1754473998563,2025-08-06 15:23:18.563123+05:30,21,1
525,523183,408,498,1754473998664,2025-08-06 15:23:18.664170+05:30,21,1
526,523283,410,518,1754473998764,2025-08-06 15:23:18.764925+05:30,21,1
527,523383,414,540,1754473998865,2025-08-06 15:23:18.865841+05:30,21,1
528,523485,417,527,1754473998966,2025-08-06 15:23:18.966516+05:30,21,1
529,523585,421,524,1754473999067,2025-08-06 15:23:19.067372+05:30,21,1
530,523686,421,522,1754473999168,2025-08-06 15:23:19.168289+05:30,21,1
531,523787,425,508,1754473999269,2025-08-06 15:23:19.269010+05:30,21,1
532,523888,427,515,1754473999370,2025-08-06 15:23:19.369993+05:30,21,1
533,523988,430,526,1754473999470,2025-08-06 15:23:19.470741+05:30,21,1
534,524090,432,519,1754473999571,2025-08-06 15:23:19.571535+05:30,21,1
535,524190,435,505,1754473999672,2025-08-06 15:23:19.672409+05:30,21,1
536,524292,437,499,1754473999773,2025-08-06 15:23:19.773211+05:30,21,1
537,524392,437,517,1754473999874,2025-08-06 15:23:19.874167+05:30,21,1
538,524493,439,503,1754473999974,2025-08-06 15:23:19.974896+05:30,21,1
539,524594,440,507,1754474000075,2025-08-06 15:23:20.075706+05:30,21,1
540,524695,441,516,1754474000176,2025-08-06 15:23:20.176640+05:30,21,1
541,524795,441,523,1754474000277,2025-08-06 15:23:20.277393+05:30,21,1
542,524897,443,494,1754474000378,2025-08-06 15:23:20.378347+05:30,21,1
543,524997,444,491,1754474000479,2025-08-06 15:23:20.479290+05:30,21,1
544,525099,441,540,1754474000580,2025-08-06 15:23:20.580187+05:30,21,1
545,525199,441,566,1754474000680,2025-08-06 15:23:20.680924+05:30,21,1
546,525299,445,517,1754474000781,2025-08-06 15:23:20.781789+05:30,21,1
547,525401,448,511,1754474000882,2025-08-06 15:23:20.882560+05:30,21,1
548,525501,447,500,1754474000983,2025-08-06 15:23:20.983477+05:30,21,1
549,525602,435,453,1754474001084,2025-08-06 15:23:21.084158+05:30,21,1
550,525703,429,500,1754474001185,2025-08-06 15:23:21.185053+05:30,21,1
551,525804,427,550,1754474001286,2025-08-06 15:23:21.286013+05:30,21,1
552,525904,440,542,1754474001386,2025-08-06 15:23:21.386614+05:30,21,1
553,526006,447,503,1754474001487,2025-08-06 15:23:21.487503+05:30,21,1
554,526106,450,517,1754474001588,2025-08-06 15:23:21.588299+05:30,21,1
555,526208,453,530,1754474001689,2025-08-06 15:23:21.689259+05:30,21,1
556,526308,454,528,1754474001790,2025-08-06 15:23:21.790092+05:30,21,1
557,526409,455,510,1754474001891,2025-08-06 15:23:21.890988+05:30,21,1
558,526510,456,522,1754474001991,2025-08-06 15:23:21.991771+05:30,21,1
559,526611,455,514,1754474002092,2025-08-06 15:23:22.092486+05:30,21,1
560,526711,456,520,1754474002193,2025-08-06 15:23:22.193301+05:30,21,1
561,526813,455,523,1754474002294,2025-08-06 15:23:22.294122+05:30,21,1
562,526913,455,518,1754474002395,2025-08-06 15:23:22.394993+05:30,21,1
563,527014,456,519,1754474002495,2025-08-06 15:23:22.495764+05:30,21,1
564,527115,457,534,1754474002596,2025-08-06 15:23:22.596736+05:30,21,1
565,527215,450,512,1754474002697,2025-08-06 15:23:22.697681+05:30,21,1
566,527316,445,492,1754474002798,2025-08-06 15:23:22.798415+05:30,21,1
567,527417,437,529,1754474002899,2025-08-06 15:23:22.899174+05:30,21,1
568,527518,439,559,1754474003000,2025-08-06 15:23:23.000369+05:30,21,1
569,527619,440,486,1754474003100,2025-08-06 15:23:23.100940+05:30,21,1
570,527720,441,499,1754474003201,2025-08-06 15:23:23.201772+05:30,21,1
571,527820,451,511,1754474003302,2025-08-06 15:23:23.302745+05:30,21,1
572,527922,463,497,1754474003403,2025-08-06 15:23:23.403501+05:30,21,1
573,528022,464,502,1754474003504,2025-08-06 15:23:23.504500+05:30,21,1
574,528123,459,463,1754474003605,2025-08-06 15:23:23.605129+05:30,21,1
575,528224,453,523,1754474003705,2025-08-06 15:23:23.705934+05:30,21,1
576,528325,448,512,1754474003806,2025-08-06 15:23:23.806886+05:30,21,1
577,528425,446,514,1754474003907,2025-08-06 15:23:23.907887+05:30,21,1
578,528527,444,521,1754474004008,2025-08-06 15:23:24.008618+05:30,21,1
579,528627,444,499,1754474004109,2025-08-06 15:23:24.109396+05:30,21,1
580,528729,442,502,1754474004210,2025-08-06 15:23:24.210203+05:30,21,1
581,528829,439,509,1754474004311,2025-08-06 15:23:24.311057+05:30,21,1
582,528930,436,514,1754474004411,2025-08-06 15:23:24.411902+05:30,21,1
583,529031,432,507,1754474004512,2025-08-06 15:23:24.512678+05:30,21,1
584,529131,431,531,1754474004613,2025-08-06 15:23:24.613347+05:30,21,1
585,529232,428,510,1754474004714,2025-08-06 15:23:24.714363+05:30,21,1
586,529333,429,497,1754474004815,2025-08-06 15:23:24.815058+05:30,21,1
587,529434,428,526,1754474004916,2025-08-06 15:23:24.916078+05:30,21,1
588,529534,427,514,1754474005016,2025-08-06 15:23:25.016751+05:30,21,1
589,529636,425,514,1754474005117,2025-08-06 15:23:25.117589+05:30,21,1
590,529736,424,521,1754474005218,2025-08-06 15:23:25.218408+05:30,21,1
591,529838,425,507,1754474005319,2025-08-06 15:23:25.319224+05:30,21,1
592,529938,423,517,1754474005420,2025-08-06 15:23:25.420092+05:30,21,1
593,530039,422,520,1754474005520,2025-08-06 15:23:25.520978+05:30,21,1
594,530140,420,519,1754474005622,2025-08-06 15:23:25.622006+05:30,21,1
595,530241,421,536,1754474005722,2025-08-06 15:23:25.722954+05:30,21,1
596,530341,421,516,1754474005823,2025-08-06 15:23:25.823582+05:30,21,1
597,530443,422,524,1754474005924,2025-08-06 15:23:25.924485+05:30,21,1
598,530543,421,524,1754474006025,2025-08-06 15:23:26.025400+05:30,21,1
599,530644,422,518,1754474006126,2025-08-06 15:23:26.126148+05:30,21,1
600,530745,417,521,1754474006226,2025-08-06 15:23:26.226923+05:30,21,1
601,530845,415,525,1754474006327,2025-08-06 15:23:26.327593+05:30,21,1
602,530947,413,527,1754474006428,2025-08-06 15:23:26.428595+05:30,21,1
603,531047,412,515,1754474006529,2025-08-06 15:23:26.529324+05:30,21,1
604,531148,412,515,1754474006630,2025-08-06 15:23:26.630174+05:30,21,1
605,531249,412,510,1754474006731,2025-08-06 15:23:26.731118+05:30,21,1
606,531350,410,524,1754474006831,2025-08-06 15:23:26.831797+05:30,21,1
607,531450,410,514,1754474006932,2025-08-06 15:23:26.932817+05:30,21,1
608,531552,411,520,1754474007033,2025-08-06 15:23:27.033433+05:30,21,1
609,531652,410,524,1754474007134,2025-08-06 15:23:27.134269+05:30,21,1
610,531753,410,516,1754474007235,2025-08-06 15:23:27.235052+05:30,21,1
611,531854,405,453,1754474007336,2025-08-06 15:23:27.335999+05:30,21,1
612,531955,403,498,1754474007436,2025-08-06 15:23:27.436882+05:30,21,1
613,532056,400,530,1754474007537,2025-08-06 15:23:27.537592+05:30,21,1
614,532157,402,538,1754474007638,2025-08-06 15:23:27.638468+05:30,21,1
615,532257,403,538,1754474007739,2025-08-06 15:23:27.739317+05:30,21,1
616,532359,406,529,1754474007840,2025-08-06 15:23:27.840189+05:30,21,1
617,532459,408,520,1754474007941,2025-08-06 15:23:27.941028+05:30,21,1
618,532560,409,512,1754474008041,2025-08-06 15:23:28.041768+05:30,21,1
619,532661,411,506,1754474008142,2025-08-06 15:23:28.142697+05:30,21,1
620,532761,413,505,1754474008243,2025-08-06 15:23:28.243453+05:30,21,1
621,532862,415,501,1754474008344,2025-08-06 15:23:28.344336+05:30,21,1
622,532963,417,556,1754474008445,2025-08-06 15:23:28.445132+05:30,21,1
623,533064,422,527,1754474008546,2025-08-06 15:23:28.546032+05:30,21,1
624,533165,424,505,1754474008646,2025-08-06 15:23:28.646871+05:30,21,1
625,533266,425,511,1754474008747,2025-08-06 15:23:28.747809+05:30,21,1
626,533366,427,504,1754474008848,2025-08-06 15:23:28.848497+05:30,21,1
627,533468,429,512,1754474008949,2025-08-06 15:23:28.949433+05:30,21,1
628,533568,428,525,1754474009050,2025-08-06 15:23:29.050294+05:30,21,1
629,533669,430,523,1754474009151,2025-08-06 15:23:29.151312+05:30,21,1
630,533770,429,525,1754474009252,2025-08-06 15:23:29.252005+05:30,21,1
631,533871,429,515,1754474009352,2025-08-06 15:23:29.352812+05:30,21,1
632,533971,430,528,1754474009453,2025-08-06 15:23:29.453648+05:30,21,1
633,534073,430,519,1754474009554,2025-08-06 15:23:29.554415+05:30,21,1
634,534173,432,512,1754474009655,2025-08-06 15:23:29.655451+05:30,21,1
635,534275,432,518,1754474009756,2025-08-06 15:23:29.756086+05:30,21,1
636,534375,432,517,1754474009856,2025-08-06 15:23:29.856903+05:30,21,1
637,534476,434,522,1754474009957,2025-08-06 15:23:29.957690+05:30,21,1
638,534577,437,515,1754474010058,2025-08-06 15:23:30.058572+05:30,21,1
639,534677,439,528,1754474010159,2025-08-06 15:23:30.159400+05:30,21,1
640,534778,443,535,1754474010260,2025-08-06 15:23:30.260236+05:30,21,1
641,534879,447,538,1754474010361,2025-08-06 15:23:30.361049+05:30,21,1
642,534980,449,529,1754474010461,2025-08-06 15:23:30.461932+05:30,21,1
643,535080,451,527,1754474010562,2025-08-06 15:23:30.562899+05:30,21,1
644,535182,454,519,1754474010663,2025-08-06 15:23:30.663619+05:30,21,1
645,535282,454,521,1754474010764,2025-08-06 15:23:30.764482+05:30,21,1
646,535384,459,529,1754474010865,2025-08-06 15:23:30.865466+05:30,21,1
647,535484,465,523,1754474010966,2025-08-06 15:23:30.966080+05:30,21,1
648,535585,468,523,1754474011066,2025-08-06 15:23:31.066862+05:30,21,1
649,535686,471,520,1754474011167,2025-08-06 15:23:31.167814+05:30,21,1
650,535787,470,479,1754474011268,2025-08-06 15:23:31.268646+05:30,21,1
651,535887,469,505,1754474011369,2025-08-06 15:23:31.369439+05:30,21,1
652,535989,468,494,1754474011470,2025-08-06 15:23:31.470202+05:30,21,1
653,536089,467,497,1754474011571,2025-08-06 15:23:31.571206+05:30,21,1
654,536190,468,534,1754474011672,2025-08-06 15:23:31.672025+05:30,21,1
655,536291,467,505,1754474011772,2025-08-06 15:23:31.772810+05:30,21,1
656,536392,467,521,1754474011873,2025-08-06 15:23:31.873514+05:30,21,1
657,536493,468,524,1754474011974,2025-08-06 15:23:31.974337+05:30,21,1
658,536593,467,507,1754474012075,2025-08-06 15:23:32.075190+05:30,21,1
659,536694,467,511,1754474012176,2025-08-06 15:23:32.176126+05:30,21,1
660,536795,467,516,1754474012276,2025-08-06 15:23:32.276941+05:30,21,1
661,536896,465,527,1754474012377,2025-08-06 15:23:32.377835+05:30,21,1
662,536996,465,512,1754474012478,2025-08-06 15:23:32.478707+05:30,21,1
663,537098,464,510,1754474012579,2025-08-06 15:23:32.579487+05:30,21,1
664,537198,466,515,1754474012680,2025-08-06 15:23:32.680307+05:30,21,1
665,537299,464,511,1754474012781,2025-08-06 15:23:32.781158+05:30,21,1
666,537400,464,516,1754474012881,2025-08-06 15:23:32.881954+05:30,21,1
667,537501,464,518,1754474012982,2025-08-06 15:23:32.982772+05:30,21,1
668,537602,464,521,1754474013083,2025-08-06 15:23:33.083683+05:30,21,1
669,537703,468,525,1754474013184,2025-08-06 15:23:33.184619+05:30,21,1
670,537803,470,510,1754474013285,2025-08-06 15:23:33.285223+05:30,21,1
671,537905,470,518,1754474013386,2025-08-06 15:23:33.386134+05:30,21,1
672,538005,467,511,1754474013486,2025-08-06 15:23:33.486983+05:30,21,1
673,538106,466,510,1754474013587,2025-08-06 15:23:33.587808+05:30,21,1
674,538207,467,524,1754474013688,2025-08-06 15:23:33.688621+05:30,21,1
675,538308,467,514,1754474013789,2025-08-06 15:23:33.789543+05:30,21,1
676,538408,468,514,1754474013890,2025-08-06 15:23:33.890366+05:30,21,1
677,538509,467,518,1754474013991,2025-08-06 15:23:33.991179+05:30,21,1
678,538610,467,513,1754474014092,2025-08-06 15:23:34.092031+05:30,21,1
679,538711,466,499,1754474014192,2025-08-06 15:23:34.192857+05:30,21,1
680,538812,466,517,1754474014293,2025-08-06 15:23:34.293732+05:30,21,1
681,538912,467,521,1754474014394,2025-08-06 15:23:34.394508+05:30,21,1
682,539014,467,509,1754474014495,2025-08-06 15:23:34.495623+05:30,21,1
683,539114,467,521,1754474014596,2025-08-06 15:23:34.596107+05:30,21,1
684,539215,470,536,1754474014697,2025-08-06 15:23:34.697369+05:30,21,1
685,539316,469,512,1754474014797,2025-08-06 15:23:34.797899+05:30,21,1
686,539417,470,495,1754474014898,2025-08-06 15:23:34.898706+05:30,21,1
687,539517,468,517,1754474014999,2025-08-06 15:23:34.999520+05:30,21,1
688,539619,465,518,1754474015100,2025-08-06 15:23:35.100546+05:30,21,1
689,539719,465,518,1754474015201,2025-08-06 15:23:35.201279+05:30,21,1
690,539821,467,500,1754474015302,2025-08-06 15:23:35.302093+05:30,21,1
691,539921,467,507,1754474015402,2025-08-06 15:23:35.402859+05:30,21,1
692,540022,466,507,1754474015503,2025-08-06 15:23:35.503689+05:30,21,1
693,540123,465,516,1754474015604,2025-08-06 15:23:35.604572+05:30,21,1
694,540224,463,516,1754474015705,2025-08-06 15:23:35.705296+05:30,21,1
695,540324,462,513,1754474015806,2025-08-06 15:23:35.806285+05:30,21,1
696,540425,461,517,1754474015906,2025-08-06 15:23:35.906942+05:30,21,1
697,540526,461,511,1754474016007,2025-08-06 15:23:36.007899+05:30,21,1
698,540626,462,503,1754474016108,2025-08-06 15:23:36.108901+05:30,21,1
699,540728,462,507,1754474016209,2025-08-06 15:23:36.209590+05:30,21,1
700,540828,462,501,1754474016310,2025-08-06 15:23:36.310529+05:30,21,1
701,540930,461,514,1754474016411,2025-08-06 15:23:36.411543+05:30,21,1
702,541030,460,523,1754474016512,2025-08-06 15:23:36.512135+05:30,21,1
703,541131,462,528,1754474016613,2025-08-06 15:23:36.613102+05:30,21,1
704,541232,460,518,1754474016713,2025-08-06 15:23:36.713938+05:30,21,1
705,541333,461,522,1754474016814,2025-08-06 15:23:36.814724+05:30,21,1
706,541433,462,516,1754474016915,2025-08-06 15:23:36.915514+05:30,21,1
707,541535,461,535,1754474017016,2025-08-06 15:23:37.016295+05:30,21,1
708,541635,462,541,1754474017117,2025-08-06 15:23:37.117132+05:30,21,1
709,541736,462,525,1754474017217,2025-08-06 15:23:37.217958+05:30,21,1
710,541837,461,521,1754474017318,2025-08-06 15:23:37.318683+05:30,21,1
711,541938,461,513,1754474017419,2025-08-06 15:23:37.419872+05:30,21,1
712,542039,460,515,1754474017520,2025-08-06 15:23:37.520388+05:30,21,1
713,542140,460,518,1754474017621,2025-08-06 15:23:37.621285+05:30,21,1
714,542240,459,508,1754474017722,2025-08-06 15:23:37.722299+05:30,21,1
715,542341,457,509,1754474017822,2025-08-06 15:23:37.822895+05:30,21,1
716,542442,456,511,1754474017923,2025-08-06 15:23:37.923869+05:30,21,1
717,542542,457,517,1754474018024,2025-08-06 15:23:38.024585+05:30,21,1
718,542644,457,517,1754474018125,2025-08-06 15:23:38.125650+05:30,21,1
719,542744,457,517,1754474018226,2025-08-06 15:23:38.226533+05:30,21,1
720,542845,457,520,1754474018327,2025-08-06 15:23:38.327097+05:30,21,1
721,542946,457,533,1754474018427,2025-08-06 15:23:38.427971+05:30,21,1
722,543047,456,517,1754474018528,2025-08-06 15:23:38.528803+05:30,21,1
723,543148,456,505,1754474018629,2025-08-06 15:23:38.629599+05:30,21,1
724,543249,456,514,1754474018730,2025-08-06 15:23:38.730689+05:30,21,1
725,543349,456,508,1754474018831,2025-08-06 15:23:38.831328+05:30,21,1
726,543451,456,501,1754474018932,2025-08-06 15:23:38.932135+05:30,21,1
727,543551,457,545,1754474019032,2025-08-06 15:23:39.032981+05:30,21,1
728,543652,458,531,1754474019133,2025-08-06 15:23:39.133842+05:30,21,1
729,543753,458,518,1754474019234,2025-08-06 15:23:39.234651+05:30,21,1
730,543854,460,508,1754474019335,2025-08-06 15:23:39.335597+05:30,21,1
731,543954,460,505,1754474019436,2025-08-06 15:23:39.436242+05:30,21,1
732,544056,461,508,1754474019537,2025-08-06 15:23:39.537153+05:30,21,1
733,544156,464,526,1754474019638,2025-08-06 15:23:39.637993+05:30,21,1
734,544257,464,510,1754474019738,2025-08-06 15:23:39.738911+05:30,21,1
735,544358,465,515,1754474019839,2025-08-06 15:23:39.839628+05:30,21,1
736,544458,465,516,1754474019940,2025-08-06 15:23:39.940530+05:30,21,1
737,544560,466,522,1754474020041,2025-08-06 15:23:40.041352+05:30,21,1
738,544660,468,493,1754474020142,2025-08-06 15:23:40.142252+05:30,21,1
739,544761,467,512,1754474020243,2025-08-06 15:23:40.243088+05:30,21,1
740,544862,466,534,1754474020343,2025-08-06 15:23:40.343867+05:30,21,1
741,544963,464,525,1754474020444,2025-08-06 15:23:40.444682+05:30,21,1
742,545063,463,511,1754474020545,2025-08-06 15:23:40.545548+05:30,21,1
743,545165,464,516,1754474020646,2025-08-06 15:23:40.646364+05:30,21,1
744,545265,464,516,1754474020747,2025-08-06 15:23:40.747246+05:30,21,1
745,545367,462,524,1754474020848,2025-08-06 15:23:40.848060+05:30,21,1
746,545467,461,512,1754474020948,2025-08-06 15:23:40.948920+05:30,21,1
747,545568,461,517,1754474021049,2025-08-06 15:23:41.049763+05:30,21,1
748,545669,463,514,1754474021150,2025-08-06 15:23:41.150552+05:30,21,1
749,545770,461,511,1754474021251,2025-08-06 15:23:41.251395+05:30,21,1
750,545870,462,517,1754474021352,2025-08-06 15:23:41.352349+05:30,21,1
751,545972,461,524,1754474021453,2025-08-06 15:23:41.453010+05:30,21,1
752,546072,462,521,1754474021554,2025-08-06 15:23:41.554030+05:30,21,1
753,546172,461,519,1754474021654,2025-08-06 15:23:41.654755+05:30,21,1
754,546274,460,509,1754474021755,2025-08-06 15:23:41.755632+05:30,21,1
755,546374,459,519,1754474021856,2025-08-06 15:23:41.856427+05:30,21,1
756,546476,457,499,1754474021957,2025-08-06 15:23:41.957307+05:30,21,1
757,546576,458,513,1754474022058,2025-08-06 15:23:42.058025+05:30,21,1
758,546677,459,513,1754474022159,2025-08-06 15:23:42.159009+05:30,21,1
759,546778,459,509,1754474022259,2025-08-06 15:23:42.259768+05:30,21,1
760,546879,460,517,1754474022360,2025-08-06 15:23:42.360642+05:30,21,1
761,546979,460,520,1754474022461,2025-08-06 15:23:42.461396+05:30,21,1
762,547081,460,523,1754474022562,2025-08-06 15:23:42.562248+05:30,21,1
763,547181,458,516,1754474022663,2025-08-06 15:23:42.663098+05:30,21,1
764,547282,458,507,1754474022764,2025-08-06 15:23:42.764155+05:30,21,1
765,547383,458,522,1754474022864,2025-08-06 15:23:42.864839+05:30,21,1
766,547484,458,517,1754474022965,2025-08-06 15:23:42.965672+05:30,21,1
767,547585,457,515,1754474023066,2025-08-06 15:23:43.066610+05:30,21,1
768,547686,457,521,1754474023167,2025-08-06 15:23:43.167433+05:30,21,1
769,547786,457,518,1754474023268,2025-08-06 15:23:43.268206+05:30,21,1
770,547888,458,515,1754474023368,2025-08-06 15:23:43.368975+05:30,21,1
771,547988,458,519,1754474023469,2025-08-06 15:23:43.469774+05:30,21,1
772,548088,458,516,1754474023570,2025-08-06 15:23:43.570565+05:30,21,1
773,548190,457,514,1754474023671,2025-08-06 15:23:43.671470+05:30,21,1
774,548290,458,518,1754474023772,2025-08-06 15:23:43.772528+05:30,21,1
775,548391,457,524,1754474023873,2025-08-06 15:23:43.873291+05:30,21,1
776,548492,458,512,1754474023974,2025-08-06 15:23:43.974079+05:30,21,1
777,548593,456,511,1754474024075,2025-08-06 15:23:44.075060+05:30,21,1
778,548694,457,520,1754474024175,2025-08-06 15:23:44.175831+05:30,21,1
779,548795,457,514,1754474024276,2025-08-06 15:23:44.276677+05:30,21,1
780,548895,457,515,1754474024377,2025-08-06 15:23:44.377466+05:30,21,1
781,548997,457,517,1754474024478,2025-08-06 15:23:44.478328+05:30,21,1
782,549097,457,518,1754474024579,2025-08-06 15:23:44.579256+05:30,21,1
783,549198,456,518,1754474024680,2025-08-06 15:23:44.680064+05:30,21,1
784,549299,456,518,1754474024780,2025-08-06 15:23:44.780830+05:30,21,1
785,549400,456,516,1754474024881,2025-08-06 15:23:44.881681+05:30,21,1
786,549500,457,514,1754474024982,2025-08-06 15:23:44.982757+05:30,21,1
787,549602,458,514,1754474025083,2025-08-06 15:23:45.083271+05:30,21,1
788,549702,456,519,1754474025184,2025-08-06 15:23:45.184277+05:30,21,1
789,549804,459,508,1754474025285,2025-08-06 15:23:45.285099+05:30,21,1
790,549904,459,508,1754474025385,2025-08-06 15:23:45.385890+05:30,21,1
791,550004,458,516,1754474025486,2025-08-06 15:23:45.486663+05:30,21,1
792,550106,459,514,1754474025587,2025-08-06 15:23:45.587579+05:30,21,1
793,550206,460,511,1754474025688,2025-08-06 15:23:45.688403+05:30,21,1
794,550307,461,521,1754474025789,2025-08-06 15:23:45.789096+05:30,21,1
795,550408,461,514,1754474025889,2025-08-06 15:23:45.889894+05:30,21,1
796,550509,461,515,1754474025990,2025-08-06 15:23:45.990813+05:30,21,1
797,550609,462,509,1754474026091,2025-08-06 15:23:46.091644+05:30,21,1
798,550711,462,515,1754474026192,2025-08-06 15:23:46.192546+05:30,21,1
799,550811,463,520,1754474026293,2025-08-06 15:23:46.293403+05:30,21,1
800,550913,463,518,1754474026394,2025-08-06 15:23:46.394166+05:30,21,1
801,551013,463,520,1754474026494,2025-08-06 15:23:46.494965+05:30,21,1
802,551114,463,513,1754474026595,2025-08-06 15:23:46.595652+05:30,21,1
803,551215,462,510,1754474026696,2025-08-06 15:23:46.696549+05:30,21,1
804,551316,463,516,1754474026797,2025-08-06 15:23:46.797398+05:30,21,1
805,551416,464,495,1754474026898,2025-08-06 15:23:46.898239+05:30,21,1
806,551518,467,482,1754474026999,2025-08-06 15:23:46.999059+05:30,21,1
807,551618,469,526,1754474027100,2025-08-06 15:23:47.100021+05:30,21,1
808,551719,471,502,1754474027200,2025-08-06 15:23:47.200720+05:30,21,1
809,551820,470,516,1754474027301,2025-08-06 15:23:47.301645+05:30,21,1
810,551920,470,526,1754474027402,2025-08-06 15:23:47.402393+05:30,21,1
811,552022,343,869,1754474027503,2025-08-06 15:23:47.503276+05:30,21,1
812,552122,274,536,1754474027604,2025-08-06 15:23:47.604026+05:30,21,1
813,552223,248,83,1754474027704,2025-08-06 15:23:47.704885+05:30,21,1
814,552324,321,641,1754474027804,2025-08-06 15:23:47.804711+05:30,21,1
815,552425,363,492,1754474027906,2025-08-06 15:23:47.906508+05:30,21,1
816,552525,320,476,1754474028007,2025-08-06 15:23:48.007445+05:30,21,1
817,552627,279,548,1754474028108,2025-08-06 15:23:48.108174+05:30,21,1
818,552727,317,511,1754474028209,2025-08-06 15:23:48.208991+05:30,21,1
819,552828,337,490,1754474028310,2025-08-06 15:23:48.310085+05:30,21,1
820,552929,338,513,1754474028410,2025-08-06 15:23:48.410775+05:30,21,1
821,553030,338,515,1754474028511,2025-08-06 15:23:48.511523+05:30,21,1
822,553131,335,513,1754474028612,2025-08-06 15:23:48.612573+05:30,21,1
823,553232,327,517,1754474028713,2025-08-06 15:23:48.713347+05:30,21,1
824,553332,319,513,1754474028814,2025-08-06 15:23:48.814322+05:30,21,1
825,553434,315,523,1754474028915,2025-08-06 15:23:48.915280+05:30,21,1
826,553534,320,525,1754474029015,2025-08-06 15:23:49.015870+05:30,21,1
827,553634,322,511,1754474029116,2025-08-06 15:23:49.116806+05:30,21,1
828,553736,322,512,1754474029217,2025-08-06 15:23:49.217583+05:30,21,1
829,553836,319,518,1754474029318,2025-08-06 15:23:49.318433+05:30,21,1
830,553937,317,514,1754474029419,2025-08-06 15:23:49.419250+05:30,21,1
831,554038,317,517,1754474029520,2025-08-06 15:23:49.520100+05:30,21,1
832,554139,310,529,1754474029621,2025-08-06 15:23:49.620997+05:30,21,1
833,554240,310,523,1754474029721,2025-08-06 15:23:49.721779+05:30,21,1
834,554341,307,516,1754474029822,2025-08-06 15:23:49.822603+05:30,21,1
835,554441,308,515,1754474029923,2025-08-06 15:23:49.923347+05:30,21,1
836,554543,312,523,1754474030024,2025-08-06 15:23:50.024320+05:30,21,1
837,554643,313,519,1754474030125,2025-08-06 15:23:50.125076+05:30,21,1
838,554744,320,536,1754474030225,2025-08-06 15:23:50.225927+05:30,21,1
839,554845,320,523,1754474030326,2025-08-06 15:23:50.326753+05:30,21,1
840,554946,320,516,1754474030427,2025-08-06 15:23:50.427470+05:30,21,1
841,555046,315,520,1754474030528,2025-08-06 15:23:50.528634+05:30,21,1
842,555148,313,518,1754474030629,2025-08-06 15:23:50.629351+05:30,21,1
843,555248,312,516,1754474030729,2025-08-06 15:23:50.729932+05:30,21,1
844,555350,312,535,1754474030830,2025-08-06 15:23:50.830728+05:30,21,1
845,555450,308,533,1754474030931,2025-08-06 15:23:50.931579+05:30,21,1
846,555550,308,513,1754474031032,2025-08-06 15:23:51.032442+05:30,21,1
847,555652,307,516,1754474031133,2025-08-06 15:23:51.133347+05:30,21,1
848,555752,307,513,1754474031234,2025-08-06 15:23:51.234106+05:30,21,1
849,555853,305,521,1754474031335,2025-08-06 15:23:51.335010+05:30,21,1
850,555954,304,541,1754474031435,2025-08-06 15:23:51.435750+05:30,21,1
851,556055,303,517,1754474031536,2025-08-06 15:23:51.536824+05:30,21,1
852,556155,302,522,1754474031637,2025-08-06 15:23:51.637496+05:30,21,1
853,556257,301,521,1754474031738,2025-08-06 15:23:51.738253+05:30,21,1
854,556357,301,514,1754474031839,2025-08-06 15:23:51.839315+05:30,21,1
855,556459,300,528,1754474031939,2025-08-06 15:23:51.939951+05:30,21,1
856,556559,301,544,1754474032040,2025-08-06 15:23:52.040881+05:30,21,1
857,556660,306,517,1754474032141,2025-08-06 15:23:52.141691+05:30,21,1
858,556761,309,525,1754474032242,2025-08-06 15:23:52.242555+05:30,21,1
859,556862,311,516,1754474032343,2025-08-06 15:23:52.343385+05:30,21,1
860,556962,312,502,1754474032444,2025-08-06 15:23:52.444177+05:30,21,1
861,557064,310,515,1754474032545,2025-08-06 15:23:52.545028+05:30,21,1
862,557164,307,532,1754474032645,2025-08-06 15:23:52.645974+05:30,21,1
863,557265,306,510,1754474032746,2025-08-06 15:23:52.746682+05:30,21,1
864,557366,305,516,1754474032847,2025-08-06 15:23:52.847515+05:30,21,1
865,557466,304,523,1754474032948,2025-08-06 15:23:52.948290+05:30,21,1
866,557568,303,512,1754474033049,2025-08-06 15:23:53.049221+05:30,21,1
867,557668,305,525,1754474033150,2025-08-06 15:23:53.150131+05:30,21,1
868,557769,306,536,1754474033250,2025-08-06 15:23:53.250967+05:30,21,1
869,557870,306,510,1754474033351,2025-08-06 15:23:53.351774+05:30,21,1
870,557971,305,512,1754474033452,2025-08-06 15:23:53.452480+05:30,21,1
871,558071,300,508,1754474033553,2025-08-06 15:23:53.553368+05:30,21,1
872,558173,278,503,1754474033654,2025-08-06 15:23:53.654318+05:30,21,1
873,558273,272,522,1754474033755,2025-08-06 15:23:53.755159+05:30,21,1
874,558374,275,536,1754474033855,2025-08-06 15:23:53.855931+05:30,21,1
875,558475,278,519,1754474033956,2025-08-06 15:23:53.956791+05:30,21,1
876,558576,282,507,1754474034057,2025-08-06 15:23:54.057544+05:30,21,1
877,558676,285,515,1754474034158,2025-08-06 15:23:54.158392+05:30,21,1
878,558778,284,515,1754474034259,2025-08-06 15:23:54.259219+05:30,21,1
879,558878,283,510,1754474034360,2025-08-06 15:23:54.360071+05:30,21,1
880,558980,283,519,1754474034460,2025-08-06 15:23:54.460925+05:30,21,1
881,559080,282,536,1754474034561,2025-08-06 15:23:54.561845+05:30,21,1
882,559181,282,517,1754474034662,2025-08-06 15:23:54.662757+05:30,21,1
883,559282,281,511,1754474034763,2025-08-06 15:23:54.763664+05:30,21,1
884,559382,281,518,1754474034864,2025-08-06 15:23:54.864390+05:30,21,1
885,559483,278,518,1754474034965,2025-08-06 15:23:54.965420+05:30,21,1
886,559584,277,519,1754474035066,2025-08-06 15:23:55.065998+05:30,21,1
887,559685,274,525,1754474035167,2025-08-06 15:23:55.166992+05:30,21,1
888,559785,272,535,1754474035267,2025-08-06 15:23:55.267635+05:30,21,1
889,559887,271,517,1754474035368,2025-08-06 15:23:55.368384+05:30,21,1
890,559987,264,514,1754474035469,2025-08-06 15:23:55.469548+05:30,21,1
891,560089,258,510,1754474035570,2025-08-06 15:23:55.570263+05:30,21,1
892,560189,263,507,1754474035670,2025-08-06 15:23:55.670971+05:30,21,1
893,560290,280,507,1754474035771,2025-08-06 15:23:55.771894+05:30,21,1
894,560391,289,514,1754474035872,2025-08-06 15:23:55.872550+05:30,21,1
895,560492,288,541,1754474035973,2025-08-06 15:23:55.973479+05:30,21,1
896,560592,280,522,1754474036074,2025-08-06 15:23:56.074316+05:30,21,1
897,560694,274,524,1754474036175,2025-08-06 15:23:56.175164+05:30,21,1
898,560794,270,525,1754474036276,2025-08-06 15:23:56.276028+05:30,21,1
899,560896,266,520,1754474036377,2025-08-06 15:23:56.377343+05:30,21,1
900,560996,264,523,1754474036477,2025-08-06 15:23:56.477688+05:30,21,1
901,561097,265,519,1754474036578,2025-08-06 15:23:56.578686+05:30,21,1
902,561198,269,540,1754474036679,2025-08-06 15:23:56.679297+05:30,21,1
903,561298,263,536,1754474036780,2025-08-06 15:23:56.780173+05:30,21,1
904,561399,260,516,1754474036881,2025-08-06 15:23:56.881082+05:30,21,1
905,561500,258,522,1754474036981,2025-08-06 15:23:56.981753+05:30,21,1
906,561601,260,518,1754474037082,2025-08-06 15:23:57.082599+05:30,21,1
907,561701,260,512,1754474037183,2025-08-06 15:23:57.183557+05:30,21,1
908,561803,264,518,1754474037284,2025-08-06 15:23:57.284911+05:30,21,1
909,561903,263,520,1754474037385,2025-08-06 15:23:57.385138+05:30,21,1
910,562004,269,540,1754474037486,2025-08-06 15:23:57.486053+05:30,21,1
911,562105,273,519,1754474037586,2025-08-06 15:23:57.586887+05:30,21,1
912,562206,271,513,1754474037687,2025-08-06 15:23:57.687611+05:30,21,1
913,562307,273,516,1754474037788,2025-08-06 15:23:57.788675+05:30,21,1
914,562408,273,509,1754474037889,2025-08-06 15:23:57.889628+05:30,21,1
915,562508,263,501,1754474037990,2025-08-06 15:23:57.990272+05:30,21,1
916,562610,256,517,1754474038091,2025-08-06 15:23:58.091195+05:30,21,1
917,562710,254,531,1754474038191,2025-08-06 15:23:58.191928+05:30,21,1
918,562811,252,515,1754474038293,2025-08-06 15:23:58.293076+05:30,21,1
919,562912,255,513,1754474038393,2025-08-06 15:23:58.393536+05:30,21,1
920,563013,256,514,1754474038494,2025-08-06 15:23:58.494502+05:30,21,1
921,563113,258,514,1754474038595,2025-08-06 15:23:58.595384+05:30,21,1
922,563214,257,517,1754474038696,2025-08-06 15:23:58.696180+05:30,21,1
923,563315,258,521,1754474038797,2025-08-06 15:23:58.797035+05:30,21,1
924,563416,260,533,1754474038897,2025-08-06 15:23:58.897908+05:30,21,1
925,563517,260,514,1754474038998,2025-08-06 15:23:58.998662+05:30,21,1
926,563617,260,517,1754474039099,2025-08-06 15:23:59.099502+05:30,21,1
927,563719,261,519,1754474039200,2025-08-06 15:23:59.200351+05:30,21,1
928,563819,260,519,1754474039301,2025-08-06 15:23:59.301084+05:30,21,1
929,563920,263,546,1754474039402,2025-08-06 15:23:59.402027+05:30,21,1
930,564021,270,542,1754474039502,2025-08-06 15:23:59.502653+05:30,21,1
931,564122,267,508,1754474039603,2025-08-06 15:23:59.603550+05:30,21,1
932,564222,269,517,1754474039704,2025-08-06 15:23:59.704412+05:30,21,1
933,564324,270,512,1754474039805,2025-08-06 15:23:59.805222+05:30,21,1
934,564424,272,521,1754474039906,2025-08-06 15:23:59.906182+05:30,21,1
935,564526,269,510,1754474040007,2025-08-06 15:24:00.007199+05:30,21,1
936,564626,263,535,1754474040107,2025-08-06 15:24:00.107810+05:30,21,1
937,564727,261,511,1754474040208,2025-08-06 15:24:00.208814+05:30,21,1
938,564828,260,513,1754474040309,2025-08-06 15:24:00.309483+05:30,21,1
939,564929,259,519,1754474040410,2025-08-06 15:24:00.410140+05:30,21,1
940,565029,259,518,1754474040511,2025-08-06 15:24:00.511076+05:30,21,1
941,565130,260,519,1754474040612,2025-08-06 15:24:00.612192+05:30,21,1
942,565231,260,538,1754474040712,2025-08-06 15:24:00.712679+05:30,21,1
943,565331,260,521,1754474040813,2025-08-06 15:24:00.813565+05:30,21,1
944,565433,260,518,1754474040914,2025-08-06 15:24:00.914364+05:30,21,1
945,565533,260,520,1754474041015,2025-08-06 15:24:01.015283+05:30,21,1
946,565635,260,519,1754474041116,2025-08-06 15:24:01.116154+05:30,21,1
947,565735,259,523,1754474041216,2025-08-06 15:24:01.216920+05:30,21,1
948,565836,259,537,1754474041317,2025-08-06 15:24:01.317911+05:30,21,1
949,565937,260,515,1754474041418,2025-08-06 15:24:01.418672+05:30,21,1
950,566038,261,515,1754474041519,2025-08-06 15:24:01.519460+05:30,21,1
951,566138,261,521,1754474041620,2025-08-06 15:24:01.620326+05:30,21,1
952,566240,261,518,1754474041721,2025-08-06 15:24:01.721138+05:30,21,1
953,566340,260,525,1754474041821,2025-08-06 15:24:01.821930+05:30,21,1
954,566441,260,540,1754474041922,2025-08-06 15:24:01.922696+05:30,21,1
955,566542,260,514,1754474042023,2025-08-06 15:24:02.023613+05:30,21,1
956,566643,260,517,1754474042124,2025-08-06 15:24:02.124589+05:30,21,1
957,566744,260,524,1754474042225,2025-08-06 15:24:02.225272+05:30,21,1
958,566845,261,520,1754474042326,2025-08-06 15:24:02.326153+05:30,21,1
959,566945,262,525,1754474042427,2025-08-06 15:24:02.427047+05:30,21,1
960,567046,263,540,1754474042527,2025-08-06 15:24:02.527733+05:30,21,1
961,567147,264,515,1754474042628,2025-08-06 15:24:02.628617+05:30,21,1
962,567247,265,513,1754474042729,2025-08-06 15:24:02.729561+05:30,21,1
963,567349,264,517,1754474042830,2025-08-06 15:24:02.830353+05:30,21,1
964,567449,265,517,1754474042931,2025-08-06 15:24:02.931153+05:30,21,1
965,567550,264,522,1754474043031,2025-08-06 15:24:03.031919+05:30,21,1
966,567651,265,530,1754474043132,2025-08-06 15:24:03.132771+05:30,21,1
967,567752,266,537,1754474043233,2025-08-06 15:24:03.233628+05:30,21,1
968,567853,266,511,1754474043334,2025-08-06 15:24:03.334501+05:30,21,1
969,567954,265,520,1754474043435,2025-08-06 15:24:03.435269+05:30,21,1
970,568054,273,532,1754474043536,2025-08-06 15:24:03.536426+05:30,21,1
971,568156,271,488,1754474043637,2025-08-06 15:24:03.637017+05:30,21,1
972,568256,264,526,1754474043737,2025-08-06 15:24:03.737787+05:30,21,1
973,568357,261,542,1754474043838,2025-08-06 15:24:03.838695+05:30,21,1
974,568458,260,526,1754474043939,2025-08-06 15:24:03.939572+05:30,21,1
975,568559,259,515,1754474044040,2025-08-06 15:24:04.040342+05:30,21,1
976,568659,259,526,1754474044141,2025-08-06 15:24:04.141199+05:30,21,1
977,568761,261,521,1754474044242,2025-08-06 15:24:04.242029+05:30,21,1
978,568861,261,510,1754474044342,2025-08-06 15:24:04.342792+05:30,21,1
979,568962,262,479,1754474044443,2025-08-06 15:24:04.443609+05:30,21,1
980,569063,272,525,1754474044544,2025-08-06 15:24:04.544496+05:30,21,1
981,569163,277,527,1754474044645,2025-08-06 15:24:04.645283+05:30,21,1
982,569265,283,519,1754474044746,2025-08-06 15:24:04.746171+05:30,21,1
983,569365,280,508,1754474044847,2025-08-06 15:24:04.847284+05:30,21,1
984,569466,285,514,1754474044948,2025-08-06 15:24:04.947996+05:30,21,1
985,569567,281,532,1754474045048,2025-08-06 15:24:05.048811+05:30,21,1
986,569668,272,532,1754474045149,2025-08-06 15:24:05.149631+05:30,21,1
987,569768,269,525,1754474045250,2025-08-06 15:24:05.250487+05:30,21,1
988,569870,268,546,1754474045351,2025-08-06 15:24:05.351370+05:30,21,1
989,569970,270,540,1754474045452,2025-08-06 15:24:05.452195+05:30,21,1
990,570072,284,530,1754474045553,2025-08-06 15:24:05.553122+05:30,21,1
991,570172,293,531,1754474045654,2025-08-06 15:24:05.653979+05:30,21,1
992,570273,288,514,1754474045754,2025-08-06 15:24:05.754668+05:30,21,1
993,570374,297,509,1754474045855,2025-08-06 15:24:05.855643+05:30,21,1
994,570475,304,519,1754474045956,2025-08-06 15:24:05.956406+05:30,21,1
995,570575,308,521,1754474046057,2025-08-06 15:24:06.057101+05:30,21,1
996,570677,309,520,1754474046158,2025-08-06 15:24:06.158397+05:30,21,1
997,570777,309,519,1754474046258,2025-08-06 15:24:06.258949+05:30,21,1
998,570877,308,525,1754474046359,2025-08-06 15:24:06.359766+05:30,21,1
999,570979,303,523,1754474046460,2025-08-06 15:24:06.460403+05:30,21,1
1000,571079,304,518,1754474046561,2025-08-06 15:24:06.561209+05:30,21,1
1001,571181,306,519,1754474046662,2025-08-06 15:24:06.662063+05:30,21,1
1002,571281,306,521,1754474046762,2025-08-06 15:24:06.762964+05:30,21,1
1003,571382,308,522,1754474046864,2025-08-06 15:24:06.864013+05:30,21,1
1004,571483,308,522,1754474046964,2025-08-06 15:24:06.964825+05:30,21,1
1005,571584,304,526,1754474047065,2025-08-06 15:24:07.065678+05:30,21,1
1006,571684,305,517,1754474047166,2025-08-06 15:24:07.166399+05:30,21,1
1007,571786,307,523,1754474047267,2025-08-06 15:24:07.267188+05:30,21,1
1008,571886,310,524,1754474047367,2025-08-06 15:24:07.367983+05:30,21,1
1009,571987,313,524,1754474047469,2025-08-06 15:24:07.469114+05:30,21,1
1010,572088,315,523,1754474047569,2025-08-06 15:24:07.569945+05:30,21,1
1011,572189,314,530,1754474047670,2025-08-06 15:24:07.670341+05:30,21,1
1012,572290,314,526,1754474047771,2025-08-06 15:24:07.771271+05:30,21,1
1013,572391,315,517,1754474047872,2025-08-06 15:24:07.872101+05:30,21,1
1014,572491,317,519,1754474047972,2025-08-06 15:24:07.972940+05:30,21,1
1015,572593,318,521,1754474048073,2025-08-06 15:24:08.073709+05:30,21,1
1016,572693,320,521,1754474048174,2025-08-06 15:24:08.174600+05:30,21,1
1017,572793,315,526,1754474048275,2025-08-06 15:24:08.275362+05:30,21,1
1018,572895,298,535,1754474048376,2025-08-06 15:24:08.376237+05:30,21,1
1019,572995,288,528,1754474048477,2025-08-06 15:24:08.477079+05:30,21,1
1020,573096,283,525,1754474048578,2025-08-06 15:24:08.577995+05:30,21,1
1021,573197,282,530,1754474048678,2025-08-06 15:24:08.678797+05:30,21,1
1022,573298,281,529,1754474048779,2025-08-06 15:24:08.779847+05:30,21,1
1023,573399,283,527,1754474048880,2025-08-06 15:24:08.880559+05:30,21,1
1024,573500,283,540,1754474048981,2025-08-06 15:24:08.981374+05:30,21,1
1025,573600,282,529,1754474049082,2025-08-06 15:24:09.082294+05:30,21,1
1026,573702,279,515,1754474049183,2025-08-06 15:24:09.183134+05:30,21,1
1027,573802,275,522,1754474049284,2025-08-06 15:24:09.284082+05:30,21,1
1028,573903,271,519,1754474049384,2025-08-06 15:24:09.384832+05:30,21,1
1029,574004,268,518,1754474049485,2025-08-06 15:24:09.485446+05:30,21,1
1030,574105,265,544,1754474049586,2025-08-06 15:24:09.586320+05:30,21,1
1031,574205,265,522,1754474049687,2025-08-06 15:24:09.687093+05:30,21,1
1032,574307,264,519,1754474049788,2025-08-06 15:24:09.787988+05:30,21,1
1033,574407,266,521,1754474049888,2025-08-06 15:24:09.888766+05:30,21,1
1034,574509,262,517,1754474049989,2025-08-06 15:24:09.989625+05:30,21,1
1035,574609,260,537,1754474050090,2025-08-06 15:24:10.090574+05:30,21,1
1036,574709,260,529,1754474050191,2025-08-06 15:24:10.191446+05:30,21,1
1037,574811,261,519,1754474050292,2025-08-06 15:24:10.292126+05:30,21,1
1038,574911,263,528,1754474050392,2025-08-06 15:24:10.392980+05:30,21,1
1039,575012,265,518,1754474050493,2025-08-06 15:24:10.493885+05:30,21,1
1040,575113,268,525,1754474050594,2025-08-06 15:24:10.594825+05:30,21,1
1041,575214,268,546,1754474050695,2025-08-06 15:24:10.695470+05:30,21,1
1042,575314,267,520,1754474050796,2025-08-06 15:24:10.796335+05:30,21,1
1043,575416,265,513,1754474050897,2025-08-06 15:24:10.897145+05:30,21,1
1044,575516,261,523,1754474050998,2025-08-06 15:24:10.998099+05:30,21,1
1045,575618,258,525,1754474051098,2025-08-06 15:24:11.098800+05:30,21,1
1046,575718,254,518,1754474051199,2025-08-06 15:24:11.199642+05:30,21,1
1047,575819,249,545,1754474051300,2025-08-06 15:24:11.300535+05:30,21,1
1048,575920,246,524,1754474051401,2025-08-06 15:24:11.401353+05:30,21,1
1049,576021,243,513,1754474051502,2025-08-06 15:24:11.502184+05:30,21,1
1050,576121,240,532,1754474051603,2025-08-06 15:24:11.603127+05:30,21,1
1051,576223,240,521,1754474051703,2025-08-06 15:24:11.703857+05:30,21,1
1052,576323,236,517,1754474051804,2025-08-06 15:24:11.804647+05:30,21,1
1053,576424,236,532,1754474051905,2025-08-06 15:24:11.905520+05:30,21,1
1054,576525,234,519,1754474052006,2025-08-06 15:24:12.006388+05:30,21,1
1055,576625,233,521,1754474052107,2025-08-06 15:24:12.107211+05:30,21,1
1056,576727,233,540,1754474052208,2025-08-06 15:24:12.208086+05:30,21,1
1057,576827,231,531,1754474052308,2025-08-06 15:24:12.308928+05:30,21,1
1058,576928,232,523,1754474052409,2025-08-06 15:24:12.409708+05:30,21,1
1059,577029,235,517,1754474052510,2025-08-06 15:24:12.510846+05:30,21,1
1060,577130,237,519,1754474052611,2025-08-06 15:24:12.611450+05:30,21,1
1061,577230,239,520,1754474052712,2025-08-06 15:24:12.712294+05:30,21,1
1062,577332,236,516,1754474052813,2025-08-06 15:24:12.813107+05:30,21,1
1063,577432,235,521,1754474052913,2025-08-06 15:24:12.913925+05:30,21,1
1064,577533,234,522,1754474053014,2025-08-06 15:24:13.014730+05:30,21,1
1065,577634,234,520,1754474053115,2025-08-06 15:24:13.115561+05:30,21,1
1066,577735,236,540,1754474053216,2025-08-06 15:24:13.216429+05:30,21,1
1067,577836,237,521,1754474053317,2025-08-06 15:24:13.317256+05:30,21,1
1068,577937,241,522,1754474053418,2025-08-06 15:24:13.418109+05:30,21,1
1069,578037,242,524,1754474053518,2025-08-06 15:24:13.518960+05:30,21,1
1070,578139,245,521,1754474053619,2025-08-06 15:24:13.619859+05:30,21,1
1071,578239,246,524,1754474053720,2025-08-06 15:24:13.720599+05:30,21,1
1072,578340,249,534,1754474053821,2025-08-06 15:24:13.821404+05:30,21,1
1073,578441,251,526,1754474053922,2025-08-06 15:24:13.922478+05:30,21,1
1074,578541,252,522,1754474054023,2025-08-06 15:24:14.023389+05:30,21,1
1075,578642,254,520,1754474054124,2025-08-06 15:24:14.124122+05:30,21,1
1076,578743,254,523,1754474054225,2025-08-06 15:24:14.225064+05:30,21,1
1077,578844,255,521,1754474054325,2025-08-06 15:24:14.325818+05:30,21,1
1078,578945,256,518,1754474054426,2025-08-06 15:24:14.426509+05:30,21,1
1079,579046,258,533,1754474054527,2025-08-06 15:24:14.527296+05:30,21,1
1080,579146,260,518,1754474054628,2025-08-06 15:24:14.628212+05:30,21,1
1081,579248,265,512,1754474054729,2025-08-06 15:24:14.728992+05:30,21,1
1082,579348,249,510,1754474054829,2025-08-06 15:24:14.829807+05:30,21,1
1083,579449,248,523,1754474054930,2025-08-06 15:24:14.930704+05:30,21,1
1084,579550,249,515,1754474055031,2025-08-06 15:24:15.031501+05:30,21,1
1085,579651,249,515,1754474055132,2025-08-06 15:24:15.132283+05:30,21,1
1086,579751,247,532,1754474055233,2025-08-06 15:24:15.233128+05:30,21,1
1087,579853,245,521,1754474055334,2025-08-06 15:24:15.334037+05:30,21,1
1088,579953,246,516,1754474055434,2025-08-06 15:24:15.434851+05:30,21,1
1089,580055,244,508,1754474055535,2025-08-06 15:24:15.535740+05:30,21,1
1090,580155,257,542,1754474055636,2025-08-06 15:24:15.636496+05:30,21,1
1091,580255,266,520,1754474055737,2025-08-06 15:24:15.737380+05:30,21,1
1092,580357,265,515,1754474055838,2025-08-06 15:24:15.838164+05:30,21,1
1093,580457,261,526,1754474055939,2025-08-06 15:24:15.938990+05:30,21,1
1094,580558,263,522,1754474056039,2025-08-06 15:24:16.039831+05:30,21,1
1095,580659,267,519,1754474056140,2025-08-06 15:24:16.140684+05:30,21,1
1096,580760,261,516,1754474056241,2025-08-06 15:24:16.241502+05:30,21,1
1097,580860,258,513,1754474056342,2025-08-06 15:24:16.342340+05:30,21,1
1098,580962,258,508,1754474056443,2025-08-06 15:24:16.443173+05:30,21,1
1099,581062,257,527,1754474056543,2025-08-06 15:24:16.543962+05:30,21,1
1100,581164,258,537,1754474056644,2025-08-06 15:24:16.644911+05:30,21,1
1101,581264,259,516,1754474056745,2025-08-06 15:24:16.745711+05:30,21,1
1102,581365,260,517,1754474056846,2025-08-06 15:24:16.846555+05:30,21,1
1103,581466,260,518,1754474056947,2025-08-06 15:24:16.947442+05:30,21,1
1104,581567,262,517,1754474057048,2025-08-06 15:24:17.048206+05:30,21,1
1105,581667,266,522,1754474057149,2025-08-06 15:24:17.149064+05:30,21,1
1106,581769,270,518,1754474057250,2025-08-06 15:24:17.250011+05:30,21,1
1107,581869,269,516,1754474057350,2025-08-06 15:24:17.350676+05:30,21,1
1108,581970,266,532,1754474057451,2025-08-06 15:24:17.451566+05:30,21,1
1109,582071,264,511,1754474057552,2025-08-06 15:24:17.552396+05:30,21,1
1110,582171,265,501,1754474057653,2025-08-06 15:24:17.653184+05:30,21,1
1111,582273,269,517,1754474057754,2025-08-06 15:24:17.754130+05:30,21,1
1112,582373,265,523,1754474057854,2025-08-06 15:24:17.854954+05:30,21,1
1113,582474,263,518,1754474057955,2025-08-06 15:24:17.955847+05:30,21,1
1114,582575,264,512,1754474058056,2025-08-06 15:24:18.056869+05:30,21,1
1115,582676,264,530,1754474058157,2025-08-06 15:24:18.157611+05:30,21,1
1116,582776,263,528,1754474058258,2025-08-06 15:24:18.258481+05:30,21,1
1117,582878,261,522,1754474058359,2025-08-06 15:24:18.359128+05:30,21,1
1118,582978,260,527,1754474058460,2025-08-06 15:24:18.460115+05:30,21,1
1119,583079,267,522,1754474058561,2025-08-06 15:24:18.561160+05:30,21,1
1120,583180,275,521,1754474058661,2025-08-06 15:24:18.661584+05:30,21,1
1121,583281,281,516,1754474058762,2025-08-06 15:24:18.762379+05:30,21,1
1122,583382,283,534,1754474058863,2025-08-06 15:24:18.863303+05:30,21,1
1123,583483,283,518,1754474058964,2025-08-06 15:24:18.964250+05:30,21,1
1124,583583,283,512,1754474059064,2025-08-06 15:24:19.064958+05:30,21,1
1125,583685,280,516,1754474059165,2025-08-06 15:24:19.165901+05:30,21,1
1126,583785,279,515,1754474059266,2025-08-06 15:24:19.266730+05:30,21,1
1127,583886,280,515,1754474059367,2025-08-06 15:24:19.367609+05:30,21,1
1128,583987,279,531,1754474059468,2025-08-06 15:24:19.468464+05:30,21,1
1129,584087,278,539,1754474059569,2025-08-06 15:24:19.569162+05:30,21,1
1130,584188,277,505,1754474059670,2025-08-06 15:24:19.670162+05:30,21,1
1131,584289,277,511,1754474059770,2025-08-06 15:24:19.770848+05:30,21,1
1132,584390,274,519,1754474059871,2025-08-06 15:24:19.871580+05:30,21,1
1133,584491,274,517,1754474059972,2025-08-06 15:24:19.972437+05:30,21,1
1134,584592,271,517,1754474060073,2025-08-06 15:24:20.073318+05:30,21,1
1135,584692,270,533,1754474060174,2025-08-06 15:24:20.174447+05:30,21,1
1136,584794,270,516,1754474060275,2025-08-06 15:24:20.275027+05:30,21,1
1137,584894,276,522,1754474060375,2025-08-06 15:24:20.375894+05:30,21,1
1138,584995,279,528,1754474060476,2025-08-06 15:24:20.476801+05:30,21,1
1139,585096,283,484,1754474060577,2025-08-06 15:24:20.577642+05:30,21,1
1140,585197,229,515,1754474060678,2025-08-06 15:24:20.678302+05:30,21,1
1141,585297,253,552,1754474060779,2025-08-06 15:24:20.779103+05:30,21,1
1142,585399,271,523,1754474060879,2025-08-06 15:24:20.879949+05:30,21,1
1143,585499,281,496,1754474060980,2025-08-06 15:24:20.980868+05:30,21,1
1144,585601,270,511,1754474061081,2025-08-06 15:24:21.081693+05:30,21,1
1145,585701,265,523,1754474061182,2025-08-06 15:24:21.182471+05:30,21,1
1146,585802,251,527,1754474061283,2025-08-06 15:24:21.283301+05:30,21,1
1147,585903,245,540,1754474061384,2025-08-06 15:24:21.384171+05:30,21,1
1148,586003,245,553,1754474061485,2025-08-06 15:24:21.485075+05:30,21,1
1149,586104,242,533,1754474061585,2025-08-06 15:24:21.585782+05:30,21,1
1150,586205,250,504,1754474061686,2025-08-06 15:24:21.686627+05:30,21,1
1151,586306,257,509,1754474061787,2025-08-06 15:24:21.787442+05:30,21,1
1152,586406,260,517,1754474061888,2025-08-06 15:24:21.888295+05:30,21,1
1153,586508,261,515,1754474061989,2025-08-06 15:24:21.989218+05:30,21,1
1154,586608,263,514,1754474062089,2025-08-06 15:24:22.089955+05:30,21,1
1155,586710,267,534,1754474062190,2025-08-06 15:24:22.190831+05:30,21,1
1156,586810,268,517,1754474062291,2025-08-06 15:24:22.291693+05:30,21,1
1157,586911,270,514,1754474062392,2025-08-06 15:24:22.392441+05:30,21,1
1158,587012,272,510,1754474062493,2025-08-06 15:24:22.493450+05:30,21,1
1159,587113,274,517,1754474062594,2025-08-06 15:24:22.594335+05:30,21,1
1160,587213,275,520,1754474062695,2025-08-06 15:24:22.695043+05:30,21,1
1161,587315,280,520,1754474062795,2025-08-06 15:24:22.795917+05:30,21,1
1162,587415,282,526,1754474062896,2025-08-06 15:24:22.896787+05:30,21,1
1163,587516,264,528,1754474062997,2025-08-06 15:24:22.997628+05:30,21,1
1164,587617,262,516,1754474063098,2025-08-06 15:24:23.098345+05:30,21,1
1165,587718,268,516,1754474063199,2025-08-06 15:24:23.199309+05:30,21,1
1166,587819,270,519,1754474063300,2025-08-06 15:24:23.300014+05:30,21,1
1167,587919,270,525,1754474063400,2025-08-06 15:24:23.400872+05:30,21,1
1168,588020,278,536,1754474063501,2025-08-06 15:24:23.501791+05:30,21,1
1169,588121,292,526,1754474063602,2025-08-06 15:24:23.602631+05:30,21,1
1170,588222,300,527,1754474063703,2025-08-06 15:24:23.703375+05:30,21,1
1171,588322,305,520,1754474063804,2025-08-06 15:24:23.804223+05:30,21,1
1172,588424,286,515,1754474063905,2025-08-06 15:24:23.905076+05:30,21,1
1173,588524,261,520,1754474064006,2025-08-06 15:24:24.006080+05:30,21,1
1174,588625,246,536,1754474064106,2025-08-06 15:24:24.106787+05:30,21,1
1175,588726,241,527,1754474064207,2025-08-06 15:24:24.207534+05:30,21,1
1176,588827,240,522,1754474064308,2025-08-06 15:24:24.308433+05:30,21,1
1177,588928,240,526,1754474064409,2025-08-06 15:24:24.409263+05:30,21,1
1178,589029,239,521,1754474064510,2025-08-06 15:24:24.510117+05:30,21,1
1179,589129,239,523,1754474064610,2025-08-06 15:24:24.610965+05:30,21,1
1180,589231,238,534,1754474064711,2025-08-06 15:24:24.711777+05:30,21,1
1181,589331,237,527,1754474064812,2025-08-06 15:24:24.812522+05:30,21,1
1182,589432,236,521,1754474064913,2025-08-06 15:24:24.913398+05:30,21,1
1183,589533,236,523,1754474065014,2025-08-06 15:24:25.014210+05:30,21,1
1184,589634,234,523,1754474065115,2025-08-06 15:24:25.115108+05:30,21,1
1185,589734,233,521,1754474065215,2025-08-06 15:24:25.215929+05:30,21,1
1186,589835,231,536,1754474065316,2025-08-06 15:24:25.316784+05:30,21,1
1187,589936,230,526,1754474065417,2025-08-06 15:24:25.417551+05:30,21,1
1188,590036,229,521,1754474065518,2025-08-06 15:24:25.518693+05:30,21,1
1189,590138,227,524,1754474065619,2025-08-06 15:24:25.619372+05:30,21,1
1190,590238,226,521,1754474065720,2025-08-06 15:24:25.720129+05:30,21,1
1191,590340,223,532,1754474065820,2025-08-06 15:24:25.820893+05:30,21,1
1192,590440,220,531,1754474065922,2025-08-06 15:24:25.921985+05:30,21,1
1193,590541,218,521,1754474066022,2025-08-06 15:24:26.022728+05:30,21,1
1194,590642,215,522,1754474066123,2025-08-06 15:24:26.123618+05:30,21,1
1195,590743,212,522,1754474066224,2025-08-06 15:24:26.224607+05:30,21,1
1196,590843,209,517,1754474066325,2025-08-06 15:24:26.325440+05:30,21,1
1197,590945,204,542,1754474066426,2025-08-06 15:24:26.426183+05:30,21,1
1198,591045,201,524,1754474066527,2025-08-06 15:24:26.527003+05:30,21,1
1199,591147,197,518,1754474066627,2025-08-06 15:24:26.627862+05:30,21,1
1200,591247,196,530,1754474066728,2025-08-06 15:24:26.728375+05:30,21,1
1201,591348,217,529,1754474066829,2025-08-06 15:24:26.829322+05:30,21,1
1202,591449,218,507,1754474066930,2025-08-06 15:24:26.930205+05:30,21,1
1203,591550,219,536,1754474067031,2025-08-06 15:24:27.031229+05:30,21,1
1204,591650,221,519,1754474067132,2025-08-06 15:24:27.132026+05:30,21,1
1205,591751,222,518,1754474067233,2025-08-06 15:24:27.233162+05:30,21,1
1206,591852,222,524,1754474067333,2025-08-06 15:24:27.333791+05:30,21,1
1207,591952,223,518,1754474067434,2025-08-06 15:24:27.434600+05:30,21,1
1208,592054,221,524,1754474067535,2025-08-06 15:24:27.535411+05:30,21,1
1209,592154,222,534,1754474067636,2025-08-06 15:24:27.636329+05:30,21,1
1210,592256,223,521,1754474067737,2025-08-06 15:24:27.737106+05:30,21,1
1211,592356,221,517,1754474067837,2025-08-06 15:24:27.837932+05:30,21,1
1212,592457,221,524,1754474067938,2025-08-06 15:24:27.938642+05:30,21,1
1213,592558,221,518,1754474068039,2025-08-06 15:24:28.039500+05:30,21,1
1214,592659,219,517,1754474068140,2025-08-06 15:24:28.140390+05:30,21,1
1215,592759,220,533,1754474068241,2025-08-06 15:24:28.241176+05:30,21,1
1216,592861,220,521,1754474068342,2025-08-06 15:24:28.342264+05:30,21,1
1217,592961,220,517,1754474068443,2025-08-06 15:24:28.443045+05:30,21,1
1218,593062,221,522,1754474068543,2025-08-06 15:24:28.543744+05:30,21,1
1219,593163,221,521,1754474068644,2025-08-06 15:24:28.644444+05:30,21,1
1220,593264,222,519,1754474068745,2025-08-06 15:24:28.745226+05:30,21,1
1221,593364,224,535,1754474068846,2025-08-06 15:24:28.846012+05:30,21,1
1222,593466,227,517,1754474068947,2025-08-06 15:24:28.947279+05:30,21,1
1223,593566,230,517,1754474069048,2025-08-06 15:24:29.048005+05:30,21,1
1224,593667,246,522,1754474069148,2025-08-06 15:24:29.148886+05:30,21,1
1225,593768,257,512,1754474069249,2025-08-06 15:24:29.249392+05:30,21,1
1226,593868,264,516,1754474069350,2025-08-06 15:24:29.350263+05:30,21,1
1227,593970,269,520,1754474069451,2025-08-06 15:24:29.451122+05:30,21,1
1228,594070,269,526,1754474069551,2025-08-06 15:24:29.551947+05:30,21,1
1229,594171,266,517,1754474069652,2025-08-06 15:24:29.652726+05:30,21,1
1230,594272,267,522,1754474069753,2025-08-06 15:24:29.753578+05:30,21,1
1231,594373,268,521,1754474069854,2025-08-06 15:24:29.854464+05:30,21,1
1232,594473,272,520,1754474069955,2025-08-06 15:24:29.955214+05:30,21,1
1233,594575,282,525,1754474070056,2025-08-06 15:24:30.056114+05:30,21,1
1234,594675,292,525,1754474070157,2025-08-06 15:24:30.157214+05:30,21,1
1235,594777,296,524,1754474070257,2025-08-06 15:24:30.257757+05:30,21,1
1236,594877,289,518,1754474070358,2025-08-06 15:24:30.358683+05:30,21,1
1237,594978,285,520,1754474070459,2025-08-06 15:24:30.459630+05:30,21,1
1238,595079,286,524,1754474070560,2025-08-06 15:24:30.560528+05:30,21,1
1239,595180,282,543,1754474070661,2025-08-06 15:24:30.661228+05:30,21,1
1240,595280,276,536,1754474070762,2025-08-06 15:24:30.762203+05:30,21,1
1241,595382,263,526,1754474070863,2025-08-06 15:24:30.862999+05:30,21,1
1242,595482,245,509,1754474070963,2025-08-06 15:24:30.963804+05:30,21,1
1243,595582,229,528,1754474071064,2025-08-06 15:24:31.064420+05:30,21,1
1244,595684,224,523,1754474071165,2025-08-06 15:24:31.165372+05:30,21,1
1245,595784,223,529,1754474071266,2025-08-06 15:24:31.266101+05:30,21,1
1246,595886,239,553,1754474071366,2025-08-06 15:24:31.366917+05:30,21,1
1247,595986,248,526,1754474071467,2025-08-06 15:24:31.467975+05:30,21,1
1248,596087,243,523,1754474071568,2025-08-06 15:24:31.568906+05:30,21,1
1249,596188,234,526,1754474071669,2025-08-06 15:24:31.669639+05:30,21,1
1250,596289,219,524,1754474071770,2025-08-06 15:24:31.770414+05:30,21,1
1251,596389,212,518,1754474071871,2025-08-06 15:24:31.871204+05:30,21,1
1252,596491,215,524,1754474071972,2025-08-06 15:24:31.972266+05:30,21,1
1253,596591,215,522,1754474072073,2025-08-06 15:24:32.073067+05:30,21,1
1254,596692,212,541,1754474072174,2025-08-06 15:24:32.173969+05:30,21,1
1255,596793,210,523,1754474072274,2025-08-06 15:24:32.274651+05:30,21,1
1256,596894,209,522,1754474072375,2025-08-06 15:24:32.375453+05:30,21,1
1257,596995,210,525,1754474072476,2025-08-06 15:24:32.476285+05:30,21,1
1258,597096,208,518,1754474072577,2025-08-06 15:24:32.577205+05:30,21,1
1259,597196,206,521,1754474072678,2025-08-06 15:24:32.678122+05:30,21,1
1260,597298,205,526,1754474072778,2025-08-06 15:24:32.778877+05:30,21,1
1261,597398,204,531,1754474072880,2025-08-06 15:24:32.880003+05:30,21,1
1262,597498,204,517,1754474072980,2025-08-06 15:24:32.980540+05:30,21,1
1263,597600,204,518,1754474073081,2025-08-06 15:24:33.081316+05:30,21,1
1264,597700,203,524,1754474073182,2025-08-06 15:24:33.182065+05:30,21,1
1265,597801,202,521,1754474073282,2025-08-06 15:24:33.282884+05:30,21,1
1266,597902,202,521,1754474073383,2025-08-06 15:24:33.383660+05:30,21,1
1267,598003,201,524,1754474073484,2025-08-06 15:24:33.484680+05:30,21,1
1268,598104,201,524,1754474073585,2025-08-06 15:24:33.585350+05:30,21,1
1269,598205,202,514,1754474073686,2025-08-06 15:24:33.686109+05:30,21,1
1270,598305,203,521,1754474073787,2025-08-06 15:24:33.786998+05:30,21,1
1271,598407,202,522,1754474073887,2025-08-06 15:24:33.887840+05:30,21,1
1272,598507,204,521,1754474073988,2025-08-06 15:24:33.988881+05:30,21,1
1273,598608,205,524,1754474074089,2025-08-06 15:24:34.089627+05:30,21,1
1274,598709,209,540,1754474074190,2025-08-06 15:24:34.190562+05:30,21,1
1275,598810,214,532,1754474074291,2025-08-06 15:24:34.291446+05:30,21,1
1276,598910,217,519,1754474074392,2025-08-06 15:24:34.392372+05:30,21,1
1277,599012,217,521,1754474074492,2025-08-06 15:24:34.492864+05:30,21,1
1278,599112,218,518,1754474074594,2025-08-06 15:24:34.594002+05:30,21,1
1279,599214,219,520,1754474074694,2025-08-06 15:24:34.694951+05:30,21,1
1280,599314,220,535,1754474074795,2025-08-06 15:24:34.795711+05:30,21,1
1281,599414,222,523,1754474074896,2025-08-06 15:24:34.896335+05:30,21,1
1282,599516,222,516,1754474074997,2025-08-06 15:24:34.997368+05:30,21,1
1283,599616,222,519,1754474075098,2025-08-06 15:24:35.098001+05:30,21,1
1284,599717,223,521,1754474075199,2025-08-06 15:24:35.199030+05:30,21,1
1285,599818,223,513,1754474075299,2025-08-06 15:24:35.299647+05:30,21,1
1286,599919,222,539,1754474075400,2025-08-06 15:24:35.400561+05:30,21,1
1287,600019,222,522,1754474075501,2025-08-06 15:24:35.501477+05:30,21,1
1288,600121,222,513,1754474075602,2025-08-06 15:24:35.602100+05:30,21,1
1289,600221,220,521,1754474075702,2025-08-06 15:24:35.702887+05:30,21,1
1290,600323,219,523,1754474075803,2025-08-06 15:24:35.803826+05:30,21,1
1291,600423,217,520,1754474075904,2025-08-06 15:24:35.904510+05:30,21,1
1292,600524,212,536,1754474076005,2025-08-06 15:24:36.005417+05:30,21,1
1293,600625,211,522,1754474076106,2025-08-06 15:24:36.106212+05:30,21,1
1294,600726,210,515,1754474076207,2025-08-06 15:24:36.207125+05:30,21,1
1295,600826,205,520,1754474076307,2025-08-06 15:24:36.307857+05:30,21,1
1296,600928,204,521,1754474076408,2025-08-06 15:24:36.408789+05:30,21,1
1297,601028,207,527,1754474076509,2025-08-06 15:24:36.509642+05:30,21,1
1298,601129,208,528,1754474076610,2025-08-06 15:24:36.610365+05:30,21,1
1299,601230,209,519,1754474076711,2025-08-06 15:24:36.711264+05:30,21,1
1300,601330,212,520,1754474076812,2025-08-06 15:24:36.812185+05:30,21,1
1301,601432,220,517,1754474076913,2025-08-06 15:24:36.913144+05:30,21,1
1302,601532,228,535,1754474077013,2025-08-06 15:24:37.013880+05:30,21,1
1303,601633,225,532,1754474077114,2025-08-06 15:24:37.114664+05:30,21,1
1304,601734,242,528,1754474077215,2025-08-06 15:24:37.215445+05:30,21,1
1305,601835,252,514,1754474077316,2025-08-06 15:24:37.316311+05:30,21,1
1306,601935,263,516,1754474077417,2025-08-06 15:24:37.417255+05:30,21,1
1307,602037,267,515,1754474077518,2025-08-06 15:24:37.518256+05:30,21,1
1308,602137,265,512,1754474077619,2025-08-06 15:24:37.619038+05:30,21,1
1309,602238,264,535,1754474077719,2025-08-06 15:24:37.719875+05:30,21,1
1310,602339,266,520,1754474077820,2025-08-06 15:24:37.820501+05:30,21,1
1311,602440,267,516,1754474077921,2025-08-06 15:24:37.921626+05:30,21,1
1312,602541,271,519,1754474078022,2025-08-06 15:24:38.022439+05:30,21,1
1313,602642,268,516,1754474078123,2025-08-06 15:24:38.123205+05:30,21,1
1314,602742,264,520,1754474078223,2025-08-06 15:24:38.223903+05:30,21,1
1315,602844,261,533,1754474078324,2025-08-06 15:24:38.324579+05:30,21,1
1316,602944,261,518,1754474078425,2025-08-06 15:24:38.425495+05:30,21,1
1317,603045,260,518,1754474078526,2025-08-06 15:24:38.526256+05:30,21,1
1318,603146,258,521,1754474078627,2025-08-06 15:24:38.627173+05:30,21,1
1319,603246,257,517,1754474078727,2025-08-06 15:24:38.727944+05:30,21,1
1320,603347,256,534,1754474078828,2025-08-06 15:24:38.828736+05:30,21,1
1321,603448,256,526,1754474078929,2025-08-06 15:24:38.929814+05:30,21,1
1322,603549,252,513,1754474079030,2025-08-06 15:24:39.030503+05:30,21,1
1323,603650,249,516,1754474079131,2025-08-06 15:24:39.131428+05:30,21,1
1324,603751,244,525,1754474079232,2025-08-06 15:24:39.232311+05:30,21,1
1325,603851,239,520,1754474079333,2025-08-06 15:24:39.333126+05:30,21,1
1326,603953,235,536,1754474079433,2025-08-06 15:24:39.433930+05:30,21,1
1327,604053,231,517,1754474079534,2025-08-06 15:24:39.534743+05:30,21,1
1328,604154,228,517,1754474079635,2025-08-06 15:24:39.635637+05:30,21,1
1329,604255,222,521,1754474079736,2025-08-06 15:24:39.736443+05:30,21,1
1330,604356,218,516,1754474079837,2025-08-06 15:24:39.837230+05:30,21,1
1331,604456,213,529,1754474079938,2025-08-06 15:24:39.938081+05:30,21,1
1332,604558,211,523,1754474080039,2025-08-06 15:24:40.039050+05:30,21,1
1333,604658,208,514,1754474080139,2025-08-06 15:24:40.139793+05:30,21,1
1334,604760,205,519,1754474080240,2025-08-06 15:24:40.240652+05:30,21,1
1335,604860,204,517,1754474080341,2025-08-06 15:24:40.341402+05:30,21,1
1336,604961,201,517,1754474080442,2025-08-06 15:24:40.442364+05:30,21,1
1337,605062,207,526,1754474080543,2025-08-06 15:24:40.543015+05:30,21,1
1338,605162,225,516,1754474080643,2025-08-06 15:24:40.643849+05:30,21,1
1339,605263,218,509,1754474080744,2025-08-06 15:24:40.744711+05:30,21,1
1340,605364,202,521,1754474080845,2025-08-06 15:24:40.845632+05:30,21,1
1341,605465,194,523,1754474080946,2025-08-06 15:24:40.946506+05:30,21,1
1342,605565,190,521,1754474081047,2025-08-06 15:24:41.047265+05:30,21,1
1343,605667,186,531,1754474081148,2025-08-06 15:24:41.148163+05:30,21,1
1344,605767,182,521,1754474081249,2025-08-06 15:24:41.248981+05:30,21,1
1345,605869,180,517,1754474081349,2025-08-06 15:24:41.349780+05:30,21,1
1346,605969,180,522,1754474081450,2025-08-06 15:24:41.450581+05:30,21,1
1347,606070,184,521,1754474081551,2025-08-06 15:24:41.551446+05:30,21,1
1348,606171,185,521,1754474081652,2025-08-06 15:24:41.652218+05:30,21,1
1349,606272,186,537,1754474081753,2025-08-06 15:24:41.753087+05:30,21,1
1350,606372,172,507,1754474081853,2025-08-06 15:24:41.853908+05:30,21,1
1351,606474,161,522,1754474081954,2025-08-06 15:24:41.954742+05:30,21,1
1352,606574,156,526,1754474082055,2025-08-06 15:24:42.055518+05:30,21,1
1353,606675,153,521,1754474082156,2025-08-06 15:24:42.156434+05:30,21,1
1354,606776,153,522,1754474082257,2025-08-06 15:24:42.257559+05:30,21,1
1355,606877,153,536,1754474082358,2025-08-06 15:24:42.358086+05:30,21,1
1356,606978,153,530,1754474082458,2025-08-06 15:24:42.458956+05:30,21,1
1357,607078,154,518,1754474082559,2025-08-06 15:24:42.559806+05:30,21,1
1358,607179,155,524,1754474082660,2025-08-06 15:24:42.660885+05:30,21,1
1359,607280,156,523,1754474082761,2025-08-06 15:24:42.761572+05:30,21,1
1360,607381,157,521,1754474082862,2025-08-06 15:24:42.862426+05:30,21,1
1361,607481,157,522,1754474082963,2025-08-06 15:24:42.963263+05:30,21,1
1362,607583,160,529,1754474083064,2025-08-06 15:24:43.064096+05:30,21,1
1363,607683,167,538,1754474083165,2025-08-06 15:24:43.164994+05:30,21,1
1364,607784,170,520,1754474083265,2025-08-06 15:24:43.265782+05:30,21,1
1365,607885,171,521,1754474083366,2025-08-06 15:24:43.366415+05:30,21,1
1366,607986,174,522,1754474083467,2025-08-06 15:24:43.467412+05:30,21,1
1367,608087,176,520,1754474083568,2025-08-06 15:24:43.568229+05:30,21,1
1368,608188,178,521,1754474083669,2025-08-06 15:24:43.668991+05:30,21,1
1369,608288,178,522,1754474083769,2025-08-06 15:24:43.769832+05:30,21,1
1370,608390,178,526,1754474083870,2025-08-06 15:24:43.870842+05:30,21,1
1371,608490,178,532,1754474083971,2025-08-06 15:24:43.971526+05:30,21,1
1372,608591,181,519,1754474084072,2025-08-06 15:24:44.072370+05:30,21,1
1373,608692,199,517,1754474084173,2025-08-06 15:24:44.173365+05:30,21,1
1374,608793,212,517,1754474084274,2025-08-06 15:24:44.274135+05:30,21,1
1375,608893,218,518,1754474084375,2025-08-06 15:24:44.375011+05:30,21,1
1376,608994,219,516,1754474084475,2025-08-06 15:24:44.475703+05:30,21,1
1377,609095,215,518,1754474084576,2025-08-06 15:24:44.576617+05:30,21,1
1378,609196,208,529,1754474084677,2025-08-06 15:24:44.677393+05:30,21,1
1379,609297,218,533,1754474084778,2025-08-06 15:24:44.778181+05:30,21,1
1380,609397,223,517,1754474084879,2025-08-06 15:24:44.879139+05:30,21,1
1381,609499,227,520,1754474084979,2025-08-06 15:24:44.979894+05:30,21,1
1382,609599,231,523,1754474085080,2025-08-06 15:24:45.080873+05:30,21,1
1383,609700,228,515,1754474085181,2025-08-06 15:24:45.181626+05:30,21,1
1384,609801,215,521,1754474085282,2025-08-06 15:24:45.282358+05:30,21,1
1385,609902,209,521,1754474085383,2025-08-06 15:24:45.383174+05:30,21,1
1386,610002,207,534,1754474085484,2025-08-06 15:24:45.484070+05:30,21,1
1387,610104,205,529,1754474085584,2025-08-06 15:24:45.584859+05:30,21,1
1388,610204,204,519,1754474085685,2025-08-06 15:24:45.685682+05:30,21,1
1389,610306,205,522,1754474085786,2025-08-06 15:24:45.786524+05:30,21,1
1390,610406,201,520,1754474085887,2025-08-06 15:24:45.887420+05:30,21,1
1391,610507,193,518,1754474085988,2025-08-06 15:24:45.988201+05:30,21,1
1392,610608,189,524,1754474086088,2025-08-06 15:24:46.088979+05:30,21,1
1393,610709,186,533,1754474086189,2025-08-06 15:24:46.189973+05:30,21,1
1394,610809,184,528,1754474086290,2025-08-06 15:24:46.290672+05:30,21,1
1395,610910,185,520,1754474086391,2025-08-06 15:24:46.391549+05:30,21,1
1396,611011,184,525,1754474086492,2025-08-06 15:24:46.492437+05:30,21,1
1397,611111,184,524,1754474086593,2025-08-06 15:24:46.593181+05:30,21,1
1398,611213,185,522,1754474086694,2025-08-06 15:24:46.694059+05:30,21,1
1399,611313,185,527,1754474086794,2025-08-06 15:24:46.794871+05:30,21,1
1400,611415,186,535,1754474086895,2025-08-06 15:24:46.895710+05:30,21,1
1401,611515,186,520,1754474086996,2025-08-06 15:24:46.996591+05:30,21,1
1402,611616,186,524,1754474087097,2025-08-06 15:24:47.097363+05:30,21,1
1403,611717,187,525,1754474087198,2025-08-06 15:24:47.198291+05:30,21,1
1404,611818,188,521,1754474087299,2025-08-06 15:24:47.299148+05:30,21,1
1405,611918,188,532,1754474087399,2025-08-06 15:24:47.399935+05:30,21,1
1406,612020,189,539,1754474087500,2025-08-06 15:24:47.500782+05:30,21,1
1407,612120,189,518,1754474087601,2025-08-06 15:24:47.601776+05:30,21,1
1408,612221,189,523,1754474087702,2025-08-06 15:24:47.702607+05:30,21,1
1409,612322,190,523,1754474087803,2025-08-06 15:24:47.803486+05:30,21,1
1410,612423,192,521,1754474087904,2025-08-06 15:24:47.904298+05:30,21,1
1411,612524,192,531,1754474088005,2025-08-06 15:24:48.005266+05:30,21,1
1412,612625,192,532,1754474088106,2025-08-06 15:24:48.106014+05:30,21,1
1413,612725,192,521,1754474088206,2025-08-06 15:24:48.206775+05:30,21,1
1414,612826,196,522,1754474088307,2025-08-06 15:24:48.307616+05:30,21,1
1415,612927,202,523,1754474088408,2025-08-06 15:24:48.408316+05:30,21,1
1416,613027,206,522,1754474088509,2025-08-06 15:24:48.509094+05:30,21,1
1417,613129,207,528,1754474088609,2025-08-06 15:24:48.609952+05:30,21,1
1418,613229,208,533,1754474088710,2025-08-06 15:24:48.710898+05:30,21,1
1419,613330,195,517,1754474088811,2025-08-06 15:24:48.811683+05:30,21,1
1420,613431,205,539,1754474088912,2025-08-06 15:24:48.912409+05:30,21,1
1421,613532,223,516,1754474089013,2025-08-06 15:24:49.013366+05:30,21,1
1422,613633,231,518,1754474089114,2025-08-06 15:24:49.114197+05:30,21,1
1423,613734,233,521,1754474089215,2025-08-06 15:24:49.215028+05:30,21,1
1424,613834,239,530,1754474089315,2025-08-06 15:24:49.315857+05:30,21,1
1425,613936,257,512,1754474089416,2025-08-06 15:24:49.416639+05:30,21,1
1426,614036,256,514,1754474089517,2025-08-06 15:24:49.517528+05:30,21,1
1427,614137,256,516,1754474089618,2025-08-06 15:24:49.618387+05:30,21,1
1428,614238,257,517,1754474089719,2025-08-06 15:24:49.719461+05:30,21,1
1429,614339,258,515,1754474089820,2025-08-06 15:24:49.819994+05:30,21,1
1430,614439,259,538,1754474089920,2025-08-06 15:24:49.920893+05:30,21,1
1431,614541,257,519,1754474090021,2025-08-06 15:24:50.021736+05:30,21,1
1432,614641,234,514,1754474090122,2025-08-06 15:24:50.122543+05:30,21,1
1433,614743,225,526,1754474090223,2025-08-06 15:24:50.223391+05:30,21,1
1434,614843,222,519,1754474090324,2025-08-06 15:24:50.324171+05:30,21,1
1435,614943,225,521,1754474090425,2025-08-06 15:24:50.425043+05:30,21,1
1436,615045,226,536,1754474090526,2025-08-06 15:24:50.525986+05:30,21,1
1437,615145,226,523,1754474090626,2025-08-06 15:24:50.626671+05:30,21,1
1438,615246,226,522,1754474090727,2025-08-06 15:24:50.727565+05:30,21,1
1439,615347,225,517,1754474090828,2025-08-06 15:24:50.828386+05:30,21,1
1440,615448,223,516,1754474090929,2025-08-06 15:24:50.929278+05:30,21,1
1441,615548,221,518,1754474091030,2025-08-06 15:24:51.030007+05:30,21,1
1442,615650,219,529,1754474091131,2025-08-06 15:24:51.131026+05:30,21,1
1443,615750,218,532,1754474091231,2025-08-06 15:24:51.231729+05:30,21,1
1444,615852,216,514,1754474091332,2025-08-06 15:24:51.332604+05:30,21,1
1445,615952,213,521,1754474091433,2025-08-06 15:24:51.433506+05:30,21,1
1446,616053,210,521,1754474091534,2025-08-06 15:24:51.534422+05:30,21,1
1447,616154,210,520,1754474091635,2025-08-06 15:24:51.635103+05:30,21,1
1448,616255,211,522,1754474091735,2025-08-06 15:24:51.735793+05:30,21,1
1449,616355,212,540,1754474091836,2025-08-06 15:24:51.836802+05:30,21,1
1450,616457,214,517,1754474091937,2025-08-06 15:24:51.937575+05:30,21,1
1451,616557,216,519,1754474092038,2025-08-06 15:24:52.038557+05:30,21,1
1452,616658,215,522,1754474092139,2025-08-06 15:24:52.139321+05:30,21,1
1453,616759,215,518,1754474092240,2025-08-06 15:24:52.240032+05:30,21,1
1454,616859,216,522,1754474092340,2025-08-06 15:24:52.340886+05:30,21,1
1455,616961,216,535,1754474092441,2025-08-06 15:24:52.441775+05:30,21,1
1456,617061,217,526,1754474092542,2025-08-06 15:24:52.542651+05:30,21,1
1457,617162,218,515,1754474092643,2025-08-06 15:24:52.643503+05:30,21,1
1458,617263,219,523,1754474092744,2025-08-06 15:24:52.744256+05:30,21,1
1459,617364,218,520,1754474092845,2025-08-06 15:24:52.845109+05:30,21,1
1460,617464,220,521,1754474092946,2025-08-06 15:24:52.946022+05:30,21,1
1461,617566,221,520,1754474093046,2025-08-06 15:24:53.046895+05:30,21,1
1462,617666,222,525,1754474093147,2025-08-06 15:24:53.147803+05:30,21,1
1463,617767,223,532,1754474093248,2025-08-06 15:24:53.248870+05:30,21,1
1464,617868,223,520,1754474093349,2025-08-06 15:24:53.349703+05:30,21,1
1465,617969,223,518,1754474093450,2025-08-06 15:24:53.450195+05:30,21,1
1466,618070,223,522,1754474093551,2025-08-06 15:24:53.551087+05:30,21,1
1467,618171,223,520,1754474093651,2025-08-06 15:24:53.651915+05:30,21,1
1468,618271,222,522,1754474093752,2025-08-06 15:24:53.752813+05:30,21,1
1469,618373,221,525,1754474093853,2025-08-06 15:24:53.853411+05:30,21,1
1470,618473,219,532,1754474093954,2025-08-06 15:24:53.954374+05:30,21,1
1471,618574,218,515,1754474094055,2025-08-06 15:24:54.055138+05:30,21,1
1472,618675,216,520,1754474094156,2025-08-06 15:24:54.155988+05:30,21,1
1473,618775,214,517,1754474094256,2025-08-06 15:24:54.256912+05:30,21,1
1474,618876,211,516,1754474094357,2025-08-06 15:24:54.357938+05:30,21,1
1475,618977,210,520,1754474094458,2025-08-06 15:24:54.458508+05:30,21,1
1476,619078,206,534,1754474094559,2025-08-06 15:24:54.559514+05:30,21,1
1477,619179,204,522,1754474094660,2025-08-06 15:24:54.660371+05:30,21,1
1478,619280,202,516,1754474094761,2025-08-06 15:24:54.761294+05:30,21,1
1479,619380,201,523,1754474094861,2025-08-06 15:24:54.861975+05:30,21,1
1480,619482,201,522,1754474094962,2025-08-06 15:24:54.962804+05:30,21,1
1481,619582,201,521,1754474095063,2025-08-06 15:24:55.063519+05:30,21,1
1482,619683,200,537,1754474095164,2025-08-06 15:24:55.164436+05:30,21,1
1483,619784,202,525,1754474095265,2025-08-06 15:24:55.265377+05:30,21,1
1484,619885,205,518,1754474095366,2025-08-06 15:24:55.366132+05:30,21,1
1485,619985,208,525,1754474095466,2025-08-06 15:24:55.466876+05:30,21,1
1486,620087,209,520,1754474095568,2025-08-06 15:24:55.567976+05:30,21,1
1487,620187,209,521,1754474095668,2025-08-06 15:24:55.668687+05:30,21,1
1488,620289,212,535,1754474095769,2025-08-06 15:24:55.769454+05:30,21,1
1489,620389,213,525,1754474095870,2025-08-06 15:24:55.870291+05:30,21,1
1490,620489,214,518,1754474095971,2025-08-06 15:24:55.971089+05:30,21,1
1491,620591,210,514,1754474096071,2025-08-06 15:24:56.071962+05:30,21,1
1492,620691,208,521,1754474096172,2025-08-06 15:24:56.172764+05:30,21,1
1493,620792,205,520,1754474096273,2025-08-06 15:24:56.273765+05:30,21,1
1494,620893,221,557,1754474096374,2025-08-06 15:24:56.374433+05:30,21,1
1495,620994,240,519,1754474096475,2025-08-06 15:24:56.475348+05:30,21,1
1496,621094,244,517,1754474096576,2025-08-06 15:24:56.576062+05:30,21,1
1497,621196,231,515,1754474096677,2025-08-06 15:24:56.677091+05:30,21,1
1498,621296,223,517,1754474096778,2025-08-06 15:24:56.777997+05:30,21,1
1499,621398,217,522,1754474096878,2025-08-06 15:24:56.878581+05:30,21,1
1500,621498,214,529,1754474096979,2025-08-06 15:24:56.979437+05:30,21,1
1501,621599,209,517,1754474097080,2025-08-06 15:24:57.080302+05:30,21,1
1502,621700,202,524,1754474097181,2025-08-06 15:24:57.181319+05:30,21,1
1503,621801,198,519,1754474097281,2025-08-06 15:24:57.281952+05:30,21,1
1504,621901,202,509,1754474097382,2025-08-06 15:24:57.382782+05:30,21,1
1505,622003,210,523,1754474097483,2025-08-06 15:24:57.483590+05:30,21,1
1506,622103,211,525,1754474097584,2025-08-06 15:24:57.584832+05:30,21,1
1507,622204,202,516,1754474097685,2025-08-06 15:24:57.685863+05:30,21,1
1508,622305,198,522,1754474097786,2025-08-06 15:24:57.786083+05:30,21,1
1509,622405,197,526,1754474097886,2025-08-06 15:24:57.886883+05:30,21,1
1510,622507,196,521,1754474097987,2025-08-06 15:24:57.987704+05:30,21,1
1511,622607,198,539,1754474098088,2025-08-06 15:24:58.088621+05:30,21,1
1512,622708,198,522,1754474098189,2025-08-06 15:24:58.189563+05:30,21,1
1513,622809,202,518,1754474098290,2025-08-06 15:24:58.290275+05:30,21,1
1514,622910,209,527,1754474098391,2025-08-06 15:24:58.391301+05:30,21,1
1515,623010,213,522,1754474098491,2025-08-06 15:24:58.491965+05:30,21,1
1516,623112,220,515,1754474098592,2025-08-06 15:24:58.592826+05:30,21,1
1517,623212,215,531,1754474098693,2025-08-06 15:24:58.693551+05:30,21,1
1518,623313,211,515,1754474098794,2025-08-06 15:24:58.794514+05:30,21,1
1519,623414,210,525,1754474098895,2025-08-06 15:24:58.895286+05:30,21,1
1520,623515,212,522,1754474098996,2025-08-06 15:24:58.996116+05:30,21,1
1521,623616,214,517,1754474099097,2025-08-06 15:24:59.097085+05:30,21,1
1522,623717,216,534,1754474099197,2025-08-06 15:24:59.197948+05:30,21,1
1523,623817,216,523,1754474099298,2025-08-06 15:24:59.298887+05:30,21,1
1524,623919,217,517,1754474099399,2025-08-06 15:24:59.399544+05:30,21,1
1525,624019,219,522,1754474099500,2025-08-06 15:24:59.500264+05:30,21,1
1526,624120,225,519,1754474099601,2025-08-06 15:24:59.601138+05:30,21,1
1527,624221,254,521,1754474099702,2025-08-06 15:24:59.701987+05:30,21,1
1528,624321,268,526,1754474099802,2025-08-06 15:24:59.802713+05:30,21,1
1529,624422,275,513,1754474099903,2025-08-06 15:24:59.903663+05:30,21,1
1530,624523,281,513,1754474100004,2025-08-06 15:25:00.004543+05:30,21,1
1531,624624,281,515,1754474100105,2025-08-06 15:25:00.105429+05:30,21,1
1532,624724,283,516,1754474100206,2025-08-06 15:25:00.206491+05:30,21,1
1533,624826,279,525,1754474100307,2025-08-06 15:25:00.307115+05:30,21,1
1534,624926,264,516,1754474100407,2025-08-06 15:25:00.407880+05:30,21,1
1535,625028,253,523,1754474100508,2025-08-06 15:25:00.508621+05:30,21,1
1536,625128,241,525,1754474100609,2025-08-06 15:25:00.609817+05:30,21,1
1537,625229,236,523,1754474100710,2025-08-06 15:25:00.710475+05:30,21,1
1538,625330,235,528,1754474100811,2025-08-06 15:25:00.811230+05:30,21,1
1539,625431,234,530,1754474100912,2025-08-06 15:25:00.912029+05:30,21,1
1540,625531,236,526,1754474101012,2025-08-06 15:25:01.012888+05:30,21,1
1541,625633,238,524,1754474101113,2025-08-06 15:25:01.113662+05:30,21,1
1542,625733,240,526,1754474101214,2025-08-06 15:25:01.214511+05:30,21,1
1543,625835,241,527,1754474101315,2025-08-06 15:25:01.315411+05:30,21,1
1544,625935,236,540,1754474101416,2025-08-06 15:25:01.416214+05:30,21,1
1545,626036,251,526,1754474101516,2025-08-06 15:25:01.516973+05:30,21,1
1546,626137,258,510,1754474101617,2025-08-06 15:25:01.617897+05:30,21,1
1547,626237,247,518,1754474101718,2025-08-06 15:25:01.718709+05:30,21,1
1548,626338,239,518,1754474101819,2025-08-06 15:25:01.819523+05:30,21,1
1549,626439,235,524,1754474101920,2025-08-06 15:25:01.920335+05:30,21,1
1550,626540,235,536,1754474102021,2025-08-06 15:25:02.021291+05:30,21,1
1551,626640,235,521,1754474102122,2025-08-06 15:25:02.122216+05:30,21,1
1552,626742,235,519,1754474102222,2025-08-06 15:25:02.222876+05:30,21,1
1553,626842,235,521,1754474102323,2025-08-06 15:25:02.323888+05:30,21,1
1554,626944,236,518,1754474102424,2025-08-06 15:25:02.424491+05:30,21,1
1555,627044,237,521,1754474102525,2025-08-06 15:25:02.525600+05:30,21,1
1556,627145,236,537,1754474102626,2025-08-06 15:25:02.626230+05:30,21,1
1557,627246,236,515,1754474102726,2025-08-06 15:25:02.726983+05:30,21,1
1558,627347,237,515,1754474102827,2025-08-06 15:25:02.827900+05:30,21,1
1559,627447,237,520,1754474102928,2025-08-06 15:25:02.928660+05:30,21,1
1560,627549,237,519,1754474103029,2025-08-06 15:25:03.029580+05:30,21,1
1561,627649,236,520,1754474103130,2025-08-06 15:25:03.130504+05:30,21,1
1562,627750,238,531,1754474103231,2025-08-06 15:25:03.231242+05:30,21,1
1563,627851,241,516,1754474103332,2025-08-06 15:25:03.331998+05:30,21,1
1564,627952,244,516,1754474103432,2025-08-06 15:25:03.432942+05:30,21,1
1565,628052,242,523,1754474103533,2025-08-06 15:25:03.533693+05:30,21,1
1566,628153,242,515,1754474103634,2025-08-06 15:25:03.634554+05:30,21,1
1567,628254,241,517,1754474103735,2025-08-06 15:25:03.735400+05:30,21,1
1568,628355,241,531,1754474103836,2025-08-06 15:25:03.836205+05:30,21,1
1569,628456,241,523,1754474103937,2025-08-06 15:25:03.937110+05:30,21,1
1570,628556,241,516,1754474104038,2025-08-06 15:25:04.038016+05:30,21,1
1571,628658,247,520,1754474104138,2025-08-06 15:25:04.138775+05:30,21,1
1572,628758,251,519,1754474104239,2025-08-06 15:25:04.239860+05:30,21,1
1573,628859,266,515,1754474104340,2025-08-06 15:25:04.340636+05:30,21,1
1574,628960,262,525,1754474104441,2025-08-06 15:25:04.441661+05:30,21,1
1575,629061,252,528,1754474104542,2025-08-06 15:25:04.542117+05:30,21,1
1576,629161,247,514,1754474104643,2025-08-06 15:25:04.643116+05:30,21,1
1577,629263,262,520,1754474104743,2025-08-06 15:25:04.743899+05:30,21,1
1578,629363,282,519,1754474104844,2025-08-06 15:25:04.844534+05:30,21,1
1579,629465,297,513,1754474104945,2025-08-06 15:25:04.945455+05:30,21,1
1580,629565,309,509,1754474105046,2025-08-06 15:25:05.046224+05:30,21,1
1581,629666,310,530,1754474105147,2025-08-06 15:25:05.147064+05:30,21,1
1582,629767,307,518,1754474105248,2025-08-06 15:25:05.248062+05:30,21,1
1583,629868,296,514,1754474105348,2025-08-06 15:25:05.348769+05:30,21,1
1584,629968,272,520,1754474105449,2025-08-06 15:25:05.449656+05:30,21,1
1585,630069,269,521,1754474105550,2025-08-06 15:25:05.550412+05:30,21,1
1586,630170,267,515,1754474105651,2025-08-06 15:25:05.651307+05:30,21,1
1587,630270,264,526,1754474105752,2025-08-06 15:25:05.752222+05:30,21,1
1588,630372,262,522,1754474105853,2025-08-06 15:25:05.853048+05:30,21,1
1589,630472,266,515,1754474105954,2025-08-06 15:25:05.954023+05:30,21,1
1590,630574,271,515,1754474106055,2025-08-06 15:25:06.054990+05:30,21,1
1591,630674,273,515,1754474106155,2025-08-06 15:25:06.155466+05:30,21,1
1592,630775,273,520,1754474106256,2025-08-06 15:25:06.256317+05:30,21,1
1593,630876,279,516,1754474106357,2025-08-06 15:25:06.357164+05:30,21,1
1594,630977,284,516,1754474106458,2025-08-06 15:25:06.458063+05:30,21,1
1595,631077,288,519,1754474106558,2025-08-06 15:25:06.558932+05:30,21,1
1596,631179,285,515,1754474106659,2025-08-06 15:25:06.659683+05:30,21,1
1597,631279,284,517,1754474106760,2025-08-06 15:25:06.760489+05:30,21,1
1598,631380,284,519,1754474106861,2025-08-06 15:25:06.861417+05:30,21,1
1599,631481,287,518,1754474106962,2025-08-06 15:25:06.962227+05:30,21,1
1600,631582,300,522,1754474107063,2025-08-06 15:25:07.063114+05:30,21,1
1601,631683,317,513,1754474107164,2025-08-06 15:25:07.164048+05:30,21,1
1602,631784,327,515,1754474107264,2025-08-06 15:25:07.264937+05:30,21,1
1603,631884,331,515,1754474107365,2025-08-06 15:25:07.365683+05:30,21,1
1604,631985,324,524,1754474107466,2025-08-06 15:25:07.466539+05:30,21,1
1605,632086,307,522,1754474107567,2025-08-06 15:25:07.567434+05:30,21,1
1606,632186,288,517,1754474107668,2025-08-06 15:25:07.668225+05:30,21,1
1607,632288,273,522,1754474107768,2025-08-06 15:25:07.768902+05:30,21,1
1608,632388,262,524,1754474107869,2025-08-06 15:25:07.869738+05:30,21,1
1609,632489,258,521,1754474107970,2025-08-06 15:25:07.970555+05:30,21,1
1610,632590,256,542,1754474108071,2025-08-06 15:25:08.071387+05:30,21,1
1611,632691,256,527,1754474108172,2025-08-06 15:25:08.172217+05:30,21,1
1612,632792,254,514,1754474108273,2025-08-06 15:25:08.273073+05:30,21,1
1613,632893,256,520,1754474108374,2025-08-06 15:25:08.374020+05:30,21,1
1614,632993,258,520,1754474108474,2025-08-06 15:25:08.474737+05:30,21,1
1615,633095,264,506,1754474108575,2025-08-06 15:25:08.575626+05:30,21,1
1616,633195,265,525,1754474108676,2025-08-06 15:25:08.676342+05:30,21,1
1617,633296,266,530,1754474108777,2025-08-06 15:25:08.777327+05:30,21,1
1618,633397,267,513,1754474108878,2025-08-06 15:25:08.878078+05:30,21,1
1619,633498,266,525,1754474108979,2025-08-06 15:25:08.979029+05:30,21,1
1620,633598,263,522,1754474109079,2025-08-06 15:25:09.079783+05:30,21,1
1621,633700,261,518,1754474109180,2025-08-06 15:25:09.180626+05:30,21,1
1622,633800,261,534,1754474109281,2025-08-06 15:25:09.281540+05:30,21,1
1623,633901,260,526,1754474109382,2025-08-06 15:25:09.382238+05:30,21,1
1624,634002,260,515,1754474109483,2025-08-06 15:25:09.483040+05:30,21,1
1625,634102,259,524,1754474109583,2025-08-06 15:25:09.583893+05:30,21,1
1626,634204,257,519,1754474109684,2025-08-06 15:25:09.684777+05:30,21,1
1627,634304,252,521,1754474109785,2025-08-06 15:25:09.785604+05:30,21,1
1628,634405,249,536,1754474109886,2025-08-06 15:25:09.886467+05:30,21,1
1629,634506,246,523,1754474109987,2025-08-06 15:25:09.987390+05:30,21,1
1630,634607,245,512,1754474110088,2025-08-06 15:25:10.088147+05:30,21,1
1631,634707,245,516,1754474110188,2025-08-06 15:25:10.188931+05:30,21,1
1632,634809,245,519,1754474110289,2025-08-06 15:25:10.289747+05:30,21,1
1633,634909,245,517,1754474110390,2025-08-06 15:25:10.390568+05:30,21,1
1634,635011,245,531,1754474110491,2025-08-06 15:25:10.491513+05:30,21,1
1635,635111,245,522,1754474110592,2025-08-06 15:25:10.592361+05:30,21,1
1636,635212,245,510,1754474110693,2025-08-06 15:25:10.693111+05:30,21,1
1637,635313,246,520,1754474110794,2025-08-06 15:25:10.793996+05:30,21,1
1638,635414,245,519,1754474110894,2025-08-06 15:25:10.894798+05:30,21,1
1639,635514,245,517,1754474110995,2025-08-06 15:25:10.995665+05:30,21,1
1640,635616,246,533,1754474111096,2025-08-06 15:25:11.096550+05:30,21,1
1641,635716,247,530,1754474111197,2025-08-06 15:25:11.197381+05:30,21,1
1642,635816,248,514,1754474111298,2025-08-06 15:25:11.298138+05:30,21,1
1643,635918,249,521,1754474111399,2025-08-06 15:25:11.399044+05:30,21,1
1644,636018,249,521,1754474111499,2025-08-06 15:25:11.499847+05:30,21,1
1645,636120,248,519,1754474111600,2025-08-06 15:25:11.600582+05:30,21,1
1646,636220,245,533,1754474111701,2025-08-06 15:25:11.701472+05:30,21,1
1647,636321,244,526,1754474111802,2025-08-06 15:25:11.802382+05:30,21,1
1648,636422,242,514,1754474111903,2025-08-06 15:25:11.903279+05:30,21,1
1649,636523,242,522,1754474112003,2025-08-06 15:25:12.003984+05:30,21,1
1650,636623,240,520,1754474112104,2025-08-06 15:25:12.104801+05:30,21,1
1651,636725,240,519,1754474112205,2025-08-06 15:25:12.205887+05:30,21,1
1652,636825,241,523,1754474112306,2025-08-06 15:25:12.306467+05:30,21,1
1653,636926,241,534,1754474112407,2025-08-06 15:25:12.407548+05:30,21,1
1654,637027,241,515,1754474112508,2025-08-06 15:25:12.508416+05:30,21,1
1655,637128,240,514,1754474112609,2025-08-06 15:25:12.609110+05:30,21,1
1656,637229,240,517,1754474112710,2025-08-06 15:25:12.710069+05:30,21,1
1657,637330,238,516,1754474112810,2025-08-06 15:25:12.810671+05:30,21,1
1658,637430,235,516,1754474112911,2025-08-06 15:25:12.911656+05:30,21,1
1659,637532,231,530,1754474113012,2025-08-06 15:25:13.012320+05:30,21,1
1660,637632,226,530,1754474113113,2025-08-06 15:25:13.113363+05:30,21,1
1661,637732,222,513,1754474113214,2025-08-06 15:25:13.214329+05:30,21,1
1662,637834,219,519,1754474113315,2025-08-06 15:25:13.315045+05:30,21,1
1663,637934,216,518,1754474113415,2025-08-06 15:25:13.415950+05:30,21,1
1664,638035,213,518,1754474113516,2025-08-06 15:25:13.516774+05:30,21,1
1665,638136,209,526,1754474113617,2025-08-06 15:25:13.617558+05:30,21,1
1666,638237,208,530,1754474113718,2025-08-06 15:25:13.718310+05:30,21,1
1667,638338,208,516,1754474113819,2025-08-06 15:25:13.819015+05:30,21,1
1668,638439,206,519,1754474113920,2025-08-06 15:25:13.920158+05:30,21,1
1669,638539,205,520,1754474114021,2025-08-06 15:25:14.021046+05:30,21,1
1670,638641,205,521,1754474114121,2025-08-06 15:25:14.121752+05:30,21,1
1671,638741,204,521,1754474114222,2025-08-06 15:25:14.222631+05:30,21,1
1672,638842,204,529,1754474114323,2025-08-06 15:25:14.323301+05:30,21,1
1673,638943,204,532,1754474114424,2025-08-06 15:25:14.424229+05:30,21,1
1674,639044,204,520,1754474114524,2025-08-06 15:25:14.524836+05:30,21,1
1675,639144,206,525,1754474114625,2025-08-06 15:25:14.625681+05:30,21,1
1676,639246,205,518,1754474114726,2025-08-06 15:25:14.726548+05:30,21,1
1677,639346,193,510,1754474114827,2025-08-06 15:25:14.827467+05:30,21,1
1678,639448,188,518,1754474114928,2025-08-06 15:25:14.928281+05:30,21,1
1679,639548,201,541,1754474115029,2025-08-06 15:25:15.029114+05:30,21,1
1680,639648,211,525,1754474115129,2025-08-06 15:25:15.129838+05:30,21,1
1681,639750,215,514,1754474115230,2025-08-06 15:25:15.230684+05:30,21,1
1682,639850,218,516,1754474115331,2025-08-06 15:25:15.331609+05:30,21,1
1683,639951,219,521,1754474115432,2025-08-06 15:25:15.432381+05:30,21,1
1684,640052,220,517,1754474115533,2025-08-06 15:25:15.533257+05:30,21,1
1685,640153,221,521,1754474115634,2025-08-06 15:25:15.634158+05:30,21,1
1686,640253,223,534,1754474115735,2025-08-06 15:25:15.735079+05:30,21,1
1687,640355,223,520,1754474115835,2025-08-06 15:25:15.835849+05:30,21,1
1688,640455,223,518,1754474115936,2025-08-06 15:25:15.936675+05:30,21,1
1689,640557,220,526,1754474116037,2025-08-06 15:25:16.037411+05:30,21,1
1690,640657,220,526,1754474116138,2025-08-06 15:25:16.138259+05:30,21,1
1691,640758,220,520,1754474116239,2025-08-06 15:25:16.239141+05:30,21,1
1692,640859,220,539,1754474116340,2025-08-06 15:25:16.340107+05:30,21,1
1693,640960,219,521,1754474116440,2025-08-06 15:25:16.440907+05:30,21,1
1694,641060,218,516,1754474116541,2025-08-06 15:25:16.541641+05:30,21,1
1695,641162,219,521,1754474116642,2025-08-06 15:25:16.642331+05:30,21,1
1696,641262,219,519,1754474116743,2025-08-06 15:25:16.743282+05:30,21,1
1697,641363,219,519,1754474116844,2025-08-06 15:25:16.844062+05:30,21,1
1698,641464,211,535,1754474116945,2025-08-06 15:25:16.945023+05:30,21,1
1699,641564,209,526,1754474117045,2025-08-06 15:25:17.045702+05:30,21,1
1700,641666,210,526,1754474117146,2025-08-06 15:25:17.146513+05:30,21,1
1701,641766,223,534,1754474117247,2025-08-06 15:25:17.247410+05:30,21,1
1702,641867,238,526,1754474117348,2025-08-06 15:25:17.348368+05:30,21,1
1703,641968,245,517,1754474117449,2025-08-06 15:25:17.449273+05:30,21,1
1704,642069,249,538,1754474117550,2025-08-06 15:25:17.550063+05:30,21,1
1705,642169,251,522,1754474117650,2025-08-06 15:25:17.650925+05:30,21,1
1706,642271,248,514,1754474117751,2025-08-06 15:25:17.751577+05:30,21,1
1707,642371,242,519,1754474117852,2025-08-06 15:25:17.852449+05:30,21,1
1708,642472,240,519,1754474117953,2025-08-06 15:25:17.953396+05:30,21,1
1709,642573,242,517,1754474118054,2025-08-06 15:25:18.054100+05:30,21,1
1710,642674,238,529,1754474118154,2025-08-06 15:25:18.154952+05:30,21,1
1711,642775,237,527,1754474118255,2025-08-06 15:25:18.255778+05:30,21,1
1712,642876,236,514,1754474118356,2025-08-06 15:25:18.356594+05:30,21,1
1713,642976,229,513,1754474118457,2025-08-06 15:25:18.457487+05:30,21,1
1714,643078,221,515,1754474118558,2025-08-06 15:25:18.558304+05:30,21,1
1715,643178,217,513,1754474118659,2025-08-06 15:25:18.659243+05:30,21,1
1716,643279,213,520,1754474118760,2025-08-06 15:25:18.759991+05:30,21,1
1717,643380,212,533,1754474118860,2025-08-06 15:25:18.860945+05:30,21,1
1718,643480,210,520,1754474118961,2025-08-06 15:25:18.961623+05:30,21,1
1719,643581,209,516,1754474119062,2025-08-06 15:25:19.062456+05:30,21,1
1720,643682,206,522,1754474119163,2025-08-06 15:25:19.163320+05:30,21,1
1721,643783,204,512,1754474119264,2025-08-06 15:25:19.264212+05:30,21,1
1722,643884,209,524,1754474119364,2025-08-06 15:25:19.364973+05:30,21,1
1723,643985,207,518,1754474119465,2025-08-06 15:25:19.465950+05:30,21,1
1724,644085,208,530,1754474119566,2025-08-06 15:25:19.566680+05:30,21,1
1725,644187,220,527,1754474119667,2025-08-06 15:25:19.667533+05:30,21,1
1726,644287,226,517,1754474119768,2025-08-06 15:25:19.768333+05:30,21,1
1727,644388,224,519,1754474119869,2025-08-06 15:25:19.869160+05:30,21,1
1728,644489,236,518,1754474119970,2025-08-06 15:25:19.970048+05:30,21,1
1729,644590,248,515,1754474120070,2025-08-06 15:25:20.070892+05:30,21,1
1730,644690,253,534,1754474120171,2025-08-06 15:25:20.171737+05:30,21,1
1731,644792,257,519,1754474120272,2025-08-06 15:25:20.272680+05:30,21,1
1732,644892,257,514,1754474120373,2025-08-06 15:25:20.373388+05:30,21,1
1733,644994,265,526,1754474120474,2025-08-06 15:25:20.474239+05:30,21,1
1734,645094,265,515,1754474120575,2025-08-06 15:25:20.575087+05:30,21,1
1735,645195,270,516,1754474120675,2025-08-06 15:25:20.675883+05:30,21,1
1736,645296,275,526,1754474120776,2025-08-06 15:25:20.776664+05:30,21,1
1737,645396,284,518,1754474120877,2025-08-06 15:25:20.877527+05:30,21,1
1738,645497,285,514,1754474120978,2025-08-06 15:25:20.978362+05:30,21,1
1739,645598,281,515,1754474121079,2025-08-06 15:25:21.079259+05:30,21,1
1740,645699,281,518,1754474121180,2025-08-06 15:25:21.180455+05:30,21,1
1741,645799,282,520,1754474121281,2025-08-06 15:25:21.281122+05:30,21,1
1742,645901,288,532,1754474121382,2025-08-06 15:25:21.382101+05:30,21,1
1743,646001,317,545,1754474121482,2025-08-06 15:25:21.482816+05:30,21,1
1744,646103,336,519,1754474121583,2025-08-06 15:25:21.583659+05:30,21,1
1745,646203,352,500,1754474121684,2025-08-06 15:25:21.684437+05:30,21,1
1746,646304,358,512,1754474121785,2025-08-06 15:25:21.785180+05:30,21,1
1747,646405,355,519,1754474121886,2025-08-06 15:25:21.886200+05:30,21,1
1748,646506,357,526,1754474121986,2025-08-06 15:25:21.986915+05:30,21,1
1749,646606,358,520,1754474122087,2025-08-06 15:25:22.087566+05:30,21,1
1750,646708,357,519,1754474122188,2025-08-06 15:25:22.188577+05:30,21,1
1751,646808,355,520,1754474122289,2025-08-06 15:25:22.289222+05:30,21,1
1752,646909,353,516,1754474122390,2025-08-06 15:25:22.390127+05:30,21,1
1753,647010,352,524,1754474122490,2025-08-06 15:25:22.490917+05:30,21,1
1754,647110,350,528,1754474122591,2025-08-06 15:25:22.591702+05:30,21,1
1755,647212,345,520,1754474122692,2025-08-06 15:25:22.692558+05:30,21,1
1756,647312,331,518,1754474122793,2025-08-06 15:25:22.793555+05:30,21,1
