GSR_mean,GSR_variance,HR_mean,HR_variance,75_percentile_GSR,75_percentile_HR,GSRmean_persen_diff,HRmean_persent_diff,GSRmean_diff,HRmean_diff,valence_acc_video,arousal_acc_video,P_id,video_id,Score,time,valence,arousal,videoID,start_time,end_time,probe,prev_window,start_time_sec,end_time_sec,num_samples,pupil_diameter_mean,pupil_diameter_std,diameter_3d_mean,diameter_3d_std,sphere_radius_mean,circle_3d_radius_mean,ellipse_axis_a_mean,ellipse_axis_b_mean,ellipse_angle_mean,ellipse_angle_std,confidence_x_mean,confidence_y_mean,confidence_x_std,confidence_y_std,blink_count,gaze_movement_mean,gaze_movement_std,gaze_dir_variability,eye_center_movement_mean,eye_center_movement_std,missing_value_ratio,start_time_ms,end_time_ms
0.8102255639097744,0.0007361863304878,0.348148148148148,0.0116323731138545,0.8345864661654135,0.4212962962962963,0.1600123865802324,0.0469085915205644,0.1600123865802324,0.0469085915205644,1.0,1.0,25.0,1.0,0.4114976402298765,1754567070191.0,5.0,5.0,1.0,1754567070191.0,1754567075191.0,1.0,1.0,1147103.613028,1147108.613028,1200.5,27.844612327380666,1.917007770744818,2.7275951239312204,0.32405845757026397,10.392304845413264,1.3637975619656102,21.97701904446759,27.844612327380666,65.18013221618376,45.724868987200566,0.965493246695527,0.9652299837519038,0.060881961220186895,0.04100376060034225,3.5,363.81933515686023,8730.731437317494,0.08971337977468336,0.4913152354713579,8.120590106112903,0.01865083365475645,1754567069384.737,1754567074384.737
0.7445112781954887,0.0007812538865961,0.3496296296296295,0.0044669410150891,0.7669172932330827,0.3888888888888889,0.0942981008659467,0.0454271100390829,0.0942981008659467,0.0454271100390829,1.0,1.0,25.0,1.0,0.2778701694318873,1754567078867.5,5.0675,5.6000000000000005,1.0,1754567075192.0,1754567080192.0,0.0,1.0,1147108.613028,1147113.613028,1210.0,28.9037087765874,1.4989929871353262,2.8280938041433235,0.2988780211785309,10.392304845413264,1.4140469020716615,22.929624470801198,28.9037087765874,56.844526811735605,44.3395014412897,0.955645802846524,0.9555918678150436,0.062400663959401304,0.032539110817433756,0.0,1.5271652497536274,13.318521611853988,0.08813756468691916,0.2410819727703617,5.89747189206782,0.017761135166557702,1754567074384.737,1754567079384.737
0.7193984962406015,0.0002248629091525,0.371111111111111,0.0084905349794238,0.7293233082706767,0.4027777777777778,0.0691853189110595,0.0239456285576014,0.0691853189110595,0.0239456285576014,1.0,1.0,25.0,1.0,0.0052018925910569,1754567082823.4443,6.304444444444445,6.097777777777778,1.0,1754567080193.0,1754567085193.0,0.0,0.0,1147113.613028,1147118.613028,1218.0,28.1686738410027,1.3610105759123818,2.755905042793923,0.2656137419450074,10.392304845413264,1.3779525213969612,22.478158635702954,28.1686738410027,56.40886395944112,43.92085824176246,0.9441908827001508,0.9442304101568133,0.07253606640208285,0.03347506161952285,0.5,1.227398365451507,10.664065877518064,0.07509218462829935,0.1802235142502343,5.020628667901329,0.017759448833500148,1754567079384.737,1754567084384.737
0.7248120300751879,0.000275877664085,0.3633333333333333,0.0123304526748971,0.7368421052631579,0.4027777777777778,0.0745988527456459,0.0317234063353791,0.0745988527456459,0.0317234063353791,1.0,1.0,25.0,1.0,0.6661076658151834,1754567087177.6667,7.31,6.69,1.0,1754567085194.0,1754567090194.0,0.0,0.0,1147118.613028,1147123.613028,1179.0,28.32309089077355,2.0999979046707242,2.7651137950852167,0.29287603333544643,10.392304845413264,1.3825568975426084,22.641393747808223,28.32309089077355,66.91251839355958,47.76661382769373,0.9406788354887006,0.9400379379189487,0.0899840697187613,0.0539925879248838,7.5,4.912249577166965,27.51673420684161,0.087187195839705,1.039452539882068,10.435907437175556,0.01963518820464685,1754567084384.737,1754567089384.737
0.6460150375939849,0.001293097405167,0.4288888888888889,0.0112120713305898,0.6672932330827068,0.5138888888888888,0.004198139735557,0.0338321492201763,0.004198139735557,0.0338321492201763,1.0,1.0,25.0,1.0,0.1650230154925961,1754567093780.6667,7.489999999999999,7.31,1.0,1754567090195.0,1754567095195.0,0.0,0.0,1147123.613028,1147128.613028,1165.5,27.26069053747537,2.1572665171618834,2.6606376489406713,0.27296208154660423,10.392304845413264,1.3303188244703357,21.30707793358527,27.26069053747537,60.361180521629706,41.77894839683984,0.9527947667633128,0.9521223876703975,0.0808308404795427,0.0541623881675837,7.5,6.031791107044584,36.65842018174769,0.08712357408619026,1.2230004193157797,12.549708707385888,0.01998748113992735,1754567089384.737,1754567094384.737
0.6571428571428573,0.0004703488043416,0.4529629629629629,0.014817695473251,0.674812030075188,0.4814814814814814,0.0069296798133152,0.0579062232942503,0.0069296798133152,0.0579062232942503,1.0,1.0,25.0,1.0,0.0057764852311518,1754567096153.0,7.93,7.535,1.0,1754567095196.0,1754567100196.0,0.0,0.0,1147128.613028,1147133.613028,1211.5,26.609942316896646,2.4877583101128966,2.5943253560836474,0.2882541233638858,10.392304845413264,1.2971626780418237,20.647001387840326,26.609942316896646,54.359602643188836,38.81879196505694,0.9575845380526952,0.9575685887037109,0.06587198514009855,0.0381663611880248,2.0,2.6044414070094017,20.407219740396876,0.07123488576814654,0.5996746165702942,9.24786589158818,0.01832679423555305,1754567094384.737,1754567099384.737
0.6469172932330827,0.0010740234043756,0.4722222222222221,0.0121570644718792,0.6766917293233082,0.5740740740740741,0.0032958840964593,0.0771654825535096,0.0032958840964593,0.0771654825535096,1.0,1.0,25.0,1.0,0.1025480197677173,1754567103153.125,7.93,6.4662500000000005,1.0,1754567100197.0,1754567105197.0,0.0,0.0,1147133.613028,1147138.613028,1228.5,29.136269298384303,2.4032778470220353,2.826582366073617,0.2764571504948694,10.392304845413264,1.4132911830368085,22.964482576140213,29.136269298384303,59.37181960724752,40.236849151630345,0.961716664857213,0.9616706110839957,0.058878899734087,0.033401104028908904,1.5,1.2740297906065168,8.692881632604545,0.053185932502948244,0.3576765366923317,5.078562738708932,0.01784633998790075,1754567099384.737,1754567104384.737
0.670827067669173,0.0002742721465317,0.4874074074074074,0.0049991769547325,0.6842105263157895,0.5370370370370371,0.020613890339631,0.0923506677386948,0.020613890339631,0.0923506677386948,1.0,1.0,25.0,1.0,0.0968465725335227,1754567106626.5,7.045000000000001,5.486666666666667,1.0,1754567105198.0,1754567110198.0,0.0,0.0,1147138.613028,1147143.613028,1231.5,31.307696145704377,1.5643730006906982,3.0098618001879727,0.2063134762730744,10.392304845413264,1.5049309000939863,24.966753149334536,31.307696145704377,59.391433083288454,40.81589113802629,0.9638867920585181,0.9637068284383118,0.052815420775481445,0.0284120275456003,0.5,0.9940141737322079,7.9154671912735415,0.046821472586211596,0.2367864357909081,4.132444997117072,0.0176298589611283,1754567104384.737,1754567109384.737
0.6806015037593984,0.0002221493583583,0.4825925925925927,0.0098135802469135,0.6917293233082706,0.5370370370370371,0.0303883264298564,0.0875358529238801,0.0303883264298564,0.0875358529238801,1.0,1.0,25.0,1.0,0.4593782336732846,1754567111366.0,6.0,5.2025,1.0,1754567110199.0,1754567115199.0,0.0,0.0,1147143.613028,1147148.613028,1211.0,30.34471554230862,1.6692413254450817,2.8965724973127562,0.20475419341421106,10.392304845413264,1.4482862486563781,24.38827627689537,30.34471554230862,69.57387596507051,45.89338552282591,0.9617709529911246,0.961526505927385,0.05844175804800155,0.0347068880878125,1.5,1.9800548185071287,17.247127292338924,0.06063124248975815,0.35811509179875467,7.084535283574567,0.01828885201973475,1754567109384.737,1754567114384.737
0.5757894736842105,0.0016441630391768,0.4559259259259259,0.0031534979423868,0.5939849624060151,0.4953703703703703,0.0744237036453314,0.0608691862572134,0.0744237036453314,0.0608691862572134,1.0,1.0,25.0,1.0,0.4782490673356264,1754567111366.0,6.0,5.2025,1.0,1754567110199.0,1754567115199.0,0.0,0.0,1147143.613028,1147148.613028,1211.0,30.34471554230862,1.6692413254450817,2.8965724973127562,0.20475419341421106,10.392304845413264,1.4482862486563781,24.38827627689537,30.34471554230862,69.57387596507051,45.89338552282591,0.9617709529911246,0.961526505927385,0.05844175804800155,0.0347068880878125,1.5,1.9800548185071287,17.247127292338924,0.06063124248975815,0.35811509179875467,7.084535283574567,0.01828885201973475,1754567109384.737,1754567114384.737
0.5959398496240601,0.0012184069195545,0.4533333333333333,0.0044065843621399,0.6240601503759399,0.4953703703703703,0.0542733277054818,0.0582765936646208,0.0542733277054818,0.0582765936646208,1.0,1.0,25.0,1.0,0.658557737014506,1754567111366.0,6.0,5.2025,1.0,1754567110199.0,1754567115199.0,0.0,0.0,1147143.613028,1147148.613028,1211.0,30.34471554230862,1.6692413254450817,2.8965724973127562,0.20475419341421106,10.392304845413264,1.4482862486563781,24.38827627689537,30.34471554230862,69.57387596507051,45.89338552282591,0.9617709529911246,0.961526505927385,0.05844175804800155,0.0347068880878125,1.5,1.9800548185071287,17.247127292338924,0.06063124248975815,0.35811509179875467,7.084535283574567,0.01828885201973475,1754567109384.737,1754567114384.737
0.5657142857142857,0.0001889535869749,0.45,0.0057235939643347,0.5789473684210527,0.5,0.0844988916152562,0.0549432603312874,0.0844988916152562,0.0549432603312874,1.0,1.0,25.0,1.0,0.0665644020106857,1754567128651.0,5.8,5.533333333333334,1.0,1754567125202.0,1754567130202.0,0.0,0.0,1147158.613028,1147163.613028,1203.5,29.854618987890667,1.5235291562224367,2.8268978536528477,0.2316106434217569,10.392304845413264,1.413448926826424,23.7316622471164,29.854618987890667,77.0593196705606,47.81912850729265,0.9713106865225765,0.9709759090014238,0.05023297373823845,0.035983428343110455,3.0,48.51440424919048,1000.8922894942642,0.0649818062487512,0.48465956478330496,8.3542041688544,0.018636032718873298,1754567124384.737,1754567129384.737
0.5757894736842105,0.0002172875798518,0.4099999999999999,0.0086969821673525,0.5864661654135338,0.4629629629629629,0.0744237036453314,0.0149432603312874,0.0744237036453314,0.0149432603312874,1.0,1.0,25.0,1.0,0.197823457311596,1754567133466.0,5.8,6.2,1.0,1754567130203.0,1754567135203.0,0.0,0.0,1147163.613028,1147168.613028,1223.0,28.667390220623858,1.727149563896638,2.7216925545086212,0.2404712673933554,10.392304845413264,1.360846277254311,22.767149019700284,28.667390220623858,76.38901420552529,48.126671129247796,0.9772744874253851,0.9770787535160235,0.04516939546641325,0.0312743855436229,2.0,1.604809072373097,10.143422105059697,0.0766845991992379,0.24214318459039175,4.176007964304843,0.0182409666550482,1754567129384.737,1754567134384.737
0.5948872180451127,0.000268279721861,0.4466666666666666,0.0078825788751714,0.6015037593984962,0.5138888888888888,0.0553259592844292,0.0516099269979541,0.0553259592844292,0.0516099269979541,1.0,1.0,25.0,1.0,0.2486854992725801,1754567139582.5,5.4,6.33,1.0,1754567135204.0,1754567140204.0,0.0,0.0,1147168.613028,1147173.613028,1217.5,27.5104718889088,1.429025153726132,2.61928404503474,0.23551533896400334,10.392304845413264,1.30964202251737,21.93011451943429,27.5104718889088,69.02186979088873,45.030904467699614,0.9719304989238102,0.9718212011738074,0.05124681388443845,0.03174186197474795,1.5,1.6815285620691083,10.62944018682925,0.0729468145686704,0.489574424289984,5.932655794827592,0.0184232511102317,1754567134384.737,1754567139384.737
0.6174436090225565,0.0002750635988467,0.4055555555555555,0.0077537722908093,0.631578947368421,0.4814814814814814,0.0327695683069855,0.010498815886843,0.0327695683069855,0.010498815886843,1.0,1.0,25.0,1.0,0.1623419941543072,1754567139582.5,5.4,6.33,1.0,1754567135204.0,1754567140204.0,0.0,0.0,1147168.613028,1147173.613028,1217.5,27.5104718889088,1.429025153726132,2.61928404503474,0.23551533896400334,10.392304845413264,1.30964202251737,21.93011451943429,27.5104718889088,69.02186979088873,45.030904467699614,0.9719304989238102,0.9718212011738074,0.05124681388443845,0.03174186197474795,1.5,1.6815285620691083,10.62944018682925,0.0729468145686704,0.489574424289984,5.932655794827592,0.0184232511102317,1754567134384.737,1754567139384.737
0.6348872180451127,0.0002423200859291,0.3877777777777777,0.0062196159122085,0.6466165413533834,0.4259259259259259,0.0153259592844292,0.0072789618909347,0.0153259592844292,0.0072789618909347,1.0,1.0,25.0,1.0,0.0038787986660987,1754567139582.5,5.4,6.33,1.0,1754567135204.0,1754567140204.0,0.0,0.0,1147168.613028,1147173.613028,1217.5,27.5104718889088,1.429025153726132,2.61928404503474,0.23551533896400334,10.392304845413264,1.30964202251737,21.93011451943429,27.5104718889088,69.02186979088873,45.030904467699614,0.9719304989238102,0.9718212011738074,0.05124681388443845,0.03174186197474795,1.5,1.6815285620691083,10.62944018682925,0.0729468145686704,0.489574424289984,5.932655794827592,0.0184232511102317,1754567134384.737,1754567139384.737
0.643157894736842,0.0001610266267171,0.3792592592592592,0.008316049382716,0.6541353383458647,0.4444444444444444,0.0070552825926999,0.0157974804094532,0.0070552825926999,0.0157974804094532,1.0,1.0,25.0,1.0,0.0052703299203059,1754567139582.5,5.4,6.33,1.0,1754567135204.0,1754567140204.0,0.0,0.0,1147168.613028,1147173.613028,1217.5,27.5104718889088,1.429025153726132,2.61928404503474,0.23551533896400334,10.392304845413264,1.30964202251737,21.93011451943429,27.5104718889088,69.02186979088873,45.030904467699614,0.9719304989238102,0.9718212011738074,0.05124681388443845,0.03174186197474795,1.5,1.6815285620691083,10.62944018682925,0.0729468145686704,0.489574424289984,5.932655794827592,0.0184232511102317,1754567134384.737,1754567139384.737
0.634436090225564,0.0001942223981005,0.3588888888888889,0.0082152263374485,0.6466165413533834,0.4027777777777778,0.0157770871039779,0.0361678507798235,0.0157770871039779,0.0361678507798235,1.0,1.0,25.0,1.0,0.005572093467878,1754567158525.25,4.8675,6.6,1.0,1754567155208.0,1754567160208.0,0.0,0.0,1147188.613028,1147193.613028,1207.5,27.071592633899055,1.2677694249025802,2.5934492119504253,0.2470059663842853,10.392304845413264,1.2967246059752127,21.46848743203688,27.071592633899055,70.63468487925931,45.62573020180044,0.9693882551525168,0.9691881324211432,0.05335884200755425,0.0348795738590974,2.0,2.6106182929968353,22.88607073984313,0.07719993529068306,0.36061294894030316,7.1128084095031925,0.01819788018604625,1754567154384.737,1754567159384.737
0.6457142857142858,0.0002750635988467,0.3574074074074074,0.0074519890260631,0.6541353383458647,0.3888888888888889,0.0044988916152561,0.037649332261305,0.0044988916152561,0.037649332261305,1.0,1.0,25.0,1.0,0.0076534699557557,1754567161643.3333,4.2,6.87,1.0,1754567160209.0,1754567165209.0,0.0,0.0,1147193.613028,1147198.613028,1207.5,27.66894925733913,0.9947755641621637,2.664708049292183,0.24478013391349185,10.392304845413264,1.3323540246460914,22.006732482450445,27.66894925733913,73.78542674322846,46.20169618253368,0.9681592382966675,0.967803248146083,0.05540795424823795,0.0365358670376372,2.0,2.0898813525620668,18.572647951663782,0.06344904730162006,0.4809240327139679,8.332117191402286,0.0180665201720345,1754567159384.737,1754567164384.737
0.6596992481203007,0.0002143931256713,0.3522222222222222,0.0087858710562414,0.6691729323308271,0.3842592592592592,0.0094860707907586,0.0428345174464903,0.0094860707907586,0.0428345174464903,1.0,1.0,25.0,1.0,0.0039453725104525,1754567168691.5,3.535,6.87,1.0,1754567165210.0,1754567170210.0,0.0,0.0,1147198.613028,1147203.613028,1211.5,27.899760827245178,1.1444803187862564,2.6887131718145474,0.24528858427427275,10.392304845413264,1.3443565859072737,22.218057405601943,27.899760827245178,80.63422688198239,48.02031731108836,0.9759141034701773,0.975412990618479,0.04952069435110825,0.03624218640960565,2.0,2.089694182929282,19.943815273595654,0.0597922419983693,0.5982378342898238,9.242980375217009,0.018064530149651398,1754567164384.737,1754567169384.737
0.6684210526315788,0.000495788343038,0.34,0.0078156378600823,0.6842105263157895,0.3888888888888889,0.0182078753020368,0.0550567396687124,0.0182078753020368,0.0550567396687124,1.0,1.0,25.0,1.0,0.7378924023588211,1754567168691.5,3.535,6.87,1.0,1754567165210.0,1754567170210.0,0.0,0.0,1147198.613028,1147203.613028,1211.5,27.899760827245178,1.1444803187862564,2.6887131718145474,0.24528858427427275,10.392304845413264,1.3443565859072737,22.218057405601943,27.899760827245178,80.63422688198239,48.02031731108836,0.9759141034701773,0.975412990618479,0.04952069435110825,0.03624218640960565,2.0,2.089694182929282,19.943815273595654,0.0597922419983693,0.5982378342898238,9.242980375217009,0.018064530149651398,1754567164384.737,1754567169384.737
0.606015037593985,0.0003052744643563,0.3477777777777777,0.0030629629629629,0.6165413533834586,0.3703703703703703,0.0441981397355569,0.0472789618909347,0.0441981397355569,0.0472789618909347,1.0,1.0,25.0,1.0,0.5234761427501955,1754567179349.0,3.13,6.87,1.0,1754567175212.0,1754567180212.0,0.0,0.0,1147208.613028,1147213.613028,1210.0,28.154504826672717,1.523213626606585,2.7067183761640874,0.28015045771519786,10.392304845413264,1.3533591880820435,22.558568807242004,28.154504826672717,77.60392236513115,47.547049598884755,0.968022627927331,0.9676850097397719,0.05707648583859955,0.039729492265549546,2.5,2.441692890419764,21.261460148873557,0.0609293131249355,0.6005280170725061,9.257471380643358,0.01815296552311205,1754567174384.737,1754567179384.737
0.6467669172932331,0.0002792469896545,0.3474074074074073,0.0045618655692729,0.6597744360902256,0.3703703703703703,0.0034462600363088,0.0476493322613051,0.0034462600363088,0.0476493322613051,1.0,1.0,25.0,1.0,0.1990912097438621,1754567181443.0,2.87,6.87,1.0,1754567180213.0,1754567185213.0,0.0,0.0,1147213.613028,1147218.613028,1213.0,26.97274207067209,1.7688041625178295,2.5940742810715065,0.29035635949669375,10.392304845413264,1.2970371405357533,21.52246026322003,26.97274207067209,69.48954393477528,45.105114457981564,0.9612716711324478,0.960566182200411,0.061393074174551754,0.0420243954055841,3.0,2.7925038977767898,24.535165286027997,0.0643654542142073,0.5983235308057021,9.241993636086692,0.018281304415883298,1754567179384.737,1754567184384.737
0.6723308270676692,0.0002986941036802,0.3414814814814814,0.007752537722908,0.6842105263157895,0.4074074074074074,0.0221176497381272,0.053575258187231,0.0221176497381272,0.053575258187231,1.0,1.0,25.0,1.0,0.1452928399689017,1754567181443.0,2.87,6.87,1.0,1754567180213.0,1754567185213.0,0.0,0.0,1147213.613028,1147218.613028,1213.0,26.97274207067209,1.7688041625178295,2.5940742810715065,0.29035635949669375,10.392304845413264,1.2970371405357533,21.52246026322003,26.97274207067209,69.48954393477528,45.105114457981564,0.9612716711324478,0.960566182200411,0.061393074174551754,0.0420243954055841,3.0,2.7925038977767898,24.535165286027997,0.0643654542142073,0.5983235308057021,9.241993636086692,0.018281304415883298,1754567179384.737,1754567184384.737
0.6909774436090226,0.000219910678953,0.3351851851851852,0.0087277091906721,0.6992481203007519,0.3703703703703703,0.0407642662794806,0.0598715544835273,0.0407642662794806,0.0598715544835273,1.0,1.0,25.0,1.0,0.203020624350997,1754567181443.0,2.87,6.87,1.0,1754567180213.0,1754567185213.0,0.0,0.0,1147213.613028,1147218.613028,1213.0,26.97274207067209,1.7688041625178295,2.5940742810715065,0.29035635949669375,10.392304845413264,1.2970371405357533,21.52246026322003,26.97274207067209,69.48954393477528,45.105114457981564,0.9612716711324478,0.960566182200411,0.061393074174551754,0.0420243954055841,3.0,2.7925038977767898,24.535165286027997,0.0643654542142073,0.5983235308057021,9.241993636086692,0.018281304415883298,1754567179384.737,1754567184384.737
0.7076691729323309,0.0002411442139182,0.3262962962962962,0.0094909465020576,0.7218045112781954,0.3888888888888889,0.0574559956027889,0.0687604433724162,0.0574559956027889,0.0687604433724162,1.0,1.0,25.0,1.0,0.0036476609871536,1754567181443.0,2.87,6.87,1.0,1754567180213.0,1754567185213.0,0.0,0.0,1147213.613028,1147218.613028,1213.0,26.97274207067209,1.7688041625178295,2.5940742810715065,0.29035635949669375,10.392304845413264,1.2970371405357533,21.52246026322003,26.97274207067209,69.48954393477528,45.105114457981564,0.9612716711324478,0.960566182200411,0.061393074174551754,0.0420243954055841,3.0,2.7925038977767898,24.535165286027997,0.0643654542142073,0.5983235308057021,9.241993636086692,0.018281304415883298,1754567179384.737,1754567184384.737
0.7199999999999999,0.0002206116795748,0.3411111111111111,0.0096034293552812,0.7293233082706767,0.3842592592592592,0.0697868226704578,0.0539456285576014,0.0697868226704578,0.0539456285576014,1.0,1.0,25.0,1.0,0.0024546822039191,1754567181443.0,2.87,6.87,1.0,1754567180213.0,1754567185213.0,0.0,0.0,1147213.613028,1147218.613028,1213.0,26.97274207067209,1.7688041625178295,2.5940742810715065,0.29035635949669375,10.392304845413264,1.2970371405357533,21.52246026322003,26.97274207067209,69.48954393477528,45.105114457981564,0.9612716711324478,0.960566182200411,0.061393074174551754,0.0420243954055841,3.0,2.7925038977767898,24.535165286027997,0.0643654542142073,0.5983235308057021,9.241993636086692,0.018281304415883298,1754567179384.737,1754567184384.737
0.7288721804511278,0.0002768047939397,0.3322222222222222,0.010499451303155,0.7424812030075187,0.3518518518518518,0.0786590031215858,0.0628345174464903,0.0786590031215858,0.0628345174464903,1.0,1.0,25.0,1.0,0.0037695838739403,1754567181443.0,2.87,6.87,1.0,1754567180213.0,1754567185213.0,0.0,0.0,1147213.613028,1147218.613028,1213.0,26.97274207067209,1.7688041625178295,2.5940742810715065,0.29035635949669375,10.392304845413264,1.2970371405357533,21.52246026322003,26.97274207067209,69.48954393477528,45.105114457981564,0.9612716711324478,0.960566182200411,0.061393074174551754,0.0420243954055841,3.0,2.7925038977767898,24.535165286027997,0.0643654542142073,0.5983235308057021,9.241993636086692,0.018281304415883298,1754567179384.737,1754567184384.737
0.7350375939849626,0.0002070439256034,0.3337037037037037,0.0074964334705075,0.7443609022556391,0.4027777777777778,0.0848244166554206,0.0613530359650087,0.0848244166554206,0.0613530359650087,1.0,1.0,25.0,1.0,0.0024240749895814,1754567181443.0,2.87,6.87,1.0,1754567180213.0,1754567185213.0,0.0,0.0,1147213.613028,1147218.613028,1213.0,26.97274207067209,1.7688041625178295,2.5940742810715065,0.29035635949669375,10.392304845413264,1.2970371405357533,21.52246026322003,26.97274207067209,69.48954393477528,45.105114457981564,0.9612716711324478,0.960566182200411,0.061393074174551754,0.0420243954055841,3.0,2.7925038977767898,24.535165286027997,0.0643654542142073,0.5983235308057021,9.241993636086692,0.018281304415883298,1754567179384.737,1754567184384.737
0.741954887218045,0.0002203403244954,0.3248148148148148,0.0084802469135802,0.7518796992481203,0.3518518518518518,0.091741709888503,0.0702419248538976,0.091741709888503,0.0702419248538976,1.0,1.0,25.0,1.0,7.693031039577331e-08,1754567181443.0,2.87,6.87,1.0,1754567180213.0,1754567185213.0,0.0,0.0,1147213.613028,1147218.613028,1213.0,26.97274207067209,1.7688041625178295,2.5940742810715065,0.29035635949669375,10.392304845413264,1.2970371405357533,21.52246026322003,26.97274207067209,69.48954393477528,45.105114457981564,0.9612716711324478,0.960566182200411,0.061393074174551754,0.0420243954055841,3.0,2.7925038977767898,24.535165286027997,0.0643654542142073,0.5983235308057021,9.241993636086692,0.018281304415883298,1754567179384.737,1754567184384.737
0.7430075187969923,0.0002593476171632,0.3296296296296295,0.007914951989026,0.7593984962406015,0.3703703703703703,0.0927943414674503,0.0654271100390829,0.0927943414674503,0.0654271100390829,1.0,1.0,25.0,1.0,0.3245426657815221,1754567181443.0,2.87,6.87,1.0,1754567180213.0,1754567185213.0,0.0,0.0,1147213.613028,1147218.613028,1213.0,26.97274207067209,1.7688041625178295,2.5940742810715065,0.29035635949669375,10.392304845413264,1.2970371405357533,21.52246026322003,26.97274207067209,69.48954393477528,45.105114457981564,0.9612716711324478,0.960566182200411,0.061393074174551754,0.0420243954055841,3.0,2.7925038977767898,24.535165286027997,0.0643654542142073,0.5983235308057021,9.241993636086692,0.018281304415883298,1754567179384.737,1754567184384.737
0.7072180451127821,0.0002994177172253,0.3214814814814815,0.0072532235939643,0.7218045112781954,0.3333333333333333,0.0570048677832401,0.073575258187231,0.0570048677832401,0.073575258187231,1.0,1.0,25.0,1.0,2.675568371935769e-05,1754567181443.0,2.87,6.87,1.0,1754567180213.0,1754567185213.0,0.0,0.0,1147213.613028,1147218.613028,1213.0,26.97274207067209,1.7688041625178295,2.5940742810715065,0.29035635949669375,10.392304845413264,1.2970371405357533,21.52246026322003,26.97274207067209,69.48954393477528,45.105114457981564,0.9612716711324478,0.960566182200411,0.061393074174551754,0.0420243954055841,3.0,2.7925038977767898,24.535165286027997,0.0643654542142073,0.5983235308057021,9.241993636086692,0.018281304415883298,1754567179384.737,1754567184384.737
0.7070676691729324,0.0002056871502063,0.3322222222222222,0.0090042524005486,0.7199248120300752,0.4166666666666666,0.0568544918433904,0.0628345174464903,0.0568544918433904,0.0628345174464903,1.0,1.0,25.0,1.0,0.0366012973349943,1754567181443.0,2.87,6.87,1.0,1754567180213.0,1754567185213.0,0.0,0.0,1147213.613028,1147218.613028,1213.0,26.97274207067209,1.7688041625178295,2.5940742810715065,0.29035635949669375,10.392304845413264,1.2970371405357533,21.52246026322003,26.97274207067209,69.48954393477528,45.105114457981564,0.9612716711324478,0.960566182200411,0.061393074174551754,0.0420243954055841,3.0,2.7925038977767898,24.535165286027997,0.0643654542142073,0.5983235308057021,9.241993636086692,0.018281304415883298,1754567179384.737,1754567184384.737
0.6980451127819549,0.0002337271750805,0.3222222222222221,0.0099725651577503,0.706766917293233,0.3657407407407407,0.0478319354524129,0.0728345174464903,0.0478319354524129,0.0728345174464903,1.0,1.0,25.0,1.0,2.666918841927401e-10,1754567181443.0,2.87,6.87,1.0,1754567180213.0,1754567185213.0,0.0,0.0,1147213.613028,1147218.613028,1213.0,26.97274207067209,1.7688041625178295,2.5940742810715065,0.29035635949669375,10.392304845413264,1.2970371405357533,21.52246026322003,26.97274207067209,69.48954393477528,45.105114457981564,0.9612716711324478,0.960566182200411,0.061393074174551754,0.0420243954055841,3.0,2.7925038977767898,24.535165286027997,0.0643654542142073,0.5983235308057021,9.241993636086692,0.018281304415883298,1754567179384.737,1754567184384.737
0.7,0.0001905138786816,0.3266666666666666,0.0099692729766803,0.7142857142857143,0.4027777777777778,0.0497868226704579,0.0683900730020458,0.0497868226704579,0.0683900730020458,1.0,1.0,25.0,1.0,,1754567243670.0,2.6675,6.397499999999999,1.0,1754567240225.0,1754567245225.0,0.0,0.0,1147273.613028,1147278.613028,1220.0,29.437522982832494,1.3444176058610307,2.7994194092525477,0.2073690863571947,10.392304845413264,1.3997097046262736,23.54711816117098,29.437522982832494,79.36422621554932,47.87193941017004,0.9641123405103764,0.963601887820893,0.053830405273005755,0.03421939692002275,2.0,2.1628155358465864,20.31482553057857,0.04657213927711405,0.7122273101125822,10.120147928026809,0.018147843196441152,1754567239384.737,1754567244384.737
0.3013533834586466,0.00125691672791,0.4022222222222221,0.0034847736625514,0.3308270676691729,0.4444444444444444,0.3488597938708954,0.0071654825535096,0.3488597938708954,0.0071654825535096,1.0,1.0,25.0,2.0,0.2768153324919478,1754568211079.0,5.0,5.0,2.0,1754568211079.0,1754568216079.0,1.0,1.0,1148243.613028,1148248.613028,1196.0,27.676191963578,1.9532793139454026,2.3145448962131256,0.22540182144318527,10.392304845413264,1.1572724481065628,22.103568285101087,27.676191963578,69.04358363417623,47.28463865934618,0.9654800019241399,0.9654408282429328,0.0598941738936,0.039219391709509804,3.0,8.224502352445201,94.63675958503713,0.0814851414414843,0.6038746012460252,8.749291230983633,0.0188241082313051,1754568209384.737,1754568214384.737
0.2732330827067669,0.0005418282548476,0.4181481481481481,0.0020999999999999,0.2932330827067669,0.4444444444444444,0.3769800946227751,0.0230914084794355,0.3769800946227751,0.0230914084794355,1.0,1.0,25.0,2.0,0.0031373007817954,1754568219523.0,5.0,5.27,2.0,1754568216080.0,1754568221080.0,0.0,1.0,1148248.613028,1148253.613028,1193.0,29.26474621959693,1.8103795605192254,2.4364834810093776,0.23445054572287627,10.392304845413264,1.2182417405046888,23.75781481314077,29.26474621959693,70.89480243546237,50.93641733936279,0.9555681795662888,0.9555674887861836,0.07144962193349691,0.046720010151066804,6.0,8.4120273678693,93.5440193283024,0.08440286338698649,0.7239217102991944,9.966528244278479,0.01935062058827745,1754568214384.737,1754568219384.737
0.2793984962406014,0.0006136242862796,0.422962962962963,0.0019116598079561,0.3007518796992481,0.4444444444444444,0.3708146810889405,0.0279062232942504,0.3708146810889405,0.0279062232942504,1.0,1.0,25.0,2.0,0.5951541347659824,1754568222311.5,4.865,5.27,2.0,1754568221081.0,1754568226081.0,0.0,0.0,1148253.613028,1148258.613028,1200.0,27.987801539057635,1.8281834607931886,2.3312168456047964,0.21277119137021305,10.392304845413264,1.1656084228023982,22.597800436631754,27.987801539057635,68.42306220543814,48.747704010192706,0.9521719684373617,0.952137724287241,0.07597643854550434,0.04797569898804635,5.5,24.224506342665677,503.1696168091003,0.08469463683377901,0.3582115294424031,7.028187893787036,0.018944834263996353,1754568219384.737,1754568224384.737
0.3390977443609022,0.0002312171405958,0.4359259259259259,0.0033362139917695,0.3458646616541353,0.4629629629629629,0.3111154329686397,0.0408691862572133,0.3111154329686397,0.0408691862572133,1.0,1.0,25.0,2.0,0.2213462140282345,1754568222311.5,4.865,5.27,2.0,1754568221081.0,1754568226081.0,0.0,0.0,1148253.613028,1148258.613028,1200.0,27.987801539057635,1.8281834607931886,2.3312168456047964,0.21277119137021305,10.392304845413264,1.1656084228023982,22.597800436631754,27.987801539057635,68.42306220543814,48.747704010192706,0.9521719684373617,0.952137724287241,0.07597643854550434,0.04797569898804635,5.5,24.224506342665677,503.1696168091003,0.08469463683377901,0.3582115294424031,7.028187893787036,0.018944834263996353,1754568219384.737,1754568224384.737
0.3639097744360902,0.0002125614788851,0.4314814814814813,0.0021844993141289,0.3759398496240601,0.4629629629629629,0.2863034028934518,0.0364247418127688,0.2863034028934518,0.0364247418127688,1.0,1.0,25.0,2.0,0.7401492847268224,1754568236018.0,5.0,5.0,2.0,1754568231083.0,1754568236083.0,1.0,0.0,1148263.613028,1148268.613028,1164.5,29.9235883355162,1.5845836733992256,2.4900797687834055,0.20864061141808066,10.392304845413264,1.2450398843917028,24.516784349717714,29.9235883355162,77.06707716778314,51.40063177855702,0.9477013542598689,0.9475941017756808,0.07854901669096045,0.0528566522071425,8.5,79.15844229089448,1562.6928224302849,0.070962112890205,0.8668590180996832,11.051155673189008,0.02029961079798635,1754568229384.737,1754568234384.737
0.4072180451127818,0.0002540788060376,0.4348148148148148,0.0020471879286694,0.419172932330827,0.4629629629629629,0.2429951322167601,0.0397580751461023,0.2429951322167601,0.0397580751461023,1.0,1.0,25.0,2.0,0.1491053035055353,1754568238394.5,5.0,4.3325,2.0,1754568236084.0,1754568241084.0,1.0,1.0,1148268.613028,1148273.613028,1186.0,28.83859751928412,1.627511642959357,2.406207960086918,0.1863320547174543,10.392304845413264,1.203103980043459,23.20950801042637,28.83859751928412,57.55266624058412,41.93915125779981,0.948789044885102,0.9487577871317594,0.07192156099788055,0.042917220478311646,5.0,78.21481035031162,1558.5917422540622,0.06779671758035119,0.729150586318488,10.164217266966084,0.019561977082141448,1754568234384.737,1754568239384.737
0.4290225563909773,0.0001818305161399,0.4103703703703704,0.0026935528120713,0.4360902255639097,0.4444444444444444,0.2211906209385646,0.0153136307016578,0.2211906209385646,0.0153136307016578,1.0,1.0,25.0,2.0,0.4110178318931105,1754568243629.0,5.0,3.535,2.0,1754568241085.0,1754568246085.0,1.0,1.0,1148273.613028,1148278.613028,1207.5,28.29200602328742,1.671423260095084,2.3349664560711703,0.17245075026143286,10.392304845413264,1.167483228035585,22.806129614650196,28.29200602328742,57.564240488869146,41.40587841647894,0.9494006931695145,0.9494154254529732,0.07037958812144579,0.03790403765628185,2.0,2.9966416642809826,23.559615192055077,0.0565327134445004,0.4745099860329205,7.921252964458263,0.018284755474296602,1754568239384.737,1754568244384.737
0.4544360902255638,0.000190310362372,0.3937037037037036,0.0022470507544581,0.4661654135338345,0.4259259259259259,0.1957770871039781,0.0013530359650088,0.1957770871039781,0.0013530359650088,1.0,1.0,25.0,2.0,0.1510209336553207,1754568243629.0,5.0,3.535,2.0,1754568241085.0,1754568246085.0,1.0,1.0,1148273.613028,1148278.613028,1207.5,28.29200602328742,1.671423260095084,2.3349664560711703,0.17245075026143286,10.392304845413264,1.167483228035585,22.806129614650196,28.29200602328742,57.564240488869146,41.40587841647894,0.9494006931695145,0.9494154254529732,0.07037958812144579,0.03790403765628185,2.0,2.9966416642809826,23.559615192055077,0.0565327134445004,0.4745099860329205,7.921252964458263,0.018284755474296602,1754568239384.737,1754568244384.737
0.4666165413533833,0.0002044434394256,0.3822222222222221,0.0022189300411522,0.4812030075187969,0.4074074074074074,0.1835966359761586,0.0128345174464903,0.1835966359761586,0.0128345174464903,1.0,1.0,25.0,2.0,0.0082488271909778,1754568251341.0,5.0,3.13,2.0,1754568251087.0,1754568256087.0,1.0,1.0,1148283.613028,1148288.613028,1196.5,27.789503904767386,1.6151816056935462,2.2774600383392154,0.15033118364475323,10.392304845413264,1.138730019169608,22.218092811167843,27.789503904767386,64.98909392837754,43.955175364574394,0.9587783489850495,0.9586512005819714,0.0648299350166039,0.03928385406057905,2.0,2.3589140972275233,15.67320948508437,0.0625610289741685,0.4814753298434826,7.969017374188526,0.0185597582863215,1754568249384.737,1754568254384.737
0.4790977443609022,0.0003211939623494,0.3781481481481481,0.0025115226337448,0.4962406015037593,0.4074074074074074,0.1711154329686398,0.0169085915205643,0.1711154329686398,0.0169085915205643,1.0,1.0,25.0,2.0,0.0072107271560236,1754568251341.0,5.0,3.13,2.0,1754568251087.0,1754568256087.0,1.0,1.0,1148283.613028,1148288.613028,1196.5,27.789503904767386,1.6151816056935462,2.2774600383392154,0.15033118364475323,10.392304845413264,1.138730019169608,22.218092811167843,27.789503904767386,64.98909392837754,43.955175364574394,0.9587783489850495,0.9586512005819714,0.0648299350166039,0.03928385406057905,2.0,2.3589140972275233,15.67320948508437,0.0625610289741685,0.4814753298434826,7.969017374188526,0.0185597582863215,1754568249384.737,1754568254384.737
0.4663157894736841,0.0003109050822545,0.3781481481481481,0.0025526748971193,0.4812030075187969,0.4074074074074074,0.1838973878558578,0.0169085915205643,0.1838973878558578,0.0169085915205643,1.0,1.0,25.0,2.0,0.260004257361878,1754568263045.0,4.73,2.8666666666666667,2.0,1754568261089.0,1754568266089.0,1.0,1.0,1148293.613028,1148298.613028,1200.5,29.25544926389116,1.3805089363924374,2.3809100753420793,0.1569891296143635,10.392304845413264,1.1904550376710397,23.704590719083292,29.25544926389116,63.76329437800264,44.865383230641086,0.9524900871821974,0.9524803491725504,0.06526160031351286,0.0351914558613848,1.5,1.9340990561226972,15.326264143039445,0.0590831236775813,0.23819817402587107,5.814308527173367,0.01828897792473435,1754568259384.737,1754568264384.737
0.4872180451127819,0.0001334162473853,0.3640740740740741,0.0028890260631001,0.4962406015037593,0.4074074074074074,0.1629951322167601,0.0309826655946384,0.1629951322167601,0.0309826655946384,1.0,1.0,25.0,2.0,0.9505897919862925,1754568266382.0,4.47,2.6,2.0,1754568266090.0,1754568271090.0,1.0,1.0,1148298.613028,1148303.613028,1191.0,29.15183419345966,1.6473047339090965,2.3643828466668424,0.16909526639142736,10.392304845413264,1.182191423333421,23.71421885271882,29.15183419345966,62.08890161065972,44.32492348295989,0.946132397069666,0.9461787214850776,0.0743066931933507,0.038983058225304054,1.5,4.522838507562437,63.5706088958152,0.059406218010592995,0.4831873032927243,7.983888169322998,0.0186499849324396,1754568264384.737,1754568269384.737
0.4186466165413533,0.0006432019899372,0.3677777777777777,0.0019754458161865,0.4417293233082706,0.4027777777777778,0.2315665607881886,0.0272789618909348,0.2315665607881886,0.0272789618909348,1.0,1.0,25.0,2.0,0.4001136142057454,1754568266382.0,4.47,2.6,2.0,1754568266090.0,1754568271090.0,1.0,1.0,1148298.613028,1148303.613028,1191.0,29.15183419345966,1.6473047339090965,2.3643828466668424,0.16909526639142736,10.392304845413264,1.182191423333421,23.71421885271882,29.15183419345966,62.08890161065972,44.32492348295989,0.946132397069666,0.9461787214850776,0.0743066931933507,0.038983058225304054,1.5,4.522838507562437,63.5706088958152,0.059406218010592995,0.4831873032927243,7.983888169322998,0.0186499849324396,1754568264384.737,1754568269384.737
0.3772932330827066,0.0005894962971338,0.3829629629629629,0.0017755829903978,0.3966165413533833,0.4074074074074074,0.2729199442468353,0.0120937767057496,0.2729199442468353,0.0120937767057496,1.0,1.0,25.0,2.0,0.280056450456292,1754568266382.0,4.47,2.6,2.0,1754568266090.0,1754568271090.0,1.0,1.0,1148298.613028,1148303.613028,1191.0,29.15183419345966,1.6473047339090965,2.3643828466668424,0.16909526639142736,10.392304845413264,1.182191423333421,23.71421885271882,29.15183419345966,62.08890161065972,44.32492348295989,0.946132397069666,0.9461787214850776,0.0743066931933507,0.038983058225304054,1.5,4.522838507562437,63.5706088958152,0.059406218010592995,0.4831873032927243,7.983888169322998,0.0186499849324396,1754568264384.737,1754568269384.737
0.4085714285714285,0.0002003731132342,0.3866666666666667,0.0017783264746227,0.4210526315789473,0.4074074074074074,0.2416417487581134,0.0083900730020458,0.2416417487581134,0.0083900730020458,1.0,1.0,25.0,2.0,0.0048721222442034,1754568266382.0,4.47,2.6,2.0,1754568266090.0,1754568271090.0,1.0,1.0,1148298.613028,1148303.613028,1191.0,29.15183419345966,1.6473047339090965,2.3643828466668424,0.16909526639142736,10.392304845413264,1.182191423333421,23.71421885271882,29.15183419345966,62.08890161065972,44.32492348295989,0.946132397069666,0.9461787214850776,0.0743066931933507,0.038983058225304054,1.5,4.522838507562437,63.5706088958152,0.059406218010592995,0.4831873032927243,7.983888169322998,0.0186499849324396,1754568264384.737,1754568269384.737
0.414736842105263,0.0002292045904234,0.371111111111111,0.0027703703703703,0.4210526315789473,0.4074074074074074,0.2354763352242789,0.0239456285576014,0.2354763352242789,0.0239456285576014,1.0,1.0,25.0,2.0,0.002858706889094,1754568266382.0,4.47,2.6,2.0,1754568266090.0,1754568271090.0,1.0,1.0,1148298.613028,1148303.613028,1191.0,29.15183419345966,1.6473047339090965,2.3643828466668424,0.16909526639142736,10.392304845413264,1.182191423333421,23.71421885271882,29.15183419345966,62.08890161065972,44.32492348295989,0.946132397069666,0.9461787214850776,0.0743066931933507,0.038983058225304054,1.5,4.522838507562437,63.5706088958152,0.059406218010592995,0.4831873032927243,7.983888169322998,0.0186499849324396,1754568264384.737,1754568269384.737
0.4221052631578946,0.0002442421844083,0.3692592592592592,0.0026668038408779,0.4285714285714285,0.4074074074074074,0.2281079141716473,0.0257974804094532,0.2281079141716473,0.0257974804094532,1.0,1.0,25.0,2.0,0.2899379760542283,1754568266382.0,4.47,2.6,2.0,1754568266090.0,1754568271090.0,1.0,1.0,1148298.613028,1148303.613028,1191.0,29.15183419345966,1.6473047339090965,2.3643828466668424,0.16909526639142736,10.392304845413264,1.182191423333421,23.71421885271882,29.15183419345966,62.08890161065972,44.32492348295989,0.946132397069666,0.9461787214850776,0.0743066931933507,0.038983058225304054,1.5,4.522838507562437,63.5706088958152,0.059406218010592995,0.4831873032927243,7.983888169322998,0.0186499849324396,1754568264384.737,1754568269384.737
0.4512781954887216,0.0003041212052688,0.3725925925925925,0.0018743484224965,0.4661654135338345,0.4074074074074074,0.1989349818408203,0.0224641470761199,0.1989349818408203,0.0224641470761199,1.0,1.0,25.0,2.0,0.307618324632025,1754568266382.0,4.47,2.6,2.0,1754568266090.0,1754568271090.0,1.0,1.0,1148298.613028,1148303.613028,1191.0,29.15183419345966,1.6473047339090965,2.3643828466668424,0.16909526639142736,10.392304845413264,1.182191423333421,23.71421885271882,29.15183419345966,62.08890161065972,44.32492348295989,0.946132397069666,0.9461787214850776,0.0743066931933507,0.038983058225304054,1.5,4.522838507562437,63.5706088958152,0.059406218010592995,0.4831873032927243,7.983888169322998,0.0186499849324396,1754568264384.737,1754568269384.737
0.4230075187969924,0.000377206173328,0.3866666666666666,0.0021349794238683,0.4360902255639097,0.4212962962962963,0.2272056585325496,0.0083900730020458,0.2272056585325496,0.0083900730020458,1.0,1.0,25.0,2.0,0.3434822153753729,1754568266382.0,4.47,2.6,2.0,1754568266090.0,1754568271090.0,1.0,1.0,1148298.613028,1148303.613028,1191.0,29.15183419345966,1.6473047339090965,2.3643828466668424,0.16909526639142736,10.392304845413264,1.182191423333421,23.71421885271882,29.15183419345966,62.08890161065972,44.32492348295989,0.946132397069666,0.9461787214850776,0.0743066931933507,0.038983058225304054,1.5,4.522838507562437,63.5706088958152,0.059406218010592995,0.4831873032927243,7.983888169322998,0.0186499849324396,1754568264384.737,1754568269384.737
0.3646616541353383,0.0024857255921759,0.3988888888888889,0.001772427983539,0.4135338345864661,0.4259259259259259,0.2855515231942037,0.0038321492201763,0.2855515231942037,0.0038321492201763,1.0,1.0,25.0,2.0,0.3205544800595518,1754568266382.0,4.47,2.6,2.0,1754568266090.0,1754568271090.0,1.0,1.0,1148298.613028,1148303.613028,1191.0,29.15183419345966,1.6473047339090965,2.3643828466668424,0.16909526639142736,10.392304845413264,1.182191423333421,23.71421885271882,29.15183419345966,62.08890161065972,44.32492348295989,0.946132397069666,0.9461787214850776,0.0743066931933507,0.038983058225304054,1.5,4.522838507562437,63.5706088958152,0.059406218010592995,0.4831873032927243,7.983888169322998,0.0186499849324396,1754568264384.737,1754568269384.737
0.3481203007518797,0.0002244332636101,0.4314814814814814,0.0019650205761316,0.3533834586466165,0.4629629629629629,0.3020928765776622,0.0364247418127689,0.3020928765776622,0.0364247418127689,1.0,1.0,25.0,2.0,1.0,1754568266382.0,4.47,2.6,2.0,1754568266090.0,1754568271090.0,1.0,1.0,1148298.613028,1148303.613028,1191.0,29.15183419345966,1.6473047339090965,2.3643828466668424,0.16909526639142736,10.392304845413264,1.182191423333421,23.71421885271882,29.15183419345966,62.08890161065972,44.32492348295989,0.946132397069666,0.9461787214850776,0.0743066931933507,0.038983058225304054,1.5,4.522838507562437,63.5706088958152,0.059406218010592995,0.4831873032927243,7.983888169322998,0.0186499849324396,1754568264384.737,1754568269384.737
0.2736842105263157,0.0004409520040703,0.4825925925925925,0.0021181069958847,0.2932330827067669,0.5,0.3765289668032262,0.08753585292388,0.3765289668032262,0.08753585292388,1.0,1.0,25.0,2.0,0.4347565101960583,1754568266382.0,4.47,2.6,2.0,1754568266090.0,1754568271090.0,1.0,1.0,1148298.613028,1148303.613028,1191.0,29.15183419345966,1.6473047339090965,2.3643828466668424,0.16909526639142736,10.392304845413264,1.182191423333421,23.71421885271882,29.15183419345966,62.08890161065972,44.32492348295989,0.946132397069666,0.9461787214850776,0.0743066931933507,0.038983058225304054,1.5,4.522838507562437,63.5706088958152,0.059406218010592995,0.4831873032927243,7.983888169322998,0.0186499849324396,1754568264384.737,1754568269384.737
0.2353383458646616,0.000531969020295,0.5014814814814814,0.0020554183813443,0.2537593984962406,0.5370370370370371,0.4148748314648803,0.1064247418127689,0.4148748314648803,0.1064247418127689,1.0,1.0,25.0,2.0,0.591684737519788,1754568266382.0,4.47,2.6,2.0,1754568266090.0,1754568271090.0,1.0,1.0,1148298.613028,1148303.613028,1191.0,29.15183419345966,1.6473047339090965,2.3643828466668424,0.16909526639142736,10.392304845413264,1.182191423333421,23.71421885271882,29.15183419345966,62.08890161065972,44.32492348295989,0.946132397069666,0.9461787214850776,0.0743066931933507,0.038983058225304054,1.5,4.522838507562437,63.5706088958152,0.059406218010592995,0.4831873032927243,7.983888169322998,0.0186499849324396,1754568264384.737,1754568269384.737
0.2884210526315789,0.0003431737237831,0.5244444444444444,0.0027083676268861,0.3007518796992481,0.5555555555555556,0.361792124697963,0.1293877047757318,0.361792124697963,0.1293877047757318,1.0,1.0,25.0,2.0,0.1107799601219623,1754568330305.0,4.47,3.0,2.0,1754568326102.0,1754568331102.0,1.0,1.0,1148358.613028,1148363.613028,910.0,31.6072451985024,1.706614467279622,2.518910455354222,0.2129407822209755,10.392304845413264,1.259455227677111,25.665157267967324,31.6072451985024,79.9792132182807,48.37995002645293,0.952540460683567,0.952582975662152,0.07065651000680515,0.04903305538126805,6.0,5.545334777121464,32.39826805064373,0.052906433110825796,0.7003875268075921,9.310470451465905,0.0204677541682647,1754568324384.737,1754568329384.737
0.3079699248120301,0.0004250325060772,0.5529629629629629,0.0036901234567901,0.3214285714285714,0.5925925925925926,0.3422432525175118,0.1579062232942503,0.3422432525175118,0.1579062232942503,1.0,1.0,25.0,2.0,0.4537203634312481,1754568331134.0,4.47,3.4,2.0,1754568331103.0,1754568336103.0,1.0,1.0,1148363.613028,1148368.613028,317.5,28.214628323692573,3.8134593627790725,2.2133351126123646,0.36667454965564295,10.392304845413264,1.1066675563061823,22.971831106411546,28.214628323692573,75.44006725571359,52.81506734011077,0.8995232414679966,0.8995648570050656,0.13112339730197287,0.12449888904237376,6.0,118.275068760084,125.34554031105756,0.13122545571342875,0.5800193383607023,6.393282376058542,0.07252581213800045,1754568329384.737,1754568334384.737
0.2861654135338345,0.0003989145796822,0.475185185185185,0.0019425240054869,0.3007518796992481,0.5,0.3640477637957074,0.0801284455164725,0.3640477637957074,0.0801284455164725,1.0,1.0,25.0,2.0,0.7066896400072825,1754568331134.0,4.47,3.4,2.0,1754568331103.0,1754568336103.0,1.0,1.0,1148363.613028,1148368.613028,317.5,28.214628323692573,3.8134593627790725,2.2133351126123646,0.36667454965564295,10.392304845413264,1.1066675563061823,22.971831106411546,28.214628323692573,75.44006725571359,52.81506734011077,0.8995232414679966,0.8995648570050656,0.13112339730197287,0.12449888904237376,6.0,118.275068760084,125.34554031105756,0.13122545571342875,0.5800193383607023,6.393282376058542,0.07252581213800045,1754568329384.737,1754568334384.737
0.2369924812030074,0.000488981853129,0.4148148148148147,0.0018930041152263,0.2556390977443609,0.4444444444444444,0.4132206961265345,0.0197580751461021,0.4132206961265345,0.0197580751461021,1.0,1.0,25.0,2.0,0.9351008004065136,1754568345650.0,4.335,3.67,2.0,1754568341105.0,1754568346105.0,1.0,1.0,1148373.613028,1148378.613028,1095.5,30.987971062496804,1.8068169605553912,2.4225666014038554,0.1788979522914922,10.392304845413264,1.2112833007019277,25.081579476173072,30.987971062496804,69.60003594297358,46.72008925051988,0.9535137187079938,0.9535267818046854,0.06525021931074104,0.03855437089704445,4.0,5.710122397488011,52.964461911740756,0.06169002947598835,0.5557597024017729,8.453876352213388,0.01894698251831025,1754568339384.737,1754568344384.737
0.2972932330827068,0.0002175589349313,0.4855555555555556,0.0030492455418381,0.3082706766917293,0.5185185185185185,0.3529199442468352,0.090498815886843,0.3529199442468352,0.090498815886843,1.0,1.0,25.0,2.0,0.0485733045957455,1754568348254.0,3.93,4.467142857142857,2.0,1754568346106.0,1754568351106.0,1.0,1.0,1148378.613028,1148383.613028,1219.5,30.189694283801018,1.976511076882329,2.376050594421043,0.18134041130951564,10.392304845413264,1.1880252972105212,24.086528436001966,30.189694283801018,65.01451085853006,45.14106033760446,0.954350876133695,0.9543255846485363,0.061897939884997796,0.03171514874380745,1.5,4.299385541261069,38.22955409335931,0.0715525146761509,0.11881703079114316,2.9016693493541914,0.0183684180324008,1754568344384.737,1754568349384.737
0.3093233082706767,0.0003256487082367,0.4825925925925925,0.0030097393689986,0.3233082706766917,0.5185185185185185,0.3408898690588652,0.08753585292388,0.3408898690588652,0.08753585292388,1.0,1.0,25.0,2.0,0.0546616466449385,1754568353544.875,3.43375,5.967499999999999,2.0,1754568351107.0,1754568356107.0,0.0,1.0,1148383.613028,1148388.613028,1222.0,30.544276865871325,1.750310098821398,2.4113517269551794,0.169048988145715,10.392304845413264,1.2056758634775897,24.639045025027645,30.544276865871325,67.19877031241774,45.77143086236079,0.9531961143895902,0.953163875447426,0.06248863107715305,0.030707349854416803,0.5,10.057495235420216,121.98183508405822,0.05910385491770145,0.1179473100477435,2.8918404336244845,0.01801860738057125,1754568349384.737,1754568354384.737
0.3206015037593985,0.0004652835095256,0.5177777777777777,0.002235390946502,0.3364661654135338,0.5555555555555556,0.3296116735701435,0.1227210381090651,0.3296116735701435,0.1227210381090651,1.0,1.0,25.0,2.0,0.6804894748575671,1754568360021.0,3.4,7.13,2.0,1754568356108.0,1754568361108.0,0.0,0.0,1148388.613028,1148393.613028,1208.0,30.29458868395711,1.9780556370855156,2.3974093012535276,0.17219478864610285,10.392304845413264,1.1987046506267638,24.439016990869973,30.29458868395711,71.07564859462389,45.859215803916165,0.9558833509840134,0.9557866215242254,0.06358491994923546,0.03702018573644975,2.0,10.761772897601174,126.24617484701669,0.06073600711641225,0.47381911729094733,7.906696212853006,0.018503840916936402,1754568354384.737,1754568359384.737
0.3672180451127819,0.0003377466221945,0.5885185185185186,0.0028709190672153,0.3815789473684209,0.625,0.2829951322167601,0.193461778849806,0.2829951322167601,0.193461778849806,1.0,1.0,25.0,2.0,0.3678546669941532,1754568364041.3333,3.7566666666666655,7.31,2.0,1754568361109.0,1754568366109.0,0.0,0.0,1148393.613028,1148398.613028,1204.5,29.348877880876792,1.7076688073053186,2.3253748458054955,0.15664764696461414,10.392304845413264,1.1626874229027477,23.33788590861749,29.348877880876792,71.95044258287322,45.308590446214524,0.9612496594798998,0.9610594673734298,0.05908929649384155,0.03627009166286945,2.0,3.163431774439699,27.55649651851855,0.0711958754931988,0.47423408485155377,7.911873512241413,0.0184619624021903,1754568359384.737,1754568364384.737
0.4004511278195488,0.0003297190344281,0.6248148148148148,0.0027408779149519,0.4060150375939849,0.6481481481481481,0.2497620495099932,0.2297580751461023,0.2497620495099932,0.2297580751461023,1.0,1.0,25.0,2.0,,1754568367285.0,3.93,7.67,2.0,1754568366110.0,1754568371110.0,0.0,0.0,1148398.613028,1148403.613028,1221.5,28.351830070568653,1.5325359947409227,2.24464677781357,0.1415542884550855,10.392304845413264,1.122323388906785,22.20889538999205,28.351830070568653,65.75401836624656,44.563572324537176,0.9672367630522178,0.9670927252255763,0.0499556392310192,0.02805575043184115,0.5,2.2366689005974045,19.736818580962066,0.08405574462793805,0.1184982871156857,2.8988367133127992,0.0178057083006022,1754568364384.737,1754568369384.737
0.2311278195488721,0.0022789530216518,0.3848148148148147,0.0069587105624142,0.2706766917293233,0.4583333333333332,0.4190853577806699,0.0102419248538978,0.4190853577806699,0.0102419248538978,0.0,0.0,25.0,3.0,0.4434265268639177,1754567367875.0,5.0,5.0,3.0,1754567367875.0,1754567372875.0,1.0,1.0,1147403.613028,1147408.613028,1227.0,27.583427249246572,1.7137360979913963,2.317110158201638,0.20483812840967258,10.392304845413264,1.158555079100819,22.259024950182038,27.583427249246572,60.129471828896506,45.93057765924854,0.9566322330223058,0.9567064718152551,0.06402334126137035,0.035613307984138504,1.5,1.9922107677655372,16.105388104905867,0.07507182292547025,0.23794615028952265,4.129011054422927,0.0178904050249079,1754567369384.737,1754567374384.737
0.2279699248120299,0.0003401888179094,0.3703703703703703,0.0088065843621399,0.2406015037593984,0.4212962962962963,0.422243252517512,0.0246863692983422,0.422243252517512,0.0246863692983422,0.0,0.0,25.0,3.0,0.140414836305205,1754567375559.5,5.0,4.6,3.0,1754567372876.0,1754567377876.0,1.0,1.0,1147408.613028,1147413.613028,1222.0,27.42169093541726,1.468670794752261,2.309281373874047,0.19097455141466513,10.392304845413264,1.1546406869370236,22.10505216644956,27.42169093541726,54.318067195205444,42.12499364284183,0.9558075067487567,0.9558572752377845,0.06343308914061921,0.033720114654252,1.0,1.7997270997392356,15.836364060504637,0.0698200315560656,0.2406616508915761,4.151084907245139,0.017893280920142647,1754567374384.737,1754567379384.737
0.2354887218045112,0.0003876759568093,0.3822222222222221,0.0125755829903978,0.2481203007518796,0.4398148148148147,0.4147244555250308,0.0128345174464903,0.4147244555250308,0.0128345174464903,0.0,0.0,25.0,3.0,0.0085709669584598,1754567378669.3333,4.91,4.0200000000000005,3.0,1754567377877.0,1754567382877.0,1.0,1.0,1147413.613028,1147418.613028,1216.5,25.932903644544886,1.517824805518171,2.1804631544259583,0.18143052998333897,10.392304845413264,1.090231577212979,20.9528527715656,25.932903644544886,59.94112445271391,43.74324683367958,0.95301194715953,0.95301194715953,0.0717101166746762,0.04049993846291475,2.0,2.6064061898695,25.06622937447532,0.06733183660641079,0.4749597919701261,8.239015475563978,0.018193298063979402,1754567379384.737,1754567384384.737
0.2500751879699248,0.0003681610040137,0.4077777777777777,0.0126679012345679,0.2631578947368421,0.4814814814814814,0.4001379893596172,0.0127210381090652,0.4001379893596172,0.0127210381090652,0.0,0.0,25.0,3.0,0.4068840605589313,1754567385254.8333,4.065,3.665,3.0,1754567382878.0,1754567387878.0,1.0,1.0,1147418.613028,1147423.613028,1233.5,25.677372096680774,1.3578136986816618,2.1555515509886423,0.16302523718953704,10.392304845413264,1.0777757754943211,20.7500583704848,25.677372096680774,63.72341920349641,47.174953344563605,0.9530989861364254,0.9530655766767814,0.07046300278106316,0.03777786074924325,1.0,1.46974912760216,10.575941015998225,0.07146607834972785,0.23497868633577687,4.099480870146959,0.01784387679295955,1754567384384.737,1754567389384.737
0.292781954887218,0.0006521793204816,0.4303703703703703,0.0135056241426611,0.3082706766917293,0.4953703703703703,0.357431222442324,0.0353136307016577,0.357431222442324,0.0353136307016577,0.0,0.0,25.0,3.0,0.0084244182455477,1754567390229.0,4.065,3.4,3.0,1754567387879.0,1754567392879.0,1.0,1.0,1147423.613028,1147428.613028,1223.0,26.114129466829784,1.2934324263574992,2.1924308752181867,0.160573014480938,10.392304845413262,1.0962154376090933,21.32717357098184,26.114129466829784,67.97856916816318,50.44801313287081,0.9458454308686023,0.9458399042173999,0.0710574022513451,0.03412386843139755,1.0,1.270932012416289,10.2104127821727,0.06713420177176779,0.23802130444015215,4.127085224334211,0.017718280788964952,1754567389384.737,1754567394384.737
0.3069172932330827,0.0002254282322347,0.4266666666666666,0.0102463648834019,0.3157894736842105,0.4814814814814814,0.3432958840964593,0.0316099269979541,0.3432958840964593,0.0316099269979541,0.0,0.0,25.0,3.0,0.5404404399245534,1754567393322.0,4.2,3.13,3.0,1754567392880.0,1754567397880.0,1.0,1.0,1147428.613028,1147433.613028,1202.0,26.513247672352115,1.519405215446599,2.236182746674947,0.16933143215609894,10.392304845413264,1.1180913733374735,21.954491161127326,26.513247672352115,78.38867933807387,54.91084058863998,0.9413020633232665,0.941361479851166,0.08076643568601674,0.0435611303412693,3.0,3.517261803155057,27.716361424770167,0.07187510796173399,0.9595838981769438,11.28529071698857,0.018245915665630302,1754567394384.737,1754567399384.737
0.3527819548872179,0.0005174741364689,0.4611111111111111,0.0127606310013717,0.3721804511278195,0.5138888888888888,0.297431222442324,0.0660543714423985,0.297431222442324,0.0660543714423985,0.0,0.0,25.0,3.0,0.0071889529978516,1754567393322.0,4.2,3.13,3.0,1754567392880.0,1754567397880.0,1.0,1.0,1147428.613028,1147433.613028,1202.0,26.513247672352115,1.519405215446599,2.236182746674947,0.16933143215609894,10.392304845413264,1.1180913733374735,21.954491161127326,26.513247672352115,78.38867933807387,54.91084058863998,0.9413020633232665,0.941361479851166,0.08076643568601674,0.0435611303412693,3.0,3.517261803155057,27.716361424770167,0.07187510796173399,0.9595838981769438,11.28529071698857,0.018245915665630302,1754567394384.737,1754567399384.737
0.3454135338345865,0.001681067329979,0.4355555555555556,0.0104696844993141,0.3759398496240601,0.4768518518518517,0.3047996434949555,0.040498815886843,0.3047996434949555,0.040498815886843,0.0,0.0,25.0,3.0,0.0150562385439209,1754567406148.5,4.2,2.7350000000000003,3.0,1754567402882.0,1754567407882.0,1.0,1.0,1147438.613028,1147443.613028,1223.5,24.99857476560304,1.2645021586196843,2.187117035451984,0.11941839596208655,10.392304845413264,1.0935585177259919,20.546500723741417,24.99857476560304,66.50739952598161,49.88951946548832,0.9476936099839091,0.947635933876132,0.0723607887920725,0.040102514200567596,4.5,1.7909692477055346,8.677389919315459,0.06702629364591595,0.4780290490523361,5.842753803344543,0.0182398144120632,1754567404384.737,1754567409384.737
0.3294736842105263,0.0007590932217762,0.4496296296296296,0.0104120713305898,0.3458646616541353,0.5,0.3207394931190157,0.054572889960917,0.3207394931190157,0.054572889960917,0.0,0.0,25.0,3.0,0.0036117817899358,1754567409687.2,3.4,2.6,3.0,1754567407883.0,1754567412883.0,1.0,1.0,1147443.613028,1147448.613028,1210.0,25.69409681554111,1.4739548744194289,2.2524311609693157,0.1365381837326159,10.392304845413264,1.1262155804846574,21.03900557433864,25.69409681554111,69.39922735037273,48.5103609542152,0.9487272620008074,0.9487809872238342,0.07201062864107755,0.04022780267122925,4.0,2.8686348146778253,20.365780335784873,0.0517078827019287,0.4288769918622548,5.535851421835309,0.018433658109771447,1754567409384.737,1754567414384.737
0.3366917293233082,0.0008147210130589,0.4155555555555555,0.008712757201646,0.3590225563909774,0.4629629629629629,0.3135214480062337,0.0204988158868429,0.3135214480062337,0.0204988158868429,0.0,0.0,25.0,3.0,0.0030308019357889,1754567409687.2,3.4,2.6,3.0,1754567407883.0,1754567412883.0,1.0,1.0,1147443.613028,1147448.613028,1210.0,25.69409681554111,1.4739548744194289,2.2524311609693157,0.1365381837326159,10.392304845413264,1.1262155804846574,21.03900557433864,25.69409681554111,69.39922735037273,48.5103609542152,0.9487272620008074,0.9487809872238342,0.07201062864107755,0.04022780267122925,4.0,2.8686348146778253,20.365780335784873,0.0517078827019287,0.4288769918622548,5.535851421835309,0.018433658109771447,1754567409384.737,1754567414384.737
0.3406015037593984,0.000547798066595,0.3962962962962962,0.0088888888888888,0.3609022556390977,0.4629629629629629,0.3096116735701436,0.0012395566275836,0.3096116735701436,0.0012395566275836,0.0,0.0,25.0,3.0,0.1252763160190622,1754567409687.2,3.4,2.6,3.0,1754567407883.0,1754567412883.0,1.0,1.0,1147443.613028,1147448.613028,1210.0,25.69409681554111,1.4739548744194289,2.2524311609693157,0.1365381837326159,10.392304845413264,1.1262155804846574,21.03900557433864,25.69409681554111,69.39922735037273,48.5103609542152,0.9487272620008074,0.9487809872238342,0.07201062864107755,0.04022780267122925,4.0,2.8686348146778253,20.365780335784873,0.0517078827019287,0.4288769918622548,5.535851421835309,0.018433658109771447,1754567409384.737,1754567414384.737
0.3279699248120301,0.0008748713889988,0.3781481481481482,0.0130876543209876,0.3533834586466165,0.4629629629629629,0.3222432525175119,0.0169085915205643,0.3222432525175119,0.0169085915205643,0.0,0.0,25.0,3.0,0.2749220760899203,1754567409687.2,3.4,2.6,3.0,1754567407883.0,1754567412883.0,1.0,1.0,1147443.613028,1147448.613028,1210.0,25.69409681554111,1.4739548744194289,2.2524311609693157,0.1365381837326159,10.392304845413264,1.1262155804846574,21.03900557433864,25.69409681554111,69.39922735037273,48.5103609542152,0.9487272620008074,0.9487809872238342,0.07201062864107755,0.04022780267122925,4.0,2.8686348146778253,20.365780335784873,0.0517078827019287,0.4288769918622548,5.535851421835309,0.018433658109771447,1754567409384.737,1754567414384.737
0.3732330827067669,0.0003951834473401,0.35,0.0129526748971193,0.3834586466165413,0.4027777777777778,0.276980094622775,0.0450567396687125,0.276980094622775,0.0450567396687125,0.0,0.0,25.0,3.0,0.4951407392573289,1754567409687.2,3.4,2.6,3.0,1754567407883.0,1754567412883.0,1.0,1.0,1147443.613028,1147448.613028,1210.0,25.69409681554111,1.4739548744194289,2.2524311609693157,0.1365381837326159,10.392304845413264,1.1262155804846574,21.03900557433864,25.69409681554111,69.39922735037273,48.5103609542152,0.9487272620008074,0.9487809872238342,0.07201062864107755,0.04022780267122925,4.0,2.8686348146778253,20.365780335784873,0.0517078827019287,0.4288769918622548,5.535851421835309,0.018433658109771447,1754567409384.737,1754567414384.737
0.417593984962406,0.0003509751823166,0.3681481481481481,0.0118606310013717,0.4285714285714285,0.4444444444444444,0.2326191923671359,0.0269085915205643,0.2326191923671359,0.0269085915205643,0.0,0.0,25.0,3.0,0.3402416805021996,1754567409687.2,3.4,2.6,3.0,1754567407883.0,1754567412883.0,1.0,1.0,1147443.613028,1147448.613028,1210.0,25.69409681554111,1.4739548744194289,2.2524311609693157,0.1365381837326159,10.392304845413264,1.1262155804846574,21.03900557433864,25.69409681554111,69.39922735037273,48.5103609542152,0.9487272620008074,0.9487809872238342,0.07201062864107755,0.04022780267122925,4.0,2.8686348146778253,20.365780335784873,0.0517078827019287,0.4288769918622548,5.535851421835309,0.018433658109771447,1754567409384.737,1754567414384.737
0.4544360902255638,0.0002649330092147,0.355925925925926,0.0103057613168724,0.4661654135338345,0.4074074074074074,0.1957770871039781,0.0391308137427865,0.1957770871039781,0.0391308137427865,0.0,0.0,25.0,3.0,2.557659043562364e-05,1754567409687.2,3.4,2.6,3.0,1754567407883.0,1754567412883.0,1.0,1.0,1147443.613028,1147448.613028,1210.0,25.69409681554111,1.4739548744194289,2.2524311609693157,0.1365381837326159,10.392304845413264,1.1262155804846574,21.03900557433864,25.69409681554111,69.39922735037273,48.5103609542152,0.9487272620008074,0.9487809872238342,0.07201062864107755,0.04022780267122925,4.0,2.8686348146778253,20.365780335784873,0.0517078827019287,0.4288769918622548,5.535851421835309,0.018433658109771447,1754567409384.737,1754567414384.737
0.458345864661654,0.0003210130589631,0.352962962962963,0.0113636488340192,0.4661654135338345,0.3703703703703703,0.1918673126678879,0.0420937767057495,0.1918673126678879,0.0420937767057495,0.0,0.0,25.0,3.0,0.442516095253686,1754567409687.2,3.4,2.6,3.0,1754567407883.0,1754567412883.0,1.0,1.0,1147443.613028,1147448.613028,1210.0,25.69409681554111,1.4739548744194289,2.2524311609693157,0.1365381837326159,10.392304845413264,1.1262155804846574,21.03900557433864,25.69409681554111,69.39922735037273,48.5103609542152,0.9487272620008074,0.9487809872238342,0.07201062864107755,0.04022780267122925,4.0,2.8686348146778253,20.365780335784873,0.0517078827019287,0.4288769918622548,5.535851421835309,0.018433658109771447,1754567409384.737,1754567414384.737
0.4254135338345863,0.0002308553338232,0.3625925925925926,0.011619890260631,0.4360902255639097,0.4074074074074074,0.2247996434949556,0.0324641470761199,0.2247996434949556,0.0324641470761199,0.0,0.0,25.0,3.0,0.801611212966511,1754567409687.2,3.4,2.6,3.0,1754567407883.0,1754567412883.0,1.0,1.0,1147443.613028,1147448.613028,1210.0,25.69409681554111,1.4739548744194289,2.2524311609693157,0.1365381837326159,10.392304845413264,1.1262155804846574,21.03900557433864,25.69409681554111,69.39922735037273,48.5103609542152,0.9487272620008074,0.9487809872238342,0.07201062864107755,0.04022780267122925,4.0,2.8686348146778253,20.365780335784873,0.0517078827019287,0.4288769918622548,5.535851421835309,0.018433658109771447,1754567409384.737,1754567414384.737
0.3786466165413532,0.0002481994459833,0.3537037037037037,0.0116220850480109,0.3909774436090225,0.4212962962962963,0.2715665607881887,0.0413530359650088,0.2715665607881887,0.0413530359650088,0.0,0.0,25.0,3.0,0.2554374108376251,1754567409687.2,3.4,2.6,3.0,1754567407883.0,1754567412883.0,1.0,1.0,1147443.613028,1147448.613028,1210.0,25.69409681554111,1.4739548744194289,2.2524311609693157,0.1365381837326159,10.392304845413264,1.1262155804846574,21.03900557433864,25.69409681554111,69.39922735037273,48.5103609542152,0.9487272620008074,0.9487809872238342,0.07201062864107755,0.04022780267122925,4.0,2.8686348146778253,20.365780335784873,0.0517078827019287,0.4288769918622548,5.535851421835309,0.018433658109771447,1754567409384.737,1754567414384.737
0.359548872180451,0.0001191474927921,0.3907407407407408,0.0075891632373113,0.3684210526315789,0.4212962962962963,0.290664305149091,0.0043159989279717,0.290664305149091,0.0043159989279717,0.0,0.0,25.0,3.0,0.3204622827814391,1754567409687.2,3.4,2.6,3.0,1754567407883.0,1754567412883.0,1.0,1.0,1147443.613028,1147448.613028,1210.0,25.69409681554111,1.4739548744194289,2.2524311609693157,0.1365381837326159,10.392304845413264,1.1262155804846574,21.03900557433864,25.69409681554111,69.39922735037273,48.5103609542152,0.9487272620008074,0.9487809872238342,0.07201062864107755,0.04022780267122925,4.0,2.8686348146778253,20.365780335784873,0.0517078827019287,0.4288769918622548,5.535851421835309,0.018433658109771447,1754567409384.737,1754567414384.737
0.3703759398496241,0.0002415286336141,0.3855555555555555,0.0068270233196159,0.3834586466165413,0.4444444444444444,0.2798372374799179,0.009501184113157,0.2798372374799179,0.009501184113157,0.0,0.0,25.0,3.0,0.4409377042104307,1754567464806.5,2.87,2.2,3.0,1754567462894.0,1754567467894.0,1.0,1.0,1147498.613028,1147503.613028,1206.0,26.26119248012693,1.3082356169119573,2.234402734675679,0.1189828395829697,10.392304845413264,1.1172013673378394,21.465099801496002,26.26119248012693,74.4875258951001,50.49207722715013,0.9513144059040801,0.9512316244471262,0.0712616882958372,0.041389176738875696,3.0,2.47610410087657,22.967133889970764,0.0497514747172886,0.47841936846480226,8.261246651244765,0.01846054957198935,1754567464384.737,1754567469384.737
0.4012030075187968,0.0004087512013115,0.3659259259259259,0.008553635116598,0.4210526315789473,0.4074074074074074,0.2490101698107451,0.0291308137427866,0.2490101698107451,0.0291308137427866,0.0,0.0,25.0,3.0,0.0068114172576994,1754567464806.5,2.87,2.2,3.0,1754567462894.0,1754567467894.0,1.0,1.0,1147498.613028,1147503.613028,1206.0,26.26119248012693,1.3082356169119573,2.234402734675679,0.1189828395829697,10.392304845413264,1.1172013673378394,21.465099801496002,26.26119248012693,74.4875258951001,50.49207722715013,0.9513144059040801,0.9512316244471262,0.0712616882958372,0.041389176738875696,3.0,2.47610410087657,22.967133889970764,0.0497514747172886,0.47841936846480226,8.261246651244765,0.01846054957198935,1754567464384.737,1754567469384.737
0.4063157894736842,0.0006059358923624,0.3399999999999999,0.0129871056241426,0.4285714285714285,0.3888888888888889,0.2438973878558578,0.0550567396687126,0.2438973878558578,0.0550567396687126,0.0,0.0,25.0,3.0,0.5513540522725698,1754567464806.5,2.87,2.2,3.0,1754567462894.0,1754567467894.0,1.0,1.0,1147498.613028,1147503.613028,1206.0,26.26119248012693,1.3082356169119573,2.234402734675679,0.1189828395829697,10.392304845413264,1.1172013673378394,21.465099801496002,26.26119248012693,74.4875258951001,50.49207722715013,0.9513144059040801,0.9512316244471262,0.0712616882958372,0.041389176738875696,3.0,2.47610410087657,22.967133889970764,0.0497514747172886,0.47841936846480226,8.261246651244765,0.01846054957198935,1754567464384.737,1754567469384.737
0.4469172932330826,0.0002310136242862,0.3533333333333333,0.0117673525377229,0.4586466165413533,0.4074074074074074,0.2032958840964593,0.0417234063353792,0.2032958840964593,0.0417234063353792,0.0,0.0,25.0,3.0,,1754567464806.5,2.87,2.2,3.0,1754567462894.0,1754567467894.0,1.0,1.0,1147498.613028,1147503.613028,1206.0,26.26119248012693,1.3082356169119573,2.234402734675679,0.1189828395829697,10.392304845413264,1.1172013673378394,21.465099801496002,26.26119248012693,74.4875258951001,50.49207722715013,0.9513144059040801,0.9512316244471262,0.0712616882958372,0.041389176738875696,3.0,2.47610410087657,22.967133889970764,0.0497514747172886,0.47841936846480226,8.261246651244765,0.01846054957198935,1754567464384.737,1754567469384.737
0.5885714285714285,0.0010312397535191,0.3485185185185184,0.0083085048010973,0.6090225563909775,0.4027777777777778,0.0616417487581134,0.046538221150194,0.0616417487581134,0.046538221150194,0.0,0.0,25.0,4.0,0.5611592963594513,1754567925342.0,5.0,5.0,4.0,1754567925342.0,1754567930342.0,1.0,1.0,1147958.613028,1147963.613028,1221.0,26.479419761244436,1.2735221148614584,2.4550370943160407,0.16423415607273606,10.392304845413264,1.2275185471580203,20.96234833610371,26.479419761244436,75.39160970148549,45.97277134353911,0.9783554143974975,0.978210410438989,0.04212442151303865,0.028284928335456552,1.0,3.8071627358996443,36.47057986251536,0.0529961786159745,0.24182474393903786,4.1636517665808315,0.01802551303383245,1754567924384.737,1754567929384.737
0.4996992481203008,0.000364542936288,0.3118518518518518,0.0060131687242798,0.518796992481203,0.361111111111111,0.1505139292092411,0.0832048878168607,0.1505139292092411,0.0832048878168607,0.0,0.0,25.0,4.0,0.1966062744456941,1754567925342.0,5.0,5.0,4.0,1754567925342.0,1754567930342.0,1.0,1.0,1147958.613028,1147963.613028,1221.0,26.479419761244436,1.2735221148614584,2.4550370943160407,0.16423415607273606,10.392304845413264,1.2275185471580203,20.96234833610371,26.479419761244436,75.39160970148549,45.97277134353911,0.9783554143974975,0.978210410438989,0.04212442151303865,0.028284928335456552,1.0,3.8071627358996443,36.47057986251536,0.0529961786159745,0.24182474393903786,4.1636517665808315,0.01802551303383245,1754567924384.737,1754567929384.737
0.4765413533834586,0.0001942223981005,0.347037037037037,0.008172976680384,0.4887218045112781,0.3888888888888889,0.1736718239460833,0.0480197026316754,0.1736718239460833,0.0480197026316754,0.0,0.0,25.0,4.0,0.1855912694627601,1754567939436.5,5.0,4.6,4.0,1754567935344.0,1754567940344.0,1.0,1.0,1147968.613028,1147973.613028,1174.0,28.706444444942306,1.8553439164868493,2.607346678669324,0.209710282433467,10.392304845413264,1.3036733393346616,23.690189270223122,28.706444444942306,79.0433688908739,52.84711995755689,0.961135242662981,0.960636213216044,0.07143500816387074,0.05259929899176245,6.0,6.306713542065211,43.353792273165446,0.08319663623757895,1.123801010483267,12.472221969132505,0.01991971702419735,1754567934384.737,1754567939384.737
0.4993984962406014,0.0003710554581943,0.3285185185185184,0.0112593964334705,0.5112781954887218,0.3842592592592592,0.1508146810889405,0.066538221150194,0.1508146810889405,0.066538221150194,0.0,0.0,25.0,4.0,0.03248846129026,1754567940469.0,5.0,4.2,4.0,1754567940345.0,1754567945345.0,1.0,1.0,1147973.613028,1147978.613028,1149.0,28.57688118088872,1.970924263378536,2.5659475809141594,0.19974719658672335,10.392304845413264,1.2829737904570795,23.490565390560196,28.57688118088872,76.86722008594015,51.54621291937324,0.9506336826141786,0.9497382729779873,0.08327033890606039,0.06177616923727405,9.5,7.823834309520578,48.46571141582116,0.08673094697550646,1.3330346964554218,13.750581773196465,0.020757728571991048,1754567939384.737,1754567944384.737
0.4947368421052631,0.0004092939114704,0.3385185185185185,0.0085053497942386,0.5112781954887218,0.3703703703703703,0.1554763352242788,0.056538221150194,0.1554763352242788,0.056538221150194,0.0,0.0,25.0,4.0,0.2018819838446273,1754567940469.0,5.0,4.2,4.0,1754567940345.0,1754567945345.0,1.0,1.0,1147973.613028,1147978.613028,1149.0,28.57688118088872,1.970924263378536,2.5659475809141594,0.19974719658672335,10.392304845413264,1.2829737904570795,23.490565390560196,28.57688118088872,76.86722008594015,51.54621291937324,0.9506336826141786,0.9497382729779873,0.08327033890606039,0.06177616923727405,9.5,7.823834309520578,48.46571141582116,0.08673094697550646,1.3330346964554218,13.750581773196465,0.020757728571991048,1754567939384.737,1754567944384.737
0.4681203007518796,0.0001329866018429,0.3607407407407407,0.0098112482853223,0.4793233082706766,0.4074074074074074,0.1820928765776623,0.0343159989279718,0.1820928765776623,0.0343159989279718,0.0,0.0,25.0,4.0,0.4053821277884959,1754567940469.0,5.0,4.2,4.0,1754567940345.0,1754567945345.0,1.0,1.0,1147973.613028,1147978.613028,1149.0,28.57688118088872,1.970924263378536,2.5659475809141594,0.19974719658672335,10.392304845413264,1.2829737904570795,23.490565390560196,28.57688118088872,76.86722008594015,51.54621291937324,0.9506336826141786,0.9497382729779873,0.08327033890606039,0.06177616923727405,9.5,7.823834309520578,48.46571141582116,0.08673094697550646,1.3330346964554218,13.750581773196465,0.020757728571991048,1754567939384.737,1754567944384.737
0.4908270676691729,0.0002624003618067,0.3707407407407407,0.0069340192043895,0.5037593984962406,0.4259259259259259,0.1593861096603691,0.0243159989279717,0.1593861096603691,0.0243159989279717,0.0,0.0,25.0,4.0,0.270458553063413,1754567959874.0,5.0,3.6666666666666665,4.0,1754567955348.0,1754567960348.0,1.0,1.0,1147988.613028,1147993.613028,1200.5,28.791349864319223,1.599790982273229,2.5521969589112192,0.15903708413355616,10.392304845413264,1.2760984794556096,24.042450188737938,28.791349864319223,67.63581045839155,48.097804368596876,0.9307217006524288,0.9300938114375596,0.09153355479550924,0.04951270078342125,3.5,2.35636616594243,17.719571765658127,0.0449363200695257,0.4806563535246159,8.298576774754551,0.018640720636390398,1754567954384.737,1754567959384.737
0.5142857142857143,0.000192209847928,0.3481481481481481,0.0092181069958847,0.5263157894736842,0.4027777777777778,0.1359274630438276,0.0469085915205644,0.1359274630438276,0.0469085915205644,0.0,0.0,25.0,4.0,0.0064597143581835,1754567963261.5,4.6,3.1325000000000003,4.0,1754567960349.0,1754567965349.0,1.0,1.0,1147993.613028,1147998.613028,1209.5,27.720442599776604,1.3545891053915993,2.4592316613031735,0.13203271421030777,10.392304845413264,1.2296158306515867,22.523699293330637,27.720442599776604,63.24174348935058,43.549963021276525,0.9495093972349768,0.9487072592368244,0.0748844702909884,0.0469156531235973,4.0,2.640937081398368,21.02843288330437,0.053336615952496946,0.5948729225733393,9.179422314714238,0.01863556089898235,1754567959384.737,1754567964384.737
0.5169924812030076,0.0001708632483464,0.3733333333333333,0.0064109739368998,0.5263157894736842,0.4074074074074074,0.1332206961265344,0.0217234063353792,0.1332206961265344,0.0217234063353792,0.0,0.0,25.0,4.0,0.0064085723619562,1754567968203.75,3.8675,2.8025,4.0,1754567965350.0,1754567970350.0,1.0,1.0,1147998.613028,1148003.613028,1217.5,28.46867296352154,1.4232227645982092,2.514378555941029,0.12946364417640085,10.392304845413264,1.2571892779705145,23.254746465593744,28.46867296352154,66.35531303562793,45.61295362972157,0.9656351994338435,0.9643209881344562,0.0638073848635048,0.049434534247738846,5.5,2.8399261590082587,22.956670639909426,0.05018303539200425,0.9490949007720493,11.532907767500376,0.01884248689069635,1754567964384.737,1754567969384.737
0.5133834586466166,0.0001742099609927,0.3485185185185184,0.0091727023319615,0.518796992481203,0.4074074074074074,0.1368297186829253,0.046538221150194,0.1368297186829253,0.046538221150194,0.0,0.0,25.0,4.0,0.4163111472024634,1754567973555.0,3.22,2.51,4.0,1754567970351.0,1754567975351.0,1.0,1.0,1148003.613028,1148008.613028,1200.0,28.193506140093923,1.675951714951804,2.47990049353606,0.14511440960296257,10.392304845413264,1.23995024676803,23.291110732262634,28.193506140093923,65.82215422184652,47.40367567938176,0.9636556570116435,0.9625738765273886,0.0668344598957891,0.0503157423204869,5.5,2.962300303026055,25.485910587216303,0.0635771266189581,0.717470774935994,9.467082839883357,0.019163305219857603,1754567969384.737,1754567974384.737
0.4863157894736842,0.0011519927638645,0.3651851851851851,0.0090128943758573,0.5112781954887218,0.4259259259259259,0.1638973878558577,0.0298715544835274,0.1638973878558577,0.0298715544835274,0.0,0.0,25.0,4.0,0.2086809369475452,1754567976455.0,2.87,2.465,4.0,1754567975352.0,1754567980352.0,1.0,1.0,1148008.613028,1148013.613028,1174.0,28.43627266065196,1.9640859481058308,2.5069515250096246,0.1725128391189503,10.392304845413264,1.253475762504812,23.636416454525033,28.43627266065196,79.86059911056373,53.32887515138708,0.9481168662777751,0.9478233913299168,0.07669088065413505,0.04765192372285125,5.0,3.8269850513093004,30.373712816494226,0.06033740078252735,0.37208685540252506,7.1871369932876705,0.01925128145746835,1754567974384.737,1754567979384.737
0.4070676691729322,0.0014291593645768,0.457037037037037,0.0193338820301783,0.4417293233082706,0.5925925925925926,0.2431455081566097,0.0619802973683245,0.2431455081566097,0.0619802973683245,0.0,0.0,25.0,4.0,0.4698488669479432,1754567976455.0,2.87,2.465,4.0,1754567975352.0,1754567980352.0,1.0,1.0,1148008.613028,1148013.613028,1174.0,28.43627266065196,1.9640859481058308,2.5069515250096246,0.1725128391189503,10.392304845413264,1.253475762504812,23.636416454525033,28.43627266065196,79.86059911056373,53.32887515138708,0.9481168662777751,0.9478233913299168,0.07669088065413505,0.04765192372285125,5.0,3.8269850513093004,30.373712816494226,0.06033740078252735,0.37208685540252506,7.1871369932876705,0.01925128145746835,1754567974384.737,1754567979384.737
0.3972932330827067,0.0002201594211091,0.4059259259259259,0.0086123456790123,0.4060150375939849,0.4629629629629629,0.2529199442468353,0.0108691862572134,0.2529199442468353,0.0108691862572134,0.0,0.0,25.0,4.0,0.2120087660006927,1754567989029.6,3.1340000000000003,2.0680000000000005,4.0,1754567985354.0,1754567990354.0,1.0,1.0,1148018.613028,1148023.613028,1203.0,27.168074256165994,1.471149885838077,2.4036849602010646,0.13574506591366214,10.392304845413264,1.201842480100532,22.615048905491257,27.168074256165994,69.31444202805214,49.02121917967105,0.9316158780810856,0.931112806371184,0.08641621695293505,0.04346123366774135,3.0,2.0450865443784467,18.42484385071842,0.0381877889903479,0.41955795210478897,7.729934724767954,0.01824496716478585,1754567984384.737,1754567989384.737
0.4240601503759397,0.0003437164339419,0.3481481481481481,0.0078600823045267,0.4360902255639097,0.3888888888888889,0.2261530269536022,0.0469085915205643,0.2261530269536022,0.0469085915205643,0.0,0.0,25.0,4.0,0.5612911719349132,1754567992710.8,4.148,1.746,4.0,1754567990355.0,1754567995355.0,1.0,1.0,1148023.613028,1148028.613028,1219.5,26.67197658978617,1.3030118293993278,2.349980142660738,0.1174343789181036,10.392304845413264,1.174990071330369,22.08944002108735,26.67197658978617,62.32407297697681,47.3334337497648,0.9338329407173938,0.9335730647312976,0.0843982366601284,0.03991828955286515,1.5,1.487787843815257,13.11299071636915,0.05327560598580225,0.23719481634868794,5.625702253699925,0.01797548129500315,1754567989384.737,1754567994384.737
0.4610526315789473,0.0002112951551811,0.3444444444444444,0.0074485596707818,0.4736842105263157,0.3842592592592592,0.1891605457505946,0.050612295224268,0.1891605457505946,0.050612295224268,0.0,0.0,25.0,4.0,0.1922298189218944,1754567992710.8,4.148,1.746,4.0,1754567990355.0,1754567995355.0,1.0,1.0,1148023.613028,1148028.613028,1219.5,26.67197658978617,1.3030118293993278,2.349980142660738,0.1174343789181036,10.392304845413264,1.174990071330369,22.08944002108735,26.67197658978617,62.32407297697681,47.3334337497648,0.9338329407173938,0.9335730647312976,0.0843982366601284,0.03991828955286515,1.5,1.487787843815257,13.11299071636915,0.05327560598580225,0.23719481634868794,5.625702253699925,0.01797548129500315,1754567989384.737,1754567994384.737
0.4377443609022555,0.0017689863757137,0.364074074074074,0.008019341563786,0.4661654135338345,0.3888888888888889,0.2124688164272865,0.0309826655946384,0.2124688164272865,0.0309826655946384,0.0,0.0,25.0,4.0,0.7023189610489776,1754567992710.8,4.148,1.746,4.0,1754567990355.0,1754567995355.0,1.0,1.0,1148023.613028,1148028.613028,1219.5,26.67197658978617,1.3030118293993278,2.349980142660738,0.1174343789181036,10.392304845413264,1.174990071330369,22.08944002108735,26.67197658978617,62.32407297697681,47.3334337497648,0.9338329407173938,0.9335730647312976,0.0843982366601284,0.03991828955286515,1.5,1.487787843815257,13.11299071636915,0.05327560598580225,0.23719481634868794,5.625702253699925,0.01797548129500315,1754567989384.737,1754567994384.737
0.3577443609022556,0.000273819888066,0.3581481481481481,0.0054267489711934,0.3684210526315789,0.3888888888888889,0.2924688164272863,0.0369085915205643,0.2924688164272863,0.0369085915205643,0.0,0.0,25.0,4.0,0.0470675304709777,1754567992710.8,4.148,1.746,4.0,1754567990355.0,1754567995355.0,1.0,1.0,1148023.613028,1148028.613028,1219.5,26.67197658978617,1.3030118293993278,2.349980142660738,0.1174343789181036,10.392304845413264,1.174990071330369,22.08944002108735,26.67197658978617,62.32407297697681,47.3334337497648,0.9338329407173938,0.9335730647312976,0.0843982366601284,0.03991828955286515,1.5,1.487787843815257,13.11299071636915,0.05327560598580225,0.23719481634868794,5.625702253699925,0.01797548129500315,1754567989384.737,1754567994384.737
0.3732330827067669,0.0003024704618689,0.354074074074074,0.0043846364883401,0.3834586466165413,0.3888888888888889,0.276980094622775,0.0409826655946384,0.276980094622775,0.0409826655946384,0.0,0.0,25.0,4.0,0.5311887490644683,1754567992710.8,4.148,1.746,4.0,1754567990355.0,1754567995355.0,1.0,1.0,1148023.613028,1148028.613028,1219.5,26.67197658978617,1.3030118293993278,2.349980142660738,0.1174343789181036,10.392304845413264,1.174990071330369,22.08944002108735,26.67197658978617,62.32407297697681,47.3334337497648,0.9338329407173938,0.9335730647312976,0.0843982366601284,0.03991828955286515,1.5,1.487787843815257,13.11299071636915,0.05327560598580225,0.23719481634868794,5.625702253699925,0.01797548129500315,1754567989384.737,1754567994384.737
0.4121804511278194,0.0002435185708632,0.3825925925925926,0.0047134430727023,0.4266917293233082,0.4212962962962963,0.2380327262017225,0.0124641470761199,0.2380327262017225,0.0124641470761199,0.0,0.0,25.0,4.0,0.6578634361722708,1754567992710.8,4.148,1.746,4.0,1754567990355.0,1754567995355.0,1.0,1.0,1148023.613028,1148028.613028,1219.5,26.67197658978617,1.3030118293993278,2.349980142660738,0.1174343789181036,10.392304845413264,1.174990071330369,22.08944002108735,26.67197658978617,62.32407297697681,47.3334337497648,0.9338329407173938,0.9335730647312976,0.0843982366601284,0.03991828955286515,1.5,1.487787843815257,13.11299071636915,0.05327560598580225,0.23719481634868794,5.625702253699925,0.01797548129500315,1754567989384.737,1754567994384.737
0.4542857142857142,0.0002534682571089,0.3644444444444443,0.0063709190672153,0.4661654135338345,0.3888888888888889,0.1959274630438278,0.0306122952242681,0.1959274630438278,0.0306122952242681,0.0,0.0,25.0,4.0,0.0597082790254395,1754567992710.8,4.148,1.746,4.0,1754567990355.0,1754567995355.0,1.0,1.0,1148023.613028,1148028.613028,1219.5,26.67197658978617,1.3030118293993278,2.349980142660738,0.1174343789181036,10.392304845413264,1.174990071330369,22.08944002108735,26.67197658978617,62.32407297697681,47.3334337497648,0.9338329407173938,0.9335730647312976,0.0843982366601284,0.03991828955286515,1.5,1.487787843815257,13.11299071636915,0.05327560598580225,0.23719481634868794,5.625702253699925,0.01797548129500315,1754567989384.737,1754567994384.737
0.4700751879699247,0.0001701396348012,0.3418518518518519,0.0070810699588477,0.4812030075187969,0.3888888888888889,0.1801379893596172,0.0532048878168606,0.1801379893596172,0.0532048878168606,0.0,0.0,25.0,4.0,0.2397164224887316,1754568026995.8333,3.843333333333333,1.845,4.0,1754568025362.0,1754568030362.0,1.0,1.0,1148058.613028,1148063.613028,1203.5,26.976677787925404,1.0922110174003445,2.414416707555641,0.1042751419130425,10.392304845413264,1.2072083537778204,21.912793385051188,26.976677787925404,76.91430053684388,50.40842546082555,0.9645903515454042,0.963893871051166,0.06949671115066669,0.05174415563078966,6.0,3.6261873039378423,21.163760460480706,0.08100486037961366,0.9267037369277485,9.892071190808,0.01915249705132225,1754568024384.737,1754568029384.737
0.4911278195488721,0.0001660693086098,0.3518518518518518,0.0084910836762688,0.5037593984962406,0.3703703703703703,0.1590853577806698,0.0432048878168606,0.1590853577806698,0.0432048878168606,0.0,0.0,25.0,4.0,0.2162006843415719,1754568030936.0,3.4,1.8,4.0,1754568030363.0,1754568035363.0,1.0,1.0,1148063.613028,1148068.613028,1202.0,27.26242907963359,1.2194313258523986,2.460713146574145,0.11542415258015885,10.392304845413264,1.2303565732870725,22.054092232295773,27.26242907963359,78.34941792452325,48.20188741604453,0.9648109456482843,0.9641806940845308,0.0586572521004589,0.042314765804049054,4.5,46.94291084844971,962.9952132134734,0.04849937024715305,0.6128587159885742,8.325968809137418,0.018481529843809047,1754568029384.737,1754568034384.737
0.5057142857142857,0.0002437899259426,0.3374074074074073,0.0089614540466392,0.518796992481203,0.3888888888888889,0.1444988916152563,0.0576493322613052,0.1444988916152563,0.0576493322613052,0.0,0.0,25.0,4.0,0.0577567291817144,1754568030936.0,3.4,1.8,4.0,1754568030363.0,1754568035363.0,1.0,1.0,1148063.613028,1148068.613028,1202.0,27.26242907963359,1.2194313258523986,2.460713146574145,0.11542415258015885,10.392304845413264,1.2303565732870725,22.054092232295773,27.26242907963359,78.34941792452325,48.20188741604453,0.9648109456482843,0.9641806940845308,0.0586572521004589,0.042314765804049054,4.5,46.94291084844971,962.9952132134734,0.04849937024715305,0.6128587159885742,8.325968809137418,0.018481529843809047,1754568029384.737,1754568034384.737
0.5190977443609023,0.0002034258578777,0.3333333333333333,0.0082304526748971,0.5263157894736842,0.3657407407407407,0.1311154329686397,0.0617234063353791,0.1311154329686397,0.0617234063353791,0.0,0.0,25.0,4.0,0.2319096938075617,1754568030936.0,3.4,1.8,4.0,1754568030363.0,1754568035363.0,1.0,1.0,1148063.613028,1148068.613028,1202.0,27.26242907963359,1.2194313258523986,2.460713146574145,0.11542415258015885,10.392304845413264,1.2303565732870725,22.054092232295773,27.26242907963359,78.34941792452325,48.20188741604453,0.9648109456482843,0.9641806940845308,0.0586572521004589,0.042314765804049054,4.5,46.94291084844971,962.9952132134734,0.04849937024715305,0.6128587159885742,8.325968809137418,0.018481529843809047,1754568029384.737,1754568034384.737
0.5363909774436091,0.0001347956357058,0.3174074074074073,0.0088067215363511,0.5413533834586466,0.3472222222222222,0.1138221998859329,0.0776493322613051,0.1138221998859329,0.0776493322613051,0.0,0.0,25.0,4.0,0.0932018255153632,1754568030936.0,3.4,1.8,4.0,1754568030363.0,1754568035363.0,1.0,1.0,1148063.613028,1148068.613028,1202.0,27.26242907963359,1.2194313258523986,2.460713146574145,0.11542415258015885,10.392304845413264,1.2303565732870725,22.054092232295773,27.26242907963359,78.34941792452325,48.20188741604453,0.9648109456482843,0.9641806940845308,0.0586572521004589,0.042314765804049054,4.5,46.94291084844971,962.9952132134734,0.04849937024715305,0.6128587159885742,8.325968809137418,0.018481529843809047,1754568029384.737,1754568034384.737
0.5437593984962407,0.0002361693707954,0.3618518518518517,0.0079452674897119,0.556390977443609,0.4027777777777778,0.1064537788333013,0.0332048878168607,0.1064537788333013,0.0332048878168607,0.0,0.0,25.0,4.0,0.0127333810854822,1754568030936.0,3.4,1.8,4.0,1754568030363.0,1754568035363.0,1.0,1.0,1148063.613028,1148068.613028,1202.0,27.26242907963359,1.2194313258523986,2.460713146574145,0.11542415258015885,10.392304845413264,1.2303565732870725,22.054092232295773,27.26242907963359,78.34941792452325,48.20188741604453,0.9648109456482843,0.9641806940845308,0.0586572521004589,0.042314765804049054,4.5,46.94291084844971,962.9952132134734,0.04849937024715305,0.6128587159885742,8.325968809137418,0.018481529843809047,1754568029384.737,1754568034384.737
0.5586466165413534,0.0002628752331957,0.334074074074074,0.0078046639231824,0.5714285714285714,0.3842592592592592,0.0915665607881885,0.0609826655946385,0.0915665607881885,0.0609826655946385,0.0,0.0,25.0,4.0,3.343948409917455e-05,1754568030936.0,3.4,1.8,4.0,1754568030363.0,1754568035363.0,1.0,1.0,1148063.613028,1148068.613028,1202.0,27.26242907963359,1.2194313258523986,2.460713146574145,0.11542415258015885,10.392304845413264,1.2303565732870725,22.054092232295773,27.26242907963359,78.34941792452325,48.20188741604453,0.9648109456482843,0.9641806940845308,0.0586572521004589,0.042314765804049054,4.5,46.94291084844971,962.9952132134734,0.04849937024715305,0.6128587159885742,8.325968809137418,0.018481529843809047,1754568029384.737,1754568034384.737
0.5657142857142857,0.0002025213409463,0.338148148148148,0.0102717421124828,0.5789473684210527,0.3842592592592592,0.0844988916152562,0.0569085915205644,0.0844988916152562,0.0569085915205644,0.0,0.0,25.0,4.0,0.1136957271473224,1754568030936.0,3.4,1.8,4.0,1754568030363.0,1754568035363.0,1.0,1.0,1148063.613028,1148068.613028,1202.0,27.26242907963359,1.2194313258523986,2.460713146574145,0.11542415258015885,10.392304845413264,1.2303565732870725,22.054092232295773,27.26242907963359,78.34941792452325,48.20188741604453,0.9648109456482843,0.9641806940845308,0.0586572521004589,0.042314765804049054,4.5,46.94291084844971,962.9952132134734,0.04849937024715305,0.6128587159885742,8.325968809137418,0.018481529843809047,1754568029384.737,1754568034384.737
0.582406015037594,0.0001904234269885,0.321111111111111,0.0091030178326474,0.5939849624060151,0.3472222222222222,0.0678071622919479,0.0739456285576014,0.0678071622919479,0.0739456285576014,0.0,0.0,25.0,4.0,0.0057611619748856,1754568030936.0,3.4,1.8,4.0,1754568030363.0,1754568035363.0,1.0,1.0,1148063.613028,1148068.613028,1202.0,27.26242907963359,1.2194313258523986,2.460713146574145,0.11542415258015885,10.392304845413264,1.2303565732870725,22.054092232295773,27.26242907963359,78.34941792452325,48.20188741604453,0.9648109456482843,0.9641806940845308,0.0586572521004589,0.042314765804049054,4.5,46.94291084844971,962.9952132134734,0.04849937024715305,0.6128587159885742,8.325968809137418,0.018481529843809047,1754568029384.737,1754568034384.737
0.5804511278195489,0.0001741195092995,0.3266666666666666,0.0043725651577503,0.5939849624060151,0.3518518518518518,0.0697620495099931,0.0683900730020458,0.0697620495099931,0.0683900730020458,0.0,0.0,25.0,4.0,0.0019456599393056,1754568030936.0,3.4,1.8,4.0,1754568030363.0,1754568035363.0,1.0,1.0,1148063.613028,1148068.613028,1202.0,27.26242907963359,1.2194313258523986,2.460713146574145,0.11542415258015885,10.392304845413264,1.2303565732870725,22.054092232295773,27.26242907963359,78.34941792452325,48.20188741604453,0.9648109456482843,0.9641806940845308,0.0586572521004589,0.042314765804049054,4.5,46.94291084844971,962.9952132134734,0.04849937024715305,0.6128587159885742,8.325968809137418,0.018481529843809047,1754568029384.737,1754568034384.737
0.589172932330827,0.0001713155068121,0.3285185185185185,0.0040028806584362,0.5939849624060151,0.3657407407407407,0.0610402449987149,0.066538221150194,0.0610402449987149,0.066538221150194,0.0,0.0,25.0,4.0,0.005077516672826,1754568030936.0,3.4,1.8,4.0,1754568030363.0,1754568035363.0,1.0,1.0,1148063.613028,1148068.613028,1202.0,27.26242907963359,1.2194313258523986,2.460713146574145,0.11542415258015885,10.392304845413264,1.2303565732870725,22.054092232295773,27.26242907963359,78.34941792452325,48.20188741604453,0.9648109456482843,0.9641806940845308,0.0586572521004589,0.042314765804049054,4.5,46.94291084844971,962.9952132134734,0.04849937024715305,0.6128587159885742,8.325968809137418,0.018481529843809047,1754568029384.737,1754568034384.737
0.5947368421052631,0.0001792074170388,0.3292592592592592,0.0075211248285322,0.6071428571428572,0.3657407407407407,0.0554763352242788,0.0657974804094532,0.0554763352242788,0.0657974804094532,0.0,0.0,25.0,4.0,,1754568085144.0,3.13,1.8,4.0,1754568080373.0,1754568085373.0,1.0,1.0,1148113.613028,1148118.613028,1135.5,27.03562377294374,1.62591157934281,2.3917828471547375,0.1391335695164233,10.392304845413264,1.1958914235773688,22.21515504535877,27.03562377294374,77.22523008410586,53.63502739992923,0.947842715696612,0.9459034127504418,0.08731152667872374,0.06384276217836579,10.0,7.668598319873311,35.733607393650814,0.07855568469056715,1.7654079306674746,15.36490396261065,0.0228757019549542,1754568079384.737,1754568084384.737
0.8464661654135338,0.0001946746565662,0.3192592592592592,0.0104466392318244,0.8571428571428571,0.3703703703703703,0.1962529880839918,0.0757974804094533,0.1962529880839918,0.0757974804094533,1.0,0.0,25.0,5.0,0.7951513655463648,1754566804508.0,5.0,5.0,5.0,1754566804508.0,1754566809508.0,1.0,1.0,1146838.613028,1146843.613028,1225.5,26.61849865028268,1.586835388247398,2.344543187769815,0.3050476511965575,10.392304845413264,1.1722715938849075,21.062481307012927,26.61849865028268,69.35505989006889,45.13216058270288,0.9598180636949686,0.9598652778006086,0.0661972171363945,0.03720078488436575,1.0,1.7571164131695771,11.496896037535553,0.0590964654358723,0.3590005292076566,5.080796349391951,0.01797847219204075,1754566804384.737,1754566809384.737
0.7839097744360902,0.0003545932500423,0.3333333333333332,0.0054869684499314,0.7951127819548872,0.3796296296296296,0.1336965971065482,0.0617234063353792,0.1336965971065482,0.0617234063353792,1.0,0.0,25.0,5.0,0.0015576932166411,1754566813836.0,5.27,5.0,5.0,1754566809509.0,1754566814509.0,0.0,1.0,1146843.613028,1146848.613028,1204.5,26.742910980655335,1.5578287767543237,2.3625394446475383,0.3145220852073058,10.392304845413264,1.1812697223237691,21.30854673177111,26.742910980655335,54.74584019849918,45.657532838032196,0.9465237723803568,0.9466157861177182,0.0757540743806297,0.04114497726139245,2.5,3.3655371247549266,25.47649980598007,0.08500465370136245,0.6036272499180853,9.273871935706573,0.018857129603516,1754566809384.737,1754566814384.737
0.7869172932330828,0.0002546441291197,0.327037037037037,0.0071825788751714,0.7969924812030075,0.3888888888888889,0.1367041159035408,0.0680197026316755,0.1367041159035408,0.0680197026316755,1.0,0.0,25.0,5.0,0.0053072066794254,1754566814780.0,5.53,5.0,5.0,1754566814510.0,1754566819510.0,0.0,0.0,1146848.613028,1146853.613028,1219.0,25.32162698117775,1.505590647433134,2.233736600942372,0.29179829843129795,10.392304845413264,1.116868300471186,20.43807547352037,25.32162698117775,64.42773011598256,51.40215062286922,0.9579684634874996,0.9580132631192212,0.06818206615215935,0.0397527562020995,1.5,2.361384006417791,15.514660800102938,0.0950099699464799,0.24505332902564575,4.201852273717101,0.01842251706059805,1754566814384.737,1754566819384.737
0.7990977443609023,0.0002669229464639,0.3262962962962963,0.0071727023319615,0.8120300751879699,0.3657407407407407,0.1488845670313603,0.0687604433724162,0.1488845670313603,0.0687604433724162,1.0,0.0,25.0,5.0,0.0010131999193304,1754566822598.6667,5.53,4.466666666666666,5.0,1754566819511.0,1754566824511.0,0.0,0.0,1146853.613028,1146858.613028,1239.0,25.143554654647062,1.4547597724098913,2.2204297984712107,0.2751014270755747,10.392304845413264,1.1102148992356053,19.92211959472954,25.143554654647062,69.01799760290643,47.203967735953405,0.9716359147947728,0.9716798536336522,0.054625419745399154,0.032784907230687346,0.0,0.8846829449667913,1.8223888524096994,0.08037185359840515,0.0004014609804628,0.00850323576769995,0.0175438596491228,1754566819384.737,1754566824384.737
0.8006015037593985,0.0002560687432867,0.334074074074074,0.006474074074074,0.8120300751879699,0.3703703703703703,0.1503883264298565,0.0609826655946385,0.1503883264298565,0.0609826655946385,1.0,0.0,25.0,5.0,0.0496647522895323,1754566827564.6667,5.933333333333334,4.733333333333333,5.0,1754566824512.0,1754566829512.0,0.0,0.0,1146858.613028,1146863.613028,1225.5,26.545191642089414,1.5132659465421563,2.336689842009079,0.2909999223891741,10.392304845413264,1.1683449210045393,20.423740717206186,26.545191642089414,50.33049756800729,34.763534613658265,0.9585431503315717,0.9586098091124751,0.0631686146023399,0.03477501991123495,2.0,1.5651876363414443,10.396474545113376,0.06069001271365175,0.35775962778963394,5.067881399940335,0.0178909764105234,1754566824384.737,1754566829384.737
0.813984962406015,0.0002505738029283,0.3214814814814815,0.0119582990397805,0.8195488721804511,0.3842592592592592,0.163771785076473,0.073575258187231,0.163771785076473,0.073575258187231,1.0,0.0,25.0,5.0,0.0,1754566831306.4,7.08,5.054,5.0,1754566829513.0,1754566834513.0,0.0,0.0,1146863.613028,1146868.613028,1205.5,26.955180236100134,1.4238208700567874,2.3650862758886553,0.2884079947795281,10.392304845413264,1.1825431379443276,20.926317098398716,26.955180236100134,50.31655693073542,36.01909962751584,0.9470103119948909,0.947032133481593,0.07815135498509185,0.044242731307650204,3.5,2.3917698466608392,18.741724149759236,0.06346229622351975,0.4783847375858249,8.011266708071478,0.01815457363396595,1754566829384.737,1754566834384.737
0.8189473684210526,0.000157928656227,0.3229629629629629,0.0126770919067215,0.8270676691729323,0.3703703703703703,0.1687341910915106,0.0720937767057496,0.1687341910915106,0.0720937767057496,1.0,0.0,25.0,5.0,1.366470771026787e-07,1754566837483.8,7.562,5.906000000000001,5.0,1754566834514.0,1754566839514.0,0.0,0.0,1146868.613028,1146873.613028,1215.0,26.38581672744642,1.373071614557736,2.3124333403169146,0.27593221660459777,10.392304845413264,1.1562166701584573,20.720820788010982,26.38581672744642,57.81780640544039,42.05780328773098,0.951908541763266,0.951887121369868,0.0724047502343621,0.04026215288026205,2.0,2.0916820325701053,16.79622035567428,0.0736846238786345,0.2379476449855527,5.849528997986123,0.0178928977474799,1754566834384.737,1754566839384.737
0.8225563909774436,0.0002736163717564,0.3259259259259259,0.0127709190672153,0.8345864661654135,0.3703703703703703,0.1723432136479016,0.0691308137427866,0.1723432136479016,0.0691308137427866,1.0,0.0,25.0,5.0,1.9854301469456085e-05,1754566837483.8,7.562,5.906000000000001,5.0,1754566834514.0,1754566839514.0,0.0,0.0,1146868.613028,1146873.613028,1215.0,26.38581672744642,1.373071614557736,2.3124333403169146,0.27593221660459777,10.392304845413264,1.1562166701584573,20.720820788010982,26.38581672744642,57.81780640544039,42.05780328773098,0.951908541763266,0.951887121369868,0.0724047502343621,0.04026215288026205,2.0,2.0916820325701053,16.79622035567428,0.0736846238786345,0.2379476449855527,5.849528997986123,0.0178928977474799,1754566834384.737,1754566839384.737
0.8206015037593984,0.0002487647690655,0.3244444444444444,0.011676817558299,0.8345864661654135,0.3657407407407407,0.1703883264298564,0.0706122952242681,0.1703883264298564,0.0706122952242681,1.0,0.0,25.0,5.0,1.8519118972800042e-07,1754566837483.8,7.562,5.906000000000001,5.0,1754566834514.0,1754566839514.0,0.0,0.0,1146868.613028,1146873.613028,1215.0,26.38581672744642,1.373071614557736,2.3124333403169146,0.27593221660459777,10.392304845413264,1.1562166701584573,20.720820788010982,26.38581672744642,57.81780640544039,42.05780328773098,0.951908541763266,0.951887121369868,0.0724047502343621,0.04026215288026205,2.0,2.0916820325701053,16.79622035567428,0.0736846238786345,0.2379476449855527,5.849528997986123,0.0178928977474799,1754566834384.737,1754566839384.737
0.8266165413533835,0.0002496692859969,0.3196296296296296,0.0105598079561042,0.8402255639097744,0.4166666666666666,0.1764033640238415,0.0754271100390829,0.1764033640238415,0.0754271100390829,1.0,0.0,25.0,5.0,0.395423419209514,1754566837483.8,7.562,5.906000000000001,5.0,1754566834514.0,1754566839514.0,0.0,0.0,1146868.613028,1146873.613028,1215.0,26.38581672744642,1.373071614557736,2.3124333403169146,0.27593221660459777,10.392304845413264,1.1562166701584573,20.720820788010982,26.38581672744642,57.81780640544039,42.05780328773098,0.951908541763266,0.951887121369868,0.0724047502343621,0.04026215288026205,2.0,2.0916820325701053,16.79622035567428,0.0736846238786345,0.2379476449855527,5.849528997986123,0.0178928977474799,1754566834384.737,1754566839384.737
0.7959398496240602,0.0004002713550794,0.3222222222222222,0.0107544581618655,0.8120300751879699,0.3518518518518518,0.1457266722945182,0.0728345174464903,0.1457266722945182,0.0728345174464903,1.0,0.0,25.0,5.0,0.5522729226652294,1754566837483.8,7.562,5.906000000000001,5.0,1754566834514.0,1754566839514.0,0.0,0.0,1146868.613028,1146873.613028,1215.0,26.38581672744642,1.373071614557736,2.3124333403169146,0.27593221660459777,10.392304845413264,1.1562166701584573,20.720820788010982,26.38581672744642,57.81780640544039,42.05780328773098,0.951908541763266,0.951887121369868,0.0724047502343621,0.04026215288026205,2.0,2.0916820325701053,16.79622035567428,0.0736846238786345,0.2379476449855527,5.849528997986123,0.0178928977474799,1754566834384.737,1754566839384.737
0.7496240601503759,0.0002922720334671,0.3251851851851852,0.01679231824417,0.7593984962406015,0.4027777777777778,0.0994108828208338,0.0698715544835273,0.0994108828208338,0.0698715544835273,1.0,0.0,25.0,5.0,0.0052478977661524,1754566863254.0,7.93,6.33,5.0,1754566859519.0,1754566864519.0,0.0,0.0,1146893.613028,1146898.613028,1215.5,27.25355777848152,1.4579382170263457,2.3590148155397137,0.24690410711174354,10.392304845413264,1.1795074077698569,22.32466366484023,27.25355777848152,79.10979265495327,52.65661598518426,0.9429912913181987,0.9430295778165592,0.07808433736095445,0.04069910536062955,2.0,2.0816710824036804,15.99545350471453,0.0529419795766901,0.24286405680011564,4.1761872387701295,0.0179853997409631,1754566859384.737,1754566864384.737
0.7529323308270677,0.0002058002148227,0.3188888888888889,0.011938134430727,0.7593984962406015,0.3333333333333333,0.1027191534975257,0.0761678507798236,0.1027191534975257,0.0761678507798236,1.0,0.0,25.0,5.0,0.1603310509952533,1754566863254.0,7.93,6.33,5.0,1754566859519.0,1754566864519.0,0.0,0.0,1146893.613028,1146898.613028,1215.5,27.25355777848152,1.4579382170263457,2.3590148155397137,0.24690410711174354,10.392304845413264,1.1795074077698569,22.32466366484023,27.25355777848152,79.10979265495327,52.65661598518426,0.9429912913181987,0.9430295778165592,0.07808433736095445,0.04069910536062955,2.0,2.0816710824036804,15.99545350471453,0.0529419795766901,0.24286405680011564,4.1761872387701295,0.0179853997409631,1754566859384.737,1754566864384.737
0.775187969924812,0.0002425236022386,0.3292592592592592,0.0113208504801097,0.7875939849624061,0.3518518518518518,0.12497479259527,0.0657974804094532,0.12497479259527,0.0657974804094532,1.0,0.0,25.0,5.0,0.1550591874173432,1754566863254.0,7.93,6.33,5.0,1754566859519.0,1754566864519.0,0.0,0.0,1146893.613028,1146898.613028,1215.5,27.25355777848152,1.4579382170263457,2.3590148155397137,0.24690410711174354,10.392304845413264,1.1795074077698569,22.32466366484023,27.25355777848152,79.10979265495327,52.65661598518426,0.9429912913181987,0.9430295778165592,0.07808433736095445,0.04069910536062955,2.0,2.0816710824036804,15.99545350471453,0.0529419795766901,0.24286405680011564,4.1761872387701295,0.0179853997409631,1754566859384.737,1754566864384.737
0.7598496240601504,0.0005413759963819,0.3251851851851851,0.0066825788751714,0.7744360902255639,0.3703703703703703,0.1096364467306084,0.0698715544835273,0.1096364467306084,0.0698715544835273,1.0,0.0,25.0,5.0,0.1347603614945607,1754566863254.0,7.93,6.33,5.0,1754566859519.0,1754566864519.0,0.0,0.0,1146893.613028,1146898.613028,1215.5,27.25355777848152,1.4579382170263457,2.3590148155397137,0.24690410711174354,10.392304845413264,1.1795074077698569,22.32466366484023,27.25355777848152,79.10979265495327,52.65661598518426,0.9429912913181987,0.9430295778165592,0.07808433736095445,0.04069910536062955,2.0,2.0816710824036804,15.99545350471453,0.0529419795766901,0.24286405680011564,4.1761872387701295,0.0179853997409631,1754566859384.737,1754566864384.737
0.7666165413533834,0.000228300073492,0.3311111111111111,0.0056329218106995,0.7819548872180451,0.3703703703703703,0.1164033640238414,0.0639456285576014,0.1164033640238414,0.0639456285576014,1.0,0.0,25.0,5.0,0.2393748399142974,1754566863254.0,7.93,6.33,5.0,1754566859519.0,1754566864519.0,0.0,0.0,1146893.613028,1146898.613028,1215.5,27.25355777848152,1.4579382170263457,2.3590148155397137,0.24690410711174354,10.392304845413264,1.1795074077698569,22.32466366484023,27.25355777848152,79.10979265495327,52.65661598518426,0.9429912913181987,0.9430295778165592,0.07808433736095445,0.04069910536062955,2.0,2.0816710824036804,15.99545350471453,0.0529419795766901,0.24286405680011564,4.1761872387701295,0.0179853997409631,1754566859384.737,1754566864384.737
0.7864661654135336,0.0002419582791565,0.3351851851851852,0.0088648834019204,0.7969924812030075,0.3796296296296296,0.1362529880839916,0.0598715544835273,0.1362529880839916,0.0598715544835273,1.0,0.0,25.0,5.0,0.0085253186174961,1754566887757.5,8.065,6.07,5.0,1754566884524.0,1754566889524.0,0.0,0.0,1146918.613028,1146923.613028,1205.0,26.543607785306556,1.1962032281274517,2.268546307758859,0.2207804536486709,10.392304845413264,1.1342731538794295,21.13734424389672,26.543607785306556,52.75417860168747,41.02772964948966,0.9308847935655999,0.9309316712685138,0.08645761071281324,0.0397118769982078,2.5,2.22975126339984,20.513809571284852,0.06390029189978415,0.241588005005945,4.162350571585428,0.018288181071863398,1754566884384.737,1754566889384.737
0.8027067669172933,0.0001776471253321,0.3311111111111111,0.0132049382716049,0.8120300751879699,0.3842592592592592,0.1524935895877512,0.0639456285576014,0.1524935895877512,0.0639456285576014,1.0,0.0,25.0,5.0,0.0026094905724903,1754566892872.75,8.2675,6.1325,5.0,1754566889525.0,1754566894525.0,0.0,0.0,1146923.613028,1146928.613028,1192.0,26.1011969332387,1.1559863063122504,2.22063912786812,0.22494882524114576,10.392304845413264,1.11031956393406,20.88150887856883,26.1011969332387,58.157865303838506,47.72221677443794,0.9251569742774441,0.92513806551159,0.0915867589271663,0.0406827650669161,2.5,3.6639249564808924,36.77164860868075,0.0819863406451388,0.3637408130087321,7.123649349124792,0.018559205334136998,1754566889384.737,1754566894384.737
0.8142857142857142,0.0002131268019673,0.3281481481481481,0.0144998628257887,0.8270676691729323,0.3657407407407407,0.1640725369561722,0.0669085915205644,0.1640725369561722,0.0669085915205644,1.0,0.0,25.0,5.0,2.9688410538526705e-05,1754566892872.75,8.2675,6.1325,5.0,1754566889525.0,1754566894525.0,0.0,0.0,1146923.613028,1146928.613028,1192.0,26.1011969332387,1.1559863063122504,2.22063912786812,0.22494882524114576,10.392304845413264,1.11031956393406,20.88150887856883,26.1011969332387,58.157865303838506,47.72221677443794,0.9251569742774441,0.92513806551159,0.0915867589271663,0.0406827650669161,2.5,3.6639249564808924,36.77164860868075,0.0819863406451388,0.3637408130087321,7.123649349124792,0.018559205334136998,1754566889384.737,1754566894384.737
0.822857142857143,0.0001767426084007,0.3248148148148147,0.0136379972565157,0.8345864661654135,0.3657407407407407,0.1726439655276009,0.0702419248538978,0.1726439655276009,0.0702419248538978,1.0,0.0,25.0,5.0,0.1866214476964618,1754566892872.75,8.2675,6.1325,5.0,1754566889525.0,1754566894525.0,0.0,0.0,1146923.613028,1146928.613028,1192.0,26.1011969332387,1.1559863063122504,2.22063912786812,0.22494882524114576,10.392304845413264,1.11031956393406,20.88150887856883,26.1011969332387,58.157865303838506,47.72221677443794,0.9251569742774441,0.92513806551159,0.0915867589271663,0.0406827650669161,2.5,3.6639249564808924,36.77164860868075,0.0819863406451388,0.3637408130087321,7.123649349124792,0.018559205334136998,1754566889384.737,1754566894384.737
0.8006015037593985,0.0004279269602577,0.3274074074074074,0.0097316872427983,0.8120300751879699,0.4027777777777778,0.1503883264298565,0.0676493322613051,0.1503883264298565,0.0676493322613051,1.0,0.0,25.0,5.0,0.0114585805974253,1754566892872.75,8.2675,6.1325,5.0,1754566889525.0,1754566894525.0,0.0,0.0,1146923.613028,1146928.613028,1192.0,26.1011969332387,1.1559863063122504,2.22063912786812,0.22494882524114576,10.392304845413264,1.11031956393406,20.88150887856883,26.1011969332387,58.157865303838506,47.72221677443794,0.9251569742774441,0.92513806551159,0.0915867589271663,0.0406827650669161,2.5,3.6639249564808924,36.77164860868075,0.0819863406451388,0.3637408130087321,7.123649349124792,0.018559205334136998,1754566889384.737,1754566894384.737
0.7816541353383459,0.0002215161965063,0.3262962962962962,0.0118777777777777,0.7894736842105263,0.3703703703703703,0.1314409580088039,0.0687604433724162,0.1314409580088039,0.0687604433724162,1.0,0.0,25.0,5.0,2.64080236983294e-05,1754566892872.75,8.2675,6.1325,5.0,1754566889525.0,1754566894525.0,0.0,0.0,1146923.613028,1146928.613028,1192.0,26.1011969332387,1.1559863063122504,2.22063912786812,0.22494882524114576,10.392304845413264,1.11031956393406,20.88150887856883,26.1011969332387,58.157865303838506,47.72221677443794,0.9251569742774441,0.92513806551159,0.0915867589271663,0.0406827650669161,2.5,3.6639249564808924,36.77164860868075,0.0819863406451388,0.3637408130087321,7.123649349124792,0.018559205334136998,1754566889384.737,1754566894384.737
0.7790977443609022,0.0002304030753575,0.3229629629629629,0.0101805212620027,0.7894736842105263,0.3842592592592592,0.1288845670313602,0.0720937767057495,0.1288845670313602,0.0720937767057495,1.0,0.0,25.0,5.0,0.0028761425165487,1754566892872.75,8.2675,6.1325,5.0,1754566889525.0,1754566894525.0,0.0,0.0,1146923.613028,1146928.613028,1192.0,26.1011969332387,1.1559863063122504,2.22063912786812,0.22494882524114576,10.392304845413264,1.11031956393406,20.88150887856883,26.1011969332387,58.157865303838506,47.72221677443794,0.9251569742774441,0.92513806551159,0.0915867589271663,0.0406827650669161,2.5,3.6639249564808924,36.77164860868075,0.0819863406451388,0.3637408130087321,7.123649349124792,0.018559205334136998,1754566889384.737,1754566894384.737
0.7757894736842106,0.0001824636779919,0.3288888888888888,0.0077854595336076,0.7894736842105263,0.3888888888888889,0.1255762963546686,0.0661678507798236,0.1255762963546686,0.0661678507798236,1.0,0.0,25.0,5.0,0.1041185722160444,1754566892872.75,8.2675,6.1325,5.0,1754566889525.0,1754566894525.0,0.0,0.0,1146923.613028,1146928.613028,1192.0,26.1011969332387,1.1559863063122504,2.22063912786812,0.22494882524114576,10.392304845413264,1.11031956393406,20.88150887856883,26.1011969332387,58.157865303838506,47.72221677443794,0.9251569742774441,0.92513806551159,0.0915867589271663,0.0406827650669161,2.5,3.6639249564808924,36.77164860868075,0.0819863406451388,0.3637408130087321,7.123649349124792,0.018559205334136998,1754566889384.737,1754566894384.737
0.7875187969924811,0.0002324834642998,0.3203703703703703,0.0112105624142661,0.7969924812030075,0.4027777777777778,0.137305619662939,0.0746863692983422,0.137305619662939,0.0746863692983422,1.0,0.0,25.0,5.0,6.604316164071614e-05,1754566927209.5,8.47,5.6675,5.0,1754566924532.0,1754566929532.0,0.0,0.0,1146958.613028,1146963.613028,1201.5,25.246554440776613,1.5150001040218941,2.1393411411305823,0.2464499629189132,10.392304845413264,1.069670570565291,20.050484564347563,25.246554440776613,52.04893381673049,43.997228370770756,0.9297362356999779,0.9290075232135295,0.09280118059682879,0.0489450155719183,7.0,3.892246594247734,17.684230206726088,0.08261785657833401,0.6346412217581341,6.727890719907079,0.0195803351887888,1754566924384.737,1754566929384.737
0.7957894736842104,0.0002269432980948,0.3355555555555555,0.0139731138545953,0.8045112781954887,0.3842592592592592,0.1455762963546684,0.0595011841131569,0.1455762963546684,0.0595011841131569,1.0,0.0,25.0,5.0,0.0022310439519213,1754566932395.8572,8.47,4.2,5.0,1754566929533.0,1754566934533.0,0.0,0.0,1146963.613028,1146968.613028,1153.0,26.272111108250314,1.4369803279760787,2.221522892641989,0.24480637862921864,10.392304845413264,1.110761446320994,21.281443557289855,26.272111108250314,62.14202026590523,52.06086698442135,0.9137726161271765,0.911698509859288,0.10958638052501904,0.06369498295973941,15.5,8.84550752623473,42.39676544269167,0.08790049830068475,1.8066285045441925,15.8337303688944,0.022343147731957752,1754566929384.737,1754566934384.737
0.7969924812030074,0.000192209847928,0.3337037037037036,0.0099655692729766,0.8120300751879699,0.3888888888888889,0.1467793038734653,0.0613530359650088,0.1467793038734653,0.0613530359650088,1.0,0.0,25.0,5.0,0.0043018870118681,1754566938030.0,8.73,3.4,5.0,1754566934534.0,1754566939534.0,0.0,0.0,1146968.613028,1146973.613028,1153.5,26.641517637353523,1.3147609410596843,2.234617836343467,0.22126816883498557,10.392304845413264,1.1173089181717335,21.875467288896296,26.641517637353523,74.88341059302374,54.25281312385533,0.9242717459883338,0.9220590653725294,0.0996036294959198,0.0600765146440761,11.5,8.653763592777603,46.24839941507616,0.06787317602745725,1.9207010470066592,16.404122759664993,0.021346643253966548,1754566934384.737,1754566939384.737
0.8057142857142857,0.0002314658827519,0.3188888888888888,0.0120067215363511,0.8176691729323309,0.3888888888888889,0.1555011083847437,0.0761678507798236,0.1555011083847437,0.0761678507798236,1.0,0.0,25.0,5.0,,1754566938030.0,8.73,3.4,5.0,1754566934534.0,1754566939534.0,0.0,0.0,1146968.613028,1146973.613028,1153.5,26.641517637353523,1.3147609410596843,2.234617836343467,0.22126816883498557,10.392304845413264,1.1173089181717335,21.875467288896296,26.641517637353523,74.88341059302374,54.25281312385533,0.9242717459883338,0.9220590653725294,0.0996036294959198,0.0600765146440761,11.5,8.653763592777603,46.24839941507616,0.06787317602745725,1.9207010470066592,16.404122759664993,0.021346643253966548,1754566934384.737,1754566939384.737
0.7738345864661653,0.000725513030697,0.3725925925925926,0.007114403292181,0.7969924812030075,0.4027777777777778,0.1236214091366233,0.0224641470761199,0.1236214091366233,0.0224641470761199,1.0,0.0,25.0,6.0,0.7723456780862442,1754566269394.0,5.0,5.0,6.0,1754566269394.0,1754566274394.0,1.0,1.0,1146303.613028,1146308.613028,1199.5,29.606882775424474,1.7295652412077154,3.0975654071286467,0.1796518031292622,10.392304845413264,1.5487827035643233,23.580847833844516,29.606882775424474,80.78953611538262,50.64978668277233,0.9671552954335841,0.9664007523327852,0.06453949698879505,0.050269064606628,8.5,2.7593212129475506,23.34534464851683,0.08170945664338715,0.5518865289355587,8.912405553310947,0.01926072552783835,1754566269384.737,1754566274384.737
0.7051127819548872,0.0001838204533891,0.3666666666666666,0.0064609053497942,0.7142857142857143,0.4074074074074074,0.0548996046253452,0.0283900730020458,0.0548996046253452,0.0283900730020458,1.0,0.0,25.0,6.0,0.0430794237727344,1754566278679.0,5.0,4.6,6.0,1754566274395.0,1754566279395.0,1.0,1.0,1146308.613028,1146313.613028,1219.0,31.27787832921394,1.5612844862937216,3.231553105618845,0.16414426463298484,10.392304845413264,1.6157765528094226,25.428658906252913,31.27787832921394,66.61087757645032,47.87235084910561,0.9598904196593241,0.9595341647243241,0.06081029953670295,0.0372453712563989,3.0,1.4477100645457242,14.495743860975079,0.0630669779618613,0.24219576933313205,4.186781801073372,0.0181517504772856,1754566274384.737,1754566279384.737
0.7159398496240601,0.0002245237153032,0.3881481481481482,0.0063643347050754,0.7293233082706767,0.4444444444444444,0.0657266722945181,0.0069085915205643,0.0657266722945181,0.0069085915205643,1.0,0.0,25.0,6.0,0.2025127014471955,1754566280855.0,5.6675,4.47,6.0,1754566279396.0,1754566284396.0,0.0,1.0,1146313.613028,1146318.613028,1219.0,29.375085179694032,1.4614104343606809,3.0071996604796576,0.15095850048856474,10.392304845413264,1.5035998302398288,24.027022093259394,29.375085179694032,69.35025529043918,48.63056438755574,0.9631022804091868,0.9628991481254024,0.0580851194889653,0.03384610468288565,0.5,1.1264893369837377,11.48905779697353,0.05456510433990725,0.12075661533808585,2.9543003122989866,0.0177605991886594,1754566279384.737,1754566284384.737
0.7336842105263157,0.0001607552716377,0.3718518518518518,0.0064449931412894,0.7443609022556391,0.4074074074074074,0.0834710331967737,0.0232048878168606,0.0834710331967737,0.0232048878168606,1.0,0.0,25.0,6.0,0.0523077406537827,1754566286030.0,6.6000000000000005,4.335,6.0,1754566284397.0,1754566289397.0,0.0,0.0,1146318.613028,1146323.613028,1217.5,28.578633737095423,1.162117226809728,2.919330726468438,0.11556993684320155,10.392304845413264,1.459665363234219,23.412794584716096,28.578633737095423,73.42048608745952,52.1305399243528,0.9566390704525487,0.956267558786416,0.0658204263993508,0.0407523256330289,3.5,1.5568708250379784,15.717489219317583,0.06588065874742555,0.3588183051997659,7.093332447515034,0.01814770122631745,1754566284384.737,1754566289384.737
0.7434586466165414,0.000164260274747,0.3681481481481481,0.0060170096021947,0.7518796992481203,0.4027777777777778,0.0932454692869994,0.0269085915205643,0.0932454692869994,0.0269085915205643,1.0,0.0,25.0,6.0,0.0043248945066625,1754566292340.0,7.188000000000001,3.722,6.0,1754566289398.0,1754566294398.0,0.0,0.0,1146323.613028,1146328.613028,1212.5,28.548454613439283,1.1279562839379536,2.920665472208416,0.11380630012061929,10.392304845413264,1.460332736104208,23.38207617633134,28.548454613439283,69.8525202174534,51.724484622940096,0.9562539481633991,0.9559503707233209,0.06755258942480166,0.04329597021876285,5.0,1.984012505348466,17.75436630899941,0.07597703321918015,0.48188383142759855,8.334144381201352,0.0184120875076296,1754566289384.737,1754566294384.737
0.7542857142857143,0.0001479789699813,0.3737037037037036,0.0071562414266117,0.7593984962406015,0.4074074074074074,0.1040725369561723,0.0213530359650089,0.1040725369561723,0.0213530359650089,1.0,0.0,25.0,6.0,0.0392336922273267,1754566292340.0,7.188000000000001,3.722,6.0,1754566289398.0,1754566294398.0,0.0,0.0,1146323.613028,1146328.613028,1212.5,28.548454613439283,1.1279562839379536,2.920665472208416,0.11380630012061929,10.392304845413264,1.460332736104208,23.38207617633134,28.548454613439283,69.8525202174534,51.724484622940096,0.9562539481633991,0.9559503707233209,0.06755258942480166,0.04329597021876285,5.0,1.984012505348466,17.75436630899941,0.07597703321918015,0.48188383142759855,8.334144381201352,0.0184120875076296,1754566289384.737,1754566294384.737
0.7654135338345864,0.0001831646786138,0.3655555555555555,0.0068286694101508,0.7744360902255639,0.4074074074074074,0.1152003565050444,0.0295011841131569,0.1152003565050444,0.0295011841131569,1.0,0.0,25.0,6.0,2.322314520374332e-05,1754566292340.0,7.188000000000001,3.722,6.0,1754566289398.0,1754566294398.0,0.0,0.0,1146323.613028,1146328.613028,1212.5,28.548454613439283,1.1279562839379536,2.920665472208416,0.11380630012061929,10.392304845413264,1.460332736104208,23.38207617633134,28.548454613439283,69.8525202174534,51.724484622940096,0.9562539481633991,0.9559503707233209,0.06755258942480166,0.04329597021876285,5.0,1.984012505348466,17.75436630899941,0.07597703321918015,0.48188383142759855,8.334144381201352,0.0184120875076296,1754566289384.737,1754566294384.737
0.7691729323308271,0.0001950364633387,0.3677777777777777,0.0079973936899862,0.7819548872180451,0.4074074074074074,0.118959755001285,0.0272789618909348,0.118959755001285,0.0272789618909348,1.0,0.0,25.0,6.0,2.295724023868156e-05,1754566292340.0,7.188000000000001,3.722,6.0,1754566289398.0,1754566294398.0,0.0,0.0,1146323.613028,1146328.613028,1212.5,28.548454613439283,1.1279562839379536,2.920665472208416,0.11380630012061929,10.392304845413264,1.460332736104208,23.38207617633134,28.548454613439283,69.8525202174534,51.724484622940096,0.9562539481633991,0.9559503707233209,0.06755258942480166,0.04329597021876285,5.0,1.984012505348466,17.75436630899941,0.07597703321918015,0.48188383142759855,8.334144381201352,0.0184120875076296,1754566289384.737,1754566294384.737
0.7621052631578946,0.000150963875855,0.3618518518518518,0.0074788751714677,0.7725563909774436,0.3888888888888889,0.1118920858283526,0.0332048878168607,0.1118920858283526,0.0332048878168607,1.0,0.0,25.0,6.0,2.425591418159797e-10,1754566292340.0,7.188000000000001,3.722,6.0,1754566289398.0,1754566294398.0,0.0,0.0,1146323.613028,1146328.613028,1212.5,28.548454613439283,1.1279562839379536,2.920665472208416,0.11380630012061929,10.392304845413264,1.460332736104208,23.38207617633134,28.548454613439283,69.8525202174534,51.724484622940096,0.9562539481633991,0.9559503707233209,0.06755258942480166,0.04329597021876285,5.0,1.984012505348466,17.75436630899941,0.07597703321918015,0.48188383142759855,8.334144381201352,0.0184120875076296,1754566289384.737,1754566294384.737
0.7572932330827068,0.0001990841766069,0.3625925925925925,0.007216598079561,0.7669172932330827,0.3888888888888889,0.1070800557531648,0.03246414707612,0.1070800557531648,0.03246414707612,1.0,0.0,25.0,6.0,1.592284105047137e-05,1754566292340.0,7.188000000000001,3.722,6.0,1754566289398.0,1754566294398.0,0.0,0.0,1146323.613028,1146328.613028,1212.5,28.548454613439283,1.1279562839379536,2.920665472208416,0.11380630012061929,10.392304845413264,1.460332736104208,23.38207617633134,28.548454613439283,69.8525202174534,51.724484622940096,0.9562539481633991,0.9559503707233209,0.06755258942480166,0.04329597021876285,5.0,1.984012505348466,17.75436630899941,0.07597703321918015,0.48188383142759855,8.334144381201352,0.0184120875076296,1754566289384.737,1754566294384.737
0.7601503759398496,0.0001724235400531,0.3674074074074074,0.006712757201646,0.7669172932330827,0.4074074074074074,0.1099371986103076,0.0276493322613051,0.1099371986103076,0.0276493322613051,1.0,0.0,25.0,6.0,0.0013490993949361,1754566292340.0,7.188000000000001,3.722,6.0,1754566289398.0,1754566294398.0,0.0,0.0,1146323.613028,1146328.613028,1212.5,28.548454613439283,1.1279562839379536,2.920665472208416,0.11380630012061929,10.392304845413264,1.460332736104208,23.38207617633134,28.548454613439283,69.8525202174534,51.724484622940096,0.9562539481633991,0.9559503707233209,0.06755258942480166,0.04329597021876285,5.0,1.984012505348466,17.75436630899941,0.07597703321918015,0.48188383142759855,8.334144381201352,0.0184120875076296,1754566289384.737,1754566294384.737
0.7682706766917292,0.0001530668777206,0.3603703703703704,0.0073279835390946,0.7744360902255639,0.4027777777777778,0.1180574993621872,0.0346863692983421,0.1180574993621872,0.0346863692983421,1.0,0.0,25.0,6.0,1.135406100686828e-05,1754566292340.0,7.188000000000001,3.722,6.0,1754566289398.0,1754566294398.0,0.0,0.0,1146323.613028,1146328.613028,1212.5,28.548454613439283,1.1279562839379536,2.920665472208416,0.11380630012061929,10.392304845413264,1.460332736104208,23.38207617633134,28.548454613439283,69.8525202174534,51.724484622940096,0.9562539481633991,0.9559503707233209,0.06755258942480166,0.04329597021876285,5.0,1.984012505348466,17.75436630899941,0.07597703321918015,0.48188383142759855,8.334144381201352,0.0184120875076296,1754566289384.737,1754566294384.737
0.7724812030075189,0.0001669059867714,0.3559259259259258,0.0066020576131687,0.7819548872180451,0.4027777777777778,0.1222680256779769,0.0391308137427866,0.1222680256779769,0.0391308137427866,1.0,0.0,25.0,6.0,0.0032236522315668,1754566292340.0,7.188000000000001,3.722,6.0,1754566289398.0,1754566294398.0,0.0,0.0,1146323.613028,1146328.613028,1212.5,28.548454613439283,1.1279562839379536,2.920665472208416,0.11380630012061929,10.392304845413264,1.460332736104208,23.38207617633134,28.548454613439283,69.8525202174534,51.724484622940096,0.9562539481633991,0.9559503707233209,0.06755258942480166,0.04329597021876285,5.0,1.984012505348466,17.75436630899941,0.07597703321918015,0.48188383142759855,8.334144381201352,0.0184120875076296,1754566289384.737,1754566294384.737
0.7774436090225565,0.0002125614788851,0.3537037037037037,0.0092764060356652,0.7875939849624061,0.4027777777777778,0.1272304316930145,0.0413530359650088,0.1272304316930145,0.0413530359650088,1.0,0.0,25.0,6.0,0.0015094219559063,1754566338316.25,7.602499999999999,4.2675,6.0,1754566334407.0,1754566339407.0,0.0,0.0,1146368.613028,1146373.613028,1225.5,29.014524213531548,1.4028953947921756,2.9610329109467637,0.13831419979804993,10.392304845413264,1.4805164554733816,23.36861176471894,29.014524213531548,61.64070150498638,44.20939308992722,0.9582898787980598,0.958183298316033,0.06216478726921085,0.03524152353457655,2.0,1.4620624716710386,10.236062487545325,0.0601720704318395,0.300290443586029,4.647760650378054,0.01815131398157385,1754566334384.737,1754566339384.737
0.7821052631578947,0.0002068856351404,0.3499999999999999,0.0072462277091906,0.7894736842105263,0.4027777777777778,0.1318920858283527,0.0450567396687126,0.1318920858283527,0.0450567396687126,1.0,0.0,25.0,6.0,1.882832813335769e-05,1754566340509.0,7.08,4.946,6.0,1754566339408.0,1754566344408.0,0.0,0.0,1146373.613028,1146378.613028,1186.0,28.529767622916786,1.6659937085526617,2.9042212689725426,0.1729749687170249,10.392304845413264,1.4521106344862713,22.84468497976284,28.529767622916786,62.3712774674812,43.49970157294369,0.9593607666931345,0.9592247980122579,0.06588505633303515,0.0443455453481009,5.0,3.8967900819220604,28.102008397868143,0.0648458972715205,0.8691701847892117,11.029871865973192,0.0191957715448089,1754566339384.737,1754566344384.737
0.7882706766917293,0.0001771948668664,0.3577777777777778,0.0069744855967078,0.7969924812030075,0.4166666666666666,0.1380574993621873,0.0372789618909347,0.1380574993621873,0.0372789618909347,1.0,0.0,25.0,6.0,0.0033193706127214,1754566340509.0,7.08,4.946,6.0,1754566339408.0,1754566344408.0,0.0,0.0,1146373.613028,1146378.613028,1186.0,28.529767622916786,1.6659937085526617,2.9042212689725426,0.1729749687170249,10.392304845413264,1.4521106344862713,22.84468497976284,28.529767622916786,62.3712774674812,43.49970157294369,0.9593607666931345,0.9592247980122579,0.06588505633303515,0.0443455453481009,5.0,3.8967900819220604,28.102008397868143,0.0648458972715205,0.8691701847892117,11.029871865973192,0.0191957715448089,1754566339384.737,1754566344384.737
0.7933834586466166,0.0001927525580869,0.354074074074074,0.0095423868312757,0.8045112781954887,0.4074074074074074,0.1431702813170746,0.0409826655946384,0.1431702813170746,0.0409826655946384,1.0,0.0,25.0,6.0,0.0040949615832607,1754566340509.0,7.08,4.946,6.0,1754566339408.0,1754566344408.0,0.0,0.0,1146373.613028,1146378.613028,1186.0,28.529767622916786,1.6659937085526617,2.9042212689725426,0.1729749687170249,10.392304845413264,1.4521106344862713,22.84468497976284,28.529767622916786,62.3712774674812,43.49970157294369,0.9593607666931345,0.9592247980122579,0.06588505633303515,0.0443455453481009,5.0,3.8967900819220604,28.102008397868143,0.0648458972715205,0.8691701847892117,11.029871865973192,0.0191957715448089,1754566339384.737,1754566344384.737
0.7899248120300751,0.0002677596246254,0.367037037037037,0.0067035665294924,0.7969924812030075,0.4027777777777778,0.1397116347005331,0.0280197026316754,0.1397116347005331,0.0280197026316754,1.0,0.0,25.0,6.0,4.000701851504132e-05,1754566340509.0,7.08,4.946,6.0,1754566339408.0,1754566344408.0,0.0,0.0,1146373.613028,1146378.613028,1186.0,28.529767622916786,1.6659937085526617,2.9042212689725426,0.1729749687170249,10.392304845413264,1.4521106344862713,22.84468497976284,28.529767622916786,62.3712774674812,43.49970157294369,0.9593607666931345,0.9592247980122579,0.06588505633303515,0.0443455453481009,5.0,3.8967900819220604,28.102008397868143,0.0648458972715205,0.8691701847892117,11.029871865973192,0.0191957715448089,1754566339384.737,1754566344384.737
0.7953383458646616,0.0002403527616032,0.3837037037037036,0.0072570644718792,0.8045112781954887,0.4259259259259259,0.1451251685351196,0.0113530359650088,0.1451251685351196,0.0113530359650088,1.0,0.0,25.0,6.0,0.0044134549712667,1754566362921.0,7.0,5.0,6.0,1754566359412.0,1754566364412.0,0.0,0.0,1146393.613028,1146398.613028,1226.0,26.21780958583194,1.1861095930734427,2.6668104460370694,0.1162553893354352,10.392304845413264,1.3334052230185347,21.10171916105398,26.21780958583194,70.6806188400434,49.17649677377494,0.9549612334652976,0.9547835796461748,0.0654667203791061,0.0375961264246201,1.5,1.9169275136010804,16.038502083789986,0.07304077895490049,0.12066548280297056,2.949664249862322,0.01793468820566265,1754566359384.737,1754566364384.737
0.8064661654135337,0.0002030866640284,0.3866666666666667,0.0066480109739369,0.8195488721804511,0.4074074074074074,0.1562529880839916,0.0083900730020458,0.1562529880839916,0.0083900730020458,1.0,0.0,25.0,6.0,0.0045339262232178,1754566362921.0,7.0,5.0,6.0,1754566359412.0,1754566364412.0,0.0,0.0,1146393.613028,1146398.613028,1226.0,26.21780958583194,1.1861095930734427,2.6668104460370694,0.1162553893354352,10.392304845413264,1.3334052230185347,21.10171916105398,26.21780958583194,70.6806188400434,49.17649677377494,0.9549612334652976,0.9547835796461748,0.0654667203791061,0.0375961264246201,1.5,1.9169275136010804,16.038502083789986,0.07304077895490049,0.12066548280297056,2.949664249862322,0.01793468820566265,1754566359384.737,1754566364384.737
0.818345864661654,0.0002178981287805,0.3818518518518518,0.0073921810699588,0.8270676691729323,0.4074074074074074,0.168132687332112,0.0132048878168607,0.168132687332112,0.0132048878168607,1.0,0.0,25.0,6.0,0.0081412053901452,1754566372078.0,7.13,4.2,6.0,1754566369414.0,1754566374414.0,0.0,0.0,1146403.613028,1146408.613028,1220.5,27.345435889644854,1.234343123325926,2.7957470517430254,0.11924781881500471,10.392304845413264,1.3978735258715127,21.98895651599462,27.345435889644854,65.22053749860672,50.59845919546227,0.9514489933551092,0.9513731829134756,0.0679055202495914,0.037805709713341296,4.0,1.7610093638600017,11.67388113356494,0.08943009201734656,0.36312054557546003,5.116650800548526,0.018025112656954098,1754566369384.737,1754566374384.737
0.8282706766917294,0.0002292045904234,0.3988888888888889,0.0057641975308641,0.8421052631578947,0.4629629629629629,0.1780574993621874,0.0038321492201763,0.1780574993621874,0.0038321492201763,1.0,0.0,25.0,6.0,0.0031427364509976,1754566372078.0,7.13,4.2,6.0,1754566369414.0,1754566374414.0,0.0,0.0,1146403.613028,1146408.613028,1220.5,27.345435889644854,1.234343123325926,2.7957470517430254,0.11924781881500471,10.392304845413264,1.3978735258715127,21.98895651599462,27.345435889644854,65.22053749860672,50.59845919546227,0.9514489933551092,0.9513731829134756,0.0679055202495914,0.037805709713341296,4.0,1.7610093638600017,11.67388113356494,0.08943009201734656,0.36312054557546003,5.116650800548526,0.018025112656954098,1754566369384.737,1754566374384.737
0.8341353383458646,0.0001908756854542,0.3844444444444444,0.0061805212620027,0.8477443609022557,0.4212962962962963,0.1839221610163226,0.010612295224268,0.1839221610163226,0.010612295224268,1.0,0.0,25.0,6.0,1.6621446376017013e-05,1754566372078.0,7.13,4.2,6.0,1754566369414.0,1754566374414.0,0.0,0.0,1146403.613028,1146408.613028,1220.5,27.345435889644854,1.234343123325926,2.7957470517430254,0.11924781881500471,10.392304845413264,1.3978735258715127,21.98895651599462,27.345435889644854,65.22053749860672,50.59845919546227,0.9514489933551092,0.9513731829134756,0.0679055202495914,0.037805709713341296,4.0,1.7610093638600017,11.67388113356494,0.08943009201734656,0.36312054557546003,5.116650800548526,0.018025112656954098,1754566369384.737,1754566374384.737
0.8378947368421052,0.0001631748544293,0.3937037037037036,0.0070344307270233,0.8477443609022557,0.4259259259259259,0.1876815595125632,0.0013530359650088,0.1876815595125632,0.0013530359650088,1.0,0.0,25.0,6.0,0.0021411865623377,1754566372078.0,7.13,4.2,6.0,1754566369414.0,1754566374414.0,0.0,0.0,1146403.613028,1146408.613028,1220.5,27.345435889644854,1.234343123325926,2.7957470517430254,0.11924781881500471,10.392304845413264,1.3978735258715127,21.98895651599462,27.345435889644854,65.22053749860672,50.59845919546227,0.9514489933551092,0.9513731829134756,0.0679055202495914,0.037805709713341296,4.0,1.7610093638600017,11.67388113356494,0.08943009201734656,0.36312054557546003,5.116650800548526,0.018025112656954098,1754566369384.737,1754566374384.737
0.8454135338345864,0.0001428232234722,0.3788888888888889,0.0074240054869684,0.8552631578947368,0.4259259259259259,0.1952003565050444,0.0161678507798235,0.1952003565050444,0.0161678507798235,1.0,0.0,25.0,6.0,1.27011777957778e-07,1754566372078.0,7.13,4.2,6.0,1754566369414.0,1754566374414.0,0.0,0.0,1146403.613028,1146408.613028,1220.5,27.345435889644854,1.234343123325926,2.7957470517430254,0.11924781881500471,10.392304845413264,1.3978735258715127,21.98895651599462,27.345435889644854,65.22053749860672,50.59845919546227,0.9514489933551092,0.9513731829134756,0.0679055202495914,0.037805709713341296,4.0,1.7610093638600017,11.67388113356494,0.08943009201734656,0.36312054557546003,5.116650800548526,0.018025112656954098,1754566369384.737,1754566374384.737
0.8518796992481202,0.0001633783707388,0.37,0.0067282578875171,0.862781954887218,0.4074074074074074,0.2016665219185782,0.0250567396687125,0.2016665219185782,0.0250567396687125,1.0,0.0,25.0,6.0,0.4524562374172973,1754566372078.0,7.13,4.2,6.0,1754566369414.0,1754566374414.0,0.0,0.0,1146403.613028,1146408.613028,1220.5,27.345435889644854,1.234343123325926,2.7957470517430254,0.11924781881500471,10.392304845413264,1.3978735258715127,21.98895651599462,27.345435889644854,65.22053749860672,50.59845919546227,0.9514489933551092,0.9513731829134756,0.0679055202495914,0.037805709713341296,4.0,1.7610093638600017,11.67388113356494,0.08943009201734656,0.36312054557546003,5.116650800548526,0.018025112656954098,1754566369384.737,1754566374384.737
0.8741353383458644,0.0002302221719712,0.3681481481481481,0.0098030178326474,0.8796992481203008,0.4398148148148147,0.2239221610163224,0.0269085915205643,0.2239221610163224,0.0269085915205643,1.0,0.0,25.0,6.0,0.0062151806120874,1754566402441.6,7.56,4.04,6.0,1754566399420.0,1754566404420.0,0.0,0.0,1146433.613028,1146438.613028,1207.5,25.47534337970928,1.171535707088868,2.568509921763658,0.1322676519018134,10.392304845413264,1.2842549608818288,20.90818910372923,25.47534337970928,80.76351754190415,53.12112350551242,0.9592894197347648,0.9588191690948455,0.0656566924605009,0.0449493082778184,4.5,2.9418676180339745,24.04203142339628,0.0579631548209087,0.3611479803575868,7.114625537475651,0.018590048036099552,1754566399384.737,1754566404384.737
0.8878195488721805,0.0001714964101984,0.3588888888888888,0.0070903978052126,0.8947368421052632,0.4074074074074074,0.2376063715426385,0.0361678507798236,0.2376063715426385,0.0361678507798236,1.0,0.0,25.0,6.0,0.003311216233743,1754566402441.6,7.56,4.04,6.0,1754566399420.0,1754566404420.0,0.0,0.0,1146433.613028,1146438.613028,1207.5,25.47534337970928,1.171535707088868,2.568509921763658,0.1322676519018134,10.392304845413264,1.2842549608818288,20.90818910372923,25.47534337970928,80.76351754190415,53.12112350551242,0.9592894197347648,0.9588191690948455,0.0656566924605009,0.0449493082778184,4.5,2.9418676180339745,24.04203142339628,0.0579631548209087,0.3611479803575868,7.114625537475651,0.018590048036099552,1754566399384.737,1754566404384.737
0.8969924812030078,0.0002063429249816,0.3603703703703703,0.0092758573388203,0.9097744360902256,0.3888888888888889,0.2467793038734658,0.0346863692983422,0.2467793038734658,0.0346863692983422,1.0,0.0,25.0,6.0,,1754566402441.6,7.56,4.04,6.0,1754566399420.0,1754566404420.0,0.0,0.0,1146433.613028,1146438.613028,1207.5,25.47534337970928,1.171535707088868,2.568509921763658,0.1322676519018134,10.392304845413264,1.2842549608818288,20.90818910372923,25.47534337970928,80.76351754190415,53.12112350551242,0.9592894197347648,0.9588191690948455,0.0656566924605009,0.0449493082778184,4.5,2.9418676180339745,24.04203142339628,0.0579631548209087,0.3611479803575868,7.114625537475651,0.018590048036099552,1754566399384.737,1754566404384.737
0.4535338345864661,0.003711775679801,0.4411111111111111,0.007938134430727,0.4962406015037593,0.4768518518518517,0.1966793427430758,0.0460543714423986,0.1966793427430758,0.0460543714423986,0.0,1.0,25.0,7.0,0.5438941422172169,1754567608993.5,4.865,5.0,7.0,1754567606535.0,1754567611535.0,1.0,1.0,1147638.613028,1147643.613028,1199.5,26.81860808935459,1.9584665415035067,2.36960256133524,0.17816258323543677,10.392304845413264,1.1848012806676202,21.259522438843224,26.81860808935459,77.44843701517547,46.73661682158015,0.9712786148796144,0.9711843618039633,0.055291082582003895,0.03642103636694815,3.5,3.7062752959308094,24.762679987345475,0.0506299965269034,0.5022402914302394,5.985776445859493,0.0186327888687235,1754567604384.737,1754567609384.737
0.3084210526315789,0.0007450732093391,0.4522222222222223,0.0033620027434842,0.3308270676691729,0.4814814814814814,0.341792124697963,0.0571654825535097,0.341792124697963,0.0571654825535097,0.0,1.0,25.0,7.0,0.6083802528652197,1754567612641.25,4.4025,5.3325000000000005,7.0,1754567611536.0,1754567616536.0,0.0,1.0,1147643.613028,1147648.613028,1217.0,29.02742706424818,2.2936248155735237,2.545633415754802,0.20640847019842945,10.392304845413264,1.2728167078774013,23.510840395793657,29.02742706424818,69.01137683670746,48.42559761326774,0.9497484305117532,0.9496481239819362,0.06850019931047774,0.03637342539855805,1.5,10.05284430981271,118.55399411491724,0.06205606172278915,0.36197875553262515,5.085773731383292,0.0180723775967114,1754567609384.737,1754567614384.737
0.3619548872180451,0.0002985132002939,0.4444444444444444,0.0077640603566529,0.3684210526315789,0.5092592592592592,0.2882582901114969,0.0493877047757319,0.2882582901114969,0.0493877047757319,0.0,1.0,25.0,7.0,0.605059303208744,1754567620294.6667,4.0200000000000005,5.890000000000001,7.0,1754567616537.0,1754567621537.0,0.0,0.0,1147648.613028,1147653.613028,1203.0,27.654639240103233,2.1738581374572976,2.427005697922186,0.19853249549807506,10.392304845413264,1.2135028489610933,22.289589509873466,27.654639240103233,62.153605514286326,45.895177459707774,0.9486607041885637,0.9485170339094124,0.07113540926535564,0.040659971453967395,3.0,11.480133570889322,130.48760651466472,0.0716227539413033,0.7209635296357866,10.149758317762938,0.018680835156796548,1754567614384.737,1754567619384.737
0.4181954887218044,0.0003502515687715,0.4744444444444445,0.0111781893004115,0.4360902255639097,0.5370370370370371,0.2320176886077375,0.0793877047757319,0.2320176886077375,0.0793877047757319,0.0,1.0,25.0,7.0,0.9068412317172792,1754567621869.0,3.67,6.07,7.0,1754567621538.0,1754567626538.0,0.0,0.0,1147653.613028,1147658.613028,1207.0,27.64637045793058,2.497583889152722,2.4222879425236234,0.2287964114199313,10.392304845413264,1.2111439712618115,22.59146861309562,27.64637045793058,67.82333616303188,48.68060341448685,0.9422934977426958,0.9420013479049367,0.07592343063641174,0.040685931480881246,3.5,3.414319379302471,25.214692533702383,0.0525417802627253,0.8393071265772425,10.919600251305088,0.01867732049047845,1754567619384.737,1754567624384.737
0.473984962406015,0.0002396065351348,0.4029629629629629,0.0149322359396433,0.4868421052631578,0.4444444444444444,0.1762282149235269,0.0079062232942503,0.1762282149235269,0.0079062232942503,0.0,1.0,25.0,7.0,0.1772638044487171,1754567621869.0,3.67,6.07,7.0,1754567621538.0,1754567626538.0,0.0,0.0,1147653.613028,1147658.613028,1207.0,27.64637045793058,2.497583889152722,2.4222879425236234,0.2287964114199313,10.392304845413264,1.2111439712618115,22.59146861309562,27.64637045793058,67.82333616303188,48.68060341448685,0.9422934977426958,0.9420013479049367,0.07592343063641174,0.040685931480881246,3.5,3.414319379302471,25.214692533702383,0.0525417802627253,0.8393071265772425,10.919600251305088,0.01867732049047845,1754567619384.737,1754567624384.737
0.4887218045112781,0.0001741195092995,0.3488888888888888,0.0092641975308641,0.4962406015037593,0.4259259259259259,0.1614913728182638,0.0461678507798237,0.1614913728182638,0.0461678507798237,0.0,1.0,25.0,7.0,0.0600699587461237,1754567621869.0,3.67,6.07,7.0,1754567621538.0,1754567626538.0,0.0,0.0,1147653.613028,1147658.613028,1207.0,27.64637045793058,2.497583889152722,2.4222879425236234,0.2287964114199313,10.392304845413264,1.2111439712618115,22.59146861309562,27.64637045793058,67.82333616303188,48.68060341448685,0.9422934977426958,0.9420013479049367,0.07592343063641174,0.040685931480881246,3.5,3.414319379302471,25.214692533702383,0.0525417802627253,0.8393071265772425,10.919600251305088,0.01867732049047845,1754567619384.737,1754567624384.737
0.5013533834586466,0.0004238566340663,0.3492592592592591,0.0101647462277091,0.5169172932330828,0.4259259259259259,0.1488597938708954,0.0457974804094533,0.1488597938708954,0.0457974804094533,0.0,1.0,25.0,7.0,0.2339050317626768,1754567640033.5,3.3325,6.4,7.0,1754567636541.0,1754567641541.0,0.0,0.0,1147668.613028,1147673.613028,1165.5,31.35088087403543,2.899756752307564,2.640601999583853,0.2298510202048374,10.392304845413264,1.3203009997919266,25.350120731685788,31.35088087403543,67.01501431092831,45.97979622704037,0.9410474262766685,0.9408515898457427,0.07440032050413939,0.03662566530437735,2.5,5.027330506338295,30.6337128739666,0.0669685757764321,0.9149841954211632,10.392076273341196,0.0189310786941051,1754567634384.737,1754567639384.737
0.4906766917293232,0.0002618802645712,0.3448148148148148,0.0040451303155006,0.4962406015037593,0.3888888888888889,0.1595364856002187,0.0502419248538977,0.1595364856002187,0.0502419248538977,0.0,1.0,25.0,7.0,0.3996926517453399,1754567642015.0,3.13,6.87,7.0,1754567641542.0,1754567646542.0,0.0,0.0,1147673.613028,1147678.613028,1226.0,29.15784842158356,3.0948072691994413,2.4699416019905396,0.2323671067070334,10.392304845413264,1.2349708009952698,23.30765374886333,29.15784842158356,60.30290666597941,42.86074112362916,0.9509567986063627,0.9507121164006288,0.06458537359963815,0.0329061401813389,1.5,1.7146971860979376,14.642808397569116,0.05514393505478115,0.47162967460479405,7.905250896335432,0.018018946147466998,1754567639384.737,1754567644384.737
0.425563909774436,0.0015783820453389,0.3385185185185185,0.0057481481481481,0.4661654135338345,0.3842592592592592,0.2246492675551059,0.056538221150194,0.2246492675551059,0.056538221150194,0.0,1.0,25.0,7.0,0.2133270275184955,1754567642015.0,3.13,6.87,7.0,1754567641542.0,1754567646542.0,0.0,0.0,1147673.613028,1147678.613028,1226.0,29.15784842158356,3.0948072691994413,2.4699416019905396,0.2323671067070334,10.392304845413264,1.2349708009952698,23.30765374886333,29.15784842158356,60.30290666597941,42.86074112362916,0.9509567986063627,0.9507121164006288,0.06458537359963815,0.0329061401813389,1.5,1.7146971860979376,14.642808397569116,0.05514393505478115,0.47162967460479405,7.905250896335432,0.018018946147466998,1754567639384.737,1754567644384.737
0.4320300751879699,0.0004165526598451,0.36,0.0093300411522633,0.4436090225563909,0.4074074074074074,0.2181831021415721,0.0350567396687125,0.2181831021415721,0.0350567396687125,0.0,1.0,25.0,7.0,0.2632439055364509,1754567656078.0,2.87,7.0,7.0,1754567651544.0,1754567656544.0,0.0,0.0,1147683.613028,1147688.613028,1194.5,32.235411190474466,2.5308364676158415,2.744831603415313,0.21249124903661626,10.392304845413264,1.3724158017076562,26.70306916554466,32.235411190474466,77.35945393032961,52.45897204723601,0.9490260416773066,0.9486322282400859,0.0705778875106817,0.0429146773479462,6.0,3.237694146892208,23.201406233749285,0.059885540417985,0.7237629332282941,10.003659054053832,0.0188217753230661,1754567649384.737,1754567654384.737
0.466766917293233,0.0002348125953982,0.3537037037037037,0.0092352537722908,0.4812030075187969,0.3888888888888889,0.1834462600363089,0.0413530359650088,0.1834462600363089,0.0413530359650088,0.0,1.0,25.0,7.0,0.2394372262098326,1754567660534.0,2.69,7.489999999999999,7.0,1754567656545.0,1754567661545.0,0.0,0.0,1147688.613028,1147693.613028,1197.5,30.21045985235039,2.8511998216405074,2.605004420432472,0.2503547027954943,10.392304845413264,1.3025022102162358,24.48821070969444,30.21045985235039,71.7235824143355,48.46673226705531,0.9530364729884073,0.9523816674538936,0.06878709544132544,0.04553148297984755,6.0,3.6156870160675334,28.197474635003,0.0642386305585404,0.9610965731500605,11.6996899232427,0.018731708706407953,1754567654384.737,1754567659384.737
0.4962406015037593,0.0002419582791565,0.3418518518518518,0.0083430727023319,0.5093984962406015,0.3888888888888889,0.1539725758257826,0.0532048878168606,0.1539725758257826,0.0532048878168606,0.0,1.0,25.0,7.0,0.4466907927192309,1754567660534.0,2.69,7.489999999999999,7.0,1754567656545.0,1754567661545.0,0.0,0.0,1147688.613028,1147693.613028,1197.5,30.21045985235039,2.8511998216405074,2.605004420432472,0.2503547027954943,10.392304845413264,1.3025022102162358,24.48821070969444,30.21045985235039,71.7235824143355,48.46673226705531,0.9530364729884073,0.9523816674538936,0.06878709544132544,0.04553148297984755,6.0,3.6156870160675334,28.197474635003,0.0642386305585404,0.9610965731500605,11.6996899232427,0.018731708706407953,1754567654384.737,1754567659384.737
0.3502255639097743,0.0116910848549946,0.3359259259259259,0.0052676268861454,0.4699248120300751,0.3888888888888889,0.2999876134197676,0.0591308137427865,0.2999876134197676,0.0591308137427865,0.0,1.0,25.0,7.0,0.2465433071647402,1754567668571.6667,2.6,8.200000000000001,7.0,1754567666547.0,1754567671547.0,0.0,0.0,1147698.613028,1147703.613028,1202.5,32.921533422176985,1.5732792289297524,2.83922140297974,0.14526396789705015,10.392304845413264,1.4196107014898702,26.977230616256783,32.921533422176985,79.81532664949549,50.332103180487636,0.9535202149542867,0.9530879102029994,0.06285295915390836,0.0357789150062095,2.0,2.992873929568828,25.87749396680963,0.0325708725249451,0.6004355427317686,9.205367300382338,0.018334243087934,1754567664384.737,1754567669384.737
0.2105263157894736,0.0052710724178868,0.3407407407407408,0.0040603566529492,0.2706766917293233,0.3888888888888889,0.4396868615400683,0.0543159989279717,0.4396868615400683,0.0543159989279717,0.0,1.0,25.0,7.0,0.5949936839685985,1754567668571.6667,2.6,8.200000000000001,7.0,1754567666547.0,1754567671547.0,0.0,0.0,1147698.613028,1147703.613028,1202.5,32.921533422176985,1.5732792289297524,2.83922140297974,0.14526396789705015,10.392304845413264,1.4196107014898702,26.977230616256783,32.921533422176985,79.81532664949549,50.332103180487636,0.9535202149542867,0.9530879102029994,0.06285295915390836,0.0357789150062095,2.0,2.992873929568828,25.87749396680963,0.0325708725249451,0.6004355427317686,9.205367300382338,0.018334243087934,1754567664384.737,1754567669384.737
0.1312781954887217,0.0013278534682571,0.3655555555555555,0.0045104252400548,0.1578947368421052,0.4074074074074074,0.5189349818408202,0.0295011841131569,0.5189349818408202,0.0295011841131569,0.0,1.0,25.0,7.0,0.2051322184649438,1754567668571.6667,2.6,8.200000000000001,7.0,1754567666547.0,1754567671547.0,0.0,0.0,1147698.613028,1147703.613028,1202.5,32.921533422176985,1.5732792289297524,2.83922140297974,0.14526396789705015,10.392304845413264,1.4196107014898702,26.977230616256783,32.921533422176985,79.81532664949549,50.332103180487636,0.9535202149542867,0.9530879102029994,0.06285295915390836,0.0357789150062095,2.0,2.992873929568828,25.87749396680963,0.0325708725249451,0.6004355427317686,9.205367300382338,0.018334243087934,1754567664384.737,1754567669384.737
0.1257142857142856,0.0005721974108202,0.4018518518518517,0.0027194787379972,0.1353383458646616,0.4444444444444444,0.5244988916152563,0.0067951121831392,0.5244988916152563,0.0067951121831392,0.0,1.0,25.0,7.0,0.8719792927776133,1754567668571.6667,2.6,8.200000000000001,7.0,1754567666547.0,1754567671547.0,0.0,0.0,1147698.613028,1147703.613028,1202.5,32.921533422176985,1.5732792289297524,2.83922140297974,0.14526396789705015,10.392304845413264,1.4196107014898702,26.977230616256783,32.921533422176985,79.81532664949549,50.332103180487636,0.9535202149542867,0.9530879102029994,0.06285295915390836,0.0357789150062095,2.0,2.992873929568828,25.87749396680963,0.0325708725249451,0.6004355427317686,9.205367300382338,0.018334243087934,1754567664384.737,1754567669384.737
0.2151879699248119,0.0009404488665272,0.4118518518518518,0.004877366255144,0.2330827067669172,0.4583333333333332,0.43502520740473,0.0167951121831393,0.43502520740473,0.0167951121831393,0.0,1.0,25.0,7.0,0.1933007023753122,1754567689243.25,3.2675,8.47,7.0,1754567686551.0,1754567691551.0,0.0,0.0,1147718.613028,1147723.613028,1207.5,32.83725104546386,2.9831890894952573,2.7600075042536503,0.24114261819135968,10.392304845413264,1.3800037521268251,26.472133204854615,32.83725104546386,81.55785811859123,48.707352756418175,0.9646492337232913,0.9644636481541988,0.05347429185181325,0.033265842493942904,2.5,2.550570754968948,20.772041875589352,0.0502979330617296,0.7143378517270886,10.081707442506593,0.0183281836800631,1754567684384.737,1754567689384.737
0.1309774436090225,0.0101737577025269,0.4937037037037037,0.0180879286694101,0.2312030075187969,0.5462962962962963,0.5192357337205195,0.0986469640349912,0.5192357337205195,0.0986469640349912,0.0,1.0,25.0,7.0,0.4328916632967609,1754567691560.0,3.93,8.47,7.0,1754567691552.0,1754567696552.0,0.0,0.0,1147723.613028,1147728.613028,1205.0,34.77647361477318,2.0715675250528998,2.9209019631227964,0.17968025868265697,10.392304845413264,1.460450981561398,28.655058798598525,34.77647361477318,82.60406296457126,51.27536907988949,0.964970897772916,0.9645992437848965,0.0587799159711103,0.04033092882489195,3.5,2.6333508185260537,21.467739788511206,0.03691686930703,0.5982567822442939,9.187612656472723,0.0191636703835161,1754567689384.737,1754567694384.737
0.1124812030075187,0.0020938662445587,0.4992592592592592,0.0048142661179698,0.150375939849624,0.5555555555555556,0.5377319743220232,0.1042025195905467,0.5377319743220232,0.1042025195905467,0.0,1.0,25.0,7.0,0.598257726181707,1754567691560.0,3.93,8.47,7.0,1754567691552.0,1754567696552.0,0.0,0.0,1147723.613028,1147728.613028,1205.0,34.77647361477318,2.0715675250528998,2.9209019631227964,0.17968025868265697,10.392304845413264,1.460450981561398,28.655058798598525,34.77647361477318,82.60406296457126,51.27536907988949,0.964970897772916,0.9645992437848965,0.0587799159711103,0.04033092882489195,3.5,2.6333508185260537,21.467739788511206,0.03691686930703,0.5982567822442939,9.187612656472723,0.0191636703835161,1754567689384.737,1754567694384.737
0.1902255639097743,0.0007535756684945,0.4955555555555555,0.0065508916323731,0.2105263157894736,0.5370370370370371,0.4599876134197676,0.100498815886843,0.4599876134197676,0.100498815886843,0.0,1.0,25.0,7.0,0.2811565223218666,1754567691560.0,3.93,8.47,7.0,1754567691552.0,1754567696552.0,0.0,0.0,1147723.613028,1147728.613028,1205.0,34.77647361477318,2.0715675250528998,2.9209019631227964,0.17968025868265697,10.392304845413264,1.460450981561398,28.655058798598525,34.77647361477318,82.60406296457126,51.27536907988949,0.964970897772916,0.9645992437848965,0.0587799159711103,0.04033092882489195,3.5,2.6333508185260537,21.467739788511206,0.03691686930703,0.5982567822442939,9.187612656472723,0.0191636703835161,1754567689384.737,1754567694384.737
0.1690225563909773,0.0005862174232573,0.4755555555555555,0.0059593964334705,0.18796992481203,0.5370370370370371,0.4811906209385646,0.080498815886843,0.4811906209385646,0.080498815886843,0.0,1.0,25.0,7.0,0.0609018192390646,1754567691560.0,3.93,8.47,7.0,1754567691552.0,1754567696552.0,0.0,0.0,1147723.613028,1147728.613028,1205.0,34.77647361477318,2.0715675250528998,2.9209019631227964,0.17968025868265697,10.392304845413264,1.460450981561398,28.655058798598525,34.77647361477318,82.60406296457126,51.27536907988949,0.964970897772916,0.9645992437848965,0.0587799159711103,0.04033092882489195,3.5,2.6333508185260537,21.467739788511206,0.03691686930703,0.5982567822442939,9.187612656472723,0.0191636703835161,1754567689384.737,1754567694384.737
0.1529323308270676,0.0008787608118039,0.4388888888888889,0.0031721536351165,0.1729323308270676,0.4768518518518517,0.4972808465024744,0.0438321492201763,0.4972808465024744,0.0438321492201763,0.0,1.0,25.0,7.0,0.1952462683845686,1754567691560.0,3.93,8.47,7.0,1754567691552.0,1754567696552.0,0.0,0.0,1147723.613028,1147728.613028,1205.0,34.77647361477318,2.0715675250528998,2.9209019631227964,0.17968025868265697,10.392304845413264,1.460450981561398,28.655058798598525,34.77647361477318,82.60406296457126,51.27536907988949,0.964970897772916,0.9645992437848965,0.0587799159711103,0.04033092882489195,3.5,2.6333508185260537,21.467739788511206,0.03691686930703,0.5982567822442939,9.187612656472723,0.0191636703835161,1754567689384.737,1754567694384.737
0.1857142857142856,0.0004844818813952,0.431111111111111,0.0029360768175582,0.2105263157894736,0.4629629629629629,0.4644988916152563,0.0360543714423985,0.4644988916152563,0.0360543714423985,0.0,1.0,25.0,7.0,0.0942443930735141,1754567719376.0,3.93,8.73,7.0,1754567716557.0,1754567721557.0,0.0,0.0,1147748.613028,1147753.613028,1197.0,32.765362833271894,3.09315732755256,2.7629091800003747,0.28507504416070917,10.392304845413264,1.381454590000187,26.952408923910948,32.765362833271894,73.89177231481307,48.53403875220687,0.9536776525658299,0.9532587156167789,0.06797698533982591,0.042842309593719596,3.0,2.7645097738101034,22.59629295521463,0.04812342079253735,0.6015237023772785,9.264326863461445,0.0185551238020456,1754567714384.737,1754567719384.737
0.1276691729323308,0.0044309797049013,0.5711111111111111,0.045834842249657,0.1954887218045112,0.7222222222222222,0.5225440043972112,0.1760543714423986,0.5225440043972112,0.1760543714423986,0.0,1.0,25.0,7.0,0.8200508472233197,1754567719376.0,3.93,8.73,7.0,1754567716557.0,1754567721557.0,0.0,0.0,1147748.613028,1147753.613028,1197.0,32.765362833271894,3.09315732755256,2.7629091800003747,0.28507504416070917,10.392304845413264,1.381454590000187,26.952408923910948,32.765362833271894,73.89177231481307,48.53403875220687,0.9536776525658299,0.9532587156167789,0.06797698533982591,0.042842309593719596,3.0,2.7645097738101034,22.59629295521463,0.04812342079253735,0.6015237023772785,9.264326863461445,0.0185551238020456,1754567714384.737,1754567719384.737
0.1225563909774435,0.0002425236022386,0.5022222222222222,0.011353086419753,0.1353383458646616,0.5555555555555556,0.5276567863520985,0.1071654825535097,0.5276567863520985,0.1071654825535097,0.0,1.0,25.0,7.0,0.7979273993395705,1754567719376.0,3.93,8.73,7.0,1754567716557.0,1754567721557.0,0.0,0.0,1147748.613028,1147753.613028,1197.0,32.765362833271894,3.09315732755256,2.7629091800003747,0.28507504416070917,10.392304845413264,1.381454590000187,26.952408923910948,32.765362833271894,73.89177231481307,48.53403875220687,0.9536776525658299,0.9532587156167789,0.06797698533982591,0.042842309593719596,3.0,2.7645097738101034,22.59629295521463,0.04812342079253735,0.6015237023772785,9.264326863461445,0.0185551238020456,1754567714384.737,1754567719384.737
0.1757894736842104,0.0003615580304143,0.4196296296296296,0.0041373113854595,0.1954887218045112,0.4444444444444444,0.4744237036453316,0.0245728899609171,0.4744237036453316,0.0245728899609171,0.0,1.0,25.0,7.0,0.3338149948900895,1754567719376.0,3.93,8.73,7.0,1754567716557.0,1754567721557.0,0.0,0.0,1147748.613028,1147753.613028,1197.0,32.765362833271894,3.09315732755256,2.7629091800003747,0.28507504416070917,10.392304845413264,1.381454590000187,26.952408923910948,32.765362833271894,73.89177231481307,48.53403875220687,0.9536776525658299,0.9532587156167789,0.06797698533982591,0.042842309593719596,3.0,2.7645097738101034,22.59629295521463,0.04812342079253735,0.6015237023772785,9.264326863461445,0.0185551238020456,1754567714384.737,1754567719384.737
0.2139849624060149,0.0004210752445022,0.4188888888888888,0.0066377229080932,0.225563909774436,0.4583333333333332,0.436228214923527,0.0238321492201763,0.436228214923527,0.0238321492201763,0.0,1.0,25.0,7.0,0.4614055711026342,1754567719376.0,3.93,8.73,7.0,1754567716557.0,1754567721557.0,0.0,0.0,1147748.613028,1147753.613028,1197.0,32.765362833271894,3.09315732755256,2.7629091800003747,0.28507504416070917,10.392304845413264,1.381454590000187,26.952408923910948,32.765362833271894,73.89177231481307,48.53403875220687,0.9536776525658299,0.9532587156167789,0.06797698533982591,0.042842309593719596,3.0,2.7645097738101034,22.59629295521463,0.04812342079253735,0.6015237023772785,9.264326863461445,0.0185551238020456,1754567714384.737,1754567719384.737
0.2481203007518796,0.0007145683758267,0.4011111111111111,0.0085131687242798,0.268796992481203,0.4444444444444444,0.4020928765776623,0.0060543714423985,0.4020928765776623,0.0060543714423985,0.0,1.0,25.0,7.0,0.7367977262950586,1754567742010.0,4.2,8.73,7.0,1754567741562.0,1754567746562.0,0.0,0.0,1147773.613028,1147778.613028,1206.0,30.176877356060054,2.314034723758003,2.5330762561823503,0.20229811663651265,10.392304845413264,1.2665381280911752,24.364767924550815,30.176877356060054,71.19969492643398,48.229849446043104,0.9522282700289277,0.9517505826476595,0.0712728153606934,0.0451418284801368,5.0,3.239998348255061,28.86939467323929,0.05667680209691145,0.5980741501582054,9.18586498866459,0.01876734744480485,1754567739384.737,1754567744384.737
0.1652631578947367,0.0006410537622251,0.3937037037037036,0.0032895747599451,0.1860902255639097,0.4212962962962963,0.4849500194348052,0.0013530359650088,0.4849500194348052,0.0013530359650088,0.0,1.0,25.0,7.0,0.2463953165922869,1754567742010.0,4.2,8.73,7.0,1754567741562.0,1754567746562.0,0.0,0.0,1147773.613028,1147778.613028,1206.0,30.176877356060054,2.314034723758003,2.5330762561823503,0.20229811663651265,10.392304845413264,1.2665381280911752,24.364767924550815,30.176877356060054,71.19969492643398,48.229849446043104,0.9522282700289277,0.9517505826476595,0.0712728153606934,0.0451418284801368,5.0,3.239998348255061,28.86939467323929,0.05667680209691145,0.5980741501582054,9.18586498866459,0.01876734744480485,1754567739384.737,1754567744384.737
0.1670676691729322,0.0005343207643168,0.3866666666666666,0.0035204389574759,0.1729323308270676,0.4074074074074074,0.4831455081566097,0.0083900730020458,0.4831455081566097,0.0083900730020458,0.0,1.0,25.0,7.0,0.6893414838187626,1754567742010.0,4.2,8.73,7.0,1754567741562.0,1754567746562.0,0.0,0.0,1147773.613028,1147778.613028,1206.0,30.176877356060054,2.314034723758003,2.5330762561823503,0.20229811663651265,10.392304845413264,1.2665381280911752,24.364767924550815,30.176877356060054,71.19969492643398,48.229849446043104,0.9522282700289277,0.9517505826476595,0.0712728153606934,0.0451418284801368,5.0,3.239998348255061,28.86939467323929,0.05667680209691145,0.5980741501582054,9.18586498866459,0.01876734744480485,1754567739384.737,1754567744384.737
0.2318796992481201,0.0005344790547798,0.3892592592592592,0.0046843621399176,0.2481203007518796,0.4259259259259259,0.4183334780814218,0.0057974804094533,0.4183334780814218,0.0057974804094533,0.0,1.0,25.0,7.0,0.2692861620178156,1754567742010.0,4.2,8.73,7.0,1754567741562.0,1754567746562.0,0.0,0.0,1147773.613028,1147778.613028,1206.0,30.176877356060054,2.314034723758003,2.5330762561823503,0.20229811663651265,10.392304845413264,1.2665381280911752,24.364767924550815,30.176877356060054,71.19969492643398,48.229849446043104,0.9522282700289277,0.9517505826476595,0.0712728153606934,0.0451418284801368,5.0,3.239998348255061,28.86939467323929,0.05667680209691145,0.5980741501582054,9.18586498866459,0.01876734744480485,1754567739384.737,1754567744384.737
0.2780451127819549,0.0006930634857821,0.3818518518518518,0.0062810699588477,0.2932330827067669,0.4212962962962963,0.3721680645475871,0.0132048878168606,0.3721680645475871,0.0132048878168606,0.0,1.0,25.0,7.0,0.0093625943648123,1754567742010.0,4.2,8.73,7.0,1754567741562.0,1754567746562.0,0.0,0.0,1147773.613028,1147778.613028,1206.0,30.176877356060054,2.314034723758003,2.5330762561823503,0.20229811663651265,10.392304845413264,1.2665381280911752,24.364767924550815,30.176877356060054,71.19969492643398,48.229849446043104,0.9522282700289277,0.9517505826476595,0.0712728153606934,0.0451418284801368,5.0,3.239998348255061,28.86939467323929,0.05667680209691145,0.5980741501582054,9.18586498866459,0.01876734744480485,1754567739384.737,1754567744384.737
0.2637593984962406,0.000417977274012,0.3796296296296295,0.0086042524005486,0.2781954887218045,0.4351851851851852,0.3864537788333014,0.0154271100390829,0.3864537788333014,0.0154271100390829,0.0,1.0,25.0,7.0,0.6990219611791876,1754567768150.25,4.1325,8.1325,7.0,1754567766567.0,1754567771567.0,0.0,0.0,1147798.613028,1147803.613028,1207.0,30.088080554237095,2.217833468456247,2.4912147707666144,0.2068210474067583,10.392304845413264,1.2456073853833072,23.962003504740103,30.088080554237095,70.01995986801586,44.83847576232256,0.9594356995349755,0.9590947269057044,0.0585733784492046,0.0351862770311225,3.0,3.4767955907481776,32.35651616877539,0.06061246418614765,0.4793817308910946,7.978886739216619,0.018680537152558102,1754567764384.737,1754567769384.737
0.1830075187969924,0.0012247385380745,0.3718518518518519,0.0048537722908093,0.2030075187969924,0.4074074074074074,0.4672056585325496,0.0232048878168606,0.4672056585325496,0.0232048878168606,0.0,1.0,25.0,7.0,0.7080178339477569,1754567773201.0,3.8,7.67,7.0,1754567771568.0,1754567776568.0,0.0,0.0,1147803.613028,1147808.613028,1172.5,29.528578202402706,2.8421146089962956,2.4292471858306013,0.24734775413565335,10.392304845413264,1.2146235929153006,23.63149896604211,29.528578202402706,69.10856436331656,46.82012990796606,0.946824626813259,0.9461633339109699,0.06948991168742265,0.04048423121905755,5.5,3.715583396531145,25.221196833579675,0.06673932144450835,0.8929008312332755,10.316264639911624,0.01966031652933265,1754567769384.737,1754567774384.737
0.2324812030075187,0.0003908417660693,0.3722222222222221,0.0041049382716049,0.2481203007518796,0.4074074074074074,0.4177319743220232,0.0228345174464904,0.4177319743220232,0.0228345174464904,0.0,1.0,25.0,7.0,0.0474886458756017,1754567773201.0,3.8,7.67,7.0,1754567771568.0,1754567776568.0,0.0,0.0,1147803.613028,1147808.613028,1172.5,29.528578202402706,2.8421146089962956,2.4292471858306013,0.24734775413565335,10.392304845413264,1.2146235929153006,23.63149896604211,29.528578202402706,69.10856436331656,46.82012990796606,0.946824626813259,0.9461633339109699,0.06948991168742265,0.04048423121905755,5.5,3.715583396531145,25.221196833579675,0.06673932144450835,0.8929008312332755,10.316264639911624,0.01966031652933265,1754567769384.737,1754567774384.737
0.2336842105263157,0.0009697326021821,0.3874074074074073,0.0066507544581618,0.2631578947368421,0.4074074074074074,0.4165289668032262,0.0076493322613052,0.4165289668032262,0.0076493322613052,0.0,1.0,25.0,7.0,0.1705740466667943,1754567773201.0,3.8,7.67,7.0,1754567771568.0,1754567776568.0,0.0,0.0,1147803.613028,1147808.613028,1172.5,29.528578202402706,2.8421146089962956,2.4292471858306013,0.24734775413565335,10.392304845413264,1.2146235929153006,23.63149896604211,29.528578202402706,69.10856436331656,46.82012990796606,0.946824626813259,0.9461633339109699,0.06948991168742265,0.04048423121905755,5.5,3.715583396531145,25.221196833579675,0.06673932144450835,0.8929008312332755,10.316264639911624,0.01966031652933265,1754567769384.737,1754567774384.737
0.2133834586466165,0.0005379388320425,0.377037037037037,0.0056482853223593,0.2330827067669172,0.4259259259259259,0.4368297186829254,0.0180197026316755,0.4368297186829254,0.0180197026316755,0.0,1.0,25.0,7.0,0.1762773293219587,1754567787178.0,3.67,7.93,7.0,1754567786571.0,1754567791571.0,0.0,0.0,1147818.613028,1147823.613028,1235.0,31.97755911025178,1.628648656383795,2.6316017009818102,0.1526554394414765,10.392304845413264,1.3158008504909051,25.579798411815368,31.97755911025178,76.96400194442046,46.82207642569552,0.9634688538232151,0.9634286032673107,0.0561767078077202,0.0308763251791637,0.5,0.9081652104864943,6.710150039738509,0.03571220028651725,0.11712418058009805,2.891058436750221,0.017885623148780998,1754567784384.737,1754567789384.737
0.2366917293233081,0.0004234043756006,0.3525925925925925,0.005678463648834,0.2481203007518796,0.3888888888888889,0.4135214480062338,0.0424641470761199,0.4135214480062338,0.0424641470761199,0.0,1.0,25.0,7.0,0.3897432952411584,1754567787178.0,3.67,7.93,7.0,1754567786571.0,1754567791571.0,0.0,0.0,1147818.613028,1147823.613028,1235.0,31.97755911025178,1.628648656383795,2.6316017009818102,0.1526554394414765,10.392304845413264,1.3158008504909051,25.579798411815368,31.97755911025178,76.96400194442046,46.82207642569552,0.9634688538232151,0.9634286032673107,0.0561767078077202,0.0308763251791637,0.5,0.9081652104864943,6.710150039738509,0.03571220028651725,0.11712418058009805,2.891058436750221,0.017885623148780998,1754567784384.737,1754567789384.737
0.2735338345864661,0.0005198484934139,0.3437037037037037,0.0045015089163237,0.2932330827067669,0.3842592592592592,0.3766793427430758,0.0513530359650087,0.3766793427430758,0.0513530359650087,0.0,1.0,25.0,7.0,,1754567787178.0,3.67,7.93,7.0,1754567786571.0,1754567791571.0,0.0,0.0,1147818.613028,1147823.613028,1235.0,31.97755911025178,1.628648656383795,2.6316017009818102,0.1526554394414765,10.392304845413264,1.3158008504909051,25.579798411815368,31.97755911025178,76.96400194442046,46.82207642569552,0.9634688538232151,0.9634286032673107,0.0561767078077202,0.0308763251791637,0.5,0.9081652104864943,6.710150039738509,0.03571220028651725,0.11712418058009805,2.891058436750221,0.017885623148780998,1754567784384.737,1754567789384.737
0.967218045112782,0.0002278478150262,0.3259259259259259,0.0069135802469135,0.9774436090225564,0.3703703703703703,0.3170048677832401,0.0691308137427865,0.3170048677832401,0.0691308137427865,0.0,1.0,25.0,8.0,8.904410427395291e-06,1754566536417.0,5.0,5.0,8.0,1754566536417.0,1754566541417.0,1.0,1.0,1146568.613028,1146573.613028,1227.0,26.762514411765338,1.6678847186361248,2.545376317258409,0.1623157545124621,10.392304845413264,1.2726881586292045,21.155089163922675,26.762514411765338,76.97657770356034,46.69389124187734,0.9710736087076672,0.9709501897569777,0.058926138719126595,0.040843642211418896,7.0,2.6705237776699935,17.399471606938928,0.0593473407005692,0.3602007425746106,5.082718207613162,0.0184527931671283,1754566534384.737,1754566539384.737
0.9628571428571427,0.0001863531007971,0.3337037037037036,0.0068654320987654,0.9774436090225564,0.3842592592592592,0.3126439655276007,0.0613530359650088,0.3126439655276007,0.0613530359650088,0.0,1.0,25.0,8.0,0.0046450473718268,1754566536417.0,5.0,5.0,8.0,1754566536417.0,1754566541417.0,1.0,1.0,1146568.613028,1146573.613028,1227.0,26.762514411765338,1.6678847186361248,2.545376317258409,0.1623157545124621,10.392304845413264,1.2726881586292045,21.155089163922675,26.762514411765338,76.97657770356034,46.69389124187734,0.9710736087076672,0.9709501897569777,0.058926138719126595,0.040843642211418896,7.0,2.6705237776699935,17.399471606938928,0.0593473407005692,0.3602007425746106,5.082718207613162,0.0184527931671283,1754566534384.737,1754566539384.737
0.9631578947368424,0.0002402623099101,0.331111111111111,0.0112570644718792,0.9774436090225564,0.3842592592592592,0.3129447174073003,0.0639456285576015,0.3129447174073003,0.0639456285576015,0.0,1.0,25.0,8.0,5.366518185002681e-05,1754566536417.0,5.0,5.0,8.0,1754566536417.0,1754566541417.0,1.0,1.0,1146568.613028,1146573.613028,1227.0,26.762514411765338,1.6678847186361248,2.545376317258409,0.1623157545124621,10.392304845413264,1.2726881586292045,21.155089163922675,26.762514411765338,76.97657770356034,46.69389124187734,0.9710736087076672,0.9709501897569777,0.058926138719126595,0.040843642211418896,7.0,2.6705237776699935,17.399471606938928,0.0593473407005692,0.3602007425746106,5.082718207613162,0.0184527931671283,1754566534384.737,1754566539384.737
0.9603007518796992,0.000323455254678,0.3185185185185185,0.0081481481481481,0.9774436090225564,0.3657407407407407,0.3100875745501573,0.0765382211501939,0.3100875745501573,0.0765382211501939,0.0,1.0,25.0,8.0,0.008197131566387,1754566536417.0,5.0,5.0,8.0,1754566536417.0,1754566541417.0,1.0,1.0,1146568.613028,1146573.613028,1227.0,26.762514411765338,1.6678847186361248,2.545376317258409,0.1623157545124621,10.392304845413264,1.2726881586292045,21.155089163922675,26.762514411765338,76.97657770356034,46.69389124187734,0.9710736087076672,0.9709501897569777,0.058926138719126595,0.040843642211418896,7.0,2.6705237776699935,17.399471606938928,0.0593473407005692,0.3602007425746106,5.082718207613162,0.0184527931671283,1754566534384.737,1754566539384.737
0.9494736842105262,0.000219435807564,0.3362962962962963,0.0070968449931412,0.962406015037594,0.3888888888888889,0.2992605068809842,0.0587604433724162,0.2992605068809842,0.0587604433724162,0.0,1.0,25.0,8.0,0.2814207234990741,1754566536417.0,5.0,5.0,8.0,1754566536417.0,1754566541417.0,1.0,1.0,1146568.613028,1146573.613028,1227.0,26.762514411765338,1.6678847186361248,2.545376317258409,0.1623157545124621,10.392304845413264,1.2726881586292045,21.155089163922675,26.762514411765338,76.97657770356034,46.69389124187734,0.9710736087076672,0.9709501897569777,0.058926138719126595,0.040843642211418896,7.0,2.6705237776699935,17.399471606938928,0.0593473407005692,0.3602007425746106,5.082718207613162,0.0184527931671283,1754566534384.737,1754566539384.737
0.9219548872180452,0.0003050257222002,0.3296296296296296,0.0089026063100137,0.9323308270676692,0.3842592592592592,0.2717417098885031,0.0654271100390829,0.2717417098885031,0.0654271100390829,0.0,1.0,25.0,8.0,2.674185635164401e-05,1754566564494.0,4.73,5.0,8.0,1754566561422.0,1754566566422.0,1.0,1.0,1146593.613028,1146598.613028,1223.5,30.628562362361357,2.032226308853012,2.8875059186246563,0.16511008440013655,10.392304845413264,1.4437529593123282,24.640910530674045,30.628562362361357,60.592124499046406,45.37602524242473,0.9575129159063707,0.957306589913111,0.0623321963774162,0.03391350650715875,1.0,2.6946282235772827,33.74508987126849,0.06026684250338775,0.3598653877342597,5.079368599767015,0.017849096643846547,1754566559384.737,1754566564384.737
0.914436090225564,0.0002077901520719,0.3229629629629629,0.0082875171467764,0.924812030075188,0.3842592592592592,0.264222912896022,0.0720937767057496,0.264222912896022,0.0720937767057496,0.0,1.0,25.0,8.0,3.614492195918214e-05,1754566564494.0,4.73,5.0,8.0,1754566561422.0,1754566566422.0,1.0,1.0,1146593.613028,1146598.613028,1223.5,30.628562362361357,2.032226308853012,2.8875059186246563,0.16511008440013655,10.392304845413264,1.4437529593123282,24.640910530674045,30.628562362361357,60.592124499046406,45.37602524242473,0.9575129159063707,0.957306589913111,0.0623321963774162,0.03391350650715875,1.0,2.6946282235772827,33.74508987126849,0.06026684250338775,0.3598653877342597,5.079368599767015,0.017849096643846547,1754566559384.737,1754566564384.737
0.9171428571428571,0.000224975973769,0.3351851851851852,0.0100720164609053,0.9304511278195488,0.3888888888888889,0.2669296798133153,0.0598715544835273,0.2669296798133153,0.0598715544835273,0.0,1.0,25.0,8.0,0.004942349710737,1754566564494.0,4.73,5.0,8.0,1754566561422.0,1754566566422.0,1.0,1.0,1146593.613028,1146598.613028,1223.5,30.628562362361357,2.032226308853012,2.8875059186246563,0.16511008440013655,10.392304845413264,1.4437529593123282,24.640910530674045,30.628562362361357,60.592124499046406,45.37602524242473,0.9575129159063707,0.957306589913111,0.0623321963774162,0.03391350650715875,1.0,2.6946282235772827,33.74508987126849,0.06026684250338775,0.3598653877342597,5.079368599767015,0.017849096643846547,1754566559384.737,1754566564384.737
0.9299248120300752,0.0002293854938097,0.324074074074074,0.0115946502057613,0.9398496240601504,0.4027777777777778,0.2797116347005332,0.0709826655946384,0.2797116347005332,0.0709826655946384,0.0,1.0,25.0,8.0,0.0023407152169693,1754566564494.0,4.73,5.0,8.0,1754566561422.0,1754566566422.0,1.0,1.0,1146593.613028,1146598.613028,1223.5,30.628562362361357,2.032226308853012,2.8875059186246563,0.16511008440013655,10.392304845413264,1.4437529593123282,24.640910530674045,30.628562362361357,60.592124499046406,45.37602524242473,0.9575129159063707,0.957306589913111,0.0623321963774162,0.03391350650715875,1.0,2.6946282235772827,33.74508987126849,0.06026684250338775,0.3598653877342597,5.079368599767015,0.017849096643846547,1754566559384.737,1754566564384.737
0.9270676691729324,0.0001701622477245,0.3285185185185185,0.00969561042524,0.9323308270676692,0.3703703703703703,0.2768544918433904,0.066538221150194,0.2768544918433904,0.066538221150194,0.0,1.0,25.0,8.0,0.0048122105232195,1754566564494.0,4.73,5.0,8.0,1754566561422.0,1754566566422.0,1.0,1.0,1146593.613028,1146598.613028,1223.5,30.628562362361357,2.032226308853012,2.8875059186246563,0.16511008440013655,10.392304845413264,1.4437529593123282,24.640910530674045,30.628562362361357,60.592124499046406,45.37602524242473,0.9575129159063707,0.957306589913111,0.0623321963774162,0.03391350650715875,1.0,2.6946282235772827,33.74508987126849,0.06026684250338775,0.3598653877342597,5.079368599767015,0.017849096643846547,1754566559384.737,1754566564384.737
0.9228571428571428,0.000273186726214,0.3244444444444444,0.0142831275720164,0.9323308270676692,0.3518518518518518,0.2726439655276009,0.0706122952242681,0.2726439655276009,0.0706122952242681,0.0,1.0,25.0,8.0,0.006433929577458,1754566589699.4443,3.844444444444445,5.446666666666666,8.0,1754566586427.0,1754566591427.0,0.0,1.0,1146618.613028,1146623.613028,1225.5,29.559721077567616,2.22608120304393,2.798833210197917,0.194217628712128,10.392304845413264,1.3994166050989585,23.659355357327268,29.559721077567616,57.17909065084217,41.089076675511095,0.9541232157815753,0.9540534009631281,0.06628552249603156,0.036358612188543804,2.0,1.0830350609224606,6.863492422447767,0.0519802999295228,0.12074071437407854,2.947076741159325,0.01810838978634705,1754566584384.737,1754566589384.737
0.9150375939849624,0.0001995590479959,0.3314814814814815,0.0093587105624142,0.924812030075188,0.4212962962962963,0.2648244166554203,0.0635752581872309,0.2648244166554203,0.0635752581872309,0.0,1.0,25.0,8.0,0.0047710801604855,1754566592350.0,3.4,5.8,8.0,1754566591428.0,1754566596428.0,0.0,0.0,1146623.613028,1146628.613028,1213.5,30.295963574538288,1.6890031606198281,2.880054781507705,0.15150113225458273,10.392304845413264,1.4400273907538526,24.397248252647525,30.295963574538288,65.65387711294382,43.84297412542739,0.952113398467068,0.9520907398887712,0.06748628527649869,0.0388130566136956,4.0,1.7395158560747621,13.813701483875406,0.04900829984268075,0.23975044224041897,5.8700476009751466,0.01845493516213215,1754566589384.737,1754566594384.737
0.913233082706767,0.0002220815195884,0.3281481481481482,0.0139786008230452,0.924812030075188,0.4027777777777778,0.2630199053772249,0.0669085915205643,0.2630199053772249,0.0669085915205643,0.0,1.0,25.0,8.0,0.0040236601921391,1754566592350.0,3.4,5.8,8.0,1754566591428.0,1754566596428.0,0.0,0.0,1146623.613028,1146628.613028,1213.5,30.295963574538288,1.6890031606198281,2.880054781507705,0.15150113225458273,10.392304845413264,1.4400273907538526,24.397248252647525,30.295963574538288,65.65387711294382,43.84297412542739,0.952113398467068,0.9520907398887712,0.06748628527649869,0.0388130566136956,4.0,1.7395158560747621,13.813701483875406,0.04900829984268075,0.23975044224041897,5.8700476009751466,0.01845493516213215,1754566589384.737,1754566594384.737
0.9156390977443608,0.0001566849454463,0.3392592592592593,0.0106233196159122,0.924812030075188,0.3842592592592592,0.2654259204148188,0.0557974804094532,0.2654259204148188,0.0557974804094532,0.0,1.0,25.0,8.0,0.0017240656986109,1754566604614.0,3.4,6.07,8.0,1754566601430.0,1754566606430.0,0.0,0.0,1146633.613028,1146638.613028,1224.0,29.28208130457272,2.7512915587841893,2.7760208245109506,0.24946508485315516,10.392304845413264,1.388010412255475,23.738434445497628,29.28208130457272,60.87365803405349,44.958494151002064,0.9522319757592094,0.9521782971393933,0.06686492462634225,0.0378406744151602,3.5,2.0489957214922545,15.984450977310418,0.05883154458167735,0.24183656541184925,4.16801616853454,0.018240390057028398,1754566599384.737,1754566604384.737
0.9215037593984964,0.0001676974390864,0.3188888888888888,0.0098119341563786,0.9323308270676692,0.3518518518518518,0.2712905820689544,0.0761678507798236,0.2712905820689544,0.0761678507798236,0.0,1.0,25.0,8.0,2.796053353599304e-05,1754566604614.0,3.4,6.07,8.0,1754566601430.0,1754566606430.0,0.0,0.0,1146633.613028,1146638.613028,1224.0,29.28208130457272,2.7512915587841893,2.7760208245109506,0.24946508485315516,10.392304845413264,1.388010412255475,23.738434445497628,29.28208130457272,60.87365803405349,44.958494151002064,0.9522319757592094,0.9521782971393933,0.06686492462634225,0.0378406744151602,3.5,2.0489957214922545,15.984450977310418,0.05883154458167735,0.24183656541184925,4.16801616853454,0.018240390057028398,1754566599384.737,1754566604384.737
0.9258646616541354,0.000214845384137,0.3311111111111111,0.0105163237311385,0.9398496240601504,0.3657407407407407,0.2756514843245934,0.0639456285576014,0.2756514843245934,0.0639456285576014,0.0,1.0,25.0,8.0,6.59639852338137e-10,1754566604614.0,3.4,6.07,8.0,1754566601430.0,1754566606430.0,0.0,0.0,1146633.613028,1146638.613028,1224.0,29.28208130457272,2.7512915587841893,2.7760208245109506,0.24946508485315516,10.392304845413264,1.388010412255475,23.738434445497628,29.28208130457272,60.87365803405349,44.958494151002064,0.9522319757592094,0.9521782971393933,0.06686492462634225,0.0378406744151602,3.5,2.0489957214922545,15.984450977310418,0.05883154458167735,0.24183656541184925,4.16801616853454,0.018240390057028398,1754566599384.737,1754566604384.737
0.9306766917293234,0.0001792978687319,0.3248148148148148,0.0107710562414266,0.9398496240601504,0.3796296296296296,0.2804635143997814,0.0702419248538976,0.2804635143997814,0.0702419248538976,0.0,1.0,25.0,8.0,0.002887930753843,1754566620630.5,3.4,6.465,8.0,1754566616433.0,1754566621433.0,0.0,0.0,1146648.613028,1146653.613028,1213.0,30.04005159293638,1.6229186802807818,2.860448841755628,0.1545068821089014,10.392304845413264,1.4302244208778139,24.189591568608662,30.04005159293638,76.23925540738375,48.89978796233795,0.9550764104696841,0.9549457794514269,0.0669428783429701,0.0416460498834862,6.5,2.5663120225475997,16.98904960316556,0.0490101175374497,0.4924221367500282,5.945141864637723,0.0185201621253809,1754566614384.737,1754566619384.737
0.9306766917293234,0.0002019107920176,0.3366666666666666,0.0088709190672153,0.9398496240601504,0.4074074074074074,0.2804635143997814,0.0583900730020458,0.2804635143997814,0.0583900730020458,0.0,1.0,25.0,8.0,3.721535560819118e-05,1754566623327.75,3.13,7.0,8.0,1754566621434.0,1754566626434.0,0.0,0.0,1146653.613028,1146658.613028,1228.0,29.020904873589863,2.1671817583595967,2.7671038650979694,0.2019478846312213,10.392304845413264,1.3835519325489845,23.294527962540464,29.020904873589863,64.77848053783104,45.72369305139604,0.9469401563672367,0.9461959525739028,0.07113184073436825,0.0393838706486102,3.0,1.7740032083440243,11.91828293117413,0.0612838243685006,0.4773216153177246,5.851598400163114,0.018322945521698948,1754566619384.737,1754566624384.737
0.9338345864661656,0.0001763808016281,0.3203703703703703,0.0086179698216735,0.9454887218045114,0.3888888888888889,0.2836214091366235,0.0746863692983422,0.2836214091366235,0.0746863692983422,0.0,1.0,25.0,8.0,0.1751226282524002,1754566623327.75,3.13,7.0,8.0,1754566621434.0,1754566626434.0,0.0,0.0,1146653.613028,1146658.613028,1228.0,29.020904873589863,2.1671817583595967,2.7671038650979694,0.2019478846312213,10.392304845413264,1.3835519325489845,23.294527962540464,29.020904873589863,64.77848053783104,45.72369305139604,0.9469401563672367,0.9461959525739028,0.07113184073436825,0.0393838706486102,3.0,1.7740032083440243,11.91828293117413,0.0612838243685006,0.4773216153177246,5.851598400163114,0.018322945521698948,1754566619384.737,1754566624384.737
0.924360902255639,0.0002519305783255,0.3259259259259259,0.004718792866941,0.9323308270676692,0.3518518518518518,0.274147724926097,0.0691308137427866,0.274147724926097,0.0691308137427866,0.0,1.0,25.0,8.0,0.0386896138134249,1754566623327.75,3.13,7.0,8.0,1754566621434.0,1754566626434.0,0.0,0.0,1146653.613028,1146658.613028,1228.0,29.020904873589863,2.1671817583595967,2.7671038650979694,0.2019478846312213,10.392304845413264,1.3835519325489845,23.294527962540464,29.020904873589863,64.77848053783104,45.72369305139604,0.9469401563672367,0.9461959525739028,0.07113184073436825,0.0393838706486102,3.0,1.7740032083440243,11.91828293117413,0.0612838243685006,0.4773216153177246,5.851598400163114,0.018322945521698948,1754566619384.737,1754566624384.737
0.9201503759398496,0.0002530159986432,0.3307407407407406,0.0089164609053497,0.9323308270676692,0.3518518518518518,0.2699371986103076,0.0643159989279718,0.2699371986103076,0.0643159989279718,0.0,1.0,25.0,8.0,0.0735097549233335,1754566623327.75,3.13,7.0,8.0,1754566621434.0,1754566626434.0,0.0,0.0,1146653.613028,1146658.613028,1228.0,29.020904873589863,2.1671817583595967,2.7671038650979694,0.2019478846312213,10.392304845413264,1.3835519325489845,23.294527962540464,29.020904873589863,64.77848053783104,45.72369305139604,0.9469401563672367,0.9461959525739028,0.07113184073436825,0.0393838706486102,3.0,1.7740032083440243,11.91828293117413,0.0612838243685006,0.4773216153177246,5.851598400163114,0.018322945521698948,1754566619384.737,1754566624384.737
0.9114285714285714,0.0001951269150319,0.3296296296296296,0.009272976680384,0.9172932330827068,0.4027777777777778,0.2612153940990294,0.0654271100390829,0.2612153940990294,0.0654271100390829,0.0,1.0,25.0,8.0,0.003749987168427,1754566642228.0,3.13,7.8,8.0,1754566641438.0,1754566646438.0,0.0,0.0,1146673.613028,1146678.613028,1209.5,30.763919122059036,2.1893186461659964,2.905330675039014,0.2024735446372745,10.392304845413264,1.452665337519507,25.04706613702146,30.763919122059036,78.1419208739307,50.00250579877317,0.9564888650443439,0.9561534109868237,0.0612197323845337,0.0358165483271019,1.5,2.838159915469115,25.106086787697876,0.05329909786643555,0.47950476017208216,8.00968745567402,0.018196434094526197,1754566639384.737,1754566644384.737
0.9193984962406015,0.0001900390072926,0.3133333333333333,0.0096137174211248,0.9323308270676692,0.3518518518518518,0.2691853189110595,0.0817234063353792,0.2691853189110595,0.0817234063353792,0.0,1.0,25.0,8.0,0.2049851377357616,1754566642228.0,3.13,7.8,8.0,1754566641438.0,1754566646438.0,0.0,0.0,1146673.613028,1146678.613028,1209.5,30.763919122059036,2.1893186461659964,2.905330675039014,0.2024735446372745,10.392304845413264,1.452665337519507,25.04706613702146,30.763919122059036,78.1419208739307,50.00250579877317,0.9564888650443439,0.9561534109868237,0.0612197323845337,0.0358165483271019,1.5,2.838159915469115,25.106086787697876,0.05329909786643555,0.47950476017208216,8.00968745567402,0.018196434094526197,1754566639384.737,1754566644384.737
0.8819548872180453,0.0018480411555203,0.3259259259259259,0.0077229080932784,0.9154135338345866,0.3796296296296296,0.2317417098885033,0.0691308137427866,0.2317417098885033,0.0691308137427866,0.0,1.0,25.0,8.0,0.4768156746639174,1754566642228.0,3.13,7.8,8.0,1754566641438.0,1754566646438.0,0.0,0.0,1146673.613028,1146678.613028,1209.5,30.763919122059036,2.1893186461659964,2.905330675039014,0.2024735446372745,10.392304845413264,1.452665337519507,25.04706613702146,30.763919122059036,78.1419208739307,50.00250579877317,0.9564888650443439,0.9561534109868237,0.0612197323845337,0.0358165483271019,1.5,2.838159915469115,25.106086787697876,0.05329909786643555,0.47950476017208216,8.00968745567402,0.018196434094526197,1754566639384.737,1754566644384.737
0.8057142857142857,0.0002472949290519,0.3385185185185185,0.004952537722908,0.8195488721804511,0.3842592592592592,0.1555011083847437,0.0565382211501939,0.1555011083847437,0.0565382211501939,0.0,1.0,25.0,8.0,0.108123601360669,1754566642228.0,3.13,7.8,8.0,1754566641438.0,1754566646438.0,0.0,0.0,1146673.613028,1146678.613028,1209.5,30.763919122059036,2.1893186461659964,2.905330675039014,0.2024735446372745,10.392304845413264,1.452665337519507,25.04706613702146,30.763919122059036,78.1419208739307,50.00250579877317,0.9564888650443439,0.9561534109868237,0.0612197323845337,0.0358165483271019,1.5,2.838159915469115,25.106086787697876,0.05329909786643555,0.47950476017208216,8.00968745567402,0.018196434094526197,1754566639384.737,1754566644384.737
0.8264661654135338,0.0001353157329413,0.3311111111111111,0.0060032921810699,0.8345864661654135,0.3842592592592592,0.1762529880839918,0.0639456285576014,0.1762529880839918,0.0639456285576014,0.0,1.0,25.0,8.0,0.1457785294199013,1754566642228.0,3.13,7.8,8.0,1754566641438.0,1754566646438.0,0.0,0.0,1146673.613028,1146678.613028,1209.5,30.763919122059036,2.1893186461659964,2.905330675039014,0.2024735446372745,10.392304845413264,1.452665337519507,25.04706613702146,30.763919122059036,78.1419208739307,50.00250579877317,0.9564888650443439,0.9561534109868237,0.0612197323845337,0.0358165483271019,1.5,2.838159915469115,25.106086787697876,0.05329909786643555,0.47950476017208216,8.00968745567402,0.018196434094526197,1754566639384.737,1754566644384.737
0.8145864661654134,0.0004265023460907,0.3388888888888889,0.0078772290809327,0.8270676691729323,0.3703703703703703,0.1643732888358714,0.0561678507798236,0.1643732888358714,0.0561678507798236,0.0,1.0,25.0,8.0,1.550433651991631e-05,1754566668103.0,3.13,8.2,8.0,1754566666443.0,1754566671443.0,0.0,0.0,1146698.613028,1146703.613028,1216.0,32.368486706012135,3.062003247211874,3.062113884092143,0.2904353803587017,10.392304845413264,1.5310569420460716,26.30747437418473,32.368486706012135,72.869268905134,47.27824927572058,0.9547539903633853,0.9539858359340299,0.0643359153145702,0.0408987134980347,4.0,2.029285030154443,16.512059640652943,0.05867134267298575,0.6038190582770875,8.798509743472332,0.0185095198535928,1754566664384.737,1754566669384.737
0.8190977443609023,0.000254191870654,0.3392592592592592,0.0078935528120713,0.8345864661654135,0.3657407407407407,0.1688845670313603,0.0557974804094532,0.1688845670313603,0.0557974804094532,0.0,1.0,25.0,8.0,0.1095673829965179,1754566676065.0,3.4,8.2,8.0,1754566671444.0,1754566676444.0,0.0,0.0,1146703.613028,1146708.613028,1229.0,30.301707219521717,3.3101825993942855,2.832517864268261,0.2951071750700902,10.392304845413264,1.4162589321341306,23.9894082778258,30.301707219521717,59.135268753352975,42.797836184260504,0.9570234728386876,0.9567460205906637,0.061482015075598945,0.03534221192972965,2.0,1.416020609320585,12.639621322599844,0.07028238411524901,0.2366926503435638,5.8152114696233115,0.018232585258978952,1754566669384.737,1754566674384.737
0.8076691729323306,0.0005361297981796,0.3466666666666666,0.0076137174211248,0.8270676691729323,0.3981481481481481,0.1574559956027886,0.0483900730020459,0.1574559956027886,0.0483900730020459,0.0,1.0,25.0,8.0,,1754566676065.0,3.4,8.2,8.0,1754566671444.0,1754566676444.0,0.0,0.0,1146703.613028,1146708.613028,1229.0,30.301707219521717,3.3101825993942855,2.832517864268261,0.2951071750700902,10.392304845413264,1.4162589321341306,23.9894082778258,30.301707219521717,59.135268753352975,42.797836184260504,0.9570234728386876,0.9567460205906637,0.061482015075598945,0.03534221192972965,2.0,1.416020609320585,12.639621322599844,0.07028238411524901,0.2366926503435638,5.8152114696233115,0.018232585258978952,1754566669384.737,1754566674384.737
