,Time_series,GSR,HR,timestamp,time2,subject,video_id
0,420431,526,506,1754034459777,2025-08-01 13:17:39.777872+05:30,11,7
1,420532,531,527,1754034459878,2025-08-01 13:17:39.878539+05:30,11,7
2,420633,518,514,1754034459979,2025-08-01 13:17:39.979422+05:30,11,7
3,420733,513,509,1754034460080,2025-08-01 13:17:40.080200+05:30,11,7
4,420835,510,508,1754034460181,2025-08-01 13:17:40.181122+05:30,11,7
5,420935,510,510,1754034460281,2025-08-01 13:17:40.281955+05:30,11,7
6,421037,509,507,1754034460382,2025-08-01 13:17:40.382768+05:30,11,7
7,421137,509,507,1754034460483,2025-08-01 13:17:40.483628+05:30,11,7
8,421238,514,512,1754034460584,2025-08-01 13:17:40.584332+05:30,11,7
9,421339,518,516,1754034460685,2025-08-01 13:17:40.685252+05:30,11,7
10,421440,520,507,1754034460786,2025-08-01 13:17:40.786008+05:30,11,7
11,421540,524,509,1754034460886,2025-08-01 13:17:40.886906+05:30,11,7
12,421641,528,508,1754034460987,2025-08-01 13:17:40.987799+05:30,11,7
13,421742,538,512,1754034461088,2025-08-01 13:17:41.088655+05:30,11,7
14,421842,543,511,1754034461189,2025-08-01 13:17:41.189551+05:30,11,7
15,421944,546,508,1754034461290,2025-08-01 13:17:41.290301+05:30,11,7
16,422044,550,513,1754034461391,2025-08-01 13:17:41.391083+05:30,11,7
17,422146,551,516,1754034461491,2025-08-01 13:17:41.491907+05:30,11,7
18,422246,546,510,1754034461592,2025-08-01 13:17:41.592640+05:30,11,7
19,422347,544,508,1754034461693,2025-08-01 13:17:41.693932+05:30,11,7
20,422448,540,509,1754034461794,2025-08-01 13:17:41.794346+05:30,11,7
21,422549,530,508,1754034461895,2025-08-01 13:17:41.895381+05:30,11,7
22,422649,525,507,1754034461996,2025-08-01 13:17:41.996133+05:30,11,7
23,422751,519,507,1754034462096,2025-08-01 13:17:42.096909+05:30,11,7
24,422851,512,505,1754034462197,2025-08-01 13:17:42.197961+05:30,11,7
25,422952,515,520,1754034462298,2025-08-01 13:17:42.298599+05:30,11,7
26,423053,513,516,1754034462399,2025-08-01 13:17:42.399412+05:30,11,7
27,423154,510,510,1754034462500,2025-08-01 13:17:42.500374+05:30,11,7
28,423255,510,510,1754034462601,2025-08-01 13:17:42.601268+05:30,11,7
29,423356,510,509,1754034462702,2025-08-01 13:17:42.702251+05:30,11,7
30,423456,514,511,1754034462802,2025-08-01 13:17:42.802767+05:30,11,7
31,423557,518,510,1754034462903,2025-08-01 13:17:42.903634+05:30,11,7
32,423658,524,513,1754034463004,2025-08-01 13:17:43.004462+05:30,11,7
33,423758,531,519,1754034463105,2025-08-01 13:17:43.105318+05:30,11,7
34,423860,535,512,1754034463206,2025-08-01 13:17:43.206104+05:30,11,7
35,423960,539,510,1754034463306,2025-08-01 13:17:43.306898+05:30,11,7
36,424061,542,509,1754034463407,2025-08-01 13:17:43.407726+05:30,11,7
37,424162,543,507,1754034463508,2025-08-01 13:17:43.508847+05:30,11,7
38,424263,544,509,1754034463609,2025-08-01 13:17:43.609356+05:30,11,7
39,424364,543,509,1754034463710,2025-08-01 13:17:43.710222+05:30,11,7
40,424465,539,506,1754034463811,2025-08-01 13:17:43.811087+05:30,11,7
41,424565,539,515,1754034463911,2025-08-01 13:17:43.911908+05:30,11,7
42,424667,529,513,1754034464012,2025-08-01 13:17:44.012823+05:30,11,7
43,424767,523,510,1754034464113,2025-08-01 13:17:44.113710+05:30,11,7
44,424868,518,511,1754034464214,2025-08-01 13:17:44.214453+05:30,11,7
45,424969,510,509,1754034464315,2025-08-01 13:17:44.315246+05:30,11,7
46,425070,507,511,1754034464416,2025-08-01 13:17:44.416154+05:30,11,7
47,425170,507,512,1754034464517,2025-08-01 13:17:44.516982+05:30,11,7
48,425272,505,511,1754034464617,2025-08-01 13:17:44.617766+05:30,11,7
49,425372,508,518,1754034464718,2025-08-01 13:17:44.718786+05:30,11,7
50,425473,507,513,1754034464819,2025-08-01 13:17:44.819463+05:30,11,7
51,425574,508,511,1754034464920,2025-08-01 13:17:44.920230+05:30,11,7
52,425674,510,510,1754034465021,2025-08-01 13:17:45.021162+05:30,11,7
53,425776,516,510,1754034465122,2025-08-01 13:17:45.122000+05:30,11,7
54,425876,518,509,1754034465222,2025-08-01 13:17:45.222775+05:30,11,7
55,425977,525,511,1754034465323,2025-08-01 13:17:45.323763+05:30,11,7
56,426078,531,512,1754034465424,2025-08-01 13:17:45.424506+05:30,11,7
57,426179,537,513,1754034465525,2025-08-01 13:17:45.525257+05:30,11,7
58,426279,537,512,1754034465626,2025-08-01 13:17:45.626105+05:30,11,7
59,426381,538,511,1754034465726,2025-08-01 13:17:45.726938+05:30,11,7
60,426481,538,511,1754034465827,2025-08-01 13:17:45.827746+05:30,11,7
61,426583,535,510,1754034465928,2025-08-01 13:17:45.928682+05:30,11,7
62,426683,532,511,1754034466029,2025-08-01 13:17:46.029760+05:30,11,7
63,426784,525,511,1754034466130,2025-08-01 13:17:46.130574+05:30,11,7
64,426885,521,513,1754034466231,2025-08-01 13:17:46.231371+05:30,11,7
65,426986,517,518,1754034466332,2025-08-01 13:17:46.332229+05:30,11,7
66,427086,507,513,1754034466433,2025-08-01 13:17:46.432994+05:30,11,7
67,427188,499,504,1754034466534,2025-08-01 13:17:46.534034+05:30,11,7
68,427288,501,513,1754034466634,2025-08-01 13:17:46.634411+05:30,11,7
69,427388,497,508,1754034466735,2025-08-01 13:17:46.735441+05:30,11,7
70,427490,499,511,1754034466836,2025-08-01 13:17:46.836186+05:30,11,7
71,427590,499,509,1754034466937,2025-08-01 13:17:46.937036+05:30,11,7
72,427692,502,510,1754034467037,2025-08-01 13:17:47.037948+05:30,11,7
73,427792,507,513,1754034467138,2025-08-01 13:17:47.138870+05:30,11,7
74,427893,514,514,1754034467239,2025-08-01 13:17:47.239523+05:30,11,7
75,427994,515,509,1754034467340,2025-08-01 13:17:47.340327+05:30,11,7
76,428095,521,511,1754034467441,2025-08-01 13:17:47.441126+05:30,11,7
77,428195,529,514,1754034467542,2025-08-01 13:17:47.542191+05:30,11,7
78,428297,534,512,1754034467642,2025-08-01 13:17:47.642816+05:30,11,7
79,428397,537,513,1754034467743,2025-08-01 13:17:47.743861+05:30,11,7
80,428498,539,513,1754034467844,2025-08-01 13:17:47.844656+05:30,11,7
81,428599,541,521,1754034467945,2025-08-01 13:17:47.945395+05:30,11,7
82,428700,538,515,1754034468046,2025-08-01 13:17:48.046208+05:30,11,7
83,428801,534,512,1754034468147,2025-08-01 13:17:48.147019+05:30,11,7
84,428902,528,512,1754034468248,2025-08-01 13:17:48.248019+05:30,11,7
85,429002,521,510,1754034468348,2025-08-01 13:17:48.348781+05:30,11,7
86,429104,515,509,1754034468449,2025-08-01 13:17:48.449499+05:30,11,7
87,429204,507,509,1754034468550,2025-08-01 13:17:48.550353+05:30,11,7
88,429304,505,513,1754034468651,2025-08-01 13:17:48.651194+05:30,11,7
89,429406,504,517,1754034468752,2025-08-01 13:17:48.752057+05:30,11,7
90,429506,502,514,1754034468852,2025-08-01 13:17:48.852896+05:30,11,7
91,429607,501,509,1754034468953,2025-08-01 13:17:48.953818+05:30,11,7
92,429708,502,513,1754034469054,2025-08-01 13:17:49.054583+05:30,11,7
93,429809,501,511,1754034469155,2025-08-01 13:17:49.155437+05:30,11,7
94,429910,505,511,1754034469256,2025-08-01 13:17:49.256177+05:30,11,7
95,430011,508,509,1754034469357,2025-08-01 13:17:49.357614+05:30,11,7
96,430111,515,516,1754034469458,2025-08-01 13:17:49.458377+05:30,11,7
97,430213,521,515,1754034469559,2025-08-01 13:17:49.559045+05:30,11,7
98,430313,525,512,1754034469659,2025-08-01 13:17:49.659877+05:30,11,7
99,430414,530,511,1754034469760,2025-08-01 13:17:49.760305+05:30,11,7
100,430515,535,511,1754034469861,2025-08-01 13:17:49.861156+05:30,11,7
101,430616,535,508,1754034469962,2025-08-01 13:17:49.962075+05:30,11,7
102,430716,536,507,1754034470062,2025-08-01 13:17:50.062961+05:30,11,7
103,430818,539,516,1754034470164,2025-08-01 13:17:50.164016+05:30,11,7
104,430918,534,513,1754034470264,2025-08-01 13:17:50.264783+05:30,11,7
105,431020,528,510,1754034470365,2025-08-01 13:17:50.365659+05:30,11,7
106,431120,522,512,1754034470466,2025-08-01 13:17:50.466190+05:30,11,7
107,431220,515,509,1754034470567,2025-08-01 13:17:50.567010+05:30,11,7
108,431322,510,510,1754034470667,2025-08-01 13:17:50.667958+05:30,11,7
109,431422,503,511,1754034470768,2025-08-01 13:17:50.768806+05:30,11,7
110,431523,501,513,1754034470869,2025-08-01 13:17:50.869552+05:30,11,7
111,431624,505,521,1754034470970,2025-08-01 13:17:50.970736+05:30,11,7
112,431725,499,512,1754034471071,2025-08-01 13:17:51.071277+05:30,11,7
113,431825,499,510,1754034471172,2025-08-01 13:17:51.172162+05:30,11,7
114,431927,501,511,1754034471272,2025-08-01 13:17:51.272967+05:30,11,7
115,432027,502,509,1754034471374,2025-08-01 13:17:51.374011+05:30,11,7
116,432129,506,511,1754034471474,2025-08-01 13:17:51.474635+05:30,11,7
117,432229,511,510,1754034471575,2025-08-01 13:17:51.575424+05:30,11,7
118,432330,520,519,1754034471676,2025-08-01 13:17:51.676188+05:30,11,7
119,432431,523,514,1754034471777,2025-08-01 13:17:51.777343+05:30,11,7
120,432532,528,509,1754034471878,2025-08-01 13:17:51.878129+05:30,11,7
121,432632,532,510,1754034471978,2025-08-01 13:17:51.978807+05:30,11,7
122,432734,536,508,1754034472079,2025-08-01 13:17:52.079933+05:30,11,7
123,432834,537,510,1754034472180,2025-08-01 13:17:52.180657+05:30,11,7
124,432935,537,513,1754034472281,2025-08-01 13:17:52.281433+05:30,11,7
125,433036,541,521,1754034472382,2025-08-01 13:17:52.382089+05:30,11,7
126,433136,535,515,1754034472483,2025-08-01 13:17:52.483039+05:30,11,7
127,433238,527,509,1754034472584,2025-08-01 13:17:52.583986+05:30,11,7
128,433338,521,513,1754034472684,2025-08-01 13:17:52.684835+05:30,11,7
129,433439,517,511,1754034472785,2025-08-01 13:17:52.785373+05:30,11,7
130,433540,508,509,1754034472886,2025-08-01 13:17:52.886218+05:30,11,7
131,433641,503,508,1754034472987,2025-08-01 13:17:52.987109+05:30,11,7
132,433741,507,520,1754034473087,2025-08-01 13:17:53.087941+05:30,11,7
133,433843,502,510,1754034473188,2025-08-01 13:17:53.188834+05:30,11,7
134,433943,500,509,1754034473289,2025-08-01 13:17:53.289782+05:30,11,7
135,434044,502,507,1754034473390,2025-08-01 13:17:53.390393+05:30,11,7
136,434145,502,506,1754034473491,2025-08-01 13:17:53.491283+05:30,11,7
137,434246,506,507,1754034473592,2025-08-01 13:17:53.592197+05:30,11,7
138,434347,510,511,1754034473693,2025-08-01 13:17:53.692997+05:30,11,7
139,434448,518,511,1754034473793,2025-08-01 13:17:53.793816+05:30,11,7
140,434548,524,519,1754034473894,2025-08-01 13:17:53.894590+05:30,11,7
141,434650,529,514,1754034473995,2025-08-01 13:17:53.995527+05:30,11,7
142,434750,533,510,1754034474096,2025-08-01 13:17:54.096267+05:30,11,7
143,434851,537,510,1754034474197,2025-08-01 13:17:54.197205+05:30,11,7
144,434952,538,508,1754034474298,2025-08-01 13:17:54.298027+05:30,11,7
145,435052,539,510,1754034474399,2025-08-01 13:17:54.399062+05:30,11,7
146,435153,538,509,1754034474499,2025-08-01 13:17:54.499657+05:30,11,7
147,435254,537,513,1754034474600,2025-08-01 13:17:54.600598+05:30,11,7
148,435355,536,516,1754034474701,2025-08-01 13:17:54.701333+05:30,11,7
149,435456,526,512,1754034474802,2025-08-01 13:17:54.802192+05:30,11,7
150,435557,518,506,1754034474903,2025-08-01 13:17:54.903088+05:30,11,7
151,435657,516,510,1754034475003,2025-08-01 13:17:55.003886+05:30,11,7
152,435759,507,509,1754034475104,2025-08-01 13:17:55.104672+05:30,11,7
153,435859,503,506,1754034475205,2025-08-01 13:17:55.205702+05:30,11,7
154,435960,503,509,1754034475306,2025-08-01 13:17:55.306627+05:30,11,7
155,436061,503,510,1754034475407,2025-08-01 13:17:55.407342+05:30,11,7
156,436162,509,521,1754034475508,2025-08-01 13:17:55.508067+05:30,11,7
157,436262,505,511,1754034475609,2025-08-01 13:17:55.609039+05:30,11,7
158,436364,507,514,1754034475709,2025-08-01 13:17:55.709654+05:30,11,7
159,436464,508,511,1754034475810,2025-08-01 13:17:55.810473+05:30,11,7
160,436566,513,509,1754034475911,2025-08-01 13:17:55.911356+05:30,11,7
161,436666,517,508,1754034476012,2025-08-01 13:17:56.012153+05:30,11,7
162,436767,522,511,1754034476112,2025-08-01 13:17:56.112936+05:30,11,7
163,436868,529,507,1754034476213,2025-08-01 13:17:56.213960+05:30,11,7
164,436968,538,518,1754034476314,2025-08-01 13:17:56.314830+05:30,11,7
165,437069,540,513,1754034476415,2025-08-01 13:17:56.415573+05:30,11,7
166,437170,536,505,1754034476516,2025-08-01 13:17:56.516405+05:30,11,7
167,437271,538,512,1754034476617,2025-08-01 13:17:56.617291+05:30,11,7
168,437371,537,510,1754034476718,2025-08-01 13:17:56.718104+05:30,11,7
169,437473,537,511,1754034476818,2025-08-01 13:17:56.818878+05:30,11,7
170,437573,531,510,1754034476919,2025-08-01 13:17:56.919847+05:30,11,7
171,437675,524,513,1754034477020,2025-08-01 13:17:57.020550+05:30,11,7
172,437775,523,517,1754034477121,2025-08-01 13:17:57.121419+05:30,11,7
173,437876,517,517,1754034477222,2025-08-01 13:17:57.222425+05:30,11,7
174,437977,506,511,1754034477323,2025-08-01 13:17:57.323514+05:30,11,7
175,438078,503,509,1754034477424,2025-08-01 13:17:57.424323+05:30,11,7
176,438178,501,507,1754034477525,2025-08-01 13:17:57.525000+05:30,11,7
177,438280,500,508,1754034477625,2025-08-01 13:17:57.625741+05:30,11,7
178,438380,501,507,1754034477726,2025-08-01 13:17:57.726413+05:30,11,7
179,438481,502,509,1754034477827,2025-08-01 13:17:57.827269+05:30,11,7
180,438582,508,512,1754034477928,2025-08-01 13:17:57.928089+05:30,11,7
181,438683,513,516,1754034478029,2025-08-01 13:17:58.029030+05:30,11,7
182,438784,515,509,1754034478129,2025-08-01 13:17:58.129772+05:30,11,7
183,438884,519,511,1754034478230,2025-08-01 13:17:58.230519+05:30,11,7
184,438985,526,512,1754034478331,2025-08-01 13:17:58.331615+05:30,11,7
185,439086,533,511,1754034478432,2025-08-01 13:17:58.432296+05:30,11,7
186,439187,536,512,1754034478533,2025-08-01 13:17:58.533179+05:30,11,7
187,439287,540,510,1754034478634,2025-08-01 13:17:58.634005+05:30,11,7
188,439389,541,511,1754034478735,2025-08-01 13:17:58.735014+05:30,11,7
189,439489,544,522,1754034478835,2025-08-01 13:17:58.835915+05:30,11,7
190,439590,538,511,1754034478937,2025-08-01 13:17:58.937000+05:30,11,7
191,439691,533,507,1754034479037,2025-08-01 13:17:59.037548+05:30,11,7
192,439792,526,509,1754034479138,2025-08-01 13:17:59.138178+05:30,11,7
193,439892,520,510,1754034479239,2025-08-01 13:17:59.239064+05:30,11,7
194,439994,516,510,1754034479339,2025-08-01 13:17:59.339894+05:30,11,7
195,440094,507,509,1754034479440,2025-08-01 13:17:59.440755+05:30,11,7
196,440196,506,516,1754034479541,2025-08-01 13:17:59.541431+05:30,11,7
197,440296,504,515,1754034479642,2025-08-01 13:17:59.642405+05:30,11,7
198,440397,500,509,1754034479743,2025-08-01 13:17:59.743436+05:30,11,7
199,440498,500,509,1754034479844,2025-08-01 13:17:59.844056+05:30,11,7
200,440599,502,509,1754034479944,2025-08-01 13:17:59.944809+05:30,11,7
201,440699,504,512,1754034480045,2025-08-01 13:18:00.045629+05:30,11,7
202,440800,506,510,1754034480146,2025-08-01 13:18:00.146635+05:30,11,7
203,440901,512,512,1754034480247,2025-08-01 13:18:00.247308+05:30,11,7
204,441001,518,518,1754034480348,2025-08-01 13:18:00.348079+05:30,11,7
205,441103,523,519,1754034480449,2025-08-01 13:18:00.449088+05:30,11,7
206,441203,527,511,1754034480550,2025-08-01 13:18:00.549961+05:30,11,7
207,441305,532,510,1754034480650,2025-08-01 13:18:00.650644+05:30,11,7
208,441405,535,509,1754034480751,2025-08-01 13:18:00.751660+05:30,11,7
209,441506,538,511,1754034480852,2025-08-01 13:18:00.852323+05:30,11,7
210,441607,537,508,1754034480953,2025-08-01 13:18:00.953232+05:30,11,7
211,441708,537,510,1754034481054,2025-08-01 13:18:01.054003+05:30,11,7
212,441808,535,507,1754034481155,2025-08-01 13:18:01.155116+05:30,11,7
213,441910,536,518,1754034481256,2025-08-01 13:18:01.256023+05:30,11,7
214,442010,523,513,1754034481356,2025-08-01 13:18:01.356637+05:30,11,7
215,442112,518,512,1754034481457,2025-08-01 13:18:01.457512+05:30,11,7
216,442212,513,512,1754034481558,2025-08-01 13:18:01.558497+05:30,11,7
217,442313,507,511,1754034481659,2025-08-01 13:18:01.659033+05:30,11,7
218,442414,504,511,1754034481760,2025-08-01 13:18:01.760271+05:30,11,7
219,442515,502,510,1754034481860,2025-08-01 13:18:01.860655+05:30,11,7
220,442615,503,510,1754034481961,2025-08-01 13:18:01.961555+05:30,11,7
221,442716,506,517,1754034482062,2025-08-01 13:18:02.062321+05:30,11,7
222,442817,508,517,1754034482163,2025-08-01 13:18:02.163245+05:30,11,7
223,442917,507,509,1754034482264,2025-08-01 13:18:02.264403+05:30,11,7
224,443019,513,512,1754034482364,2025-08-01 13:18:02.364896+05:30,11,7
225,443119,516,510,1754034482465,2025-08-01 13:18:02.465695+05:30,11,7
226,443220,519,509,1754034482567,2025-08-01 13:18:02.567051+05:30,11,7
227,443321,526,508,1754034482667,2025-08-01 13:18:02.667236+05:30,11,7
228,443422,531,508,1754034482768,2025-08-01 13:18:02.768085+05:30,11,7
229,443523,542,520,1754034482869,2025-08-01 13:18:02.869165+05:30,11,7
230,443624,540,510,1754034482969,2025-08-01 13:18:02.969928+05:30,11,7
231,443724,541,510,1754034483070,2025-08-01 13:18:03.070607+05:30,11,7
232,443826,541,511,1754034483171,2025-08-01 13:18:03.171459+05:30,11,7
233,443926,539,511,1754034483272,2025-08-01 13:18:03.272309+05:30,11,7
234,444027,535,512,1754034483373,2025-08-01 13:18:03.373191+05:30,11,7
235,444128,528,511,1754034483474,2025-08-01 13:18:03.474144+05:30,11,7
236,444229,521,509,1754034483574,2025-08-01 13:18:03.574928+05:30,11,7
237,444329,520,518,1754034483675,2025-08-01 13:18:03.675664+05:30,11,7
238,444431,512,517,1754034483776,2025-08-01 13:18:03.776528+05:30,11,7
239,444531,505,510,1754034483877,2025-08-01 13:18:03.877337+05:30,11,7
240,444632,504,509,1754034483978,2025-08-01 13:18:03.978151+05:30,11,7
241,444733,503,509,1754034484079,2025-08-01 13:18:04.079067+05:30,11,7
242,444833,504,508,1754034484179,2025-08-01 13:18:04.179850+05:30,11,7
243,444935,503,504,1754034484280,2025-08-01 13:18:04.280656+05:30,11,7
244,445035,507,512,1754034484381,2025-08-01 13:18:04.381469+05:30,11,7
245,445136,510,509,1754034484482,2025-08-01 13:18:04.482408+05:30,11,7
246,445237,521,519,1754034484583,2025-08-01 13:18:04.583081+05:30,11,7
247,445338,520,512,1754034484684,2025-08-01 13:18:04.684091+05:30,11,7
248,445438,526,512,1754034484784,2025-08-01 13:18:04.784839+05:30,11,7
249,445540,533,512,1754034484885,2025-08-01 13:18:04.885732+05:30,11,7
250,445640,538,512,1754034484986,2025-08-01 13:18:04.986475+05:30,11,7
251,445742,540,512,1754034485087,2025-08-01 13:18:05.087384+05:30,11,7
252,445842,540,509,1754034485188,2025-08-01 13:18:05.188213+05:30,11,7
253,445943,540,512,1754034485289,2025-08-01 13:18:05.289157+05:30,11,7
254,446044,541,516,1754034485389,2025-08-01 13:18:05.389874+05:30,11,7
255,446145,537,518,1754034485490,2025-08-01 13:18:05.490691+05:30,11,7
256,446245,529,509,1754034485591,2025-08-01 13:18:05.591513+05:30,11,7
257,446347,523,510,1754034485692,2025-08-01 13:18:05.692355+05:30,11,7
258,446447,518,509,1754034485793,2025-08-01 13:18:05.793397+05:30,11,7
259,446547,511,510,1754034485894,2025-08-01 13:18:05.894594+05:30,11,7
260,446649,505,506,1754034485995,2025-08-01 13:18:05.995159+05:30,11,7
261,446749,505,510,1754034486095,2025-08-01 13:18:06.095964+05:30,11,7
262,446851,505,512,1754034486196,2025-08-01 13:18:06.196768+05:30,11,7
263,446951,509,520,1754034486297,2025-08-01 13:18:06.297707+05:30,11,7
264,447052,506,511,1754034486398,2025-08-01 13:18:06.398534+05:30,11,7
265,447153,507,510,1754034486499,2025-08-01 13:18:06.499310+05:30,11,7
266,447254,511,512,1754034486600,2025-08-01 13:18:06.600180+05:30,11,7
267,447354,516,512,1754034486700,2025-08-01 13:18:06.700908+05:30,11,7
268,447456,519,510,1754034486801,2025-08-01 13:18:06.801630+05:30,11,7
269,447556,524,510,1754034486902,2025-08-01 13:18:06.902381+05:30,11,7
270,447657,532,511,1754034487003,2025-08-01 13:18:07.003238+05:30,11,7
271,447758,540,517,1754034487104,2025-08-01 13:18:07.104131+05:30,11,7
272,447859,543,517,1754034487204,2025-08-01 13:18:07.204950+05:30,11,7
273,447960,540,507,1754034487305,2025-08-01 13:18:07.305781+05:30,11,7
274,448061,540,509,1754034487407,2025-08-01 13:18:07.407135+05:30,11,7
275,448161,540,510,1754034487507,2025-08-01 13:18:07.507697+05:30,11,7
276,448263,538,511,1754034487608,2025-08-01 13:18:07.608546+05:30,11,7
277,448363,530,510,1754034487709,2025-08-01 13:18:07.709449+05:30,11,7
278,448463,522,508,1754034487810,2025-08-01 13:18:07.810318+05:30,11,7
279,448565,518,511,1754034487910,2025-08-01 13:18:07.910913+05:30,11,7
280,448665,514,518,1754034488011,2025-08-01 13:18:08.011890+05:30,11,7
281,448766,506,511,1754034488112,2025-08-01 13:18:08.112457+05:30,11,7
282,448867,502,507,1754034488213,2025-08-01 13:18:08.213368+05:30,11,7
283,448968,503,507,1754034488314,2025-08-01 13:18:08.314276+05:30,11,7
284,449069,504,512,1754034488415,2025-08-01 13:18:08.415489+05:30,11,7
285,449170,505,510,1754034488516,2025-08-01 13:18:08.516115+05:30,11,7
286,449270,507,510,1754034488617,2025-08-01 13:18:08.617017+05:30,11,7
287,449372,510,512,1754034488717,2025-08-01 13:18:08.717699+05:30,11,7
288,449472,520,521,1754034488818,2025-08-01 13:18:08.818400+05:30,11,7
289,449573,519,511,1754034488919,2025-08-01 13:18:08.919137+05:30,11,7
290,449674,524,511,1754034489020,2025-08-01 13:18:09.020061+05:30,11,7
291,449775,531,511,1754034489120,2025-08-01 13:18:09.120943+05:30,11,7
292,449875,536,510,1754034489221,2025-08-01 13:18:09.221701+05:30,11,7
293,449977,539,510,1754034489322,2025-08-01 13:18:09.322520+05:30,11,7
294,450077,540,509,1754034489423,2025-08-01 13:18:09.423334+05:30,11,7
295,450179,540,511,1754034489524,2025-08-01 13:18:09.524091+05:30,11,7
296,450279,543,522,1754034489625,2025-08-01 13:18:09.625044+05:30,11,7
297,450379,535,510,1754034489726,2025-08-01 13:18:09.726034+05:30,11,7
298,450481,527,507,1754034489826,2025-08-01 13:18:09.826868+05:30,11,7
299,450581,522,509,1754034489927,2025-08-01 13:18:09.927522+05:30,11,7
300,450682,519,508,1754034490028,2025-08-01 13:18:10.028492+05:30,11,7
301,450783,509,507,1754034490129,2025-08-01 13:18:10.129324+05:30,11,7
302,450884,506,511,1754034490230,2025-08-01 13:18:10.230056+05:30,11,7
303,450984,505,512,1754034490330,2025-08-01 13:18:10.330886+05:30,11,7
304,451086,509,518,1754034490431,2025-08-01 13:18:10.431754+05:30,11,7
305,451186,509,518,1754034490532,2025-08-01 13:18:10.532578+05:30,11,7
306,451288,505,510,1754034490633,2025-08-01 13:18:10.633309+05:30,11,7
307,451388,505,508,1754034490734,2025-08-01 13:18:10.734293+05:30,11,7
308,451489,510,511,1754034490835,2025-08-01 13:18:10.835032+05:30,11,7
309,451590,515,508,1754034490935,2025-08-01 13:18:10.935866+05:30,11,7
310,451691,518,509,1754034491036,2025-08-01 13:18:11.036712+05:30,11,7
311,451791,524,510,1754034491137,2025-08-01 13:18:11.137555+05:30,11,7
312,451893,530,507,1754034491238,2025-08-01 13:18:11.238316+05:30,11,7
313,451993,540,519,1754034491339,2025-08-01 13:18:11.339368+05:30,11,7
314,452093,541,512,1754034491440,2025-08-01 13:18:11.439998+05:30,11,7
315,452195,540,506,1754034491540,2025-08-01 13:18:11.540902+05:30,11,7
316,452295,541,509,1754034491641,2025-08-01 13:18:11.641762+05:30,11,7
317,452397,541,509,1754034491742,2025-08-01 13:18:11.742562+05:30,11,7
318,452497,537,513,1754034491843,2025-08-01 13:18:11.843286+05:30,11,7
319,452598,528,510,1754034491944,2025-08-01 13:18:11.944290+05:30,11,7
320,452699,522,509,1754034492045,2025-08-01 13:18:12.045067+05:30,11,7
321,452800,523,522,1754034492145,2025-08-01 13:18:12.145914+05:30,11,7
322,452900,511,513,1754034492246,2025-08-01 13:18:12.246702+05:30,11,7
323,453002,506,509,1754034492347,2025-08-01 13:18:12.347645+05:30,11,7
324,453102,506,512,1754034492448,2025-08-01 13:18:12.448413+05:30,11,7
325,453203,503,509,1754034492549,2025-08-01 13:18:12.549490+05:30,11,7
326,453304,503,510,1754034492650,2025-08-01 13:18:12.650057+05:30,11,7
327,453405,505,510,1754034492751,2025-08-01 13:18:12.750980+05:30,11,7
328,453506,507,510,1754034492851,2025-08-01 13:18:12.851683+05:30,11,7
329,453607,515,519,1754034492952,2025-08-01 13:18:12.952609+05:30,11,7
330,453707,518,515,1754034493053,2025-08-01 13:18:13.053363+05:30,11,7
331,453809,520,511,1754034493154,2025-08-01 13:18:13.154250+05:30,11,7
332,453909,527,512,1754034493255,2025-08-01 13:18:13.255083+05:30,11,7
333,454009,532,508,1754034493356,2025-08-01 13:18:13.356013+05:30,11,7
334,454111,535,509,1754034493456,2025-08-01 13:18:13.456789+05:30,11,7
335,454211,540,511,1754034493557,2025-08-01 13:18:13.557576+05:30,11,7
336,454312,541,512,1754034493658,2025-08-01 13:18:13.658460+05:30,11,7
337,454413,538,508,1754034493759,2025-08-01 13:18:13.759442+05:30,11,7
338,454514,545,525,1754034493860,2025-08-01 13:18:13.860027+05:30,11,7
339,454615,537,513,1754034493960,2025-08-01 13:18:13.960892+05:30,11,7
340,454716,528,510,1754034494061,2025-08-01 13:18:14.061747+05:30,11,7
341,454816,522,511,1754034494162,2025-08-01 13:18:14.162579+05:30,11,7
342,454918,517,512,1754034494263,2025-08-01 13:18:14.263385+05:30,11,7
343,455018,509,509,1754034494364,2025-08-01 13:18:14.364226+05:30,11,7
344,455119,507,510,1754034494465,2025-08-01 13:18:14.465138+05:30,11,7
345,455220,503,508,1754034494565,2025-08-01 13:18:14.565843+05:30,11,7
346,455321,506,516,1754034494666,2025-08-01 13:18:14.666702+05:30,11,7
347,455421,508,517,1754034494767,2025-08-01 13:18:14.767463+05:30,11,7
348,455523,505,510,1754034494868,2025-08-01 13:18:14.868354+05:30,11,7
349,455623,505,506,1754034494969,2025-08-01 13:18:14.969270+05:30,11,7
350,455725,513,514,1754034495070,2025-08-01 13:18:15.070164+05:30,11,7
351,455825,516,510,1754034495170,2025-08-01 13:18:15.170909+05:30,11,7
352,455925,520,511,1754034495271,2025-08-01 13:18:15.271698+05:30,11,7
353,456027,526,512,1754034495372,2025-08-01 13:18:15.372555+05:30,11,7
354,456127,532,510,1754034495473,2025-08-01 13:18:15.473452+05:30,11,7
355,456228,543,523,1754034495574,2025-08-01 13:18:15.574362+05:30,11,7
356,456329,541,512,1754034495675,2025-08-01 13:18:15.675063+05:30,11,7
357,456430,541,512,1754034495775,2025-08-01 13:18:15.775973+05:30,11,7
358,456530,539,510,1754034495876,2025-08-01 13:18:15.876746+05:30,11,7
359,456632,539,512,1754034495977,2025-08-01 13:18:15.977561+05:30,11,7
360,456732,533,508,1754034496078,2025-08-01 13:18:16.078479+05:30,11,7
361,456834,528,511,1754034496179,2025-08-01 13:18:16.179279+05:30,11,7
362,456934,524,513,1754034496280,2025-08-01 13:18:16.280117+05:30,11,7
363,457035,520,517,1754034496381,2025-08-01 13:18:16.381050+05:30,11,7
364,457136,510,510,1754034496481,2025-08-01 13:18:16.481811+05:30,11,7
365,457237,507,510,1754034496582,2025-08-01 13:18:16.582874+05:30,11,7
366,457337,506,510,1754034496683,2025-08-01 13:18:16.683376+05:30,11,7
367,457439,503,509,1754034496784,2025-08-01 13:18:16.784184+05:30,11,7
368,457539,504,512,1754034496885,2025-08-01 13:18:16.885123+05:30,11,7
369,457640,505,510,1754034496985,2025-08-01 13:18:16.985895+05:30,11,7
370,457741,508,512,1754034497086,2025-08-01 13:18:17.086780+05:30,11,7
371,457841,516,518,1754034497187,2025-08-01 13:18:17.187676+05:30,11,7
372,457943,520,516,1754034497288,2025-08-01 13:18:17.288482+05:30,11,7
373,458043,520,508,1754034497389,2025-08-01 13:18:17.389349+05:30,11,7
374,458144,527,512,1754034497490,2025-08-01 13:18:17.490115+05:30,11,7
375,458245,533,509,1754034497591,2025-08-01 13:18:17.591145+05:30,11,7
376,458346,539,510,1754034497692,2025-08-01 13:18:17.691996+05:30,11,7
377,458446,540,508,1754034497792,2025-08-01 13:18:17.792913+05:30,11,7
378,458548,541,508,1754034497893,2025-08-01 13:18:17.893564+05:30,11,7
379,458648,542,513,1754034497994,2025-08-01 13:18:17.994373+05:30,11,7
380,458749,541,517,1754034498095,2025-08-01 13:18:18.095261+05:30,11,7
381,458850,534,509,1754034498195,2025-08-01 13:18:18.195976+05:30,11,7
382,458951,525,510,1754034498297,2025-08-01 13:18:18.297047+05:30,11,7
383,459052,522,513,1754034498397,2025-08-01 13:18:18.397679+05:30,11,7
384,459153,513,507,1754034498498,2025-08-01 13:18:18.498642+05:30,11,7
385,459253,510,513,1754034498599,2025-08-01 13:18:18.599607+05:30,11,7
386,459355,506,509,1754034498700,2025-08-01 13:18:18.700272+05:30,11,7
387,459455,505,509,1754034498801,2025-08-01 13:18:18.801147+05:30,11,7
388,459556,507,514,1754034498902,2025-08-01 13:18:18.901984+05:30,11,7
389,459657,510,519,1754034499002,2025-08-01 13:18:19.002640+05:30,11,7
390,459757,507,509,1754034499103,2025-08-01 13:18:19.103516+05:30,11,7
391,459858,508,508,1754034499204,2025-08-01 13:18:19.204419+05:30,11,7
392,459959,514,509,1754034499305,2025-08-01 13:18:19.305133+05:30,11,7
393,460060,518,509,1754034499406,2025-08-01 13:18:19.406094+05:30,11,7
394,460161,520,506,1754034499506,2025-08-01 13:18:19.506925+05:30,11,7
395,460262,530,509,1754034499607,2025-08-01 13:18:19.607750+05:30,11,7
396,460362,536,510,1754034499708,2025-08-01 13:18:19.708435+05:30,11,7
397,460464,543,517,1754034499809,2025-08-01 13:18:19.809402+05:30,11,7
398,460564,541,512,1754034499910,2025-08-01 13:18:19.910226+05:30,11,7
399,460665,541,509,1754034500011,2025-08-01 13:18:20.011022+05:30,11,7
400,460766,542,513,1754034500111,2025-08-01 13:18:20.111968+05:30,11,7
401,460867,536,509,1754034500212,2025-08-01 13:18:20.212945+05:30,11,7
402,460967,532,509,1754034500313,2025-08-01 13:18:20.313830+05:30,11,7
403,461069,525,509,1754034500415,2025-08-01 13:18:20.415100+05:30,11,7
404,461169,521,510,1754034500515,2025-08-01 13:18:20.515191+05:30,11,7
405,461271,518,518,1754034500616,2025-08-01 13:18:20.616051+05:30,11,7
406,461371,510,515,1754034500716,2025-08-01 13:18:20.716932+05:30,11,7
407,461472,505,507,1754034500817,2025-08-01 13:18:20.817728+05:30,11,7
408,461573,505,511,1754034500918,2025-08-01 13:18:20.918613+05:30,11,7
409,461673,503,505,1754034501019,2025-08-01 13:18:21.019439+05:30,11,7
410,461774,506,508,1754034501120,2025-08-01 13:18:21.120203+05:30,11,7
411,461875,508,509,1754034501221,2025-08-01 13:18:21.221102+05:30,11,7
412,461976,510,509,1754034501321,2025-08-01 13:18:21.321880+05:30,11,7
413,462076,515,508,1754034501422,2025-08-01 13:18:21.422798+05:30,11,7
414,462178,524,519,1754034501523,2025-08-01 13:18:21.523650+05:30,11,7
415,462278,528,519,1754034501624,2025-08-01 13:18:21.624476+05:30,11,7
416,462380,532,510,1754034501725,2025-08-01 13:18:21.725196+05:30,11,7
417,462480,537,511,1754034501826,2025-08-01 13:18:21.826122+05:30,11,7
418,462581,541,510,1754034501926,2025-08-01 13:18:21.926911+05:30,11,7
419,462682,541,511,1754034502027,2025-08-01 13:18:22.027706+05:30,11,7
420,462783,540,509,1754034502128,2025-08-01 13:18:22.128508+05:30,11,7
421,462883,540,510,1754034502229,2025-08-01 13:18:22.229444+05:30,11,7
422,462985,536,509,1754034502330,2025-08-01 13:18:22.330311+05:30,11,7
423,463085,536,523,1754034502431,2025-08-01 13:18:22.431107+05:30,11,7
424,463186,524,511,1754034502531,2025-08-01 13:18:22.531890+05:30,11,7
425,463287,518,508,1754034502632,2025-08-01 13:18:22.632746+05:30,11,7
426,463388,512,508,1754034502733,2025-08-01 13:18:22.733683+05:30,11,7
427,463489,508,509,1754034502834,2025-08-01 13:18:22.834917+05:30,11,7
428,463589,506,509,1754034502935,2025-08-01 13:18:22.935376+05:30,11,7
429,463690,506,510,1754034503036,2025-08-01 13:18:23.036168+05:30,11,7
430,463791,507,515,1754034503137,2025-08-01 13:18:23.136998+05:30,11,7
431,463892,511,521,1754034503237,2025-08-01 13:18:23.237771+05:30,11,7
432,463992,510,513,1754034503338,2025-08-01 13:18:23.338542+05:30,11,7
433,464094,510,508,1754034503439,2025-08-01 13:18:23.439468+05:30,11,7
434,464194,517,510,1754034503540,2025-08-01 13:18:23.540280+05:30,11,7
435,464295,518,509,1754034503641,2025-08-01 13:18:23.641090+05:30,11,7
436,464396,527,511,1754034503741,2025-08-01 13:18:23.741956+05:30,11,7
437,464497,531,507,1754034503842,2025-08-01 13:18:23.842833+05:30,11,7
438,464598,537,510,1754034503944,2025-08-01 13:18:23.944233+05:30,11,7
439,464699,544,518,1754034504044,2025-08-01 13:18:24.044799+05:30,11,7
440,464799,543,514,1754034504145,2025-08-01 13:18:24.145513+05:30,11,7
441,464901,539,509,1754034504246,2025-08-01 13:18:24.246602+05:30,11,7
442,465001,537,505,1754034504347,2025-08-01 13:18:24.347115+05:30,11,7
443,465102,536,509,1754034504447,2025-08-01 13:18:24.447769+05:30,11,7
444,465203,529,511,1754034504549,2025-08-01 13:18:24.549024+05:30,11,7
445,465304,522,509,1754034504649,2025-08-01 13:18:24.649571+05:30,11,7
446,465404,518,510,1754034504750,2025-08-01 13:18:24.750184+05:30,11,7
447,465505,511,515,1754034504851,2025-08-01 13:18:24.851157+05:30,11,7
448,465606,509,516,1754034504951,2025-08-01 13:18:24.951978+05:30,11,7
449,465707,506,514,1754034505052,2025-08-01 13:18:25.052791+05:30,11,7
450,465808,504,507,1754034505153,2025-08-01 13:18:25.153684+05:30,11,7
451,465908,505,511,1754034505254,2025-08-01 13:18:25.254439+05:30,11,7
452,466010,505,509,1754034505355,2025-08-01 13:18:25.355233+05:30,11,7
453,466110,507,511,1754034505456,2025-08-01 13:18:25.456162+05:30,11,7
454,466211,510,510,1754034505557,2025-08-01 13:18:25.557476+05:30,11,7
455,466312,516,510,1754034505657,2025-08-01 13:18:25.657915+05:30,11,7
456,466413,525,520,1754034505758,2025-08-01 13:18:25.758927+05:30,11,7
457,466513,526,509,1754034505859,2025-08-01 13:18:25.859613+05:30,11,7
458,466615,532,509,1754034505960,2025-08-01 13:18:25.960242+05:30,11,7
459,466715,540,513,1754034506061,2025-08-01 13:18:26.061143+05:30,11,7
460,466817,541,510,1754034506162,2025-08-01 13:18:26.162018+05:30,11,7
461,466917,542,510,1754034506263,2025-08-01 13:18:26.263057+05:30,11,7
462,467018,542,513,1754034506363,2025-08-01 13:18:26.363570+05:30,11,7
463,467119,543,520,1754034506464,2025-08-01 13:18:26.464483+05:30,11,7
464,467220,539,517,1754034506565,2025-08-01 13:18:26.565289+05:30,11,7
465,467320,529,513,1754034506666,2025-08-01 13:18:26.666477+05:30,11,7
466,467421,521,507,1754034506767,2025-08-01 13:18:26.767109+05:30,11,7
467,467522,518,514,1754034506867,2025-08-01 13:18:26.867842+05:30,11,7
468,467622,508,509,1754034506968,2025-08-01 13:18:26.968788+05:30,11,7
469,467724,506,511,1754034507069,2025-08-01 13:18:27.069620+05:30,11,7
470,467824,504,510,1754034507170,2025-08-01 13:18:27.170464+05:30,11,7
471,467926,506,513,1754034507271,2025-08-01 13:18:27.271084+05:30,11,7
472,468026,508,521,1754034507372,2025-08-01 13:18:27.372192+05:30,11,7
473,468127,507,513,1754034507473,2025-08-01 13:18:27.473092+05:30,11,7
474,468228,507,508,1754034507573,2025-08-01 13:18:27.573870+05:30,11,7
475,468329,514,510,1754034507674,2025-08-01 13:18:27.674835+05:30,11,7
476,468429,517,510,1754034507775,2025-08-01 13:18:27.775281+05:30,11,7
477,468531,522,512,1754034507876,2025-08-01 13:18:27.876308+05:30,11,7
478,468631,529,509,1754034507976,2025-08-01 13:18:27.976929+05:30,11,7
479,468732,534,511,1754034508077,2025-08-01 13:18:28.077805+05:30,11,7
480,468833,542,516,1754034508178,2025-08-01 13:18:28.178677+05:30,11,7
481,468934,544,518,1754034508279,2025-08-01 13:18:28.279504+05:30,11,7
482,469035,542,512,1754034508380,2025-08-01 13:18:28.380415+05:30,11,7
483,469136,541,510,1754034508481,2025-08-01 13:18:28.481190+05:30,11,7
484,469236,539,512,1754034508582,2025-08-01 13:18:28.582054+05:30,11,7
485,469337,534,509,1754034508682,2025-08-01 13:18:28.682933+05:30,11,7
486,469438,528,510,1754034508784,2025-08-01 13:18:28.784002+05:30,11,7
487,469538,522,510,1754034508884,2025-08-01 13:18:28.884736+05:30,11,7
488,469640,520,516,1754034508985,2025-08-01 13:18:28.985542+05:30,11,7
489,469740,511,513,1754034509086,2025-08-01 13:18:29.086240+05:30,11,7
490,469841,507,509,1754034509187,2025-08-01 13:18:29.187132+05:30,11,7
491,469942,505,507,1754034509287,2025-08-01 13:18:29.287904+05:30,11,7
492,470043,506,508,1754034509388,2025-08-01 13:18:29.388792+05:30,11,7
493,470144,505,508,1754034509489,2025-08-01 13:18:29.489591+05:30,11,7
494,470245,505,512,1754034509590,2025-08-01 13:18:29.590612+05:30,11,7
495,470345,510,512,1754034509691,2025-08-01 13:18:29.691513+05:30,11,7
496,470447,514,513,1754034509792,2025-08-01 13:18:29.792148+05:30,11,7
497,470547,524,519,1754034509893,2025-08-01 13:18:29.893069+05:30,11,7
498,470648,524,513,1754034509993,2025-08-01 13:18:29.993860+05:30,11,7
499,470749,526,505,1754034510094,2025-08-01 13:18:30.094852+05:30,11,7
500,470850,535,511,1754034510195,2025-08-01 13:18:30.195493+05:30,11,7
501,470950,538,510,1754034510296,2025-08-01 13:18:30.296395+05:30,11,7
502,471052,541,507,1754034510397,2025-08-01 13:18:30.397145+05:30,11,7
503,471152,542,510,1754034510498,2025-08-01 13:18:30.498074+05:30,11,7
504,471252,539,506,1754034510598,2025-08-01 13:18:30.598880+05:30,11,7
505,471354,543,518,1754034510699,2025-08-01 13:18:30.699883+05:30,11,7
506,471454,538,510,1754034510800,2025-08-01 13:18:30.800534+05:30,11,7
507,471556,528,507,1754034510901,2025-08-01 13:18:30.901476+05:30,11,7
508,471656,522,508,1754034511002,2025-08-01 13:18:31.002252+05:30,11,7
509,471757,517,511,1754034511103,2025-08-01 13:18:31.103160+05:30,11,7
510,471858,509,510,1754034511203,2025-08-01 13:18:31.203850+05:30,11,7
511,471959,507,510,1754034511304,2025-08-01 13:18:31.304735+05:30,11,7
512,472059,505,510,1754034511405,2025-08-01 13:18:31.405663+05:30,11,7
513,472161,508,518,1754034511506,2025-08-01 13:18:31.506456+05:30,11,7
514,472261,508,514,1754034511607,2025-08-01 13:18:31.607356+05:30,11,7
515,472363,507,511,1754034511708,2025-08-01 13:18:31.707990+05:30,11,7
516,472463,509,511,1754034511808,2025-08-01 13:18:31.808769+05:30,11,7
517,472564,513,510,1754034511909,2025-08-01 13:18:31.909741+05:30,11,7
518,472665,518,509,1754034512010,2025-08-01 13:18:32.010494+05:30,11,7
519,472766,520,508,1754034512111,2025-08-01 13:18:32.111289+05:30,11,7
520,472866,527,509,1754034512212,2025-08-01 13:18:32.212103+05:30,11,7
521,472968,538,519,1754034512313,2025-08-01 13:18:32.313129+05:30,11,7
522,473068,539,511,1754034512413,2025-08-01 13:18:32.413732+05:30,11,7
523,473168,541,507,1754034512514,2025-08-01 13:18:32.514628+05:30,11,7
524,473270,544,511,1754034512616,2025-08-01 13:18:32.615955+05:30,11,7
525,473370,541,506,1754034512716,2025-08-01 13:18:32.716482+05:30,11,7
526,473472,541,513,1754034512817,2025-08-01 13:18:32.817584+05:30,11,7
527,473572,536,512,1754034512918,2025-08-01 13:18:32.918265+05:30,11,7
528,473673,528,511,1754034513019,2025-08-01 13:18:33.019223+05:30,11,7
529,473774,528,521,1754034513120,2025-08-01 13:18:33.120106+05:30,11,7
530,473875,521,515,1754034513220,2025-08-01 13:18:33.220748+05:30,11,7
531,473975,512,512,1754034513321,2025-08-01 13:18:33.321554+05:30,11,7
532,474077,509,509,1754034513422,2025-08-01 13:18:33.422181+05:30,11,7
533,474177,507,509,1754034513522,2025-08-01 13:18:33.522939+05:30,11,7
534,474278,506,507,1754034513623,2025-08-01 13:18:33.623953+05:30,11,7
535,474379,506,509,1754034513724,2025-08-01 13:18:33.724740+05:30,11,7
536,474480,504,503,1754034513825,2025-08-01 13:18:33.825469+05:30,11,7
537,474580,509,508,1754034513926,2025-08-01 13:18:33.926328+05:30,11,7
538,474682,516,518,1754034514027,2025-08-01 13:18:34.027157+05:30,11,7
539,474782,518,510,1754034514128,2025-08-01 13:18:34.128204+05:30,11,7
540,474883,520,508,1754034514228,2025-08-01 13:18:34.228975+05:30,11,7
541,474984,526,509,1754034514329,2025-08-01 13:18:34.329801+05:30,11,7
542,475084,535,512,1754034514430,2025-08-01 13:18:34.430774+05:30,11,7
543,475186,539,510,1754034514531,2025-08-01 13:18:34.531395+05:30,11,7
544,475286,541,510,1754034514632,2025-08-01 13:18:34.632342+05:30,11,7
545,475387,542,512,1754034514733,2025-08-01 13:18:34.733212+05:30,11,7
546,475488,546,518,1754034514834,2025-08-01 13:18:34.834142+05:30,11,7
547,475589,543,515,1754034514934,2025-08-01 13:18:34.934844+05:30,11,7
548,475689,537,510,1754034515035,2025-08-01 13:18:35.035483+05:30,11,7
549,475791,530,507,1754034515136,2025-08-01 13:18:35.136859+05:30,11,7
550,475891,523,509,1754034515237,2025-08-01 13:18:35.237437+05:30,11,7
551,475993,518,508,1754034515337,2025-08-01 13:18:35.337899+05:30,11,7
552,476093,512,511,1754034515438,2025-08-01 13:18:35.438763+05:30,11,7
553,476194,507,506,1754034515539,2025-08-01 13:18:35.539665+05:30,11,7
554,476295,511,517,1754034515640,2025-08-01 13:18:35.640564+05:30,11,7
555,476396,508,513,1754034515741,2025-08-01 13:18:35.741373+05:30,11,7
556,476496,506,509,1754034515842,2025-08-01 13:18:35.842116+05:30,11,7
557,476598,507,510,1754034515943,2025-08-01 13:18:35.943047+05:30,11,7
558,476698,509,512,1754034516043,2025-08-01 13:18:36.043729+05:30,11,7
559,476798,511,511,1754034516144,2025-08-01 13:18:36.144641+05:30,11,7
560,476900,517,510,1754034516245,2025-08-01 13:18:36.245569+05:30,11,7
561,477000,521,512,1754034516346,2025-08-01 13:18:36.346302+05:30,11,7
562,477102,527,515,1754034516447,2025-08-01 13:18:36.447352+05:30,11,7
563,477202,538,519,1754034516548,2025-08-01 13:18:36.548073+05:30,11,7
564,477303,538,512,1754034516648,2025-08-01 13:18:36.648955+05:30,11,7
565,477404,540,510,1754034516749,2025-08-01 13:18:36.749893+05:30,11,7
566,477505,542,509,1754034516850,2025-08-01 13:18:36.850563+05:30,11,7
567,477605,542,509,1754034516951,2025-08-01 13:18:36.951687+05:30,11,7
568,477707,540,512,1754034517052,2025-08-01 13:18:37.052283+05:30,11,7
569,477807,537,508,1754034517153,2025-08-01 13:18:37.153424+05:30,11,7
570,477908,532,510,1754034517253,2025-08-01 13:18:37.253835+05:30,11,7
571,478009,530,521,1754034517354,2025-08-01 13:18:37.354941+05:30,11,7
572,478110,522,512,1754034517455,2025-08-01 13:18:37.455671+05:30,11,7
573,478211,510,508,1754034517556,2025-08-01 13:18:37.556443+05:30,11,7
574,478312,508,512,1754034517657,2025-08-01 13:18:37.657302+05:30,11,7
575,478412,506,506,1754034517758,2025-08-01 13:18:37.758158+05:30,11,7
576,478514,505,508,1754034517858,2025-08-01 13:18:37.858885+05:30,11,7
577,478614,507,509,1754034517960,2025-08-01 13:18:37.960006+05:30,11,7
578,478714,507,511,1754034518060,2025-08-01 13:18:38.060570+05:30,11,7
579,478816,512,519,1754034518161,2025-08-01 13:18:38.161401+05:30,11,7
580,478916,512,509,1754034518262,2025-08-01 13:18:38.262178+05:30,11,7
581,479017,515,507,1754034518363,2025-08-01 13:18:38.363134+05:30,11,7
582,479118,520,509,1754034518463,2025-08-01 13:18:38.463931+05:30,11,7
583,479219,524,505,1754034518564,2025-08-01 13:18:38.564691+05:30,11,7
584,479320,533,514,1754034518665,2025-08-01 13:18:38.665628+05:30,11,7
585,479421,536,508,1754034518766,2025-08-01 13:18:38.766598+05:30,11,7
586,479521,541,510,1754034518867,2025-08-01 13:18:38.867263+05:30,11,7
587,479623,547,522,1754034518968,2025-08-01 13:18:38.967996+05:30,11,7
588,479723,544,514,1754034519068,2025-08-01 13:18:39.068867+05:30,11,7
589,479824,540,510,1754034519169,2025-08-01 13:18:39.169769+05:30,11,7
590,479925,538,512,1754034519270,2025-08-01 13:18:39.270756+05:30,11,7
591,480026,532,511,1754034519371,2025-08-01 13:18:39.371448+05:30,11,7
592,480126,523,508,1754034519472,2025-08-01 13:18:39.472219+05:30,11,7
593,480228,520,510,1754034519573,2025-08-01 13:18:39.573204+05:30,11,7
594,480328,512,509,1754034519673,2025-08-01 13:18:39.673942+05:30,11,7
595,480430,510,513,1754034519774,2025-08-01 13:18:39.774732+05:30,11,7
596,480530,511,518,1754034519875,2025-08-01 13:18:39.875554+05:30,11,7
597,480630,507,510,1754034519976,2025-08-01 13:18:39.976341+05:30,11,7
598,480732,505,506,1754034520077,2025-08-01 13:18:40.077341+05:30,11,7
599,480832,508,510,1754034520178,2025-08-01 13:18:40.178148+05:30,11,7
600,480933,509,507,1754034520278,2025-08-01 13:18:40.278937+05:30,11,7
601,481034,511,509,1754034520379,2025-08-01 13:18:40.379739+05:30,11,7
602,481135,517,511,1754034520480,2025-08-01 13:18:40.480665+05:30,11,7
603,481235,520,510,1754034520581,2025-08-01 13:18:40.581505+05:30,11,7
604,481337,527,516,1754034520682,2025-08-01 13:18:40.682357+05:30,11,7
605,481437,536,520,1754034520783,2025-08-01 13:18:40.783112+05:30,11,7
606,481539,537,511,1754034520883,2025-08-01 13:18:40.883952+05:30,11,7
607,481639,539,509,1754034520984,2025-08-01 13:18:40.984753+05:30,11,7
608,481740,542,512,1754034521085,2025-08-01 13:18:41.085624+05:30,11,7
609,481841,539,508,1754034521186,2025-08-01 13:18:41.186424+05:30,11,7
610,481942,538,509,1754034521287,2025-08-01 13:18:41.287266+05:30,11,7
611,482042,536,509,1754034521388,2025-08-01 13:18:41.388098+05:30,11,7
612,482144,530,509,1754034521489,2025-08-01 13:18:41.489040+05:30,11,7
613,482244,524,512,1754034521590,2025-08-01 13:18:41.590080+05:30,11,7
614,482345,522,519,1754034521690,2025-08-01 13:18:41.690702+05:30,11,7
615,482446,510,509,1754034521791,2025-08-01 13:18:41.791676+05:30,11,7
616,482546,508,514,1754034521892,2025-08-01 13:18:41.892417+05:30,11,7
617,482648,504,509,1754034521993,2025-08-01 13:18:41.993228+05:30,11,7
618,482748,500,508,1754034522094,2025-08-01 13:18:42.094182+05:30,11,7
619,482849,502,508,1754034522195,2025-08-01 13:18:42.194994+05:30,11,7
620,482950,503,508,1754034522295,2025-08-01 13:18:42.295642+05:30,11,7
621,483051,506,514,1754034522396,2025-08-01 13:18:42.396819+05:30,11,7
622,483151,509,518,1754034522497,2025-08-01 13:18:42.497375+05:30,11,7
623,483253,512,512,1754034522598,2025-08-01 13:18:42.598234+05:30,11,7
624,483353,514,508,1754034522698,2025-08-01 13:18:42.698967+05:30,11,7
625,483454,519,511,1754034522799,2025-08-01 13:18:42.799823+05:30,11,7
626,483555,524,507,1754034522900,2025-08-01 13:18:42.900681+05:30,11,7
627,483656,529,508,1754034523001,2025-08-01 13:18:43.001556+05:30,11,7
628,483757,534,511,1754034523102,2025-08-01 13:18:43.102563+05:30,11,7
629,483858,540,520,1754034523203,2025-08-01 13:18:43.203344+05:30,11,7
630,483958,538,516,1754034523304,2025-08-01 13:18:43.304001+05:30,11,7
631,484060,536,511,1754034523405,2025-08-01 13:18:43.405237+05:30,11,7
632,484160,532,511,1754034523506,2025-08-01 13:18:43.505982+05:30,11,7
633,484261,527,510,1754034523606,2025-08-01 13:18:43.606856+05:30,11,7
634,484362,517,507,1754034523707,2025-08-01 13:18:43.707680+05:30,11,7
635,484462,513,506,1754034523808,2025-08-01 13:18:43.808291+05:30,11,7
636,484563,507,510,1754034523909,2025-08-01 13:18:43.909262+05:30,11,7
637,484664,504,514,1754034524010,2025-08-01 13:18:44.010204+05:30,11,7
638,484765,502,515,1754034524110,2025-08-01 13:18:44.110959+05:30,11,7
639,484866,499,510,1754034524211,2025-08-01 13:18:44.211738+05:30,11,7
640,484967,499,509,1754034524312,2025-08-01 13:18:44.312524+05:30,11,7
641,485067,499,508,1754034524413,2025-08-01 13:18:44.413193+05:30,11,7
642,485169,499,508,1754034524514,2025-08-01 13:18:44.514132+05:30,11,7
643,485269,502,508,1754034524614,2025-08-01 13:18:44.614794+05:30,11,7
644,485370,507,508,1754034524715,2025-08-01 13:18:44.715808+05:30,11,7
645,485471,514,513,1754034524816,2025-08-01 13:18:44.816558+05:30,11,7
646,485572,518,515,1754034524917,2025-08-01 13:18:44.917401+05:30,11,7
647,485672,522,512,1754034525018,2025-08-01 13:18:45.018296+05:30,11,7
648,485774,529,513,1754034525119,2025-08-01 13:18:45.119025+05:30,11,7
649,485874,531,512,1754034525220,2025-08-01 13:18:45.220112+05:30,11,7
650,485976,534,510,1754034525320,2025-08-01 13:18:45.320887+05:30,11,7
651,486076,534,512,1754034525421,2025-08-01 13:18:45.421512+05:30,11,7
652,486177,533,512,1754034525522,2025-08-01 13:18:45.522341+05:30,11,7
653,486278,531,511,1754034525623,2025-08-01 13:18:45.623191+05:30,11,7
654,486378,528,514,1754034525724,2025-08-01 13:18:45.723997+05:30,11,7
655,486479,520,512,1754034525824,2025-08-01 13:18:45.824950+05:30,11,7
656,486580,514,509,1754034525925,2025-08-01 13:18:45.925777+05:30,11,7
657,486681,506,505,1754034526026,2025-08-01 13:18:46.026709+05:30,11,7
658,486781,503,509,1754034526127,2025-08-01 13:18:46.127353+05:30,11,7
659,486883,500,510,1754034526228,2025-08-01 13:18:46.228130+05:30,11,7
660,486983,502,517,1754034526329,2025-08-01 13:18:46.329106+05:30,11,7
661,487085,500,512,1754034526430,2025-08-01 13:18:46.430025+05:30,11,7
662,487185,499,509,1754034526531,2025-08-01 13:18:46.531084+05:30,11,7
663,487286,503,515,1754034526631,2025-08-01 13:18:46.631556+05:30,11,7
664,487387,504,512,1754034526732,2025-08-01 13:18:46.732391+05:30,11,7
665,487488,506,509,1754034526833,2025-08-01 13:18:46.833128+05:30,11,7
666,487588,513,512,1754034526934,2025-08-01 13:18:46.934283+05:30,11,7
667,487690,515,511,1754034527035,2025-08-01 13:18:47.035206+05:30,11,7
668,487790,524,516,1754034527136,2025-08-01 13:18:47.135988+05:30,11,7
669,487891,528,514,1754034527236,2025-08-01 13:18:47.236568+05:30,11,7
670,487992,533,514,1754034527337,2025-08-01 13:18:47.337561+05:30,11,7
671,488093,533,511,1754034527438,2025-08-01 13:18:47.438383+05:30,11,7
672,488194,533,510,1754034527539,2025-08-01 13:18:47.539186+05:30,11,7
673,488294,530,508,1754034527639,2025-08-01 13:18:47.639952+05:30,11,7
674,488395,529,509,1754034527740,2025-08-01 13:18:47.740833+05:30,11,7
675,488496,528,511,1754034527841,2025-08-01 13:18:47.841764+05:30,11,7
676,488597,522,514,1754034527942,2025-08-01 13:18:47.942407+05:30,11,7
677,488697,515,512,1754034528043,2025-08-01 13:18:48.043308+05:30,11,7
678,488799,508,509,1754034528144,2025-08-01 13:18:48.144186+05:30,11,7
679,488899,504,514,1754034528245,2025-08-01 13:18:48.245333+05:30,11,7
680,489000,499,508,1754034528345,2025-08-01 13:18:48.345933+05:30,11,7
681,489101,500,512,1754034528446,2025-08-01 13:18:48.446678+05:30,11,7
682,489202,499,509,1754034528547,2025-08-01 13:18:48.547649+05:30,11,7
683,489303,503,518,1754034528648,2025-08-01 13:18:48.648479+05:30,11,7
684,489404,503,518,1754034528749,2025-08-01 13:18:48.749281+05:30,11,7
685,489504,502,512,1754034528850,2025-08-01 13:18:48.850223+05:30,11,7
686,489606,504,510,1754034528951,2025-08-01 13:18:48.951027+05:30,11,7
687,489706,510,511,1754034529051,2025-08-01 13:18:49.051837+05:30,11,7
688,489807,511,508,1754034529152,2025-08-01 13:18:49.152458+05:30,11,7
689,489908,518,510,1754034529253,2025-08-01 13:18:49.253285+05:30,11,7
690,490009,525,508,1754034529354,2025-08-01 13:18:49.354172+05:30,11,7
691,490109,532,514,1754034529455,2025-08-01 13:18:49.455073+05:30,11,7
692,490210,535,516,1754034529555,2025-08-01 13:18:49.555970+05:30,11,7
693,490311,536,513,1754034529656,2025-08-01 13:18:49.656641+05:30,11,7
694,490412,533,511,1754034529757,2025-08-01 13:18:49.757507+05:30,11,7
695,490513,531,513,1754034529858,2025-08-01 13:18:49.858371+05:30,11,7
696,490613,527,512,1754034529959,2025-08-01 13:18:49.959089+05:30,11,7
697,490715,520,511,1754034530060,2025-08-01 13:18:50.060133+05:30,11,7
698,490815,513,508,1754034530160,2025-08-01 13:18:50.160880+05:30,11,7
699,490916,513,517,1754034530261,2025-08-01 13:18:50.261622+05:30,11,7
700,491017,506,516,1754034530362,2025-08-01 13:18:50.362391+05:30,11,7
701,491118,501,510,1754034530463,2025-08-01 13:18:50.463306+05:30,11,7
702,491218,499,509,1754034530564,2025-08-01 13:18:50.564094+05:30,11,7
703,491320,499,510,1754034530665,2025-08-01 13:18:50.665027+05:30,11,7
704,491420,499,508,1754034530765,2025-08-01 13:18:50.765695+05:30,11,7
705,491522,502,509,1754034530866,2025-08-01 13:18:50.866697+05:30,11,7
706,491622,501,509,1754034530967,2025-08-01 13:18:50.967450+05:30,11,7
707,491723,509,519,1754034531068,2025-08-01 13:18:51.068322+05:30,11,7
708,491824,514,515,1754034531169,2025-08-01 13:18:51.169277+05:30,11,7
709,491925,513,508,1754034531269,2025-08-01 13:18:51.269878+05:30,11,7
710,492025,520,509,1754034531370,2025-08-01 13:18:51.370742+05:30,11,7
711,492126,528,514,1754034531471,2025-08-01 13:18:51.471680+05:30,11,7
712,492227,532,512,1754034531572,2025-08-01 13:18:51.572495+05:30,11,7
713,492327,534,509,1754034531673,2025-08-01 13:18:51.673400+05:30,11,7
714,492429,534,507,1754034531774,2025-08-01 13:18:51.774168+05:30,11,7
715,492529,538,516,1754034531875,2025-08-01 13:18:51.875170+05:30,11,7
716,492631,538,517,1754034531975,2025-08-01 13:18:51.975749+05:30,11,7
717,492731,530,509,1754034532076,2025-08-01 13:18:52.076754+05:30,11,7
718,492832,523,509,1754034532177,2025-08-01 13:18:52.177442+05:30,11,7
719,492933,519,512,1754034532278,2025-08-01 13:18:52.278354+05:30,11,7
720,493034,512,507,1754034532379,2025-08-01 13:18:52.379291+05:30,11,7
721,493134,506,509,1754034532479,2025-08-01 13:18:52.479939+05:30,11,7
722,493236,504,508,1754034532580,2025-08-01 13:18:52.580874+05:30,11,7
723,493336,502,509,1754034532681,2025-08-01 13:18:52.681742+05:30,11,7
724,493437,506,518,1754034532782,2025-08-01 13:18:52.782389+05:30,11,7
725,493538,503,513,1754034532883,2025-08-01 13:18:52.883332+05:30,11,7
726,493639,503,511,1754034532984,2025-08-01 13:18:52.984163+05:30,11,7
727,493740,505,512,1754034533085,2025-08-01 13:18:53.085043+05:30,11,7
728,493841,508,512,1754034533185,2025-08-01 13:18:53.185910+05:30,11,7
729,493941,512,510,1754034533286,2025-08-01 13:18:53.286844+05:30,11,7
730,494042,515,509,1754034533387,2025-08-01 13:18:53.387664+05:30,11,7
731,494143,523,514,1754034533488,2025-08-01 13:18:53.488350+05:30,11,7
732,494243,532,518,1754034533589,2025-08-01 13:18:53.589402+05:30,11,7
733,494345,532,509,1754034533690,2025-08-01 13:18:53.690210+05:30,11,7
734,494445,535,510,1754034533790,2025-08-01 13:18:53.790938+05:30,11,7
735,494546,535,510,1754034533891,2025-08-01 13:18:53.891748+05:30,11,7
736,494647,534,508,1754034533992,2025-08-01 13:18:53.992890+05:30,11,7
737,494748,531,510,1754034534093,2025-08-01 13:18:54.093441+05:30,11,7
738,494849,527,507,1754034534194,2025-08-01 13:18:54.194403+05:30,11,7
739,494950,521,509,1754034534295,2025-08-01 13:18:54.295084+05:30,11,7
740,495050,520,520,1754034534396,2025-08-01 13:18:54.396033+05:30,11,7
741,495152,514,515,1754034534496,2025-08-01 13:18:54.496806+05:30,11,7
742,495252,503,510,1754034534598,2025-08-01 13:18:54.598055+05:30,11,7
743,495353,503,511,1754034534698,2025-08-01 13:18:54.698404+05:30,11,7
744,495454,501,511,1754034534799,2025-08-01 13:18:54.799430+05:30,11,7
745,495555,500,510,1754034534900,2025-08-01 13:18:54.900150+05:30,11,7
746,495655,502,512,1754034535001,2025-08-01 13:18:55.001209+05:30,11,7
747,495757,503,512,1754034535101,2025-08-01 13:18:55.101813+05:30,11,7
748,495857,508,518,1754034535202,2025-08-01 13:18:55.202540+05:30,11,7
749,495958,508,510,1754034535303,2025-08-01 13:18:55.303430+05:30,11,7
750,496059,511,509,1754034535404,2025-08-01 13:18:55.404141+05:30,11,7
751,496159,516,511,1754034535504,2025-08-01 13:18:55.504985+05:30,11,7
752,496261,522,510,1754034535605,2025-08-01 13:18:55.605863+05:30,11,7
753,496361,527,510,1754034535706,2025-08-01 13:18:55.706609+05:30,11,7
754,496462,531,509,1754034535807,2025-08-01 13:18:55.807624+05:30,11,7
755,496563,533,508,1754034535908,2025-08-01 13:18:55.908423+05:30,11,7
756,496664,540,521,1754034536009,2025-08-01 13:18:56.009257+05:30,11,7
757,496764,533,510,1754034536110,2025-08-01 13:18:56.110106+05:30,11,7
758,496866,530,509,1754034536210,2025-08-01 13:18:56.210918+05:30,11,7
759,496966,528,513,1754034536311,2025-08-01 13:18:56.311763+05:30,11,7
760,497068,520,510,1754034536412,2025-08-01 13:18:56.412608+05:30,11,7
761,497168,515,511,1754034536513,2025-08-01 13:18:56.513449+05:30,11,7
762,497269,509,511,1754034536614,2025-08-01 13:18:56.614240+05:30,11,7
763,497370,504,510,1754034536715,2025-08-01 13:18:56.715051+05:30,11,7
764,497471,506,521,1754034536816,2025-08-01 13:18:56.816078+05:30,11,7
765,497571,504,515,1754034536916,2025-08-01 13:18:56.916761+05:30,11,7
766,497673,500,509,1754034537017,2025-08-01 13:18:57.017707+05:30,11,7
767,497773,501,508,1754034537118,2025-08-01 13:18:57.118459+05:30,11,7
768,497873,501,505,1754034537219,2025-08-01 13:18:57.219540+05:30,11,7
769,497975,504,509,1754034537320,2025-08-01 13:18:57.320249+05:30,11,7
770,498075,510,511,1754034537421,2025-08-01 13:18:57.421340+05:30,11,7
771,498177,514,511,1754034537521,2025-08-01 13:18:57.521742+05:30,11,7
772,498277,517,511,1754034537622,2025-08-01 13:18:57.622659+05:30,11,7
773,498378,529,522,1754034537723,2025-08-01 13:18:57.723384+05:30,11,7
774,498479,530,510,1754034537824,2025-08-01 13:18:57.824246+05:30,11,7
775,498580,532,511,1754034537925,2025-08-01 13:18:57.925123+05:30,11,7
776,498680,536,512,1754034538026,2025-08-01 13:18:58.026066+05:30,11,7
777,498782,534,509,1754034538126,2025-08-01 13:18:58.126880+05:30,11,7
778,498882,531,506,1754034538227,2025-08-01 13:18:58.227824+05:30,11,7
779,498983,530,510,1754034538328,2025-08-01 13:18:58.328476+05:30,11,7
780,499084,527,515,1754034538429,2025-08-01 13:18:58.429421+05:30,11,7
781,499185,521,516,1754034538530,2025-08-01 13:18:58.530248+05:30,11,7
782,499286,515,513,1754034538631,2025-08-01 13:18:58.631142+05:30,11,7
783,499387,507,510,1754034538731,2025-08-01 13:18:58.731959+05:30,11,7
784,499487,504,511,1754034538832,2025-08-01 13:18:58.832924+05:30,11,7
785,499589,499,508,1754034538933,2025-08-01 13:18:58.933659+05:30,11,7
786,499689,499,510,1754034539034,2025-08-01 13:18:59.034460+05:30,11,7
787,499789,500,510,1754034539135,2025-08-01 13:18:59.135590+05:30,11,7
788,499891,501,510,1754034539236,2025-08-01 13:18:59.236360+05:30,11,7
789,499991,508,520,1754034539337,2025-08-01 13:18:59.337008+05:30,11,7
790,500092,506,511,1754034539437,2025-08-01 13:18:59.437875+05:30,11,7
791,500193,509,508,1754034539538,2025-08-01 13:18:59.538590+05:30,11,7
792,500294,513,509,1754034539639,2025-08-01 13:18:59.639386+05:30,11,7
793,500395,520,514,1754034539740,2025-08-01 13:18:59.740139+05:30,11,7
794,500496,524,507,1754034539840,2025-08-01 13:18:59.840911+05:30,11,7
795,500596,529,510,1754034539941,2025-08-01 13:18:59.941896+05:30,11,7
796,500698,536,516,1754034540042,2025-08-01 13:19:00.042688+05:30,11,7
797,500798,537,517,1754034540143,2025-08-01 13:19:00.143606+05:30,11,7
798,500899,534,512,1754034540244,2025-08-01 13:19:00.244388+05:30,11,7
799,501000,531,509,1754034540345,2025-08-01 13:19:00.345457+05:30,11,7
800,501101,530,513,1754034540446,2025-08-01 13:19:00.446286+05:30,11,7
801,501201,523,509,1754034540547,2025-08-01 13:19:00.547111+05:30,11,7
802,501303,516,508,1754034540647,2025-08-01 13:19:00.647938+05:30,11,7
803,501403,513,509,1754034540748,2025-08-01 13:19:00.748542+05:30,11,7
804,501505,506,510,1754034540849,2025-08-01 13:19:00.849649+05:30,11,7
805,501605,507,521,1754034540950,2025-08-01 13:19:00.950110+05:30,11,7
806,501705,502,512,1754034541051,2025-08-01 13:19:01.051062+05:30,11,7
807,501807,502,512,1754034541151,2025-08-01 13:19:01.151864+05:30,11,7
808,501907,503,514,1754034541252,2025-08-01 13:19:01.252597+05:30,11,7
809,502008,503,510,1754034541353,2025-08-01 13:19:01.353478+05:30,11,7
810,502109,504,511,1754034541454,2025-08-01 13:19:01.454323+05:30,11,7
811,502210,506,510,1754034541555,2025-08-01 13:19:01.555144+05:30,11,7
812,502310,512,511,1754034541656,2025-08-01 13:19:01.656138+05:30,11,7
813,502412,519,519,1754034541756,2025-08-01 13:19:01.756879+05:30,11,7
814,502512,523,516,1754034541857,2025-08-01 13:19:01.857589+05:30,11,7
815,502614,525,508,1754034541958,2025-08-01 13:19:01.958477+05:30,11,7
816,502714,528,508,1754034542059,2025-08-01 13:19:02.059368+05:30,11,7
817,502815,529,507,1754034542160,2025-08-01 13:19:02.160106+05:30,11,7
818,502916,532,508,1754034542261,2025-08-01 13:19:02.261285+05:30,11,7
819,503017,531,507,1754034542361,2025-08-01 13:19:02.361864+05:30,11,7
820,503117,531,512,1754034542462,2025-08-01 13:19:02.462861+05:30,11,7
821,503219,530,519,1754034542563,2025-08-01 13:19:02.563428+05:30,11,7
822,503319,523,516,1754034542664,2025-08-01 13:19:02.664340+05:30,11,7
823,503420,515,511,1754034542765,2025-08-01 13:19:02.765214+05:30,11,7
824,503521,511,511,1754034542866,2025-08-01 13:19:02.866087+05:30,11,7
825,503621,507,512,1754034542966,2025-08-01 13:19:02.966926+05:30,11,7
826,503723,504,510,1754034543067,2025-08-01 13:19:03.067723+05:30,11,7
827,503823,503,509,1754034543168,2025-08-01 13:19:03.168610+05:30,11,7
828,503924,502,510,1754034543269,2025-08-01 13:19:03.269349+05:30,11,7
829,504025,507,520,1754034543370,2025-08-01 13:19:03.370427+05:30,11,7
830,504126,504,511,1754034543471,2025-08-01 13:19:03.471092+05:30,11,7
831,504226,505,509,1754034543571,2025-08-01 13:19:03.571876+05:30,11,7
832,504328,507,507,1754034543672,2025-08-01 13:19:03.672773+05:30,11,7
833,504428,512,508,1754034543773,2025-08-01 13:19:03.773516+05:30,11,7
834,504529,515,507,1754034543874,2025-08-01 13:19:03.874318+05:30,11,7
835,504630,524,514,1754034543975,2025-08-01 13:19:03.975250+05:30,11,7
836,504731,527,508,1754034544075,2025-08-01 13:19:04.075988+05:30,11,7
837,504832,536,522,1754034544176,2025-08-01 13:19:04.176971+05:30,11,7
838,504933,536,514,1754034544278,2025-08-01 13:19:04.277999+05:30,11,7
839,505033,534,511,1754034544378,2025-08-01 13:19:04.378847+05:30,11,7
840,505135,533,510,1754034544479,2025-08-01 13:19:04.479915+05:30,11,7
841,505235,532,509,1754034544580,2025-08-01 13:19:04.580251+05:30,11,7
842,505336,528,508,1754034544681,2025-08-01 13:19:04.681224+05:30,11,7
843,505437,521,508,1754034544781,2025-08-01 13:19:04.781900+05:30,11,7
844,505537,517,513,1754034544882,2025-08-01 13:19:04.882660+05:30,11,7
845,505638,515,516,1754034544983,2025-08-01 13:19:04.983674+05:30,11,7
846,505739,508,514,1754034545084,2025-08-01 13:19:05.084502+05:30,11,7
847,505840,502,506,1754034545185,2025-08-01 13:19:05.185366+05:30,11,7
848,505940,501,508,1754034545286,2025-08-01 13:19:05.286127+05:30,11,7
849,506042,502,509,1754034545386,2025-08-01 13:19:05.386900+05:30,11,7
850,506142,502,511,1754034545487,2025-08-01 13:19:05.487949+05:30,11,7
851,506244,504,512,1754034545588,2025-08-01 13:19:05.588725+05:30,11,7
852,506344,505,512,1754034545689,2025-08-01 13:19:05.689429+05:30,11,7
853,506445,514,522,1754034545790,2025-08-01 13:19:05.790436+05:30,11,7
854,506546,514,514,1754034545891,2025-08-01 13:19:05.891247+05:30,11,7
855,506647,517,509,1754034545992,2025-08-01 13:19:05.992087+05:30,11,7
856,506747,523,509,1754034546092,2025-08-01 13:19:06.092842+05:30,11,7
857,506849,528,510,1754034546193,2025-08-01 13:19:06.193586+05:30,11,7
858,506949,531,507,1754034546294,2025-08-01 13:19:06.294494+05:30,11,7
859,507051,535,512,1754034546395,2025-08-01 13:19:06.395241+05:30,11,7
860,507151,533,508,1754034546496,2025-08-01 13:19:06.496132+05:30,11,7
861,507252,538,518,1754034546597,2025-08-01 13:19:06.597102+05:30,11,7
862,507353,532,513,1754034546697,2025-08-01 13:19:06.697830+05:30,11,7
863,507453,526,508,1754034546798,2025-08-01 13:19:06.798674+05:30,11,7
864,507554,520,509,1754034546899,2025-08-01 13:19:06.899408+05:30,11,7
865,507655,516,510,1754034547000,2025-08-01 13:19:07.000522+05:30,11,7
866,507756,511,508,1754034547101,2025-08-01 13:19:07.101640+05:30,11,7
867,507856,505,510,1754034547202,2025-08-01 13:19:07.202186+05:30,11,7
868,507958,503,511,1754034547303,2025-08-01 13:19:07.303094+05:30,11,7
869,508058,508,517,1754034547403,2025-08-01 13:19:07.403907+05:30,11,7
870,508160,507,517,1754034547504,2025-08-01 13:19:07.504519+05:30,11,7
871,508260,504,510,1754034547605,2025-08-01 13:19:07.605505+05:30,11,7
872,508361,505,509,1754034547706,2025-08-01 13:19:07.706170+05:30,11,7
873,508462,505,505,1754034547806,2025-08-01 13:19:07.806967+05:30,11,7
874,508563,511,511,1754034547907,2025-08-01 13:19:07.907944+05:30,11,7
875,508663,515,511,1754034548008,2025-08-01 13:19:08.008830+05:30,11,7
876,508765,516,507,1754034548109,2025-08-01 13:19:08.109895+05:30,11,7
877,508865,523,511,1754034548210,2025-08-01 13:19:08.210583+05:30,11,7
878,508966,534,522,1754034548311,2025-08-01 13:19:08.311494+05:30,11,7
879,509067,532,512,1754034548411,2025-08-01 13:19:08.411938+05:30,11,7
880,509168,532,509,1754034548512,2025-08-01 13:19:08.512874+05:30,11,7
881,509268,532,510,1754034548613,2025-08-01 13:19:08.613707+05:30,11,7
882,509369,533,512,1754034548714,2025-08-01 13:19:08.714570+05:30,11,7
883,509470,529,506,1754034548815,2025-08-01 13:19:08.815511+05:30,11,7
884,509571,527,512,1754034548916,2025-08-01 13:19:08.916421+05:30,11,7
885,509672,520,509,1754034549017,2025-08-01 13:19:09.017157+05:30,11,7
886,509772,517,513,1754034549117,2025-08-01 13:19:09.117899+05:30,11,7
887,509874,515,520,1754034549218,2025-08-01 13:19:09.218663+05:30,11,7
888,509974,506,511,1754034549320,2025-08-01 13:19:09.320095+05:30,11,7
889,510075,502,508,1754034549420,2025-08-01 13:19:09.420592+05:30,11,7
890,510176,503,510,1754034549521,2025-08-01 13:19:09.521160+05:30,11,7
891,510277,503,510,1754034549622,2025-08-01 13:19:09.621990+05:30,11,7
892,510377,504,507,1754034549723,2025-08-01 13:19:09.723015+05:30,11,7
893,510479,503,507,1754034549823,2025-08-01 13:19:09.823713+05:30,11,7
894,510579,506,507,1754034549924,2025-08-01 13:19:09.924561+05:30,11,7
895,510681,518,523,1754034550025,2025-08-01 13:19:10.025497+05:30,11,7
896,510781,516,510,1754034550126,2025-08-01 13:19:10.126237+05:30,11,7
897,510882,518,510,1754034550227,2025-08-01 13:19:10.227137+05:30,11,7
898,510983,526,512,1754034550327,2025-08-01 13:19:10.327965+05:30,11,7
899,511084,530,510,1754034550428,2025-08-01 13:19:10.428687+05:30,11,7
900,511184,533,510,1754034550529,2025-08-01 13:19:10.529541+05:30,11,7
901,511285,535,509,1754034550630,2025-08-01 13:19:10.630332+05:30,11,7
902,511386,535,509,1754034550731,2025-08-01 13:19:10.731224+05:30,11,7
903,511486,538,518,1754034550832,2025-08-01 13:19:10.832005+05:30,11,7
904,511588,533,510,1754034550933,2025-08-01 13:19:10.933052+05:30,11,7
905,511688,528,507,1754034551033,2025-08-01 13:19:11.033929+05:30,11,7
906,511790,519,508,1754034551134,2025-08-01 13:19:11.134617+05:30,11,7
907,511890,515,512,1754034551235,2025-08-01 13:19:11.235430+05:30,11,7
908,511991,510,512,1754034551336,2025-08-01 13:19:11.336471+05:30,11,7
909,512092,506,507,1754034551437,2025-08-01 13:19:11.437147+05:30,11,7
910,512193,506,513,1754034551537,2025-08-01 13:19:11.537960+05:30,11,7
911,512293,505,514,1754034551638,2025-08-01 13:19:11.638795+05:30,11,7
912,512395,508,519,1754034551739,2025-08-01 13:19:11.739544+05:30,11,7
913,512495,505,512,1754034551840,2025-08-01 13:19:11.840366+05:30,11,7
914,512596,505,510,1754034551941,2025-08-01 13:19:11.941330+05:30,11,7
915,512697,508,510,1754034552042,2025-08-01 13:19:12.042077+05:30,11,7
916,512798,512,510,1754034552143,2025-08-01 13:19:12.143090+05:30,11,7
917,512899,514,506,1754034552243,2025-08-01 13:19:12.243719+05:30,11,7
918,513000,520,510,1754034552344,2025-08-01 13:19:12.344704+05:30,11,7
919,513100,525,508,1754034552445,2025-08-01 13:19:12.445423+05:30,11,7
920,513201,535,521,1754034552546,2025-08-01 13:19:12.546310+05:30,11,7
921,513302,534,510,1754034552647,2025-08-01 13:19:12.647345+05:30,11,7
922,513402,533,506,1754034552748,2025-08-01 13:19:12.748315+05:30,11,7
923,513504,536,512,1754034552848,2025-08-01 13:19:12.848868+05:30,11,7
924,513604,532,512,1754034552949,2025-08-01 13:19:12.949830+05:30,11,7
925,513705,529,508,1754034553050,2025-08-01 13:19:13.050749+05:30,11,7
926,513806,524,511,1754034553151,2025-08-01 13:19:13.151363+05:30,11,7
927,513907,518,509,1754034553252,2025-08-01 13:19:13.252225+05:30,11,7
928,514008,519,520,1754034553353,2025-08-01 13:19:13.352995+05:30,11,7
929,514109,509,510,1754034553453,2025-08-01 13:19:13.453935+05:30,11,7
930,514209,504,507,1754034553554,2025-08-01 13:19:13.554773+05:30,11,7
931,514311,505,512,1754034553655,2025-08-01 13:19:13.655469+05:30,11,7
932,514411,504,511,1754034553756,2025-08-01 13:19:13.756410+05:30,11,7
933,514512,505,509,1754034553857,2025-08-01 13:19:13.857153+05:30,11,7
934,514613,506,511,1754034553958,2025-08-01 13:19:13.958228+05:30,11,7
935,514714,508,511,1754034554059,2025-08-01 13:19:14.058999+05:30,11,7
936,514814,514,522,1754034554159,2025-08-01 13:19:14.159753+05:30,11,7
937,514915,515,514,1754034554260,2025-08-01 13:19:14.260707+05:30,11,7
938,515016,517,510,1754034554361,2025-08-01 13:19:14.361569+05:30,11,7
939,515117,520,510,1754034554462,2025-08-01 13:19:14.462313+05:30,11,7
940,515218,527,509,1754034554563,2025-08-01 13:19:14.563052+05:30,11,7
941,515318,530,507,1754034554664,2025-08-01 13:19:14.664054+05:30,11,7
942,515420,533,510,1754034554764,2025-08-01 13:19:14.764760+05:30,11,7
943,515520,534,509,1754034554865,2025-08-01 13:19:14.865773+05:30,11,7
944,515621,535,514,1754034554966,2025-08-01 13:19:14.966357+05:30,11,7
945,515722,535,518,1754034555067,2025-08-01 13:19:15.067323+05:30,11,7
946,515823,530,509,1754034555168,2025-08-01 13:19:15.168080+05:30,11,7
947,515923,524,509,1754034555268,2025-08-01 13:19:15.268939+05:30,11,7
948,516025,519,510,1754034555369,2025-08-01 13:19:15.369724+05:30,11,7
949,516125,514,510,1754034555470,2025-08-01 13:19:15.470792+05:30,11,7
950,516227,509,511,1754034555571,2025-08-01 13:19:15.571466+05:30,11,7
951,516327,507,510,1754034555672,2025-08-01 13:19:15.672694+05:30,11,7
952,516428,507,511,1754034555773,2025-08-01 13:19:15.773084+05:30,11,7
953,516529,513,522,1754034555873,2025-08-01 13:19:15.873914+05:30,11,7
954,516630,507,513,1754034555974,2025-08-01 13:19:15.974803+05:30,11,7
955,516730,505,510,1754034556075,2025-08-01 13:19:16.075684+05:30,11,7
956,516831,508,513,1754034556176,2025-08-01 13:19:16.176484+05:30,11,7
957,516932,510,510,1754034556277,2025-08-01 13:19:16.277320+05:30,11,7
958,517032,515,508,1754034556378,2025-08-01 13:19:16.378172+05:30,11,7
959,517134,516,508,1754034556479,2025-08-01 13:19:16.479093+05:30,11,7
960,517234,525,516,1754034556579,2025-08-01 13:19:16.579884+05:30,11,7
961,517336,530,514,1754034556680,2025-08-01 13:19:16.680659+05:30,11,7
962,517436,530,508,1754034556781,2025-08-01 13:19:16.781353+05:30,11,7
963,517537,532,510,1754034556882,2025-08-01 13:19:16.882370+05:30,11,7
964,517638,533,510,1754034556983,2025-08-01 13:19:16.983071+05:30,11,7
965,517739,532,510,1754034557084,2025-08-01 13:19:17.084352+05:30,11,7
966,517839,530,511,1754034557184,2025-08-01 13:19:17.184977+05:30,11,7
967,517941,527,510,1754034557285,2025-08-01 13:19:17.285866+05:30,11,7
968,518041,525,519,1754034557386,2025-08-01 13:19:17.386615+05:30,11,7
969,518142,520,517,1754034557487,2025-08-01 13:19:17.487376+05:30,11,7
970,518243,514,510,1754034557588,2025-08-01 13:19:17.588162+05:30,11,7
971,518344,509,509,1754034557689,2025-08-01 13:19:17.688987+05:30,11,7
972,518445,507,509,1754034557790,2025-08-01 13:19:17.790037+05:30,11,7
973,518546,506,508,1754034557890,2025-08-01 13:19:17.890798+05:30,11,7
974,518646,507,509,1754034557991,2025-08-01 13:19:17.991508+05:30,11,7
975,518747,508,508,1754034558092,2025-08-01 13:19:18.092387+05:30,11,7
976,518848,509,509,1754034558193,2025-08-01 13:19:18.193175+05:30,11,7
977,518948,516,521,1754034558294,2025-08-01 13:19:18.294111+05:30,11,7
978,519050,515,513,1754034558394,2025-08-01 13:19:18.394872+05:30,11,7
979,519150,516,509,1754034558495,2025-08-01 13:19:18.495732+05:30,11,7
980,519251,518,510,1754034558596,2025-08-01 13:19:18.596455+05:30,11,7
981,519352,523,510,1754034558697,2025-08-01 13:19:18.697417+05:30,11,7
982,519453,529,511,1754034558798,2025-08-01 13:19:18.798407+05:30,11,7
983,519554,531,508,1754034558898,2025-08-01 13:19:18.898945+05:30,11,7
984,519655,533,509,1754034558999,2025-08-01 13:19:18.999897+05:30,11,7
985,519755,540,523,1754034559100,2025-08-01 13:19:19.100650+05:30,11,7
986,519857,535,515,1754034559201,2025-08-01 13:19:19.201644+05:30,11,7
987,519957,531,512,1754034559302,2025-08-01 13:19:19.302394+05:30,11,7
988,520058,527,508,1754034559403,2025-08-01 13:19:19.403183+05:30,11,7
989,520159,520,510,1754034559504,2025-08-01 13:19:19.504076+05:30,11,7
990,520260,516,509,1754034559605,2025-08-01 13:19:19.605184+05:30,11,7
991,520360,514,510,1754034559706,2025-08-01 13:19:19.706153+05:30,11,7
992,520462,509,510,1754034559806,2025-08-01 13:19:19.806530+05:30,11,7
993,520562,509,510,1754034559907,2025-08-01 13:19:19.907568+05:30,11,7
994,520663,509,517,1754034560008,2025-08-01 13:19:20.008402+05:30,11,7
995,520764,506,508,1754034560109,2025-08-01 13:19:20.109272+05:30,11,7
996,520864,504,505,1754034560209,2025-08-01 13:19:20.209941+05:30,11,7
997,520966,507,509,1754034560311,2025-08-01 13:19:20.311115+05:30,11,7
998,521066,508,509,1754034560411,2025-08-01 13:19:20.411883+05:30,11,7
999,521167,513,511,1754034560512,2025-08-01 13:19:20.512798+05:30,11,7
1000,521268,519,511,1754034560613,2025-08-01 13:19:20.613531+05:30,11,7
1001,521369,519,509,1754034560714,2025-08-01 13:19:20.714273+05:30,11,7
1002,521469,530,520,1754034560815,2025-08-01 13:19:20.815071+05:30,11,7
1003,521571,533,516,1754034560915,2025-08-01 13:19:20.915857+05:30,11,7
1004,521671,533,510,1754034561017,2025-08-01 13:19:21.016979+05:30,11,7
1005,521773,535,510,1754034561117,2025-08-01 13:19:21.117684+05:30,11,7
1006,521873,536,511,1754034561218,2025-08-01 13:19:21.218622+05:30,11,7
1007,521974,534,509,1754034561319,2025-08-01 13:19:21.319565+05:30,11,7
1008,522075,531,509,1754034561420,2025-08-01 13:19:21.420296+05:30,11,7
1009,522176,527,509,1754034561521,2025-08-01 13:19:21.521170+05:30,11,7
1010,522276,525,519,1754034561621,2025-08-01 13:19:21.621842+05:30,11,7
1011,522378,516,508,1754034561722,2025-08-01 13:19:21.722655+05:30,11,7
1012,522478,513,512,1754034561823,2025-08-01 13:19:21.823600+05:30,11,7
1013,522578,509,508,1754034561924,2025-08-01 13:19:21.924420+05:30,11,7
1014,522680,506,510,1754034562025,2025-08-01 13:19:22.025195+05:30,11,7
1015,522780,506,511,1754034562125,2025-08-01 13:19:22.125888+05:30,11,7
1016,522882,507,511,1754034562226,2025-08-01 13:19:22.226629+05:30,11,7
1017,522982,508,516,1754034562327,2025-08-01 13:19:22.327503+05:30,11,7
1018,523083,512,519,1754034562428,2025-08-01 13:19:22.428305+05:30,11,7
1019,523184,512,514,1754034562529,2025-08-01 13:19:22.529075+05:30,11,7
1020,523285,516,511,1754034562630,2025-08-01 13:19:22.630360+05:30,11,7
1021,523385,519,511,1754034562730,2025-08-01 13:19:22.730920+05:30,11,7
1022,523487,522,511,1754034562831,2025-08-01 13:19:22.831924+05:30,11,7
1023,523587,528,511,1754034562932,2025-08-01 13:19:22.932591+05:30,11,7
1024,523688,531,508,1754034563033,2025-08-01 13:19:23.033312+05:30,11,7
1025,523789,535,511,1754034563134,2025-08-01 13:19:23.134244+05:30,11,7
1026,523890,543,522,1754034563235,2025-08-01 13:19:23.235094+05:30,11,7
1027,523991,537,514,1754034563335,2025-08-01 13:19:23.335803+05:30,11,7
1028,524092,534,509,1754034563436,2025-08-01 13:19:23.436763+05:30,11,7
1029,524192,532,511,1754034563537,2025-08-01 13:19:23.537560+05:30,11,7
1030,524294,526,509,1754034563638,2025-08-01 13:19:23.638443+05:30,11,7
1031,524394,519,506,1754034563739,2025-08-01 13:19:23.739230+05:30,11,7
1032,524494,518,509,1754034563839,2025-08-01 13:19:23.839951+05:30,11,7
1033,524596,512,510,1754034563940,2025-08-01 13:19:23.940973+05:30,11,7
1034,524696,505,505,1754034564041,2025-08-01 13:19:24.041889+05:30,11,7
1035,524797,511,520,1754034564142,2025-08-01 13:19:24.142722+05:30,11,7
1036,524898,508,509,1754034564243,2025-08-01 13:19:24.243488+05:30,11,7
1037,524999,504,506,1754034564344,2025-08-01 13:19:24.344391+05:30,11,7
1038,525100,508,511,1754034564445,2025-08-01 13:19:24.445012+05:30,11,7
1039,525201,509,511,1754034564545,2025-08-01 13:19:24.545973+05:30,11,7
1040,525301,510,509,1754034564647,2025-08-01 13:19:24.647029+05:30,11,7
1041,525403,516,511,1754034564747,2025-08-01 13:19:24.747563+05:30,11,7
1042,525503,519,511,1754034564848,2025-08-01 13:19:24.848547+05:30,11,7
1043,525604,528,521,1754034564949,2025-08-01 13:19:24.949349+05:30,11,7
1044,525705,530,514,1754034565050,2025-08-01 13:19:25.050163+05:30,11,7
1045,525806,532,509,1754034565151,2025-08-01 13:19:25.151033+05:30,11,7
1046,525906,535,510,1754034565252,2025-08-01 13:19:25.252021+05:30,11,7
1047,526008,535,508,1754034565352,2025-08-01 13:19:25.352755+05:30,11,7
1048,526108,534,510,1754034565453,2025-08-01 13:19:25.453690+05:30,11,7
1049,526210,532,508,1754034565554,2025-08-01 13:19:25.554555+05:30,11,7
1050,526310,530,509,1754034565655,2025-08-01 13:19:25.655291+05:30,11,7
1051,526410,530,523,1754034565756,2025-08-01 13:19:25.756143+05:30,11,7
1052,526512,520,512,1754034565856,2025-08-01 13:19:25.856974+05:30,11,7
1053,526612,514,507,1754034565957,2025-08-01 13:19:25.957856+05:30,11,7
1054,526713,510,512,1754034566058,2025-08-01 13:19:26.058648+05:30,11,7
1055,526814,508,512,1754034566159,2025-08-01 13:19:26.159445+05:30,11,7
1056,526915,505,509,1754034566260,2025-08-01 13:19:26.260576+05:30,11,7
1057,527015,507,512,1754034566360,2025-08-01 13:19:26.360961+05:30,11,7
1058,527117,506,510,1754034566461,2025-08-01 13:19:26.461784+05:30,11,7
1059,527217,507,511,1754034566562,2025-08-01 13:19:26.562671+05:30,11,7
1060,527319,514,522,1754034566663,2025-08-01 13:19:26.663559+05:30,11,7
1061,527419,512,513,1754034566764,2025-08-01 13:19:26.764455+05:30,11,7
1062,527520,516,508,1754034566865,2025-08-01 13:19:26.865169+05:30,11,7
1063,527621,519,513,1754034566966,2025-08-01 13:19:26.966136+05:30,11,7
1064,527722,524,511,1754034567066,2025-08-01 13:19:27.066863+05:30,11,7
1065,527822,529,509,1754034567167,2025-08-01 13:19:27.167761+05:30,11,7
1066,527924,532,511,1754034567268,2025-08-01 13:19:27.268870+05:30,11,7
1067,528024,535,507,1754034567369,2025-08-01 13:19:27.369551+05:30,11,7
1068,528125,535,513,1754034567470,2025-08-01 13:19:27.470236+05:30,11,7
1069,528226,539,519,1754034567571,2025-08-01 13:19:27.571203+05:30,11,7
1070,528326,532,512,1754034567672,2025-08-01 13:19:27.672146+05:30,11,7
1071,528428,528,509,1754034567772,2025-08-01 13:19:27.772857+05:30,11,7
1072,528528,522,508,1754034567873,2025-08-01 13:19:27.873629+05:30,11,7
1073,528629,516,509,1754034567974,2025-08-01 13:19:27.974566+05:30,11,7
1074,528730,512,507,1754034568075,2025-08-01 13:19:28.075378+05:30,11,7
1075,528831,509,510,1754034568176,2025-08-01 13:19:28.176526+05:30,11,7
1076,528931,507,510,1754034568277,2025-08-01 13:19:28.277169+05:30,11,7
1077,529033,511,523,1754034568378,2025-08-01 13:19:28.378125+05:30,11,7
1078,529133,506,511,1754034568478,2025-08-01 13:19:28.478747+05:30,11,7
1079,529234,505,510,1754034568579,2025-08-01 13:19:28.579604+05:30,11,7
1080,529335,506,510,1754034568680,2025-08-01 13:19:28.680499+05:30,11,7
1081,529436,507,509,1754034568781,2025-08-01 13:19:28.781248+05:30,11,7
1082,529537,510,508,1754034568881,2025-08-01 13:19:28.881962+05:30,11,7
1083,529638,516,510,1754034568982,2025-08-01 13:19:28.982735+05:30,11,7
1084,529738,518,510,1754034569083,2025-08-01 13:19:29.083870+05:30,11,7
1085,529840,527,517,1754034569184,2025-08-01 13:19:29.184683+05:30,11,7
1086,529940,532,514,1754034569285,2025-08-01 13:19:29.285390+05:30,11,7
1087,530041,533,509,1754034569386,2025-08-01 13:19:29.386372+05:30,11,7
1088,530142,532,505,1754034569487,2025-08-01 13:19:29.487058+05:30,11,7
1089,530242,536,513,1754034569587,2025-08-01 13:19:29.587822+05:30,11,7
1090,530343,535,512,1754034569688,2025-08-01 13:19:29.688623+05:30,11,7
1091,530444,532,510,1754034569789,2025-08-01 13:19:29.789561+05:30,11,7
1092,530545,530,512,1754034569890,2025-08-01 13:19:29.890336+05:30,11,7
1093,530646,522,510,1754034569991,2025-08-01 13:19:29.991128+05:30,11,7
1094,530747,523,523,1754034570092,2025-08-01 13:19:30.092007+05:30,11,7
1095,530847,511,507,1754034570193,2025-08-01 13:19:30.193131+05:30,11,7
1096,530949,509,514,1754034570293,2025-08-01 13:19:30.293788+05:30,11,7
1097,531049,506,509,1754034570394,2025-08-01 13:19:30.394555+05:30,11,7
1098,531150,504,511,1754034570495,2025-08-01 13:19:30.495534+05:30,11,7
1099,531251,504,508,1754034570596,2025-08-01 13:19:30.596605+05:30,11,7
1100,531352,506,510,1754034570697,2025-08-01 13:19:30.697038+05:30,11,7
1101,531452,506,509,1754034570797,2025-08-01 13:19:30.797829+05:30,11,7
1102,531554,514,519,1754034570898,2025-08-01 13:19:30.898654+05:30,11,7
1103,531654,513,508,1754034570999,2025-08-01 13:19:30.999668+05:30,11,7
1104,531756,516,509,1754034571100,2025-08-01 13:19:31.100446+05:30,11,7
1105,531856,521,509,1754034571201,2025-08-01 13:19:31.201231+05:30,11,7
1106,531957,526,511,1754034571302,2025-08-01 13:19:31.302027+05:30,11,7
1107,532058,530,512,1754034571403,2025-08-01 13:19:31.403122+05:30,11,7
1108,532158,534,510,1754034571503,2025-08-01 13:19:31.503935+05:30,11,7
1109,532259,538,516,1754034571604,2025-08-01 13:19:31.604534+05:30,11,7
1110,532360,538,519,1754034571705,2025-08-01 13:19:31.705382+05:30,11,7
1111,532461,534,513,1754034571806,2025-08-01 13:19:31.806488+05:30,11,7
1112,532561,529,507,1754034571907,2025-08-01 13:19:31.907103+05:30,11,7
1113,532663,527,510,1754034572008,2025-08-01 13:19:32.008466+05:30,11,7
1114,532763,519,508,1754034572108,2025-08-01 13:19:32.108725+05:30,11,7
1115,532865,516,510,1754034572209,2025-08-01 13:19:32.209502+05:30,11,7
1116,532965,509,505,1754034572310,2025-08-01 13:19:32.310561+05:30,11,7
1117,533066,507,509,1754034572411,2025-08-01 13:19:32.411218+05:30,11,7
1118,533167,511,518,1754034572511,2025-08-01 13:19:32.511980+05:30,11,7
1119,533268,505,508,1754034572613,2025-08-01 13:19:32.613083+05:30,11,7
1120,533368,504,505,1754034572713,2025-08-01 13:19:32.713762+05:30,11,7
1121,533470,507,513,1754034572814,2025-08-01 13:19:32.814483+05:30,11,7
1122,533570,507,511,1754034572915,2025-08-01 13:19:32.915384+05:30,11,7
1123,533671,508,506,1754034573016,2025-08-01 13:19:33.016104+05:30,11,7
1124,533772,513,509,1754034573117,2025-08-01 13:19:33.117561+05:30,11,7
1125,533873,518,510,1754034573217,2025-08-01 13:19:33.217860+05:30,11,7
1126,533974,526,520,1754034573318,2025-08-01 13:19:33.318801+05:30,11,7
1127,534074,528,513,1754034573419,2025-08-01 13:19:33.419540+05:30,11,7
1128,534175,531,510,1754034573520,2025-08-01 13:19:33.520778+05:30,11,7
1129,534276,535,513,1754034573621,2025-08-01 13:19:33.621346+05:30,11,7
1130,534377,533,509,1754034573722,2025-08-01 13:19:33.722301+05:30,11,7
1131,534477,535,510,1754034573823,2025-08-01 13:19:33.822983+05:30,11,7
1132,534579,531,507,1754034573923,2025-08-01 13:19:33.923741+05:30,11,7
1133,534679,537,519,1754034574024,2025-08-01 13:19:34.024565+05:30,11,7
1134,534780,530,518,1754034574125,2025-08-01 13:19:34.125519+05:30,11,7
1135,534881,519,510,1754034574226,2025-08-01 13:19:34.226419+05:30,11,7
1136,534982,516,510,1754034574327,2025-08-01 13:19:34.327028+05:30,11,7
1137,535083,508,508,1754034574427,2025-08-01 13:19:34.427849+05:30,11,7
1138,535184,502,502,1754034574528,2025-08-01 13:19:34.528738+05:30,11,7
1139,535284,503,506,1754034574629,2025-08-01 13:19:34.629573+05:30,11,7
1140,535386,505,512,1754034574730,2025-08-01 13:19:34.730449+05:30,11,7
1141,535486,504,509,1754034574831,2025-08-01 13:19:34.831290+05:30,11,7
1142,535587,512,523,1754034574932,2025-08-01 13:19:34.932240+05:30,11,7
1143,535688,508,511,1754034575033,2025-08-01 13:19:35.033219+05:30,11,7
1144,535789,509,508,1754034575133,2025-08-01 13:19:35.133812+05:30,11,7
1145,535889,514,510,1754034575234,2025-08-01 13:19:35.234628+05:30,11,7
1146,535990,516,508,1754034575335,2025-08-01 13:19:35.335397+05:30,11,7
1147,536091,522,510,1754034575436,2025-08-01 13:19:35.436357+05:30,11,7
1148,536192,528,509,1754034575537,2025-08-01 13:19:35.537411+05:30,11,7
1149,536293,534,510,1754034575638,2025-08-01 13:19:35.638048+05:30,11,7
1150,536393,535,509,1754034575739,2025-08-01 13:19:35.739030+05:30,11,7
1151,536495,540,519,1754034575839,2025-08-01 13:19:35.839958+05:30,11,7
1152,536595,533,507,1754034575940,2025-08-01 13:19:35.940644+05:30,11,7
1153,536696,533,510,1754034576041,2025-08-01 13:19:36.041445+05:30,11,7
1154,536797,531,512,1754034576142,2025-08-01 13:19:36.142257+05:30,11,7
1155,536898,526,510,1754034576243,2025-08-01 13:19:36.243254+05:30,11,7
1156,536998,520,511,1754034576344,2025-08-01 13:19:36.344226+05:30,11,7
1157,537100,514,508,1754034576444,2025-08-01 13:19:36.444901+05:30,11,7
1158,537200,511,511,1754034576545,2025-08-01 13:19:36.545880+05:30,11,7
1159,537302,511,518,1754034576646,2025-08-01 13:19:36.646482+05:30,11,7
1160,537402,509,517,1754034576747,2025-08-01 13:19:36.747203+05:30,11,7
1161,537503,505,509,1754034576848,2025-08-01 13:19:36.848057+05:30,11,7
1162,537604,506,511,1754034576948,2025-08-01 13:19:36.948959+05:30,11,7
1163,537705,507,512,1754034577049,2025-08-01 13:19:37.049796+05:30,11,7
1164,537805,507,509,1754034577150,2025-08-01 13:19:37.150704+05:30,11,7
1165,537906,509,507,1754034577251,2025-08-01 13:19:37.251374+05:30,11,7
1166,538007,517,510,1754034577352,2025-08-01 13:19:37.352231+05:30,11,7
1167,538107,520,515,1754034577453,2025-08-01 13:19:37.453066+05:30,11,7
1168,538209,527,517,1754034577553,2025-08-01 13:19:37.553931+05:30,11,7
1169,538309,530,510,1754034577654,2025-08-01 13:19:37.654817+05:30,11,7
1170,538411,532,506,1754034577755,2025-08-01 13:19:37.755621+05:30,11,7
1171,538511,536,508,1754034577856,2025-08-01 13:19:37.856493+05:30,11,7
1172,538612,537,509,1754034577957,2025-08-01 13:19:37.957336+05:30,11,7
1173,538713,537,510,1754034578058,2025-08-01 13:19:38.058165+05:30,11,7
1174,538814,536,509,1754034578159,2025-08-01 13:19:38.159003+05:30,11,7
1175,538914,533,510,1754034578260,2025-08-01 13:19:38.259999+05:30,11,7
1176,539016,529,518,1754034578360,2025-08-01 13:19:38.360614+05:30,11,7
1177,539116,520,514,1754034578461,2025-08-01 13:19:38.461930+05:30,11,7
1178,539217,515,510,1754034578562,2025-08-01 13:19:38.562544+05:30,11,7
1179,539318,508,511,1754034578663,2025-08-01 13:19:38.663212+05:30,11,7
1180,539419,506,508,1754034578764,2025-08-01 13:19:38.764114+05:30,11,7
1181,539520,503,508,1754034578865,2025-08-01 13:19:38.865098+05:30,11,7
1182,539621,503,510,1754034578965,2025-08-01 13:19:38.965933+05:30,11,7
1183,539721,504,509,1754034579066,2025-08-01 13:19:39.066609+05:30,11,7
1184,539822,503,509,1754034579167,2025-08-01 13:19:39.167333+05:30,11,7
1185,539923,509,519,1754034579268,2025-08-01 13:19:39.268381+05:30,11,7
1186,540023,508,510,1754034579369,2025-08-01 13:19:39.369059+05:30,11,7
1187,540125,513,509,1754034579469,2025-08-01 13:19:39.469844+05:30,11,7
1188,540225,516,510,1754034579570,2025-08-01 13:19:39.570778+05:30,11,7
1189,540326,520,510,1754034579671,2025-08-01 13:19:39.671641+05:30,11,7
1190,540427,526,510,1754034579772,2025-08-01 13:19:39.772291+05:30,11,7
1191,540528,531,513,1754034579873,2025-08-01 13:19:39.873318+05:30,11,7
1192,540628,536,516,1754034579973,2025-08-01 13:19:39.973956+05:30,11,7
1193,540730,536,518,1754034580074,2025-08-01 13:19:40.074929+05:30,11,7
1194,540830,532,513,1754034580175,2025-08-01 13:19:40.175710+05:30,11,7
1195,540932,532,512,1754034580276,2025-08-01 13:19:40.276802+05:30,11,7
1196,541032,530,512,1754034580377,2025-08-01 13:19:40.377638+05:30,11,7
1197,541133,523,509,1754034580478,2025-08-01 13:19:40.478634+05:30,11,7
1198,541234,516,511,1754034580579,2025-08-01 13:19:40.579281+05:30,11,7
1199,541335,512,509,1754034580680,2025-08-01 13:19:40.680207+05:30,11,7
1200,541435,508,511,1754034580780,2025-08-01 13:19:40.780929+05:30,11,7
1201,541537,509,519,1754034580881,2025-08-01 13:19:40.881808+05:30,11,7
1202,541637,505,514,1754034580982,2025-08-01 13:19:40.982441+05:30,11,7
1203,541737,503,509,1754034581083,2025-08-01 13:19:41.083340+05:30,11,7
1204,541839,504,512,1754034581184,2025-08-01 13:19:41.184264+05:30,11,7
1205,541939,504,510,1754034581284,2025-08-01 13:19:41.284934+05:30,11,7
1206,542041,505,509,1754034581385,2025-08-01 13:19:41.385766+05:30,11,7
1207,542141,507,510,1754034581486,2025-08-01 13:19:41.486526+05:30,11,7
1208,542242,513,509,1754034581587,2025-08-01 13:19:41.587509+05:30,11,7
1209,542343,521,517,1754034581688,2025-08-01 13:19:41.688325+05:30,11,7
1210,542444,522,514,1754034581789,2025-08-01 13:19:41.789054+05:30,11,7
1211,542544,528,511,1754034581890,2025-08-01 13:19:41.890039+05:30,11,7
1212,542646,531,512,1754034581990,2025-08-01 13:19:41.990713+05:30,11,7
1213,542746,532,510,1754034582091,2025-08-01 13:19:42.091598+05:30,11,7
1214,542848,531,509,1754034582192,2025-08-01 13:19:42.192587+05:30,11,7
1215,542948,531,509,1754034582293,2025-08-01 13:19:42.293316+05:30,11,7
1216,543049,527,505,1754034582394,2025-08-01 13:19:42.394194+05:30,11,7
1217,543150,532,521,1754034582495,2025-08-01 13:19:42.495083+05:30,11,7
1218,543251,525,516,1754034582595,2025-08-01 13:19:42.595710+05:30,11,7
1219,543351,516,508,1754034582696,2025-08-01 13:19:42.696583+05:30,11,7
1220,543453,513,509,1754034582797,2025-08-01 13:19:42.797394+05:30,11,7
1221,543553,505,508,1754034582898,2025-08-01 13:19:42.898284+05:30,11,7
1222,543653,504,509,1754034582999,2025-08-01 13:19:42.999122+05:30,11,7
1223,543755,502,510,1754034583099,2025-08-01 13:19:43.099968+05:30,11,7
1224,543855,501,510,1754034583200,2025-08-01 13:19:43.200827+05:30,11,7
1225,543956,503,511,1754034583301,2025-08-01 13:19:43.301605+05:30,11,7
1226,544057,508,518,1754034583402,2025-08-01 13:19:43.402441+05:30,11,7
1227,544158,505,511,1754034583503,2025-08-01 13:19:43.503368+05:30,11,7
1228,544259,508,509,1754034583604,2025-08-01 13:19:43.604073+05:30,11,7
1229,544360,513,509,1754034583705,2025-08-01 13:19:43.705010+05:30,11,7
1230,544460,516,509,1754034583805,2025-08-01 13:19:43.805849+05:30,11,7
1231,544562,521,511,1754034583906,2025-08-01 13:19:43.906628+05:30,11,7
1232,544662,526,510,1754034584007,2025-08-01 13:19:44.007373+05:30,11,7
1233,544763,531,511,1754034584108,2025-08-01 13:19:44.108291+05:30,11,7
1234,544864,537,519,1754034584209,2025-08-01 13:19:44.209416+05:30,11,7
1235,544965,534,511,1754034584310,2025-08-01 13:19:44.310032+05:30,11,7
1236,545065,533,509,1754034584410,2025-08-01 13:19:44.410861+05:30,11,7
1237,545167,530,511,1754034584511,2025-08-01 13:19:44.511775+05:30,11,7
1238,545267,528,509,1754034584612,2025-08-01 13:19:44.612489+05:30,11,7
1239,545368,522,510,1754034584713,2025-08-01 13:19:44.713278+05:30,11,7
1240,545469,516,511,1754034584814,2025-08-01 13:19:44.814114+05:30,11,7
1241,545569,513,512,1754034584915,2025-08-01 13:19:44.915016+05:30,11,7
1242,545671,511,519,1754034585016,2025-08-01 13:19:45.016055+05:30,11,7
1243,545771,504,509,1754034585116,2025-08-01 13:19:45.116728+05:30,11,7
1244,545872,503,509,1754034585217,2025-08-01 13:19:45.217548+05:30,11,7
1245,545973,502,511,1754034585318,2025-08-01 13:19:45.318427+05:30,11,7
1246,546074,504,511,1754034585419,2025-08-01 13:19:45.419437+05:30,11,7
1247,546174,504,511,1754034585520,2025-08-01 13:19:45.520527+05:30,11,7
1248,546276,507,515,1754034585621,2025-08-01 13:19:45.621034+05:30,11,7
1249,546376,513,520,1754034585721,2025-08-01 13:19:45.721823+05:30,11,7
1250,546478,515,512,1754034585823,2025-08-01 13:19:45.823113+05:30,11,7
1251,546578,517,510,1754034585923,2025-08-01 13:19:45.923355+05:30,11,7
1252,546679,521,509,1754034586024,2025-08-01 13:19:46.024379+05:30,11,7
1253,546780,527,507,1754034586125,2025-08-01 13:19:46.125109+05:30,11,7
1254,546881,532,510,1754034586226,2025-08-01 13:19:46.226201+05:30,11,7
1255,546981,533,513,1754034586326,2025-08-01 13:19:46.326806+05:30,11,7
1256,547083,538,518,1754034586427,2025-08-01 13:19:46.427668+05:30,11,7
1257,547183,536,511,1754034586528,2025-08-01 13:19:46.528401+05:30,11,7
1258,547283,532,507,1754034586629,2025-08-01 13:19:46.629335+05:30,11,7
1259,547385,529,512,1754034586730,2025-08-01 13:19:46.730057+05:30,11,7
1260,547485,522,510,1754034586830,2025-08-01 13:19:46.830904+05:30,11,7
1261,547587,515,509,1754034586931,2025-08-01 13:19:46.931813+05:30,11,7
1262,547687,511,510,1754034587032,2025-08-01 13:19:47.032655+05:30,11,7
1263,547788,509,516,1754034587133,2025-08-01 13:19:47.133443+05:30,11,7
1264,547889,508,517,1754034587234,2025-08-01 13:19:47.234291+05:30,11,7
1265,547990,505,512,1754034587335,2025-08-01 13:19:47.335102+05:30,11,7
1266,548090,504,509,1754034587436,2025-08-01 13:19:47.436135+05:30,11,7
1267,548192,505,508,1754034587537,2025-08-01 13:19:47.537112+05:30,11,7
1268,548292,506,511,1754034587637,2025-08-01 13:19:47.637944+05:30,11,7
1269,548393,507,509,1754034587738,2025-08-01 13:19:47.738858+05:30,11,7
1270,548494,511,512,1754034587839,2025-08-01 13:19:47.839495+05:30,11,7
1271,548595,514,509,1754034587940,2025-08-01 13:19:47.940121+05:30,11,7
1272,548696,523,520,1754034588040,2025-08-01 13:19:48.040930+05:30,11,7
1273,548797,523,509,1754034588141,2025-08-01 13:19:48.141784+05:30,11,7
1274,548897,526,506,1754034588243,2025-08-01 13:19:48.243039+05:30,11,7
1275,548999,532,512,1754034588343,2025-08-01 13:19:48.343491+05:30,11,7
1276,549099,533,511,1754034588444,2025-08-01 13:19:48.444409+05:30,11,7
1277,549199,533,510,1754034588545,2025-08-01 13:19:48.545160+05:30,11,7
1278,549301,532,509,1754034588646,2025-08-01 13:19:48.646120+05:30,11,7
1279,549401,530,512,1754034588746,2025-08-01 13:19:48.746813+05:30,11,7
1280,549502,528,514,1754034588847,2025-08-01 13:19:48.847704+05:30,11,7
1281,549603,519,512,1754034588948,2025-08-01 13:19:48.948572+05:30,11,7
1282,549704,513,504,1754034589049,2025-08-01 13:19:49.049301+05:30,11,7
1283,549805,511,509,1754034589150,2025-08-01 13:19:49.150242+05:30,11,7
1284,549906,506,508,1754034589251,2025-08-01 13:19:49.251353+05:30,11,7
1285,550006,506,511,1754034589351,2025-08-01 13:19:49.351873+05:30,11,7
1286,550108,506,511,1754034589452,2025-08-01 13:19:49.452781+05:30,11,7
1287,550208,504,509,1754034589553,2025-08-01 13:19:49.553655+05:30,11,7
1288,550309,511,520,1754034589654,2025-08-01 13:19:49.654365+05:30,11,7
1289,550410,510,515,1754034589755,2025-08-01 13:19:49.755288+05:30,11,7
1290,550511,509,511,1754034589856,2025-08-01 13:19:49.856027+05:30,11,7
1291,550611,512,511,1754034589956,2025-08-01 13:19:49.956866+05:30,11,7
1292,550713,515,510,1754034590058,2025-08-01 13:19:50.058021+05:30,11,7
1293,550813,517,507,1754034590158,2025-08-01 13:19:50.158591+05:30,11,7
1294,550915,525,512,1754034590259,2025-08-01 13:19:50.259578+05:30,11,7
1295,551015,529,507,1754034590360,2025-08-01 13:19:50.360214+05:30,11,7
1296,551115,531,506,1754034590461,2025-08-01 13:19:50.461271+05:30,11,7
1297,551217,536,517,1754034590561,2025-08-01 13:19:50.561849+05:30,11,7
1298,551317,536,511,1754034590663,2025-08-01 13:19:50.663211+05:30,11,7
1299,551418,533,509,1754034590763,2025-08-01 13:19:50.763777+05:30,11,7
1300,551519,531,511,1754034590864,2025-08-01 13:19:50.864621+05:30,11,7
1301,551620,527,509,1754034590965,2025-08-01 13:19:50.965517+05:30,11,7
1302,551720,518,510,1754034591066,2025-08-01 13:19:51.066368+05:30,11,7
1303,551822,516,511,1754034591167,2025-08-01 13:19:51.167082+05:30,11,7
1304,551922,509,509,1754034591268,2025-08-01 13:19:51.268097+05:30,11,7
1305,552024,509,517,1754034591368,2025-08-01 13:19:51.368772+05:30,11,7
1306,552124,506,514,1754034591469,2025-08-01 13:19:51.469671+05:30,11,7
1307,552225,506,512,1754034591570,2025-08-01 13:19:51.570569+05:30,11,7
1308,552326,504,509,1754034591671,2025-08-01 13:19:51.671289+05:30,11,7
1309,552427,505,511,1754034591772,2025-08-01 13:19:51.771997+05:30,11,7
1310,552527,506,508,1754034591872,2025-08-01 13:19:51.872899+05:30,11,7
1311,552629,508,509,1754034591973,2025-08-01 13:19:51.973824+05:30,11,7
1312,552729,512,507,1754034592074,2025-08-01 13:19:52.074811+05:30,11,7
1313,552830,519,516,1754034592175,2025-08-01 13:19:52.175384+05:30,11,7
1314,552931,523,516,1754034592276,2025-08-01 13:19:52.276226+05:30,11,7
1315,553031,529,514,1754034592377,2025-08-01 13:19:52.376983+05:30,11,7
1316,553133,528,512,1754034592477,2025-08-01 13:19:52.477819+05:30,11,7
1317,553233,531,512,1754034592578,2025-08-01 13:19:52.578635+05:30,11,7
1318,553334,532,511,1754034592679,2025-08-01 13:19:52.679455+05:30,11,7
1319,553435,530,511,1754034592780,2025-08-01 13:19:52.780334+05:30,11,7
1320,553536,530,512,1754034592881,2025-08-01 13:19:52.881094+05:30,11,7
1321,553636,525,507,1754034592982,2025-08-01 13:19:52.982047+05:30,11,7
1322,553738,526,518,1754034593082,2025-08-01 13:19:53.082843+05:30,11,7
1323,553838,517,512,1754034593183,2025-08-01 13:19:53.183822+05:30,11,7
1324,553939,514,511,1754034593284,2025-08-01 13:19:53.284484+05:30,11,7
1325,554040,510,512,1754034593385,2025-08-01 13:19:53.385384+05:30,11,7
1326,554141,507,509,1754034593486,2025-08-01 13:19:53.486221+05:30,11,7
1327,554242,507,511,1754034593586,2025-08-01 13:19:53.586972+05:30,11,7
1328,554343,507,512,1754034593687,2025-08-01 13:19:53.687947+05:30,11,7
1329,554443,506,509,1754034593788,2025-08-01 13:19:53.788862+05:30,11,7
1330,554545,512,521,1754034593889,2025-08-01 13:19:53.889525+05:30,11,7
1331,554645,509,513,1754034593990,2025-08-01 13:19:53.990290+05:30,11,7
1332,554746,510,512,1754034594091,2025-08-01 13:19:54.091204+05:30,11,7
1333,554847,515,510,1754034594192,2025-08-01 13:19:54.192162+05:30,11,7
1334,554947,517,511,1754034594292,2025-08-01 13:19:54.292872+05:30,11,7
1335,555048,521,507,1754034594393,2025-08-01 13:19:54.393879+05:30,11,7
1336,555149,527,511,1754034594494,2025-08-01 13:19:54.494948+05:30,11,7
1337,555250,528,506,1754034594595,2025-08-01 13:19:54.595623+05:30,11,7
1338,555351,532,513,1754034594696,2025-08-01 13:19:54.696464+05:30,11,7
1339,555452,536,517,1754034594797,2025-08-01 13:19:54.797193+05:30,11,7
1340,555552,532,512,1754034594897,2025-08-01 13:19:54.897955+05:30,11,7
1341,555654,528,509,1754034594999,2025-08-01 13:19:54.998977+05:30,11,7
1342,555754,526,508,1754034595099,2025-08-01 13:19:55.099590+05:30,11,7
1343,555855,520,508,1754034595200,2025-08-01 13:19:55.200423+05:30,11,7
1344,555956,515,506,1754034595301,2025-08-01 13:19:55.301345+05:30,11,7
1345,556057,514,511,1754034595402,2025-08-01 13:19:55.402044+05:30,11,7
1346,556157,507,509,1754034595502,2025-08-01 13:19:55.502921+05:30,11,7
1347,556259,509,516,1754034595603,2025-08-01 13:19:55.603743+05:30,11,7
1348,556359,513,522,1754034595704,2025-08-01 13:19:55.704514+05:30,11,7
1349,556461,509,511,1754034595805,2025-08-01 13:19:55.805379+05:30,11,7
1350,556561,508,510,1754034595906,2025-08-01 13:19:55.906229+05:30,11,7
1351,556662,510,511,1754034596007,2025-08-01 13:19:56.007031+05:30,11,7
1352,556763,511,511,1754034596108,2025-08-01 13:19:56.107990+05:30,11,7
1353,556863,513,512,1754034596208,2025-08-01 13:19:56.208766+05:30,11,7
1354,556964,516,510,1754034596309,2025-08-01 13:19:56.309597+05:30,11,7
1355,557065,519,510,1754034596410,2025-08-01 13:19:56.410346+05:30,11,7
1356,557166,527,514,1754034596511,2025-08-01 13:19:56.511669+05:30,11,7
1357,557266,530,516,1754034596612,2025-08-01 13:19:56.612314+05:30,11,7
1358,557368,530,510,1754034596713,2025-08-01 13:19:56.713135+05:30,11,7
1359,557468,530,510,1754034596813,2025-08-01 13:19:56.813800+05:30,11,7
1360,557570,533,512,1754034596914,2025-08-01 13:19:56.914689+05:30,11,7
1361,557670,530,510,1754034597015,2025-08-01 13:19:57.015674+05:30,11,7
1362,557771,528,509,1754034597116,2025-08-01 13:19:57.116828+05:30,11,7
1363,557872,525,512,1754034597217,2025-08-01 13:19:57.217664+05:30,11,7
1364,557973,520,513,1754034597318,2025-08-01 13:19:57.318145+05:30,11,7
1365,558073,520,520,1754034597418,2025-08-01 13:19:57.418974+05:30,11,7
1366,558175,511,512,1754034597519,2025-08-01 13:19:57.519885+05:30,11,7
1367,558275,508,509,1754034597620,2025-08-01 13:19:57.620465+05:30,11,7
1368,558376,506,510,1754034597721,2025-08-01 13:19:57.721371+05:30,11,7
1369,558477,506,510,1754034597822,2025-08-01 13:19:57.822158+05:30,11,7
1370,558578,504,505,1754034597923,2025-08-01 13:19:57.922984+05:30,11,7
1371,558679,507,511,1754034598023,2025-08-01 13:19:58.023848+05:30,11,7
1372,558779,507,508,1754034598124,2025-08-01 13:19:58.124677+05:30,11,7
1373,558880,509,507,1754034598225,2025-08-01 13:19:58.225487+05:30,11,7
1374,558981,520,522,1754034598326,2025-08-01 13:19:58.326358+05:30,11,7
1375,559082,519,510,1754034598427,2025-08-01 13:19:58.427175+05:30,11,7
1376,559182,520,509,1754034598528,2025-08-01 13:19:58.528072+05:30,11,7
1377,559284,527,509,1754034598628,2025-08-01 13:19:58.628929+05:30,11,7
1378,559384,531,509,1754034598730,2025-08-01 13:19:58.730025+05:30,11,7
1379,559485,533,509,1754034598830,2025-08-01 13:19:58.830597+05:30,11,7
1380,559586,534,509,1754034598931,2025-08-01 13:19:58.931446+05:30,11,7
1381,559687,532,509,1754034599032,2025-08-01 13:19:59.032261+05:30,11,7
1382,559788,531,509,1754034599133,2025-08-01 13:19:59.133215+05:30,11,7
1383,559889,532,518,1754034599233,2025-08-01 13:19:59.233942+05:30,11,7
1384,559989,525,516,1754034599334,2025-08-01 13:19:59.334837+05:30,11,7
1385,560091,517,509,1754034599435,2025-08-01 13:19:59.435503+05:30,11,7
1386,560191,513,507,1754034599536,2025-08-01 13:19:59.536439+05:30,11,7
1387,560292,510,512,1754034599637,2025-08-01 13:19:59.637203+05:30,11,7
1388,560393,506,509,1754034599738,2025-08-01 13:19:59.738046+05:30,11,7
1389,560494,506,511,1754034599838,2025-08-01 13:19:59.838930+05:30,11,7
1390,560594,505,508,1754034599939,2025-08-01 13:19:59.939787+05:30,11,7
1391,560695,506,511,1754034600040,2025-08-01 13:20:00.040595+05:30,11,7
1392,560796,511,521,1754034600141,2025-08-01 13:20:00.141418+05:30,11,7
1393,560897,509,510,1754034600242,2025-08-01 13:20:00.242261+05:30,11,7
1394,560998,512,510,1754034600343,2025-08-01 13:20:00.343181+05:30,11,7
1395,561098,519,513,1754034600443,2025-08-01 13:20:00.443948+05:30,11,7
1396,561200,520,512,1754034600544,2025-08-01 13:20:00.544940+05:30,11,7
1397,561300,525,510,1754034600645,2025-08-01 13:20:00.645652+05:30,11,7
1398,561401,529,509,1754034600746,2025-08-01 13:20:00.746502+05:30,11,7
1399,561502,531,506,1754034600847,2025-08-01 13:20:00.847250+05:30,11,7
1400,561603,538,519,1754034600948,2025-08-01 13:20:00.948241+05:30,11,7
1401,561703,536,516,1754034601049,2025-08-01 13:20:01.049007+05:30,11,7
1402,561805,532,513,1754034601149,2025-08-01 13:20:01.149870+05:30,11,7
1403,561905,528,506,1754034601250,2025-08-01 13:20:01.250673+05:30,11,7
1404,562007,525,509,1754034601351,2025-08-01 13:20:01.351461+05:30,11,7
1405,562107,519,509,1754034601452,2025-08-01 13:20:01.452320+05:30,11,7
1406,562208,517,511,1754034601553,2025-08-01 13:20:01.553395+05:30,11,7
1407,562309,509,510,1754034601654,2025-08-01 13:20:01.654314+05:30,11,7
1408,562410,508,511,1754034601755,2025-08-01 13:20:01.755214+05:30,11,7
1409,562510,511,522,1754034601856,2025-08-01 13:20:01.856035+05:30,11,7
1410,562611,506,510,1754034601956,2025-08-01 13:20:01.956799+05:30,11,7
1411,562712,504,508,1754034602057,2025-08-01 13:20:02.057497+05:30,11,7
1412,562812,505,508,1754034602158,2025-08-01 13:20:02.158224+05:30,11,7
1413,562914,508,512,1754034602259,2025-08-01 13:20:02.259232+05:30,11,7
1414,563014,510,511,1754034602359,2025-08-01 13:20:02.359886+05:30,11,7
1415,563116,518,510,1754034602460,2025-08-01 13:20:02.460642+05:30,11,7
1416,563216,519,511,1754034602561,2025-08-01 13:20:02.561515+05:30,11,7
1417,563317,528,520,1754034602662,2025-08-01 13:20:02.662601+05:30,11,7
1418,563418,530,513,1754034602763,2025-08-01 13:20:02.763611+05:30,11,7
1419,563519,533,509,1754034602864,2025-08-01 13:20:02.864459+05:30,11,7
1420,563619,536,511,1754034602965,2025-08-01 13:20:02.965111+05:30,11,7
1421,563721,533,507,1754034603065,2025-08-01 13:20:03.065823+05:30,11,7
1422,563821,536,510,1754034603166,2025-08-01 13:20:03.166546+05:30,11,7
1423,563922,533,508,1754034603267,2025-08-01 13:20:03.267453+05:30,11,7
1424,564023,527,505,1754034603368,2025-08-01 13:20:03.368283+05:30,11,7
1425,564124,527,518,1754034603469,2025-08-01 13:20:03.469044+05:30,11,7
1426,564225,520,513,1754034603570,2025-08-01 13:20:03.570091+05:30,11,7
1427,564326,512,508,1754034603671,2025-08-01 13:20:03.671072+05:30,11,7
1428,564426,507,509,1754034603771,2025-08-01 13:20:03.771906+05:30,11,7
1429,564528,504,506,1754034603872,2025-08-01 13:20:03.872537+05:30,11,7
1430,564628,504,508,1754034603973,2025-08-01 13:20:03.973504+05:30,11,7
1431,564728,505,509,1754034604074,2025-08-01 13:20:04.074265+05:30,11,7
1432,564830,505,510,1754034604174,2025-08-01 13:20:04.174954+05:30,11,7
1433,564930,505,509,1754034604275,2025-08-01 13:20:04.275765+05:30,11,7
1434,565031,513,520,1754034604376,2025-08-01 13:20:04.376587+05:30,11,7
1435,565132,515,515,1754034604477,2025-08-01 13:20:04.477873+05:30,11,7
1436,565233,517,509,1754034604578,2025-08-01 13:20:04.578248+05:30,11,7
1437,565334,521,510,1754034604679,2025-08-01 13:20:04.679098+05:30,11,7
1438,565435,529,511,1754034604780,2025-08-01 13:20:04.779991+05:30,11,7
1439,565535,532,511,1754034604880,2025-08-01 13:20:04.880785+05:30,11,7
1440,565637,537,512,1754034604981,2025-08-01 13:20:04.981602+05:30,11,7
1441,565737,539,513,1754034605082,2025-08-01 13:20:05.082430+05:30,11,7
1442,565838,541,518,1754034605183,2025-08-01 13:20:05.183281+05:30,11,7
1443,565939,536,511,1754034605284,2025-08-01 13:20:05.284119+05:30,11,7
1444,566040,532,505,1754034605385,2025-08-01 13:20:05.385117+05:30,11,7
1445,566140,528,508,1754034605485,2025-08-01 13:20:05.485971+05:30,11,7
1446,566242,520,510,1754034605586,2025-08-01 13:20:05.586619+05:30,11,7
1447,566342,516,508,1754034605687,2025-08-01 13:20:05.687580+05:30,11,7
1448,566444,508,507,1754034605788,2025-08-01 13:20:05.788526+05:30,11,7
1449,566544,504,506,1754034605889,2025-08-01 13:20:05.889206+05:30,11,7
1450,566644,509,521,1754034605989,2025-08-01 13:20:05.989968+05:30,11,7
1451,566746,508,521,1754034606090,2025-08-01 13:20:06.090783+05:30,11,7
1452,566846,505,509,1754034606191,2025-08-01 13:20:06.191769+05:30,11,7
1453,566947,508,513,1754034606292,2025-08-01 13:20:06.292519+05:30,11,7
1454,567048,507,511,1754034606393,2025-08-01 13:20:06.393608+05:30,11,7
1455,567149,510,510,1754034606494,2025-08-01 13:20:06.494267+05:30,11,7
1456,567249,515,509,1754034606595,2025-08-01 13:20:06.595063+05:30,11,7
1457,567351,518,510,1754034606696,2025-08-01 13:20:06.696034+05:30,11,7
1458,567451,524,509,1754034606796,2025-08-01 13:20:06.796687+05:30,11,7
1459,567553,532,514,1754034606897,2025-08-01 13:20:06.897588+05:30,11,7
1460,567653,539,521,1754034606998,2025-08-01 13:20:06.998582+05:30,11,7
1461,567754,537,511,1754034607099,2025-08-01 13:20:07.099471+05:30,11,7
1462,567855,536,508,1754034607200,2025-08-01 13:20:07.200228+05:30,11,7
1463,567956,536,510,1754034607301,2025-08-01 13:20:07.301080+05:30,11,7
1464,568056,533,505,1754034607402,2025-08-01 13:20:07.402208+05:30,11,7
1465,568158,531,509,1754034607502,2025-08-01 13:20:07.502778+05:30,11,7
1466,568258,524,508,1754034607603,2025-08-01 13:20:07.603394+05:30,11,7
1467,568359,521,514,1754034607704,2025-08-01 13:20:07.704298+05:30,11,7
1468,568460,519,520,1754034607805,2025-08-01 13:20:07.805049+05:30,11,7
1469,568560,510,513,1754034607905,2025-08-01 13:20:07.905921+05:30,11,7
1470,568662,506,508,1754034608006,2025-08-01 13:20:08.006731+05:30,11,7
1471,568762,505,510,1754034608107,2025-08-01 13:20:08.107567+05:30,11,7
1472,568863,505,508,1754034608208,2025-08-01 13:20:08.208366+05:30,11,7
1473,568964,508,512,1754034608309,2025-08-01 13:20:08.309321+05:30,11,7
1474,569065,508,513,1754034608410,2025-08-01 13:20:08.410062+05:30,11,7
1475,569165,507,506,1754034608510,2025-08-01 13:20:08.510842+05:30,11,7
1476,569267,514,514,1754034608611,2025-08-01 13:20:08.611708+05:30,11,7
1477,569367,522,520,1754034608712,2025-08-01 13:20:08.712609+05:30,11,7
1478,569468,522,515,1754034608813,2025-08-01 13:20:08.813422+05:30,11,7
1479,569569,526,506,1754034608914,2025-08-01 13:20:08.914493+05:30,11,7
1480,569670,531,509,1754034609015,2025-08-01 13:20:09.015295+05:30,11,7
1481,569771,535,506,1754034609116,2025-08-01 13:20:09.116068+05:30,11,7
1482,569872,538,506,1754034609217,2025-08-01 13:20:09.217033+05:30,11,7
1483,569972,539,507,1754034609317,2025-08-01 13:20:09.317738+05:30,11,7
1484,570074,537,506,1754034609418,2025-08-01 13:20:09.418681+05:30,11,7
1485,570174,536,508,1754034609519,2025-08-01 13:20:09.519251+05:30,11,7
1486,570275,537,521,1754034609620,2025-08-01 13:20:09.620108+05:30,11,7
1487,570376,527,511,1754034609721,2025-08-01 13:20:09.721021+05:30,11,7
1488,570476,521,507,1754034609821,2025-08-01 13:20:09.821803+05:30,11,7
1489,570577,517,509,1754034609922,2025-08-01 13:20:09.922692+05:30,11,7
1490,570678,512,507,1754034610023,2025-08-01 13:20:10.023460+05:30,11,7
1491,570779,510,506,1754034610124,2025-08-01 13:20:10.124343+05:30,11,7
1492,570880,511,508,1754034610225,2025-08-01 13:20:10.225161+05:30,11,7
1493,570981,512,511,1754034610325,2025-08-01 13:20:10.325956+05:30,11,7
1494,571081,519,526,1754034610426,2025-08-01 13:20:10.426877+05:30,11,7
1495,571183,515,513,1754034610527,2025-08-01 13:20:10.527709+05:30,11,7
1496,571283,516,513,1754034610628,2025-08-01 13:20:10.628505+05:30,11,7
1497,571384,521,514,1754034610729,2025-08-01 13:20:10.729382+05:30,11,7
1498,571485,523,511,1754034610830,2025-08-01 13:20:10.830168+05:30,11,7
1499,571586,527,512,1754034610931,2025-08-01 13:20:10.931079+05:30,11,7
1500,571686,533,512,1754034611031,2025-08-01 13:20:11.031864+05:30,11,7
1501,571788,543,526,1754034611132,2025-08-01 13:20:11.132806+05:30,11,7
1502,571888,542,519,1754034611233,2025-08-01 13:20:11.233611+05:30,11,7
1503,571990,538,510,1754034611334,2025-08-01 13:20:11.334439+05:30,11,7
1504,572090,539,512,1754034611435,2025-08-01 13:20:11.435322+05:30,11,7
1505,572191,538,515,1754034611536,2025-08-01 13:20:11.536096+05:30,11,7
1506,572292,533,512,1754034611636,2025-08-01 13:20:11.636894+05:30,11,7
1507,572392,528,511,1754034611737,2025-08-01 13:20:11.737809+05:30,11,7
1508,572493,526,522,1754034611838,2025-08-01 13:20:11.838502+05:30,11,7
1509,572594,520,517,1754034611939,2025-08-01 13:20:11.939446+05:30,11,7
1510,572695,511,509,1754034612040,2025-08-01 13:20:12.040169+05:30,11,7
1511,572795,507,510,1754034612141,2025-08-01 13:20:12.141036+05:30,11,7
1512,572897,506,511,1754034612241,2025-08-01 13:20:12.241919+05:30,11,7
1513,572997,505,508,1754034612342,2025-08-01 13:20:12.342685+05:30,11,7
1514,573099,505,508,1754034612443,2025-08-01 13:20:12.443571+05:30,11,7
1515,573199,505,501,1754034612544,2025-08-01 13:20:12.544447+05:30,11,7
1516,573300,507,510,1754034612645,2025-08-01 13:20:12.645283+05:30,11,7
1517,573401,516,520,1754034612746,2025-08-01 13:20:12.746093+05:30,11,7
1518,573502,519,515,1754034612847,2025-08-01 13:20:12.847004+05:30,11,7
1519,573602,519,509,1754034612947,2025-08-01 13:20:12.947824+05:30,11,7
1520,573704,524,511,1754034613048,2025-08-01 13:20:13.048493+05:30,11,7
1521,573804,530,507,1754034613149,2025-08-01 13:20:13.149512+05:30,11,7
1522,573905,532,508,1754034613250,2025-08-01 13:20:13.250319+05:30,11,7
1523,574006,535,508,1754034613351,2025-08-01 13:20:13.351166+05:30,11,7
1524,574107,537,511,1754034613451,2025-08-01 13:20:13.451964+05:30,11,7
1525,574208,536,510,1754034613552,2025-08-01 13:20:13.552845+05:30,11,7
1526,574308,536,515,1754034613653,2025-08-01 13:20:13.653575+05:30,11,7
1527,574409,531,509,1754034613754,2025-08-01 13:20:13.754390+05:30,11,7
1528,574510,524,509,1754034613855,2025-08-01 13:20:13.855350+05:30,11,7
1529,574611,518,508,1754034613956,2025-08-01 13:20:13.956127+05:30,11,7
1530,574711,515,509,1754034614057,2025-08-01 13:20:14.057006+05:30,11,7
1531,574813,508,507,1754034614158,2025-08-01 13:20:14.158101+05:30,11,7
1532,574913,505,507,1754034614259,2025-08-01 13:20:14.259209+05:30,11,7
1533,575014,504,508,1754034614360,2025-08-01 13:20:14.360053+05:30,11,7
1534,575115,503,506,1754034614460,2025-08-01 13:20:14.460356+05:30,11,7
1535,575216,507,513,1754034614561,2025-08-01 13:20:14.561143+05:30,11,7
1536,575316,506,509,1754034614662,2025-08-01 13:20:14.662058+05:30,11,7
1537,575418,509,511,1754034614762,2025-08-01 13:20:14.762900+05:30,11,7
1538,575518,512,508,1754034614864,2025-08-01 13:20:14.864090+05:30,11,7
1539,575620,517,507,1754034614964,2025-08-01 13:20:14.964921+05:30,11,7
1540,575720,520,508,1754034615065,2025-08-01 13:20:15.065334+05:30,11,7
1541,575821,525,510,1754034615166,2025-08-01 13:20:15.166309+05:30,11,7
1542,575922,531,510,1754034615267,2025-08-01 13:20:15.267160+05:30,11,7
1543,576023,535,512,1754034615367,2025-08-01 13:20:15.367839+05:30,11,7
1544,576123,537,512,1754034615468,2025-08-01 13:20:15.468732+05:30,11,7
1545,576224,539,515,1754034615569,2025-08-01 13:20:15.569494+05:30,11,7
1546,576325,536,511,1754034615670,2025-08-01 13:20:15.670413+05:30,11,7
1547,576425,534,509,1754034615771,2025-08-01 13:20:15.771700+05:30,11,7
1548,576527,530,507,1754034615872,2025-08-01 13:20:15.872085+05:30,11,7
1549,576627,522,504,1754034615973,2025-08-01 13:20:15.973240+05:30,11,7
1550,576729,520,511,1754034616074,2025-08-01 13:20:16.074031+05:30,11,7
1551,576829,513,509,1754034616174,2025-08-01 13:20:16.174675+05:30,11,7
1552,576930,508,510,1754034616275,2025-08-01 13:20:16.275614+05:30,11,7
1553,577031,508,512,1754034616376,2025-08-01 13:20:16.376270+05:30,11,7
1554,577132,508,514,1754034616477,2025-08-01 13:20:16.477144+05:30,11,7
1555,577232,506,510,1754034616578,2025-08-01 13:20:16.578062+05:30,11,7
1556,577334,507,512,1754034616678,2025-08-01 13:20:16.678739+05:30,11,7
1557,577434,507,506,1754034616779,2025-08-01 13:20:16.779561+05:30,11,7
1558,577536,509,509,1754034616880,2025-08-01 13:20:16.880442+05:30,11,7
1559,577636,512,508,1754034616981,2025-08-01 13:20:16.981475+05:30,11,7
1560,577737,516,508,1754034617082,2025-08-01 13:20:17.082328+05:30,11,7
1561,577838,521,511,1754034617183,2025-08-01 13:20:17.183222+05:30,11,7
1562,577938,527,511,1754034617284,2025-08-01 13:20:17.283980+05:30,11,7
1563,578039,531,509,1754034617384,2025-08-01 13:20:17.384712+05:30,11,7
1564,578140,534,508,1754034617485,2025-08-01 13:20:17.485656+05:30,11,7
1565,578241,536,510,1754034617586,2025-08-01 13:20:17.586441+05:30,11,7
1566,578341,536,510,1754034617687,2025-08-01 13:20:17.687235+05:30,11,7
1567,578443,534,510,1754034617788,2025-08-01 13:20:17.788149+05:30,11,7
1568,578543,533,512,1754034617888,2025-08-01 13:20:17.888928+05:30,11,7
1569,578644,529,513,1754034617989,2025-08-01 13:20:17.989727+05:30,11,7
1570,578745,523,513,1754034618090,2025-08-01 13:20:18.090829+05:30,11,7
1571,578846,520,516,1754034618191,2025-08-01 13:20:18.191208+05:30,11,7
1572,578947,513,511,1754034618292,2025-08-01 13:20:18.292128+05:30,11,7
1573,579048,509,513,1754034618392,2025-08-01 13:20:18.392928+05:30,11,7
1574,579148,506,510,1754034618493,2025-08-01 13:20:18.493783+05:30,11,7
1575,579250,505,511,1754034618594,2025-08-01 13:20:18.594755+05:30,11,7
1576,579350,506,510,1754034618695,2025-08-01 13:20:18.695374+05:30,11,7
1577,579451,506,507,1754034618796,2025-08-01 13:20:18.796263+05:30,11,7
1578,579552,508,510,1754034618897,2025-08-01 13:20:18.897048+05:30,11,7
1579,579653,511,512,1754034618997,2025-08-01 13:20:18.997928+05:30,11,7
1580,579753,517,515,1754034619098,2025-08-01 13:20:19.098711+05:30,11,7
1581,579854,519,512,1754034619199,2025-08-01 13:20:19.199585+05:30,11,7
1582,579955,522,512,1754034619300,2025-08-01 13:20:19.300427+05:30,11,7
1583,580056,528,509,1754034619401,2025-08-01 13:20:19.401336+05:30,11,7
1584,580157,531,509,1754034619502,2025-08-01 13:20:19.502233+05:30,11,7
1585,580257,535,510,1754034619602,2025-08-01 13:20:19.602961+05:30,11,7
1586,580359,535,508,1754034619703,2025-08-01 13:20:19.703806+05:30,11,7
1587,580459,534,509,1754034619804,2025-08-01 13:20:19.804628+05:30,11,7
1588,580560,535,511,1754034619905,2025-08-01 13:20:19.905424+05:30,11,7
1589,580661,534,514,1754034620006,2025-08-01 13:20:20.006299+05:30,11,7
1590,580762,527,512,1754034620107,2025-08-01 13:20:20.107345+05:30,11,7
1591,580862,522,513,1754034620207,2025-08-01 13:20:20.207920+05:30,11,7
1592,580964,517,513,1754034620308,2025-08-01 13:20:20.308893+05:30,11,7
1593,581064,511,511,1754034620409,2025-08-01 13:20:20.409638+05:30,11,7
1594,581166,509,512,1754034620510,2025-08-01 13:20:20.510423+05:30,11,7
1595,581266,506,508,1754034620611,2025-08-01 13:20:20.611313+05:30,11,7
1596,581367,506,508,1754034620712,2025-08-01 13:20:20.712191+05:30,11,7
1597,581468,509,515,1754034620813,2025-08-01 13:20:20.812988+05:30,11,7
1598,581569,507,510,1754034620914,2025-08-01 13:20:20.913987+05:30,11,7
1599,581669,508,509,1754034621014,2025-08-01 13:20:21.014774+05:30,11,7
1600,581770,511,510,1754034621115,2025-08-01 13:20:21.115427+05:30,11,7
1601,581871,518,514,1754034621216,2025-08-01 13:20:21.216395+05:30,11,7
1602,581971,519,510,1754034621317,2025-08-01 13:20:21.317193+05:30,11,7
1603,582073,523,510,1754034621418,2025-08-01 13:20:21.418017+05:30,11,7
1604,582173,530,513,1754034621519,2025-08-01 13:20:21.519030+05:30,11,7
1605,582275,532,509,1754034621619,2025-08-01 13:20:21.619686+05:30,11,7
1606,582375,538,517,1754034621720,2025-08-01 13:20:21.720613+05:30,11,7
1607,582476,539,519,1754034621821,2025-08-01 13:20:21.821502+05:30,11,7
1608,582577,536,512,1754034621922,2025-08-01 13:20:21.922195+05:30,11,7
1609,582678,535,514,1754034622023,2025-08-01 13:20:22.023180+05:30,11,7
1610,582778,531,512,1754034622123,2025-08-01 13:20:22.123884+05:30,11,7
1611,582880,526,511,1754034622224,2025-08-01 13:20:22.224770+05:30,11,7
1612,582980,520,511,1754034622325,2025-08-01 13:20:22.325613+05:30,11,7
1613,583081,516,509,1754034622426,2025-08-01 13:20:22.426366+05:30,11,7
1614,583182,508,505,1754034622527,2025-08-01 13:20:22.527359+05:30,11,7
1615,583283,512,520,1754034622628,2025-08-01 13:20:22.628120+05:30,11,7
1616,583384,508,513,1754034622729,2025-08-01 13:20:22.729043+05:30,11,7
1617,583485,507,510,1754034622829,2025-08-01 13:20:22.829727+05:30,11,7
1618,583585,508,513,1754034622930,2025-08-01 13:20:22.930938+05:30,11,7
1619,583686,508,513,1754034623031,2025-08-01 13:20:23.031553+05:30,11,7
1620,583787,511,511,1754034623132,2025-08-01 13:20:23.132439+05:30,11,7
1621,583887,513,511,1754034623233,2025-08-01 13:20:23.233341+05:30,11,7
1622,583989,517,512,1754034623334,2025-08-01 13:20:23.334166+05:30,11,7
1623,584089,519,510,1754034623434,2025-08-01 13:20:23.434903+05:30,11,7
1624,584190,528,519,1754034623535,2025-08-01 13:20:23.535616+05:30,11,7
1625,584291,532,515,1754034623636,2025-08-01 13:20:23.636461+05:30,11,7
1626,584392,531,509,1754034623737,2025-08-01 13:20:23.737373+05:30,11,7
1627,584493,536,513,1754034623838,2025-08-01 13:20:23.838128+05:30,11,7
1628,584594,535,511,1754034623938,2025-08-01 13:20:23.938944+05:30,11,7
1629,584694,534,510,1754034624039,2025-08-01 13:20:24.039780+05:30,11,7
1630,584796,533,508,1754034624140,2025-08-01 13:20:24.140669+05:30,11,7
1631,584896,530,508,1754034624241,2025-08-01 13:20:24.241441+05:30,11,7
1632,584997,525,509,1754034624342,2025-08-01 13:20:24.342252+05:30,11,7
1633,585098,524,520,1754034624443,2025-08-01 13:20:24.443160+05:30,11,7
1634,585199,519,515,1754034624544,2025-08-01 13:20:24.544019+05:30,11,7
1635,585299,511,511,1754034624644,2025-08-01 13:20:24.644855+05:30,11,7
1636,585401,510,513,1754034624745,2025-08-01 13:20:24.745705+05:30,11,7
1637,585501,507,510,1754034624846,2025-08-01 13:20:24.846571+05:30,11,7
1638,585602,507,510,1754034624947,2025-08-01 13:20:24.947665+05:30,11,7
1639,585703,506,509,1754034625048,2025-08-01 13:20:25.048289+05:30,11,7
1640,585803,508,511,1754034625149,2025-08-01 13:20:25.149083+05:30,11,7
1641,585905,508,507,1754034625249,2025-08-01 13:20:25.249910+05:30,11,7
1642,586005,517,519,1754034625350,2025-08-01 13:20:25.350856+05:30,11,7
1643,586106,518,510,1754034625451,2025-08-01 13:20:25.451649+05:30,11,7
1644,586207,519,509,1754034625552,2025-08-01 13:20:25.552418+05:30,11,7
1645,586308,524,509,1754034625653,2025-08-01 13:20:25.653283+05:30,11,7
1646,586408,531,514,1754034625754,2025-08-01 13:20:25.754136+05:30,11,7
1647,586510,533,511,1754034625854,2025-08-01 13:20:25.854952+05:30,11,7
1648,586610,535,510,1754034625955,2025-08-01 13:20:25.955660+05:30,11,7
1649,586712,536,514,1754034626056,2025-08-01 13:20:26.056429+05:30,11,7
1650,586812,540,523,1754034626157,2025-08-01 13:20:26.157261+05:30,11,7
1651,586913,534,513,1754034626258,2025-08-01 13:20:26.258264+05:30,11,7
1652,587014,530,510,1754034626359,2025-08-01 13:20:26.359061+05:30,11,7
1653,587115,524,508,1754034626459,2025-08-01 13:20:26.459921+05:30,11,7
1654,587215,519,508,1754034626560,2025-08-01 13:20:26.560799+05:30,11,7
1655,587317,516,506,1754034626661,2025-08-01 13:20:26.661484+05:30,11,7
1656,587417,510,506,1754034626762,2025-08-01 13:20:26.762414+05:30,11,7
1657,587517,510,513,1754034626863,2025-08-01 13:20:26.863165+05:30,11,7
1658,587619,509,515,1754034626964,2025-08-01 13:20:26.964193+05:30,11,7
1659,587719,510,518,1754034627064,2025-08-01 13:20:27.064968+05:30,11,7
1660,587821,507,510,1754034627166,2025-08-01 13:20:27.166114+05:30,11,7
1661,587921,509,511,1754034627266,2025-08-01 13:20:27.266656+05:30,11,7
1662,588022,510,511,1754034627367,2025-08-01 13:20:27.367509+05:30,11,7
1663,588123,512,510,1754034627468,2025-08-01 13:20:27.468500+05:30,11,7
1664,588224,516,508,1754034627569,2025-08-01 13:20:27.569332+05:30,11,7
1665,588324,520,513,1754034627670,2025-08-01 13:20:27.670489+05:30,11,7
1666,588426,523,510,1754034627770,2025-08-01 13:20:27.770745+05:30,11,7
1667,588526,532,519,1754034627871,2025-08-01 13:20:27.871558+05:30,11,7
1668,588627,533,512,1754034627972,2025-08-01 13:20:27.972449+05:30,11,7
1669,588728,535,510,1754034628073,2025-08-01 13:20:28.073374+05:30,11,7
1670,588829,535,509,1754034628174,2025-08-01 13:20:28.174409+05:30,11,7
1671,588930,534,509,1754034628275,2025-08-01 13:20:28.275213+05:30,11,7
1672,589031,533,510,1754034628376,2025-08-01 13:20:28.376146+05:30,11,7
1673,589131,530,510,1754034628476,2025-08-01 13:20:28.476968+05:30,11,7
1674,589233,526,512,1754034628577,2025-08-01 13:20:28.577772+05:30,11,7
1675,589333,524,520,1754034628678,2025-08-01 13:20:28.678543+05:30,11,7
1676,589433,517,510,1754034628779,2025-08-01 13:20:28.779334+05:30,11,7
1677,589535,511,507,1754034628879,2025-08-01 13:20:28.879925+05:30,11,7
1678,589635,509,511,1754034628980,2025-08-01 13:20:28.980845+05:30,11,7
1679,589736,509,509,1754034629081,2025-08-01 13:20:29.081655+05:30,11,7
1680,589837,508,511,1754034629182,2025-08-01 13:20:29.182546+05:30,11,7
1681,589938,508,508,1754034629283,2025-08-01 13:20:29.283337+05:30,11,7
1682,590039,509,509,1754034629384,2025-08-01 13:20:29.384276+05:30,11,7
1683,590140,511,513,1754034629485,2025-08-01 13:20:29.485056+05:30,11,7
1684,590240,517,521,1754034629585,2025-08-01 13:20:29.585903+05:30,11,7
1685,590342,518,511,1754034629686,2025-08-01 13:20:29.686807+05:30,11,7
1686,590442,518,507,1754034629787,2025-08-01 13:20:29.787455+05:30,11,7
1687,590543,524,512,1754034629888,2025-08-01 13:20:29.888630+05:30,11,7
1688,590644,530,509,1754034629989,2025-08-01 13:20:29.989359+05:30,11,7
1689,590745,531,507,1754034630090,2025-08-01 13:20:30.090201+05:30,11,7
1690,590845,535,510,1754034630191,2025-08-01 13:20:30.191030+05:30,11,7
1691,590947,536,513,1754034630291,2025-08-01 13:20:30.291638+05:30,11,7
1692,591047,535,512,1754034630392,2025-08-01 13:20:30.392830+05:30,11,7
1693,591149,538,520,1754034630493,2025-08-01 13:20:30.493346+05:30,11,7
1694,591249,532,511,1754034630594,2025-08-01 13:20:30.594211+05:30,11,7
1695,591349,526,512,1754034630695,2025-08-01 13:20:30.695011+05:30,11,7
1696,591451,521,511,1754034630795,2025-08-01 13:20:30.795861+05:30,11,7
1697,591551,517,512,1754034630896,2025-08-01 13:20:30.896833+05:30,11,7
1698,591652,511,509,1754034630997,2025-08-01 13:20:30.997879+05:30,11,7
1699,591753,510,510,1754034631098,2025-08-01 13:20:31.098508+05:30,11,7
1700,591854,508,510,1754034631199,2025-08-01 13:20:31.199309+05:30,11,7
1701,591954,509,512,1754034631300,2025-08-01 13:20:31.300212+05:30,11,7
1702,592056,512,517,1754034631400,2025-08-01 13:20:31.400931+05:30,11,7
1703,592156,510,511,1754034631501,2025-08-01 13:20:31.501691+05:30,11,7
1704,592258,510,508,1754034631602,2025-08-01 13:20:31.602589+05:30,11,7
1705,592358,514,510,1754034631703,2025-08-01 13:20:31.703733+05:30,11,7
1706,592459,518,511,1754034631804,2025-08-01 13:20:31.804439+05:30,11,7
1707,592560,520,510,1754034631905,2025-08-01 13:20:31.905367+05:30,11,7
1708,592661,526,512,1754034632006,2025-08-01 13:20:32.006095+05:30,11,7
1709,592761,530,512,1754034632107,2025-08-01 13:20:32.107142+05:30,11,7
1710,592863,537,520,1754034632207,2025-08-01 13:20:32.207725+05:30,11,7
1711,592963,538,516,1754034632308,2025-08-01 13:20:32.308544+05:30,11,7
1712,593064,536,513,1754034632409,2025-08-01 13:20:32.409522+05:30,11,7
1713,593165,535,511,1754034632510,2025-08-01 13:20:32.510393+05:30,11,7
1714,593265,531,509,1754034632611,2025-08-01 13:20:32.611254+05:30,11,7
1715,593367,529,511,1754034632712,2025-08-01 13:20:32.712059+05:30,11,7
1716,593467,523,508,1754034632812,2025-08-01 13:20:32.812841+05:30,11,7
1717,593568,520,511,1754034632913,2025-08-01 13:20:32.913743+05:30,11,7
1718,593669,515,507,1754034633014,2025-08-01 13:20:33.014659+05:30,11,7
1719,593770,512,511,1754034633115,2025-08-01 13:20:33.115457+05:30,11,7
1720,593870,513,517,1754034633216,2025-08-01 13:20:33.216276+05:30,11,7
1721,593972,510,513,1754034633317,2025-08-01 13:20:33.317025+05:30,11,7
1722,594072,508,509,1754034633417,2025-08-01 13:20:33.417964+05:30,11,7
1723,594173,507,511,1754034633518,2025-08-01 13:20:33.518467+05:30,11,7
1724,594274,510,510,1754034633619,2025-08-01 13:20:33.619298+05:30,11,7
1725,594375,510,510,1754034633720,2025-08-01 13:20:33.720206+05:30,11,7
1726,594476,513,510,1754034633821,2025-08-01 13:20:33.821165+05:30,11,7
1727,594577,518,510,1754034633922,2025-08-01 13:20:33.922014+05:30,11,7
1728,594677,519,510,1754034634022,2025-08-01 13:20:34.022821+05:30,11,7
1729,594779,530,521,1754034634123,2025-08-01 13:20:34.123736+05:30,11,7
1730,594879,531,512,1754034634224,2025-08-01 13:20:34.224380+05:30,11,7
1731,594980,532,510,1754034634325,2025-08-01 13:20:34.325110+05:30,11,7
1732,595081,536,513,1754034634425,2025-08-01 13:20:34.425975+05:30,11,7
1733,595181,534,509,1754034634527,2025-08-01 13:20:34.527035+05:30,11,7
1734,595282,534,510,1754034634627,2025-08-01 13:20:34.627849+05:30,11,7
1735,595383,531,506,1754034634728,2025-08-01 13:20:34.728807+05:30,11,7
1736,595484,528,508,1754034634829,2025-08-01 13:20:34.829571+05:30,11,7
1737,595585,525,516,1754034634930,2025-08-01 13:20:34.930395+05:30,11,7
1738,595686,524,520,1754034635031,2025-08-01 13:20:35.031151+05:30,11,7
1739,595786,516,514,1754034635132,2025-08-01 13:20:35.132042+05:30,11,7
1740,595888,509,510,1754034635233,2025-08-01 13:20:35.233019+05:30,11,7
1741,595988,509,511,1754034635333,2025-08-01 13:20:35.333712+05:30,11,7
1742,596089,508,511,1754034635434,2025-08-01 13:20:35.434616+05:30,11,7
1743,596190,508,510,1754034635535,2025-08-01 13:20:35.535301+05:30,11,7
1744,596291,507,507,1754034635636,2025-08-01 13:20:35.636156+05:30,11,7
1745,596391,510,511,1754034635736,2025-08-01 13:20:35.736769+05:30,11,7
1746,596493,516,517,1754034635837,2025-08-01 13:20:35.837603+05:30,11,7
1747,596593,519,517,1754034635938,2025-08-01 13:20:35.938465+05:30,11,7
1748,596695,520,511,1754034636039,2025-08-01 13:20:36.039553+05:30,11,7
1749,596795,521,509,1754034636140,2025-08-01 13:20:36.140570+05:30,11,7
1750,596896,528,511,1754034636241,2025-08-01 13:20:36.241136+05:30,11,7
1751,596997,529,509,1754034636342,2025-08-01 13:20:36.342180+05:30,11,7
1752,597097,533,510,1754034636443,2025-08-01 13:20:36.443073+05:30,11,7
1753,597198,533,507,1754034636543,2025-08-01 13:20:36.543632+05:30,11,7
1754,597299,534,510,1754034636644,2025-08-01 13:20:36.644475+05:30,11,7
1755,597400,536,517,1754034636745,2025-08-01 13:20:36.745242+05:30,11,7
1756,597500,531,511,1754034636846,2025-08-01 13:20:36.846086+05:30,11,7
1757,597602,526,508,1754034636947,2025-08-01 13:20:36.947089+05:30,11,7
1758,597702,520,511,1754034637047,2025-08-01 13:20:37.047892+05:30,11,7
1759,597804,520,514,1754034637148,2025-08-01 13:20:37.148609+05:30,11,7
1760,597904,513,510,1754034637249,2025-08-01 13:20:37.249530+05:30,11,7
1761,598005,511,507,1754034637350,2025-08-01 13:20:37.350461+05:30,11,7
1762,598106,509,509,1754034637451,2025-08-01 13:20:37.451431+05:30,11,7
1763,598207,514,522,1754034637552,2025-08-01 13:20:37.552199+05:30,11,7
1764,598307,510,513,1754034637652,2025-08-01 13:20:37.652881+05:30,11,7
1765,598409,508,510,1754034637753,2025-08-01 13:20:37.753703+05:30,11,7
1766,598509,511,513,1754034637854,2025-08-01 13:20:37.854547+05:30,11,7
1767,598610,514,512,1754034637955,2025-08-01 13:20:37.955509+05:30,11,7
1768,598711,517,511,1754034638056,2025-08-01 13:20:38.056154+05:30,11,7
1769,598812,518,506,1754034638157,2025-08-01 13:20:38.157015+05:30,11,7
1770,598913,523,508,1754034638257,2025-08-01 13:20:38.257775+05:30,11,7
1771,599013,533,519,1754034638358,2025-08-01 13:20:38.358751+05:30,11,7
1772,599114,533,514,1754034638459,2025-08-01 13:20:38.459474+05:30,11,7
1773,599215,533,509,1754034638560,2025-08-01 13:20:38.560318+05:30,11,7
1774,599316,534,510,1754034638661,2025-08-01 13:20:38.661169+05:30,11,7
1775,599416,532,508,1754034638762,2025-08-01 13:20:38.762076+05:30,11,7
1776,599518,530,507,1754034638862,2025-08-01 13:20:38.862894+05:30,11,7
1777,599618,530,508,1754034638963,2025-08-01 13:20:38.963694+05:30,11,7
1778,599719,525,509,1754034639064,2025-08-01 13:20:39.064482+05:30,11,7
1779,599820,522,512,1754034639165,2025-08-01 13:20:39.165333+05:30,11,7
1780,599921,522,521,1754034639266,2025-08-01 13:20:39.266474+05:30,11,7
1781,600022,512,510,1754034639367,2025-08-01 13:20:39.367028+05:30,11,7
1782,600123,510,510,1754034639467,2025-08-01 13:20:39.467921+05:30,11,7
1783,600223,510,512,1754034639568,2025-08-01 13:20:39.568703+05:30,11,7
1784,600325,509,512,1754034639669,2025-08-01 13:20:39.669527+05:30,11,7
1785,600425,509,511,1754034639770,2025-08-01 13:20:39.770500+05:30,11,7
1786,600526,508,509,1754034639871,2025-08-01 13:20:39.871255+05:30,11,7
1787,600627,512,512,1754034639972,2025-08-01 13:20:39.972041+05:30,11,7
1788,600728,518,517,1754034640072,2025-08-01 13:20:40.072921+05:30,11,7
1789,600828,519,512,1754034640173,2025-08-01 13:20:40.173676+05:30,11,7
1790,600929,519,507,1754034640274,2025-08-01 13:20:40.274550+05:30,11,7
1791,601030,526,510,1754034640375,2025-08-01 13:20:40.375371+05:30,11,7
1792,601131,530,506,1754034640476,2025-08-01 13:20:40.476287+05:30,11,7
1793,601232,532,508,1754034640577,2025-08-01 13:20:40.577169+05:30,11,7
1794,601332,534,509,1754034640678,2025-08-01 13:20:40.678035+05:30,11,7
1795,601434,533,508,1754034640779,2025-08-01 13:20:40.778989+05:30,11,7
1796,601534,535,516,1754034640879,2025-08-01 13:20:40.879535+05:30,11,7
1797,601635,531,513,1754034640980,2025-08-01 13:20:40.980420+05:30,11,7
1798,601736,526,507,1754034641081,2025-08-01 13:20:41.081231+05:30,11,7
1799,601837,522,510,1754034641182,2025-08-01 13:20:41.182110+05:30,11,7
1800,601937,518,510,1754034641282,2025-08-01 13:20:41.282930+05:30,11,7
1801,602039,515,510,1754034641383,2025-08-01 13:20:41.383821+05:30,11,7
1802,602139,510,510,1754034641484,2025-08-01 13:20:41.484548+05:30,11,7
1803,602241,509,511,1754034641585,2025-08-01 13:20:41.585368+05:30,11,7
1804,602341,507,508,1754034641686,2025-08-01 13:20:41.686252+05:30,11,7
1805,602442,511,516,1754034641787,2025-08-01 13:20:41.787132+05:30,11,7
1806,602543,512,515,1754034641888,2025-08-01 13:20:41.888062+05:30,11,7
1807,602644,510,510,1754034641988,2025-08-01 13:20:41.988778+05:30,11,7
1808,602744,513,509,1754034642089,2025-08-01 13:20:42.089538+05:30,11,7
1809,602845,518,512,1754034642190,2025-08-01 13:20:42.190538+05:30,11,7
1810,602946,518,507,1754034642291,2025-08-01 13:20:42.291446+05:30,11,7
1811,603046,523,510,1754034642392,2025-08-01 13:20:42.392175+05:30,11,7
1812,603148,529,508,1754034642493,2025-08-01 13:20:42.493096+05:30,11,7
1813,603248,537,518,1754034642593,2025-08-01 13:20:42.593850+05:30,11,7
1814,603350,537,515,1754034642694,2025-08-01 13:20:42.694589+05:30,11,7
1815,603450,534,509,1754034642795,2025-08-01 13:20:42.795402+05:30,11,7
1816,603551,534,513,1754034642896,2025-08-01 13:20:42.896321+05:30,11,7
1817,603652,532,510,1754034642997,2025-08-01 13:20:42.997129+05:30,11,7
1818,603753,528,509,1754034643098,2025-08-01 13:20:43.098014+05:30,11,7
1819,603853,523,511,1754034643199,2025-08-01 13:20:43.199040+05:30,11,7
1820,603955,519,509,1754034643299,2025-08-01 13:20:43.299633+05:30,11,7
1821,604055,517,515,1754034643400,2025-08-01 13:20:43.400539+05:30,11,7
1822,604156,514,519,1754034643501,2025-08-01 13:20:43.501326+05:30,11,7
1823,604257,509,511,1754034643602,2025-08-01 13:20:43.602248+05:30,11,7
1824,604358,508,510,1754034643703,2025-08-01 13:20:43.703105+05:30,11,7
1825,604459,508,509,1754034643803,2025-08-01 13:20:43.803884+05:30,11,7
1826,604560,508,509,1754034643904,2025-08-01 13:20:43.904653+05:30,11,7
1827,604660,508,506,1754034644005,2025-08-01 13:20:44.005496+05:30,11,7
1828,604761,512,509,1754034644106,2025-08-01 13:20:44.106304+05:30,11,7
1829,604862,516,510,1754034644207,2025-08-01 13:20:44.207275+05:30,11,7
1830,604962,523,518,1754034644308,2025-08-01 13:20:44.308095+05:30,11,7
1831,605064,526,518,1754034644408,2025-08-01 13:20:44.408919+05:30,11,7
1832,605164,528,510,1754034644509,2025-08-01 13:20:44.509732+05:30,11,7
1833,605265,532,510,1754034644610,2025-08-01 13:20:44.610647+05:30,11,7
1834,605366,534,509,1754034644711,2025-08-01 13:20:44.711482+05:30,11,7
1835,605467,535,512,1754034644812,2025-08-01 13:20:44.812160+05:30,11,7
1836,605568,532,506,1754034644913,2025-08-01 13:20:44.913057+05:30,11,7
1837,605669,533,509,1754034645014,2025-08-01 13:20:45.014090+05:30,11,7
1838,605769,532,514,1754034645114,2025-08-01 13:20:45.114915+05:30,11,7
1839,605871,528,520,1754034645215,2025-08-01 13:20:45.215522+05:30,11,7
1840,605971,520,511,1754034645316,2025-08-01 13:20:45.316578+05:30,11,7
1841,606072,517,508,1754034645417,2025-08-01 13:20:45.417342+05:30,11,7
1842,606173,513,512,1754034645518,2025-08-01 13:20:45.518164+05:30,11,7
1843,606274,509,508,1754034645619,2025-08-01 13:20:45.619156+05:30,11,7
1844,606374,509,510,1754034645720,2025-08-01 13:20:45.720150+05:30,11,7
1845,606476,509,509,1754034645820,2025-08-01 13:20:45.820866+05:30,11,7
1846,606576,510,510,1754034645921,2025-08-01 13:20:45.921748+05:30,11,7
1847,606676,516,519,1754034646022,2025-08-01 13:20:46.022357+05:30,11,7
1848,606778,514,510,1754034646123,2025-08-01 13:20:46.123434+05:30,11,7
1849,606878,517,512,1754034646224,2025-08-01 13:20:46.224164+05:30,11,7
1850,606980,519,509,1754034646325,2025-08-01 13:20:46.325052+05:30,11,7
1851,607080,522,509,1754034646426,2025-08-01 13:20:46.425972+05:30,11,7
1852,607181,526,505,1754034646526,2025-08-01 13:20:46.526812+05:30,11,7
1853,607282,532,509,1754034646627,2025-08-01 13:20:46.627411+05:30,11,7
1854,607383,533,508,1754034646728,2025-08-01 13:20:46.728482+05:30,11,7
1855,607483,534,510,1754034646828,2025-08-01 13:20:46.828966+05:30,11,7
1856,607585,540,520,1754034646929,2025-08-01 13:20:46.929815+05:30,11,7
1857,607685,536,513,1754034647030,2025-08-01 13:20:47.030645+05:30,11,7
1858,607787,533,511,1754034647131,2025-08-01 13:20:47.131508+05:30,11,7
1859,607887,528,510,1754034647232,2025-08-01 13:20:47.232439+05:30,11,7
1860,607988,522,510,1754034647333,2025-08-01 13:20:47.333181+05:30,11,7
1861,608089,519,511,1754034647433,2025-08-01 13:20:47.433983+05:30,11,7
1862,608190,514,510,1754034647534,2025-08-01 13:20:47.534905+05:30,11,7
1863,608290,513,514,1754034647635,2025-08-01 13:20:47.635759+05:30,11,7
1864,608392,512,516,1754034647736,2025-08-01 13:20:47.736579+05:30,11,7
1865,608492,511,515,1754034647837,2025-08-01 13:20:47.837332+05:30,11,7
1866,608592,509,510,1754034647938,2025-08-01 13:20:47.938359+05:30,11,7
1867,608694,511,511,1754034648039,2025-08-01 13:20:48.039028+05:30,11,7
1868,608794,511,509,1754034648140,2025-08-01 13:20:48.140198+05:30,11,7
1869,608896,513,508,1754034648240,2025-08-01 13:20:48.240956+05:30,11,7
1870,608996,518,508,1754034648341,2025-08-01 13:20:48.341654+05:30,11,7
1871,609097,522,511,1754034648442,2025-08-01 13:20:48.442633+05:30,11,7
1872,609198,530,516,1754034648543,2025-08-01 13:20:48.543331+05:30,11,7
1873,609299,535,516,1754034648644,2025-08-01 13:20:48.644008+05:30,11,7
1874,609399,535,509,1754034648745,2025-08-01 13:20:48.744986+05:30,11,7
1875,609501,534,507,1754034648845,2025-08-01 13:20:48.845853+05:30,11,7
1876,609601,534,507,1754034648946,2025-08-01 13:20:48.946605+05:30,11,7
1877,609702,533,510,1754034649047,2025-08-01 13:20:49.047412+05:30,11,7
1878,609803,532,512,1754034649148,2025-08-01 13:20:49.148185+05:30,11,7
1879,609904,528,510,1754034649249,2025-08-01 13:20:49.249064+05:30,11,7
1880,610004,522,510,1754034649349,2025-08-01 13:20:49.349943+05:30,11,7
1881,610106,523,517,1754034649450,2025-08-01 13:20:49.450942+05:30,11,7
1882,610206,517,515,1754034649551,2025-08-01 13:20:49.551704+05:30,11,7
1883,610308,511,511,1754034649652,2025-08-01 13:20:49.652568+05:30,11,7
1884,610408,509,510,1754034649753,2025-08-01 13:20:49.753534+05:30,11,7
1885,610508,509,510,1754034649854,2025-08-01 13:20:49.854566+05:30,11,7
1886,610610,509,509,1754034649955,2025-08-01 13:20:49.955277+05:30,11,7
1887,610710,509,507,1754034650055,2025-08-01 13:20:50.055846+05:30,11,7
1888,610811,512,511,1754034650156,2025-08-01 13:20:50.156553+05:30,11,7
1889,610912,516,514,1754034650257,2025-08-01 13:20:50.257413+05:30,11,7
1890,611013,521,514,1754034650358,2025-08-01 13:20:50.358232+05:30,11,7
1891,611113,520,508,1754034650459,2025-08-01 13:20:50.459122+05:30,11,7
1892,611215,525,511,1754034650560,2025-08-01 13:20:50.560028+05:30,11,7
1893,611315,530,510,1754034650660,2025-08-01 13:20:50.660843+05:30,11,7
1894,611417,533,508,1754034650761,2025-08-01 13:20:50.761579+05:30,11,7
1895,611517,535,509,1754034650862,2025-08-01 13:20:50.862430+05:30,11,7
1896,611618,535,508,1754034650963,2025-08-01 13:20:50.963274+05:30,11,7
1897,611719,535,508,1754034651064,2025-08-01 13:20:51.064134+05:30,11,7
1898,611820,540,521,1754034651164,2025-08-01 13:20:51.164900+05:30,11,7
1899,611920,532,515,1754034651265,2025-08-01 13:20:51.265745+05:30,11,7
1900,612022,525,511,1754034651366,2025-08-01 13:20:51.366534+05:30,11,7
1901,612122,520,510,1754034651467,2025-08-01 13:20:51.467420+05:30,11,7
1902,612224,520,514,1754034651568,2025-08-01 13:20:51.568187+05:30,11,7
1903,612324,509,507,1754034651669,2025-08-01 13:20:51.669197+05:30,11,7
1904,612424,510,510,1754034651769,2025-08-01 13:20:51.769979+05:30,11,7
1905,612526,508,509,1754034651870,2025-08-01 13:20:51.870797+05:30,11,7
1906,612626,509,509,1754034651971,2025-08-01 13:20:51.971832+05:30,11,7
1907,612727,514,518,1754034652072,2025-08-01 13:20:52.072438+05:30,11,7
1908,612828,513,517,1754034652173,2025-08-01 13:20:52.173384+05:30,11,7
1909,612929,511,507,1754034652274,2025-08-01 13:20:52.274146+05:30,11,7
1910,613029,517,508,1754034652375,2025-08-01 13:20:52.375310+05:30,11,7
1911,613131,521,510,1754034652476,2025-08-01 13:20:52.476015+05:30,11,7
1912,613231,523,511,1754034652577,2025-08-01 13:20:52.576996+05:30,11,7
1913,613332,529,511,1754034652677,2025-08-01 13:20:52.677643+05:30,11,7
1914,613433,534,510,1754034652778,2025-08-01 13:20:52.778485+05:30,11,7
1915,613534,541,520,1754034652879,2025-08-01 13:20:52.879303+05:30,11,7
1916,613635,536,510,1754034652980,2025-08-01 13:20:52.980368+05:30,11,7
1917,613736,534,511,1754034653081,2025-08-01 13:20:53.081222+05:30,11,7
1918,613836,533,510,1754034653181,2025-08-01 13:20:53.181946+05:30,11,7
1919,613938,531,509,1754034653282,2025-08-01 13:20:53.282760+05:30,11,7
1920,614038,527,505,1754034653383,2025-08-01 13:20:53.383395+05:30,11,7
1921,614139,523,510,1754034653484,2025-08-01 13:20:53.484334+05:30,11,7
1922,614240,518,506,1754034653585,2025-08-01 13:20:53.585109+05:30,11,7
1923,614340,518,518,1754034653685,2025-08-01 13:20:53.685925+05:30,11,7
1924,614441,513,513,1754034653786,2025-08-01 13:20:53.786802+05:30,11,7
1925,614542,510,511,1754034653887,2025-08-01 13:20:53.887555+05:30,11,7
1926,614643,509,510,1754034653988,2025-08-01 13:20:53.988343+05:30,11,7
1927,614744,510,511,1754034654089,2025-08-01 13:20:54.089189+05:30,11,7
1928,614845,511,512,1754034654190,2025-08-01 13:20:54.190081+05:30,11,7
1929,614945,511,509,1754034654290,2025-08-01 13:20:54.290937+05:30,11,7
1930,615047,516,511,1754034654391,2025-08-01 13:20:54.391738+05:30,11,7
1931,615147,520,510,1754034654492,2025-08-01 13:20:54.492622+05:30,11,7
1932,615248,526,520,1754034654593,2025-08-01 13:20:54.593386+05:30,11,7
1933,615349,526,510,1754034654694,2025-08-01 13:20:54.694185+05:30,11,7
1934,615450,533,516,1754034654795,2025-08-01 13:20:54.795038+05:30,11,7
1935,615550,532,509,1754034654895,2025-08-01 13:20:54.895978+05:30,11,7
1936,615652,536,511,1754034654996,2025-08-01 13:20:54.996845+05:30,11,7
1937,615752,533,507,1754034655097,2025-08-01 13:20:55.097923+05:30,11,7
1938,615854,535,509,1754034655198,2025-08-01 13:20:55.198618+05:30,11,7
1939,615954,531,503,1754034655299,2025-08-01 13:20:55.299572+05:30,11,7
1940,616055,528,509,1754034655400,2025-08-01 13:20:55.400183+05:30,11,7
1941,616156,528,520,1754034655501,2025-08-01 13:20:55.501066+05:30,11,7
1942,616256,523,513,1754034655601,2025-08-01 13:20:55.601891+05:30,11,7
1943,616357,517,512,1754034655702,2025-08-01 13:20:55.702728+05:30,11,7
1944,616458,512,511,1754034655803,2025-08-01 13:20:55.803477+05:30,11,7
1945,616559,512,513,1754034655904,2025-08-01 13:20:55.904273+05:30,11,7
1946,616659,509,510,1754034656005,2025-08-01 13:20:56.005256+05:30,11,7
1947,616761,510,511,1754034656105,2025-08-01 13:20:56.105977+05:30,11,7
1948,616861,509,508,1754034656206,2025-08-01 13:20:56.206872+05:30,11,7
1949,616963,510,510,1754034656307,2025-08-01 13:20:56.307888+05:30,11,7
1950,617063,516,517,1754034656408,2025-08-01 13:20:56.408511+05:30,11,7
1951,617164,519,515,1754034656509,2025-08-01 13:20:56.509419+05:30,11,7
1952,617265,520,509,1754034656610,2025-08-01 13:20:56.610595+05:30,11,7
1953,617366,523,511,1754034656710,2025-08-01 13:20:56.710978+05:30,11,7
1954,617466,528,509,1754034656811,2025-08-01 13:20:56.811943+05:30,11,7
1955,617568,531,509,1754034656912,2025-08-01 13:20:56.912701+05:30,11,7
1956,617668,535,507,1754034657013,2025-08-01 13:20:57.013595+05:30,11,7
1957,617769,535,508,1754034657114,2025-08-01 13:20:57.114368+05:30,11,7
1958,617870,539,517,1754034657215,2025-08-01 13:20:57.215216+05:30,11,7
1959,617971,536,515,1754034657316,2025-08-01 13:20:57.316080+05:30,11,7
1960,618072,532,512,1754034657416,2025-08-01 13:20:57.416974+05:30,11,7
1961,618172,527,510,1754034657517,2025-08-01 13:20:57.517769+05:30,11,7
1962,618273,522,509,1754034657618,2025-08-01 13:20:57.618748+05:30,11,7
1963,618374,518,509,1754034657719,2025-08-01 13:20:57.719315+05:30,11,7
1964,618475,514,510,1754034657820,2025-08-01 13:20:57.820246+05:30,11,7
1965,618575,512,511,1754034657921,2025-08-01 13:20:57.921508+05:30,11,7
1966,618677,509,508,1754034658022,2025-08-01 13:20:58.022217+05:30,11,7
1967,618777,515,523,1754034658123,2025-08-01 13:20:58.122984+05:30,11,7
