,Time_series,GSR,HR,timestamp,time2,subject,video_id
0,2096220,508,509,1754568211176,2025-08-07 17:33:31.176077+05:30,25,2
1,2096320,507,510,1754568211276,2025-08-07 17:33:31.276811+05:30,25,2
2,2096421,508,514,1754568211377,2025-08-07 17:33:31.377701+05:30,25,2
3,2096522,508,520,1754568211478,2025-08-07 17:33:31.478631+05:30,25,2
4,2096623,509,513,1754568211579,2025-08-07 17:33:31.579522+05:30,25,2
5,2096723,511,508,1754568211680,2025-08-07 17:33:31.680438+05:30,25,2
6,2096825,512,511,1754568211781,2025-08-07 17:33:31.781269+05:30,25,2
7,2096925,514,512,1754568211882,2025-08-07 17:33:31.882132+05:30,25,2
8,2097027,512,514,1754568211983,2025-08-07 17:33:31.983118+05:30,25,2
9,2097127,512,519,1754568212083,2025-08-07 17:33:32.083928+05:30,25,2
10,2097228,514,513,1754568212184,2025-08-07 17:33:32.184682+05:30,25,2
11,2097329,514,511,1754568212285,2025-08-07 17:33:32.285639+05:30,25,2
12,2097430,513,514,1754568212386,2025-08-07 17:33:32.386524+05:30,25,2
13,2097530,512,511,1754568212487,2025-08-07 17:33:32.487488+05:30,25,2
14,2097632,511,522,1754568212588,2025-08-07 17:33:32.588337+05:30,25,2
15,2097732,511,518,1754568212689,2025-08-07 17:33:32.689152+05:30,25,2
16,2097833,512,512,1754568212790,2025-08-07 17:33:32.790013+05:30,25,2
17,2097934,511,516,1754568212891,2025-08-07 17:33:32.891006+05:30,25,2
18,2098035,511,514,1754568212992,2025-08-07 17:33:32.992026+05:30,25,2
19,2098136,511,514,1754568213092,2025-08-07 17:33:33.092949+05:30,25,2
20,2098237,510,518,1754568213193,2025-08-07 17:33:33.193688+05:30,25,2
21,2098337,511,516,1754568213294,2025-08-07 17:33:33.294647+05:30,25,2
22,2098439,510,514,1754568213395,2025-08-07 17:33:33.395440+05:30,25,2
23,2098540,512,514,1754568213496,2025-08-07 17:33:33.496557+05:30,25,2
24,2098640,513,515,1754568213597,2025-08-07 17:33:33.597244+05:30,25,2
25,2098742,514,513,1754568213698,2025-08-07 17:33:33.698215+05:30,25,2
26,2098842,513,517,1754568213799,2025-08-07 17:33:33.799119+05:30,25,2
27,2098944,514,513,1754568213899,2025-08-07 17:33:33.899928+05:30,25,2
28,2099044,512,514,1754568214000,2025-08-07 17:33:34.000970+05:30,25,2
29,2099145,511,510,1754568214101,2025-08-07 17:33:34.101820+05:30,25,2
30,2099246,509,516,1754568214202,2025-08-07 17:33:34.202674+05:30,25,2
31,2099347,510,517,1754568214303,2025-08-07 17:33:34.303806+05:30,25,2
32,2099447,508,518,1754568214404,2025-08-07 17:33:34.404429+05:30,25,2
33,2099549,507,511,1754568214505,2025-08-07 17:33:34.505145+05:30,25,2
34,2099649,504,515,1754568214606,2025-08-07 17:33:34.606043+05:30,25,2
35,2099750,503,510,1754568214706,2025-08-07 17:33:34.706885+05:30,25,2
36,2099851,501,512,1754568214807,2025-08-07 17:33:34.807700+05:30,25,2
37,2099952,501,519,1754568214908,2025-08-07 17:33:34.908499+05:30,25,2
38,2100052,499,514,1754568215009,2025-08-07 17:33:35.009336+05:30,25,2
39,2100154,500,508,1754568215110,2025-08-07 17:33:35.110317+05:30,25,2
40,2100254,499,511,1754568215211,2025-08-07 17:33:35.211221+05:30,25,2
41,2100356,502,510,1754568215312,2025-08-07 17:33:35.312336+05:30,25,2
42,2100456,501,512,1754568215413,2025-08-07 17:33:35.412986+05:30,25,2
43,2100557,501,516,1754568215513,2025-08-07 17:33:35.513835+05:30,25,2
44,2100658,503,512,1754568215614,2025-08-07 17:33:35.614669+05:30,25,2
45,2100759,502,513,1754568215715,2025-08-07 17:33:35.715528+05:30,25,2
46,2100859,502,511,1754568215816,2025-08-07 17:33:35.816461+05:30,25,2
47,2100961,505,509,1754568215917,2025-08-07 17:33:35.917409+05:30,25,2
48,2101061,504,517,1754568216018,2025-08-07 17:33:36.018289+05:30,25,2
49,2101163,502,516,1754568216119,2025-08-07 17:33:36.119283+05:30,25,2
50,2101263,502,513,1754568216220,2025-08-07 17:33:36.220174+05:30,25,2
51,2101364,502,516,1754568216320,2025-08-07 17:33:36.320884+05:30,25,2
52,2101466,502,510,1754568216421,2025-08-07 17:33:36.421741+05:30,25,2
53,2101566,503,517,1754568216522,2025-08-07 17:33:36.522605+05:30,25,2
54,2101667,501,516,1754568216623,2025-08-07 17:33:36.623619+05:30,25,2
55,2101768,500,514,1754568216724,2025-08-07 17:33:36.724485+05:30,25,2
56,2101869,501,511,1754568216825,2025-08-07 17:33:36.825310+05:30,25,2
57,2101969,501,512,1754568216926,2025-08-07 17:33:36.926097+05:30,25,2
58,2102071,501,514,1754568217027,2025-08-07 17:33:37.027097+05:30,25,2
59,2102171,499,518,1754568217127,2025-08-07 17:33:37.127914+05:30,25,2
60,2102273,500,515,1754568217228,2025-08-07 17:33:37.228849+05:30,25,2
61,2102373,502,514,1754568217329,2025-08-07 17:33:37.329727+05:30,25,2
62,2102474,501,516,1754568217430,2025-08-07 17:33:37.430504+05:30,25,2
63,2102575,501,513,1754568217531,2025-08-07 17:33:37.531522+05:30,25,2
64,2102676,502,514,1754568217632,2025-08-07 17:33:37.632355+05:30,25,2
65,2102776,503,516,1754568217733,2025-08-07 17:33:37.733281+05:30,25,2
66,2102878,505,511,1754568217834,2025-08-07 17:33:37.834059+05:30,25,2
67,2102978,503,514,1754568217934,2025-08-07 17:33:37.934924+05:30,25,2
68,2103079,503,516,1754568218035,2025-08-07 17:33:38.035869+05:30,25,2
69,2103180,503,512,1754568218136,2025-08-07 17:33:38.136852+05:30,25,2
70,2103281,506,514,1754568218237,2025-08-07 17:33:38.237596+05:30,25,2
71,2103382,505,516,1754568218338,2025-08-07 17:33:38.338482+05:30,25,2
72,2103483,504,516,1754568218439,2025-08-07 17:33:38.439353+05:30,25,2
73,2103583,503,513,1754568218540,2025-08-07 17:33:38.540271+05:30,25,2
74,2103685,504,513,1754568218641,2025-08-07 17:33:38.641209+05:30,25,2
75,2103785,502,515,1754568218741,2025-08-07 17:33:38.741947+05:30,25,2
76,2103886,502,520,1754568218842,2025-08-07 17:33:38.842905+05:30,25,2
77,2103987,504,513,1754568218944,2025-08-07 17:33:38.944043+05:30,25,2
78,2104088,502,515,1754568219044,2025-08-07 17:33:39.044790+05:30,25,2
79,2104188,504,512,1754568219145,2025-08-07 17:33:39.145487+05:30,25,2
80,2104290,503,514,1754568219246,2025-08-07 17:33:39.246483+05:30,25,2
81,2104391,503,517,1754568219347,2025-08-07 17:33:39.347285+05:30,25,2
82,2104492,503,518,1754568219448,2025-08-07 17:33:39.448115+05:30,25,2
83,2104593,504,518,1754568219549,2025-08-07 17:33:39.549084+05:30,25,2
84,2104693,506,513,1754568219649,2025-08-07 17:33:39.649925+05:30,25,2
85,2104795,507,513,1754568219750,2025-08-07 17:33:39.750803+05:30,25,2
86,2104895,507,515,1754568219851,2025-08-07 17:33:39.851683+05:30,25,2
87,2104996,508,514,1754568219952,2025-08-07 17:33:39.952535+05:30,25,2
88,2105097,510,511,1754568220053,2025-08-07 17:33:40.053439+05:30,25,2
89,2105198,510,518,1754568220154,2025-08-07 17:33:40.154301+05:30,25,2
90,2105298,509,514,1754568220255,2025-08-07 17:33:40.255184+05:30,25,2
91,2105400,509,518,1754568220356,2025-08-07 17:33:40.356151+05:30,25,2
92,2105500,510,511,1754568220457,2025-08-07 17:33:40.456996+05:30,25,2
93,2105602,510,517,1754568220557,2025-08-07 17:33:40.557865+05:30,25,2
94,2105702,508,519,1754568220658,2025-08-07 17:33:40.658766+05:30,25,2
95,2105803,508,513,1754568220759,2025-08-07 17:33:40.759612+05:30,25,2
96,2105904,509,514,1754568220860,2025-08-07 17:33:40.860564+05:30,25,2
97,2106005,507,515,1754568220961,2025-08-07 17:33:40.961397+05:30,25,2
98,2106105,509,509,1754568221062,2025-08-07 17:33:41.062215+05:30,25,2
99,2106207,506,519,1754568221163,2025-08-07 17:33:41.163078+05:30,25,2
100,2106307,504,516,1754568221264,2025-08-07 17:33:41.264105+05:30,25,2
101,2106408,505,512,1754568221365,2025-08-07 17:33:41.364983+05:30,25,2
102,2106509,503,513,1754568221465,2025-08-07 17:33:41.465759+05:30,25,2
103,2106610,502,514,1754568221566,2025-08-07 17:33:41.566703+05:30,25,2
104,2106711,502,517,1754568221667,2025-08-07 17:33:41.667541+05:30,25,2
105,2106812,503,517,1754568221768,2025-08-07 17:33:41.768363+05:30,25,2
106,2106912,502,516,1754568221869,2025-08-07 17:33:41.869275+05:30,25,2
107,2107014,502,511,1754568221970,2025-08-07 17:33:41.970457+05:30,25,2
108,2107114,502,513,1754568222071,2025-08-07 17:33:42.071239+05:30,25,2
109,2107215,503,514,1754568222172,2025-08-07 17:33:42.172256+05:30,25,2
110,2107316,502,512,1754568222273,2025-08-07 17:33:42.273130+05:30,25,2
111,2107417,502,512,1754568222374,2025-08-07 17:33:42.374024+05:30,25,2
112,2107518,504,513,1754568222474,2025-08-07 17:33:42.474791+05:30,25,2
113,2107619,501,514,1754568222575,2025-08-07 17:33:42.575658+05:30,25,2
114,2107720,501,518,1754568222676,2025-08-07 17:33:42.676622+05:30,25,2
115,2107821,501,514,1754568222777,2025-08-07 17:33:42.777335+05:30,25,2
116,2107922,501,513,1754568222878,2025-08-07 17:33:42.878272+05:30,25,2
117,2108022,503,519,1754568222979,2025-08-07 17:33:42.979204+05:30,25,2
118,2108124,501,516,1754568223080,2025-08-07 17:33:43.080132+05:30,25,2
119,2108224,501,513,1754568223180,2025-08-07 17:33:43.180961+05:30,25,2
120,2108325,502,513,1754568223281,2025-08-07 17:33:43.281795+05:30,25,2
121,2108426,502,517,1754568223382,2025-08-07 17:33:43.382506+05:30,25,2
122,2108527,502,513,1754568223483,2025-08-07 17:33:43.483393+05:30,25,2
123,2108627,502,519,1754568223584,2025-08-07 17:33:43.584181+05:30,25,2
124,2108729,503,517,1754568223685,2025-08-07 17:33:43.685238+05:30,25,2
125,2108829,504,514,1754568223786,2025-08-07 17:33:43.786113+05:30,25,2
126,2108931,506,518,1754568223886,2025-08-07 17:33:43.886819+05:30,25,2
127,2109031,507,515,1754568223987,2025-08-07 17:33:43.987757+05:30,25,2
128,2109132,508,516,1754568224088,2025-08-07 17:33:44.088749+05:30,25,2
129,2109233,507,515,1754568224189,2025-08-07 17:33:44.189551+05:30,25,2
130,2109334,509,514,1754568224290,2025-08-07 17:33:44.290430+05:30,25,2
131,2109434,509,513,1754568224391,2025-08-07 17:33:44.391325+05:30,25,2
132,2109536,510,516,1754568224492,2025-08-07 17:33:44.492186+05:30,25,2
133,2109636,509,515,1754568224593,2025-08-07 17:33:44.593053+05:30,25,2
134,2109737,509,510,1754568224693,2025-08-07 17:33:44.693900+05:30,25,2
135,2109838,508,515,1754568224794,2025-08-07 17:33:44.794824+05:30,25,2
136,2109939,508,520,1754568224895,2025-08-07 17:33:44.895709+05:30,25,2
137,2110040,507,515,1754568224996,2025-08-07 17:33:44.996532+05:30,25,2
138,2110141,507,513,1754568225097,2025-08-07 17:33:45.097425+05:30,25,2
139,2110241,507,514,1754568225198,2025-08-07 17:33:45.198370+05:30,25,2
140,2110343,507,515,1754568225299,2025-08-07 17:33:45.299293+05:30,25,2
141,2110444,506,517,1754568225400,2025-08-07 17:33:45.400246+05:30,25,2
142,2110544,507,521,1754568225501,2025-08-07 17:33:45.501060+05:30,25,2
143,2110646,506,510,1754568225602,2025-08-07 17:33:45.602074+05:30,25,2
144,2110746,508,514,1754568225702,2025-08-07 17:33:45.702733+05:30,25,2
145,2110848,509,516,1754568225803,2025-08-07 17:33:45.803737+05:30,25,2
146,2110948,509,515,1754568225904,2025-08-07 17:33:45.904594+05:30,25,2
147,2111049,510,516,1754568226005,2025-08-07 17:33:46.005501+05:30,25,2
148,2111150,512,513,1754568226106,2025-08-07 17:33:46.106363+05:30,25,2
149,2111251,513,516,1754568226207,2025-08-07 17:33:46.207165+05:30,25,2
150,2111351,512,513,1754568226308,2025-08-07 17:33:46.308005+05:30,25,2
151,2111453,513,517,1754568226408,2025-08-07 17:33:46.408902+05:30,25,2
152,2111553,513,515,1754568226509,2025-08-07 17:33:46.509814+05:30,25,2
153,2111654,514,514,1754568226610,2025-08-07 17:33:46.610583+05:30,25,2
154,2111755,514,518,1754568226711,2025-08-07 17:33:46.711531+05:30,25,2
155,2111856,513,516,1754568226812,2025-08-07 17:33:46.812430+05:30,25,2
156,2111956,512,512,1754568226913,2025-08-07 17:33:46.913389+05:30,25,2
157,2112058,513,512,1754568227014,2025-08-07 17:33:47.014321+05:30,25,2
158,2112158,513,513,1754568227115,2025-08-07 17:33:47.115157+05:30,25,2
159,2112260,510,515,1754568227216,2025-08-07 17:33:47.216009+05:30,25,2
160,2112360,509,517,1754568227316,2025-08-07 17:33:47.316927+05:30,25,2
161,2112461,509,511,1754568227417,2025-08-07 17:33:47.417871+05:30,25,2
162,2112562,510,517,1754568227518,2025-08-07 17:33:47.518603+05:30,25,2
163,2112663,511,518,1754568227619,2025-08-07 17:33:47.619527+05:30,25,2
164,2112763,510,517,1754568227720,2025-08-07 17:33:47.720502+05:30,25,2
165,2112865,512,522,1754568227821,2025-08-07 17:33:47.821389+05:30,25,2
166,2112965,513,517,1754568227922,2025-08-07 17:33:47.922253+05:30,25,2
167,2113067,513,507,1754568228023,2025-08-07 17:33:48.023132+05:30,25,2
168,2113168,516,519,1754568228123,2025-08-07 17:33:48.123936+05:30,25,2
169,2113268,514,515,1754568228224,2025-08-07 17:33:48.224867+05:30,25,2
170,2113370,515,515,1754568228325,2025-08-07 17:33:48.325669+05:30,25,2
171,2113470,516,521,1754568228427,2025-08-07 17:33:48.427040+05:30,25,2
172,2113571,515,521,1754568228527,2025-08-07 17:33:48.527546+05:30,25,2
173,2113672,515,517,1754568228628,2025-08-07 17:33:48.628482+05:30,25,2
174,2113773,515,517,1754568228729,2025-08-07 17:33:48.729637+05:30,25,2
175,2113873,514,515,1754568228830,2025-08-07 17:33:48.830096+05:30,25,2
176,2113975,513,516,1754568228930,2025-08-07 17:33:48.930890+05:30,25,2
177,2114075,512,521,1754568229031,2025-08-07 17:33:49.031811+05:30,25,2
178,2114177,513,522,1754568229132,2025-08-07 17:33:49.132667+05:30,25,2
179,2114277,512,514,1754568229233,2025-08-07 17:33:49.233545+05:30,25,2
180,2114378,511,512,1754568229334,2025-08-07 17:33:49.334545+05:30,25,2
181,2114479,512,516,1754568229435,2025-08-07 17:33:49.435332+05:30,25,2
182,2114580,510,511,1754568229536,2025-08-07 17:33:49.536176+05:30,25,2
183,2114680,510,519,1754568229637,2025-08-07 17:33:49.637028+05:30,25,2
184,2114782,512,519,1754568229738,2025-08-07 17:33:49.738071+05:30,25,2
185,2114882,511,516,1754568229838,2025-08-07 17:33:49.838853+05:30,25,2
186,2114983,514,512,1754568229939,2025-08-07 17:33:49.939735+05:30,25,2
187,2115084,512,517,1754568230040,2025-08-07 17:33:50.040668+05:30,25,2
188,2115185,513,510,1754568230141,2025-08-07 17:33:50.141523+05:30,25,2
189,2115286,514,516,1754568230242,2025-08-07 17:33:50.242422+05:30,25,2
190,2115387,514,515,1754568230343,2025-08-07 17:33:50.343358+05:30,25,2
191,2115487,518,516,1754568230444,2025-08-07 17:33:50.444122+05:30,25,2
192,2115589,516,515,1754568230545,2025-08-07 17:33:50.544987+05:30,25,2
193,2115689,515,514,1754568230646,2025-08-07 17:33:50.646046+05:30,25,2
194,2115790,516,513,1754568230746,2025-08-07 17:33:50.746780+05:30,25,2
195,2115892,516,512,1754568230847,2025-08-07 17:33:50.847700+05:30,25,2
196,2115992,516,514,1754568230948,2025-08-07 17:33:50.948514+05:30,25,2
197,2116093,514,517,1754568231049,2025-08-07 17:33:51.049418+05:30,25,2
198,2116194,513,516,1754568231150,2025-08-07 17:33:51.150374+05:30,25,2
199,2116295,514,513,1754568231251,2025-08-07 17:33:51.251279+05:30,25,2
200,2116396,513,512,1754568231352,2025-08-07 17:33:51.352140+05:30,25,2
201,2116497,513,517,1754568231452,2025-08-07 17:33:51.452899+05:30,25,2
202,2116597,512,515,1754568231554,2025-08-07 17:33:51.554080+05:30,25,2
203,2116699,514,516,1754568231654,2025-08-07 17:33:51.654706+05:30,25,2
204,2116799,514,518,1754568231755,2025-08-07 17:33:51.755481+05:30,25,2
205,2116900,515,515,1754568231856,2025-08-07 17:33:51.856471+05:30,25,2
206,2117001,515,515,1754568231957,2025-08-07 17:33:51.957292+05:30,25,2
207,2117102,515,516,1754568232058,2025-08-07 17:33:52.058235+05:30,25,2
208,2117202,515,511,1754568232159,2025-08-07 17:33:52.159169+05:30,25,2
209,2117304,517,516,1754568232260,2025-08-07 17:33:52.260116+05:30,25,2
210,2117404,518,518,1754568232360,2025-08-07 17:33:52.360961+05:30,25,2
211,2117506,517,512,1754568232461,2025-08-07 17:33:52.461779+05:30,25,2
212,2117606,517,515,1754568232562,2025-08-07 17:33:52.562788+05:30,25,2
213,2117707,518,514,1754568232663,2025-08-07 17:33:52.663592+05:30,25,2
214,2117808,517,516,1754568232764,2025-08-07 17:33:52.764355+05:30,25,2
215,2117909,517,518,1754568232865,2025-08-07 17:33:52.865366+05:30,25,2
216,2118009,516,516,1754568232966,2025-08-07 17:33:52.966183+05:30,25,2
217,2118111,516,514,1754568233067,2025-08-07 17:33:53.067049+05:30,25,2
218,2118211,516,510,1754568233167,2025-08-07 17:33:53.167920+05:30,25,2
219,2118312,515,518,1754568233268,2025-08-07 17:33:53.268904+05:30,25,2
220,2118413,513,513,1754568233369,2025-08-07 17:33:53.369621+05:30,25,2
221,2118514,514,517,1754568233470,2025-08-07 17:33:53.470676+05:30,25,2
222,2118615,513,517,1754568233571,2025-08-07 17:33:53.571366+05:30,25,2
223,2118716,516,514,1754568233672,2025-08-07 17:33:53.672262+05:30,25,2
224,2118817,515,515,1754568233773,2025-08-07 17:33:53.773155+05:30,25,2
225,2118918,516,516,1754568233874,2025-08-07 17:33:53.874093+05:30,25,2
226,2119019,516,512,1754568233974,2025-08-07 17:33:53.974977+05:30,25,2
227,2119119,516,517,1754568234075,2025-08-07 17:33:54.075965+05:30,25,2
228,2119221,518,519,1754568234176,2025-08-07 17:33:54.176904+05:30,25,2
229,2119321,518,518,1754568234278,2025-08-07 17:33:54.278042+05:30,25,2
230,2119422,520,513,1754568234378,2025-08-07 17:33:54.378753+05:30,25,2
231,2119523,519,511,1754568234479,2025-08-07 17:33:54.479627+05:30,25,2
232,2119624,519,514,1754568234580,2025-08-07 17:33:54.580399+05:30,25,2
233,2119725,519,518,1754568234681,2025-08-07 17:33:54.681299+05:30,25,2
234,2119826,518,521,1754568234782,2025-08-07 17:33:54.782508+05:30,25,2
235,2119926,519,515,1754568234883,2025-08-07 17:33:54.883260+05:30,25,2
236,2120028,518,514,1754568234984,2025-08-07 17:33:54.984051+05:30,25,2
237,2120128,518,517,1754568235084,2025-08-07 17:33:55.084880+05:30,25,2
238,2120229,519,512,1754568235185,2025-08-07 17:33:55.185679+05:30,25,2
239,2120330,516,516,1754568235286,2025-08-07 17:33:55.286742+05:30,25,2
240,2120431,518,515,1754568235387,2025-08-07 17:33:55.387473+05:30,25,2
241,2120531,515,517,1754568235488,2025-08-07 17:33:55.488273+05:30,25,2
242,2120633,516,517,1754568235589,2025-08-07 17:33:55.589146+05:30,25,2
243,2120733,516,512,1754568235690,2025-08-07 17:33:55.690022+05:30,25,2
244,2120835,516,511,1754568235791,2025-08-07 17:33:55.791158+05:30,25,2
245,2120935,516,515,1754568235891,2025-08-07 17:33:55.891931+05:30,25,2
246,2121036,517,515,1754568235992,2025-08-07 17:33:55.992517+05:30,25,2
247,2121137,517,522,1754568236093,2025-08-07 17:33:56.093447+05:30,25,2
248,2121238,519,514,1754568236194,2025-08-07 17:33:56.194691+05:30,25,2
249,2121338,520,516,1754568236295,2025-08-07 17:33:56.295266+05:30,25,2
250,2121440,522,516,1754568236396,2025-08-07 17:33:56.396323+05:30,25,2
251,2121540,521,517,1754568236497,2025-08-07 17:33:56.497018+05:30,25,2
252,2121641,521,517,1754568236597,2025-08-07 17:33:56.597918+05:30,25,2
253,2121742,521,518,1754568236698,2025-08-07 17:33:56.698907+05:30,25,2
254,2121843,523,512,1754568236799,2025-08-07 17:33:56.799712+05:30,25,2
255,2121945,522,515,1754568236900,2025-08-07 17:33:56.900538+05:30,25,2
256,2122045,520,513,1754568237001,2025-08-07 17:33:57.001541+05:30,25,2
257,2122146,520,517,1754568237102,2025-08-07 17:33:57.102339+05:30,25,2
258,2122247,520,516,1754568237203,2025-08-07 17:33:57.203304+05:30,25,2
259,2122348,520,518,1754568237304,2025-08-07 17:33:57.304075+05:30,25,2
260,2122448,521,517,1754568237404,2025-08-07 17:33:57.404852+05:30,25,2
261,2122550,518,514,1754568237505,2025-08-07 17:33:57.505737+05:30,25,2
262,2122650,520,516,1754568237606,2025-08-07 17:33:57.606647+05:30,25,2
263,2122752,518,516,1754568237707,2025-08-07 17:33:57.707518+05:30,25,2
264,2122852,519,515,1754568237808,2025-08-07 17:33:57.808459+05:30,25,2
265,2122953,520,521,1754568237909,2025-08-07 17:33:57.909205+05:30,25,2
266,2123054,519,520,1754568238010,2025-08-07 17:33:58.010107+05:30,25,2
267,2123155,520,514,1754568238111,2025-08-07 17:33:58.111066+05:30,25,2
268,2123255,522,513,1754568238211,2025-08-07 17:33:58.211928+05:30,25,2
269,2123357,522,517,1754568238312,2025-08-07 17:33:58.312834+05:30,25,2
270,2123457,522,518,1754568238413,2025-08-07 17:33:58.413620+05:30,25,2
271,2123558,523,517,1754568238514,2025-08-07 17:33:58.514612+05:30,25,2
272,2123659,525,514,1754568238615,2025-08-07 17:33:58.615483+05:30,25,2
273,2123760,523,514,1754568238716,2025-08-07 17:33:58.716395+05:30,25,2
274,2123860,524,515,1754568238817,2025-08-07 17:33:58.817332+05:30,25,2
275,2123962,524,517,1754568238918,2025-08-07 17:33:58.918094+05:30,25,2
276,2124062,523,514,1754568239018,2025-08-07 17:33:59.018977+05:30,25,2
277,2124164,523,517,1754568239119,2025-08-07 17:33:59.119914+05:30,25,2
278,2124264,522,518,1754568239220,2025-08-07 17:33:59.220764+05:30,25,2
279,2124365,522,514,1754568239321,2025-08-07 17:33:59.321741+05:30,25,2
280,2124466,521,514,1754568239422,2025-08-07 17:33:59.422421+05:30,25,2
281,2124567,522,514,1754568239523,2025-08-07 17:33:59.523380+05:30,25,2
282,2124667,521,510,1754568239624,2025-08-07 17:33:59.624258+05:30,25,2
283,2124769,522,521,1754568239725,2025-08-07 17:33:59.725159+05:30,25,2
284,2124870,521,519,1754568239825,2025-08-07 17:33:59.825950+05:30,25,2
285,2124971,520,515,1754568239926,2025-08-07 17:33:59.926901+05:30,25,2
286,2125072,522,515,1754568240028,2025-08-07 17:34:00.028039+05:30,25,2
287,2125172,522,515,1754568240128,2025-08-07 17:34:00.128921+05:30,25,2
288,2125274,523,516,1754568240229,2025-08-07 17:34:00.229901+05:30,25,2
289,2125374,524,519,1754568240330,2025-08-07 17:34:00.330462+05:30,25,2
290,2125475,524,515,1754568240431,2025-08-07 17:34:00.431582+05:30,25,2
291,2125576,526,509,1754568240532,2025-08-07 17:34:00.532270+05:30,25,2
292,2125677,527,514,1754568240633,2025-08-07 17:34:00.633011+05:30,25,2
293,2125777,527,513,1754568240734,2025-08-07 17:34:00.733987+05:30,25,2
294,2125879,525,515,1754568240834,2025-08-07 17:34:00.834878+05:30,25,2
295,2125979,525,515,1754568240935,2025-08-07 17:34:00.935651+05:30,25,2
296,2126081,525,515,1754568241036,2025-08-07 17:34:01.036559+05:30,25,2
297,2126181,525,515,1754568241137,2025-08-07 17:34:01.137456+05:30,25,2
298,2126282,524,514,1754568241238,2025-08-07 17:34:01.238261+05:30,25,2
299,2126383,522,511,1754568241339,2025-08-07 17:34:01.339234+05:30,25,2
300,2126484,524,511,1754568241440,2025-08-07 17:34:01.440125+05:30,25,2
301,2126584,522,521,1754568241540,2025-08-07 17:34:01.540947+05:30,25,2
302,2126686,522,518,1754568241641,2025-08-07 17:34:01.641877+05:30,25,2
303,2126786,523,516,1754568241742,2025-08-07 17:34:01.742690+05:30,25,2
304,2126887,522,513,1754568241843,2025-08-07 17:34:01.843608+05:30,25,2
305,2126988,524,512,1754568241944,2025-08-07 17:34:01.944651+05:30,25,2
306,2127089,522,516,1754568242045,2025-08-07 17:34:02.045347+05:30,25,2
307,2127190,524,520,1754568242146,2025-08-07 17:34:02.146236+05:30,25,2
308,2127291,523,514,1754568242247,2025-08-07 17:34:02.247075+05:30,25,2
309,2127391,524,515,1754568242347,2025-08-07 17:34:02.347949+05:30,25,2
310,2127493,525,510,1754568242448,2025-08-07 17:34:02.448898+05:30,25,2
311,2127593,526,513,1754568242549,2025-08-07 17:34:02.549816+05:30,25,2
312,2127694,525,517,1754568242650,2025-08-07 17:34:02.650623+05:30,25,2
313,2127795,527,519,1754568242751,2025-08-07 17:34:02.751572+05:30,25,2
314,2127896,527,511,1754568242852,2025-08-07 17:34:02.852362+05:30,25,2
315,2127997,528,513,1754568242953,2025-08-07 17:34:02.953465+05:30,25,2
316,2128098,526,516,1754568243054,2025-08-07 17:34:03.054149+05:30,25,2
317,2128199,524,507,1754568243155,2025-08-07 17:34:03.155045+05:30,25,2
318,2128300,526,513,1754568243255,2025-08-07 17:34:03.255948+05:30,25,2
319,2128401,525,516,1754568243356,2025-08-07 17:34:03.356820+05:30,25,2
320,2128501,527,514,1754568243457,2025-08-07 17:34:03.457651+05:30,25,2
321,2128603,524,512,1754568243558,2025-08-07 17:34:03.558755+05:30,25,2
322,2128703,523,515,1754568243659,2025-08-07 17:34:03.659417+05:30,25,2
323,2128804,524,513,1754568243760,2025-08-07 17:34:03.760409+05:30,25,2
324,2128905,525,510,1754568243861,2025-08-07 17:34:03.861285+05:30,25,2
325,2129006,522,516,1754568243962,2025-08-07 17:34:03.962051+05:30,25,2
326,2129106,523,516,1754568244063,2025-08-07 17:34:04.062996+05:30,25,2
327,2129208,523,512,1754568244163,2025-08-07 17:34:04.163879+05:30,25,2
328,2129308,525,513,1754568244264,2025-08-07 17:34:04.264703+05:30,25,2
329,2129410,527,510,1754568244365,2025-08-07 17:34:04.365522+05:30,25,2
330,2129510,526,511,1754568244466,2025-08-07 17:34:04.466439+05:30,25,2
331,2129611,526,519,1754568244567,2025-08-07 17:34:04.567265+05:30,25,2
332,2129712,528,515,1754568244668,2025-08-07 17:34:04.668234+05:30,25,2
333,2129813,529,512,1754568244769,2025-08-07 17:34:04.769181+05:30,25,2
334,2129913,528,516,1754568244869,2025-08-07 17:34:04.869932+05:30,25,2
335,2130015,528,513,1754568244970,2025-08-07 17:34:04.970820+05:30,25,2
336,2130115,526,515,1754568245071,2025-08-07 17:34:05.071692+05:30,25,2
337,2130216,526,515,1754568245172,2025-08-07 17:34:05.172600+05:30,25,2
338,2130317,527,512,1754568245273,2025-08-07 17:34:05.273498+05:30,25,2
339,2130418,526,515,1754568245374,2025-08-07 17:34:05.374415+05:30,25,2
340,2130519,526,513,1754568245475,2025-08-07 17:34:05.475236+05:30,25,2
341,2130620,525,515,1754568245576,2025-08-07 17:34:05.576196+05:30,25,2
342,2130720,525,515,1754568245677,2025-08-07 17:34:05.676996+05:30,25,2
343,2130822,524,517,1754568245777,2025-08-07 17:34:05.777905+05:30,25,2
344,2130923,524,513,1754568245878,2025-08-07 17:34:05.878689+05:30,25,2
345,2131023,524,515,1754568245979,2025-08-07 17:34:05.979655+05:30,25,2
346,2131125,525,509,1754568246080,2025-08-07 17:34:06.080502+05:30,25,2
347,2131225,527,514,1754568246181,2025-08-07 17:34:06.181638+05:30,25,2
348,2131326,525,515,1754568246282,2025-08-07 17:34:06.282243+05:30,25,2
349,2131427,526,517,1754568246383,2025-08-07 17:34:06.383151+05:30,25,2
350,2131528,529,516,1754568246484,2025-08-07 17:34:06.484055+05:30,25,2
351,2131629,528,512,1754568246584,2025-08-07 17:34:06.584971+05:30,25,2
352,2131730,530,512,1754568246685,2025-08-07 17:34:06.685794+05:30,25,2
353,2131830,528,515,1754568246786,2025-08-07 17:34:06.786704+05:30,25,2
354,2131932,528,514,1754568246887,2025-08-07 17:34:06.887504+05:30,25,2
355,2132032,528,517,1754568246988,2025-08-07 17:34:06.988523+05:30,25,2
356,2132133,531,509,1754568247089,2025-08-07 17:34:07.089420+05:30,25,2
357,2132234,530,513,1754568247190,2025-08-07 17:34:07.190200+05:30,25,2
358,2132335,527,515,1754568247291,2025-08-07 17:34:07.291140+05:30,25,2
359,2132435,528,509,1754568247392,2025-08-07 17:34:07.392094+05:30,25,2
360,2132537,528,512,1754568247493,2025-08-07 17:34:07.493031+05:30,25,2
361,2132637,527,516,1754568247593,2025-08-07 17:34:07.593913+05:30,25,2
362,2132739,526,514,1754568247694,2025-08-07 17:34:07.694597+05:30,25,2
363,2132839,525,509,1754568247795,2025-08-07 17:34:07.795455+05:30,25,2
364,2132940,527,510,1754568247896,2025-08-07 17:34:07.896308+05:30,25,2
365,2133041,525,514,1754568247997,2025-08-07 17:34:07.997273+05:30,25,2
366,2133142,526,520,1754568248098,2025-08-07 17:34:08.098380+05:30,25,2
367,2133242,525,515,1754568248199,2025-08-07 17:34:08.199246+05:30,25,2
368,2133344,527,514,1754568248300,2025-08-07 17:34:08.300097+05:30,25,2
369,2133444,527,514,1754568248400,2025-08-07 17:34:08.400952+05:30,25,2
370,2133545,530,511,1754568248501,2025-08-07 17:34:08.501621+05:30,25,2
371,2133646,529,515,1754568248602,2025-08-07 17:34:08.602505+05:30,25,2
372,2133747,530,515,1754568248703,2025-08-07 17:34:08.703408+05:30,25,2
373,2133848,529,516,1754568248804,2025-08-07 17:34:08.804290+05:30,25,2
374,2133949,530,510,1754568248905,2025-08-07 17:34:08.905265+05:30,25,2
375,2134050,529,514,1754568249006,2025-08-07 17:34:09.006118+05:30,25,2
376,2134151,530,515,1754568249107,2025-08-07 17:34:09.106988+05:30,25,2
377,2134252,531,511,1754568249207,2025-08-07 17:34:09.207875+05:30,25,2
378,2134352,529,513,1754568249308,2025-08-07 17:34:09.308703+05:30,25,2
379,2134454,528,514,1754568249409,2025-08-07 17:34:09.409502+05:30,25,2
380,2134554,528,514,1754568249510,2025-08-07 17:34:09.510593+05:30,25,2
381,2134656,526,516,1754568249611,2025-08-07 17:34:09.611377+05:30,25,2
382,2134756,528,513,1754568249712,2025-08-07 17:34:09.712297+05:30,25,2
383,2134857,527,508,1754568249813,2025-08-07 17:34:09.813223+05:30,25,2
384,2134958,528,513,1754568249914,2025-08-07 17:34:09.914012+05:30,25,2
385,2135059,526,514,1754568250014,2025-08-07 17:34:10.014924+05:30,25,2
386,2135159,527,512,1754568250115,2025-08-07 17:34:10.115704+05:30,25,2
387,2135261,526,516,1754568250216,2025-08-07 17:34:10.216541+05:30,25,2
388,2135361,528,509,1754568250317,2025-08-07 17:34:10.317581+05:30,25,2
389,2135462,528,515,1754568250418,2025-08-07 17:34:10.418460+05:30,25,2
390,2135563,529,512,1754568250519,2025-08-07 17:34:10.519223+05:30,25,2
391,2135664,530,516,1754568250620,2025-08-07 17:34:10.620186+05:30,25,2
392,2135764,530,514,1754568250721,2025-08-07 17:34:10.721252+05:30,25,2
393,2135866,533,511,1754568250822,2025-08-07 17:34:10.822069+05:30,25,2
394,2135966,531,511,1754568250923,2025-08-07 17:34:10.923051+05:30,25,2
395,2136068,530,513,1754568251023,2025-08-07 17:34:11.023648+05:30,25,2
396,2136168,532,508,1754568251124,2025-08-07 17:34:11.124529+05:30,25,2
397,2136269,530,517,1754568251225,2025-08-07 17:34:11.225503+05:30,25,2
398,2136370,531,515,1754568251326,2025-08-07 17:34:11.326358+05:30,25,2
399,2136471,529,512,1754568251427,2025-08-07 17:34:11.427221+05:30,25,2
400,2136571,528,514,1754568251528,2025-08-07 17:34:11.528100+05:30,25,2
401,2136673,527,510,1754568251629,2025-08-07 17:34:11.629103+05:30,25,2
402,2136773,528,510,1754568251729,2025-08-07 17:34:11.729765+05:30,25,2
403,2136875,528,517,1754568251830,2025-08-07 17:34:11.830735+05:30,25,2
404,2136976,527,514,1754568251931,2025-08-07 17:34:11.931564+05:30,25,2
405,2137076,527,515,1754568252032,2025-08-07 17:34:12.032475+05:30,25,2
406,2137178,527,513,1754568252133,2025-08-07 17:34:12.133367+05:30,25,2
407,2137278,528,510,1754568252234,2025-08-07 17:34:12.234351+05:30,25,2
408,2137379,528,515,1754568252335,2025-08-07 17:34:12.335051+05:30,25,2
409,2137480,529,516,1754568252436,2025-08-07 17:34:12.436013+05:30,25,2
410,2137581,529,509,1754568252536,2025-08-07 17:34:12.536884+05:30,25,2
411,2137681,531,514,1754568252637,2025-08-07 17:34:12.637703+05:30,25,2
412,2137783,530,510,1754568252738,2025-08-07 17:34:12.738660+05:30,25,2
413,2137883,531,514,1754568252839,2025-08-07 17:34:12.839423+05:30,25,2
414,2137985,533,513,1754568252940,2025-08-07 17:34:12.940345+05:30,25,2
415,2138085,532,510,1754568253041,2025-08-07 17:34:13.041413+05:30,25,2
416,2138186,534,514,1754568253142,2025-08-07 17:34:13.142135+05:30,25,2
417,2138287,532,509,1754568253242,2025-08-07 17:34:13.242978+05:30,25,2
418,2138388,531,513,1754568253343,2025-08-07 17:34:13.343924+05:30,25,2
419,2138488,530,510,1754568253444,2025-08-07 17:34:13.444734+05:30,25,2
420,2138590,531,513,1754568253545,2025-08-07 17:34:13.545698+05:30,25,2
421,2138690,531,516,1754568253646,2025-08-07 17:34:13.646761+05:30,25,2
422,2138791,528,514,1754568253747,2025-08-07 17:34:13.747398+05:30,25,2
423,2138892,528,510,1754568253848,2025-08-07 17:34:13.848240+05:30,25,2
424,2138993,528,516,1754568253949,2025-08-07 17:34:13.949098+05:30,25,2
425,2139094,529,509,1754568254050,2025-08-07 17:34:14.050144+05:30,25,2
426,2139195,528,514,1754568254150,2025-08-07 17:34:14.150935+05:30,25,2
427,2139295,528,514,1754568254251,2025-08-07 17:34:14.251819+05:30,25,2
428,2139397,529,515,1754568254352,2025-08-07 17:34:14.352637+05:30,25,2
429,2139497,529,510,1754568254453,2025-08-07 17:34:14.453790+05:30,25,2
430,2139598,532,509,1754568254554,2025-08-07 17:34:14.554510+05:30,25,2
431,2139699,532,512,1754568254655,2025-08-07 17:34:14.655366+05:30,25,2
432,2139800,532,511,1754568254756,2025-08-07 17:34:14.756348+05:30,25,2
433,2139901,532,513,1754568254857,2025-08-07 17:34:14.857080+05:30,25,2
434,2140002,532,516,1754568254958,2025-08-07 17:34:14.958105+05:30,25,2
435,2140103,534,512,1754568255059,2025-08-07 17:34:15.058987+05:30,25,2
436,2140204,532,512,1754568255159,2025-08-07 17:34:15.159726+05:30,25,2
437,2140305,532,512,1754568255260,2025-08-07 17:34:15.260652+05:30,25,2
438,2140405,532,511,1754568255361,2025-08-07 17:34:15.361584+05:30,25,2
439,2140507,532,516,1754568255462,2025-08-07 17:34:15.462372+05:30,25,2
440,2140607,532,512,1754568255563,2025-08-07 17:34:15.563205+05:30,25,2
441,2140708,530,512,1754568255664,2025-08-07 17:34:15.664119+05:30,25,2
442,2140809,531,515,1754568255764,2025-08-07 17:34:15.764979+05:30,25,2
443,2140910,530,510,1754568255866,2025-08-07 17:34:15.866061+05:30,25,2
444,2141010,531,509,1754568255966,2025-08-07 17:34:15.966878+05:30,25,2
445,2141112,529,520,1754568256067,2025-08-07 17:34:16.067689+05:30,25,2
446,2141212,529,515,1754568256168,2025-08-07 17:34:16.168539+05:30,25,2
447,2141314,529,512,1754568256269,2025-08-07 17:34:16.269436+05:30,25,2
448,2141414,531,509,1754568256370,2025-08-07 17:34:16.370408+05:30,25,2
449,2141515,530,513,1754568256471,2025-08-07 17:34:16.471201+05:30,25,2
450,2141616,533,511,1754568256572,2025-08-07 17:34:16.572219+05:30,25,2
451,2141717,532,515,1754568256672,2025-08-07 17:34:16.672951+05:30,25,2
452,2141817,535,508,1754568256773,2025-08-07 17:34:16.773863+05:30,25,2
453,2141919,536,513,1754568256874,2025-08-07 17:34:16.874983+05:30,25,2
454,2142019,534,512,1754568256975,2025-08-07 17:34:16.975787+05:30,25,2
455,2142120,534,512,1754568257076,2025-08-07 17:34:17.076539+05:30,25,2
456,2142221,534,514,1754568257177,2025-08-07 17:34:17.177453+05:30,25,2
457,2142322,534,513,1754568257278,2025-08-07 17:34:17.278251+05:30,25,2
458,2142423,533,517,1754568257379,2025-08-07 17:34:17.379152+05:30,25,2
459,2142524,532,513,1754568257479,2025-08-07 17:34:17.479941+05:30,25,2
460,2142624,532,507,1754568257580,2025-08-07 17:34:17.580868+05:30,25,2
461,2142726,531,514,1754568257682,2025-08-07 17:34:17.681981+05:30,25,2
462,2142827,532,509,1754568257782,2025-08-07 17:34:17.782626+05:30,25,2
463,2142927,533,516,1754568257883,2025-08-07 17:34:17.883473+05:30,25,2
464,2143029,530,518,1754568257984,2025-08-07 17:34:17.984484+05:30,25,2
465,2143129,531,512,1754568258085,2025-08-07 17:34:18.085351+05:30,25,2
466,2143230,530,513,1754568258186,2025-08-07 17:34:18.186215+05:30,25,2
467,2143331,532,512,1754568258287,2025-08-07 17:34:18.287131+05:30,25,2
468,2143432,533,514,1754568258388,2025-08-07 17:34:18.388051+05:30,25,2
469,2143533,533,513,1754568258488,2025-08-07 17:34:18.488909+05:30,25,2
470,2143634,532,513,1754568258589,2025-08-07 17:34:18.589779+05:30,25,2
471,2143734,534,508,1754568258690,2025-08-07 17:34:18.690824+05:30,25,2
472,2143836,533,511,1754568258791,2025-08-07 17:34:18.791495+05:30,25,2
473,2143936,534,513,1754568258892,2025-08-07 17:34:18.892344+05:30,25,2
474,2144037,535,510,1754568258993,2025-08-07 17:34:18.993254+05:30,25,2
475,2144138,535,517,1754568259094,2025-08-07 17:34:19.094052+05:30,25,2
476,2144239,534,512,1754568259195,2025-08-07 17:34:19.195028+05:30,25,2
477,2144339,535,509,1754568259295,2025-08-07 17:34:19.295835+05:30,25,2
478,2144441,534,513,1754568259396,2025-08-07 17:34:19.396735+05:30,25,2
479,2144541,534,507,1754568259497,2025-08-07 17:34:19.497551+05:30,25,2
480,2144643,534,510,1754568259598,2025-08-07 17:34:19.598560+05:30,25,2
481,2144743,531,516,1754568259699,2025-08-07 17:34:19.699349+05:30,25,2
482,2144844,530,514,1754568259800,2025-08-07 17:34:19.800183+05:30,25,2
483,2144945,532,511,1754568259901,2025-08-07 17:34:19.901061+05:30,25,2
484,2145046,529,515,1754568260002,2025-08-07 17:34:20.002147+05:30,25,2
485,2145146,528,511,1754568260102,2025-08-07 17:34:20.102826+05:30,25,2
486,2145248,527,513,1754568260203,2025-08-07 17:34:20.203798+05:30,25,2
487,2145348,527,514,1754568260304,2025-08-07 17:34:20.304601+05:30,25,2
488,2145449,528,515,1754568260405,2025-08-07 17:34:20.405630+05:30,25,2
489,2145550,529,508,1754568260506,2025-08-07 17:34:20.506428+05:30,25,2
490,2145651,526,516,1754568260607,2025-08-07 17:34:20.607389+05:30,25,2
491,2145752,529,511,1754568260708,2025-08-07 17:34:20.708206+05:30,25,2
492,2145853,529,510,1754568260809,2025-08-07 17:34:20.809000+05:30,25,2
493,2145954,530,515,1754568260909,2025-08-07 17:34:20.909835+05:30,25,2
494,2146055,532,514,1754568261010,2025-08-07 17:34:21.010836+05:30,25,2
495,2146156,530,516,1754568261111,2025-08-07 17:34:21.111783+05:30,25,2
496,2146256,530,514,1754568261212,2025-08-07 17:34:21.212517+05:30,25,2
497,2146358,531,509,1754568261313,2025-08-07 17:34:21.313420+05:30,25,2
498,2146458,530,511,1754568261414,2025-08-07 17:34:21.414283+05:30,25,2
499,2146560,530,509,1754568261515,2025-08-07 17:34:21.515484+05:30,25,2
500,2146660,528,518,1754568261616,2025-08-07 17:34:21.616202+05:30,25,2
501,2146761,528,516,1754568261717,2025-08-07 17:34:21.717041+05:30,25,2
502,2146862,529,508,1754568261817,2025-08-07 17:34:21.817911+05:30,25,2
503,2146963,527,510,1754568261919,2025-08-07 17:34:21.919102+05:30,25,2
504,2147063,526,513,1754568262019,2025-08-07 17:34:22.019858+05:30,25,2
505,2147165,526,514,1754568262120,2025-08-07 17:34:22.120640+05:30,25,2
506,2147265,526,518,1754568262221,2025-08-07 17:34:22.221529+05:30,25,2
507,2147366,526,513,1754568262322,2025-08-07 17:34:22.322394+05:30,25,2
508,2147467,527,509,1754568262423,2025-08-07 17:34:22.423523+05:30,25,2
509,2147568,528,515,1754568262524,2025-08-07 17:34:22.524240+05:30,25,2
510,2147668,527,510,1754568262625,2025-08-07 17:34:22.624981+05:30,25,2
511,2147770,529,510,1754568262726,2025-08-07 17:34:22.726122+05:30,25,2
512,2147870,530,511,1754568262826,2025-08-07 17:34:22.826862+05:30,25,2
513,2147972,532,515,1754568262927,2025-08-07 17:34:22.927773+05:30,25,2
514,2148072,531,514,1754568263028,2025-08-07 17:34:23.028654+05:30,25,2
515,2148173,532,513,1754568263129,2025-08-07 17:34:23.129471+05:30,25,2
516,2148274,531,513,1754568263230,2025-08-07 17:34:23.230463+05:30,25,2
517,2148375,532,511,1754568263331,2025-08-07 17:34:23.331426+05:30,25,2
518,2148475,534,509,1754568263432,2025-08-07 17:34:23.432053+05:30,25,2
519,2148577,531,517,1754568263532,2025-08-07 17:34:23.532861+05:30,25,2
520,2148677,530,512,1754568263634,2025-08-07 17:34:23.634069+05:30,25,2
521,2148779,530,509,1754568263734,2025-08-07 17:34:23.734686+05:30,25,2
522,2148880,530,510,1754568263835,2025-08-07 17:34:23.835595+05:30,25,2
523,2148980,529,513,1754568263936,2025-08-07 17:34:23.936495+05:30,25,2
524,2149082,530,513,1754568264037,2025-08-07 17:34:24.037262+05:30,25,2
525,2149182,528,513,1754568264138,2025-08-07 17:34:24.138237+05:30,25,2
526,2149283,528,512,1754568264239,2025-08-07 17:34:24.239152+05:30,25,2
527,2149384,530,511,1754568264340,2025-08-07 17:34:24.340308+05:30,25,2
528,2149485,527,513,1754568264441,2025-08-07 17:34:24.441008+05:30,25,2
529,2149585,527,511,1754568264541,2025-08-07 17:34:24.541668+05:30,25,2
530,2149687,530,513,1754568264642,2025-08-07 17:34:24.642592+05:30,25,2
531,2149787,532,514,1754568264743,2025-08-07 17:34:24.743486+05:30,25,2
532,2149889,532,508,1754568264844,2025-08-07 17:34:24.844429+05:30,25,2
533,2149989,532,513,1754568264945,2025-08-07 17:34:24.945358+05:30,25,2
534,2150090,532,512,1754568265046,2025-08-07 17:34:25.046090+05:30,25,2
535,2150191,534,511,1754568265147,2025-08-07 17:34:25.147014+05:30,25,2
536,2150292,532,514,1754568265247,2025-08-07 17:34:25.247732+05:30,25,2
537,2150392,534,518,1754568265348,2025-08-07 17:34:25.348657+05:30,25,2
538,2150494,533,512,1754568265449,2025-08-07 17:34:25.449652+05:30,25,2
539,2150594,534,514,1754568265550,2025-08-07 17:34:25.550353+05:30,25,2
540,2150695,534,511,1754568265651,2025-08-07 17:34:25.651258+05:30,25,2
541,2150796,534,508,1754568265752,2025-08-07 17:34:25.752184+05:30,25,2
542,2150897,530,510,1754568265853,2025-08-07 17:34:25.853019+05:30,25,2
543,2150998,531,520,1754568265953,2025-08-07 17:34:25.953855+05:30,25,2
544,2151099,530,509,1754568266054,2025-08-07 17:34:26.054868+05:30,25,2
545,2151199,529,513,1754568266155,2025-08-07 17:34:26.155746+05:30,25,2
546,2151301,530,510,1754568266256,2025-08-07 17:34:26.256617+05:30,25,2
547,2151401,530,512,1754568266357,2025-08-07 17:34:26.357410+05:30,25,2
548,2151502,530,514,1754568266458,2025-08-07 17:34:26.458304+05:30,25,2
549,2151604,529,511,1754568266559,2025-08-07 17:34:26.559441+05:30,25,2
550,2151704,532,512,1754568266660,2025-08-07 17:34:26.660061+05:30,25,2
551,2151805,531,506,1754568266760,2025-08-07 17:34:26.760965+05:30,25,2
552,2151906,533,512,1754568266861,2025-08-07 17:34:26.861843+05:30,25,2
553,2152007,532,511,1754568266962,2025-08-07 17:34:26.962780+05:30,25,2
554,2152108,534,509,1754568267063,2025-08-07 17:34:27.063644+05:30,25,2
555,2152209,534,516,1754568267164,2025-08-07 17:34:27.164463+05:30,25,2
556,2152309,534,512,1754568267265,2025-08-07 17:34:27.265632+05:30,25,2
557,2152411,534,512,1754568267366,2025-08-07 17:34:27.366273+05:30,25,2
558,2152511,534,513,1754568267467,2025-08-07 17:34:27.467201+05:30,25,2
559,2152612,534,515,1754568267567,2025-08-07 17:34:27.567978+05:30,25,2
560,2152713,534,510,1754568267668,2025-08-07 17:34:27.668929+05:30,25,2
561,2152814,534,513,1754568267769,2025-08-07 17:34:27.769855+05:30,25,2
562,2152914,532,515,1754568267870,2025-08-07 17:34:27.870597+05:30,25,2
563,2153016,531,505,1754568267971,2025-08-07 17:34:27.971517+05:30,25,2
564,2153116,532,508,1754568268072,2025-08-07 17:34:28.072457+05:30,25,2
565,2153218,532,510,1754568268173,2025-08-07 17:34:28.173248+05:30,25,2
566,2153318,531,514,1754568268274,2025-08-07 17:34:28.274113+05:30,25,2
567,2153419,532,514,1754568268375,2025-08-07 17:34:28.375038+05:30,25,2
568,2153520,530,513,1754568268475,2025-08-07 17:34:28.475932+05:30,25,2
569,2153621,530,509,1754568268576,2025-08-07 17:34:28.576769+05:30,25,2
570,2153721,531,514,1754568268677,2025-08-07 17:34:28.677689+05:30,25,2
571,2153823,532,505,1754568268778,2025-08-07 17:34:28.778494+05:30,25,2
572,2153923,533,513,1754568268879,2025-08-07 17:34:28.879403+05:30,25,2
573,2154024,534,515,1754568268980,2025-08-07 17:34:28.980216+05:30,25,2
574,2154125,533,509,1754568269081,2025-08-07 17:34:29.081205+05:30,25,2
575,2154226,535,507,1754568269182,2025-08-07 17:34:29.182008+05:30,25,2
576,2154327,534,514,1754568269282,2025-08-07 17:34:29.282880+05:30,25,2
577,2154428,536,511,1754568269383,2025-08-07 17:34:29.383825+05:30,25,2
578,2154528,535,513,1754568269484,2025-08-07 17:34:29.484843+05:30,25,2
579,2154630,536,512,1754568269585,2025-08-07 17:34:29.585572+05:30,25,2
580,2154730,535,515,1754568269686,2025-08-07 17:34:29.686459+05:30,25,2
581,2154831,534,511,1754568269787,2025-08-07 17:34:29.787364+05:30,25,2
582,2154933,534,508,1754568269888,2025-08-07 17:34:29.888557+05:30,25,2
583,2155033,534,511,1754568269989,2025-08-07 17:34:29.989368+05:30,25,2
584,2155134,533,509,1754568270090,2025-08-07 17:34:30.090056+05:30,25,2
585,2155235,533,510,1754568270190,2025-08-07 17:34:30.190923+05:30,25,2
586,2155336,533,509,1754568270291,2025-08-07 17:34:30.291743+05:30,25,2
587,2155437,533,513,1754568270392,2025-08-07 17:34:30.392623+05:30,25,2
588,2155538,531,514,1754568270493,2025-08-07 17:34:30.493546+05:30,25,2
589,2155638,530,509,1754568270594,2025-08-07 17:34:30.594436+05:30,25,2
590,2155740,532,510,1754568270695,2025-08-07 17:34:30.695216+05:30,25,2
591,2155840,535,510,1754568270796,2025-08-07 17:34:30.796151+05:30,25,2
592,2155941,532,516,1754568270897,2025-08-07 17:34:30.897048+05:30,25,2
593,2156042,532,513,1754568270998,2025-08-07 17:34:30.997989+05:30,25,2
594,2156143,533,509,1754568271098,2025-08-07 17:34:31.098744+05:30,25,2
595,2156243,532,514,1754568271199,2025-08-07 17:34:31.199648+05:30,25,2
596,2156345,532,515,1754568271300,2025-08-07 17:34:31.300509+05:30,25,2
597,2156445,532,513,1754568271401,2025-08-07 17:34:31.401598+05:30,25,2
598,2156547,531,518,1754568271502,2025-08-07 17:34:31.502273+05:30,25,2
599,2156647,530,514,1754568271603,2025-08-07 17:34:31.603160+05:30,25,2
600,2156748,531,510,1754568271704,2025-08-07 17:34:31.704035+05:30,25,2
601,2156849,530,511,1754568271804,2025-08-07 17:34:31.804934+05:30,25,2
602,2156950,528,510,1754568271905,2025-08-07 17:34:31.905951+05:30,25,2
603,2157050,525,514,1754568272006,2025-08-07 17:34:32.006631+05:30,25,2
604,2157152,526,512,1754568272107,2025-08-07 17:34:32.107500+05:30,25,2
605,2157252,528,516,1754568272208,2025-08-07 17:34:32.208453+05:30,25,2
606,2157353,524,514,1754568272309,2025-08-07 17:34:32.309673+05:30,25,2
607,2157454,522,513,1754568272410,2025-08-07 17:34:32.410163+05:30,25,2
608,2157555,525,506,1754568272511,2025-08-07 17:34:32.511055+05:30,25,2
609,2157657,525,508,1754568272612,2025-08-07 17:34:32.612047+05:30,25,2
610,2157757,522,514,1754568272712,2025-08-07 17:34:32.712910+05:30,25,2
611,2157858,523,514,1754568272813,2025-08-07 17:34:32.813681+05:30,25,2
612,2157959,525,510,1754568272914,2025-08-07 17:34:32.914623+05:30,25,2
613,2158060,526,508,1754568273015,2025-08-07 17:34:33.015498+05:30,25,2
614,2158160,526,514,1754568273116,2025-08-07 17:34:33.116453+05:30,25,2
615,2158262,526,513,1754568273217,2025-08-07 17:34:33.217342+05:30,25,2
616,2158362,529,511,1754568273318,2025-08-07 17:34:33.318194+05:30,25,2
617,2158464,528,515,1754568273419,2025-08-07 17:34:33.419033+05:30,25,2
618,2158564,527,512,1754568273519,2025-08-07 17:34:33.519877+05:30,25,2
619,2158665,529,510,1754568273620,2025-08-07 17:34:33.620784+05:30,25,2
620,2158766,527,512,1754568273721,2025-08-07 17:34:33.721624+05:30,25,2
621,2158867,527,511,1754568273822,2025-08-07 17:34:33.822555+05:30,25,2
622,2158967,528,508,1754568273923,2025-08-07 17:34:33.923469+05:30,25,2
623,2159069,527,513,1754568274024,2025-08-07 17:34:34.024548+05:30,25,2
624,2159169,527,513,1754568274125,2025-08-07 17:34:34.125244+05:30,25,2
625,2159270,524,511,1754568274226,2025-08-07 17:34:34.226073+05:30,25,2
626,2159371,522,512,1754568274326,2025-08-07 17:34:34.326972+05:30,25,2
627,2159472,522,513,1754568274427,2025-08-07 17:34:34.427844+05:30,25,2
628,2159572,523,512,1754568274528,2025-08-07 17:34:34.528692+05:30,25,2
629,2159674,520,514,1754568274629,2025-08-07 17:34:34.629468+05:30,25,2
630,2159774,520,516,1754568274730,2025-08-07 17:34:34.730373+05:30,25,2
631,2159876,520,513,1754568274831,2025-08-07 17:34:34.831292+05:30,25,2
632,2159976,519,507,1754568274932,2025-08-07 17:34:34.932259+05:30,25,2
633,2160077,519,515,1754568275033,2025-08-07 17:34:35.033116+05:30,25,2
634,2160178,519,513,1754568275133,2025-08-07 17:34:35.133926+05:30,25,2
635,2160279,519,512,1754568275234,2025-08-07 17:34:35.234873+05:30,25,2
636,2160379,521,511,1754568275335,2025-08-07 17:34:35.335713+05:30,25,2
637,2160481,520,512,1754568275436,2025-08-07 17:34:35.436642+05:30,25,2
638,2160581,521,514,1754568275537,2025-08-07 17:34:35.537536+05:30,25,2
639,2160683,523,511,1754568275638,2025-08-07 17:34:35.638391+05:30,25,2
640,2160784,521,508,1754568275739,2025-08-07 17:34:35.739243+05:30,25,2
641,2160884,523,506,1754568275840,2025-08-07 17:34:35.840105+05:30,25,2
642,2160986,524,510,1754568275941,2025-08-07 17:34:35.941014+05:30,25,2
643,2161086,522,514,1754568276041,2025-08-07 17:34:36.041914+05:30,25,2
644,2161187,521,513,1754568276142,2025-08-07 17:34:36.142677+05:30,25,2
645,2161288,520,513,1754568276243,2025-08-07 17:34:36.243610+05:30,25,2
646,2161389,520,511,1754568276344,2025-08-07 17:34:36.344553+05:30,25,2
647,2161489,522,513,1754568276445,2025-08-07 17:34:36.445356+05:30,25,2
648,2161591,519,515,1754568276546,2025-08-07 17:34:36.546201+05:30,25,2
649,2161691,519,512,1754568276647,2025-08-07 17:34:36.647112+05:30,25,2
650,2161793,519,513,1754568276748,2025-08-07 17:34:36.748111+05:30,25,2
651,2161893,521,511,1754568276849,2025-08-07 17:34:36.849007+05:30,25,2
652,2161994,520,511,1754568276950,2025-08-07 17:34:36.950076+05:30,25,2
653,2162095,520,515,1754568277050,2025-08-07 17:34:37.050785+05:30,25,2
654,2162196,521,509,1754568277151,2025-08-07 17:34:37.151667+05:30,25,2
655,2162296,524,512,1754568277252,2025-08-07 17:34:37.252543+05:30,25,2
656,2162398,523,513,1754568277353,2025-08-07 17:34:37.353429+05:30,25,2
657,2162498,522,513,1754568277454,2025-08-07 17:34:37.454301+05:30,25,2
658,2162599,523,513,1754568277555,2025-08-07 17:34:37.555240+05:30,25,2
659,2162700,523,512,1754568277655,2025-08-07 17:34:37.655938+05:30,25,2
660,2162801,524,514,1754568277756,2025-08-07 17:34:37.756838+05:30,25,2
661,2162902,524,512,1754568277857,2025-08-07 17:34:37.857750+05:30,25,2
662,2163003,522,513,1754568277958,2025-08-07 17:34:37.958783+05:30,25,2
663,2163103,522,512,1754568278059,2025-08-07 17:34:38.059449+05:30,25,2
664,2163205,520,512,1754568278160,2025-08-07 17:34:38.160400+05:30,25,2
665,2163305,519,510,1754568278261,2025-08-07 17:34:38.261156+05:30,25,2
666,2163406,517,515,1754568278362,2025-08-07 17:34:38.362113+05:30,25,2
667,2163507,516,513,1754568278462,2025-08-07 17:34:38.462976+05:30,25,2
668,2163608,514,515,1754568278563,2025-08-07 17:34:38.563894+05:30,25,2
669,2163708,513,513,1754568278664,2025-08-07 17:34:38.664775+05:30,25,2
670,2163810,513,515,1754568278765,2025-08-07 17:34:38.765669+05:30,25,2
671,2163911,513,507,1754568278866,2025-08-07 17:34:38.866519+05:30,25,2
672,2164012,512,512,1754568278967,2025-08-07 17:34:38.967363+05:30,25,2
673,2164113,512,513,1754568279068,2025-08-07 17:34:39.068331+05:30,25,2
674,2164213,514,516,1754568279169,2025-08-07 17:34:39.169485+05:30,25,2
675,2164315,514,515,1754568279270,2025-08-07 17:34:39.270305+05:30,25,2
676,2164415,515,511,1754568279371,2025-08-07 17:34:39.371353+05:30,25,2
677,2164516,516,511,1754568279472,2025-08-07 17:34:39.472042+05:30,25,2
678,2164617,519,512,1754568279573,2025-08-07 17:34:39.573071+05:30,25,2
679,2164718,517,512,1754568279673,2025-08-07 17:34:39.673794+05:30,25,2
680,2164818,517,519,1754568279774,2025-08-07 17:34:39.774551+05:30,25,2
681,2164920,520,514,1754568279875,2025-08-07 17:34:39.875474+05:30,25,2
682,2165020,517,507,1754568279976,2025-08-07 17:34:39.976295+05:30,25,2
683,2165122,518,512,1754568280077,2025-08-07 17:34:40.077189+05:30,25,2
684,2165222,518,513,1754568280178,2025-08-07 17:34:40.178115+05:30,25,2
685,2165323,518,511,1754568280279,2025-08-07 17:34:40.279051+05:30,25,2
686,2165424,517,516,1754568280379,2025-08-07 17:34:40.379851+05:30,25,2
687,2165525,517,513,1754568280480,2025-08-07 17:34:40.480546+05:30,25,2
688,2165625,517,511,1754568280581,2025-08-07 17:34:40.581649+05:30,25,2
689,2165727,516,514,1754568280682,2025-08-07 17:34:40.682480+05:30,25,2
690,2165827,516,512,1754568280783,2025-08-07 17:34:40.783417+05:30,25,2
691,2165928,516,510,1754568280884,2025-08-07 17:34:40.884265+05:30,25,2
692,2166029,517,517,1754568280985,2025-08-07 17:34:40.985182+05:30,25,2
693,2166130,518,514,1754568281086,2025-08-07 17:34:41.086188+05:30,25,2
694,2166231,518,515,1754568281186,2025-08-07 17:34:41.186918+05:30,25,2
695,2166332,517,511,1754568281287,2025-08-07 17:34:41.287789+05:30,25,2
696,2166432,518,510,1754568281388,2025-08-07 17:34:41.388523+05:30,25,2
697,2166534,520,511,1754568281489,2025-08-07 17:34:41.489420+05:30,25,2
698,2166634,521,516,1754568281590,2025-08-07 17:34:41.590201+05:30,25,2
699,2166735,521,513,1754568281691,2025-08-07 17:34:41.691172+05:30,25,2
700,2166836,523,512,1754568281791,2025-08-07 17:34:41.791971+05:30,25,2
701,2166937,523,510,1754568281892,2025-08-07 17:34:41.892967+05:30,25,2
702,2167038,523,516,1754568281993,2025-08-07 17:34:41.993747+05:30,25,2
703,2167139,523,512,1754568282094,2025-08-07 17:34:42.094712+05:30,25,2
704,2167240,523,514,1754568282195,2025-08-07 17:34:42.195625+05:30,25,2
705,2167341,523,510,1754568282296,2025-08-07 17:34:42.296411+05:30,25,2
706,2167442,522,515,1754568282397,2025-08-07 17:34:42.397305+05:30,25,2
707,2167542,521,512,1754568282498,2025-08-07 17:34:42.498218+05:30,25,2
708,2167644,521,513,1754568282599,2025-08-07 17:34:42.599029+05:30,25,2
709,2167744,520,512,1754568282699,2025-08-07 17:34:42.699898+05:30,25,2
710,2167845,520,513,1754568282801,2025-08-07 17:34:42.800986+05:30,25,2
711,2167946,519,514,1754568282901,2025-08-07 17:34:42.901722+05:30,25,2
712,2168047,520,512,1754568283003,2025-08-07 17:34:43.003071+05:30,25,2
713,2168147,520,510,1754568283103,2025-08-07 17:34:43.103563+05:30,25,2
714,2168249,519,510,1754568283204,2025-08-07 17:34:43.204375+05:30,25,2
715,2168349,520,512,1754568283305,2025-08-07 17:34:43.305332+05:30,25,2
716,2168451,521,511,1754568283406,2025-08-07 17:34:43.406275+05:30,25,2
717,2168551,520,513,1754568283507,2025-08-07 17:34:43.507141+05:30,25,2
718,2168652,520,514,1754568283608,2025-08-07 17:34:43.608030+05:30,25,2
719,2168753,520,516,1754568283708,2025-08-07 17:34:43.708786+05:30,25,2
720,2168854,524,512,1754568283809,2025-08-07 17:34:43.809702+05:30,25,2
721,2168954,524,514,1754568283910,2025-08-07 17:34:43.910681+05:30,25,2
722,2169056,523,514,1754568284011,2025-08-07 17:34:44.011425+05:30,25,2
723,2169156,524,515,1754568284112,2025-08-07 17:34:44.112424+05:30,25,2
724,2169257,524,508,1754568284213,2025-08-07 17:34:44.213462+05:30,25,2
725,2169358,524,510,1754568284314,2025-08-07 17:34:44.314347+05:30,25,2
726,2169459,523,518,1754568284414,2025-08-07 17:34:44.414837+05:30,25,2
727,2169560,522,514,1754568284516,2025-08-07 17:34:44.516074+05:30,25,2
728,2169661,523,511,1754568284616,2025-08-07 17:34:44.616850+05:30,25,2
729,2169761,522,517,1754568284717,2025-08-07 17:34:44.717669+05:30,25,2
730,2169863,524,513,1754568284818,2025-08-07 17:34:44.818531+05:30,25,2
731,2169964,521,511,1754568284919,2025-08-07 17:34:44.919520+05:30,25,2
732,2170064,522,515,1754568285020,2025-08-07 17:34:45.020325+05:30,25,2
733,2170166,521,509,1754568285121,2025-08-07 17:34:45.121230+05:30,25,2
734,2170266,520,514,1754568285222,2025-08-07 17:34:45.222153+05:30,25,2
735,2170368,521,519,1754568285323,2025-08-07 17:34:45.323020+05:30,25,2
736,2170468,521,513,1754568285423,2025-08-07 17:34:45.423869+05:30,25,2
737,2170569,521,511,1754568285524,2025-08-07 17:34:45.524634+05:30,25,2
738,2170670,521,511,1754568285625,2025-08-07 17:34:45.625384+05:30,25,2
739,2170771,523,514,1754568285726,2025-08-07 17:34:45.726538+05:30,25,2
740,2170871,523,512,1754568285827,2025-08-07 17:34:45.827179+05:30,25,2
741,2170973,524,515,1754568285928,2025-08-07 17:34:45.928112+05:30,25,2
742,2171073,525,514,1754568286029,2025-08-07 17:34:46.029007+05:30,25,2
743,2171174,525,510,1754568286129,2025-08-07 17:34:46.129893+05:30,25,2
744,2171275,525,515,1754568286230,2025-08-07 17:34:46.230922+05:30,25,2
745,2171376,525,513,1754568286331,2025-08-07 17:34:46.331876+05:30,25,2
746,2171476,525,511,1754568286432,2025-08-07 17:34:46.432773+05:30,25,2
747,2171578,526,511,1754568286533,2025-08-07 17:34:46.533560+05:30,25,2
748,2171678,524,515,1754568286634,2025-08-07 17:34:46.634436+05:30,25,2
749,2171780,526,514,1754568286735,2025-08-07 17:34:46.735348+05:30,25,2
750,2171880,524,513,1754568286836,2025-08-07 17:34:46.836203+05:30,25,2
751,2171981,523,513,1754568286937,2025-08-07 17:34:46.937217+05:30,25,2
752,2172082,524,509,1754568287037,2025-08-07 17:34:47.037894+05:30,25,2
753,2172183,524,513,1754568287138,2025-08-07 17:34:47.138772+05:30,25,2
754,2172283,522,517,1754568287239,2025-08-07 17:34:47.239592+05:30,25,2
755,2172385,522,509,1754568287340,2025-08-07 17:34:47.340688+05:30,25,2
756,2172485,522,511,1754568287441,2025-08-07 17:34:47.441420+05:30,25,2
757,2172587,524,511,1754568287542,2025-08-07 17:34:47.542268+05:30,25,2
758,2172687,522,513,1754568287643,2025-08-07 17:34:47.643379+05:30,25,2
759,2172788,523,513,1754568287744,2025-08-07 17:34:47.744281+05:30,25,2
760,2172890,523,516,1754568287844,2025-08-07 17:34:47.844859+05:30,25,2
761,2172990,525,512,1754568287945,2025-08-07 17:34:47.945843+05:30,25,2
762,2173091,526,511,1754568288046,2025-08-07 17:34:48.046695+05:30,25,2
763,2173192,526,508,1754568288147,2025-08-07 17:34:48.147723+05:30,25,2
764,2173293,527,514,1754568288248,2025-08-07 17:34:48.248445+05:30,25,2
765,2173393,527,514,1754568288349,2025-08-07 17:34:48.349238+05:30,25,2
766,2173495,529,513,1754568288450,2025-08-07 17:34:48.450264+05:30,25,2
767,2173595,526,514,1754568288551,2025-08-07 17:34:48.551007+05:30,25,2
768,2173697,526,512,1754568288652,2025-08-07 17:34:48.652059+05:30,25,2
769,2173797,525,514,1754568288752,2025-08-07 17:34:48.752836+05:30,25,2
770,2173898,525,513,1754568288853,2025-08-07 17:34:48.853642+05:30,25,2
771,2173999,524,512,1754568288954,2025-08-07 17:34:48.954496+05:30,25,2
772,2174100,525,517,1754568289055,2025-08-07 17:34:49.055420+05:30,25,2
773,2174200,524,509,1754568289156,2025-08-07 17:34:49.156317+05:30,25,2
774,2174302,522,509,1754568289257,2025-08-07 17:34:49.257190+05:30,25,2
775,2174402,521,509,1754568289358,2025-08-07 17:34:49.358046+05:30,25,2
776,2174503,522,507,1754568289458,2025-08-07 17:34:49.458879+05:30,25,2
777,2174604,521,514,1754568289559,2025-08-07 17:34:49.559871+05:30,25,2
778,2174705,520,517,1754568289660,2025-08-07 17:34:49.660689+05:30,25,2
779,2174806,522,509,1754568289761,2025-08-07 17:34:49.761625+05:30,25,2
780,2174907,521,511,1754568289862,2025-08-07 17:34:49.862551+05:30,25,2
781,2175007,520,513,1754568289963,2025-08-07 17:34:49.963394+05:30,25,2
782,2175109,523,509,1754568290064,2025-08-07 17:34:50.064381+05:30,25,2
783,2175209,522,514,1754568290165,2025-08-07 17:34:50.165127+05:30,25,2
784,2175310,523,511,1754568290266,2025-08-07 17:34:50.266071+05:30,25,2
785,2175411,524,514,1754568290366,2025-08-07 17:34:50.366803+05:30,25,2
786,2175512,523,511,1754568290467,2025-08-07 17:34:50.467819+05:30,25,2
787,2175613,524,512,1754568290568,2025-08-07 17:34:50.568743+05:30,25,2
788,2175714,524,514,1754568290669,2025-08-07 17:34:50.669552+05:30,25,2
789,2175815,524,504,1754568290770,2025-08-07 17:34:50.770457+05:30,25,2
790,2175916,521,514,1754568290871,2025-08-07 17:34:50.871234+05:30,25,2
791,2176017,522,516,1754568290972,2025-08-07 17:34:50.972206+05:30,25,2
792,2176117,523,512,1754568291073,2025-08-07 17:34:51.073059+05:30,25,2
793,2176219,521,509,1754568291173,2025-08-07 17:34:51.173968+05:30,25,2
794,2176319,521,515,1754568291274,2025-08-07 17:34:51.274794+05:30,25,2
795,2176420,520,508,1754568291375,2025-08-07 17:34:51.375757+05:30,25,2
796,2176521,520,516,1754568291476,2025-08-07 17:34:51.476751+05:30,25,2
797,2176622,521,508,1754568291577,2025-08-07 17:34:51.577565+05:30,25,2
798,2176722,523,510,1754568291678,2025-08-07 17:34:51.678397+05:30,25,2
799,2176824,522,515,1754568291779,2025-08-07 17:34:51.779193+05:30,25,2
800,2176924,520,514,1754568291880,2025-08-07 17:34:51.880188+05:30,25,2
801,2177026,522,513,1754568291981,2025-08-07 17:34:51.981049+05:30,25,2
802,2177126,523,512,1754568292081,2025-08-07 17:34:52.081973+05:30,25,2
803,2177227,524,508,1754568292182,2025-08-07 17:34:52.182926+05:30,25,2
804,2177328,524,515,1754568292283,2025-08-07 17:34:52.283772+05:30,25,2
805,2177429,525,514,1754568292384,2025-08-07 17:34:52.384821+05:30,25,2
806,2177529,527,513,1754568292485,2025-08-07 17:34:52.485702+05:30,25,2
807,2177631,525,513,1754568292586,2025-08-07 17:34:52.586394+05:30,25,2
808,2177731,528,510,1754568292687,2025-08-07 17:34:52.687258+05:30,25,2
809,2177832,525,515,1754568292788,2025-08-07 17:34:52.788098+05:30,25,2
810,2177933,527,513,1754568292888,2025-08-07 17:34:52.888895+05:30,25,2
811,2178034,528,511,1754568292989,2025-08-07 17:34:52.989973+05:30,25,2
812,2178135,526,512,1754568293090,2025-08-07 17:34:53.090758+05:30,25,2
813,2178236,527,511,1754568293191,2025-08-07 17:34:53.191561+05:30,25,2
814,2178336,525,512,1754568293292,2025-08-07 17:34:53.292580+05:30,25,2
815,2178438,525,508,1754568293393,2025-08-07 17:34:53.393520+05:30,25,2
816,2178539,524,506,1754568293494,2025-08-07 17:34:53.494285+05:30,25,2
817,2178639,524,516,1754568293595,2025-08-07 17:34:53.595090+05:30,25,2
818,2178741,523,512,1754568293696,2025-08-07 17:34:53.696010+05:30,25,2
819,2178841,523,510,1754568293796,2025-08-07 17:34:53.796877+05:30,25,2
820,2178942,525,507,1754568293897,2025-08-07 17:34:53.897666+05:30,25,2
821,2179043,524,513,1754568293998,2025-08-07 17:34:53.998609+05:30,25,2
822,2179144,524,510,1754568294099,2025-08-07 17:34:54.099491+05:30,25,2
823,2179245,524,516,1754568294200,2025-08-07 17:34:54.200325+05:30,25,2
824,2179346,524,511,1754568294301,2025-08-07 17:34:54.301230+05:30,25,2
825,2179446,525,515,1754568294402,2025-08-07 17:34:54.402088+05:30,25,2
826,2179548,525,509,1754568294502,2025-08-07 17:34:54.502978+05:30,25,2
827,2179648,527,515,1754568294603,2025-08-07 17:34:54.603887+05:30,25,2
828,2179749,526,507,1754568294704,2025-08-07 17:34:54.704679+05:30,25,2
829,2179850,526,514,1754568294805,2025-08-07 17:34:54.805522+05:30,25,2
830,2179951,526,508,1754568294906,2025-08-07 17:34:54.906599+05:30,25,2
831,2180051,525,509,1754568295007,2025-08-07 17:34:55.007390+05:30,25,2
832,2180153,524,511,1754568295108,2025-08-07 17:34:55.108286+05:30,25,2
833,2180253,523,508,1754568295209,2025-08-07 17:34:55.209104+05:30,25,2
834,2180355,523,515,1754568295309,2025-08-07 17:34:55.309951+05:30,25,2
835,2180455,524,510,1754568295410,2025-08-07 17:34:55.410917+05:30,25,2
836,2180556,523,514,1754568295511,2025-08-07 17:34:55.511901+05:30,25,2
837,2180657,521,512,1754568295612,2025-08-07 17:34:55.612719+05:30,25,2
838,2180758,520,515,1754568295713,2025-08-07 17:34:55.713585+05:30,25,2
839,2180858,519,513,1754568295814,2025-08-07 17:34:55.814402+05:30,25,2
840,2180960,522,509,1754568295915,2025-08-07 17:34:55.915703+05:30,25,2
841,2181060,520,519,1754568296016,2025-08-07 17:34:56.016416+05:30,25,2
842,2181161,521,513,1754568296117,2025-08-07 17:34:56.117308+05:30,25,2
843,2181262,522,509,1754568296218,2025-08-07 17:34:56.218135+05:30,25,2
844,2181363,524,513,1754568296318,2025-08-07 17:34:56.318948+05:30,25,2
845,2181465,523,510,1754568296419,2025-08-07 17:34:56.419900+05:30,25,2
846,2181565,524,515,1754568296520,2025-08-07 17:34:56.520767+05:30,25,2
847,2181666,526,515,1754568296621,2025-08-07 17:34:56.621696+05:30,25,2
848,2181767,527,511,1754568296722,2025-08-07 17:34:56.722321+05:30,25,2
849,2181868,525,513,1754568296823,2025-08-07 17:34:56.823404+05:30,25,2
850,2181968,526,512,1754568296924,2025-08-07 17:34:56.924280+05:30,25,2
851,2182070,528,511,1754568297025,2025-08-07 17:34:57.025161+05:30,25,2
852,2182170,527,513,1754568297126,2025-08-07 17:34:57.126063+05:30,25,2
853,2182272,527,513,1754568297226,2025-08-07 17:34:57.226847+05:30,25,2
854,2182372,528,514,1754568297327,2025-08-07 17:34:57.327591+05:30,25,2
855,2182473,525,512,1754568297428,2025-08-07 17:34:57.428412+05:30,25,2
856,2182574,525,511,1754568297529,2025-08-07 17:34:57.529343+05:30,25,2
857,2182675,525,508,1754568297630,2025-08-07 17:34:57.630216+05:30,25,2
858,2182775,525,511,1754568297731,2025-08-07 17:34:57.731086+05:30,25,2
859,2182877,526,511,1754568297832,2025-08-07 17:34:57.832012+05:30,25,2
860,2182977,525,518,1754568297932,2025-08-07 17:34:57.932877+05:30,25,2
861,2183078,524,513,1754568298033,2025-08-07 17:34:58.033841+05:30,25,2
862,2183179,524,512,1754568298134,2025-08-07 17:34:58.134732+05:30,25,2
863,2183280,525,513,1754568298235,2025-08-07 17:34:58.235527+05:30,25,2
864,2183380,525,515,1754568298336,2025-08-07 17:34:58.336443+05:30,25,2
865,2183482,525,511,1754568298437,2025-08-07 17:34:58.437417+05:30,25,2
866,2183582,526,511,1754568298538,2025-08-07 17:34:58.538213+05:30,25,2
867,2183684,528,515,1754568298638,2025-08-07 17:34:58.638974+05:30,25,2
868,2183784,530,509,1754568298740,2025-08-07 17:34:58.739987+05:30,25,2
869,2183885,528,515,1754568298840,2025-08-07 17:34:58.840897+05:30,25,2
870,2183986,530,509,1754568298941,2025-08-07 17:34:58.941771+05:30,25,2
871,2184087,530,509,1754568299042,2025-08-07 17:34:59.042835+05:30,25,2
872,2184187,530,512,1754568299143,2025-08-07 17:34:59.143493+05:30,25,2
873,2184289,531,512,1754568299244,2025-08-07 17:34:59.244346+05:30,25,2
874,2184389,529,511,1754568299345,2025-08-07 17:34:59.345417+05:30,25,2
875,2184491,529,514,1754568299446,2025-08-07 17:34:59.446397+05:30,25,2
876,2184592,528,512,1754568299547,2025-08-07 17:34:59.547165+05:30,25,2
877,2184692,530,512,1754568299648,2025-08-07 17:34:59.648261+05:30,25,2
878,2184794,528,515,1754568299748,2025-08-07 17:34:59.748902+05:30,25,2
879,2184894,527,514,1754568299849,2025-08-07 17:34:59.849869+05:30,25,2
880,2184995,527,509,1754568299950,2025-08-07 17:34:59.950524+05:30,25,2
881,2185096,526,506,1754568300051,2025-08-07 17:35:00.051371+05:30,25,2
882,2185197,526,516,1754568300152,2025-08-07 17:35:00.152270+05:30,25,2
883,2185297,528,512,1754568300253,2025-08-07 17:35:00.253237+05:30,25,2
884,2185399,526,512,1754568300354,2025-08-07 17:35:00.354004+05:30,25,2
885,2185499,528,512,1754568300454,2025-08-07 17:35:00.454804+05:30,25,2
886,2185601,528,514,1754568300555,2025-08-07 17:35:00.555647+05:30,25,2
887,2185701,528,515,1754568300656,2025-08-07 17:35:00.656554+05:30,25,2
888,2185802,530,511,1754568300757,2025-08-07 17:35:00.757602+05:30,25,2
889,2185903,529,512,1754568300858,2025-08-07 17:35:00.858387+05:30,25,2
890,2186004,530,508,1754568300959,2025-08-07 17:35:00.959180+05:30,25,2
891,2186104,531,514,1754568301060,2025-08-07 17:35:01.060132+05:30,25,2
892,2186206,530,516,1754568301161,2025-08-07 17:35:01.161031+05:30,25,2
893,2186306,531,512,1754568301261,2025-08-07 17:35:01.261863+05:30,25,2
894,2186407,531,510,1754568301362,2025-08-07 17:35:01.362844+05:30,25,2
895,2186508,531,513,1754568301463,2025-08-07 17:35:01.463758+05:30,25,2
896,2186609,532,511,1754568301564,2025-08-07 17:35:01.564477+05:30,25,2
897,2186710,531,511,1754568301665,2025-08-07 17:35:01.665434+05:30,25,2
898,2186811,532,509,1754568301766,2025-08-07 17:35:01.766278+05:30,25,2
899,2186911,532,515,1754568301867,2025-08-07 17:35:01.867174+05:30,25,2
900,2187013,529,512,1754568301968,2025-08-07 17:35:01.968278+05:30,25,2
901,2187113,529,517,1754568302069,2025-08-07 17:35:02.069011+05:30,25,2
902,2187214,529,508,1754568302169,2025-08-07 17:35:02.169924+05:30,25,2
903,2187315,527,512,1754568302270,2025-08-07 17:35:02.270954+05:30,25,2
904,2187416,527,508,1754568302371,2025-08-07 17:35:02.371605+05:30,25,2
905,2187516,528,516,1754568302472,2025-08-07 17:35:02.472397+05:30,25,2
906,2187618,527,514,1754568302573,2025-08-07 17:35:02.573357+05:30,25,2
907,2187719,526,514,1754568302674,2025-08-07 17:35:02.674324+05:30,25,2
908,2187820,525,512,1754568302775,2025-08-07 17:35:02.775288+05:30,25,2
909,2187921,528,507,1754568302875,2025-08-07 17:35:02.875971+05:30,25,2
910,2188021,527,509,1754568302976,2025-08-07 17:35:02.976879+05:30,25,2
911,2188123,527,518,1754568303077,2025-08-07 17:35:03.077721+05:30,25,2
912,2188223,527,516,1754568303178,2025-08-07 17:35:03.178583+05:30,25,2
913,2188324,526,511,1754568303279,2025-08-07 17:35:03.279474+05:30,25,2
914,2188425,525,513,1754568303380,2025-08-07 17:35:03.380301+05:30,25,2
915,2188526,526,513,1754568303481,2025-08-07 17:35:03.481280+05:30,25,2
916,2188626,525,511,1754568303582,2025-08-07 17:35:03.582139+05:30,25,2
917,2188728,524,513,1754568303683,2025-08-07 17:35:03.683006+05:30,25,2
918,2188828,524,515,1754568303784,2025-08-07 17:35:03.783994+05:30,25,2
919,2188930,523,514,1754568303884,2025-08-07 17:35:03.884743+05:30,25,2
920,2189030,522,515,1754568303985,2025-08-07 17:35:03.985589+05:30,25,2
921,2189131,521,511,1754568304086,2025-08-07 17:35:04.086605+05:30,25,2
922,2189232,521,511,1754568304187,2025-08-07 17:35:04.187426+05:30,25,2
923,2189333,523,510,1754568304288,2025-08-07 17:35:04.288422+05:30,25,2
924,2189433,521,514,1754568304389,2025-08-07 17:35:04.389304+05:30,25,2
925,2189535,520,513,1754568304490,2025-08-07 17:35:04.490132+05:30,25,2
926,2189635,519,508,1754568304590,2025-08-07 17:35:04.590932+05:30,25,2
927,2189736,520,514,1754568304691,2025-08-07 17:35:04.691767+05:30,25,2
928,2189837,521,515,1754568304792,2025-08-07 17:35:04.792758+05:30,25,2
929,2189938,520,513,1754568304893,2025-08-07 17:35:04.893649+05:30,25,2
930,2190039,522,513,1754568304994,2025-08-07 17:35:04.994398+05:30,25,2
931,2190140,521,512,1754568305095,2025-08-07 17:35:05.095385+05:30,25,2
932,2190240,524,511,1754568305196,2025-08-07 17:35:05.196255+05:30,25,2
933,2190342,523,514,1754568305297,2025-08-07 17:35:05.297159+05:30,25,2
934,2190443,524,513,1754568305398,2025-08-07 17:35:05.398034+05:30,25,2
935,2190543,524,514,1754568305499,2025-08-07 17:35:05.499056+05:30,25,2
936,2190645,525,512,1754568305599,2025-08-07 17:35:05.599881+05:30,25,2
937,2190745,526,515,1754568305700,2025-08-07 17:35:05.700662+05:30,25,2
938,2190846,527,515,1754568305801,2025-08-07 17:35:05.801487+05:30,25,2
939,2190947,525,513,1754568305902,2025-08-07 17:35:05.902410+05:30,25,2
940,2191048,525,513,1754568306003,2025-08-07 17:35:06.003229+05:30,25,2
941,2191149,525,513,1754568306104,2025-08-07 17:35:06.104141+05:30,25,2
942,2191250,525,517,1754568306205,2025-08-07 17:35:06.205047+05:30,25,2
943,2191350,523,512,1754568306305,2025-08-07 17:35:06.305926+05:30,25,2
944,2191452,524,510,1754568306406,2025-08-07 17:35:06.406884+05:30,25,2
945,2191552,522,512,1754568306507,2025-08-07 17:35:06.507813+05:30,25,2
946,2191653,524,510,1754568306608,2025-08-07 17:35:06.608546+05:30,25,2
947,2191754,522,517,1754568306709,2025-08-07 17:35:06.709367+05:30,25,2
948,2191855,523,516,1754568306810,2025-08-07 17:35:06.810395+05:30,25,2
949,2191955,522,515,1754568306911,2025-08-07 17:35:06.911423+05:30,25,2
950,2192057,524,510,1754568307012,2025-08-07 17:35:07.012295+05:30,25,2
951,2192157,524,513,1754568307113,2025-08-07 17:35:07.113006+05:30,25,2
952,2192259,525,512,1754568307213,2025-08-07 17:35:07.213940+05:30,25,2
953,2192359,525,514,1754568307314,2025-08-07 17:35:07.314972+05:30,25,2
954,2192460,525,514,1754568307415,2025-08-07 17:35:07.415710+05:30,25,2
955,2192561,527,512,1754568307516,2025-08-07 17:35:07.516669+05:30,25,2
956,2192662,528,512,1754568307617,2025-08-07 17:35:07.617612+05:30,25,2
957,2192762,526,513,1754568307718,2025-08-07 17:35:07.718469+05:30,25,2
958,2192864,526,513,1754568307819,2025-08-07 17:35:07.819179+05:30,25,2
959,2192964,526,510,1754568307920,2025-08-07 17:35:07.919999+05:30,25,2
960,2193065,526,516,1754568308020,2025-08-07 17:35:08.020916+05:30,25,2
961,2193166,527,514,1754568308121,2025-08-07 17:35:08.121901+05:30,25,2
962,2193267,523,516,1754568308222,2025-08-07 17:35:08.222614+05:30,25,2
963,2193369,523,512,1754568308323,2025-08-07 17:35:08.323495+05:30,25,2
964,2193469,522,510,1754568308424,2025-08-07 17:35:08.424478+05:30,25,2
965,2193570,521,512,1754568308525,2025-08-07 17:35:08.525591+05:30,25,2
966,2193671,519,516,1754568308626,2025-08-07 17:35:08.626325+05:30,25,2
967,2193772,520,516,1754568308727,2025-08-07 17:35:08.727164+05:30,25,2
968,2193872,518,514,1754568308827,2025-08-07 17:35:08.827966+05:30,25,2
969,2193974,518,514,1754568308928,2025-08-07 17:35:08.928887+05:30,25,2
970,2194074,517,513,1754568309029,2025-08-07 17:35:09.029825+05:30,25,2
971,2194176,517,512,1754568309130,2025-08-07 17:35:09.130695+05:30,25,2
972,2194276,518,511,1754568309231,2025-08-07 17:35:09.231452+05:30,25,2
973,2194377,516,514,1754568309332,2025-08-07 17:35:09.332272+05:30,25,2
974,2194478,516,510,1754568309433,2025-08-07 17:35:09.433167+05:30,25,2
975,2194579,515,517,1754568309534,2025-08-07 17:35:09.534098+05:30,25,2
976,2194679,515,515,1754568309634,2025-08-07 17:35:09.634946+05:30,25,2
977,2194781,514,510,1754568309735,2025-08-07 17:35:09.735972+05:30,25,2
978,2194881,515,516,1754568309836,2025-08-07 17:35:09.836768+05:30,25,2
979,2194982,513,514,1754568309937,2025-08-07 17:35:09.937651+05:30,25,2
980,2195083,511,514,1754568310038,2025-08-07 17:35:10.038465+05:30,25,2
981,2195184,510,515,1754568310139,2025-08-07 17:35:10.139517+05:30,25,2
982,2195284,511,510,1754568310240,2025-08-07 17:35:10.240438+05:30,25,2
983,2195386,510,513,1754568310341,2025-08-07 17:35:10.341302+05:30,25,2
984,2195486,509,518,1754568310442,2025-08-07 17:35:10.442193+05:30,25,2
985,2195588,509,514,1754568310543,2025-08-07 17:35:10.543114+05:30,25,2
986,2195688,508,514,1754568310644,2025-08-07 17:35:10.644010+05:30,25,2
987,2195789,507,510,1754568310744,2025-08-07 17:35:10.744845+05:30,25,2
988,2195890,510,514,1754568310845,2025-08-07 17:35:10.845608+05:30,25,2
989,2195991,507,516,1754568310946,2025-08-07 17:35:10.946499+05:30,25,2
990,2196092,508,517,1754568311047,2025-08-07 17:35:11.047509+05:30,25,2
991,2196193,508,516,1754568311148,2025-08-07 17:35:11.148374+05:30,25,2
992,2196294,510,511,1754568311249,2025-08-07 17:35:11.249052+05:30,25,2
993,2196395,508,515,1754568311349,2025-08-07 17:35:11.349912+05:30,25,2
994,2196496,509,515,1754568311451,2025-08-07 17:35:11.451121+05:30,25,2
995,2196596,510,511,1754568311552,2025-08-07 17:35:11.551994+05:30,25,2
996,2196698,512,511,1754568311653,2025-08-07 17:35:11.652991+05:30,25,2
997,2196798,513,519,1754568311753,2025-08-07 17:35:11.753663+05:30,25,2
998,2196899,512,514,1754568311854,2025-08-07 17:35:11.854540+05:30,25,2
999,2197000,514,515,1754568311955,2025-08-07 17:35:11.955241+05:30,25,2
1000,2197101,514,512,1754568312056,2025-08-07 17:35:12.056127+05:30,25,2
1001,2197201,515,509,1754568312157,2025-08-07 17:35:12.157013+05:30,25,2
1002,2197303,514,516,1754568312257,2025-08-07 17:35:12.257860+05:30,25,2
1003,2197403,513,518,1754568312358,2025-08-07 17:35:12.358756+05:30,25,2
1004,2197505,513,514,1754568312459,2025-08-07 17:35:12.459652+05:30,25,2
1005,2197605,514,512,1754568312560,2025-08-07 17:35:12.560527+05:30,25,2
1006,2197706,514,517,1754568312661,2025-08-07 17:35:12.661337+05:30,25,2
1007,2197807,513,512,1754568312762,2025-08-07 17:35:12.762340+05:30,25,2
1008,2197908,511,512,1754568312863,2025-08-07 17:35:12.863229+05:30,25,2
1009,2198008,513,515,1754568312964,2025-08-07 17:35:12.964169+05:30,25,2
1010,2198110,513,513,1754568313064,2025-08-07 17:35:13.064956+05:30,25,2
1011,2198210,511,515,1754568313165,2025-08-07 17:35:13.165869+05:30,25,2
1012,2198311,513,515,1754568313266,2025-08-07 17:35:13.266774+05:30,25,2
1013,2198412,513,511,1754568313367,2025-08-07 17:35:13.367621+05:30,25,2
1014,2198513,514,517,1754568313468,2025-08-07 17:35:13.468426+05:30,25,2
1015,2198614,514,516,1754568313569,2025-08-07 17:35:13.569354+05:30,25,2
1016,2198715,514,516,1754568313670,2025-08-07 17:35:13.670224+05:30,25,2
1017,2198816,516,517,1754568313771,2025-08-07 17:35:13.771130+05:30,25,2
1018,2198917,516,515,1754568313871,2025-08-07 17:35:13.871954+05:30,25,2
1019,2199018,519,511,1754568313972,2025-08-07 17:35:13.972936+05:30,25,2
1020,2199118,518,516,1754568314073,2025-08-07 17:35:14.073741+05:30,25,2
1021,2199220,519,515,1754568314174,2025-08-07 17:35:14.174664+05:30,25,2
1022,2199320,517,516,1754568314275,2025-08-07 17:35:14.275515+05:30,25,2
1023,2199421,518,511,1754568314376,2025-08-07 17:35:14.376390+05:30,25,2
1024,2199522,517,514,1754568314477,2025-08-07 17:35:14.477330+05:30,25,2
1025,2199623,518,515,1754568314578,2025-08-07 17:35:14.578211+05:30,25,2
1026,2199724,515,517,1754568314679,2025-08-07 17:35:14.679084+05:30,25,2
1027,2199825,515,515,1754568314779,2025-08-07 17:35:14.779832+05:30,25,2
1028,2199925,515,518,1754568314880,2025-08-07 17:35:14.880842+05:30,25,2
1029,2200027,514,516,1754568314981,2025-08-07 17:35:14.981657+05:30,25,2
1030,2200127,513,516,1754568315082,2025-08-07 17:35:15.082567+05:30,25,2
1031,2200228,513,515,1754568315183,2025-08-07 17:35:15.183413+05:30,25,2
1032,2200329,511,514,1754568315284,2025-08-07 17:35:15.284391+05:30,25,2
1033,2200430,512,515,1754568315385,2025-08-07 17:35:15.385298+05:30,25,2
1034,2200530,511,512,1754568315486,2025-08-07 17:35:15.486055+05:30,25,2
1035,2200632,512,515,1754568315587,2025-08-07 17:35:15.587069+05:30,25,2
1036,2200732,512,518,1754568315687,2025-08-07 17:35:15.687866+05:30,25,2
1037,2200834,512,515,1754568315788,2025-08-07 17:35:15.788773+05:30,25,2
1038,2200934,514,516,1754568315889,2025-08-07 17:35:15.889685+05:30,25,2
1039,2201035,515,520,1754568315990,2025-08-07 17:35:15.990544+05:30,25,2
1040,2201136,514,518,1754568316091,2025-08-07 17:35:16.091384+05:30,25,2
1041,2201237,515,517,1754568316192,2025-08-07 17:35:16.192326+05:30,25,2
1042,2201337,514,516,1754568316293,2025-08-07 17:35:16.293220+05:30,25,2
1043,2201439,516,516,1754568316394,2025-08-07 17:35:16.394042+05:30,25,2
1044,2201540,516,517,1754568316494,2025-08-07 17:35:16.494942+05:30,25,2
1045,2201640,515,517,1754568316595,2025-08-07 17:35:16.595782+05:30,25,2
1046,2201742,515,515,1754568316696,2025-08-07 17:35:16.696785+05:30,25,2
1047,2201842,515,519,1754568316797,2025-08-07 17:35:16.797651+05:30,25,2
1048,2201944,514,517,1754568316898,2025-08-07 17:35:16.898445+05:30,25,2
1049,2202044,513,521,1754568316999,2025-08-07 17:35:16.999267+05:30,25,2
1050,2202145,511,517,1754568317100,2025-08-07 17:35:17.100276+05:30,25,2
1051,2202246,510,513,1754568317201,2025-08-07 17:35:17.201223+05:30,25,2
1052,2202347,507,527,1754568317301,2025-08-07 17:35:17.301923+05:30,25,2
1053,2202447,505,519,1754568317402,2025-08-07 17:35:17.402895+05:30,25,2
1054,2202549,503,517,1754568317503,2025-08-07 17:35:17.503762+05:30,25,2
1055,2202649,504,517,1754568317604,2025-08-07 17:35:17.604757+05:30,25,2
1056,2202750,503,514,1754568317705,2025-08-07 17:35:17.705483+05:30,25,2
1057,2202851,501,520,1754568317806,2025-08-07 17:35:17.806359+05:30,25,2
1058,2202952,500,515,1754568317907,2025-08-07 17:35:17.907300+05:30,25,2
1059,2203053,500,518,1754568318008,2025-08-07 17:35:18.008113+05:30,25,2
1060,2203154,503,516,1754568318108,2025-08-07 17:35:18.108949+05:30,25,2
1061,2203254,503,517,1754568318209,2025-08-07 17:35:18.209949+05:30,25,2
1062,2203356,502,515,1754568318310,2025-08-07 17:35:18.310793+05:30,25,2
1063,2203456,503,520,1754568318411,2025-08-07 17:35:18.411590+05:30,25,2
1064,2203557,503,517,1754568318512,2025-08-07 17:35:18.512539+05:30,25,2
1065,2203658,504,515,1754568318613,2025-08-07 17:35:18.613567+05:30,25,2
1066,2203759,503,519,1754568318714,2025-08-07 17:35:18.714322+05:30,25,2
1067,2203859,503,516,1754568318815,2025-08-07 17:35:18.815169+05:30,25,2
1068,2203961,504,518,1754568318916,2025-08-07 17:35:18.916220+05:30,25,2
1069,2204061,502,519,1754568319016,2025-08-07 17:35:19.016962+05:30,25,2
1070,2204163,502,519,1754568319117,2025-08-07 17:35:19.117919+05:30,25,2
1071,2204263,504,520,1754568319218,2025-08-07 17:35:19.218709+05:30,25,2
1072,2204364,501,518,1754568319319,2025-08-07 17:35:19.319601+05:30,25,2
1073,2204465,501,517,1754568319420,2025-08-07 17:35:19.420677+05:30,25,2
1074,2204566,501,517,1754568319521,2025-08-07 17:35:19.521707+05:30,25,2
1075,2204667,503,514,1754568319622,2025-08-07 17:35:19.622480+05:30,25,2
1076,2204768,506,516,1754568319723,2025-08-07 17:35:19.723137+05:30,25,2
1077,2204869,502,522,1754568319824,2025-08-07 17:35:19.824020+05:30,25,2
1078,2204969,503,519,1754568319924,2025-08-07 17:35:19.924927+05:30,25,2
1079,2205071,503,518,1754568320025,2025-08-07 17:35:20.025796+05:30,25,2
1080,2205171,505,519,1754568320126,2025-08-07 17:35:20.126777+05:30,25,2
1081,2205273,505,519,1754568320227,2025-08-07 17:35:20.227642+05:30,25,2
1082,2205373,508,520,1754568320328,2025-08-07 17:35:20.328422+05:30,25,2
1083,2205474,507,519,1754568320429,2025-08-07 17:35:20.429371+05:30,25,2
1084,2205575,509,517,1754568320530,2025-08-07 17:35:20.530136+05:30,25,2
1085,2205676,508,519,1754568320630,2025-08-07 17:35:20.630958+05:30,25,2
1086,2205776,508,520,1754568320731,2025-08-07 17:35:20.731913+05:30,25,2
1087,2205878,508,515,1754568320832,2025-08-07 17:35:20.832911+05:30,25,2
1088,2205978,508,519,1754568320933,2025-08-07 17:35:20.933613+05:30,25,2
1089,2206080,508,520,1754568321034,2025-08-07 17:35:21.034533+05:30,25,2
1090,2206180,507,519,1754568321135,2025-08-07 17:35:21.135498+05:30,25,2
1091,2206281,507,521,1754568321236,2025-08-07 17:35:21.236320+05:30,25,2
1092,2206382,508,517,1754568321337,2025-08-07 17:35:21.337280+05:30,25,2
1093,2206483,507,517,1754568321437,2025-08-07 17:35:21.437981+05:30,25,2
1094,2206583,505,522,1754568321539,2025-08-07 17:35:21.539108+05:30,25,2
1095,2206685,505,522,1754568321640,2025-08-07 17:35:21.640001+05:30,25,2
1096,2206785,501,518,1754568321740,2025-08-07 17:35:21.740808+05:30,25,2
1097,2206886,503,514,1754568321841,2025-08-07 17:35:21.841592+05:30,25,2
1098,2206987,503,517,1754568321942,2025-08-07 17:35:21.942464+05:30,25,2
1099,2207088,500,520,1754568322043,2025-08-07 17:35:22.043306+05:30,25,2
1100,2207188,500,523,1754568322144,2025-08-07 17:35:22.144344+05:30,25,2
1101,2207290,499,521,1754568322245,2025-08-07 17:35:22.245207+05:30,25,2
1102,2207390,499,520,1754568322346,2025-08-07 17:35:22.345997+05:30,25,2
1103,2207492,500,521,1754568322446,2025-08-07 17:35:22.446819+05:30,25,2
1104,2207593,500,520,1754568322547,2025-08-07 17:35:22.547751+05:30,25,2
1105,2207693,498,519,1754568322648,2025-08-07 17:35:22.648702+05:30,25,2
1106,2207795,499,522,1754568322749,2025-08-07 17:35:22.749543+05:30,25,2
1107,2207895,499,519,1754568322850,2025-08-07 17:35:22.850654+05:30,25,2
1108,2207996,499,519,1754568322951,2025-08-07 17:35:22.951218+05:30,25,2
1109,2208097,498,518,1754568323052,2025-08-07 17:35:23.052184+05:30,25,2
1110,2208198,497,520,1754568323153,2025-08-07 17:35:23.153062+05:30,25,2
1111,2208299,498,517,1754568323254,2025-08-07 17:35:23.254058+05:30,25,2
1112,2208400,496,518,1754568323354,2025-08-07 17:35:23.354938+05:30,25,2
1113,2208500,495,523,1754568323455,2025-08-07 17:35:23.455916+05:30,25,2
1114,2208602,494,520,1754568323556,2025-08-07 17:35:23.556590+05:30,25,2
1115,2208702,493,513,1754568323657,2025-08-07 17:35:23.657709+05:30,25,2
1116,2208803,496,518,1754568323758,2025-08-07 17:35:23.758451+05:30,25,2
1117,2208904,493,516,1754568323859,2025-08-07 17:35:23.859279+05:30,25,2
1118,2209005,493,517,1754568323960,2025-08-07 17:35:23.960205+05:30,25,2
1119,2209105,495,515,1754568324061,2025-08-07 17:35:24.061007+05:30,25,2
1120,2209207,495,520,1754568324162,2025-08-07 17:35:24.161993+05:30,25,2
1121,2209307,497,514,1754568324262,2025-08-07 17:35:24.262658+05:30,25,2
1122,2209409,496,518,1754568324363,2025-08-07 17:35:24.363481+05:30,25,2
1123,2209509,497,516,1754568324464,2025-08-07 17:35:24.464421+05:30,25,2
1124,2209610,499,517,1754568324565,2025-08-07 17:35:24.565400+05:30,25,2
1125,2209711,499,518,1754568324666,2025-08-07 17:35:24.666171+05:30,25,2
1126,2209812,502,518,1754568324767,2025-08-07 17:35:24.767118+05:30,25,2
1127,2209912,501,518,1754568324867,2025-08-07 17:35:24.867857+05:30,25,2
1128,2210014,502,518,1754568324968,2025-08-07 17:35:24.968792+05:30,25,2
1129,2210114,503,515,1754568325069,2025-08-07 17:35:25.069745+05:30,25,2
1130,2210215,502,519,1754568325170,2025-08-07 17:35:25.170606+05:30,25,2
1131,2210316,502,522,1754568325271,2025-08-07 17:35:25.271620+05:30,25,2
1132,2210417,501,521,1754568325372,2025-08-07 17:35:25.372438+05:30,25,2
1133,2210519,500,518,1754568325473,2025-08-07 17:35:25.473395+05:30,25,2
1134,2210619,502,516,1754568325574,2025-08-07 17:35:25.574096+05:30,25,2
1135,2210720,502,519,1754568325675,2025-08-07 17:35:25.675050+05:30,25,2
1136,2210821,501,520,1754568325776,2025-08-07 17:35:25.776031+05:30,25,2
1137,2210922,499,521,1754568325876,2025-08-07 17:35:25.876804+05:30,25,2
1138,2211022,499,520,1754568325977,2025-08-07 17:35:25.977586+05:30,25,2
1139,2211124,500,520,1754568326078,2025-08-07 17:35:26.078570+05:30,25,2
1140,2211224,500,524,1754568326179,2025-08-07 17:35:26.179388+05:30,25,2
1141,2211325,500,516,1754568326280,2025-08-07 17:35:26.280256+05:30,25,2
1142,2211426,500,523,1754568326381,2025-08-07 17:35:26.381131+05:30,25,2
1143,2211527,501,520,1754568326482,2025-08-07 17:35:26.482232+05:30,25,2
1144,2211628,502,522,1754568326583,2025-08-07 17:35:26.583083+05:30,25,2
1145,2211729,504,521,1754568326683,2025-08-07 17:35:26.683852+05:30,25,2
1146,2211829,503,519,1754568326784,2025-08-07 17:35:26.784865+05:30,25,2
1147,2211931,505,518,1754568326885,2025-08-07 17:35:26.885603+05:30,25,2
1148,2212031,505,523,1754568326986,2025-08-07 17:35:26.986616+05:30,25,2
1149,2212132,505,521,1754568327087,2025-08-07 17:35:27.087303+05:30,25,2
1150,2212233,505,522,1754568327188,2025-08-07 17:35:27.188344+05:30,25,2
1151,2212334,504,526,1754568327289,2025-08-07 17:35:27.289140+05:30,25,2
1152,2212434,505,520,1754568327390,2025-08-07 17:35:27.390236+05:30,25,2
1153,2212536,507,519,1754568327491,2025-08-07 17:35:27.491229+05:30,25,2
1154,2212636,505,521,1754568327591,2025-08-07 17:35:27.591856+05:30,25,2
1155,2212738,503,522,1754568327692,2025-08-07 17:35:27.692627+05:30,25,2
1156,2212838,501,521,1754568327793,2025-08-07 17:35:27.793512+05:30,25,2
1157,2212939,503,517,1754568327894,2025-08-07 17:35:27.894412+05:30,25,2
1158,2213040,502,522,1754568327995,2025-08-07 17:35:27.995362+05:30,25,2
1159,2213141,502,518,1754568328096,2025-08-07 17:35:28.096233+05:30,25,2
1160,2213241,502,523,1754568328197,2025-08-07 17:35:28.197126+05:30,25,2
1161,2213343,503,520,1754568328297,2025-08-07 17:35:28.297922+05:30,25,2
1162,2213444,504,519,1754568328398,2025-08-07 17:35:28.398915+05:30,25,2
1163,2213544,503,521,1754568328499,2025-08-07 17:35:28.499729+05:30,25,2
1164,2213646,504,520,1754568328600,2025-08-07 17:35:28.600620+05:30,25,2
1165,2213746,505,519,1754568328701,2025-08-07 17:35:28.701384+05:30,25,2
1166,2213848,506,518,1754568328802,2025-08-07 17:35:28.802354+05:30,25,2
1167,2213948,507,518,1754568328903,2025-08-07 17:35:28.903322+05:30,25,2
1168,2214049,508,523,1754568329004,2025-08-07 17:35:29.004108+05:30,25,2
1169,2214150,509,520,1754568329104,2025-08-07 17:35:29.104945+05:30,25,2
1170,2214251,508,520,1754568329205,2025-08-07 17:35:29.205889+05:30,25,2
1171,2214351,508,521,1754568329306,2025-08-07 17:35:29.306854+05:30,25,2
1172,2214453,508,518,1754568329407,2025-08-07 17:35:29.407811+05:30,25,2
1173,2214553,507,517,1754568329508,2025-08-07 17:35:29.508586+05:30,25,2
1174,2214654,507,519,1754568329609,2025-08-07 17:35:29.609390+05:30,25,2
1175,2214755,507,518,1754568329710,2025-08-07 17:35:29.710322+05:30,25,2
1176,2214856,507,519,1754568329811,2025-08-07 17:35:29.811310+05:30,25,2
1177,2214957,506,515,1754568329912,2025-08-07 17:35:29.912058+05:30,25,2
1178,2215058,505,520,1754568330013,2025-08-07 17:35:30.013075+05:30,25,2
1179,2215158,506,512,1754568330113,2025-08-07 17:35:30.113929+05:30,25,2
1180,2215260,505,523,1754568330215,2025-08-07 17:35:30.215133+05:30,25,2
1181,2215360,506,518,1754568330315,2025-08-07 17:35:30.315600+05:30,25,2
1182,2215461,505,522,1754568330416,2025-08-07 17:35:30.416403+05:30,25,2
1183,2215562,506,520,1754568330517,2025-08-07 17:35:30.517371+05:30,25,2
1184,2215663,507,518,1754568330618,2025-08-07 17:35:30.618095+05:30,25,2
1185,2215763,507,520,1754568330719,2025-08-07 17:35:30.719111+05:30,25,2
1186,2215865,509,521,1754568330819,2025-08-07 17:35:30.819914+05:30,25,2
1187,2215965,508,525,1754568330920,2025-08-07 17:35:30.920786+05:30,25,2
1188,2216067,509,518,1754568331021,2025-08-07 17:35:31.021741+05:30,25,2
1189,2216168,509,519,1754568331122,2025-08-07 17:35:31.122733+05:30,25,2
1190,2216268,512,519,1754568331223,2025-08-07 17:35:31.223600+05:30,25,2
1191,2216370,510,521,1754568331324,2025-08-07 17:35:31.324455+05:30,25,2
1192,2216470,510,522,1754568331425,2025-08-07 17:35:31.425245+05:30,25,2
1193,2216571,510,525,1754568331526,2025-08-07 17:35:31.526191+05:30,25,2
1194,2216672,510,517,1754568331627,2025-08-07 17:35:31.627021+05:30,25,2
1195,2216773,509,521,1754568331728,2025-08-07 17:35:31.728098+05:30,25,2
1196,2216873,508,523,1754568331828,2025-08-07 17:35:31.828862+05:30,25,2
1197,2216975,507,524,1754568331929,2025-08-07 17:35:31.929671+05:30,25,2
1198,2217075,506,528,1754568332030,2025-08-07 17:35:32.030590+05:30,25,2
1199,2217177,508,524,1754568332131,2025-08-07 17:35:32.131670+05:30,25,2
1200,2217277,506,525,1754568332232,2025-08-07 17:35:32.232402+05:30,25,2
1201,2217378,505,527,1754568332333,2025-08-07 17:35:32.333343+05:30,25,2
1202,2217479,505,522,1754568332434,2025-08-07 17:35:32.434038+05:30,25,2
1203,2217580,508,524,1754568332534,2025-08-07 17:35:32.534801+05:30,25,2
1204,2217680,507,518,1754568332635,2025-08-07 17:35:32.635880+05:30,25,2
1205,2217782,507,530,1754568332736,2025-08-07 17:35:32.736579+05:30,25,2
1206,2217882,507,526,1754568332837,2025-08-07 17:35:32.837484+05:30,25,2
1207,2217984,508,522,1754568332938,2025-08-07 17:35:32.938463+05:30,25,2
1208,2218084,510,523,1754568333039,2025-08-07 17:35:33.039376+05:30,25,2
1209,2218185,511,522,1754568333140,2025-08-07 17:35:33.140356+05:30,25,2
1210,2218286,510,524,1754568333241,2025-08-07 17:35:33.241120+05:30,25,2
1211,2218387,511,523,1754568333341,2025-08-07 17:35:33.341912+05:30,25,2
1212,2218487,510,523,1754568333442,2025-08-07 17:35:33.442856+05:30,25,2
1213,2218589,510,524,1754568333543,2025-08-07 17:35:33.543725+05:30,25,2
1214,2218689,510,524,1754568333644,2025-08-07 17:35:33.644584+05:30,25,2
1215,2218790,510,520,1754568333745,2025-08-07 17:35:33.745494+05:30,25,2
1216,2218891,509,527,1754568333846,2025-08-07 17:35:33.846313+05:30,25,2
1217,2218992,508,524,1754568333947,2025-08-07 17:35:33.947229+05:30,25,2
1218,2219094,510,521,1754568334048,2025-08-07 17:35:34.048089+05:30,25,2
1219,2219194,508,523,1754568334149,2025-08-07 17:35:34.149019+05:30,25,2
1220,2219295,509,524,1754568334249,2025-08-07 17:35:34.249851+05:30,25,2
1221,2219396,508,525,1754568334350,2025-08-07 17:35:34.350849+05:30,25,2
1222,2219497,509,521,1754568334451,2025-08-07 17:35:34.451645+05:30,25,2
1223,2219597,509,527,1754568334552,2025-08-07 17:35:34.552587+05:30,25,2
1224,2219699,508,526,1754568334653,2025-08-07 17:35:34.653405+05:30,25,2
1225,2219799,509,521,1754568334754,2025-08-07 17:35:34.754297+05:30,25,2
1226,2219900,511,523,1754568334855,2025-08-07 17:35:34.855192+05:30,25,2
1227,2220001,510,523,1754568334956,2025-08-07 17:35:34.956016+05:30,25,2
1228,2220102,512,523,1754568335056,2025-08-07 17:35:35.056928+05:30,25,2
1229,2220203,512,526,1754568335157,2025-08-07 17:35:35.157816+05:30,25,2
1230,2220304,514,520,1754568335258,2025-08-07 17:35:35.258794+05:30,25,2
1231,2220404,514,521,1754568335359,2025-08-07 17:35:35.359527+05:30,25,2
1232,2220506,514,522,1754568335460,2025-08-07 17:35:35.460496+05:30,25,2
1233,2220606,514,521,1754568335561,2025-08-07 17:35:35.561344+05:30,25,2
1234,2220707,513,519,1754568335662,2025-08-07 17:35:35.662250+05:30,25,2
1235,2220808,513,520,1754568335763,2025-08-07 17:35:35.763109+05:30,25,2
1236,2220909,512,518,1754568335863,2025-08-07 17:35:35.863944+05:30,25,2
1237,2221009,512,519,1754568335964,2025-08-07 17:35:35.964884+05:30,25,2
1238,2221111,510,518,1754568336065,2025-08-07 17:35:36.065749+05:30,25,2
1239,2221211,508,522,1754568336166,2025-08-07 17:35:36.166640+05:30,25,2
1240,2221313,507,519,1754568336267,2025-08-07 17:35:36.267455+05:30,25,2
1241,2221413,508,519,1754568336368,2025-08-07 17:35:36.368392+05:30,25,2
1242,2221514,506,518,1754568336469,2025-08-07 17:35:36.469347+05:30,25,2
1243,2221615,506,516,1754568336570,2025-08-07 17:35:36.570164+05:30,25,2
1244,2221716,505,522,1754568336671,2025-08-07 17:35:36.670997+05:30,25,2
1245,2221817,505,518,1754568336771,2025-08-07 17:35:36.771970+05:30,25,2
1246,2221918,505,518,1754568336872,2025-08-07 17:35:36.872802+05:30,25,2
1247,2222019,503,513,1754568336973,2025-08-07 17:35:36.973675+05:30,25,2
1248,2222119,505,523,1754568337074,2025-08-07 17:35:37.074506+05:30,25,2
1249,2222221,507,516,1754568337175,2025-08-07 17:35:37.175423+05:30,25,2
1250,2222321,507,516,1754568337276,2025-08-07 17:35:37.276372+05:30,25,2
1251,2222423,505,519,1754568337377,2025-08-07 17:35:37.377284+05:30,25,2
1252,2222523,507,518,1754568337478,2025-08-07 17:35:37.478032+05:30,25,2
1253,2222624,507,516,1754568337578,2025-08-07 17:35:37.578932+05:30,25,2
1254,2222725,507,516,1754568337680,2025-08-07 17:35:37.680087+05:30,25,2
1255,2222826,508,519,1754568337780,2025-08-07 17:35:37.780877+05:30,25,2
1256,2222926,507,516,1754568337881,2025-08-07 17:35:37.881708+05:30,25,2
1257,2223028,507,517,1754568337982,2025-08-07 17:35:37.982434+05:30,25,2
1258,2223128,507,512,1754568338083,2025-08-07 17:35:38.083324+05:30,25,2
1259,2223229,507,517,1754568338184,2025-08-07 17:35:38.184220+05:30,25,2
1260,2223330,507,515,1754568338285,2025-08-07 17:35:38.285059+05:30,25,2
1261,2223431,505,521,1754568338386,2025-08-07 17:35:38.386041+05:30,25,2
1262,2223532,505,517,1754568338486,2025-08-07 17:35:38.486911+05:30,25,2
1263,2223633,505,517,1754568338587,2025-08-07 17:35:38.587926+05:30,25,2
1264,2223733,506,515,1754568338688,2025-08-07 17:35:38.688673+05:30,25,2
1265,2223835,506,516,1754568338789,2025-08-07 17:35:38.789612+05:30,25,2
1266,2223935,508,519,1754568338890,2025-08-07 17:35:38.890406+05:30,25,2
1267,2224036,508,517,1754568338991,2025-08-07 17:35:38.991319+05:30,25,2
1268,2224137,509,515,1754568339092,2025-08-07 17:35:39.092406+05:30,25,2
1269,2224238,509,518,1754568339193,2025-08-07 17:35:39.193133+05:30,25,2
1270,2224338,508,520,1754568339293,2025-08-07 17:35:39.293944+05:30,25,2
1271,2224440,509,519,1754568339394,2025-08-07 17:35:39.394984+05:30,25,2
1272,2224540,510,520,1754568339495,2025-08-07 17:35:39.495708+05:30,25,2
1273,2224642,513,515,1754568339596,2025-08-07 17:35:39.596581+05:30,25,2
1274,2224743,510,517,1754568339697,2025-08-07 17:35:39.697482+05:30,25,2
1275,2224843,510,522,1754568339798,2025-08-07 17:35:39.798650+05:30,25,2
1276,2224945,511,516,1754568339899,2025-08-07 17:35:39.899430+05:30,25,2
1277,2225045,509,518,1754568340000,2025-08-07 17:35:40.000297+05:30,25,2
1278,2225146,509,526,1754568340101,2025-08-07 17:35:40.101138+05:30,25,2
1279,2225247,507,522,1754568340202,2025-08-07 17:35:40.202218+05:30,25,2
1280,2225348,506,516,1754568340302,2025-08-07 17:35:40.302953+05:30,25,2
1281,2225448,506,518,1754568340403,2025-08-07 17:35:40.403959+05:30,25,2
1282,2225550,505,517,1754568340504,2025-08-07 17:35:40.504534+05:30,25,2
1283,2225650,504,518,1754568340605,2025-08-07 17:35:40.605385+05:30,25,2
1284,2225752,504,521,1754568340706,2025-08-07 17:35:40.706245+05:30,25,2
1285,2225852,504,519,1754568340807,2025-08-07 17:35:40.807129+05:30,25,2
1286,2225953,503,516,1754568340907,2025-08-07 17:35:40.907948+05:30,25,2
1287,2226054,502,513,1754568341008,2025-08-07 17:35:41.008982+05:30,25,2
1288,2226155,503,517,1754568341109,2025-08-07 17:35:41.109876+05:30,25,2
1289,2226255,503,520,1754568341210,2025-08-07 17:35:41.210582+05:30,25,2
1290,2226357,504,516,1754568341311,2025-08-07 17:35:41.311842+05:30,25,2
1291,2226457,504,521,1754568341412,2025-08-07 17:35:41.412413+05:30,25,2
1292,2226558,505,517,1754568341513,2025-08-07 17:35:41.513258+05:30,25,2
1293,2226659,503,518,1754568341614,2025-08-07 17:35:41.614098+05:30,25,2
1294,2226760,502,518,1754568341715,2025-08-07 17:35:41.715090+05:30,25,2
1295,2226861,503,519,1754568341815,2025-08-07 17:35:41.815909+05:30,25,2
1296,2226962,503,517,1754568341917,2025-08-07 17:35:41.916984+05:30,25,2
1297,2227062,502,518,1754568342017,2025-08-07 17:35:42.017727+05:30,25,2
1298,2227164,502,516,1754568342118,2025-08-07 17:35:42.118669+05:30,25,2
1299,2227264,502,517,1754568342219,2025-08-07 17:35:42.219401+05:30,25,2
1300,2227365,501,516,1754568342320,2025-08-07 17:35:42.320399+05:30,25,2
1301,2227467,500,517,1754568342421,2025-08-07 17:35:42.421138+05:30,25,2
1302,2227567,500,517,1754568342522,2025-08-07 17:35:42.522176+05:30,25,2
1303,2227668,500,516,1754568342623,2025-08-07 17:35:42.623061+05:30,25,2
1304,2227769,500,519,1754568342723,2025-08-07 17:35:42.723847+05:30,25,2
1305,2227870,499,512,1754568342824,2025-08-07 17:35:42.824795+05:30,25,2
1306,2227971,502,511,1754568342925,2025-08-07 17:35:42.925694+05:30,25,2
1307,2228072,498,514,1754568343026,2025-08-07 17:35:43.026513+05:30,25,2
1308,2228172,497,512,1754568343127,2025-08-07 17:35:43.127362+05:30,25,2
1309,2228274,497,514,1754568343228,2025-08-07 17:35:43.228257+05:30,25,2
1310,2228374,500,514,1754568343329,2025-08-07 17:35:43.329088+05:30,25,2
1311,2228475,497,517,1754568343430,2025-08-07 17:35:43.430117+05:30,25,2
1312,2228576,496,513,1754568343531,2025-08-07 17:35:43.530997+05:30,25,2
1313,2228677,497,516,1754568343631,2025-08-07 17:35:43.631806+05:30,25,2
1314,2228777,497,510,1754568343732,2025-08-07 17:35:43.732645+05:30,25,2
1315,2228879,497,513,1754568343833,2025-08-07 17:35:43.833510+05:30,25,2
1316,2228979,496,515,1754568343934,2025-08-07 17:35:43.934464+05:30,25,2
1317,2229081,496,516,1754568344035,2025-08-07 17:35:44.035374+05:30,25,2
1318,2229181,496,513,1754568344136,2025-08-07 17:35:44.136153+05:30,25,2
1319,2229282,497,515,1754568344237,2025-08-07 17:35:44.237116+05:30,25,2
1320,2229383,497,512,1754568344338,2025-08-07 17:35:44.338000+05:30,25,2
1321,2229484,495,517,1754568344438,2025-08-07 17:35:44.438954+05:30,25,2
1322,2229584,496,513,1754568344539,2025-08-07 17:35:44.539733+05:30,25,2
1323,2229686,497,515,1754568344640,2025-08-07 17:35:44.640512+05:30,25,2
1324,2229786,496,513,1754568344741,2025-08-07 17:35:44.741574+05:30,25,2
1325,2229888,497,515,1754568344842,2025-08-07 17:35:44.842313+05:30,25,2
1326,2229988,494,513,1754568344943,2025-08-07 17:35:44.943264+05:30,25,2
1327,2230089,496,514,1754568345044,2025-08-07 17:35:45.044098+05:30,25,2
1328,2230190,497,512,1754568345145,2025-08-07 17:35:45.145010+05:30,25,2
1329,2230291,499,514,1754568345245,2025-08-07 17:35:45.245942+05:30,25,2
1330,2230392,499,517,1754568345346,2025-08-07 17:35:45.346803+05:30,25,2
1331,2230493,500,514,1754568345447,2025-08-07 17:35:45.447801+05:30,25,2
1332,2230594,501,516,1754568345548,2025-08-07 17:35:45.548604+05:30,25,2
1333,2230694,503,512,1754568345649,2025-08-07 17:35:45.649432+05:30,25,2
1334,2230796,504,513,1754568345750,2025-08-07 17:35:45.750435+05:30,25,2
1335,2230896,503,516,1754568345851,2025-08-07 17:35:45.851140+05:30,25,2
1336,2230998,505,518,1754568345952,2025-08-07 17:35:45.951996+05:30,25,2
1337,2231098,504,514,1754568346053,2025-08-07 17:35:46.052988+05:30,25,2
1338,2231199,503,517,1754568346153,2025-08-07 17:35:46.153863+05:30,25,2
1339,2231300,503,512,1754568346254,2025-08-07 17:35:46.254826+05:30,25,2
1340,2231401,504,512,1754568346355,2025-08-07 17:35:46.355609+05:30,25,2
1341,2231501,502,513,1754568346456,2025-08-07 17:35:46.456462+05:30,25,2
1342,2231603,503,512,1754568346557,2025-08-07 17:35:46.557430+05:30,25,2
1343,2231703,501,520,1754568346658,2025-08-07 17:35:46.658216+05:30,25,2
1344,2231804,503,513,1754568346759,2025-08-07 17:35:46.759131+05:30,25,2
1345,2231905,502,510,1754568346859,2025-08-07 17:35:46.859980+05:30,25,2
1346,2232006,501,511,1754568346960,2025-08-07 17:35:46.960885+05:30,25,2
1347,2232107,502,518,1754568347061,2025-08-07 17:35:47.061869+05:30,25,2
1348,2232208,503,517,1754568347162,2025-08-07 17:35:47.162779+05:30,25,2
1349,2232308,503,517,1754568347263,2025-08-07 17:35:47.263584+05:30,25,2
1350,2232410,504,516,1754568347364,2025-08-07 17:35:47.364429+05:30,25,2
1351,2232510,505,516,1754568347465,2025-08-07 17:35:47.465230+05:30,25,2
1352,2232611,505,516,1754568347566,2025-08-07 17:35:47.566261+05:30,25,2
1353,2232712,506,518,1754568347666,2025-08-07 17:35:47.666975+05:30,25,2
1354,2232813,507,517,1754568347767,2025-08-07 17:35:47.767823+05:30,25,2
1355,2232913,509,519,1754568347868,2025-08-07 17:35:47.868933+05:30,25,2
1356,2233015,509,515,1754568347969,2025-08-07 17:35:47.969771+05:30,25,2
1357,2233116,508,514,1754568348070,2025-08-07 17:35:48.070690+05:30,25,2
1358,2233217,507,520,1754568348171,2025-08-07 17:35:48.171419+05:30,25,2
1359,2233318,507,519,1754568348272,2025-08-07 17:35:48.272418+05:30,25,2
1360,2233418,506,511,1754568348373,2025-08-07 17:35:48.373261+05:30,25,2
1361,2233520,507,520,1754568348474,2025-08-07 17:35:48.474232+05:30,25,2
1362,2233620,505,519,1754568348575,2025-08-07 17:35:48.575083+05:30,25,2
1363,2233721,506,517,1754568348676,2025-08-07 17:35:48.676143+05:30,25,2
1364,2233822,505,516,1754568348777,2025-08-07 17:35:48.777054+05:30,25,2
1365,2233923,505,516,1754568348877,2025-08-07 17:35:48.877901+05:30,25,2
1366,2234023,506,518,1754568348978,2025-08-07 17:35:48.978882+05:30,25,2
1367,2234125,505,521,1754568349079,2025-08-07 17:35:49.079588+05:30,25,2
1368,2234225,507,518,1754568349180,2025-08-07 17:35:49.180387+05:30,25,2
1369,2234327,506,517,1754568349281,2025-08-07 17:35:49.281302+05:30,25,2
1370,2234427,506,520,1754568349382,2025-08-07 17:35:49.382244+05:30,25,2
1371,2234528,507,516,1754568349483,2025-08-07 17:35:49.483176+05:30,25,2
1372,2234629,508,518,1754568349584,2025-08-07 17:35:49.584060+05:30,25,2
1373,2234730,509,521,1754568349684,2025-08-07 17:35:49.684899+05:30,25,2
1374,2234830,512,521,1754568349785,2025-08-07 17:35:49.785829+05:30,25,2
1375,2234932,512,518,1754568349886,2025-08-07 17:35:49.886598+05:30,25,2
1376,2235032,510,518,1754568349987,2025-08-07 17:35:49.987410+05:30,25,2
1377,2235133,510,519,1754568350088,2025-08-07 17:35:50.088243+05:30,25,2
1378,2235234,511,518,1754568350189,2025-08-07 17:35:50.189220+05:30,25,2
1379,2235335,508,516,1754568350290,2025-08-07 17:35:50.290304+05:30,25,2
1380,2235436,510,527,1754568350391,2025-08-07 17:35:50.391370+05:30,25,2
1381,2235537,509,521,1754568350491,2025-08-07 17:35:50.491751+05:30,25,2
1382,2235637,508,514,1754568350592,2025-08-07 17:35:50.592695+05:30,25,2
1383,2235739,508,519,1754568350693,2025-08-07 17:35:50.693574+05:30,25,2
1384,2235839,507,521,1754568350794,2025-08-07 17:35:50.794384+05:30,25,2
1385,2235940,506,522,1754568350895,2025-08-07 17:35:50.895362+05:30,25,2
1386,2236042,506,525,1754568350996,2025-08-07 17:35:50.996108+05:30,25,2
1387,2236142,508,515,1754568351097,2025-08-07 17:35:51.097096+05:30,25,2
1388,2236243,508,522,1754568351198,2025-08-07 17:35:51.198088+05:30,25,2
1389,2236344,505,518,1754568351298,2025-08-07 17:35:51.298973+05:30,25,2
1390,2236445,506,515,1754568351399,2025-08-07 17:35:51.399802+05:30,25,2
1391,2236546,507,518,1754568351500,2025-08-07 17:35:51.500603+05:30,25,2
1392,2236647,507,521,1754568351601,2025-08-07 17:35:51.601442+05:30,25,2
1393,2236747,508,520,1754568351702,2025-08-07 17:35:51.702502+05:30,25,2
1394,2236849,508,521,1754568351803,2025-08-07 17:35:51.803158+05:30,25,2
1395,2236949,507,518,1754568351904,2025-08-07 17:35:51.904102+05:30,25,2
1396,2237050,510,514,1754568352004,2025-08-07 17:35:52.004918+05:30,25,2
1397,2237151,510,512,1754568352105,2025-08-07 17:35:52.105846+05:30,25,2
1398,2237252,511,519,1754568352206,2025-08-07 17:35:52.206758+05:30,25,2
1399,2237352,510,521,1754568352307,2025-08-07 17:35:52.307581+05:30,25,2
1400,2237454,510,517,1754568352408,2025-08-07 17:35:52.408398+05:30,25,2
1401,2237554,511,515,1754568352509,2025-08-07 17:35:52.509329+05:30,25,2
1402,2237656,511,510,1754568352610,2025-08-07 17:35:52.610296+05:30,25,2
1403,2237756,508,518,1754568352711,2025-08-07 17:35:52.711119+05:30,25,2
1404,2237857,509,512,1754568352812,2025-08-07 17:35:52.812349+05:30,25,2
1405,2237958,508,518,1754568352913,2025-08-07 17:35:52.913042+05:30,25,2
1406,2238059,508,520,1754568353014,2025-08-07 17:35:53.014104+05:30,25,2
1407,2238159,507,515,1754568353114,2025-08-07 17:35:53.114805+05:30,25,2
1408,2238261,506,517,1754568353215,2025-08-07 17:35:53.215739+05:30,25,2
1409,2238361,507,517,1754568353316,2025-08-07 17:35:53.316512+05:30,25,2
1410,2238462,507,513,1754568353417,2025-08-07 17:35:53.417474+05:30,25,2
1411,2238564,508,520,1754568353518,2025-08-07 17:35:53.518293+05:30,25,2
1412,2238664,509,521,1754568353619,2025-08-07 17:35:53.619283+05:30,25,2
1413,2238766,509,521,1754568353719,2025-08-07 17:35:53.719951+05:30,25,2
1414,2238866,510,516,1754568353820,2025-08-07 17:35:53.820856+05:30,25,2
1415,2238967,513,518,1754568353922,2025-08-07 17:35:53.922038+05:30,25,2
1416,2239068,512,518,1754568354022,2025-08-07 17:35:54.022654+05:30,25,2
1417,2239169,513,518,1754568354123,2025-08-07 17:35:54.123624+05:30,25,2
1418,2239269,513,519,1754568354224,2025-08-07 17:35:54.224449+05:30,25,2
1419,2239371,513,517,1754568354325,2025-08-07 17:35:54.325390+05:30,25,2
1420,2239471,514,516,1754568354426,2025-08-07 17:35:54.426398+05:30,25,2
1421,2239572,515,518,1754568354527,2025-08-07 17:35:54.527384+05:30,25,2
1422,2239673,512,519,1754568354627,2025-08-07 17:35:54.627978+05:30,25,2
1423,2239774,511,518,1754568354728,2025-08-07 17:35:54.728946+05:30,25,2
1424,2239875,512,517,1754568354829,2025-08-07 17:35:54.829888+05:30,25,2
1425,2239976,511,523,1754568354930,2025-08-07 17:35:54.930480+05:30,25,2
1426,2240076,509,516,1754568355031,2025-08-07 17:35:55.031412+05:30,25,2
1427,2240178,509,517,1754568355132,2025-08-07 17:35:55.132375+05:30,25,2
1428,2240278,510,523,1754568355233,2025-08-07 17:35:55.233331+05:30,25,2
1429,2240379,510,518,1754568355334,2025-08-07 17:35:55.334298+05:30,25,2
1430,2240480,509,517,1754568355435,2025-08-07 17:35:55.435116+05:30,25,2
1431,2240581,508,525,1754568355536,2025-08-07 17:35:55.536098+05:30,25,2
1432,2240681,508,520,1754568355636,2025-08-07 17:35:55.636794+05:30,25,2
1433,2240783,508,518,1754568355737,2025-08-07 17:35:55.737569+05:30,25,2
1434,2240883,509,520,1754568355838,2025-08-07 17:35:55.838487+05:30,25,2
1435,2240985,509,521,1754568355939,2025-08-07 17:35:55.939401+05:30,25,2
1436,2241085,509,520,1754568356040,2025-08-07 17:35:56.040225+05:30,25,2
1437,2241186,508,523,1754568356141,2025-08-07 17:35:56.141138+05:30,25,2
1438,2241288,511,520,1754568356242,2025-08-07 17:35:56.242133+05:30,25,2
1439,2241388,509,518,1754568356343,2025-08-07 17:35:56.343050+05:30,25,2
1440,2241489,509,520,1754568356443,2025-08-07 17:35:56.443883+05:30,25,2
1441,2241590,508,513,1754568356544,2025-08-07 17:35:56.544963+05:30,25,2
1442,2241691,507,516,1754568356645,2025-08-07 17:35:56.645571+05:30,25,2
1443,2241792,507,522,1754568356746,2025-08-07 17:35:56.746516+05:30,25,2
1444,2241893,506,523,1754568356847,2025-08-07 17:35:56.847432+05:30,25,2
1445,2241993,505,517,1754568356948,2025-08-07 17:35:56.948208+05:30,25,2
1446,2242095,505,516,1754568357049,2025-08-07 17:35:57.049060+05:30,25,2
1447,2242195,506,514,1754568357149,2025-08-07 17:35:57.149971+05:30,25,2
1448,2242296,506,516,1754568357250,2025-08-07 17:35:57.250881+05:30,25,2
1449,2242397,505,519,1754568357351,2025-08-07 17:35:57.351934+05:30,25,2
1450,2242498,504,519,1754568357452,2025-08-07 17:35:57.452631+05:30,25,2
1451,2242598,505,519,1754568357553,2025-08-07 17:35:57.553525+05:30,25,2
1452,2242700,504,519,1754568357654,2025-08-07 17:35:57.654443+05:30,25,2
1453,2242800,506,517,1754568357755,2025-08-07 17:35:57.755492+05:30,25,2
1454,2242902,507,517,1754568357856,2025-08-07 17:35:57.856242+05:30,25,2
1455,2243002,507,518,1754568357957,2025-08-07 17:35:57.957233+05:30,25,2
1456,2243103,509,523,1754568358058,2025-08-07 17:35:58.058124+05:30,25,2
1457,2243204,510,518,1754568358158,2025-08-07 17:35:58.158911+05:30,25,2
1458,2243305,511,516,1754568358259,2025-08-07 17:35:58.259657+05:30,25,2
1459,2243405,510,520,1754568358360,2025-08-07 17:35:58.360521+05:30,25,2
1460,2243507,511,521,1754568358461,2025-08-07 17:35:58.461409+05:30,25,2
1461,2243607,510,512,1754568358562,2025-08-07 17:35:58.562329+05:30,25,2
1462,2243708,512,520,1754568358663,2025-08-07 17:35:58.663149+05:30,25,2
1463,2243809,510,522,1754568358764,2025-08-07 17:35:58.764090+05:30,25,2
1464,2243910,510,520,1754568358864,2025-08-07 17:35:58.864943+05:30,25,2
1465,2244011,508,519,1754568358965,2025-08-07 17:35:58.965744+05:30,25,2
1466,2244112,509,517,1754568359066,2025-08-07 17:35:59.066672+05:30,25,2
1467,2244213,511,517,1754568359167,2025-08-07 17:35:59.167628+05:30,25,2
1468,2244314,508,519,1754568359268,2025-08-07 17:35:59.268481+05:30,25,2
1469,2244415,507,523,1754568359369,2025-08-07 17:35:59.369237+05:30,25,2
1470,2244515,509,522,1754568359470,2025-08-07 17:35:59.470193+05:30,25,2
1471,2244617,508,517,1754568359571,2025-08-07 17:35:59.571014+05:30,25,2
1472,2244717,510,521,1754568359671,2025-08-07 17:35:59.671940+05:30,25,2
1473,2244818,509,520,1754568359772,2025-08-07 17:35:59.772849+05:30,25,2
1474,2244919,509,516,1754568359873,2025-08-07 17:35:59.873758+05:30,25,2
1475,2245020,510,520,1754568359974,2025-08-07 17:35:59.974634+05:30,25,2
1476,2245121,511,524,1754568360075,2025-08-07 17:36:00.075489+05:30,25,2
1477,2245222,513,521,1754568360176,2025-08-07 17:36:00.176235+05:30,25,2
1478,2245322,512,520,1754568360277,2025-08-07 17:36:00.277318+05:30,25,2
1479,2245424,512,518,1754568360378,2025-08-07 17:36:00.378094+05:30,25,2
1480,2245524,515,519,1754568360479,2025-08-07 17:36:00.479070+05:30,25,2
1481,2245625,514,524,1754568360579,2025-08-07 17:36:00.579794+05:30,25,2
1482,2245726,514,522,1754568360680,2025-08-07 17:36:00.680728+05:30,25,2
1483,2245827,513,522,1754568360781,2025-08-07 17:36:00.781638+05:30,25,2
1484,2245927,513,522,1754568360882,2025-08-07 17:36:00.882539+05:30,25,2
1485,2246029,515,522,1754568360983,2025-08-07 17:36:00.983304+05:30,25,2
1486,2246129,513,523,1754568361084,2025-08-07 17:36:01.084193+05:30,25,2
1487,2246231,512,519,1754568361185,2025-08-07 17:36:01.185083+05:30,25,2
1488,2246331,511,522,1754568361286,2025-08-07 17:36:01.286080+05:30,25,2
1489,2246432,512,523,1754568361386,2025-08-07 17:36:01.386913+05:30,25,2
1490,2246533,510,521,1754568361487,2025-08-07 17:36:01.487760+05:30,25,2
1491,2246634,511,523,1754568361588,2025-08-07 17:36:01.588891+05:30,25,2
1492,2246734,511,518,1754568361689,2025-08-07 17:36:01.689604+05:30,25,2
1493,2246836,511,521,1754568361790,2025-08-07 17:36:01.790555+05:30,25,2
1494,2246936,513,519,1754568361891,2025-08-07 17:36:01.891439+05:30,25,2
1495,2247037,515,520,1754568361992,2025-08-07 17:36:01.992390+05:30,25,2
1496,2247138,511,525,1754568362093,2025-08-07 17:36:02.093181+05:30,25,2
1497,2247239,513,519,1754568362194,2025-08-07 17:36:02.194006+05:30,25,2
1498,2247341,516,516,1754568362294,2025-08-07 17:36:02.294851+05:30,25,2
1499,2247441,517,523,1754568362395,2025-08-07 17:36:02.395774+05:30,25,2
1500,2247542,515,522,1754568362496,2025-08-07 17:36:02.496656+05:30,25,2
1501,2247643,514,526,1754568362597,2025-08-07 17:36:02.597351+05:30,25,2
1502,2247744,516,520,1754568362698,2025-08-07 17:36:02.698240+05:30,25,2
1503,2247844,516,526,1754568362799,2025-08-07 17:36:02.799116+05:30,25,2
1504,2247946,516,522,1754568362900,2025-08-07 17:36:02.900042+05:30,25,2
1505,2248046,516,521,1754568363001,2025-08-07 17:36:03.001058+05:30,25,2
1506,2248147,515,519,1754568363102,2025-08-07 17:36:03.101998+05:30,25,2
1507,2248248,515,522,1754568363202,2025-08-07 17:36:03.202883+05:30,25,2
1508,2248349,515,525,1754568363303,2025-08-07 17:36:03.303652+05:30,25,2
1509,2248450,515,521,1754568363404,2025-08-07 17:36:03.404515+05:30,25,2
1510,2248551,514,522,1754568363505,2025-08-07 17:36:03.505279+05:30,25,2
1511,2248651,515,522,1754568363606,2025-08-07 17:36:03.606228+05:30,25,2
1512,2248753,515,523,1754568363707,2025-08-07 17:36:03.707040+05:30,25,2
1513,2248853,513,524,1754568363807,2025-08-07 17:36:03.807973+05:30,25,2
1514,2248954,513,524,1754568363909,2025-08-07 17:36:03.909077+05:30,25,2
1515,2249055,511,528,1754568364009,2025-08-07 17:36:04.009830+05:30,25,2
1516,2249156,513,519,1754568364110,2025-08-07 17:36:04.110681+05:30,25,2
1517,2249256,514,520,1754568364211,2025-08-07 17:36:04.211629+05:30,25,2
1518,2249358,516,525,1754568364312,2025-08-07 17:36:04.312382+05:30,25,2
1519,2249458,516,520,1754568364413,2025-08-07 17:36:04.413311+05:30,25,2
1520,2249560,517,524,1754568364514,2025-08-07 17:36:04.514430+05:30,25,2
1521,2249660,518,523,1754568364615,2025-08-07 17:36:04.615190+05:30,25,2
1522,2249761,518,528,1754568364716,2025-08-07 17:36:04.716091+05:30,25,2
1523,2249862,518,521,1754568364816,2025-08-07 17:36:04.816841+05:30,25,2
1524,2249963,518,525,1754568364917,2025-08-07 17:36:04.917685+05:30,25,2
1525,2250064,519,520,1754568365018,2025-08-07 17:36:05.018658+05:30,25,2
1526,2250165,518,523,1754568365119,2025-08-07 17:36:05.119453+05:30,25,2
1527,2250266,521,525,1754568365220,2025-08-07 17:36:05.220304+05:30,25,2
1528,2250366,518,526,1754568365321,2025-08-07 17:36:05.321286+05:30,25,2
1529,2250468,517,522,1754568365422,2025-08-07 17:36:05.422226+05:30,25,2
1530,2250568,517,521,1754568365523,2025-08-07 17:36:05.523094+05:30,25,2
1531,2250670,518,522,1754568365624,2025-08-07 17:36:05.623996+05:30,25,2
1532,2250770,516,522,1754568365724,2025-08-07 17:36:05.724847+05:30,25,2
1533,2250871,514,526,1754568365825,2025-08-07 17:36:05.825651+05:30,25,2
1534,2250972,516,526,1754568365926,2025-08-07 17:36:05.926601+05:30,25,2
1535,2251073,515,526,1754568366027,2025-08-07 17:36:06.027448+05:30,25,2
1536,2251173,516,528,1754568366128,2025-08-07 17:36:06.128358+05:30,25,2
1537,2251275,517,525,1754568366229,2025-08-07 17:36:06.229167+05:30,25,2
1538,2251375,517,522,1754568366330,2025-08-07 17:36:06.330049+05:30,25,2
1539,2251476,520,522,1754568366430,2025-08-07 17:36:06.430890+05:30,25,2
1540,2251577,519,531,1754568366531,2025-08-07 17:36:06.531937+05:30,25,2
1541,2251678,520,527,1754568366632,2025-08-07 17:36:06.632802+05:30,25,2
1542,2251779,520,524,1754568366733,2025-08-07 17:36:06.733654+05:30,25,2
1543,2251880,519,524,1754568366834,2025-08-07 17:36:06.834627+05:30,25,2
1544,2251980,520,522,1754568366935,2025-08-07 17:36:06.935308+05:30,25,2
1545,2252082,522,524,1754568367036,2025-08-07 17:36:07.036142+05:30,25,2
1546,2252182,521,532,1754568367137,2025-08-07 17:36:07.137170+05:30,25,2
1547,2252283,520,529,1754568367237,2025-08-07 17:36:07.237934+05:30,25,2
1548,2252384,520,524,1754568367338,2025-08-07 17:36:07.338871+05:30,25,2
1549,2252485,520,524,1754568367439,2025-08-07 17:36:07.439776+05:30,25,2
1550,2252585,519,528,1754568367540,2025-08-07 17:36:07.540600+05:30,25,2
1551,2252687,519,521,1754568367641,2025-08-07 17:36:07.641508+05:30,25,2
1552,2252788,517,526,1754568367742,2025-08-07 17:36:07.742400+05:30,25,2
1553,2252889,518,525,1754568367843,2025-08-07 17:36:07.843204+05:30,25,2
1554,2252990,516,532,1754568367944,2025-08-07 17:36:07.944270+05:30,25,2
1555,2253090,516,528,1754568368045,2025-08-07 17:36:08.045079+05:30,25,2
1556,2253192,517,526,1754568368146,2025-08-07 17:36:08.146124+05:30,25,2
1557,2253292,519,525,1754568368246,2025-08-07 17:36:08.246921+05:30,25,2
1558,2253393,520,524,1754568368348,2025-08-07 17:36:08.347998+05:30,25,2
1559,2253494,521,526,1754568368448,2025-08-07 17:36:08.448723+05:30,25,2
1560,2253595,520,527,1754568368549,2025-08-07 17:36:08.549674+05:30,25,2
1561,2253696,520,526,1754568368650,2025-08-07 17:36:08.650559+05:30,25,2
1562,2253797,522,525,1754568368751,2025-08-07 17:36:08.751302+05:30,25,2
1563,2253897,523,524,1754568368852,2025-08-07 17:36:08.852367+05:30,25,2
1564,2253999,521,524,1754568368952,2025-08-07 17:36:08.952838+05:30,25,2
1565,2254099,521,531,1754568369054,2025-08-07 17:36:09.054032+05:30,25,2
1566,2254200,522,529,1754568369154,2025-08-07 17:36:09.154826+05:30,25,2
1567,2254301,524,520,1754568369255,2025-08-07 17:36:09.255687+05:30,25,2
1568,2254402,521,527,1754568369356,2025-08-07 17:36:09.356528+05:30,25,2
1569,2254502,522,526,1754568369457,2025-08-07 17:36:09.457561+05:30,25,2
1570,2254604,521,524,1754568369558,2025-08-07 17:36:09.558560+05:30,25,2
1571,2254704,522,526,1754568369659,2025-08-07 17:36:09.659203+05:30,25,2
1572,2254806,520,532,1754568369760,2025-08-07 17:36:09.760195+05:30,25,2
1573,2254906,520,528,1754568369860,2025-08-07 17:36:09.860784+05:30,25,2
1574,2255007,519,529,1754568369961,2025-08-07 17:36:09.961754+05:30,25,2
1575,2255108,519,525,1754568370062,2025-08-07 17:36:10.062711+05:30,25,2
1576,2255209,520,524,1754568370163,2025-08-07 17:36:10.163585+05:30,25,2
1577,2255309,521,523,1754568370264,2025-08-07 17:36:10.264328+05:30,25,2
1578,2255411,522,532,1754568370365,2025-08-07 17:36:10.365229+05:30,25,2
1579,2255511,520,527,1754568370466,2025-08-07 17:36:10.466087+05:30,25,2
1580,2255612,521,524,1754568370567,2025-08-07 17:36:10.567039+05:30,25,2
1581,2255713,521,526,1754568370667,2025-08-07 17:36:10.667806+05:30,25,2
1582,2255814,522,524,1754568370768,2025-08-07 17:36:10.768859+05:30,25,2
1583,2255915,523,524,1754568370869,2025-08-07 17:36:10.869669+05:30,25,2
1584,2256016,524,526,1754568370970,2025-08-07 17:36:10.970561+05:30,25,2
1585,2256117,526,531,1754568371071,2025-08-07 17:36:11.071462+05:30,25,2
1586,2256218,525,524,1754568371172,2025-08-07 17:36:11.172309+05:30,25,2
1587,2256319,526,524,1754568371273,2025-08-07 17:36:11.273122+05:30,25,2
1588,2256419,524,523,1754568371374,2025-08-07 17:36:11.374146+05:30,25,2
1589,2256521,524,526,1754568371474,2025-08-07 17:36:11.474916+05:30,25,2
1590,2256621,525,521,1754568371575,2025-08-07 17:36:11.575821+05:30,25,2
1591,2256722,526,524,1754568371676,2025-08-07 17:36:11.676565+05:30,25,2
1592,2256823,522,528,1754568371777,2025-08-07 17:36:11.777517+05:30,25,2
1593,2256924,520,525,1754568371878,2025-08-07 17:36:11.878388+05:30,25,2
1594,2257025,522,525,1754568371979,2025-08-07 17:36:11.979251+05:30,25,2
1595,2257126,522,524,1754568372080,2025-08-07 17:36:12.080199+05:30,25,2
1596,2257226,521,522,1754568372180,2025-08-07 17:36:12.180949+05:30,25,2
1597,2257328,521,529,1754568372282,2025-08-07 17:36:12.282049+05:30,25,2
1598,2257428,521,526,1754568372382,2025-08-07 17:36:12.382876+05:30,25,2
1599,2257529,525,521,1754568372483,2025-08-07 17:36:12.483587+05:30,25,2
1600,2257630,521,525,1754568372584,2025-08-07 17:36:12.584492+05:30,25,2
1601,2257731,524,526,1754568372685,2025-08-07 17:36:12.685378+05:30,25,2
1602,2257831,524,521,1754568372786,2025-08-07 17:36:12.786278+05:30,25,2
1603,2257933,524,526,1754568372887,2025-08-07 17:36:12.887116+05:30,25,2
1604,2258033,525,528,1754568372988,2025-08-07 17:36:12.988042+05:30,25,2
1605,2258135,526,523,1754568373088,2025-08-07 17:36:13.088934+05:30,25,2
1606,2258235,526,523,1754568373189,2025-08-07 17:36:13.189846+05:30,25,2
1607,2258336,526,524,1754568373290,2025-08-07 17:36:13.290699+05:30,25,2
1608,2258437,526,520,1754568373391,2025-08-07 17:36:13.391570+05:30,25,2
1609,2258538,528,518,1754568373492,2025-08-07 17:36:13.492465+05:30,25,2
1610,2258638,522,528,1754568373593,2025-08-07 17:36:13.593393+05:30,25,2
1611,2258740,524,524,1754568373694,2025-08-07 17:36:13.694221+05:30,25,2
1612,2258840,523,523,1754568373795,2025-08-07 17:36:13.795167+05:30,25,2
1613,2258941,522,518,1754568373895,2025-08-07 17:36:13.895948+05:30,25,2
1614,2259042,522,521,1754568373996,2025-08-07 17:36:13.996760+05:30,25,2
1615,2259143,521,522,1754568374097,2025-08-07 17:36:14.097774+05:30,25,2
1616,2259244,520,527,1754568374198,2025-08-07 17:36:14.198705+05:30,25,2
1617,2259345,520,521,1754568374299,2025-08-07 17:36:14.299500+05:30,25,2
1618,2259446,521,525,1754568374400,2025-08-07 17:36:14.400428+05:30,25,2
1619,2259547,522,521,1754568374501,2025-08-07 17:36:14.501381+05:30,25,2
1620,2259648,522,522,1754568374602,2025-08-07 17:36:14.602210+05:30,25,2
1621,2259748,521,524,1754568374703,2025-08-07 17:36:14.703313+05:30,25,2
1622,2259850,522,525,1754568374803,2025-08-07 17:36:14.803922+05:30,25,2
1623,2259950,522,526,1754568374904,2025-08-07 17:36:14.904870+05:30,25,2
1624,2260051,524,525,1754568375005,2025-08-07 17:36:15.005691+05:30,25,2
1625,2260152,524,521,1754568375106,2025-08-07 17:36:15.106856+05:30,25,2
1626,2260253,524,521,1754568375207,2025-08-07 17:36:15.207522+05:30,25,2
1627,2260354,525,521,1754568375308,2025-08-07 17:36:15.308405+05:30,25,2
1628,2260455,525,523,1754568375409,2025-08-07 17:36:15.409152+05:30,25,2
1629,2260555,523,525,1754568375510,2025-08-07 17:36:15.510208+05:30,25,2
1630,2260657,524,520,1754568375611,2025-08-07 17:36:15.611050+05:30,25,2
1631,2260757,524,521,1754568375711,2025-08-07 17:36:15.711944+05:30,25,2
1632,2260858,525,520,1754568375812,2025-08-07 17:36:15.812771+05:30,25,2
1633,2260959,524,519,1754568375913,2025-08-07 17:36:15.913644+05:30,25,2
1634,2261060,522,521,1754568376014,2025-08-07 17:36:16.014703+05:30,25,2
1635,2261160,522,522,1754568376115,2025-08-07 17:36:16.115460+05:30,25,2
1636,2261262,522,519,1754568376216,2025-08-07 17:36:16.216536+05:30,25,2
1637,2261362,522,520,1754568376317,2025-08-07 17:36:16.317149+05:30,25,2
1638,2261464,521,522,1754568376417,2025-08-07 17:36:16.417980+05:30,25,2
1639,2261564,522,520,1754568376518,2025-08-07 17:36:16.518884+05:30,25,2
1640,2261665,522,517,1754568376619,2025-08-07 17:36:16.619691+05:30,25,2
1641,2261766,522,521,1754568376720,2025-08-07 17:36:16.720659+05:30,25,2
1642,2261867,523,520,1754568376821,2025-08-07 17:36:16.821656+05:30,25,2
1643,2261967,524,524,1754568376922,2025-08-07 17:36:16.922568+05:30,25,2
1644,2262069,524,518,1754568377023,2025-08-07 17:36:17.023423+05:30,25,2
1645,2262170,525,518,1754568377124,2025-08-07 17:36:17.124466+05:30,25,2
1646,2262270,526,518,1754568377225,2025-08-07 17:36:17.225183+05:30,25,2
