,Time_series,GSR,HR,timestamp,time2,subject,video_id
0,401373,581,509,1755165428546,2025-08-14 15:27:08.546020+05:30,35,5
1,401474,581,511,1755165428646,2025-08-14 15:27:08.646956+05:30,35,5
2,401574,582,508,1755165428747,2025-08-14 15:27:08.747751+05:30,35,5
3,401676,583,505,1755165428848,2025-08-14 15:27:08.848588+05:30,35,5
4,401776,580,508,1755165428949,2025-08-14 15:27:08.949388+05:30,35,5
5,401878,578,510,1755165429050,2025-08-14 15:27:09.050190+05:30,35,5
6,401978,581,520,1755165429151,2025-08-14 15:27:09.151108+05:30,35,5
7,402079,579,506,1755165429251,2025-08-14 15:27:09.251890+05:30,35,5
8,402180,579,507,1755165429352,2025-08-14 15:27:09.352757+05:30,35,5
9,402281,575,511,1755165429453,2025-08-14 15:27:09.453539+05:30,35,5
10,402381,577,510,1755165429554,2025-08-14 15:27:09.554370+05:30,35,5
11,402483,574,509,1755165429655,2025-08-14 15:27:09.655242+05:30,35,5
12,402583,577,508,1755165429756,2025-08-14 15:27:09.756161+05:30,35,5
13,402683,573,509,1755165429857,2025-08-14 15:27:09.857021+05:30,35,5
14,402785,571,510,1755165429957,2025-08-14 15:27:09.957890+05:30,35,5
15,402885,573,524,1755165430058,2025-08-14 15:27:10.058591+05:30,35,5
16,402987,572,512,1755165430159,2025-08-14 15:27:10.159373+05:30,35,5
17,403087,565,509,1755165430260,2025-08-14 15:27:10.260295+05:30,35,5
18,403188,565,510,1755165430361,2025-08-14 15:27:10.361066+05:30,35,5
19,403289,564,509,1755165430461,2025-08-14 15:27:10.461914+05:30,35,5
20,403390,560,508,1755165430562,2025-08-14 15:27:10.562745+05:30,35,5
21,403490,564,508,1755165430663,2025-08-14 15:27:10.663563+05:30,35,5
22,403592,561,506,1755165430764,2025-08-14 15:27:10.764452+05:30,35,5
23,403692,560,510,1755165430865,2025-08-14 15:27:10.865250+05:30,35,5
24,403793,561,524,1755165430966,2025-08-14 15:27:10.966049+05:30,35,5
25,403894,560,516,1755165431066,2025-08-14 15:27:11.066886+05:30,35,5
26,403995,557,504,1755165431167,2025-08-14 15:27:11.167789+05:30,35,5
27,404096,555,509,1755165431268,2025-08-14 15:27:11.268583+05:30,35,5
28,404197,556,509,1755165431369,2025-08-14 15:27:11.369438+05:30,35,5
29,404297,555,509,1755165431470,2025-08-14 15:27:11.470262+05:30,35,5
30,404398,553,510,1755165431571,2025-08-14 15:27:11.571084+05:30,35,5
31,404499,551,509,1755165431671,2025-08-14 15:27:11.671963+05:30,35,5
32,404599,554,509,1755165431772,2025-08-14 15:27:11.772759+05:30,35,5
33,404701,550,514,1755165431873,2025-08-14 15:27:11.873613+05:30,35,5
34,404801,548,521,1755165431974,2025-08-14 15:27:11.974460+05:30,35,5
35,404902,550,510,1755165432075,2025-08-14 15:27:12.075277+05:30,35,5
36,405003,545,508,1755165432176,2025-08-14 15:27:12.176052+05:30,35,5
37,405104,545,510,1755165432277,2025-08-14 15:27:12.277001+05:30,35,5
38,405204,543,507,1755165432377,2025-08-14 15:27:12.377937+05:30,35,5
39,405306,540,507,1755165432478,2025-08-14 15:27:12.478589+05:30,35,5
40,405406,540,508,1755165432579,2025-08-14 15:27:12.579446+05:30,35,5
41,405508,540,506,1755165432680,2025-08-14 15:27:12.680264+05:30,35,5
42,405608,540,522,1755165432781,2025-08-14 15:27:12.781081+05:30,35,5
43,405709,536,515,1755165432881,2025-08-14 15:27:12.881941+05:30,35,5
44,405810,535,508,1755165432982,2025-08-14 15:27:12.982814+05:30,35,5
45,405911,533,510,1755165433083,2025-08-14 15:27:13.083623+05:30,35,5
46,406011,532,507,1755165433184,2025-08-14 15:27:13.184439+05:30,35,5
47,406113,531,507,1755165433285,2025-08-14 15:27:13.285278+05:30,35,5
48,406213,529,509,1755165433386,2025-08-14 15:27:13.386082+05:30,35,5
49,406313,528,508,1755165433486,2025-08-14 15:27:13.486974+05:30,35,5
50,406415,529,519,1755165433587,2025-08-14 15:27:13.587771+05:30,35,5
51,406515,527,513,1755165433688,2025-08-14 15:27:13.688652+05:30,35,5
52,406617,524,507,1755165433789,2025-08-14 15:27:13.789569+05:30,35,5
53,406717,526,510,1755165433890,2025-08-14 15:27:13.890341+05:30,35,5
54,406818,524,508,1755165433991,2025-08-14 15:27:13.991177+05:30,35,5
55,406919,523,505,1755165434092,2025-08-14 15:27:14.092115+05:30,35,5
56,407020,522,508,1755165434192,2025-08-14 15:27:14.192985+05:30,35,5
57,407120,520,510,1755165434293,2025-08-14 15:27:14.293747+05:30,35,5
58,407222,521,515,1755165434394,2025-08-14 15:27:14.394618+05:30,35,5
59,407322,521,516,1755165434495,2025-08-14 15:27:14.495429+05:30,35,5
60,407424,520,508,1755165434596,2025-08-14 15:27:14.596217+05:30,35,5
61,407524,520,510,1755165434697,2025-08-14 15:27:14.697055+05:30,35,5
62,407625,520,510,1755165434797,2025-08-14 15:27:14.797811+05:30,35,5
63,407726,518,509,1755165434898,2025-08-14 15:27:14.898607+05:30,35,5
64,407827,517,509,1755165434999,2025-08-14 15:27:14.999465+05:30,35,5
65,407927,517,507,1755165435100,2025-08-14 15:27:15.100285+05:30,35,5
66,408029,517,512,1755165435201,2025-08-14 15:27:15.201418+05:30,35,5
67,408129,517,515,1755165435301,2025-08-14 15:27:15.301964+05:30,35,5
68,408229,514,508,1755165435402,2025-08-14 15:27:15.402803+05:30,35,5
69,408331,516,511,1755165435503,2025-08-14 15:27:15.503643+05:30,35,5
70,408431,514,509,1755165435604,2025-08-14 15:27:15.604464+05:30,35,5
71,408532,512,509,1755165435705,2025-08-14 15:27:15.705266+05:30,35,5
72,408633,514,509,1755165435806,2025-08-14 15:27:15.806094+05:30,35,5
73,408734,513,508,1755165435907,2025-08-14 15:27:15.907019+05:30,35,5
74,408835,512,511,1755165436007,2025-08-14 15:27:16.007852+05:30,35,5
75,408936,515,516,1755165436108,2025-08-14 15:27:16.108808+05:30,35,5
76,409036,514,512,1755165436209,2025-08-14 15:27:16.209585+05:30,35,5
77,409138,513,510,1755165436310,2025-08-14 15:27:16.310416+05:30,35,5
78,409238,515,511,1755165436411,2025-08-14 15:27:16.411268+05:30,35,5
79,409339,514,509,1755165436512,2025-08-14 15:27:16.512031+05:30,35,5
80,409440,514,507,1755165436613,2025-08-14 15:27:16.613161+05:30,35,5
81,409541,515,507,1755165436713,2025-08-14 15:27:16.713847+05:30,35,5
82,409641,514,508,1755165436814,2025-08-14 15:27:16.814664+05:30,35,5
83,409743,513,508,1755165436915,2025-08-14 15:27:16.915497+05:30,35,5
84,409843,516,517,1755165437016,2025-08-14 15:27:17.016260+05:30,35,5
85,409945,517,514,1755165437117,2025-08-14 15:27:17.117025+05:30,35,5
86,410045,514,509,1755165437217,2025-08-14 15:27:17.217930+05:30,35,5
87,410145,516,510,1755165437318,2025-08-14 15:27:17.318725+05:30,35,5
88,410247,517,507,1755165437419,2025-08-14 15:27:17.419797+05:30,35,5
89,410347,517,506,1755165437520,2025-08-14 15:27:17.520531+05:30,35,5
90,410448,515,507,1755165437621,2025-08-14 15:27:17.621133+05:30,35,5
91,410549,516,510,1755165437722,2025-08-14 15:27:17.721996+05:30,35,5
92,410650,517,509,1755165437822,2025-08-14 15:27:17.822777+05:30,35,5
93,410750,518,515,1755165437923,2025-08-14 15:27:17.923674+05:30,35,5
94,410852,517,515,1755165438024,2025-08-14 15:27:18.024477+05:30,35,5
95,410952,517,510,1755165438125,2025-08-14 15:27:18.125318+05:30,35,5
96,411054,517,511,1755165438226,2025-08-14 15:27:18.226195+05:30,35,5
97,411154,517,511,1755165438326,2025-08-14 15:27:18.326982+05:30,35,5
98,411255,518,510,1755165438427,2025-08-14 15:27:18.427878+05:30,35,5
99,411356,518,509,1755165438528,2025-08-14 15:27:18.528603+05:30,35,5
100,411457,517,509,1755165438629,2025-08-14 15:27:18.629494+05:30,35,5
101,411557,518,508,1755165438730,2025-08-14 15:27:18.730334+05:30,35,5
102,411659,520,514,1755165438831,2025-08-14 15:27:18.831280+05:30,35,5
103,411759,521,519,1755165438932,2025-08-14 15:27:18.932090+05:30,35,5
104,411860,520,504,1755165439032,2025-08-14 15:27:19.032846+05:30,35,5
105,411961,519,511,1755165439133,2025-08-14 15:27:19.133678+05:30,35,5
106,412061,520,510,1755165439234,2025-08-14 15:27:19.234497+05:30,35,5
107,412163,523,509,1755165439335,2025-08-14 15:27:19.335471+05:30,35,5
108,412263,522,506,1755165439436,2025-08-14 15:27:19.436283+05:30,35,5
109,412364,520,508,1755165439537,2025-08-14 15:27:19.537231+05:30,35,5
110,412465,520,507,1755165439638,2025-08-14 15:27:19.638039+05:30,35,5
111,412566,522,513,1755165439738,2025-08-14 15:27:19.738818+05:30,35,5
112,412666,523,515,1755165439839,2025-08-14 15:27:19.839586+05:30,35,5
113,412768,521,506,1755165439940,2025-08-14 15:27:19.940444+05:30,35,5
114,412868,520,508,1755165440041,2025-08-14 15:27:20.041218+05:30,35,5
115,412969,520,510,1755165440142,2025-08-14 15:27:20.142058+05:30,35,5
116,413070,522,508,1755165440242,2025-08-14 15:27:20.242903+05:30,35,5
117,413171,523,508,1755165440343,2025-08-14 15:27:20.343692+05:30,35,5
118,413272,522,510,1755165440444,2025-08-14 15:27:20.444460+05:30,35,5
119,413373,520,508,1755165440545,2025-08-14 15:27:20.545296+05:30,35,5
120,413473,523,517,1755165440646,2025-08-14 15:27:20.646129+05:30,35,5
121,413575,526,517,1755165440746,2025-08-14 15:27:20.746983+05:30,35,5
122,413675,523,507,1755165440847,2025-08-14 15:27:20.847823+05:30,35,5
123,413776,524,507,1755165440948,2025-08-14 15:27:20.948682+05:30,35,5
124,413877,523,510,1755165441049,2025-08-14 15:27:21.049545+05:30,35,5
125,413977,526,508,1755165441150,2025-08-14 15:27:21.150463+05:30,35,5
126,414078,526,510,1755165441251,2025-08-14 15:27:21.251214+05:30,35,5
127,414179,524,506,1755165441351,2025-08-14 15:27:21.351962+05:30,35,5
128,414280,527,508,1755165441452,2025-08-14 15:27:21.452817+05:30,35,5
129,414381,527,519,1755165441553,2025-08-14 15:27:21.553654+05:30,35,5
130,414482,527,513,1755165441654,2025-08-14 15:27:21.654623+05:30,35,5
131,414582,526,508,1755165441755,2025-08-14 15:27:21.755337+05:30,35,5
132,414684,528,510,1755165441856,2025-08-14 15:27:21.856228+05:30,35,5
133,414784,526,509,1755165441956,2025-08-14 15:27:21.956968+05:30,35,5
134,414885,524,504,1755165442057,2025-08-14 15:27:22.057837+05:30,35,5
135,414986,527,511,1755165442158,2025-08-14 15:27:22.158747+05:30,35,5
136,415087,528,509,1755165442259,2025-08-14 15:27:22.259496+05:30,35,5
137,415187,529,511,1755165442360,2025-08-14 15:27:22.360383+05:30,35,5
138,415289,529,518,1755165442461,2025-08-14 15:27:22.461313+05:30,35,5
139,415389,527,509,1755165442562,2025-08-14 15:27:22.562024+05:30,35,5
140,415491,528,508,1755165442662,2025-08-14 15:27:22.662834+05:30,35,5
141,415591,529,513,1755165442763,2025-08-14 15:27:22.763668+05:30,35,5
142,415692,529,509,1755165442864,2025-08-14 15:27:22.864622+05:30,35,5
143,415793,529,508,1755165442965,2025-08-14 15:27:22.965328+05:30,35,5
144,415893,527,508,1755165443066,2025-08-14 15:27:23.066299+05:30,35,5
145,415994,529,509,1755165443167,2025-08-14 15:27:23.167144+05:30,35,5
146,416095,531,520,1755165443267,2025-08-14 15:27:23.267970+05:30,35,5
147,416196,529,510,1755165443368,2025-08-14 15:27:23.368762+05:30,35,5
148,416296,528,506,1755165443469,2025-08-14 15:27:23.469605+05:30,35,5
149,416398,530,509,1755165443570,2025-08-14 15:27:23.570389+05:30,35,5
150,416498,528,510,1755165443671,2025-08-14 15:27:23.671221+05:30,35,5
151,416600,534,507,1755165443772,2025-08-14 15:27:23.772055+05:30,35,5
152,416700,529,507,1755165443872,2025-08-14 15:27:23.872942+05:30,35,5
153,416801,533,508,1755165443973,2025-08-14 15:27:23.973764+05:30,35,5
154,416902,533,516,1755165444074,2025-08-14 15:27:24.074580+05:30,35,5
155,417003,535,521,1755165444175,2025-08-14 15:27:24.175410+05:30,35,5
156,417103,532,509,1755165444276,2025-08-14 15:27:24.276298+05:30,35,5
157,417205,534,509,1755165444377,2025-08-14 15:27:24.377161+05:30,35,5
158,417305,532,512,1755165444477,2025-08-14 15:27:24.477931+05:30,35,5
159,417406,533,509,1755165444578,2025-08-14 15:27:24.578709+05:30,35,5
160,417507,533,510,1755165444679,2025-08-14 15:27:24.679607+05:30,35,5
161,417607,535,511,1755165444780,2025-08-14 15:27:24.780447+05:30,35,5
162,417709,535,509,1755165444881,2025-08-14 15:27:24.881328+05:30,35,5
163,417809,536,524,1755165444982,2025-08-14 15:27:24.982173+05:30,35,5
164,417910,535,510,1755165445083,2025-08-14 15:27:25.083027+05:30,35,5
165,418011,535,507,1755165445183,2025-08-14 15:27:25.183823+05:30,35,5
166,418112,535,509,1755165445284,2025-08-14 15:27:25.284584+05:30,35,5
167,418212,531,505,1755165445385,2025-08-14 15:27:25.385500+05:30,35,5
168,418314,534,511,1755165445486,2025-08-14 15:27:25.486287+05:30,35,5
169,418414,534,509,1755165445587,2025-08-14 15:27:25.587139+05:30,35,5
170,418515,533,510,1755165445687,2025-08-14 15:27:25.687966+05:30,35,5
171,418616,535,518,1755165445788,2025-08-14 15:27:25.788664+05:30,35,5
172,418717,537,520,1755165445889,2025-08-14 15:27:25.889531+05:30,35,5
173,418818,535,508,1755165445990,2025-08-14 15:27:25.990379+05:30,35,5
174,418919,534,509,1755165446091,2025-08-14 15:27:26.091282+05:30,35,5
175,419019,536,509,1755165446192,2025-08-14 15:27:26.192246+05:30,35,5
176,419121,535,508,1755165446292,2025-08-14 15:27:26.292910+05:30,35,5
177,419221,537,508,1755165446393,2025-08-14 15:27:26.393747+05:30,35,5
178,419322,538,506,1755165446494,2025-08-14 15:27:26.494533+05:30,35,5
179,419423,538,509,1755165446595,2025-08-14 15:27:26.595376+05:30,35,5
180,419523,539,522,1755165446696,2025-08-14 15:27:26.696240+05:30,35,5
181,419624,539,516,1755165446797,2025-08-14 15:27:26.797041+05:30,35,5
182,419725,538,505,1755165446897,2025-08-14 15:27:26.897913+05:30,35,5
183,419826,537,511,1755165446998,2025-08-14 15:27:26.998837+05:30,35,5
184,419927,539,510,1755165447099,2025-08-14 15:27:27.099788+05:30,35,5
185,420028,538,507,1755165447200,2025-08-14 15:27:27.200534+05:30,35,5
186,420128,539,510,1755165447301,2025-08-14 15:27:27.301412+05:30,35,5
187,420230,540,507,1755165447402,2025-08-14 15:27:27.402291+05:30,35,5
188,420330,537,510,1755165447503,2025-08-14 15:27:27.503009+05:30,35,5
189,420431,538,516,1755165447603,2025-08-14 15:27:27.603883+05:30,35,5
190,420532,539,520,1755165447704,2025-08-14 15:27:27.704584+05:30,35,5
191,420633,540,507,1755165447805,2025-08-14 15:27:27.805396+05:30,35,5
192,420733,537,509,1755165447906,2025-08-14 15:27:27.906347+05:30,35,5
193,420835,540,509,1755165448007,2025-08-14 15:27:28.007096+05:30,35,5
194,420935,541,507,1755165448108,2025-08-14 15:27:28.107993+05:30,35,5
195,421037,540,506,1755165448208,2025-08-14 15:27:28.208828+05:30,35,5
196,421137,539,509,1755165448309,2025-08-14 15:27:28.309693+05:30,35,5
197,421238,542,509,1755165448410,2025-08-14 15:27:28.410474+05:30,35,5
198,421339,542,517,1755165448511,2025-08-14 15:27:28.511455+05:30,35,5
199,421439,544,519,1755165448612,2025-08-14 15:27:28.612194+05:30,35,5
200,421540,540,505,1755165448713,2025-08-14 15:27:28.713186+05:30,35,5
201,421641,543,509,1755165448813,2025-08-14 15:27:28.813775+05:30,35,5
202,421742,543,508,1755165448914,2025-08-14 15:27:28.914735+05:30,35,5
203,421842,543,508,1755165449015,2025-08-14 15:27:29.015360+05:30,35,5
204,421944,544,507,1755165449116,2025-08-14 15:27:29.116237+05:30,35,5
205,422044,543,509,1755165449217,2025-08-14 15:27:29.217022+05:30,35,5
206,422146,541,510,1755165449317,2025-08-14 15:27:29.317886+05:30,35,5
207,422246,545,515,1755165449418,2025-08-14 15:27:29.418699+05:30,35,5
208,422347,545,523,1755165449519,2025-08-14 15:27:29.519546+05:30,35,5
209,422448,543,507,1755165449620,2025-08-14 15:27:29.620389+05:30,35,5
210,422549,541,508,1755165449721,2025-08-14 15:27:29.721268+05:30,35,5
211,422649,543,513,1755165449822,2025-08-14 15:27:29.822051+05:30,35,5
212,422751,545,507,1755165449922,2025-08-14 15:27:29.922905+05:30,35,5
213,422851,543,508,1755165450023,2025-08-14 15:27:30.023830+05:30,35,5
214,422952,543,507,1755165450124,2025-08-14 15:27:30.124524+05:30,35,5
215,423053,541,509,1755165450225,2025-08-14 15:27:30.225435+05:30,35,5
216,423154,544,515,1755165450326,2025-08-14 15:27:30.326256+05:30,35,5
217,423255,545,523,1755165450427,2025-08-14 15:27:30.427054+05:30,35,5
218,423355,546,504,1755165450527,2025-08-14 15:27:30.527919+05:30,35,5
219,423456,544,507,1755165450629,2025-08-14 15:27:30.629014+05:30,35,5
220,423557,545,513,1755165450729,2025-08-14 15:27:30.729637+05:30,35,5
221,423658,543,509,1755165450830,2025-08-14 15:27:30.830477+05:30,35,5
222,423758,544,508,1755165450931,2025-08-14 15:27:30.931282+05:30,35,5
223,423860,545,508,1755165451032,2025-08-14 15:27:31.032082+05:30,35,5
224,423960,544,507,1755165451133,2025-08-14 15:27:31.133027+05:30,35,5
225,424061,547,516,1755165451233,2025-08-14 15:27:31.233729+05:30,35,5
226,424162,546,522,1755165451334,2025-08-14 15:27:31.334556+05:30,35,5
227,424263,548,507,1755165451435,2025-08-14 15:27:31.435376+05:30,35,5
228,424364,548,508,1755165451536,2025-08-14 15:27:31.536268+05:30,35,5
229,424465,546,510,1755165451637,2025-08-14 15:27:31.637067+05:30,35,5
230,424565,543,508,1755165451737,2025-08-14 15:27:31.737863+05:30,35,5
231,424667,546,503,1755165451838,2025-08-14 15:27:31.838833+05:30,35,5
232,424767,544,511,1755165451939,2025-08-14 15:27:31.939596+05:30,35,5
233,424868,545,508,1755165452040,2025-08-14 15:27:32.040396+05:30,35,5
234,424969,545,508,1755165452141,2025-08-14 15:27:32.141421+05:30,35,5
235,425070,548,524,1755165452242,2025-08-14 15:27:32.242037+05:30,35,5
236,425170,544,513,1755165452343,2025-08-14 15:27:32.342996+05:30,35,5
237,425271,545,511,1755165452443,2025-08-14 15:27:32.443734+05:30,35,5
238,425372,544,509,1755165452544,2025-08-14 15:27:32.544771+05:30,35,5
239,425473,546,509,1755165452645,2025-08-14 15:27:32.645521+05:30,35,5
240,425574,545,508,1755165452746,2025-08-14 15:27:32.746416+05:30,35,5
241,425674,545,509,1755165452847,2025-08-14 15:27:32.847113+05:30,35,5
242,425776,548,508,1755165452948,2025-08-14 15:27:32.948073+05:30,35,5
243,425876,545,507,1755165453048,2025-08-14 15:27:33.048767+05:30,35,5
244,425977,548,514,1755165453149,2025-08-14 15:27:33.149669+05:30,35,5
245,426078,547,517,1755165453250,2025-08-14 15:27:33.250555+05:30,35,5
246,426179,547,506,1755165453351,2025-08-14 15:27:33.351409+05:30,35,5
247,426279,547,509,1755165453452,2025-08-14 15:27:33.452192+05:30,35,5
248,426381,549,508,1755165453553,2025-08-14 15:27:33.553060+05:30,35,5
249,426481,546,508,1755165453653,2025-08-14 15:27:33.653942+05:30,35,5
250,426583,549,508,1755165453754,2025-08-14 15:27:33.754692+05:30,35,5
251,426683,547,508,1755165453855,2025-08-14 15:27:33.855520+05:30,35,5
252,426784,546,507,1755165453956,2025-08-14 15:27:33.956508+05:30,35,5
253,426885,550,522,1755165454057,2025-08-14 15:27:34.057384+05:30,35,5
254,426985,549,515,1755165454157,2025-08-14 15:27:34.157967+05:30,35,5
255,427086,547,509,1755165454259,2025-08-14 15:27:34.259084+05:30,35,5
256,427187,547,512,1755165454359,2025-08-14 15:27:34.359736+05:30,35,5
257,427288,548,511,1755165454460,2025-08-14 15:27:34.460624+05:30,35,5
258,427388,547,509,1755165454561,2025-08-14 15:27:34.561483+05:30,35,5
259,427490,547,509,1755165454662,2025-08-14 15:27:34.662329+05:30,35,5
260,427590,548,510,1755165454763,2025-08-14 15:27:34.763102+05:30,35,5
261,427692,548,506,1755165454863,2025-08-14 15:27:34.863873+05:30,35,5
262,427792,552,520,1755165454964,2025-08-14 15:27:34.964635+05:30,35,5
263,427893,549,516,1755165455065,2025-08-14 15:27:35.065511+05:30,35,5
264,427994,548,507,1755165455166,2025-08-14 15:27:35.166541+05:30,35,5
265,428095,550,509,1755165455267,2025-08-14 15:27:35.267199+05:30,35,5
266,428195,547,508,1755165455368,2025-08-14 15:27:35.368061+05:30,35,5
267,428297,550,506,1755165455468,2025-08-14 15:27:35.468837+05:30,35,5
268,428397,550,509,1755165455569,2025-08-14 15:27:35.569675+05:30,35,5
269,428498,544,507,1755165455670,2025-08-14 15:27:35.670529+05:30,35,5
270,428599,549,506,1755165455771,2025-08-14 15:27:35.771381+05:30,35,5
271,428700,551,514,1755165455872,2025-08-14 15:27:35.872236+05:30,35,5
272,428801,551,521,1755165455973,2025-08-14 15:27:35.973281+05:30,35,5
273,428901,551,507,1755165456074,2025-08-14 15:27:36.074101+05:30,35,5
274,429002,551,510,1755165456174,2025-08-14 15:27:36.174673+05:30,35,5
275,429103,549,512,1755165456275,2025-08-14 15:27:36.275550+05:30,35,5
276,429204,547,509,1755165456376,2025-08-14 15:27:36.376466+05:30,35,5
277,429304,549,508,1755165456477,2025-08-14 15:27:36.477247+05:30,35,5
278,429406,548,510,1755165456578,2025-08-14 15:27:36.578031+05:30,35,5
279,429506,548,510,1755165456678,2025-08-14 15:27:36.678882+05:30,35,5
280,429607,550,517,1755165456779,2025-08-14 15:27:36.779858+05:30,35,5
281,429708,551,518,1755165456880,2025-08-14 15:27:36.880536+05:30,35,5
282,429809,546,507,1755165456981,2025-08-14 15:27:36.981438+05:30,35,5
283,429910,549,510,1755165457082,2025-08-14 15:27:37.082246+05:30,35,5
284,430011,547,510,1755165457183,2025-08-14 15:27:37.183080+05:30,35,5
285,430111,548,510,1755165457283,2025-08-14 15:27:37.283857+05:30,35,5
286,430213,547,509,1755165457384,2025-08-14 15:27:37.384690+05:30,35,5
287,430313,549,509,1755165457485,2025-08-14 15:27:37.485706+05:30,35,5
288,430414,548,509,1755165457586,2025-08-14 15:27:37.586419+05:30,35,5
289,430515,547,515,1755165457687,2025-08-14 15:27:37.687214+05:30,35,5
290,430616,552,523,1755165457788,2025-08-14 15:27:37.788018+05:30,35,5
291,430716,549,505,1755165457889,2025-08-14 15:27:37.888989+05:30,35,5
292,430817,549,508,1755165457989,2025-08-14 15:27:37.989695+05:30,35,5
293,430918,551,511,1755165458090,2025-08-14 15:27:38.090542+05:30,35,5
294,431019,550,509,1755165458191,2025-08-14 15:27:38.191498+05:30,35,5
295,431120,549,507,1755165458292,2025-08-14 15:27:38.292212+05:30,35,5
296,431220,551,508,1755165458393,2025-08-14 15:27:38.393052+05:30,35,5
297,431322,550,509,1755165458493,2025-08-14 15:27:38.493879+05:30,35,5
298,431422,551,511,1755165458594,2025-08-14 15:27:38.594709+05:30,35,5
299,431523,554,524,1755165458695,2025-08-14 15:27:38.695579+05:30,35,5
300,431624,551,509,1755165458796,2025-08-14 15:27:38.796421+05:30,35,5
301,431725,554,507,1755165458897,2025-08-14 15:27:38.897251+05:30,35,5
302,431825,551,512,1755165458998,2025-08-14 15:27:38.998073+05:30,35,5
303,431927,551,507,1755165459098,2025-08-14 15:27:39.098896+05:30,35,5
304,432027,553,507,1755165459199,2025-08-14 15:27:39.199751+05:30,35,5
305,432129,553,507,1755165459300,2025-08-14 15:27:39.300603+05:30,35,5
306,432229,553,507,1755165459401,2025-08-14 15:27:39.401483+05:30,35,5
307,432330,551,507,1755165459502,2025-08-14 15:27:39.502184+05:30,35,5
308,432431,553,524,1755165459603,2025-08-14 15:27:39.603070+05:30,35,5
309,432532,550,509,1755165459703,2025-08-14 15:27:39.703961+05:30,35,5
310,432632,552,507,1755165459804,2025-08-14 15:27:39.804769+05:30,35,5
311,432733,552,511,1755165459905,2025-08-14 15:27:39.905571+05:30,35,5
312,432834,551,508,1755165460006,2025-08-14 15:27:40.006436+05:30,35,5
313,432934,554,510,1755165460107,2025-08-14 15:27:40.107327+05:30,35,5
314,433036,552,509,1755165460208,2025-08-14 15:27:40.208151+05:30,35,5
315,433136,555,507,1755165460308,2025-08-14 15:27:40.308928+05:30,35,5
316,433238,554,508,1755165460409,2025-08-14 15:27:40.409730+05:30,35,5
317,433338,555,522,1755165460510,2025-08-14 15:27:40.510671+05:30,35,5
318,433439,555,513,1755165460611,2025-08-14 15:27:40.611559+05:30,35,5
319,433540,555,506,1755165460712,2025-08-14 15:27:40.712359+05:30,35,5
320,433641,554,509,1755165460813,2025-08-14 15:27:40.813214+05:30,35,5
321,433741,555,508,1755165460914,2025-08-14 15:27:40.914100+05:30,35,5
322,433843,555,510,1755165461014,2025-08-14 15:27:41.014761+05:30,35,5
323,433943,555,508,1755165461115,2025-08-14 15:27:41.115728+05:30,35,5
324,434044,555,508,1755165461216,2025-08-14 15:27:41.216510+05:30,35,5
325,434145,557,508,1755165461317,2025-08-14 15:27:41.317265+05:30,35,5
326,434246,557,517,1755165461418,2025-08-14 15:27:41.418135+05:30,35,5
327,434347,557,520,1755165461518,2025-08-14 15:27:41.518963+05:30,35,5
328,434448,556,505,1755165461619,2025-08-14 15:27:41.619904+05:30,35,5
329,434548,555,511,1755165461720,2025-08-14 15:27:41.720574+05:30,35,5
330,434649,553,509,1755165461821,2025-08-14 15:27:41.821472+05:30,35,5
331,434750,554,507,1755165461922,2025-08-14 15:27:41.922350+05:30,35,5
332,434850,555,508,1755165462023,2025-08-14 15:27:42.023251+05:30,35,5
333,434952,555,510,1755165462123,2025-08-14 15:27:42.123961+05:30,35,5
334,435052,557,509,1755165462224,2025-08-14 15:27:42.224917+05:30,35,5
335,435153,557,516,1755165462325,2025-08-14 15:27:42.325634+05:30,35,5
336,435254,558,522,1755165462426,2025-08-14 15:27:42.426465+05:30,35,5
337,435355,559,503,1755165462527,2025-08-14 15:27:42.527275+05:30,35,5
338,435456,560,513,1755165462628,2025-08-14 15:27:42.628115+05:30,35,5
339,435557,555,509,1755165462729,2025-08-14 15:27:42.729011+05:30,35,5
340,435657,558,508,1755165462829,2025-08-14 15:27:42.829689+05:30,35,5
341,435759,558,510,1755165462930,2025-08-14 15:27:42.930526+05:30,35,5
342,435859,560,509,1755165463031,2025-08-14 15:27:43.031472+05:30,35,5
343,435960,562,507,1755165463132,2025-08-14 15:27:43.132211+05:30,35,5
344,436061,560,509,1755165463233,2025-08-14 15:27:43.233060+05:30,35,5
345,436162,563,522,1755165463333,2025-08-14 15:27:43.333891+05:30,35,5
346,436262,561,510,1755165463434,2025-08-14 15:27:43.434708+05:30,35,5
347,436364,561,508,1755165463535,2025-08-14 15:27:43.535558+05:30,35,5
348,436464,562,510,1755165463636,2025-08-14 15:27:43.636437+05:30,35,5
349,436564,559,509,1755165463737,2025-08-14 15:27:43.737267+05:30,35,5
350,436666,560,509,1755165463838,2025-08-14 15:27:43.838146+05:30,35,5
351,436766,560,508,1755165463939,2025-08-14 15:27:43.939020+05:30,35,5
352,436868,562,507,1755165464039,2025-08-14 15:27:44.039833+05:30,35,5
353,436968,561,509,1755165464140,2025-08-14 15:27:44.140566+05:30,35,5
354,437069,562,520,1755165464241,2025-08-14 15:27:44.241434+05:30,35,5
355,437170,558,516,1755165464342,2025-08-14 15:27:44.342237+05:30,35,5
356,437271,558,506,1755165464443,2025-08-14 15:27:44.443322+05:30,35,5
357,437371,561,512,1755165464543,2025-08-14 15:27:44.543920+05:30,35,5
358,437473,559,508,1755165464644,2025-08-14 15:27:44.644763+05:30,35,5
359,437573,560,509,1755165464745,2025-08-14 15:27:44.745559+05:30,35,5
360,437675,559,509,1755165464846,2025-08-14 15:27:44.846475+05:30,35,5
361,437775,560,509,1755165464947,2025-08-14 15:27:44.947289+05:30,35,5
362,437876,564,511,1755165465048,2025-08-14 15:27:45.048121+05:30,35,5
363,437977,563,516,1755165465149,2025-08-14 15:27:45.149084+05:30,35,5
364,438078,563,521,1755165465249,2025-08-14 15:27:45.249814+05:30,35,5
365,438178,563,504,1755165465350,2025-08-14 15:27:45.350580+05:30,35,5
366,438280,561,509,1755165465451,2025-08-14 15:27:45.451450+05:30,35,5
367,438380,563,508,1755165465552,2025-08-14 15:27:45.552231+05:30,35,5
368,438480,561,508,1755165465653,2025-08-14 15:27:45.653087+05:30,35,5
369,438582,565,509,1755165465753,2025-08-14 15:27:45.753947+05:30,35,5
370,438682,565,511,1755165465854,2025-08-14 15:27:45.854800+05:30,35,5
371,438784,563,507,1755165465955,2025-08-14 15:27:45.955686+05:30,35,5
372,438884,562,510,1755165466056,2025-08-14 15:27:46.056610+05:30,35,5
373,438985,567,524,1755165466157,2025-08-14 15:27:46.157353+05:30,35,5
374,439086,563,511,1755165466258,2025-08-14 15:27:46.258085+05:30,35,5
375,439187,562,509,1755165466358,2025-08-14 15:27:46.358923+05:30,35,5
376,439287,564,510,1755165466459,2025-08-14 15:27:46.459768+05:30,35,5
377,439389,563,508,1755165466560,2025-08-14 15:27:46.560605+05:30,35,5
378,439489,562,509,1755165466661,2025-08-14 15:27:46.661470+05:30,35,5
379,439590,562,510,1755165466762,2025-08-14 15:27:46.762309+05:30,35,5
380,439691,564,511,1755165466863,2025-08-14 15:27:46.863108+05:30,35,5
381,439792,562,510,1755165466963,2025-08-14 15:27:46.963939+05:30,35,5
382,439892,567,518,1755165467064,2025-08-14 15:27:47.064787+05:30,35,5
383,439994,564,515,1755165467165,2025-08-14 15:27:47.165729+05:30,35,5
384,440094,563,505,1755165467266,2025-08-14 15:27:47.266476+05:30,35,5
385,440196,568,512,1755165467367,2025-08-14 15:27:47.367375+05:30,35,5
386,440296,566,508,1755165467468,2025-08-14 15:27:47.468116+05:30,35,5
387,440396,563,507,1755165467568,2025-08-14 15:27:47.568964+05:30,35,5
388,440498,566,507,1755165467669,2025-08-14 15:27:47.669781+05:30,35,5
389,440598,568,510,1755165467770,2025-08-14 15:27:47.770577+05:30,35,5
390,440699,569,509,1755165467871,2025-08-14 15:27:47.871471+05:30,35,5
391,440800,570,511,1755165467972,2025-08-14 15:27:47.972287+05:30,35,5
392,440901,569,524,1755165468073,2025-08-14 15:27:48.073139+05:30,35,5
393,441001,564,508,1755165468173,2025-08-14 15:27:48.173938+05:30,35,5
394,441103,565,509,1755165468274,2025-08-14 15:27:48.274800+05:30,35,5
395,441203,566,511,1755165468375,2025-08-14 15:27:48.375813+05:30,35,5
396,441305,565,505,1755165468476,2025-08-14 15:27:48.476600+05:30,35,5
397,441405,566,508,1755165468577,2025-08-14 15:27:48.577368+05:30,35,5
398,441506,565,508,1755165468678,2025-08-14 15:27:48.678192+05:30,35,5
399,441607,567,509,1755165468779,2025-08-14 15:27:48.779108+05:30,35,5
400,441708,568,510,1755165468879,2025-08-14 15:27:48.879863+05:30,35,5
401,441808,566,520,1755165468980,2025-08-14 15:27:48.980782+05:30,35,5
402,441910,570,516,1755165469081,2025-08-14 15:27:49.081701+05:30,35,5
403,442010,566,505,1755165469182,2025-08-14 15:27:49.182381+05:30,35,5
404,442112,568,509,1755165469283,2025-08-14 15:27:49.283190+05:30,35,5
405,442212,565,509,1755165469384,2025-08-14 15:27:49.384143+05:30,35,5
406,442312,567,507,1755165469485,2025-08-14 15:27:49.484998+05:30,35,5
407,442414,566,508,1755165469585,2025-08-14 15:27:49.585891+05:30,35,5
408,442514,568,508,1755165469686,2025-08-14 15:27:49.686710+05:30,35,5
409,442615,567,510,1755165469787,2025-08-14 15:27:49.787477+05:30,35,5
410,442716,571,515,1755165469888,2025-08-14 15:27:49.888248+05:30,35,5
411,442817,570,519,1755165469989,2025-08-14 15:27:49.989110+05:30,35,5
412,442917,569,508,1755165470089,2025-08-14 15:27:50.089826+05:30,35,5
413,443019,572,510,1755165470190,2025-08-14 15:27:50.190722+05:30,35,5
414,443119,569,513,1755165470291,2025-08-14 15:27:50.291529+05:30,35,5
415,443220,570,508,1755165470392,2025-08-14 15:27:50.392322+05:30,35,5
416,443321,570,508,1755165470493,2025-08-14 15:27:50.493151+05:30,35,5
417,443422,567,509,1755165470593,2025-08-14 15:27:50.593971+05:30,35,5
418,443523,570,510,1755165470694,2025-08-14 15:27:50.694855+05:30,35,5
419,443624,568,513,1755165470795,2025-08-14 15:27:50.795617+05:30,35,5
420,443724,571,521,1755165470896,2025-08-14 15:27:50.896535+05:30,35,5
421,443826,568,505,1755165470997,2025-08-14 15:27:50.997454+05:30,35,5
422,443926,569,510,1755165471098,2025-08-14 15:27:51.098172+05:30,35,5
423,444027,566,514,1755165471199,2025-08-14 15:27:51.199059+05:30,35,5
424,444128,569,509,1755165471299,2025-08-14 15:27:51.299821+05:30,35,5
425,444228,567,506,1755165471400,2025-08-14 15:27:51.400667+05:30,35,5
426,444329,569,509,1755165471501,2025-08-14 15:27:51.501513+05:30,35,5
427,444430,568,510,1755165471602,2025-08-14 15:27:51.602327+05:30,35,5
428,444531,570,522,1755165471703,2025-08-14 15:27:51.703224+05:30,35,5
429,444632,568,510,1755165471804,2025-08-14 15:27:51.804050+05:30,35,5
430,444733,568,506,1755165471904,2025-08-14 15:27:51.904917+05:30,35,5
431,444833,570,510,1755165472005,2025-08-14 15:27:52.005684+05:30,35,5
432,444935,569,510,1755165472106,2025-08-14 15:27:52.106522+05:30,35,5
433,445035,569,509,1755165472207,2025-08-14 15:27:52.207406+05:30,35,5
434,445136,571,508,1755165472308,2025-08-14 15:27:52.308218+05:30,35,5
435,445237,572,510,1755165472409,2025-08-14 15:27:52.409022+05:30,35,5
436,445338,573,518,1755165472509,2025-08-14 15:27:52.509814+05:30,35,5
437,445438,573,516,1755165472610,2025-08-14 15:27:52.610806+05:30,35,5
438,445540,571,507,1755165472711,2025-08-14 15:27:52.711542+05:30,35,5
439,445640,573,511,1755165472812,2025-08-14 15:27:52.812387+05:30,35,5
440,445742,570,510,1755165472913,2025-08-14 15:27:52.913247+05:30,35,5
441,445842,571,508,1755165473014,2025-08-14 15:27:53.014014+05:30,35,5
442,445943,571,510,1755165473114,2025-08-14 15:27:53.114827+05:30,35,5
443,446044,573,508,1755165473215,2025-08-14 15:27:53.215681+05:30,35,5
444,446144,570,509,1755165473316,2025-08-14 15:27:53.316632+05:30,35,5
445,446245,571,521,1755165473417,2025-08-14 15:27:53.417519+05:30,35,5
446,446346,569,508,1755165473518,2025-08-14 15:27:53.518172+05:30,35,5
447,446447,569,508,1755165473619,2025-08-14 15:27:53.619098+05:30,35,5
448,446547,572,512,1755165473719,2025-08-14 15:27:53.719927+05:30,35,5
449,446649,569,507,1755165473820,2025-08-14 15:27:53.820724+05:30,35,5
450,446749,568,506,1755165473921,2025-08-14 15:27:53.921565+05:30,35,5
451,446851,570,511,1755165474022,2025-08-14 15:27:54.022370+05:30,35,5
452,446951,572,509,1755165474123,2025-08-14 15:27:54.123201+05:30,35,5
453,447052,570,510,1755165474224,2025-08-14 15:27:54.224025+05:30,35,5
454,447153,576,523,1755165474324,2025-08-14 15:27:54.324911+05:30,35,5
455,447254,573,509,1755165474425,2025-08-14 15:27:54.425705+05:30,35,5
456,447354,573,506,1755165474526,2025-08-14 15:27:54.526570+05:30,35,5
457,447456,571,510,1755165474627,2025-08-14 15:27:54.627335+05:30,35,5
458,447556,575,508,1755165474728,2025-08-14 15:27:54.728317+05:30,35,5
459,447657,575,509,1755165474829,2025-08-14 15:27:54.829164+05:30,35,5
460,447758,574,510,1755165474929,2025-08-14 15:27:54.929922+05:30,35,5
461,447859,574,509,1755165475030,2025-08-14 15:27:55.030809+05:30,35,5
462,447960,574,509,1755165475131,2025-08-14 15:27:55.131635+05:30,35,5
463,448060,576,510,1755165475232,2025-08-14 15:27:55.232573+05:30,35,5
464,448161,578,517,1755165475333,2025-08-14 15:27:55.333299+05:30,35,5
465,448262,576,508,1755165475434,2025-08-14 15:27:55.434259+05:30,35,5
466,448363,576,507,1755165475535,2025-08-14 15:27:55.535082+05:30,35,5
467,448463,577,510,1755165475635,2025-08-14 15:27:55.635844+05:30,35,5
468,448565,573,505,1755165475736,2025-08-14 15:27:55.736865+05:30,35,5
469,448665,574,508,1755165475837,2025-08-14 15:27:55.837454+05:30,35,5
470,448766,576,508,1755165475938,2025-08-14 15:27:55.938287+05:30,35,5
471,448867,574,510,1755165476039,2025-08-14 15:27:56.039116+05:30,35,5
472,448968,576,509,1755165476139,2025-08-14 15:27:56.139950+05:30,35,5
473,449069,576,522,1755165476240,2025-08-14 15:27:56.240898+05:30,35,5
474,449170,573,508,1755165476341,2025-08-14 15:27:56.341612+05:30,35,5
475,449270,575,509,1755165476442,2025-08-14 15:27:56.442406+05:30,35,5
476,449372,574,513,1755165476543,2025-08-14 15:27:56.543271+05:30,35,5
477,449472,573,509,1755165476644,2025-08-14 15:27:56.644053+05:30,35,5
478,449573,574,507,1755165476744,2025-08-14 15:27:56.744913+05:30,35,5
479,449674,576,509,1755165476845,2025-08-14 15:27:56.845757+05:30,35,5
480,449775,577,510,1755165476946,2025-08-14 15:27:56.946648+05:30,35,5
481,449875,578,509,1755165477047,2025-08-14 15:27:57.047489+05:30,35,5
482,449976,578,523,1755165477148,2025-08-14 15:27:57.148239+05:30,35,5
483,450077,579,510,1755165477249,2025-08-14 15:27:57.249061+05:30,35,5
484,450178,573,507,1755165477349,2025-08-14 15:27:57.349886+05:30,35,5
485,450279,575,510,1755165477450,2025-08-14 15:27:57.450752+05:30,35,5
486,450379,573,509,1755165477551,2025-08-14 15:27:57.551652+05:30,35,5
487,450481,573,509,1755165477652,2025-08-14 15:27:57.652465+05:30,35,5
488,450581,575,508,1755165477753,2025-08-14 15:27:57.753258+05:30,35,5
489,450682,577,508,1755165477854,2025-08-14 15:27:57.854106+05:30,35,5
490,450783,574,510,1755165477954,2025-08-14 15:27:57.954939+05:30,35,5
491,450884,575,512,1755165478055,2025-08-14 15:27:58.055847+05:30,35,5
492,450984,576,520,1755165478156,2025-08-14 15:27:58.156670+05:30,35,5
493,451086,576,506,1755165478257,2025-08-14 15:27:58.257417+05:30,35,5
494,451186,575,510,1755165478358,2025-08-14 15:27:58.358244+05:30,35,5
495,451288,576,512,1755165478459,2025-08-14 15:27:58.459151+05:30,35,5
496,451388,574,510,1755165478559,2025-08-14 15:27:58.559945+05:30,35,5
497,451489,578,509,1755165478660,2025-08-14 15:27:58.660765+05:30,35,5
498,451590,574,508,1755165478761,2025-08-14 15:27:58.761623+05:30,35,5
499,451691,574,509,1755165478862,2025-08-14 15:27:58.862435+05:30,35,5
500,451791,575,513,1755165478963,2025-08-14 15:27:58.963267+05:30,35,5
501,451892,578,522,1755165479064,2025-08-14 15:27:59.064100+05:30,35,5
502,451993,580,505,1755165479165,2025-08-14 15:27:59.164993+05:30,35,5
503,452093,575,508,1755165479265,2025-08-14 15:27:59.265789+05:30,35,5
504,452195,579,511,1755165479366,2025-08-14 15:27:59.366634+05:30,35,5
505,452295,576,506,1755165479467,2025-08-14 15:27:59.467522+05:30,35,5
506,452397,581,506,1755165479568,2025-08-14 15:27:59.568290+05:30,35,5
507,452497,576,511,1755165479669,2025-08-14 15:27:59.669240+05:30,35,5
508,452598,581,507,1755165479769,2025-08-14 15:27:59.769954+05:30,35,5
509,452699,577,508,1755165479870,2025-08-14 15:27:59.870824+05:30,35,5
510,452800,578,523,1755165479971,2025-08-14 15:27:59.971634+05:30,35,5
511,452900,578,515,1755165480072,2025-08-14 15:28:00.072521+05:30,35,5
512,453002,576,506,1755165480173,2025-08-14 15:28:00.173273+05:30,35,5
513,453102,576,512,1755165480274,2025-08-14 15:28:00.274179+05:30,35,5
514,453203,576,510,1755165480374,2025-08-14 15:28:00.374936+05:30,35,5
515,453304,578,506,1755165480475,2025-08-14 15:28:00.475970+05:30,35,5
516,453405,577,510,1755165480576,2025-08-14 15:28:00.576652+05:30,35,5
517,453506,578,509,1755165480677,2025-08-14 15:28:00.677543+05:30,35,5
518,453607,576,510,1755165480778,2025-08-14 15:28:00.778258+05:30,35,5
519,453707,578,513,1755165480879,2025-08-14 15:28:00.879119+05:30,35,5
520,453808,581,522,1755165480979,2025-08-14 15:28:00.979968+05:30,35,5
521,453909,583,508,1755165481080,2025-08-14 15:28:01.080805+05:30,35,5
522,454009,578,507,1755165481181,2025-08-14 15:28:01.181661+05:30,35,5
523,454111,578,507,1755165481282,2025-08-14 15:28:01.282611+05:30,35,5
524,454211,578,508,1755165481383,2025-08-14 15:28:01.383307+05:30,35,5
525,454312,579,508,1755165481484,2025-08-14 15:28:01.484219+05:30,35,5
526,454413,578,507,1755165481584,2025-08-14 15:28:01.584970+05:30,35,5
527,454514,583,507,1755165481685,2025-08-14 15:28:01.685814+05:30,35,5
528,454615,579,509,1755165481786,2025-08-14 15:28:01.786814+05:30,35,5
529,454716,582,524,1755165481887,2025-08-14 15:28:01.887487+05:30,35,5
530,454816,581,509,1755165481988,2025-08-14 15:28:01.988394+05:30,35,5
531,454918,577,507,1755165482089,2025-08-14 15:28:02.089296+05:30,35,5
532,455018,580,509,1755165482190,2025-08-14 15:28:02.190053+05:30,35,5
533,455119,576,507,1755165482290,2025-08-14 15:28:02.290908+05:30,35,5
534,455220,578,509,1755165482391,2025-08-14 15:28:02.391880+05:30,35,5
535,455321,578,508,1755165482492,2025-08-14 15:28:02.492544+05:30,35,5
536,455421,579,507,1755165482593,2025-08-14 15:28:02.593313+05:30,35,5
537,455523,577,508,1755165482694,2025-08-14 15:28:02.694130+05:30,35,5
538,455623,581,518,1755165482794,2025-08-14 15:28:02.794948+05:30,35,5
539,455724,582,519,1755165482895,2025-08-14 15:28:02.895886+05:30,35,5
540,455825,581,507,1755165482996,2025-08-14 15:28:02.996679+05:30,35,5
541,455925,579,509,1755165483097,2025-08-14 15:28:03.097628+05:30,35,5
542,456027,580,510,1755165483198,2025-08-14 15:28:03.198427+05:30,35,5
543,456127,584,509,1755165483299,2025-08-14 15:28:03.299249+05:30,35,5
544,456228,582,509,1755165483400,2025-08-14 15:28:03.400028+05:30,35,5
545,456329,581,509,1755165483500,2025-08-14 15:28:03.500877+05:30,35,5
546,456430,585,508,1755165483601,2025-08-14 15:28:03.601855+05:30,35,5
547,456530,582,506,1755165483702,2025-08-14 15:28:03.702492+05:30,35,5
548,456632,583,522,1755165483803,2025-08-14 15:28:03.803346+05:30,35,5
549,456732,583,514,1755165483904,2025-08-14 15:28:03.904172+05:30,35,5
550,456834,581,507,1755165484005,2025-08-14 15:28:04.005020+05:30,35,5
551,456934,578,510,1755165484105,2025-08-14 15:28:04.105837+05:30,35,5
552,457035,579,510,1755165484206,2025-08-14 15:28:04.206744+05:30,35,5
553,457136,580,509,1755165484307,2025-08-14 15:28:04.307516+05:30,35,5
554,457237,579,509,1755165484408,2025-08-14 15:28:04.408330+05:30,35,5
555,457337,580,508,1755165484509,2025-08-14 15:28:04.509167+05:30,35,5
556,457439,580,510,1755165484610,2025-08-14 15:28:04.610018+05:30,35,5
557,457539,580,511,1755165484710,2025-08-14 15:28:04.710858+05:30,35,5
558,457639,580,520,1755165484811,2025-08-14 15:28:04.811737+05:30,35,5
559,457741,580,509,1755165484912,2025-08-14 15:28:04.912536+05:30,35,5
560,457841,578,509,1755165485013,2025-08-14 15:28:05.013400+05:30,35,5
561,457943,578,506,1755165485114,2025-08-14 15:28:05.114222+05:30,35,5
562,458043,578,510,1755165485215,2025-08-14 15:28:05.215042+05:30,35,5
563,458144,581,508,1755165485315,2025-08-14 15:28:05.315910+05:30,35,5
564,458245,581,509,1755165485416,2025-08-14 15:28:05.416798+05:30,35,5
565,458346,580,509,1755165485517,2025-08-14 15:28:05.517514+05:30,35,5
566,458446,579,509,1755165485618,2025-08-14 15:28:05.618482+05:30,35,5
567,458548,584,522,1755165485719,2025-08-14 15:28:05.719377+05:30,35,5
568,458648,584,508,1755165485820,2025-08-14 15:28:05.820115+05:30,35,5
569,458749,582,507,1755165485920,2025-08-14 15:28:05.920947+05:30,35,5
570,458850,584,511,1755165486021,2025-08-14 15:28:06.021817+05:30,35,5
571,458951,581,510,1755165486122,2025-08-14 15:28:06.122608+05:30,35,5
572,459052,584,508,1755165486223,2025-08-14 15:28:06.223416+05:30,35,5
573,459153,581,510,1755165486324,2025-08-14 15:28:06.324213+05:30,35,5
574,459253,583,508,1755165486425,2025-08-14 15:28:06.425049+05:30,35,5
575,459355,582,509,1755165486525,2025-08-14 15:28:06.525871+05:30,35,5
576,459455,583,519,1755165486626,2025-08-14 15:28:06.626767+05:30,35,5
577,459555,583,520,1755165486727,2025-08-14 15:28:06.727546+05:30,35,5
578,459657,579,508,1755165486828,2025-08-14 15:28:06.828365+05:30,35,5
579,459757,579,510,1755165486929,2025-08-14 15:28:06.929263+05:30,35,5
580,459858,578,511,1755165487030,2025-08-14 15:28:07.030049+05:30,35,5
581,459959,582,508,1755165487130,2025-08-14 15:28:07.130891+05:30,35,5
582,460060,580,507,1755165487231,2025-08-14 15:28:07.231830+05:30,35,5
583,460161,581,510,1755165487332,2025-08-14 15:28:07.332611+05:30,35,5
584,460262,581,506,1755165487433,2025-08-14 15:28:07.433544+05:30,35,5
585,460362,583,511,1755165487534,2025-08-14 15:28:07.534248+05:30,35,5
586,460464,586,523,1755165487635,2025-08-14 15:28:07.635090+05:30,35,5
587,460564,581,507,1755165487735,2025-08-14 15:28:07.735911+05:30,35,5
588,460665,585,504,1755165487836,2025-08-14 15:28:07.836861+05:30,35,5
589,460766,583,511,1755165487937,2025-08-14 15:28:07.937653+05:30,35,5
590,460867,582,509,1755165488038,2025-08-14 15:28:08.038438+05:30,35,5
591,460967,580,505,1755165488139,2025-08-14 15:28:08.139322+05:30,35,5
592,461069,586,510,1755165488240,2025-08-14 15:28:08.240224+05:30,35,5
593,461169,583,510,1755165488340,2025-08-14 15:28:08.340970+05:30,35,5
594,461271,587,508,1755165488441,2025-08-14 15:28:08.441820+05:30,35,5
595,461371,585,522,1755165488542,2025-08-14 15:28:08.542607+05:30,35,5
596,461471,582,511,1755165488643,2025-08-14 15:28:08.643498+05:30,35,5
597,461573,582,506,1755165488744,2025-08-14 15:28:08.744328+05:30,35,5
598,461673,584,509,1755165488845,2025-08-14 15:28:08.845165+05:30,35,5
599,461774,581,506,1755165488946,2025-08-14 15:28:08.946125+05:30,35,5
600,461875,583,508,1755165489046,2025-08-14 15:28:09.046833+05:30,35,5
601,461976,582,508,1755165489147,2025-08-14 15:28:09.147648+05:30,35,5
602,462076,580,507,1755165489248,2025-08-14 15:28:09.248548+05:30,35,5
603,462178,583,508,1755165489349,2025-08-14 15:28:09.349386+05:30,35,5
604,462278,583,524,1755165489450,2025-08-14 15:28:09.450164+05:30,35,5
605,462380,584,512,1755165489551,2025-08-14 15:28:09.551009+05:30,35,5
606,462480,583,505,1755165489651,2025-08-14 15:28:09.651899+05:30,35,5
607,462581,587,508,1755165489752,2025-08-14 15:28:09.752683+05:30,35,5
608,462682,584,508,1755165489853,2025-08-14 15:28:09.853519+05:30,35,5
609,462783,581,508,1755165489954,2025-08-14 15:28:09.954334+05:30,35,5
610,462883,584,509,1755165490055,2025-08-14 15:28:10.055166+05:30,35,5
611,462985,581,508,1755165490155,2025-08-14 15:28:10.155979+05:30,35,5
612,463085,585,508,1755165490256,2025-08-14 15:28:10.256908+05:30,35,5
613,463186,586,517,1755165490357,2025-08-14 15:28:10.357651+05:30,35,5
614,463287,587,518,1755165490458,2025-08-14 15:28:10.458474+05:30,35,5
615,463387,583,506,1755165490559,2025-08-14 15:28:10.559302+05:30,35,5
616,463489,587,511,1755165490660,2025-08-14 15:28:10.660158+05:30,35,5
617,463589,584,510,1755165490761,2025-08-14 15:28:10.760992+05:30,35,5
618,463690,584,507,1755165490861,2025-08-14 15:28:10.861938+05:30,35,5
619,463791,585,509,1755165490962,2025-08-14 15:28:10.962648+05:30,35,5
620,463892,583,511,1755165491063,2025-08-14 15:28:11.063544+05:30,35,5
621,463992,586,508,1755165491164,2025-08-14 15:28:11.164342+05:30,35,5
622,464094,584,507,1755165491265,2025-08-14 15:28:11.265326+05:30,35,5
623,464194,585,523,1755165491366,2025-08-14 15:28:11.366151+05:30,35,5
624,464295,587,506,1755165491466,2025-08-14 15:28:11.466980+05:30,35,5
625,464396,583,508,1755165491567,2025-08-14 15:28:11.567845+05:30,35,5
626,464497,584,512,1755165491668,2025-08-14 15:28:11.668522+05:30,35,5
627,464598,586,507,1755165491769,2025-08-14 15:28:11.769385+05:30,35,5
628,464699,583,509,1755165491870,2025-08-14 15:28:11.870289+05:30,35,5
629,464799,583,508,1755165491971,2025-08-14 15:28:11.971059+05:30,35,5
630,464901,583,509,1755165492071,2025-08-14 15:28:12.071949+05:30,35,5
631,465001,587,505,1755165492172,2025-08-14 15:28:12.172699+05:30,35,5
632,465102,587,522,1755165492273,2025-08-14 15:28:12.273498+05:30,35,5
633,465203,586,509,1755165492374,2025-08-14 15:28:12.374374+05:30,35,5
634,465303,585,507,1755165492475,2025-08-14 15:28:12.475176+05:30,35,5
635,465404,585,510,1755165492575,2025-08-14 15:28:12.575976+05:30,35,5
636,465505,588,508,1755165492676,2025-08-14 15:28:12.676929+05:30,35,5
637,465606,585,509,1755165492777,2025-08-14 15:28:12.777669+05:30,35,5
638,465707,584,509,1755165492878,2025-08-14 15:28:12.878500+05:30,35,5
639,465808,585,508,1755165492979,2025-08-14 15:28:12.979471+05:30,35,5
640,465908,586,509,1755165493080,2025-08-14 15:28:13.080208+05:30,35,5
641,466010,589,522,1755165493181,2025-08-14 15:28:13.181019+05:30,35,5
642,466110,586,512,1755165493281,2025-08-14 15:28:13.281839+05:30,35,5
643,466211,585,507,1755165493382,2025-08-14 15:28:13.382641+05:30,35,5
644,466312,585,509,1755165493483,2025-08-14 15:28:13.483465+05:30,35,5
645,466413,587,510,1755165493584,2025-08-14 15:28:13.584272+05:30,35,5
646,466513,584,504,1755165493685,2025-08-14 15:28:13.685137+05:30,35,5
647,466615,587,508,1755165493785,2025-08-14 15:28:13.785971+05:30,35,5
648,466715,587,509,1755165493886,2025-08-14 15:28:13.886863+05:30,35,5
649,466817,585,516,1755165493987,2025-08-14 15:28:13.987594+05:30,35,5
650,466917,589,518,1755165494088,2025-08-14 15:28:14.088532+05:30,35,5
651,467018,586,508,1755165494189,2025-08-14 15:28:14.189298+05:30,35,5
652,467119,586,510,1755165494290,2025-08-14 15:28:14.290101+05:30,35,5
653,467219,588,511,1755165494390,2025-08-14 15:28:14.390969+05:30,35,5
654,467320,590,508,1755165494491,2025-08-14 15:28:14.491826+05:30,35,5
655,467421,586,507,1755165494592,2025-08-14 15:28:14.592697+05:30,35,5
656,467522,586,508,1755165494693,2025-08-14 15:28:14.693573+05:30,35,5
657,467622,589,508,1755165494794,2025-08-14 15:28:14.794357+05:30,35,5
658,467724,590,516,1755165494895,2025-08-14 15:28:14.895198+05:30,35,5
659,467824,589,520,1755165494996,2025-08-14 15:28:14.996012+05:30,35,5
660,467926,586,506,1755165495096,2025-08-14 15:28:15.096957+05:30,35,5
661,468026,586,510,1755165495197,2025-08-14 15:28:15.197648+05:30,35,5
662,468127,592,507,1755165495298,2025-08-14 15:28:15.298470+05:30,35,5
663,468228,589,509,1755165495399,2025-08-14 15:28:15.399347+05:30,35,5
664,468329,588,508,1755165495500,2025-08-14 15:28:15.500189+05:30,35,5
665,468429,585,507,1755165495601,2025-08-14 15:28:15.601002+05:30,35,5
666,468531,588,507,1755165495701,2025-08-14 15:28:15.701857+05:30,35,5
667,468631,587,517,1755165495802,2025-08-14 15:28:15.802650+05:30,35,5
668,468732,585,515,1755165495903,2025-08-14 15:28:15.903498+05:30,35,5
669,468833,587,505,1755165496004,2025-08-14 15:28:16.004377+05:30,35,5
670,468934,585,510,1755165496105,2025-08-14 15:28:16.105163+05:30,35,5
671,469035,587,506,1755165496206,2025-08-14 15:28:16.205989+05:30,35,5
672,469135,585,508,1755165496306,2025-08-14 15:28:16.306957+05:30,35,5
673,469236,587,508,1755165496407,2025-08-14 15:28:16.407738+05:30,35,5
674,469337,587,507,1755165496508,2025-08-14 15:28:16.508494+05:30,35,5
675,469438,588,506,1755165496609,2025-08-14 15:28:16.609359+05:30,35,5
676,469538,589,521,1755165496710,2025-08-14 15:28:16.710141+05:30,35,5
677,469640,588,517,1755165496811,2025-08-14 15:28:16.811016+05:30,35,5
678,469740,589,507,1755165496912,2025-08-14 15:28:16.912055+05:30,35,5
679,469841,588,511,1755165497012,2025-08-14 15:28:17.012758+05:30,35,5
680,469942,590,508,1755165497113,2025-08-14 15:28:17.113611+05:30,35,5
681,470043,593,508,1755165497214,2025-08-14 15:28:17.214357+05:30,35,5
682,470144,590,510,1755165497315,2025-08-14 15:28:17.315159+05:30,35,5
683,470245,589,507,1755165497415,2025-08-14 15:28:17.415980+05:30,35,5
684,470345,590,509,1755165497516,2025-08-14 15:28:17.516936+05:30,35,5
685,470447,590,515,1755165497617,2025-08-14 15:28:17.617968+05:30,35,5
686,470547,590,520,1755165497718,2025-08-14 15:28:17.718752+05:30,35,5
687,470648,589,505,1755165497819,2025-08-14 15:28:17.819562+05:30,35,5
688,470749,590,504,1755165497920,2025-08-14 15:28:17.920320+05:30,35,5
689,470850,587,509,1755165498021,2025-08-14 15:28:18.021206+05:30,35,5
690,470950,587,508,1755165498122,2025-08-14 15:28:18.122018+05:30,35,5
691,471051,588,511,1755165498222,2025-08-14 15:28:18.222953+05:30,35,5
692,471152,588,510,1755165498323,2025-08-14 15:28:18.323565+05:30,35,5
693,471252,590,510,1755165498424,2025-08-14 15:28:18.424350+05:30,35,5
694,471354,588,511,1755165498525,2025-08-14 15:28:18.525198+05:30,35,5
695,471454,591,523,1755165498626,2025-08-14 15:28:18.626287+05:30,35,5
696,471556,588,509,1755165498727,2025-08-14 15:28:18.727036+05:30,35,5
697,471656,589,511,1755165498827,2025-08-14 15:28:18.827819+05:30,35,5
698,471757,589,511,1755165498928,2025-08-14 15:28:18.928544+05:30,35,5
699,471858,590,506,1755165499029,2025-08-14 15:28:19.029448+05:30,35,5
700,471959,588,508,1755165499130,2025-08-14 15:28:19.130184+05:30,35,5
701,472059,590,510,1755165499231,2025-08-14 15:28:19.231013+05:30,35,5
702,472161,589,510,1755165499331,2025-08-14 15:28:19.331937+05:30,35,5
703,472261,593,507,1755165499432,2025-08-14 15:28:19.432713+05:30,35,5
704,472363,592,527,1755165499533,2025-08-14 15:28:19.533616+05:30,35,5
705,472463,590,516,1755165499634,2025-08-14 15:28:19.634424+05:30,35,5
706,472564,590,506,1755165499735,2025-08-14 15:28:19.735185+05:30,35,5
707,472665,588,508,1755165499836,2025-08-14 15:28:19.836036+05:30,35,5
708,472766,589,508,1755165499936,2025-08-14 15:28:19.936943+05:30,35,5
709,472866,588,507,1755165500037,2025-08-14 15:28:20.037704+05:30,35,5
710,472967,586,505,1755165500138,2025-08-14 15:28:20.138573+05:30,35,5
711,473068,586,510,1755165500239,2025-08-14 15:28:20.239360+05:30,35,5
712,473168,586,510,1755165500340,2025-08-14 15:28:20.340224+05:30,35,5
713,473270,584,508,1755165500441,2025-08-14 15:28:20.441111+05:30,35,5
714,473370,589,523,1755165500541,2025-08-14 15:28:20.541955+05:30,35,5
715,473472,587,509,1755165500642,2025-08-14 15:28:20.642745+05:30,35,5
716,473572,589,509,1755165500743,2025-08-14 15:28:20.743584+05:30,35,5
717,473673,592,511,1755165500844,2025-08-14 15:28:20.844375+05:30,35,5
718,473774,590,506,1755165500945,2025-08-14 15:28:20.945241+05:30,35,5
719,473875,590,515,1755165501046,2025-08-14 15:28:21.046036+05:30,35,5
720,473975,589,510,1755165501146,2025-08-14 15:28:21.146906+05:30,35,5
721,474077,591,507,1755165501247,2025-08-14 15:28:21.247737+05:30,35,5
722,474177,589,509,1755165501348,2025-08-14 15:28:21.348682+05:30,35,5
723,474278,589,522,1755165501449,2025-08-14 15:28:21.449530+05:30,35,5
724,474379,589,508,1755165501550,2025-08-14 15:28:21.550240+05:30,35,5
725,474480,590,507,1755165501651,2025-08-14 15:28:21.651044+05:30,35,5
726,474580,590,505,1755165501751,2025-08-14 15:28:21.751963+05:30,35,5
727,474682,591,509,1755165501852,2025-08-14 15:28:21.852750+05:30,35,5
728,474782,591,505,1755165501953,2025-08-14 15:28:21.953570+05:30,35,5
729,474883,588,506,1755165502054,2025-08-14 15:28:22.054424+05:30,35,5
730,474984,591,509,1755165502155,2025-08-14 15:28:22.155217+05:30,35,5
731,475084,586,510,1755165502256,2025-08-14 15:28:22.256108+05:30,35,5
732,475186,587,507,1755165502357,2025-08-14 15:28:22.357017+05:30,35,5
733,475286,593,522,1755165502457,2025-08-14 15:28:22.457876+05:30,35,5
734,475387,586,513,1755165502558,2025-08-14 15:28:22.558681+05:30,35,5
735,475488,588,510,1755165502659,2025-08-14 15:28:22.659541+05:30,35,5
736,475589,586,513,1755165502760,2025-08-14 15:28:22.760362+05:30,35,5
737,475689,589,509,1755165502861,2025-08-14 15:28:22.861130+05:30,35,5
738,475791,590,507,1755165502961,2025-08-14 15:28:22.961949+05:30,35,5
739,475891,586,509,1755165503062,2025-08-14 15:28:23.062777+05:30,35,5
740,475993,587,510,1755165503163,2025-08-14 15:28:23.163617+05:30,35,5
741,476093,587,509,1755165503264,2025-08-14 15:28:23.264447+05:30,35,5
742,476194,588,521,1755165503365,2025-08-14 15:28:23.365237+05:30,35,5
743,476295,589,512,1755165503466,2025-08-14 15:28:23.466095+05:30,35,5
744,476396,586,508,1755165503566,2025-08-14 15:28:23.566964+05:30,35,5
745,476496,589,512,1755165503667,2025-08-14 15:28:23.667828+05:30,35,5
746,476598,590,508,1755165503768,2025-08-14 15:28:23.768601+05:30,35,5
747,476698,589,507,1755165503869,2025-08-14 15:28:23.869593+05:30,35,5
748,476798,585,506,1755165503970,2025-08-14 15:28:23.970229+05:30,35,5
749,476900,588,510,1755165504071,2025-08-14 15:28:24.071072+05:30,35,5
750,477000,585,506,1755165504172,2025-08-14 15:28:24.172002+05:30,35,5
751,477102,589,516,1755165504272,2025-08-14 15:28:24.272805+05:30,35,5
752,477202,589,519,1755165504373,2025-08-14 15:28:24.373591+05:30,35,5
753,477303,587,511,1755165504474,2025-08-14 15:28:24.474425+05:30,35,5
754,477404,585,510,1755165504575,2025-08-14 15:28:24.575299+05:30,35,5
755,477505,585,508,1755165504676,2025-08-14 15:28:24.676148+05:30,35,5
756,477605,588,507,1755165504776,2025-08-14 15:28:24.776964+05:30,35,5
757,477707,589,506,1755165504877,2025-08-14 15:28:24.877768+05:30,35,5
758,477807,585,509,1755165504978,2025-08-14 15:28:24.978615+05:30,35,5
759,477908,586,511,1755165505079,2025-08-14 15:28:25.079448+05:30,35,5
760,478009,586,514,1755165505180,2025-08-14 15:28:25.180307+05:30,35,5
761,478110,585,517,1755165505281,2025-08-14 15:28:25.281138+05:30,35,5
762,478211,586,508,1755165505382,2025-08-14 15:28:25.381994+05:30,35,5
763,478312,587,508,1755165505482,2025-08-14 15:28:25.482899+05:30,35,5
764,478412,585,509,1755165505583,2025-08-14 15:28:25.583764+05:30,35,5
765,478514,586,508,1755165505684,2025-08-14 15:28:25.684606+05:30,35,5
766,478614,586,507,1755165505785,2025-08-14 15:28:25.785422+05:30,35,5
767,478714,589,509,1755165505886,2025-08-14 15:28:25.886320+05:30,35,5
768,478816,587,508,1755165505987,2025-08-14 15:28:25.987215+05:30,35,5
769,478916,584,505,1755165506088,2025-08-14 15:28:26.088044+05:30,35,5
770,479017,586,517,1755165506188,2025-08-14 15:28:26.188748+05:30,35,5
771,479118,585,509,1755165506289,2025-08-14 15:28:26.289507+05:30,35,5
772,479219,587,508,1755165506390,2025-08-14 15:28:26.390490+05:30,35,5
773,479320,587,514,1755165506491,2025-08-14 15:28:26.491324+05:30,35,5
774,479421,585,509,1755165506592,2025-08-14 15:28:26.592045+05:30,35,5
775,479521,585,508,1755165506692,2025-08-14 15:28:26.692933+05:30,35,5
776,479623,587,508,1755165506793,2025-08-14 15:28:26.793833+05:30,35,5
777,479723,582,509,1755165506894,2025-08-14 15:28:26.894663+05:30,35,5
778,479824,584,511,1755165506995,2025-08-14 15:28:26.995337+05:30,35,5
779,479925,586,516,1755165507096,2025-08-14 15:28:27.096282+05:30,35,5
780,480026,584,514,1755165507197,2025-08-14 15:28:27.197182+05:30,35,5
781,480126,580,508,1755165507298,2025-08-14 15:28:27.298057+05:30,35,5
782,480228,582,511,1755165507398,2025-08-14 15:28:27.398736+05:30,35,5
783,480328,580,509,1755165507499,2025-08-14 15:28:27.499560+05:30,35,5
784,480430,585,507,1755165507600,2025-08-14 15:28:27.600643+05:30,35,5
785,480530,584,507,1755165507701,2025-08-14 15:28:27.701268+05:30,35,5
786,480630,580,509,1755165507802,2025-08-14 15:28:27.802060+05:30,35,5
787,480732,581,510,1755165507902,2025-08-14 15:28:27.902879+05:30,35,5
788,480832,579,514,1755165508003,2025-08-14 15:28:28.003742+05:30,35,5
789,480933,582,515,1755165508104,2025-08-14 15:28:28.104579+05:30,35,5
790,481034,582,509,1755165508205,2025-08-14 15:28:28.205406+05:30,35,5
791,481135,579,512,1755165508306,2025-08-14 15:28:28.306383+05:30,35,5
792,481235,579,510,1755165508407,2025-08-14 15:28:28.407112+05:30,35,5
793,481337,576,509,1755165508508,2025-08-14 15:28:28.508002+05:30,35,5
794,481437,577,505,1755165508608,2025-08-14 15:28:28.608789+05:30,35,5
795,481539,574,510,1755165508709,2025-08-14 15:28:28.709699+05:30,35,5
796,481639,576,510,1755165508810,2025-08-14 15:28:28.810414+05:30,35,5
797,481740,577,520,1755165508911,2025-08-14 15:28:28.911261+05:30,35,5
798,481841,573,514,1755165509012,2025-08-14 15:28:29.012103+05:30,35,5
799,481942,571,508,1755165509113,2025-08-14 15:28:29.112992+05:30,35,5
800,482042,572,510,1755165509213,2025-08-14 15:28:29.213732+05:30,35,5
801,482144,572,509,1755165509314,2025-08-14 15:28:29.314548+05:30,35,5
802,482244,570,509,1755165509415,2025-08-14 15:28:29.415538+05:30,35,5
803,482345,568,507,1755165509516,2025-08-14 15:28:29.516411+05:30,35,5
804,482446,567,507,1755165509617,2025-08-14 15:28:29.617143+05:30,35,5
805,482546,567,510,1755165509718,2025-08-14 15:28:29.718037+05:30,35,5
806,482648,565,519,1755165509818,2025-08-14 15:28:29.818804+05:30,35,5
807,482748,567,507,1755165509919,2025-08-14 15:28:29.919611+05:30,35,5
808,482849,568,510,1755165510020,2025-08-14 15:28:30.020467+05:30,35,5
809,482950,564,509,1755165510121,2025-08-14 15:28:30.121327+05:30,35,5
810,483051,564,507,1755165510222,2025-08-14 15:28:30.222166+05:30,35,5
811,483151,562,512,1755165510322,2025-08-14 15:28:30.322921+05:30,35,5
812,483253,563,508,1755165510423,2025-08-14 15:28:30.423826+05:30,35,5
813,483353,563,509,1755165510524,2025-08-14 15:28:30.524638+05:30,35,5
814,483454,566,514,1755165510625,2025-08-14 15:28:30.625424+05:30,35,5
815,483555,564,515,1755165510726,2025-08-14 15:28:30.726270+05:30,35,5
816,483656,559,505,1755165510827,2025-08-14 15:28:30.827230+05:30,35,5
817,483757,561,509,1755165510928,2025-08-14 15:28:30.928029+05:30,35,5
818,483858,557,510,1755165511028,2025-08-14 15:28:31.028842+05:30,35,5
819,483958,557,509,1755165511129,2025-08-14 15:28:31.129624+05:30,35,5
820,484060,556,509,1755165511230,2025-08-14 15:28:31.230619+05:30,35,5
821,484160,554,510,1755165511331,2025-08-14 15:28:31.331428+05:30,35,5
822,484261,554,510,1755165511432,2025-08-14 15:28:31.432284+05:30,35,5
823,484362,556,516,1755165511533,2025-08-14 15:28:31.533202+05:30,35,5
824,484462,553,514,1755165511633,2025-08-14 15:28:31.633945+05:30,35,5
825,484563,552,506,1755165511734,2025-08-14 15:28:31.734727+05:30,35,5
826,484664,551,508,1755165511835,2025-08-14 15:28:31.835559+05:30,35,5
827,484765,550,509,1755165511936,2025-08-14 15:28:31.936383+05:30,35,5
828,484866,552,505,1755165512037,2025-08-14 15:28:32.037207+05:30,35,5
829,484967,552,509,1755165512138,2025-08-14 15:28:32.138125+05:30,35,5
830,485067,553,510,1755165512238,2025-08-14 15:28:32.238874+05:30,35,5
831,485169,554,510,1755165512339,2025-08-14 15:28:32.339724+05:30,35,5
832,485269,555,520,1755165512440,2025-08-14 15:28:32.440573+05:30,35,5
833,485370,557,511,1755165512541,2025-08-14 15:28:32.541316+05:30,35,5
834,485471,554,506,1755165512642,2025-08-14 15:28:32.642232+05:30,35,5
835,485572,554,512,1755165512743,2025-08-14 15:28:32.743095+05:30,35,5
836,485672,553,513,1755165512843,2025-08-14 15:28:32.843945+05:30,35,5
837,485774,555,510,1755165512944,2025-08-14 15:28:32.944698+05:30,35,5
838,485874,552,506,1755165513045,2025-08-14 15:28:33.045720+05:30,35,5
839,485976,552,509,1755165513146,2025-08-14 15:28:33.146226+05:30,35,5
840,486076,553,512,1755165513247,2025-08-14 15:28:33.247064+05:30,35,5
841,486177,555,525,1755165513347,2025-08-14 15:28:33.347967+05:30,35,5
842,486278,551,509,1755165513448,2025-08-14 15:28:33.448898+05:30,35,5
843,486378,552,509,1755165513549,2025-08-14 15:28:33.549637+05:30,35,5
844,486479,550,509,1755165513650,2025-08-14 15:28:33.650545+05:30,35,5
845,486580,547,509,1755165513751,2025-08-14 15:28:33.751318+05:30,35,5
846,486681,548,511,1755165513852,2025-08-14 15:28:33.852223+05:30,35,5
847,486781,553,506,1755165513952,2025-08-14 15:28:33.952945+05:30,35,5
848,486883,549,506,1755165514053,2025-08-14 15:28:34.053769+05:30,35,5
849,486983,551,517,1755165514154,2025-08-14 15:28:34.154632+05:30,35,5
850,487085,554,520,1755165514255,2025-08-14 15:28:34.255391+05:30,35,5
851,487185,551,508,1755165514356,2025-08-14 15:28:34.356266+05:30,35,5
852,487286,551,509,1755165514457,2025-08-14 15:28:34.457074+05:30,35,5
853,487387,552,505,1755165514557,2025-08-14 15:28:34.557923+05:30,35,5
854,487488,553,510,1755165514658,2025-08-14 15:28:34.658710+05:30,35,5
855,487588,553,510,1755165514759,2025-08-14 15:28:34.759560+05:30,35,5
856,487690,554,509,1755165514860,2025-08-14 15:28:34.860385+05:30,35,5
857,487790,555,508,1755165514961,2025-08-14 15:28:34.961209+05:30,35,5
858,487891,553,516,1755165515062,2025-08-14 15:28:35.062122+05:30,35,5
859,487992,556,519,1755165515162,2025-08-14 15:28:35.162900+05:30,35,5
860,488092,553,507,1755165515263,2025-08-14 15:28:35.263791+05:30,35,5
861,488194,553,509,1755165515364,2025-08-14 15:28:35.364667+05:30,35,5
862,488294,552,508,1755165515465,2025-08-14 15:28:35.465392+05:30,35,5
863,488395,550,508,1755165515566,2025-08-14 15:28:35.566252+05:30,35,5
864,488496,552,509,1755165515667,2025-08-14 15:28:35.667128+05:30,35,5
865,488597,553,508,1755165515767,2025-08-14 15:28:35.767927+05:30,35,5
866,488697,554,506,1755165515868,2025-08-14 15:28:35.868808+05:30,35,5
867,488799,552,514,1755165515969,2025-08-14 15:28:35.969602+05:30,35,5
868,488899,554,524,1755165516070,2025-08-14 15:28:36.070424+05:30,35,5
869,489000,551,508,1755165516171,2025-08-14 15:28:36.171271+05:30,35,5
870,489101,553,508,1755165516272,2025-08-14 15:28:36.272117+05:30,35,5
871,489202,553,513,1755165516372,2025-08-14 15:28:36.372918+05:30,35,5
872,489303,554,507,1755165516473,2025-08-14 15:28:36.473732+05:30,35,5
873,489404,551,507,1755165516574,2025-08-14 15:28:36.574607+05:30,35,5
874,489504,554,507,1755165516675,2025-08-14 15:28:36.675411+05:30,35,5
875,489606,554,508,1755165516776,2025-08-14 15:28:36.776246+05:30,35,5
876,489706,555,510,1755165516877,2025-08-14 15:28:36.877127+05:30,35,5
877,489807,556,518,1755165516977,2025-08-14 15:28:36.977893+05:30,35,5
878,489908,556,518,1755165517078,2025-08-14 15:28:37.078745+05:30,35,5
879,490008,553,507,1755165517179,2025-08-14 15:28:37.179620+05:30,35,5
880,490109,554,511,1755165517280,2025-08-14 15:28:37.280435+05:30,35,5
881,490210,556,510,1755165517381,2025-08-14 15:28:37.381252+05:30,35,5
882,490311,551,507,1755165517482,2025-08-14 15:28:37.482146+05:30,35,5
883,490412,553,505,1755165517582,2025-08-14 15:28:37.582948+05:30,35,5
884,490513,553,508,1755165517683,2025-08-14 15:28:37.683902+05:30,35,5
885,490613,554,511,1755165517784,2025-08-14 15:28:37.784636+05:30,35,5
886,490715,553,511,1755165517885,2025-08-14 15:28:37.885476+05:30,35,5
887,490815,554,519,1755165517986,2025-08-14 15:28:37.986267+05:30,35,5
888,490916,553,512,1755165518087,2025-08-14 15:28:38.087276+05:30,35,5
889,491017,553,509,1755165518188,2025-08-14 15:28:38.188309+05:30,35,5
890,491118,552,509,1755165518288,2025-08-14 15:28:38.288926+05:30,35,5
891,491218,552,504,1755165518389,2025-08-14 15:28:38.389640+05:30,35,5
892,491320,552,508,1755165518490,2025-08-14 15:28:38.490425+05:30,35,5
893,491420,552,509,1755165518591,2025-08-14 15:28:38.591336+05:30,35,5
894,491522,554,507,1755165518692,2025-08-14 15:28:38.692381+05:30,35,5
895,491622,556,513,1755165518793,2025-08-14 15:28:38.793082+05:30,35,5
896,491723,558,522,1755165518893,2025-08-14 15:28:38.893859+05:30,35,5
897,491824,554,508,1755165518994,2025-08-14 15:28:38.994696+05:30,35,5
898,491924,554,506,1755165519095,2025-08-14 15:28:39.095499+05:30,35,5
899,492025,555,510,1755165519196,2025-08-14 15:28:39.196287+05:30,35,5
900,492126,556,510,1755165519297,2025-08-14 15:28:39.297231+05:30,35,5
901,492227,555,509,1755165519397,2025-08-14 15:28:39.397984+05:30,35,5
902,492327,555,511,1755165519498,2025-08-14 15:28:39.498841+05:30,35,5
903,492429,555,508,1755165519599,2025-08-14 15:28:39.599625+05:30,35,5
904,492529,554,509,1755165519700,2025-08-14 15:28:39.700532+05:30,35,5
905,492631,555,516,1755165519801,2025-08-14 15:28:39.801383+05:30,35,5
906,492731,555,506,1755165519902,2025-08-14 15:28:39.902243+05:30,35,5
907,492832,553,507,1755165520003,2025-08-14 15:28:40.003064+05:30,35,5
908,492933,554,509,1755165520103,2025-08-14 15:28:40.103881+05:30,35,5
909,493034,555,509,1755165520204,2025-08-14 15:28:40.204759+05:30,35,5
910,493134,554,507,1755165520305,2025-08-14 15:28:40.305650+05:30,35,5
911,493236,553,506,1755165520406,2025-08-14 15:28:40.406372+05:30,35,5
912,493336,555,515,1755165520507,2025-08-14 15:28:40.507308+05:30,35,5
913,493437,555,519,1755165520608,2025-08-14 15:28:40.608008+05:30,35,5
914,493538,554,503,1755165520708,2025-08-14 15:28:40.708967+05:30,35,5
915,493639,555,505,1755165520809,2025-08-14 15:28:40.809727+05:30,35,5
916,493740,555,507,1755165520910,2025-08-14 15:28:40.910559+05:30,35,5
917,493840,553,509,1755165521011,2025-08-14 15:28:41.011302+05:30,35,5
918,493941,555,509,1755165521112,2025-08-14 15:28:41.112295+05:30,35,5
919,494042,556,507,1755165521213,2025-08-14 15:28:41.213035+05:30,35,5
920,494143,555,509,1755165521313,2025-08-14 15:28:41.313935+05:30,35,5
921,494243,555,509,1755165521414,2025-08-14 15:28:41.414652+05:30,35,5
922,494345,559,515,1755165521515,2025-08-14 15:28:41.515529+05:30,35,5
923,494445,557,510,1755165521616,2025-08-14 15:28:41.616380+05:30,35,5
924,494546,557,504,1755165521717,2025-08-14 15:28:41.717222+05:30,35,5
925,494647,556,510,1755165521818,2025-08-14 15:28:41.817999+05:30,35,5
926,494748,554,506,1755165521918,2025-08-14 15:28:41.918932+05:30,35,5
927,494849,552,506,1755165522019,2025-08-14 15:28:42.019663+05:30,35,5
928,494950,552,508,1755165522120,2025-08-14 15:28:42.120513+05:30,35,5
929,495050,554,517,1755165522221,2025-08-14 15:28:42.221420+05:30,35,5
930,495152,552,519,1755165522322,2025-08-14 15:28:42.322190+05:30,35,5
931,495252,549,508,1755165522423,2025-08-14 15:28:42.423089+05:30,35,5
932,495353,548,511,1755165522523,2025-08-14 15:28:42.523856+05:30,35,5
933,495454,548,510,1755165522624,2025-08-14 15:28:42.624873+05:30,35,5
934,495555,546,507,1755165522725,2025-08-14 15:28:42.725504+05:30,35,5
935,495655,546,510,1755165522826,2025-08-14 15:28:42.826412+05:30,35,5
936,495756,545,509,1755165522927,2025-08-14 15:28:42.927277+05:30,35,5
937,495857,546,511,1755165523028,2025-08-14 15:28:43.028126+05:30,35,5
938,495958,548,515,1755165523128,2025-08-14 15:28:43.128926+05:30,35,5
939,496059,547,512,1755165523229,2025-08-14 15:28:43.229776+05:30,35,5
940,496159,548,508,1755165523330,2025-08-14 15:28:43.330538+05:30,35,5
941,496261,548,513,1755165523431,2025-08-14 15:28:43.431413+05:30,35,5
942,496361,548,508,1755165523532,2025-08-14 15:28:43.532276+05:30,35,5
943,496462,548,509,1755165523633,2025-08-14 15:28:43.633034+05:30,35,5
944,496563,547,509,1755165523734,2025-08-14 15:28:43.734030+05:30,35,5
945,496664,547,509,1755165523834,2025-08-14 15:28:43.834881+05:30,35,5
946,496764,545,508,1755165523935,2025-08-14 15:28:43.935743+05:30,35,5
947,496866,547,516,1755165524036,2025-08-14 15:28:44.036344+05:30,35,5
948,496966,546,509,1755165524137,2025-08-14 15:28:44.137221+05:30,35,5
949,497068,547,509,1755165524238,2025-08-14 15:28:44.238095+05:30,35,5
950,497168,544,511,1755165524339,2025-08-14 15:28:44.338984+05:30,35,5
951,497269,544,511,1755165524439,2025-08-14 15:28:44.439832+05:30,35,5
952,497370,546,510,1755165524540,2025-08-14 15:28:44.540620+05:30,35,5
953,497471,544,507,1755165524641,2025-08-14 15:28:44.641489+05:30,35,5
954,497571,544,508,1755165524742,2025-08-14 15:28:44.742317+05:30,35,5
955,497672,545,514,1755165524843,2025-08-14 15:28:44.843107+05:30,35,5
956,497773,545,512,1755165524943,2025-08-14 15:28:44.943985+05:30,35,5
957,497873,544,511,1755165525044,2025-08-14 15:28:45.044769+05:30,35,5
958,497975,545,512,1755165525145,2025-08-14 15:28:45.145711+05:30,35,5
959,498075,545,509,1755165525246,2025-08-14 15:28:45.246395+05:30,35,5
960,498177,547,510,1755165525347,2025-08-14 15:28:45.347263+05:30,35,5
961,498277,544,509,1755165525448,2025-08-14 15:28:45.448067+05:30,35,5
962,498378,546,510,1755165525548,2025-08-14 15:28:45.548893+05:30,35,5
963,498479,547,512,1755165525649,2025-08-14 15:28:45.649861+05:30,35,5
964,498580,548,514,1755165525750,2025-08-14 15:28:45.750582+05:30,35,5
965,498680,549,509,1755165525851,2025-08-14 15:28:45.851365+05:30,35,5
966,498782,549,510,1755165525952,2025-08-14 15:28:45.952259+05:30,35,5
967,498882,550,509,1755165526053,2025-08-14 15:28:46.053061+05:30,35,5
968,498983,545,510,1755165526153,2025-08-14 15:28:46.153887+05:30,35,5
969,499084,545,511,1755165526254,2025-08-14 15:28:46.254742+05:30,35,5
970,499185,547,510,1755165526355,2025-08-14 15:28:46.355562+05:30,35,5
971,499286,546,512,1755165526456,2025-08-14 15:28:46.456366+05:30,35,5
972,499387,549,515,1755165526557,2025-08-14 15:28:46.557288+05:30,35,5
973,499487,545,512,1755165526658,2025-08-14 15:28:46.658076+05:30,35,5
974,499588,545,510,1755165526758,2025-08-14 15:28:46.758962+05:30,35,5
975,499689,545,511,1755165526859,2025-08-14 15:28:46.859926+05:30,35,5
976,499789,547,511,1755165526960,2025-08-14 15:28:46.960640+05:30,35,5
977,499891,546,507,1755165527061,2025-08-14 15:28:47.061584+05:30,35,5
978,499991,544,509,1755165527162,2025-08-14 15:28:47.162314+05:30,35,5
979,500092,545,511,1755165527263,2025-08-14 15:28:47.263200+05:30,35,5
980,500193,547,513,1755165527364,2025-08-14 15:28:47.364130+05:30,35,5
981,500294,547,517,1755165527464,2025-08-14 15:28:47.464925+05:30,35,5
982,500395,547,505,1755165527565,2025-08-14 15:28:47.565749+05:30,35,5
983,500496,547,508,1755165527666,2025-08-14 15:28:47.666607+05:30,35,5
984,500596,549,511,1755165527767,2025-08-14 15:28:47.767516+05:30,35,5
985,500698,548,508,1755165527868,2025-08-14 15:28:47.868210+05:30,35,5
986,500798,547,509,1755165527969,2025-08-14 15:28:47.969038+05:30,35,5
987,500899,546,508,1755165528069,2025-08-14 15:28:48.069851+05:30,35,5
988,501000,547,513,1755165528170,2025-08-14 15:28:48.170642+05:30,35,5
989,501101,548,516,1755165528271,2025-08-14 15:28:48.271509+05:30,35,5
990,501201,547,510,1755165528372,2025-08-14 15:28:48.372371+05:30,35,5
991,501303,548,510,1755165528473,2025-08-14 15:28:48.473092+05:30,35,5
992,501403,545,512,1755165528573,2025-08-14 15:28:48.573986+05:30,35,5
993,501504,544,510,1755165528674,2025-08-14 15:28:48.674765+05:30,35,5
994,501605,545,508,1755165528775,2025-08-14 15:28:48.775629+05:30,35,5
995,501705,545,508,1755165528876,2025-08-14 15:28:48.876457+05:30,35,5
996,501807,546,514,1755165528977,2025-08-14 15:28:48.977280+05:30,35,5
997,501907,545,514,1755165529078,2025-08-14 15:28:49.078122+05:30,35,5
998,502008,545,512,1755165529179,2025-08-14 15:28:49.179061+05:30,35,5
999,502109,545,512,1755165529279,2025-08-14 15:28:49.279871+05:30,35,5
1000,502210,547,511,1755165529380,2025-08-14 15:28:49.380641+05:30,35,5
1001,502310,548,509,1755165529481,2025-08-14 15:28:49.481461+05:30,35,5
1002,502412,546,508,1755165529582,2025-08-14 15:28:49.582299+05:30,35,5
1003,502512,548,510,1755165529683,2025-08-14 15:28:49.683213+05:30,35,5
1004,502614,550,517,1755165529783,2025-08-14 15:28:49.783939+05:30,35,5
1005,502714,550,517,1755165529884,2025-08-14 15:28:49.884817+05:30,35,5
1006,502815,547,506,1755165529985,2025-08-14 15:28:49.985672+05:30,35,5
1007,502916,549,508,1755165530086,2025-08-14 15:28:50.086655+05:30,35,5
1008,503017,549,507,1755165530187,2025-08-14 15:28:50.187385+05:30,35,5
1009,503117,549,508,1755165530288,2025-08-14 15:28:50.288381+05:30,35,5
1010,503219,552,509,1755165530389,2025-08-14 15:28:50.389165+05:30,35,5
1011,503319,550,508,1755165530489,2025-08-14 15:28:50.489833+05:30,35,5
1012,503419,552,519,1755165530590,2025-08-14 15:28:50.590679+05:30,35,5
1013,503521,548,510,1755165530691,2025-08-14 15:28:50.691571+05:30,35,5
1014,503621,548,509,1755165530792,2025-08-14 15:28:50.792696+05:30,35,5
1015,503723,548,509,1755165530893,2025-08-14 15:28:50.893280+05:30,35,5
1016,503823,547,510,1755165530994,2025-08-14 15:28:50.994194+05:30,35,5
1017,503924,546,509,1755165531095,2025-08-14 15:28:51.095006+05:30,35,5
1018,504025,548,508,1755165531195,2025-08-14 15:28:51.195843+05:30,35,5
1019,504126,549,512,1755165531296,2025-08-14 15:28:51.296495+05:30,35,5
1020,504226,552,521,1755165531397,2025-08-14 15:28:51.397339+05:30,35,5
1021,504328,550,508,1755165531498,2025-08-14 15:28:51.498131+05:30,35,5
1022,504428,550,506,1755165531598,2025-08-14 15:28:51.598968+05:30,35,5
1023,504529,548,509,1755165531699,2025-08-14 15:28:51.699833+05:30,35,5
1024,504630,552,509,1755165531800,2025-08-14 15:28:51.800705+05:30,35,5
1025,504731,550,507,1755165531901,2025-08-14 15:28:51.901484+05:30,35,5
1026,504832,551,508,1755165532002,2025-08-14 15:28:52.002338+05:30,35,5
1027,504933,553,514,1755165532103,2025-08-14 15:28:52.103150+05:30,35,5
1028,505033,553,521,1755165532203,2025-08-14 15:28:52.203980+05:30,35,5
1029,505135,552,508,1755165532304,2025-08-14 15:28:52.304841+05:30,35,5
1030,505235,553,508,1755165532405,2025-08-14 15:28:52.405662+05:30,35,5
1031,505335,552,511,1755165532506,2025-08-14 15:28:52.506501+05:30,35,5
1032,505437,552,510,1755165532607,2025-08-14 15:28:52.607379+05:30,35,5
1033,505537,552,508,1755165532708,2025-08-14 15:28:52.708184+05:30,35,5
1034,505638,553,508,1755165532809,2025-08-14 15:28:52.809020+05:30,35,5
1035,505739,555,516,1755165532909,2025-08-14 15:28:52.909880+05:30,35,5
1036,505840,553,521,1755165533010,2025-08-14 15:28:53.010719+05:30,35,5
1037,505940,550,506,1755165533111,2025-08-14 15:28:53.111500+05:30,35,5
1038,506042,550,511,1755165533212,2025-08-14 15:28:53.212369+05:30,35,5
1039,506142,551,510,1755165533313,2025-08-14 15:28:53.313177+05:30,35,5
1040,506244,549,506,1755165533414,2025-08-14 15:28:53.414034+05:30,35,5
1041,506344,551,510,1755165533514,2025-08-14 15:28:53.514846+05:30,35,5
1042,506445,550,509,1755165533615,2025-08-14 15:28:53.615697+05:30,35,5
1043,506546,553,517,1755165533716,2025-08-14 15:28:53.716524+05:30,35,5
1044,506647,554,517,1755165533817,2025-08-14 15:28:53.817376+05:30,35,5
1045,506747,552,507,1755165533918,2025-08-14 15:28:53.918188+05:30,35,5
1046,506849,553,508,1755165534019,2025-08-14 15:28:54.019079+05:30,35,5
1047,506949,552,509,1755165534119,2025-08-14 15:28:54.119857+05:30,35,5
1048,507051,553,503,1755165534220,2025-08-14 15:28:54.220796+05:30,35,5
1049,507151,555,509,1755165534321,2025-08-14 15:28:54.321581+05:30,35,5
1050,507251,555,507,1755165534422,2025-08-14 15:28:54.422430+05:30,35,5
1051,507353,554,514,1755165534523,2025-08-14 15:28:54.523277+05:30,35,5
1052,507453,556,522,1755165534624,2025-08-14 15:28:54.624134+05:30,35,5
1053,507554,553,505,1755165534724,2025-08-14 15:28:54.724942+05:30,35,5
1054,507655,554,509,1755165534825,2025-08-14 15:28:54.825821+05:30,35,5
1055,507756,552,510,1755165534926,2025-08-14 15:28:54.926625+05:30,35,5
1056,507856,552,506,1755165535027,2025-08-14 15:28:55.027430+05:30,35,5
1057,507958,552,509,1755165535128,2025-08-14 15:28:55.128300+05:30,35,5
1058,508058,554,509,1755165535229,2025-08-14 15:28:55.229105+05:30,35,5
1059,508160,553,517,1755165535329,2025-08-14 15:28:55.329910+05:30,35,5
1060,508260,554,518,1755165535430,2025-08-14 15:28:55.430778+05:30,35,5
1061,508361,551,505,1755165535531,2025-08-14 15:28:55.531543+05:30,35,5
1062,508462,554,512,1755165535632,2025-08-14 15:28:55.632412+05:30,35,5
1063,508563,554,508,1755165535733,2025-08-14 15:28:55.733310+05:30,35,5
1064,508663,554,507,1755165535834,2025-08-14 15:28:55.834054+05:30,35,5
1065,508765,554,507,1755165535934,2025-08-14 15:28:55.934860+05:30,35,5
1066,508865,554,507,1755165536035,2025-08-14 15:28:56.035679+05:30,35,5
1067,508966,557,520,1755165536136,2025-08-14 15:28:56.136523+05:30,35,5
1068,509067,557,513,1755165536237,2025-08-14 15:28:56.237379+05:30,35,5
1069,509167,556,506,1755165536338,2025-08-14 15:28:56.338225+05:30,35,5
1070,509268,556,513,1755165536439,2025-08-14 15:28:56.439064+05:30,35,5
1071,509369,556,510,1755165536539,2025-08-14 15:28:56.539869+05:30,35,5
1072,509470,555,509,1755165536640,2025-08-14 15:28:56.640805+05:30,35,5
1073,509571,558,510,1755165536741,2025-08-14 15:28:56.741630+05:30,35,5
1074,509672,557,510,1755165536842,2025-08-14 15:28:56.842399+05:30,35,5
1075,509772,556,512,1755165536943,2025-08-14 15:28:56.943234+05:30,35,5
1076,509874,556,524,1755165537044,2025-08-14 15:28:57.044137+05:30,35,5
1077,509974,554,506,1755165537144,2025-08-14 15:28:57.144939+05:30,35,5
1078,510075,555,508,1755165537245,2025-08-14 15:28:57.245751+05:30,35,5
1079,510176,557,512,1755165537346,2025-08-14 15:28:57.346630+05:30,35,5
1080,510277,555,508,1755165537447,2025-08-14 15:28:57.447411+05:30,35,5
1081,510377,555,508,1755165537548,2025-08-14 15:28:57.548299+05:30,35,5
1082,510479,555,508,1755165537649,2025-08-14 15:28:57.649140+05:30,35,5
1083,510579,554,508,1755165537750,2025-08-14 15:28:57.749994+05:30,35,5
1084,510681,556,515,1755165537850,2025-08-14 15:28:57.850785+05:30,35,5
1085,510781,555,520,1755165537951,2025-08-14 15:28:57.951576+05:30,35,5
1086,510882,558,506,1755165538052,2025-08-14 15:28:58.052456+05:30,35,5
1087,510983,557,507,1755165538153,2025-08-14 15:28:58.153232+05:30,35,5
1088,511083,558,508,1755165538254,2025-08-14 15:28:58.254105+05:30,35,5
1089,511184,556,507,1755165538354,2025-08-14 15:28:58.354954+05:30,35,5
1090,511285,555,508,1755165538455,2025-08-14 15:28:58.455791+05:30,35,5
1091,511386,556,509,1755165538556,2025-08-14 15:28:58.556591+05:30,35,5
1092,511486,558,506,1755165538657,2025-08-14 15:28:58.657457+05:30,35,5
1093,511588,559,514,1755165538758,2025-08-14 15:28:58.758397+05:30,35,5
1094,511688,561,520,1755165538859,2025-08-14 15:28:58.859127+05:30,35,5
1095,511790,558,508,1755165538959,2025-08-14 15:28:58.959941+05:30,35,5
1096,511890,560,511,1755165539060,2025-08-14 15:28:59.060809+05:30,35,5
1097,511991,557,509,1755165539161,2025-08-14 15:28:59.161641+05:30,35,5
1098,512092,558,505,1755165539262,2025-08-14 15:28:59.262474+05:30,35,5
1099,512193,554,509,1755165539363,2025-08-14 15:28:59.363323+05:30,35,5
1100,512293,555,512,1755165539464,2025-08-14 15:28:59.464140+05:30,35,5
1101,512395,559,510,1755165539564,2025-08-14 15:28:59.564952+05:30,35,5
1102,512495,556,511,1755165539665,2025-08-14 15:28:59.665871+05:30,35,5
1103,512596,559,524,1755165539766,2025-08-14 15:28:59.766645+05:30,35,5
1104,512697,557,506,1755165539867,2025-08-14 15:28:59.867451+05:30,35,5
1105,512798,558,510,1755165539968,2025-08-14 15:28:59.968338+05:30,35,5
1106,512899,556,508,1755165540069,2025-08-14 15:29:00.069215+05:30,35,5
1107,513000,559,504,1755165540170,2025-08-14 15:29:00.170022+05:30,35,5
1108,513100,556,508,1755165540270,2025-08-14 15:29:00.270951+05:30,35,5
1109,513201,558,509,1755165540371,2025-08-14 15:29:00.371684+05:30,35,5
1110,513302,562,509,1755165540472,2025-08-14 15:29:00.472599+05:30,35,5
1111,513402,561,511,1755165540573,2025-08-14 15:29:00.573358+05:30,35,5
1112,513504,563,523,1755165540674,2025-08-14 15:29:00.674223+05:30,35,5
1113,513604,560,507,1755165540775,2025-08-14 15:29:00.775068+05:30,35,5
1114,513705,558,507,1755165540875,2025-08-14 15:29:00.875917+05:30,35,5
1115,513806,559,512,1755165540976,2025-08-14 15:29:00.976753+05:30,35,5
1116,513907,562,507,1755165541077,2025-08-14 15:29:01.077608+05:30,35,5
1117,514008,559,506,1755165541178,2025-08-14 15:29:01.178399+05:30,35,5
1118,514109,561,509,1755165541279,2025-08-14 15:29:01.279409+05:30,35,5
1119,514209,558,510,1755165541380,2025-08-14 15:29:01.380096+05:30,35,5
1120,514311,558,511,1755165541480,2025-08-14 15:29:01.480880+05:30,35,5
1121,514411,561,518,1755165541581,2025-08-14 15:29:01.581681+05:30,35,5
1122,514512,561,520,1755165541682,2025-08-14 15:29:01.682529+05:30,35,5
1123,514613,556,505,1755165541783,2025-08-14 15:29:01.783393+05:30,35,5
1124,514714,560,508,1755165541884,2025-08-14 15:29:01.884243+05:30,35,5
1125,514814,558,511,1755165541985,2025-08-14 15:29:01.985083+05:30,35,5
1126,514915,559,508,1755165542085,2025-08-14 15:29:02.085972+05:30,35,5
1127,515016,557,508,1755165542186,2025-08-14 15:29:02.186795+05:30,35,5
1128,515117,556,508,1755165542287,2025-08-14 15:29:02.287571+05:30,35,5
1129,515218,559,510,1755165542388,2025-08-14 15:29:02.388531+05:30,35,5
1130,515318,564,518,1755165542489,2025-08-14 15:29:02.489368+05:30,35,5
1131,515420,562,518,1755165542590,2025-08-14 15:29:02.590267+05:30,35,5
1132,515520,559,505,1755165542690,2025-08-14 15:29:02.690890+05:30,35,5
1133,515621,564,512,1755165542791,2025-08-14 15:29:02.791821+05:30,35,5
1134,515722,559,511,1755165542892,2025-08-14 15:29:02.892593+05:30,35,5
1135,515823,560,506,1755165542993,2025-08-14 15:29:02.993398+05:30,35,5
1136,515923,558,509,1755165543094,2025-08-14 15:29:03.094345+05:30,35,5
1137,516025,562,510,1755165543195,2025-08-14 15:29:03.195053+05:30,35,5
1138,516125,560,510,1755165543295,2025-08-14 15:29:03.295898+05:30,35,5
1139,516227,564,521,1755165543396,2025-08-14 15:29:03.396750+05:30,35,5
1140,516327,564,518,1755165543497,2025-08-14 15:29:03.497512+05:30,35,5
1141,516428,562,506,1755165543598,2025-08-14 15:29:03.598502+05:30,35,5
1142,516529,561,510,1755165543699,2025-08-14 15:29:03.699292+05:30,35,5
1143,516630,561,511,1755165543800,2025-08-14 15:29:03.800161+05:30,35,5
1144,516730,561,507,1755165543900,2025-08-14 15:29:03.900866+05:30,35,5
1145,516831,559,505,1755165544001,2025-08-14 15:29:04.001661+05:30,35,5
1146,516932,558,508,1755165544102,2025-08-14 15:29:04.102500+05:30,35,5
1147,517032,561,508,1755165544203,2025-08-14 15:29:04.203324+05:30,35,5
1148,517134,560,510,1755165544304,2025-08-14 15:29:04.304283+05:30,35,5
1149,517234,565,527,1755165544405,2025-08-14 15:29:04.405020+05:30,35,5
1150,517336,565,508,1755165544505,2025-08-14 15:29:04.505887+05:30,35,5
1151,517436,560,508,1755165544606,2025-08-14 15:29:04.606773+05:30,35,5
1152,517537,560,510,1755165544707,2025-08-14 15:29:04.707678+05:30,35,5
1153,517638,563,509,1755165544808,2025-08-14 15:29:04.808442+05:30,35,5
1154,517739,564,509,1755165544909,2025-08-14 15:29:04.909311+05:30,35,5
1155,517839,563,508,1755165545010,2025-08-14 15:29:05.010244+05:30,35,5
1156,517941,562,508,1755165545110,2025-08-14 15:29:05.110929+05:30,35,5
1157,518041,563,511,1755165545211,2025-08-14 15:29:05.211767+05:30,35,5
1158,518142,566,520,1755165545312,2025-08-14 15:29:05.312673+05:30,35,5
1159,518243,566,516,1755165545413,2025-08-14 15:29:05.413460+05:30,35,5
1160,518344,561,506,1755165545514,2025-08-14 15:29:05.514282+05:30,35,5
1161,518445,564,513,1755165545615,2025-08-14 15:29:05.615109+05:30,35,5
1162,518546,565,508,1755165545715,2025-08-14 15:29:05.715924+05:30,35,5
1163,518646,559,506,1755165545816,2025-08-14 15:29:05.816899+05:30,35,5
1164,518747,560,509,1755165545917,2025-08-14 15:29:05.917629+05:30,35,5
1165,518848,564,510,1755165546018,2025-08-14 15:29:06.018589+05:30,35,5
1166,518948,564,510,1755165546119,2025-08-14 15:29:06.119288+05:30,35,5
1167,519050,563,522,1755165546220,2025-08-14 15:29:06.220157+05:30,35,5
1168,519150,563,511,1755165546320,2025-08-14 15:29:06.320959+05:30,35,5
1169,519251,561,506,1755165546421,2025-08-14 15:29:06.421828+05:30,35,5
1170,519352,562,511,1755165546522,2025-08-14 15:29:06.522609+05:30,35,5
1171,519453,561,510,1755165546623,2025-08-14 15:29:06.623449+05:30,35,5
1172,519554,564,510,1755165546724,2025-08-14 15:29:06.724355+05:30,35,5
1173,519655,563,510,1755165546825,2025-08-14 15:29:06.825158+05:30,35,5
1174,519755,564,507,1755165546926,2025-08-14 15:29:06.925992+05:30,35,5
1175,519857,563,508,1755165547026,2025-08-14 15:29:07.026840+05:30,35,5
1176,519957,569,527,1755165547127,2025-08-14 15:29:07.127622+05:30,35,5
1177,520058,565,509,1755165547228,2025-08-14 15:29:07.228429+05:30,35,5
1178,520159,566,509,1755165547329,2025-08-14 15:29:07.329337+05:30,35,5
1179,520260,569,510,1755165547430,2025-08-14 15:29:07.430146+05:30,35,5
1180,520360,565,508,1755165547530,2025-08-14 15:29:07.530933+05:30,35,5
1181,520462,567,509,1755165547631,2025-08-14 15:29:07.631815+05:30,35,5
1182,520562,567,510,1755165547732,2025-08-14 15:29:07.732655+05:30,35,5
1183,520663,568,506,1755165547833,2025-08-14 15:29:07.833442+05:30,35,5
1184,520764,569,507,1755165547934,2025-08-14 15:29:07.934239+05:30,35,5
1185,520864,565,521,1755165548035,2025-08-14 15:29:08.035065+05:30,35,5
1186,520966,568,516,1755165548135,2025-08-14 15:29:08.135927+05:30,35,5
1187,521066,567,505,1755165548236,2025-08-14 15:29:08.236768+05:30,35,5
1188,521167,567,508,1755165548337,2025-08-14 15:29:08.337604+05:30,35,5
1189,521268,562,509,1755165548438,2025-08-14 15:29:08.438417+05:30,35,5
1190,521369,565,510,1755165548539,2025-08-14 15:29:08.539254+05:30,35,5
1191,521469,561,507,1755165548640,2025-08-14 15:29:08.640075+05:30,35,5
1192,521571,562,509,1755165548740,2025-08-14 15:29:08.740962+05:30,35,5
1193,521671,565,509,1755165548841,2025-08-14 15:29:08.841741+05:30,35,5
1194,521773,566,509,1755165548942,2025-08-14 15:29:08.942635+05:30,35,5
1195,521873,565,524,1755165549043,2025-08-14 15:29:09.043415+05:30,35,5
1196,521974,568,513,1755165549144,2025-08-14 15:29:09.144346+05:30,35,5
1197,522075,567,507,1755165549245,2025-08-14 15:29:09.245079+05:30,35,5
1198,522176,566,510,1755165549345,2025-08-14 15:29:09.345979+05:30,35,5
1199,522276,566,507,1755165549447,2025-08-14 15:29:09.447015+05:30,35,5
1200,522378,568,510,1755165549547,2025-08-14 15:29:09.547635+05:30,35,5
1201,522478,568,512,1755165549648,2025-08-14 15:29:09.648503+05:30,35,5
1202,522578,568,509,1755165549749,2025-08-14 15:29:09.749468+05:30,35,5
1203,522680,568,508,1755165549850,2025-08-14 15:29:09.850433+05:30,35,5
1204,522780,570,522,1755165549951,2025-08-14 15:29:09.950994+05:30,35,5
1205,522882,565,514,1755165550051,2025-08-14 15:29:10.051840+05:30,35,5
1206,522982,567,506,1755165550152,2025-08-14 15:29:10.152742+05:30,35,5
1207,523083,568,511,1755165550253,2025-08-14 15:29:10.253493+05:30,35,5
1208,523184,565,510,1755165550354,2025-08-14 15:29:10.354324+05:30,35,5
1209,523285,563,508,1755165550455,2025-08-14 15:29:10.455159+05:30,35,5
1210,523385,563,510,1755165550556,2025-08-14 15:29:10.555997+05:30,35,5
1211,523487,564,509,1755165550656,2025-08-14 15:29:10.656904+05:30,35,5
1212,523587,565,510,1755165550757,2025-08-14 15:29:10.757771+05:30,35,5
1213,523688,566,518,1755165550858,2025-08-14 15:29:10.858462+05:30,35,5
1214,523789,567,518,1755165550959,2025-08-14 15:29:10.959318+05:30,35,5
1215,523890,564,506,1755165551060,2025-08-14 15:29:11.060157+05:30,35,5
1216,523991,567,511,1755165551160,2025-08-14 15:29:11.160973+05:30,35,5
1217,524092,566,510,1755165551261,2025-08-14 15:29:11.261766+05:30,35,5
1218,524192,567,508,1755165551362,2025-08-14 15:29:11.362585+05:30,35,5
1219,524294,569,510,1755165551463,2025-08-14 15:29:11.463408+05:30,35,5
1220,524394,567,508,1755165551564,2025-08-14 15:29:11.564369+05:30,35,5
1221,524494,566,508,1755165551665,2025-08-14 15:29:11.665167+05:30,35,5
1222,524596,569,512,1755165551765,2025-08-14 15:29:11.765966+05:30,35,5
1223,524696,567,521,1755165551866,2025-08-14 15:29:11.866812+05:30,35,5
1224,524797,566,512,1755165551967,2025-08-14 15:29:11.967705+05:30,35,5
1225,524898,568,506,1755165552068,2025-08-14 15:29:12.068435+05:30,35,5
1226,524999,564,509,1755165552169,2025-08-14 15:29:12.169305+05:30,35,5
1227,525100,566,507,1755165552270,2025-08-14 15:29:12.270116+05:30,35,5
1228,525201,568,508,1755165552370,2025-08-14 15:29:12.370943+05:30,35,5
1229,525301,563,511,1755165552471,2025-08-14 15:29:12.471848+05:30,35,5
1230,525403,567,510,1755165552572,2025-08-14 15:29:12.572763+05:30,35,5
1231,525503,568,508,1755165552673,2025-08-14 15:29:12.673486+05:30,35,5
1232,525604,569,521,1755165552774,2025-08-14 15:29:12.774410+05:30,35,5
1233,525705,564,515,1755165552875,2025-08-14 15:29:12.875328+05:30,35,5
1234,525806,564,507,1755165552976,2025-08-14 15:29:12.976201+05:30,35,5
1235,525906,567,512,1755165553077,2025-08-14 15:29:13.077045+05:30,35,5
1236,526008,566,509,1755165553177,2025-08-14 15:29:13.177804+05:30,35,5
1237,526108,565,507,1755165553278,2025-08-14 15:29:13.278558+05:30,35,5
1238,526210,570,509,1755165553379,2025-08-14 15:29:13.379381+05:30,35,5
1239,526310,568,510,1755165553480,2025-08-14 15:29:13.480243+05:30,35,5
1240,526410,567,510,1755165553581,2025-08-14 15:29:13.581090+05:30,35,5
1241,526512,573,519,1755165553681,2025-08-14 15:29:13.681918+05:30,35,5
1242,526612,571,518,1755165553782,2025-08-14 15:29:13.782675+05:30,35,5
1243,526713,568,507,1755165553883,2025-08-14 15:29:13.883466+05:30,35,5
1244,526814,569,511,1755165553984,2025-08-14 15:29:13.984329+05:30,35,5
1245,526915,571,509,1755165554085,2025-08-14 15:29:14.085197+05:30,35,5
1246,527015,569,506,1755165554186,2025-08-14 15:29:14.186038+05:30,35,5
1247,527117,568,508,1755165554286,2025-08-14 15:29:14.286809+05:30,35,5
1248,527217,570,509,1755165554387,2025-08-14 15:29:14.387676+05:30,35,5
1249,527319,566,509,1755165554488,2025-08-14 15:29:14.488633+05:30,35,5
1250,527419,568,510,1755165554589,2025-08-14 15:29:14.589464+05:30,35,5
1251,527520,570,517,1755165554690,2025-08-14 15:29:14.690207+05:30,35,5
1252,527621,566,511,1755165554790,2025-08-14 15:29:14.790985+05:30,35,5
1253,527722,566,509,1755165554891,2025-08-14 15:29:14.891840+05:30,35,5
1254,527822,568,511,1755165554992,2025-08-14 15:29:14.992767+05:30,35,5
1255,527924,568,506,1755165555093,2025-08-14 15:29:15.093479+05:30,35,5
1256,528024,566,508,1755165555194,2025-08-14 15:29:15.194365+05:30,35,5
1257,528125,570,508,1755165555295,2025-08-14 15:29:15.295185+05:30,35,5
1258,528226,570,511,1755165555396,2025-08-14 15:29:15.396080+05:30,35,5
1259,528326,571,508,1755165555496,2025-08-14 15:29:15.496908+05:30,35,5
1260,528428,574,526,1755165555597,2025-08-14 15:29:15.597772+05:30,35,5
1261,528528,572,510,1755165555698,2025-08-14 15:29:15.698566+05:30,35,5
1262,528629,570,509,1755165555799,2025-08-14 15:29:15.799381+05:30,35,5
1263,528730,572,511,1755165555900,2025-08-14 15:29:15.900201+05:30,35,5
1264,528831,571,509,1755165556001,2025-08-14 15:29:16.001130+05:30,35,5
1265,528931,571,505,1755165556101,2025-08-14 15:29:16.101879+05:30,35,5
1266,529033,574,509,1755165556202,2025-08-14 15:29:16.202662+05:30,35,5
1267,529133,572,509,1755165556303,2025-08-14 15:29:16.303510+05:30,35,5
1268,529234,569,506,1755165556404,2025-08-14 15:29:16.404310+05:30,35,5
1269,529335,574,524,1755165556505,2025-08-14 15:29:16.505265+05:30,35,5
1270,529436,570,512,1755165556606,2025-08-14 15:29:16.606035+05:30,35,5
1271,529537,569,507,1755165556706,2025-08-14 15:29:16.706954+05:30,35,5
1272,529638,566,510,1755165556807,2025-08-14 15:29:16.807790+05:30,35,5
1273,529738,570,510,1755165556908,2025-08-14 15:29:16.908798+05:30,35,5
1274,529840,571,509,1755165557009,2025-08-14 15:29:17.009372+05:30,35,5
1275,529940,567,508,1755165557110,2025-08-14 15:29:17.110327+05:30,35,5
1276,530041,569,508,1755165557211,2025-08-14 15:29:17.211004+05:30,35,5
1277,530142,568,512,1755165557311,2025-08-14 15:29:17.311839+05:30,35,5
1278,530242,569,518,1755165557412,2025-08-14 15:29:17.412762+05:30,35,5
1279,530343,572,520,1755165557513,2025-08-14 15:29:17.513508+05:30,35,5
1280,530444,568,504,1755165557614,2025-08-14 15:29:17.614333+05:30,35,5
1281,530545,573,511,1755165557715,2025-08-14 15:29:17.715302+05:30,35,5
1282,530646,572,510,1755165557816,2025-08-14 15:29:17.816087+05:30,35,5
1283,530747,572,508,1755165557917,2025-08-14 15:29:17.917001+05:30,35,5
1284,530847,575,508,1755165558017,2025-08-14 15:29:18.017710+05:30,35,5
1285,530949,572,508,1755165558118,2025-08-14 15:29:18.118513+05:30,35,5
1286,531049,573,512,1755165558219,2025-08-14 15:29:18.219473+05:30,35,5
1287,531150,573,517,1755165558320,2025-08-14 15:29:18.320244+05:30,35,5
1288,531251,574,521,1755165558421,2025-08-14 15:29:18.421066+05:30,35,5
1289,531352,573,505,1755165558521,2025-08-14 15:29:18.521918+05:30,35,5
1290,531452,572,509,1755165558622,2025-08-14 15:29:18.622698+05:30,35,5
1291,531554,573,510,1755165558723,2025-08-14 15:29:18.723524+05:30,35,5
1292,531654,571,507,1755165558824,2025-08-14 15:29:18.824372+05:30,35,5
1293,531756,570,510,1755165558925,2025-08-14 15:29:18.925178+05:30,35,5
1294,531856,571,509,1755165559026,2025-08-14 15:29:19.026173+05:30,35,5
1295,531957,568,508,1755165559126,2025-08-14 15:29:19.126937+05:30,35,5
1296,532058,571,520,1755165559227,2025-08-14 15:29:19.227842+05:30,35,5
1297,532158,570,519,1755165559328,2025-08-14 15:29:19.328584+05:30,35,5
1298,532259,571,507,1755165559429,2025-08-14 15:29:19.429494+05:30,35,5
1299,532360,569,508,1755165559530,2025-08-14 15:29:19.530252+05:30,35,5
1300,532461,571,508,1755165559631,2025-08-14 15:29:19.631107+05:30,35,5
1301,532561,570,509,1755165559731,2025-08-14 15:29:19.731917+05:30,35,5
1302,532663,575,507,1755165559832,2025-08-14 15:29:19.832794+05:30,35,5
1303,532763,572,510,1755165559933,2025-08-14 15:29:19.933614+05:30,35,5
1304,532865,571,506,1755165560034,2025-08-14 15:29:20.034381+05:30,35,5
1305,532965,573,514,1755165560135,2025-08-14 15:29:20.135263+05:30,35,5
1306,533066,572,520,1755165560236,2025-08-14 15:29:20.236184+05:30,35,5
1307,533167,573,508,1755165560336,2025-08-14 15:29:20.336925+05:30,35,5
1308,533268,574,507,1755165560437,2025-08-14 15:29:20.437832+05:30,35,5
1309,533368,571,508,1755165560538,2025-08-14 15:29:20.538605+05:30,35,5
1310,533470,573,507,1755165560639,2025-08-14 15:29:20.639376+05:30,35,5
1311,533570,570,511,1755165560740,2025-08-14 15:29:20.740218+05:30,35,5
1312,533671,572,510,1755165560841,2025-08-14 15:29:20.841103+05:30,35,5
1313,533772,573,507,1755165560941,2025-08-14 15:29:20.941908+05:30,35,5
1314,533873,572,511,1755165561042,2025-08-14 15:29:21.042808+05:30,35,5
1315,533974,573,522,1755165561143,2025-08-14 15:29:21.143596+05:30,35,5
1316,534074,568,508,1755165561244,2025-08-14 15:29:21.244378+05:30,35,5
1317,534175,569,510,1755165561345,2025-08-14 15:29:21.345251+05:30,35,5
1318,534276,569,510,1755165561446,2025-08-14 15:29:21.446056+05:30,35,5
1319,534377,568,510,1755165561546,2025-08-14 15:29:21.546983+05:30,35,5
1320,534477,569,507,1755165561647,2025-08-14 15:29:21.647770+05:30,35,5
1321,534579,573,510,1755165561748,2025-08-14 15:29:21.748730+05:30,35,5
1322,534679,574,510,1755165561849,2025-08-14 15:29:21.849437+05:30,35,5
1323,534780,571,507,1755165561950,2025-08-14 15:29:21.950400+05:30,35,5
1324,534881,576,526,1755165562051,2025-08-14 15:29:22.051073+05:30,35,5
1325,534982,569,513,1755165562152,2025-08-14 15:29:22.152056+05:30,35,5
1326,535083,572,506,1755165562252,2025-08-14 15:29:22.252827+05:30,35,5
1327,535184,576,511,1755165562353,2025-08-14 15:29:22.353657+05:30,35,5
1328,535284,569,508,1755165562454,2025-08-14 15:29:22.454473+05:30,35,5
1329,535386,570,509,1755165562555,2025-08-14 15:29:22.555422+05:30,35,5
1330,535486,571,508,1755165562656,2025-08-14 15:29:22.656149+05:30,35,5
1331,535587,571,506,1755165562757,2025-08-14 15:29:22.757052+05:30,35,5
1332,535688,572,508,1755165562857,2025-08-14 15:29:22.857801+05:30,35,5
1333,535788,571,511,1755165562958,2025-08-14 15:29:22.958574+05:30,35,5
1334,535889,572,524,1755165563059,2025-08-14 15:29:23.059413+05:30,35,5
1335,535990,570,508,1755165563160,2025-08-14 15:29:23.160233+05:30,35,5
1336,536091,569,510,1755165563261,2025-08-14 15:29:23.261096+05:30,35,5
1337,536192,573,512,1755165563361,2025-08-14 15:29:23.361942+05:30,35,5
1338,536293,570,509,1755165563462,2025-08-14 15:29:23.462791+05:30,35,5
1339,536393,571,510,1755165563563,2025-08-14 15:29:23.563594+05:30,35,5
1340,536495,570,510,1755165563664,2025-08-14 15:29:23.664412+05:30,35,5
1341,536595,572,509,1755165563765,2025-08-14 15:29:23.765285+05:30,35,5
1342,536696,572,507,1755165563866,2025-08-14 15:29:23.866096+05:30,35,5
1343,536797,575,522,1755165563966,2025-08-14 15:29:23.966954+05:30,35,5
1344,536898,573,512,1755165564067,2025-08-14 15:29:24.067867+05:30,35,5
1345,536998,573,507,1755165564168,2025-08-14 15:29:24.168600+05:30,35,5
1346,537100,574,510,1755165564269,2025-08-14 15:29:24.269421+05:30,35,5
1347,537200,575,507,1755165564370,2025-08-14 15:29:24.370449+05:30,35,5
1348,537302,572,505,1755165564471,2025-08-14 15:29:24.471079+05:30,35,5
1349,537402,574,511,1755165564571,2025-08-14 15:29:24.571928+05:30,35,5
1350,537503,572,510,1755165564672,2025-08-14 15:29:24.672826+05:30,35,5
1351,537604,574,508,1755165564773,2025-08-14 15:29:24.773600+05:30,35,5
1352,537704,576,511,1755165564874,2025-08-14 15:29:24.874439+05:30,35,5
1353,537805,578,524,1755165564975,2025-08-14 15:29:24.975274+05:30,35,5
1354,537906,576,511,1755165565076,2025-08-14 15:29:25.076088+05:30,35,5
1355,538007,572,509,1755165565177,2025-08-14 15:29:25.177015+05:30,35,5
1356,538107,575,511,1755165565277,2025-08-14 15:29:25.277900+05:30,35,5
1357,538209,571,508,1755165565378,2025-08-14 15:29:25.378710+05:30,35,5
1358,538309,572,510,1755165565479,2025-08-14 15:29:25.479543+05:30,35,5
1359,538411,572,509,1755165565580,2025-08-14 15:29:25.580272+05:30,35,5
1360,538511,572,510,1755165565681,2025-08-14 15:29:25.681178+05:30,35,5
1361,538612,569,508,1755165565782,2025-08-14 15:29:25.781990+05:30,35,5
1362,538713,571,520,1755165565882,2025-08-14 15:29:25.882817+05:30,35,5
1363,538814,573,518,1755165565983,2025-08-14 15:29:25.983638+05:30,35,5
1364,538914,573,506,1755165566084,2025-08-14 15:29:26.084455+05:30,35,5
1365,539016,572,510,1755165566185,2025-08-14 15:29:26.185326+05:30,35,5
1366,539116,575,508,1755165566286,2025-08-14 15:29:26.286162+05:30,35,5
1367,539217,571,506,1755165566387,2025-08-14 15:29:26.387023+05:30,35,5
1368,539318,573,508,1755165566487,2025-08-14 15:29:26.487909+05:30,35,5
1369,539419,574,507,1755165566588,2025-08-14 15:29:26.588813+05:30,35,5
1370,539520,576,505,1755165566689,2025-08-14 15:29:26.689620+05:30,35,5
1371,539620,573,507,1755165566790,2025-08-14 15:29:26.790435+05:30,35,5
1372,539721,575,526,1755165566891,2025-08-14 15:29:26.891234+05:30,35,5
1373,539822,573,512,1755165566992,2025-08-14 15:29:26.992067+05:30,35,5
1374,539923,575,509,1755165567092,2025-08-14 15:29:27.092952+05:30,35,5
1375,540023,573,513,1755165567193,2025-08-14 15:29:27.193735+05:30,35,5
1376,540125,573,507,1755165567294,2025-08-14 15:29:27.294565+05:30,35,5
1377,540225,573,508,1755165567395,2025-08-14 15:29:27.395302+05:30,35,5
1378,540326,573,505,1755165567496,2025-08-14 15:29:27.496214+05:30,35,5
1379,540427,574,511,1755165567597,2025-08-14 15:29:27.597034+05:30,35,5
1380,540528,573,509,1755165567697,2025-08-14 15:29:27.697832+05:30,35,5
1381,540628,571,510,1755165567798,2025-08-14 15:29:27.798652+05:30,35,5
1382,540730,574,522,1755165567899,2025-08-14 15:29:27.899490+05:30,35,5
1383,540830,573,508,1755165568000,2025-08-14 15:29:28.000305+05:30,35,5
1384,540932,572,509,1755165568101,2025-08-14 15:29:28.101139+05:30,35,5
1385,541032,575,510,1755165568202,2025-08-14 15:29:28.202046+05:30,35,5
1386,541133,572,507,1755165568302,2025-08-14 15:29:28.302852+05:30,35,5
1387,541234,576,510,1755165568403,2025-08-14 15:29:28.403737+05:30,35,5
1388,541335,573,509,1755165568504,2025-08-14 15:29:28.504496+05:30,35,5
1389,541435,575,511,1755165568605,2025-08-14 15:29:28.605353+05:30,35,5
1390,541536,576,509,1755165568706,2025-08-14 15:29:28.706219+05:30,35,5
1391,541637,577,522,1755165568807,2025-08-14 15:29:28.806994+05:30,35,5
1392,541737,573,515,1755165568907,2025-08-14 15:29:28.907879+05:30,35,5
1393,541839,576,508,1755165569008,2025-08-14 15:29:29.008705+05:30,35,5
1394,541939,576,510,1755165569109,2025-08-14 15:29:29.109589+05:30,35,5
1395,542041,574,508,1755165569210,2025-08-14 15:29:29.210419+05:30,35,5
1396,542141,576,508,1755165569311,2025-08-14 15:29:29.311197+05:30,35,5
1397,542242,575,510,1755165569412,2025-08-14 15:29:29.412024+05:30,35,5
1398,542343,575,509,1755165569513,2025-08-14 15:29:29.513000+05:30,35,5
1399,542444,573,506,1755165569613,2025-08-14 15:29:29.613697+05:30,35,5
1400,542544,572,509,1755165569714,2025-08-14 15:29:29.714518+05:30,35,5
1401,542646,577,526,1755165569815,2025-08-14 15:29:29.815336+05:30,35,5
1402,542746,575,511,1755165569916,2025-08-14 15:29:29.916247+05:30,35,5
1403,542848,572,508,1755165570017,2025-08-14 15:29:30.017000+05:30,35,5
1404,542948,576,511,1755165570117,2025-08-14 15:29:30.117902+05:30,35,5
1405,543049,572,509,1755165570218,2025-08-14 15:29:30.218701+05:30,35,5
1406,543150,576,506,1755165570319,2025-08-14 15:29:30.319517+05:30,35,5
1407,543251,574,507,1755165570420,2025-08-14 15:29:30.420375+05:30,35,5
1408,543351,576,508,1755165570521,2025-08-14 15:29:30.521226+05:30,35,5
1409,543452,577,510,1755165570622,2025-08-14 15:29:30.622038+05:30,35,5
1410,543553,576,514,1755165570722,2025-08-14 15:29:30.722901+05:30,35,5
1411,543653,579,520,1755165570823,2025-08-14 15:29:30.823685+05:30,35,5
1412,543755,575,506,1755165570924,2025-08-14 15:29:30.924522+05:30,35,5
1413,543855,579,511,1755165571025,2025-08-14 15:29:31.025414+05:30,35,5
1414,543956,577,510,1755165571126,2025-08-14 15:29:31.126240+05:30,35,5
1415,544057,576,509,1755165571227,2025-08-14 15:29:31.227041+05:30,35,5
1416,544158,580,509,1755165571328,2025-08-14 15:29:31.327992+05:30,35,5
1417,544259,578,510,1755165571428,2025-08-14 15:29:31.428792+05:30,35,5
1418,544360,580,510,1755165571529,2025-08-14 15:29:31.529529+05:30,35,5
1419,544460,579,509,1755165571630,2025-08-14 15:29:31.630431+05:30,35,5
1420,544562,575,524,1755165571731,2025-08-14 15:29:31.731189+05:30,35,5
1421,544662,576,510,1755165571832,2025-08-14 15:29:31.832049+05:30,35,5
1422,544763,578,509,1755165571932,2025-08-14 15:29:31.932917+05:30,35,5
1423,544864,577,511,1755165572033,2025-08-14 15:29:32.033762+05:30,35,5
1424,544965,574,508,1755165572134,2025-08-14 15:29:32.134757+05:30,35,5
1425,545065,577,511,1755165572235,2025-08-14 15:29:32.235373+05:30,35,5
1426,545167,574,510,1755165572336,2025-08-14 15:29:32.336269+05:30,35,5
1427,545267,576,508,1755165572437,2025-08-14 15:29:32.437155+05:30,35,5
1428,545368,578,509,1755165572537,2025-08-14 15:29:32.537989+05:30,35,5
1429,545469,582,517,1755165572638,2025-08-14 15:29:32.638769+05:30,35,5
1430,545569,578,518,1755165572739,2025-08-14 15:29:32.739655+05:30,35,5
1431,545671,576,507,1755165572840,2025-08-14 15:29:32.840404+05:30,35,5
1432,545771,577,511,1755165572941,2025-08-14 15:29:32.941271+05:30,35,5
1433,545872,578,510,1755165573042,2025-08-14 15:29:33.042131+05:30,35,5
1434,545973,579,508,1755165573143,2025-08-14 15:29:33.142995+05:30,35,5
1435,546074,578,510,1755165573243,2025-08-14 15:29:33.243811+05:30,35,5
1436,546174,579,510,1755165573344,2025-08-14 15:29:33.344683+05:30,35,5
1437,546276,579,506,1755165573445,2025-08-14 15:29:33.445481+05:30,35,5
1438,546376,580,510,1755165573546,2025-08-14 15:29:33.546285+05:30,35,5
1439,546478,583,521,1755165573647,2025-08-14 15:29:33.647148+05:30,35,5
