,Time_series,GSR,HR,timestamp,time2,subject,video_id
0,738571,407,563,1754025395200,2025-08-01 10:46:35.200479+05:30,10,1
1,738671,406,559,1754025395301,2025-08-01 10:46:35.301350+05:30,10,1
2,738772,407,557,1754025395402,2025-08-01 10:46:35.402235+05:30,10,1
3,738873,407,554,1754025395503,2025-08-01 10:46:35.503068+05:30,10,1
4,738974,408,564,1754025395603,2025-08-01 10:46:35.603827+05:30,10,1
5,739075,406,567,1754025395704,2025-08-01 10:46:35.704856+05:30,10,1
6,739176,406,556,1754025395805,2025-08-01 10:46:35.805509+05:30,10,1
7,739276,406,557,1754025395906,2025-08-01 10:46:35.906340+05:30,10,1
8,739377,405,555,1754025396007,2025-08-01 10:46:36.007179+05:30,10,1
9,739478,403,548,1754025396108,2025-08-01 10:46:36.108061+05:30,10,1
10,739578,410,552,1754025396209,2025-08-01 10:46:36.208993+05:30,10,1
11,739680,433,516,1754025396309,2025-08-01 10:46:36.309694+05:30,10,1
12,739780,444,516,1754025396410,2025-08-01 10:46:36.410457+05:30,10,1
13,739881,450,511,1754025396511,2025-08-01 10:46:36.511402+05:30,10,1
14,739982,453,506,1754025396612,2025-08-01 10:46:36.612233+05:30,10,1
15,740083,454,512,1754025396713,2025-08-01 10:46:36.713010+05:30,10,1
16,740184,455,512,1754025396813,2025-08-01 10:46:36.813903+05:30,10,1
17,740285,455,507,1754025396914,2025-08-01 10:46:36.914871+05:30,10,1
18,740385,455,507,1754025397015,2025-08-01 10:46:37.015552+05:30,10,1
19,740487,457,507,1754025397116,2025-08-01 10:46:37.116532+05:30,10,1
20,740587,458,526,1754025397217,2025-08-01 10:46:37.217419+05:30,10,1
21,740688,459,514,1754025397318,2025-08-01 10:46:37.318164+05:30,10,1
22,740789,458,509,1754025397419,2025-08-01 10:46:37.419087+05:30,10,1
23,740890,458,510,1754025397519,2025-08-01 10:46:37.519856+05:30,10,1
24,740990,458,511,1754025397620,2025-08-01 10:46:37.620687+05:30,10,1
25,741092,457,508,1754025397721,2025-08-01 10:46:37.721497+05:30,10,1
26,741192,458,510,1754025397822,2025-08-01 10:46:37.822195+05:30,10,1
27,741293,458,527,1754025397923,2025-08-01 10:46:37.923131+05:30,10,1
28,741394,459,516,1754025398023,2025-08-01 10:46:38.023947+05:30,10,1
29,741494,457,512,1754025398125,2025-08-01 10:46:38.125362+05:30,10,1
30,741596,457,515,1754025398225,2025-08-01 10:46:38.225878+05:30,10,1
31,741696,456,511,1754025398326,2025-08-01 10:46:38.326622+05:30,10,1
32,741797,456,518,1754025398427,2025-08-01 10:46:38.427352+05:30,10,1
33,741898,456,518,1754025398528,2025-08-01 10:46:38.528160+05:30,10,1
34,741999,456,529,1754025398628,2025-08-01 10:46:38.628969+05:30,10,1
35,742099,457,533,1754025398730,2025-08-01 10:46:38.730138+05:30,10,1
36,742201,455,521,1754025398830,2025-08-01 10:46:38.830753+05:30,10,1
37,742301,455,524,1754025398931,2025-08-01 10:46:38.931772+05:30,10,1
38,742403,455,525,1754025399032,2025-08-01 10:46:39.032459+05:30,10,1
39,742503,456,523,1754025399133,2025-08-01 10:46:39.133397+05:30,10,1
40,742604,454,525,1754025399234,2025-08-01 10:46:39.234176+05:30,10,1
41,742705,455,526,1754025399335,2025-08-01 10:46:39.335044+05:30,10,1
42,742806,456,540,1754025399435,2025-08-01 10:46:39.435886+05:30,10,1
43,742906,457,532,1754025399536,2025-08-01 10:46:39.536594+05:30,10,1
44,743008,456,528,1754025399637,2025-08-01 10:46:39.637376+05:30,10,1
45,743108,457,530,1754025399738,2025-08-01 10:46:39.738189+05:30,10,1
46,743208,455,532,1754025399839,2025-08-01 10:46:39.839170+05:30,10,1
47,743310,456,524,1754025399940,2025-08-01 10:46:39.940157+05:30,10,1
48,743410,456,530,1754025400040,2025-08-01 10:46:40.040708+05:30,10,1
49,743512,456,541,1754025400141,2025-08-01 10:46:40.141554+05:30,10,1
50,743612,457,544,1754025400242,2025-08-01 10:46:40.242447+05:30,10,1
51,743713,457,544,1754025400343,2025-08-01 10:46:40.343294+05:30,10,1
52,743814,456,536,1754025400444,2025-08-01 10:46:40.444101+05:30,10,1
53,743915,455,529,1754025400544,2025-08-01 10:46:40.544859+05:30,10,1
54,744015,457,535,1754025400645,2025-08-01 10:46:40.645572+05:30,10,1
55,744117,457,536,1754025400746,2025-08-01 10:46:40.746506+05:30,10,1
56,744217,459,558,1754025400847,2025-08-01 10:46:40.847234+05:30,10,1
57,744318,461,555,1754025400948,2025-08-01 10:46:40.948212+05:30,10,1
58,744419,460,540,1754025401049,2025-08-01 10:46:41.049065+05:30,10,1
59,744520,459,532,1754025401149,2025-08-01 10:46:41.149778+05:30,10,1
60,744621,458,535,1754025401250,2025-08-01 10:46:41.250581+05:30,10,1
61,744722,460,541,1754025401351,2025-08-01 10:46:41.351601+05:30,10,1
62,744822,458,532,1754025401452,2025-08-01 10:46:41.452390+05:30,10,1
63,744924,457,522,1754025401553,2025-08-01 10:46:41.553200+05:30,10,1
64,745024,457,531,1754025401654,2025-08-01 10:46:41.654000+05:30,10,1
65,745124,460,543,1754025401754,2025-08-01 10:46:41.754871+05:30,10,1
66,745226,461,555,1754025401855,2025-08-01 10:46:41.855658+05:30,10,1
67,745326,460,537,1754025401956,2025-08-01 10:46:41.956416+05:30,10,1
68,745427,458,534,1754025402057,2025-08-01 10:46:42.057343+05:30,10,1
69,745528,458,539,1754025402158,2025-08-01 10:46:42.158066+05:30,10,1
70,745629,459,533,1754025402259,2025-08-01 10:46:42.259071+05:30,10,1
71,745730,458,536,1754025402359,2025-08-01 10:46:42.359841+05:30,10,1
72,745831,458,535,1754025402460,2025-08-01 10:46:42.460694+05:30,10,1
73,745931,458,544,1754025402561,2025-08-01 10:46:42.561537+05:30,10,1
74,746033,459,553,1754025402662,2025-08-01 10:46:42.662346+05:30,10,1
75,746133,459,540,1754025402763,2025-08-01 10:46:42.763141+05:30,10,1
76,746234,458,547,1754025402864,2025-08-01 10:46:42.864113+05:30,10,1
77,746335,459,549,1754025402964,2025-08-01 10:46:42.964854+05:30,10,1
78,746436,458,542,1754025403065,2025-08-01 10:46:43.065554+05:30,10,1
79,746536,457,538,1754025403166,2025-08-01 10:46:43.166529+05:30,10,1
80,746638,458,538,1754025403267,2025-08-01 10:46:43.267322+05:30,10,1
81,746738,455,540,1754025403368,2025-08-01 10:46:43.368089+05:30,10,1
82,746840,455,544,1754025403469,2025-08-01 10:46:43.469005+05:30,10,1
83,746940,455,535,1754025403569,2025-08-01 10:46:43.569932+05:30,10,1
84,747040,455,534,1754025403670,2025-08-01 10:46:43.670722+05:30,10,1
85,747142,454,534,1754025403771,2025-08-01 10:46:43.771643+05:30,10,1
86,747242,454,533,1754025403872,2025-08-01 10:46:43.872360+05:30,10,1
87,747343,454,529,1754025403973,2025-08-01 10:46:43.973133+05:30,10,1
88,747444,453,530,1754025404074,2025-08-01 10:46:44.074000+05:30,10,1
89,747545,453,535,1754025404174,2025-08-01 10:46:44.174898+05:30,10,1
90,747645,454,546,1754025404275,2025-08-01 10:46:44.275751+05:30,10,1
91,747747,454,534,1754025404376,2025-08-01 10:46:44.376495+05:30,10,1
92,747847,453,537,1754025404477,2025-08-01 10:46:44.477343+05:30,10,1
93,747949,453,535,1754025404578,2025-08-01 10:46:44.578239+05:30,10,1
94,748049,452,531,1754025404679,2025-08-01 10:46:44.679087+05:30,10,1
95,748150,452,533,1754025404779,2025-08-01 10:46:44.779889+05:30,10,1
96,748251,453,538,1754025404880,2025-08-01 10:46:44.880856+05:30,10,1
97,748352,454,532,1754025404981,2025-08-01 10:46:44.981753+05:30,10,1
98,748452,454,548,1754025405082,2025-08-01 10:46:45.082337+05:30,10,1
99,748554,455,541,1754025405183,2025-08-01 10:46:45.183341+05:30,10,1
100,748654,454,542,1754025405284,2025-08-01 10:46:45.284055+05:30,10,1
101,748755,455,542,1754025405384,2025-08-01 10:46:45.384914+05:30,10,1
102,748856,454,544,1754025405485,2025-08-01 10:46:45.485619+05:30,10,1
103,748956,454,533,1754025405586,2025-08-01 10:46:45.586569+05:30,10,1
104,749058,455,532,1754025405687,2025-08-01 10:46:45.687406+05:30,10,1
105,749158,454,538,1754025405788,2025-08-01 10:46:45.788136+05:30,10,1
106,749259,457,542,1754025405889,2025-08-01 10:46:45.889064+05:30,10,1
107,749360,457,533,1754025405989,2025-08-01 10:46:45.989907+05:30,10,1
108,749461,454,543,1754025406090,2025-08-01 10:46:46.090945+05:30,10,1
109,749561,454,540,1754025406191,2025-08-01 10:46:46.191738+05:30,10,1
110,749663,454,534,1754025406292,2025-08-01 10:46:46.292458+05:30,10,1
111,749763,454,532,1754025406393,2025-08-01 10:46:46.393210+05:30,10,1
112,749864,454,538,1754025406494,2025-08-01 10:46:46.494236+05:30,10,1
113,749965,455,544,1754025406595,2025-08-01 10:46:46.595279+05:30,10,1
114,750066,454,538,1754025406696,2025-08-01 10:46:46.696079+05:30,10,1
115,750167,453,538,1754025406796,2025-08-01 10:46:46.796700+05:30,10,1
116,750268,452,533,1754025406897,2025-08-01 10:46:46.897334+05:30,10,1
117,750368,455,530,1754025406998,2025-08-01 10:46:46.998477+05:30,10,1
118,750470,454,533,1754025407099,2025-08-01 10:46:47.099092+05:30,10,1
119,750570,454,538,1754025407200,2025-08-01 10:46:47.199999+05:30,10,1
120,750671,456,552,1754025407300,2025-08-01 10:46:47.300737+05:30,10,1
121,750772,455,540,1754025407401,2025-08-01 10:46:47.401684+05:30,10,1
122,750872,454,536,1754025407502,2025-08-01 10:46:47.502749+05:30,10,1
123,750973,454,536,1754025407603,2025-08-01 10:46:47.603330+05:30,10,1
124,751074,453,532,1754025407704,2025-08-01 10:46:47.704151+05:30,10,1
125,751175,454,540,1754025407805,2025-08-01 10:46:47.805231+05:30,10,1
126,751276,454,534,1754025407905,2025-08-01 10:46:47.905883+05:30,10,1
127,751377,455,554,1754025408006,2025-08-01 10:46:48.006665+05:30,10,1
128,751477,454,551,1754025408107,2025-08-01 10:46:48.107563+05:30,10,1
129,751579,452,543,1754025408208,2025-08-01 10:46:48.208449+05:30,10,1
130,751679,452,547,1754025408309,2025-08-01 10:46:48.309111+05:30,10,1
131,751780,452,543,1754025408409,2025-08-01 10:46:48.409967+05:30,10,1
132,751881,451,543,1754025408510,2025-08-01 10:46:48.510910+05:30,10,1
133,751982,451,543,1754025408611,2025-08-01 10:46:48.611789+05:30,10,1
134,752082,452,554,1754025408712,2025-08-01 10:46:48.712764+05:30,10,1
135,752184,452,538,1754025408813,2025-08-01 10:46:48.813495+05:30,10,1
136,752284,451,538,1754025408914,2025-08-01 10:46:48.914173+05:30,10,1
137,752386,451,541,1754025409015,2025-08-01 10:46:49.015116+05:30,10,1
138,752486,452,533,1754025409115,2025-08-01 10:46:49.115943+05:30,10,1
139,752587,451,536,1754025409216,2025-08-01 10:46:49.216791+05:30,10,1
140,752688,451,540,1754025409317,2025-08-01 10:46:49.317444+05:30,10,1
141,752788,452,548,1754025409418,2025-08-01 10:46:49.418310+05:30,10,1
142,752889,453,530,1754025409519,2025-08-01 10:46:49.519116+05:30,10,1
143,752990,453,523,1754025409620,2025-08-01 10:46:49.620001+05:30,10,1
144,753091,454,522,1754025409720,2025-08-01 10:46:49.720881+05:30,10,1
145,753191,451,524,1754025409821,2025-08-01 10:46:49.821657+05:30,10,1
146,753293,453,525,1754025409922,2025-08-01 10:46:49.922538+05:30,10,1
147,753393,453,526,1754025410023,2025-08-01 10:46:50.023315+05:30,10,1
148,753495,454,543,1754025410124,2025-08-01 10:46:50.124167+05:30,10,1
149,753595,454,530,1754025410225,2025-08-01 10:46:50.225106+05:30,10,1
150,753696,454,526,1754025410325,2025-08-01 10:46:50.325844+05:30,10,1
151,753797,453,529,1754025410426,2025-08-01 10:46:50.426775+05:30,10,1
152,753898,452,527,1754025410527,2025-08-01 10:46:50.527464+05:30,10,1
153,753998,454,528,1754025410628,2025-08-01 10:46:50.628681+05:30,10,1
154,754100,452,529,1754025410729,2025-08-01 10:46:50.729475+05:30,10,1
155,754200,453,537,1754025410830,2025-08-01 10:46:50.830154+05:30,10,1
156,754301,454,540,1754025410930,2025-08-01 10:46:50.930908+05:30,10,1
157,754402,454,529,1754025411031,2025-08-01 10:46:51.031806+05:30,10,1
158,754503,454,524,1754025411132,2025-08-01 10:46:51.132535+05:30,10,1
159,754604,456,528,1754025411233,2025-08-01 10:46:51.233389+05:30,10,1
160,754704,454,529,1754025411334,2025-08-01 10:46:51.334106+05:30,10,1
161,754805,454,531,1754025411434,2025-08-01 10:46:51.434948+05:30,10,1
162,754906,455,538,1754025411535,2025-08-01 10:46:51.535794+05:30,10,1
163,755007,456,542,1754025411636,2025-08-01 10:46:51.636761+05:30,10,1
164,755107,454,535,1754025411737,2025-08-01 10:46:51.737546+05:30,10,1
165,755209,454,531,1754025411838,2025-08-01 10:46:51.838470+05:30,10,1
166,755309,455,530,1754025411939,2025-08-01 10:46:51.939275+05:30,10,1
167,755410,456,531,1754025412040,2025-08-01 10:46:52.040018+05:30,10,1
168,755511,452,535,1754025412140,2025-08-01 10:46:52.140926+05:30,10,1
169,755612,453,547,1754025412241,2025-08-01 10:46:52.241750+05:30,10,1
170,755713,454,544,1754025412342,2025-08-01 10:46:52.342623+05:30,10,1
171,755814,453,537,1754025412443,2025-08-01 10:46:52.443471+05:30,10,1
172,755914,452,533,1754025412544,2025-08-01 10:46:52.544400+05:30,10,1
173,756016,452,536,1754025412645,2025-08-01 10:46:52.645303+05:30,10,1
174,756116,452,533,1754025412746,2025-08-01 10:46:52.746191+05:30,10,1
175,756217,452,532,1754025412846,2025-08-01 10:46:52.846957+05:30,10,1
176,756318,453,544,1754025412947,2025-08-01 10:46:52.947563+05:30,10,1
177,756419,453,538,1754025413048,2025-08-01 10:46:53.048323+05:30,10,1
178,756519,453,532,1754025413149,2025-08-01 10:46:53.149154+05:30,10,1
179,756620,453,532,1754025413250,2025-08-01 10:46:53.250069+05:30,10,1
180,756721,453,531,1754025413351,2025-08-01 10:46:53.351089+05:30,10,1
181,756822,453,529,1754025413451,2025-08-01 10:46:53.451935+05:30,10,1
182,756923,453,528,1754025413552,2025-08-01 10:46:53.552820+05:30,10,1
183,757023,454,537,1754025413653,2025-08-01 10:46:53.653623+05:30,10,1
184,757125,456,541,1754025413754,2025-08-01 10:46:53.754542+05:30,10,1
185,757225,455,530,1754025413855,2025-08-01 10:46:53.855211+05:30,10,1
186,757326,454,530,1754025413955,2025-08-01 10:46:53.955975+05:30,10,1
187,757427,453,528,1754025414056,2025-08-01 10:46:54.056853+05:30,10,1
188,757528,454,530,1754025414157,2025-08-01 10:46:54.157551+05:30,10,1
189,757628,454,532,1754025414258,2025-08-01 10:46:54.258404+05:30,10,1
190,757730,454,532,1754025414359,2025-08-01 10:46:54.359205+05:30,10,1
191,757830,456,546,1754025414460,2025-08-01 10:46:54.460142+05:30,10,1
192,757932,455,535,1754025414560,2025-08-01 10:46:54.560889+05:30,10,1
193,758032,454,534,1754025414661,2025-08-01 10:46:54.661770+05:30,10,1
194,758133,453,538,1754025414762,2025-08-01 10:46:54.762630+05:30,10,1
195,758234,453,533,1754025414863,2025-08-01 10:46:54.863378+05:30,10,1
196,758335,453,536,1754025414964,2025-08-01 10:46:54.964161+05:30,10,1
197,758435,452,542,1754025415065,2025-08-01 10:46:55.065217+05:30,10,1
198,758536,453,540,1754025415165,2025-08-01 10:46:55.165871+05:30,10,1
199,758637,451,528,1754025415266,2025-08-01 10:46:55.266735+05:30,10,1
200,758737,452,537,1754025415367,2025-08-01 10:46:55.367507+05:30,10,1
201,758839,453,534,1754025415468,2025-08-01 10:46:55.468384+05:30,10,1
202,758939,453,536,1754025415569,2025-08-01 10:46:55.569306+05:30,10,1
203,759041,453,536,1754025415670,2025-08-01 10:46:55.670374+05:30,10,1
204,759141,453,539,1754025415771,2025-08-01 10:46:55.771196+05:30,10,1
205,759242,453,546,1754025415872,2025-08-01 10:46:55.872052+05:30,10,1
206,759343,453,533,1754025415972,2025-08-01 10:46:55.972888+05:30,10,1
207,759444,454,533,1754025416073,2025-08-01 10:46:56.073564+05:30,10,1
208,759544,452,537,1754025416174,2025-08-01 10:46:56.174345+05:30,10,1
209,759646,451,531,1754025416275,2025-08-01 10:46:56.275415+05:30,10,1
210,759746,453,533,1754025416376,2025-08-01 10:46:56.376021+05:30,10,1
211,759847,454,533,1754025416476,2025-08-01 10:46:56.476940+05:30,10,1
212,759948,454,544,1754025416577,2025-08-01 10:46:56.577603+05:30,10,1
213,760049,454,531,1754025416678,2025-08-01 10:46:56.678430+05:30,10,1
214,760150,454,528,1754025416779,2025-08-01 10:46:56.779366+05:30,10,1
215,760251,454,530,1754025416880,2025-08-01 10:46:56.880138+05:30,10,1
216,760351,454,528,1754025416980,2025-08-01 10:46:56.980945+05:30,10,1
217,760452,454,528,1754025417081,2025-08-01 10:46:57.081859+05:30,10,1
218,760553,455,535,1754025417182,2025-08-01 10:46:57.182703+05:30,10,1
219,760653,457,538,1754025417283,2025-08-01 10:46:57.283474+05:30,10,1
220,760755,455,528,1754025417384,2025-08-01 10:46:57.384272+05:30,10,1
221,760855,455,530,1754025417485,2025-08-01 10:46:57.485412+05:30,10,1
222,760956,454,527,1754025417585,2025-08-01 10:46:57.585954+05:30,10,1
223,761057,454,527,1754025417686,2025-08-01 10:46:57.686870+05:30,10,1
224,761158,454,526,1754025417787,2025-08-01 10:46:57.787606+05:30,10,1
225,761259,453,530,1754025417888,2025-08-01 10:46:57.888463+05:30,10,1
226,761360,455,539,1754025417989,2025-08-01 10:46:57.989291+05:30,10,1
227,761460,454,525,1754025418090,2025-08-01 10:46:58.090170+05:30,10,1
228,761562,454,528,1754025418190,2025-08-01 10:46:58.190933+05:30,10,1
229,761662,454,527,1754025418291,2025-08-01 10:46:58.291934+05:30,10,1
230,761763,453,524,1754025418392,2025-08-01 10:46:58.392682+05:30,10,1
231,761864,453,528,1754025418493,2025-08-01 10:46:58.493521+05:30,10,1
232,761965,453,527,1754025418594,2025-08-01 10:46:58.594373+05:30,10,1
233,762065,453,539,1754025418695,2025-08-01 10:46:58.695194+05:30,10,1
234,762167,453,536,1754025418796,2025-08-01 10:46:58.796120+05:30,10,1
235,762267,452,536,1754025418896,2025-08-01 10:46:58.896871+05:30,10,1
236,762368,453,530,1754025418997,2025-08-01 10:46:58.997664+05:30,10,1
237,762469,452,530,1754025419098,2025-08-01 10:46:59.098592+05:30,10,1
238,762569,452,530,1754025419199,2025-08-01 10:46:59.199563+05:30,10,1
239,762671,453,531,1754025419300,2025-08-01 10:46:59.300300+05:30,10,1
240,762771,453,534,1754025419401,2025-08-01 10:46:59.401037+05:30,10,1
241,762872,453,553,1754025419501,2025-08-01 10:46:59.501868+05:30,10,1
242,762973,452,537,1754025419602,2025-08-01 10:46:59.602762+05:30,10,1
243,763074,450,535,1754025419703,2025-08-01 10:46:59.703583+05:30,10,1
244,763174,450,536,1754025419804,2025-08-01 10:46:59.804413+05:30,10,1
245,763276,451,529,1754025419905,2025-08-01 10:46:59.905189+05:30,10,1
246,763376,451,528,1754025420006,2025-08-01 10:47:00.006032+05:30,10,1
247,763478,452,532,1754025420106,2025-08-01 10:47:00.106921+05:30,10,1
248,763578,453,540,1754025420207,2025-08-01 10:47:00.207915+05:30,10,1
249,763679,450,530,1754025420309,2025-08-01 10:47:00.309082+05:30,10,1
250,763780,452,527,1754025420409,2025-08-01 10:47:00.409628+05:30,10,1
251,763881,451,533,1754025420510,2025-08-01 10:47:00.510463+05:30,10,1
252,763981,450,529,1754025420611,2025-08-01 10:47:00.611191+05:30,10,1
253,764083,449,524,1754025420711,2025-08-01 10:47:00.711945+05:30,10,1
254,764183,449,537,1754025420812,2025-08-01 10:47:00.812866+05:30,10,1
255,764283,451,532,1754025420913,2025-08-01 10:47:00.913563+05:30,10,1
256,764385,450,524,1754025421014,2025-08-01 10:47:01.014391+05:30,10,1
257,764485,449,523,1754025421115,2025-08-01 10:47:01.115520+05:30,10,1
258,764587,450,522,1754025421216,2025-08-01 10:47:01.216277+05:30,10,1
259,764687,450,521,1754025421317,2025-08-01 10:47:01.317056+05:30,10,1
260,764788,450,525,1754025421417,2025-08-01 10:47:01.417934+05:30,10,1
261,764889,450,534,1754025421518,2025-08-01 10:47:01.518779+05:30,10,1
262,764990,451,540,1754025421619,2025-08-01 10:47:01.619619+05:30,10,1
263,765090,451,525,1754025421720,2025-08-01 10:47:01.720490+05:30,10,1
264,765192,448,526,1754025421821,2025-08-01 10:47:01.821300+05:30,10,1
265,765292,450,525,1754025421922,2025-08-01 10:47:01.922137+05:30,10,1
266,765393,452,522,1754025422023,2025-08-01 10:47:02.023174+05:30,10,1
267,765494,449,526,1754025422123,2025-08-01 10:47:02.123810+05:30,10,1
268,765595,449,530,1754025422224,2025-08-01 10:47:02.224364+05:30,10,1
269,765696,450,546,1754025422325,2025-08-01 10:47:02.325313+05:30,10,1
270,765797,451,537,1754025422426,2025-08-01 10:47:02.426085+05:30,10,1
271,765897,451,526,1754025422527,2025-08-01 10:47:02.527055+05:30,10,1
272,765999,449,527,1754025422628,2025-08-01 10:47:02.628250+05:30,10,1
273,766099,450,529,1754025422728,2025-08-01 10:47:02.728890+05:30,10,1
274,766200,449,528,1754025422829,2025-08-01 10:47:02.829673+05:30,10,1
275,766301,450,529,1754025422930,2025-08-01 10:47:02.930774+05:30,10,1
276,766401,450,528,1754025423031,2025-08-01 10:47:03.031387+05:30,10,1
277,766502,450,541,1754025423131,2025-08-01 10:47:03.131960+05:30,10,1
278,766603,451,530,1754025423233,2025-08-01 10:47:03.233225+05:30,10,1
279,766704,450,522,1754025423333,2025-08-01 10:47:03.333887+05:30,10,1
280,766804,450,525,1754025423435,2025-08-01 10:47:03.434968+05:30,10,1
281,766906,451,520,1754025423535,2025-08-01 10:47:03.535495+05:30,10,1
282,767006,451,520,1754025423636,2025-08-01 10:47:03.636342+05:30,10,1
283,767108,452,520,1754025423737,2025-08-01 10:47:03.737291+05:30,10,1
284,767208,453,529,1754025423837,2025-08-01 10:47:03.837963+05:30,10,1
285,767309,453,526,1754025423938,2025-08-01 10:47:03.938634+05:30,10,1
286,767410,453,521,1754025424039,2025-08-01 10:47:04.039510+05:30,10,1
287,767511,451,522,1754025424140,2025-08-01 10:47:04.140486+05:30,10,1
288,767611,452,520,1754025424241,2025-08-01 10:47:04.241277+05:30,10,1
289,767713,452,520,1754025424342,2025-08-01 10:47:04.342050+05:30,10,1
290,767813,450,524,1754025424443,2025-08-01 10:47:04.443256+05:30,10,1
291,767915,453,529,1754025424544,2025-08-01 10:47:04.544095+05:30,10,1
292,768015,453,528,1754025424644,2025-08-01 10:47:04.644746+05:30,10,1
293,768116,454,531,1754025424745,2025-08-01 10:47:04.745450+05:30,10,1
294,768217,453,524,1754025424846,2025-08-01 10:47:04.846351+05:30,10,1
295,768317,453,522,1754025424947,2025-08-01 10:47:04.947169+05:30,10,1
296,768418,452,524,1754025425047,2025-08-01 10:47:05.047850+05:30,10,1
297,768519,452,524,1754025425148,2025-08-01 10:47:05.148632+05:30,10,1
298,768620,452,523,1754025425249,2025-08-01 10:47:05.249583+05:30,10,1
299,768720,453,522,1754025425350,2025-08-01 10:47:05.350703+05:30,10,1
300,768822,453,522,1754025425451,2025-08-01 10:47:05.451369+05:30,10,1
301,768922,454,533,1754025425552,2025-08-01 10:47:05.552119+05:30,10,1
302,769024,455,532,1754025425653,2025-08-01 10:47:05.653091+05:30,10,1
303,769124,453,522,1754025425753,2025-08-01 10:47:05.753886+05:30,10,1
304,769225,452,525,1754025425854,2025-08-01 10:47:05.854621+05:30,10,1
305,769326,452,523,1754025425955,2025-08-01 10:47:05.955539+05:30,10,1
306,769427,452,521,1754025426056,2025-08-01 10:47:06.056365+05:30,10,1
307,769527,453,519,1754025426157,2025-08-01 10:47:06.157098+05:30,10,1
308,769629,453,520,1754025426258,2025-08-01 10:47:06.258017+05:30,10,1
309,769729,451,521,1754025426358,2025-08-01 10:47:06.358768+05:30,10,1
310,769830,453,537,1754025426459,2025-08-01 10:47:06.459536+05:30,10,1
311,769931,453,535,1754025426560,2025-08-01 10:47:06.560384+05:30,10,1
312,770032,452,525,1754025426661,2025-08-01 10:47:06.661221+05:30,10,1
313,770132,451,524,1754025426762,2025-08-01 10:47:06.762080+05:30,10,1
314,770233,451,524,1754025426862,2025-08-01 10:47:06.862776+05:30,10,1
315,770334,451,521,1754025426963,2025-08-01 10:47:06.963767+05:30,10,1
316,770435,451,521,1754025427064,2025-08-01 10:47:07.064762+05:30,10,1
317,770536,452,521,1754025427165,2025-08-01 10:47:07.165588+05:30,10,1
318,770636,453,534,1754025427266,2025-08-01 10:47:07.266375+05:30,10,1
319,770738,453,529,1754025427367,2025-08-01 10:47:07.367306+05:30,10,1
320,770838,453,521,1754025427468,2025-08-01 10:47:07.468068+05:30,10,1
321,770939,452,523,1754025427568,2025-08-01 10:47:07.568882+05:30,10,1
322,771040,453,520,1754025427669,2025-08-01 10:47:07.669586+05:30,10,1
323,771141,454,522,1754025427770,2025-08-01 10:47:07.770353+05:30,10,1
324,771241,452,520,1754025427871,2025-08-01 10:47:07.871282+05:30,10,1
325,771343,454,521,1754025427972,2025-08-01 10:47:07.972113+05:30,10,1
326,771443,454,537,1754025428072,2025-08-01 10:47:08.072895+05:30,10,1
327,771545,454,524,1754025428173,2025-08-01 10:47:08.173725+05:30,10,1
328,771645,453,521,1754025428274,2025-08-01 10:47:08.274592+05:30,10,1
329,771746,452,523,1754025428375,2025-08-01 10:47:08.375366+05:30,10,1
330,771847,452,522,1754025428476,2025-08-01 10:47:08.476467+05:30,10,1
331,771948,452,522,1754025428577,2025-08-01 10:47:08.577093+05:30,10,1
332,772048,452,522,1754025428677,2025-08-01 10:47:08.677960+05:30,10,1
333,772149,452,520,1754025428778,2025-08-01 10:47:08.778698+05:30,10,1
334,772250,452,539,1754025428879,2025-08-01 10:47:08.879560+05:30,10,1
335,772350,452,530,1754025428980,2025-08-01 10:47:08.980600+05:30,10,1
336,772452,450,521,1754025429081,2025-08-01 10:47:09.081473+05:30,10,1
337,772552,450,526,1754025429182,2025-08-01 10:47:09.182403+05:30,10,1
338,772654,450,523,1754025429283,2025-08-01 10:47:09.283114+05:30,10,1
339,772754,450,523,1754025429383,2025-08-01 10:47:09.383926+05:30,10,1
340,772855,450,523,1754025429484,2025-08-01 10:47:09.484647+05:30,10,1
341,772956,450,522,1754025429585,2025-08-01 10:47:09.585443+05:30,10,1
342,773057,451,536,1754025429686,2025-08-01 10:47:09.686276+05:30,10,1
343,773157,452,527,1754025429787,2025-08-01 10:47:09.787041+05:30,10,1
344,773259,451,522,1754025429887,2025-08-01 10:47:09.887946+05:30,10,1
345,773359,452,522,1754025429988,2025-08-01 10:47:09.988697+05:30,10,1
346,773460,450,521,1754025430089,2025-08-01 10:47:10.089567+05:30,10,1
347,773561,449,520,1754025430190,2025-08-01 10:47:10.190471+05:30,10,1
348,773662,450,524,1754025430291,2025-08-01 10:47:10.291382+05:30,10,1
349,773763,450,533,1754025430392,2025-08-01 10:47:10.392162+05:30,10,1
350,773864,451,531,1754025430492,2025-08-01 10:47:10.492922+05:30,10,1
351,773964,450,523,1754025430593,2025-08-01 10:47:10.593872+05:30,10,1
352,774065,450,524,1754025430694,2025-08-01 10:47:10.694765+05:30,10,1
353,774166,450,524,1754025430795,2025-08-01 10:47:10.795748+05:30,10,1
354,774266,445,542,1754025430896,2025-08-01 10:47:10.896502+05:30,10,1
355,774368,445,548,1754025430997,2025-08-01 10:47:10.997322+05:30,10,1
356,774468,442,545,1754025431098,2025-08-01 10:47:11.098349+05:30,10,1
357,774569,442,562,1754025431198,2025-08-01 10:47:11.198861+05:30,10,1
358,774670,443,545,1754025431300,2025-08-01 10:47:11.300007+05:30,10,1
359,774771,438,543,1754025431400,2025-08-01 10:47:11.400558+05:30,10,1
360,774872,441,542,1754025431501,2025-08-01 10:47:11.501314+05:30,10,1
361,774973,438,539,1754025431602,2025-08-01 10:47:11.602170+05:30,10,1
362,775073,438,539,1754025431702,2025-08-01 10:47:11.702918+05:30,10,1
363,775175,438,536,1754025431803,2025-08-01 10:47:11.803800+05:30,10,1
364,775275,438,541,1754025431905,2025-08-01 10:47:11.905032+05:30,10,1
365,775376,438,557,1754025432005,2025-08-01 10:47:12.005840+05:30,10,1
366,775477,437,539,1754025432106,2025-08-01 10:47:12.106509+05:30,10,1
367,775578,437,539,1754025432207,2025-08-01 10:47:12.207453+05:30,10,1
368,775678,437,541,1754025432308,2025-08-01 10:47:12.308291+05:30,10,1
369,775780,435,541,1754025432409,2025-08-01 10:47:12.409106+05:30,10,1
370,775880,434,541,1754025432510,2025-08-01 10:47:12.509992+05:30,10,1
371,775981,434,540,1754025432610,2025-08-01 10:47:12.610886+05:30,10,1
372,776082,434,549,1754025432711,2025-08-01 10:47:12.711364+05:30,10,1
373,776182,436,549,1754025432812,2025-08-01 10:47:12.812481+05:30,10,1
374,776284,434,536,1754025432913,2025-08-01 10:47:12.913103+05:30,10,1
375,776384,433,536,1754025433013,2025-08-01 10:47:13.013781+05:30,10,1
376,776485,432,538,1754025433114,2025-08-01 10:47:13.114647+05:30,10,1
377,776586,433,536,1754025433215,2025-08-01 10:47:13.215533+05:30,10,1
378,776687,433,534,1754025433316,2025-08-01 10:47:13.316316+05:30,10,1
379,776787,434,536,1754025433417,2025-08-01 10:47:13.417351+05:30,10,1
380,776889,434,552,1754025433517,2025-08-01 10:47:13.517928+05:30,10,1
381,776989,435,539,1754025433618,2025-08-01 10:47:13.618833+05:30,10,1
382,777091,434,532,1754025433719,2025-08-01 10:47:13.719641+05:30,10,1
383,777191,433,536,1754025433820,2025-08-01 10:47:13.820492+05:30,10,1
384,777292,432,532,1754025433921,2025-08-01 10:47:13.921435+05:30,10,1
385,777393,432,535,1754025434022,2025-08-01 10:47:14.022295+05:30,10,1
386,777494,433,533,1754025434123,2025-08-01 10:47:14.123194+05:30,10,1
387,777594,434,531,1754025434223,2025-08-01 10:47:14.223937+05:30,10,1
388,777696,436,543,1754025434324,2025-08-01 10:47:14.324688+05:30,10,1
389,777796,438,536,1754025434425,2025-08-01 10:47:14.425524+05:30,10,1
390,777896,436,525,1754025434526,2025-08-01 10:47:14.526425+05:30,10,1
391,777998,437,528,1754025434627,2025-08-01 10:47:14.627231+05:30,10,1
392,778098,437,527,1754025434728,2025-08-01 10:47:14.728169+05:30,10,1
393,778200,437,525,1754025434828,2025-08-01 10:47:14.828929+05:30,10,1
394,778300,437,527,1754025434929,2025-08-01 10:47:14.929729+05:30,10,1
395,778401,436,529,1754025435030,2025-08-01 10:47:15.030547+05:30,10,1
396,778502,436,534,1754025435131,2025-08-01 10:47:15.131753+05:30,10,1
397,778603,437,544,1754025435232,2025-08-01 10:47:15.232447+05:30,10,1
398,778703,436,528,1754025435333,2025-08-01 10:47:15.333319+05:30,10,1
399,778805,435,532,1754025435434,2025-08-01 10:47:15.434098+05:30,10,1
400,778905,435,532,1754025435534,2025-08-01 10:47:15.534934+05:30,10,1
401,779006,433,533,1754025435635,2025-08-01 10:47:15.635899+05:30,10,1
402,779107,433,531,1754025435736,2025-08-01 10:47:15.736513+05:30,10,1
403,779208,433,530,1754025435837,2025-08-01 10:47:15.837416+05:30,10,1
404,779309,435,541,1754025435938,2025-08-01 10:47:15.938208+05:30,10,1
405,779410,435,533,1754025436038,2025-08-01 10:47:16.038890+05:30,10,1
406,779510,435,527,1754025436139,2025-08-01 10:47:16.139764+05:30,10,1
407,779612,434,531,1754025436240,2025-08-01 10:47:16.240600+05:30,10,1
408,779712,434,530,1754025436341,2025-08-01 10:47:16.341334+05:30,10,1
409,779812,434,530,1754025436442,2025-08-01 10:47:16.442221+05:30,10,1
410,779914,434,529,1754025436543,2025-08-01 10:47:16.543007+05:30,10,1
411,780014,434,532,1754025436643,2025-08-01 10:47:16.643860+05:30,10,1
412,780115,434,548,1754025436744,2025-08-01 10:47:16.744884+05:30,10,1
413,780216,434,538,1754025436845,2025-08-01 10:47:16.845595+05:30,10,1
414,780317,433,528,1754025436946,2025-08-01 10:47:16.946395+05:30,10,1
415,780418,433,528,1754025437047,2025-08-01 10:47:17.047443+05:30,10,1
416,780519,433,531,1754025437148,2025-08-01 10:47:17.148165+05:30,10,1
417,780619,432,531,1754025437249,2025-08-01 10:47:17.249157+05:30,10,1
418,780721,432,529,1754025437349,2025-08-01 10:47:17.349815+05:30,10,1
419,780821,432,531,1754025437450,2025-08-01 10:47:17.450797+05:30,10,1
420,780922,433,546,1754025437551,2025-08-01 10:47:17.551608+05:30,10,1
421,781023,433,535,1754025437652,2025-08-01 10:47:17.652402+05:30,10,1
422,781124,432,531,1754025437753,2025-08-01 10:47:17.753120+05:30,10,1
423,781224,432,534,1754025437854,2025-08-01 10:47:17.854084+05:30,10,1
424,781326,433,534,1754025437954,2025-08-01 10:47:17.954786+05:30,10,1
425,781426,432,532,1754025438055,2025-08-01 10:47:18.055778+05:30,10,1
426,781528,431,534,1754025438156,2025-08-01 10:47:18.156407+05:30,10,1
427,781628,432,534,1754025438257,2025-08-01 10:47:18.257304+05:30,10,1
428,781728,431,545,1754025438358,2025-08-01 10:47:18.358179+05:30,10,1
429,781830,431,538,1754025438459,2025-08-01 10:47:18.459117+05:30,10,1
430,781930,432,528,1754025438559,2025-08-01 10:47:18.559894+05:30,10,1
431,782031,433,531,1754025438660,2025-08-01 10:47:18.660588+05:30,10,1
432,782132,433,531,1754025438761,2025-08-01 10:47:18.761446+05:30,10,1
433,782233,433,530,1754025438862,2025-08-01 10:47:18.862264+05:30,10,1
434,782333,433,530,1754025438963,2025-08-01 10:47:18.963245+05:30,10,1
435,782435,434,530,1754025439063,2025-08-01 10:47:19.063963+05:30,10,1
436,782535,435,539,1754025439164,2025-08-01 10:47:19.164901+05:30,10,1
437,782637,436,530,1754025439266,2025-08-01 10:47:19.266082+05:30,10,1
438,782737,436,528,1754025439366,2025-08-01 10:47:19.366635+05:30,10,1
439,782838,436,526,1754025439467,2025-08-01 10:47:19.467800+05:30,10,1
440,782939,436,526,1754025439568,2025-08-01 10:47:19.568192+05:30,10,1
441,783040,436,527,1754025439668,2025-08-01 10:47:19.668954+05:30,10,1
442,783140,436,526,1754025439769,2025-08-01 10:47:19.769755+05:30,10,1
443,783242,437,528,1754025439870,2025-08-01 10:47:19.870658+05:30,10,1
444,783342,438,537,1754025439971,2025-08-01 10:47:19.971441+05:30,10,1
445,783443,438,538,1754025440072,2025-08-01 10:47:20.072278+05:30,10,1
446,783544,437,526,1754025440173,2025-08-01 10:47:20.173054+05:30,10,1
447,783644,439,524,1754025440274,2025-08-01 10:47:20.274074+05:30,10,1
448,783746,440,523,1754025440374,2025-08-01 10:47:20.374795+05:30,10,1
449,783846,440,518,1754025440475,2025-08-01 10:47:20.475642+05:30,10,1
450,783947,452,497,1754025440576,2025-08-01 10:47:20.576580+05:30,10,1
451,784048,456,495,1754025440677,2025-08-01 10:47:20.677327+05:30,10,1
452,784149,460,496,1754025440778,2025-08-01 10:47:20.778167+05:30,10,1
453,784249,462,509,1754025440879,2025-08-01 10:47:20.878988+05:30,10,1
454,784351,462,501,1754025440979,2025-08-01 10:47:20.979830+05:30,10,1
455,784451,463,494,1754025441080,2025-08-01 10:47:21.080655+05:30,10,1
456,784552,462,495,1754025441181,2025-08-01 10:47:21.181655+05:30,10,1
457,784653,463,492,1754025441282,2025-08-01 10:47:21.282317+05:30,10,1
458,784754,463,489,1754025441383,2025-08-01 10:47:21.383183+05:30,10,1
459,784855,463,488,1754025441484,2025-08-01 10:47:21.484223+05:30,10,1
460,784956,462,489,1754025441584,2025-08-01 10:47:21.584922+05:30,10,1
461,785056,460,517,1754025441686,2025-08-01 10:47:21.685980+05:30,10,1
462,785158,459,513,1754025441786,2025-08-01 10:47:21.786662+05:30,10,1
463,785258,456,510,1754025441887,2025-08-01 10:47:21.887562+05:30,10,1
464,785358,456,508,1754025441988,2025-08-01 10:47:21.988332+05:30,10,1
465,785460,455,510,1754025442089,2025-08-01 10:47:22.089244+05:30,10,1
466,785560,457,509,1754025442190,2025-08-01 10:47:22.190104+05:30,10,1
467,785661,454,512,1754025442290,2025-08-01 10:47:22.290901+05:30,10,1
468,785762,455,516,1754025442391,2025-08-01 10:47:22.391456+05:30,10,1
469,785863,456,528,1754025442492,2025-08-01 10:47:22.492384+05:30,10,1
470,785964,454,515,1754025442593,2025-08-01 10:47:22.593319+05:30,10,1
471,786065,455,512,1754025442694,2025-08-01 10:47:22.694203+05:30,10,1
472,786165,454,516,1754025442794,2025-08-01 10:47:22.794865+05:30,10,1
473,786267,455,517,1754025442895,2025-08-01 10:47:22.895805+05:30,10,1
474,786367,454,516,1754025442997,2025-08-01 10:47:22.997007+05:30,10,1
475,786468,454,519,1754025443097,2025-08-01 10:47:23.097438+05:30,10,1
476,786569,453,518,1754025443198,2025-08-01 10:47:23.198277+05:30,10,1
477,786670,454,533,1754025443299,2025-08-01 10:47:23.299077+05:30,10,1
478,786770,454,525,1754025443399,2025-08-01 10:47:23.399805+05:30,10,1
479,786872,453,521,1754025443500,2025-08-01 10:47:23.500687+05:30,10,1
480,786972,453,523,1754025443601,2025-08-01 10:47:23.601673+05:30,10,1
481,787074,452,524,1754025443702,2025-08-01 10:47:23.702577+05:30,10,1
482,787174,452,522,1754025443803,2025-08-01 10:47:23.803192+05:30,10,1
483,787274,451,522,1754025443904,2025-08-01 10:47:23.904035+05:30,10,1
484,787376,450,526,1754025444005,2025-08-01 10:47:24.005011+05:30,10,1
485,787476,451,537,1754025444105,2025-08-01 10:47:24.105806+05:30,10,1
486,787577,451,531,1754025444206,2025-08-01 10:47:24.206558+05:30,10,1
487,787678,448,523,1754025444307,2025-08-01 10:47:24.307510+05:30,10,1
488,787779,450,523,1754025444408,2025-08-01 10:47:24.408208+05:30,10,1
489,787879,451,526,1754025444509,2025-08-01 10:47:24.509129+05:30,10,1
490,787981,449,525,1754025444609,2025-08-01 10:47:24.609970+05:30,10,1
491,788081,451,515,1754025444710,2025-08-01 10:47:24.710653+05:30,10,1
492,788183,453,517,1754025444811,2025-08-01 10:47:24.811629+05:30,10,1
493,788283,458,515,1754025444912,2025-08-01 10:47:24.912389+05:30,10,1
494,788384,462,485,1754025445013,2025-08-01 10:47:25.013406+05:30,10,1
495,788485,463,489,1754025445114,2025-08-01 10:47:25.114135+05:30,10,1
496,788586,464,490,1754025445215,2025-08-01 10:47:25.215000+05:30,10,1
497,788686,467,488,1754025445315,2025-08-01 10:47:25.315705+05:30,10,1
498,788788,466,489,1754025445416,2025-08-01 10:47:25.416488+05:30,10,1
499,788888,467,487,1754025445517,2025-08-01 10:47:25.517350+05:30,10,1
500,788989,466,495,1754025445618,2025-08-01 10:47:25.618268+05:30,10,1
501,789090,467,503,1754025445719,2025-08-01 10:47:25.719063+05:30,10,1
502,789190,468,491,1754025445819,2025-08-01 10:47:25.819913+05:30,10,1
503,789292,467,490,1754025445920,2025-08-01 10:47:25.920966+05:30,10,1
504,789392,465,496,1754025446021,2025-08-01 10:47:26.021758+05:30,10,1
505,789493,467,495,1754025446122,2025-08-01 10:47:26.122773+05:30,10,1
506,789594,467,495,1754025446223,2025-08-01 10:47:26.223454+05:30,10,1
507,789695,465,493,1754025446324,2025-08-01 10:47:26.324144+05:30,10,1
508,789795,466,496,1754025446424,2025-08-01 10:47:26.424870+05:30,10,1
509,789897,462,537,1754025446525,2025-08-01 10:47:26.525814+05:30,10,1
510,789997,455,544,1754025446626,2025-08-01 10:47:26.626591+05:30,10,1
511,790098,450,573,1754025446727,2025-08-01 10:47:26.727474+05:30,10,1
512,790199,447,554,1754025446828,2025-08-01 10:47:26.828355+05:30,10,1
513,790300,444,553,1754025446929,2025-08-01 10:47:26.929202+05:30,10,1
514,790401,443,553,1754025447029,2025-08-01 10:47:27.029887+05:30,10,1
515,790502,442,547,1754025447130,2025-08-01 10:47:27.130799+05:30,10,1
516,790602,444,542,1754025447231,2025-08-01 10:47:27.231599+05:30,10,1
517,790704,444,544,1754025447332,2025-08-01 10:47:27.332395+05:30,10,1
518,790804,444,534,1754025447433,2025-08-01 10:47:27.433312+05:30,10,1
519,790905,444,533,1754025447534,2025-08-01 10:47:27.534371+05:30,10,1
520,791006,444,532,1754025447635,2025-08-01 10:47:27.635059+05:30,10,1
521,791106,447,521,1754025447735,2025-08-01 10:47:27.735930+05:30,10,1
522,791207,448,517,1754025447837,2025-08-01 10:47:27.836974+05:30,10,1
523,791308,450,513,1754025447937,2025-08-01 10:47:27.937530+05:30,10,1
524,791409,450,532,1754025448038,2025-08-01 10:47:28.038204+05:30,10,1
525,791510,456,508,1754025448139,2025-08-01 10:47:28.139232+05:30,10,1
526,791611,454,517,1754025448239,2025-08-01 10:47:28.239892+05:30,10,1
527,791711,450,530,1754025448340,2025-08-01 10:47:28.340773+05:30,10,1
528,791813,448,536,1754025448441,2025-08-01 10:47:28.441759+05:30,10,1
529,791913,448,531,1754025448542,2025-08-01 10:47:28.542553+05:30,10,1
530,792014,447,532,1754025448643,2025-08-01 10:47:28.643285+05:30,10,1
531,792115,445,543,1754025448744,2025-08-01 10:47:28.744134+05:30,10,1
532,792216,445,553,1754025448844,2025-08-01 10:47:28.844919+05:30,10,1
533,792316,442,559,1754025448946,2025-08-01 10:47:28.946087+05:30,10,1
534,792418,442,548,1754025449046,2025-08-01 10:47:29.046786+05:30,10,1
535,792518,441,542,1754025449147,2025-08-01 10:47:29.147521+05:30,10,1
536,792620,440,542,1754025449248,2025-08-01 10:47:29.248405+05:30,10,1
537,792720,440,542,1754025449349,2025-08-01 10:47:29.349240+05:30,10,1
538,792821,439,541,1754025449450,2025-08-01 10:47:29.450051+05:30,10,1
539,792922,438,544,1754025449551,2025-08-01 10:47:29.550995+05:30,10,1
540,793022,438,549,1754025449651,2025-08-01 10:47:29.651831+05:30,10,1
541,793123,437,557,1754025449752,2025-08-01 10:47:29.752622+05:30,10,1
542,793224,438,553,1754025449853,2025-08-01 10:47:29.853486+05:30,10,1
543,793325,437,539,1754025449954,2025-08-01 10:47:29.954312+05:30,10,1
544,793425,436,541,1754025450055,2025-08-01 10:47:30.055046+05:30,10,1
545,793527,437,546,1754025450156,2025-08-01 10:47:30.156042+05:30,10,1
546,793627,436,542,1754025450256,2025-08-01 10:47:30.256929+05:30,10,1
547,793729,436,540,1754025450357,2025-08-01 10:47:30.357630+05:30,10,1
548,793829,435,538,1754025450458,2025-08-01 10:47:30.458448+05:30,10,1
549,793930,436,546,1754025450559,2025-08-01 10:47:30.559203+05:30,10,1
550,794031,440,541,1754025450660,2025-08-01 10:47:30.660228+05:30,10,1
551,794132,441,527,1754025450761,2025-08-01 10:47:30.761082+05:30,10,1
552,794232,442,525,1754025450861,2025-08-01 10:47:30.861850+05:30,10,1
553,794334,443,525,1754025450962,2025-08-01 10:47:30.962691+05:30,10,1
554,794434,446,517,1754025451063,2025-08-01 10:47:31.063408+05:30,10,1
555,794535,449,509,1754025451164,2025-08-01 10:47:31.164394+05:30,10,1
556,794636,451,506,1754025451265,2025-08-01 10:47:31.265189+05:30,10,1
557,794737,452,510,1754025451366,2025-08-01 10:47:31.366132+05:30,10,1
558,794838,454,527,1754025451466,2025-08-01 10:47:31.466879+05:30,10,1
559,794939,456,511,1754025451567,2025-08-01 10:47:31.567769+05:30,10,1
560,795039,455,508,1754025451668,2025-08-01 10:47:31.668937+05:30,10,1
561,795140,456,508,1754025451769,2025-08-01 10:47:31.769530+05:30,10,1
562,795241,457,507,1754025451870,2025-08-01 10:47:31.870565+05:30,10,1
563,795341,451,525,1754025451971,2025-08-01 10:47:31.971085+05:30,10,1
564,795443,450,526,1754025452072,2025-08-01 10:47:32.072076+05:30,10,1
565,795543,448,530,1754025452172,2025-08-01 10:47:32.172929+05:30,10,1
566,795644,447,532,1754025452273,2025-08-01 10:47:32.273958+05:30,10,1
567,795745,447,550,1754025452374,2025-08-01 10:47:32.374214+05:30,10,1
568,795846,445,542,1754025452475,2025-08-01 10:47:32.475380+05:30,10,1
569,795947,443,536,1754025452576,2025-08-01 10:47:32.576047+05:30,10,1
570,796048,444,535,1754025452676,2025-08-01 10:47:32.676916+05:30,10,1
571,796148,444,532,1754025452777,2025-08-01 10:47:32.777573+05:30,10,1
572,796250,443,532,1754025452878,2025-08-01 10:47:32.878569+05:30,10,1
573,796350,444,529,1754025452979,2025-08-01 10:47:32.979332+05:30,10,1
574,796451,445,524,1754025453080,2025-08-01 10:47:33.080297+05:30,10,1
575,796552,447,535,1754025453181,2025-08-01 10:47:33.181304+05:30,10,1
576,796653,449,523,1754025453281,2025-08-01 10:47:33.281930+05:30,10,1
577,796753,449,519,1754025453382,2025-08-01 10:47:33.382661+05:30,10,1
578,796855,450,520,1754025453483,2025-08-01 10:47:33.483537+05:30,10,1
579,796955,454,503,1754025453584,2025-08-01 10:47:33.584339+05:30,10,1
580,797056,456,502,1754025453685,2025-08-01 10:47:33.685324+05:30,10,1
581,797157,455,511,1754025453785,2025-08-01 10:47:33.785927+05:30,10,1
582,797257,458,517,1754025453886,2025-08-01 10:47:33.886755+05:30,10,1
583,797359,461,513,1754025453987,2025-08-01 10:47:33.987664+05:30,10,1
584,797459,458,508,1754025454088,2025-08-01 10:47:34.088489+05:30,10,1
585,797560,459,506,1754025454189,2025-08-01 10:47:34.189548+05:30,10,1
586,797661,460,506,1754025454290,2025-08-01 10:47:34.290486+05:30,10,1
587,797762,459,507,1754025454391,2025-08-01 10:47:34.391126+05:30,10,1
588,797862,459,507,1754025454492,2025-08-01 10:47:34.492317+05:30,10,1
589,797964,460,509,1754025454592,2025-08-01 10:47:34.592876+05:30,10,1
590,798064,460,523,1754025454693,2025-08-01 10:47:34.693853+05:30,10,1
591,798166,460,512,1754025454794,2025-08-01 10:47:34.794373+05:30,10,1
592,798266,461,508,1754025454895,2025-08-01 10:47:34.895518+05:30,10,1
593,798367,460,509,1754025454996,2025-08-01 10:47:34.996221+05:30,10,1
594,798468,459,513,1754025455097,2025-08-01 10:47:35.097145+05:30,10,1
595,798569,460,512,1754025455198,2025-08-01 10:47:35.198010+05:30,10,1
596,798669,459,514,1754025455298,2025-08-01 10:47:35.298773+05:30,10,1
597,798771,460,519,1754025455399,2025-08-01 10:47:35.399485+05:30,10,1
598,798871,461,522,1754025455500,2025-08-01 10:47:35.500363+05:30,10,1
599,798971,460,512,1754025455601,2025-08-01 10:47:35.601185+05:30,10,1
600,799073,459,513,1754025455701,2025-08-01 10:47:35.701961+05:30,10,1
601,799173,460,512,1754025455802,2025-08-01 10:47:35.802860+05:30,10,1
602,799275,460,511,1754025455903,2025-08-01 10:47:35.903573+05:30,10,1
603,799375,459,515,1754025456004,2025-08-01 10:47:36.004575+05:30,10,1
604,799476,460,518,1754025456105,2025-08-01 10:47:36.105395+05:30,10,1
605,799577,460,524,1754025456206,2025-08-01 10:47:36.206214+05:30,10,1
606,799678,460,515,1754025456306,2025-08-01 10:47:36.306912+05:30,10,1
607,799778,458,521,1754025456407,2025-08-01 10:47:36.407944+05:30,10,1
608,799880,456,524,1754025456508,2025-08-01 10:47:36.508688+05:30,10,1
609,799980,452,537,1754025456609,2025-08-01 10:47:36.609456+05:30,10,1
610,800081,450,543,1754025456710,2025-08-01 10:47:36.710408+05:30,10,1
611,800182,450,533,1754025456811,2025-08-01 10:47:36.811256+05:30,10,1
612,800283,451,537,1754025456911,2025-08-01 10:47:36.911862+05:30,10,1
613,800384,451,531,1754025457012,2025-08-01 10:47:37.012959+05:30,10,1
614,800485,449,535,1754025457113,2025-08-01 10:47:37.113652+05:30,10,1
615,800585,447,533,1754025457214,2025-08-01 10:47:37.214491+05:30,10,1
616,800687,444,544,1754025457315,2025-08-01 10:47:37.315403+05:30,10,1
617,800787,444,545,1754025457416,2025-08-01 10:47:37.416161+05:30,10,1
618,800887,443,541,1754025457517,2025-08-01 10:47:37.517104+05:30,10,1
619,800989,444,542,1754025457617,2025-08-01 10:47:37.617891+05:30,10,1
620,801089,444,554,1754025457718,2025-08-01 10:47:37.718783+05:30,10,1
621,801190,444,541,1754025457819,2025-08-01 10:47:37.819387+05:30,10,1
622,801291,444,537,1754025457920,2025-08-01 10:47:37.920127+05:30,10,1
623,801392,444,536,1754025458021,2025-08-01 10:47:38.021006+05:30,10,1
624,801492,444,534,1754025458121,2025-08-01 10:47:38.121885+05:30,10,1
625,801594,444,531,1754025458222,2025-08-01 10:47:38.222720+05:30,10,1
626,801694,447,531,1754025458323,2025-08-01 10:47:38.323504+05:30,10,1
627,801796,446,533,1754025458424,2025-08-01 10:47:38.424364+05:30,10,1
628,801896,448,531,1754025458525,2025-08-01 10:47:38.525136+05:30,10,1
629,801997,448,523,1754025458625,2025-08-01 10:47:38.625972+05:30,10,1
630,802098,447,524,1754025458727,2025-08-01 10:47:38.726986+05:30,10,1
631,802199,448,524,1754025458827,2025-08-01 10:47:38.827618+05:30,10,1
632,802299,448,523,1754025458928,2025-08-01 10:47:38.928578+05:30,10,1
633,802401,449,523,1754025459029,2025-08-01 10:47:39.029340+05:30,10,1
634,802501,447,530,1754025459130,2025-08-01 10:47:39.130285+05:30,10,1
635,802603,450,536,1754025459231,2025-08-01 10:47:39.230999+05:30,10,1
636,802703,450,524,1754025459331,2025-08-01 10:47:39.331943+05:30,10,1
637,802803,449,522,1754025459432,2025-08-01 10:47:39.432733+05:30,10,1
638,802905,449,524,1754025459533,2025-08-01 10:47:39.533448+05:30,10,1
639,803005,448,521,1754025459634,2025-08-01 10:47:39.634358+05:30,10,1
640,803106,448,523,1754025459735,2025-08-01 10:47:39.735296+05:30,10,1
641,803207,449,522,1754025459836,2025-08-01 10:47:39.836101+05:30,10,1
642,803308,452,522,1754025459936,2025-08-01 10:47:39.936933+05:30,10,1
643,803408,454,520,1754025460037,2025-08-01 10:47:40.037627+05:30,10,1
644,803510,457,510,1754025460138,2025-08-01 10:47:40.138590+05:30,10,1
645,803610,458,505,1754025460239,2025-08-01 10:47:40.239443+05:30,10,1
646,803712,457,507,1754025460340,2025-08-01 10:47:40.340181+05:30,10,1
647,803812,459,507,1754025460441,2025-08-01 10:47:40.441076+05:30,10,1
648,803913,459,502,1754025460541,2025-08-01 10:47:40.541976+05:30,10,1
649,804014,461,503,1754025460642,2025-08-01 10:47:40.642835+05:30,10,1
650,804115,462,504,1754025460743,2025-08-01 10:47:40.743539+05:30,10,1
651,804215,463,516,1754025460844,2025-08-01 10:47:40.844384+05:30,10,1
652,804317,463,506,1754025460945,2025-08-01 10:47:40.945215+05:30,10,1
653,804417,462,508,1754025461046,2025-08-01 10:47:41.046370+05:30,10,1
654,804517,463,505,1754025461147,2025-08-01 10:47:41.146998+05:30,10,1
655,804619,463,506,1754025461247,2025-08-01 10:47:41.247805+05:30,10,1
656,804719,462,508,1754025461348,2025-08-01 10:47:41.348574+05:30,10,1
657,804820,455,538,1754025461449,2025-08-01 10:47:41.449377+05:30,10,1
658,804921,452,561,1754025461550,2025-08-01 10:47:41.550337+05:30,10,1
659,805022,450,549,1754025461651,2025-08-01 10:47:41.651106+05:30,10,1
660,805123,446,551,1754025461751,2025-08-01 10:47:41.751845+05:30,10,1
661,805224,444,552,1754025461852,2025-08-01 10:47:41.852847+05:30,10,1
662,805324,443,551,1754025461953,2025-08-01 10:47:41.953661+05:30,10,1
663,805426,441,549,1754025462054,2025-08-01 10:47:42.054809+05:30,10,1
664,805526,441,548,1754025462155,2025-08-01 10:47:42.155643+05:30,10,1
665,805627,440,547,1754025462256,2025-08-01 10:47:42.256288+05:30,10,1
666,805728,441,550,1754025462357,2025-08-01 10:47:42.357153+05:30,10,1
667,805829,442,540,1754025462457,2025-08-01 10:47:42.457736+05:30,10,1
668,805929,441,539,1754025462558,2025-08-01 10:47:42.558585+05:30,10,1
669,806031,440,538,1754025462659,2025-08-01 10:47:42.659499+05:30,10,1
670,806131,441,535,1754025462760,2025-08-01 10:47:42.760454+05:30,10,1
671,806233,440,534,1754025462861,2025-08-01 10:47:42.861200+05:30,10,1
672,806333,440,533,1754025462961,2025-08-01 10:47:42.961967+05:30,10,1
673,806433,441,544,1754025463062,2025-08-01 10:47:43.062787+05:30,10,1
674,806535,442,542,1754025463163,2025-08-01 10:47:43.163733+05:30,10,1
675,806635,442,535,1754025463264,2025-08-01 10:47:43.264448+05:30,10,1
676,806736,442,535,1754025463365,2025-08-01 10:47:43.365434+05:30,10,1
677,806837,442,535,1754025463466,2025-08-01 10:47:43.466188+05:30,10,1
678,806938,441,535,1754025463566,2025-08-01 10:47:43.566966+05:30,10,1
679,807038,442,534,1754025463667,2025-08-01 10:47:43.667834+05:30,10,1
680,807140,442,535,1754025463768,2025-08-01 10:47:43.768612+05:30,10,1
681,807240,443,543,1754025463869,2025-08-01 10:47:43.869433+05:30,10,1
682,807342,443,541,1754025463970,2025-08-01 10:47:43.970426+05:30,10,1
683,807442,444,532,1754025464071,2025-08-01 10:47:44.071255+05:30,10,1
684,807543,442,531,1754025464172,2025-08-01 10:47:44.172034+05:30,10,1
685,807644,443,535,1754025464272,2025-08-01 10:47:44.272783+05:30,10,1
686,807745,442,535,1754025464373,2025-08-01 10:47:44.373603+05:30,10,1
687,807845,443,534,1754025464474,2025-08-01 10:47:44.474604+05:30,10,1
688,807947,443,535,1754025464575,2025-08-01 10:47:44.575595+05:30,10,1
689,808047,445,537,1754025464676,2025-08-01 10:47:44.676434+05:30,10,1
690,808148,446,527,1754025464777,2025-08-01 10:47:44.777329+05:30,10,1
691,808249,446,521,1754025464878,2025-08-01 10:47:44.878089+05:30,10,1
692,808349,449,520,1754025464979,2025-08-01 10:47:44.979040+05:30,10,1
693,808451,450,518,1754025465079,2025-08-01 10:47:45.079847+05:30,10,1
694,808551,450,518,1754025465180,2025-08-01 10:47:45.180419+05:30,10,1
695,808652,450,519,1754025465281,2025-08-01 10:47:45.281169+05:30,10,1
696,808753,452,533,1754025465382,2025-08-01 10:47:45.382092+05:30,10,1
697,808854,454,521,1754025465482,2025-08-01 10:47:45.482904+05:30,10,1
698,808954,455,513,1754025465583,2025-08-01 10:47:45.583735+05:30,10,1
699,809056,458,506,1754025465684,2025-08-01 10:47:45.684635+05:30,10,1
700,809156,459,506,1754025465785,2025-08-01 10:47:45.785450+05:30,10,1
701,809257,460,507,1754025465886,2025-08-01 10:47:45.886216+05:30,10,1
702,809358,459,505,1754025465987,2025-08-01 10:47:45.987007+05:30,10,1
703,809459,460,507,1754025466087,2025-08-01 10:47:46.087942+05:30,10,1
704,809560,460,530,1754025466188,2025-08-01 10:47:46.188650+05:30,10,1
705,809661,459,521,1754025466289,2025-08-01 10:47:46.289527+05:30,10,1
706,809761,457,520,1754025466390,2025-08-01 10:47:46.390362+05:30,10,1
707,809863,455,523,1754025466491,2025-08-01 10:47:46.491273+05:30,10,1
708,809963,455,520,1754025466592,2025-08-01 10:47:46.592026+05:30,10,1
709,810064,454,520,1754025466692,2025-08-01 10:47:46.692900+05:30,10,1
710,810165,454,520,1754025466793,2025-08-01 10:47:46.793789+05:30,10,1
711,810265,457,514,1754025466894,2025-08-01 10:47:46.894600+05:30,10,1
712,810366,458,519,1754025466995,2025-08-01 10:47:46.995397+05:30,10,1
713,810467,461,525,1754025467096,2025-08-01 10:47:47.096217+05:30,10,1
714,810568,461,507,1754025467197,2025-08-01 10:47:47.197078+05:30,10,1
715,810669,461,511,1754025467297,2025-08-01 10:47:47.297946+05:30,10,1
716,810770,461,512,1754025467398,2025-08-01 10:47:47.398671+05:30,10,1
717,810870,459,514,1754025467499,2025-08-01 10:47:47.499679+05:30,10,1
718,810972,459,517,1754025467600,2025-08-01 10:47:47.600484+05:30,10,1
719,811072,456,529,1754025467701,2025-08-01 10:47:47.701215+05:30,10,1
720,811173,455,540,1754025467802,2025-08-01 10:47:47.802089+05:30,10,1
721,811274,456,522,1754025467903,2025-08-01 10:47:47.903243+05:30,10,1
722,811375,458,509,1754025468003,2025-08-01 10:47:48.003813+05:30,10,1
723,811475,459,513,1754025468104,2025-08-01 10:47:48.104588+05:30,10,1
724,811577,459,512,1754025468205,2025-08-01 10:47:48.205354+05:30,10,1
725,811677,461,511,1754025468306,2025-08-01 10:47:48.306324+05:30,10,1
726,811779,459,518,1754025468407,2025-08-01 10:47:48.407033+05:30,10,1
727,811879,461,524,1754025468508,2025-08-01 10:47:48.508118+05:30,10,1
728,811980,460,522,1754025468608,2025-08-01 10:47:48.608926+05:30,10,1
729,812081,459,517,1754025468709,2025-08-01 10:47:48.709543+05:30,10,1
730,812181,457,522,1754025468810,2025-08-01 10:47:48.810324+05:30,10,1
731,812282,457,520,1754025468911,2025-08-01 10:47:48.911204+05:30,10,1
732,812383,456,520,1754025469012,2025-08-01 10:47:49.012073+05:30,10,1
733,812484,453,531,1754025469112,2025-08-01 10:47:49.112879+05:30,10,1
734,812584,451,536,1754025469213,2025-08-01 10:47:49.213759+05:30,10,1
735,812686,451,552,1754025469314,2025-08-01 10:47:49.314585+05:30,10,1
736,812786,449,546,1754025469415,2025-08-01 10:47:49.415345+05:30,10,1
737,812888,448,536,1754025469516,2025-08-01 10:47:49.516438+05:30,10,1
738,812988,447,538,1754025469617,2025-08-01 10:47:49.617452+05:30,10,1
739,813089,447,538,1754025469718,2025-08-01 10:47:49.718160+05:30,10,1
740,813190,448,535,1754025469819,2025-08-01 10:47:49.819000+05:30,10,1
741,813291,447,532,1754025469919,2025-08-01 10:47:49.919621+05:30,10,1
742,813391,447,557,1754025470020,2025-08-01 10:47:50.020503+05:30,10,1
743,813493,446,543,1754025470121,2025-08-01 10:47:50.121326+05:30,10,1
744,813593,447,530,1754025470222,2025-08-01 10:47:50.222139+05:30,10,1
745,813694,447,532,1754025470322,2025-08-01 10:47:50.322914+05:30,10,1
746,813795,446,535,1754025470423,2025-08-01 10:47:50.423889+05:30,10,1
747,813896,443,541,1754025470524,2025-08-01 10:47:50.524907+05:30,10,1
748,813997,444,537,1754025470625,2025-08-01 10:47:50.625448+05:30,10,1
749,814097,443,555,1754025470726,2025-08-01 10:47:50.726425+05:30,10,1
750,814198,443,542,1754025470827,2025-08-01 10:47:50.827337+05:30,10,1
751,814299,442,534,1754025470928,2025-08-01 10:47:50.928005+05:30,10,1
752,814400,441,538,1754025471028,2025-08-01 10:47:51.028827+05:30,10,1
753,814500,441,535,1754025471129,2025-08-01 10:47:51.129756+05:30,10,1
754,814602,439,539,1754025471230,2025-08-01 10:47:51.230537+05:30,10,1
755,814702,440,538,1754025471331,2025-08-01 10:47:51.331314+05:30,10,1
756,814803,439,554,1754025471432,2025-08-01 10:47:51.432238+05:30,10,1
757,814904,440,542,1754025471533,2025-08-01 10:47:51.533040+05:30,10,1
758,815005,439,534,1754025471633,2025-08-01 10:47:51.633744+05:30,10,1
759,815106,437,539,1754025471734,2025-08-01 10:47:51.734734+05:30,10,1
760,815207,438,539,1754025471835,2025-08-01 10:47:51.835463+05:30,10,1
761,815307,437,538,1754025471936,2025-08-01 10:47:51.936291+05:30,10,1
762,815409,436,538,1754025472037,2025-08-01 10:47:52.037134+05:30,10,1
763,815509,436,544,1754025472137,2025-08-01 10:47:52.137962+05:30,10,1
764,815610,437,548,1754025472238,2025-08-01 10:47:52.238871+05:30,10,1
765,815711,438,534,1754025472339,2025-08-01 10:47:52.339615+05:30,10,1
766,815812,437,534,1754025472440,2025-08-01 10:47:52.440511+05:30,10,1
767,815912,436,537,1754025472541,2025-08-01 10:47:52.541303+05:30,10,1
768,816013,437,536,1754025472642,2025-08-01 10:47:52.642096+05:30,10,1
769,816114,437,532,1754025472742,2025-08-01 10:47:52.742968+05:30,10,1
770,816215,438,543,1754025472843,2025-08-01 10:47:52.843774+05:30,10,1
771,816316,439,539,1754025472944,2025-08-01 10:47:52.944666+05:30,10,1
772,816416,439,528,1754025473045,2025-08-01 10:47:53.045502+05:30,10,1
773,816518,439,527,1754025473146,2025-08-01 10:47:53.146273+05:30,10,1
774,816618,440,530,1754025473247,2025-08-01 10:47:53.247134+05:30,10,1
775,816719,440,532,1754025473348,2025-08-01 10:47:53.348004+05:30,10,1
776,816820,438,530,1754025473448,2025-08-01 10:47:53.448829+05:30,10,1
777,816921,440,535,1754025473549,2025-08-01 10:47:53.549631+05:30,10,1
778,817021,442,541,1754025473650,2025-08-01 10:47:53.650639+05:30,10,1
779,817123,444,526,1754025473751,2025-08-01 10:47:53.751402+05:30,10,1
780,817223,443,527,1754025473852,2025-08-01 10:47:53.852182+05:30,10,1
781,817325,442,528,1754025473953,2025-08-01 10:47:53.953015+05:30,10,1
782,817425,441,527,1754025474053,2025-08-01 10:47:54.053883+05:30,10,1
783,817526,441,526,1754025474154,2025-08-01 10:47:54.154850+05:30,10,1
784,817627,442,527,1754025474255,2025-08-01 10:47:54.255535+05:30,10,1
785,817728,441,542,1754025474356,2025-08-01 10:47:54.356352+05:30,10,1
786,817828,440,536,1754025474457,2025-08-01 10:47:54.457298+05:30,10,1
787,817929,439,534,1754025474557,2025-08-01 10:47:54.557944+05:30,10,1
788,818030,438,531,1754025474658,2025-08-01 10:47:54.658819+05:30,10,1
789,818130,437,533,1754025474759,2025-08-01 10:47:54.759643+05:30,10,1
790,818232,436,534,1754025474860,2025-08-01 10:47:54.860510+05:30,10,1
791,818332,437,533,1754025474961,2025-08-01 10:47:54.961424+05:30,10,1
792,818434,435,544,1754025475062,2025-08-01 10:47:55.062208+05:30,10,1
793,818534,436,536,1754025475163,2025-08-01 10:47:55.163150+05:30,10,1
794,818635,435,527,1754025475264,2025-08-01 10:47:55.264043+05:30,10,1
795,818736,436,529,1754025475364,2025-08-01 10:47:55.364686+05:30,10,1
796,818837,437,531,1754025475465,2025-08-01 10:47:55.465467+05:30,10,1
797,818937,436,532,1754025475566,2025-08-01 10:47:55.566328+05:30,10,1
798,819039,436,531,1754025475667,2025-08-01 10:47:55.667398+05:30,10,1
799,819139,437,542,1754025475768,2025-08-01 10:47:55.768051+05:30,10,1
800,819240,437,534,1754025475868,2025-08-01 10:47:55.868920+05:30,10,1
801,819341,437,528,1754025475969,2025-08-01 10:47:55.969775+05:30,10,1
802,819442,436,529,1754025476070,2025-08-01 10:47:56.070711+05:30,10,1
803,819543,436,528,1754025476171,2025-08-01 10:47:56.171466+05:30,10,1
804,819644,437,525,1754025476272,2025-08-01 10:47:56.272267+05:30,10,1
805,819744,437,526,1754025476373,2025-08-01 10:47:56.373111+05:30,10,1
806,819846,437,539,1754025476473,2025-08-01 10:47:56.473878+05:30,10,1
807,819946,439,535,1754025476574,2025-08-01 10:47:56.574685+05:30,10,1
808,820046,438,530,1754025476675,2025-08-01 10:47:56.675611+05:30,10,1
809,820148,438,529,1754025476776,2025-08-01 10:47:56.776507+05:30,10,1
810,820248,439,527,1754025476877,2025-08-01 10:47:56.877252+05:30,10,1
811,820349,437,528,1754025476978,2025-08-01 10:47:56.978161+05:30,10,1
812,820450,437,529,1754025477078,2025-08-01 10:47:57.078959+05:30,10,1
813,820551,439,537,1754025477179,2025-08-01 10:47:57.179782+05:30,10,1
814,820652,439,534,1754025477280,2025-08-01 10:47:57.280592+05:30,10,1
815,820753,438,529,1754025477381,2025-08-01 10:47:57.381496+05:30,10,1
816,820853,437,530,1754025477482,2025-08-01 10:47:57.482368+05:30,10,1
817,820955,437,526,1754025477583,2025-08-01 10:47:57.583099+05:30,10,1
818,821055,436,523,1754025477683,2025-08-01 10:47:57.683916+05:30,10,1
819,821156,438,530,1754025477784,2025-08-01 10:47:57.784753+05:30,10,1
820,821257,438,540,1754025477885,2025-08-01 10:47:57.885556+05:30,10,1
821,821358,439,530,1754025477986,2025-08-01 10:47:57.986524+05:30,10,1
822,821458,437,528,1754025478087,2025-08-01 10:47:58.087333+05:30,10,1
823,821560,437,529,1754025478188,2025-08-01 10:47:58.188186+05:30,10,1
824,821660,437,527,1754025478289,2025-08-01 10:47:58.289010+05:30,10,1
825,821761,435,529,1754025478389,2025-08-01 10:47:58.389896+05:30,10,1
826,821862,437,534,1754025478490,2025-08-01 10:47:58.490629+05:30,10,1
827,821962,439,539,1754025478591,2025-08-01 10:47:58.591622+05:30,10,1
828,822064,437,528,1754025478692,2025-08-01 10:47:58.692376+05:30,10,1
829,822164,438,528,1754025478793,2025-08-01 10:47:58.793462+05:30,10,1
830,822265,436,528,1754025478893,2025-08-01 10:47:58.893912+05:30,10,1
831,822366,437,527,1754025478994,2025-08-01 10:47:58.994831+05:30,10,1
832,822467,438,526,1754025479095,2025-08-01 10:47:59.095662+05:30,10,1
833,822567,437,531,1754025479196,2025-08-01 10:47:59.196465+05:30,10,1
834,822669,438,539,1754025479297,2025-08-01 10:47:59.297320+05:30,10,1
835,822769,438,529,1754025479398,2025-08-01 10:47:59.398341+05:30,10,1
836,822871,438,527,1754025479499,2025-08-01 10:47:59.498985+05:30,10,1
837,822971,437,528,1754025479599,2025-08-01 10:47:59.599790+05:30,10,1
838,823072,438,529,1754025479700,2025-08-01 10:47:59.700578+05:30,10,1
839,823173,438,525,1754025479801,2025-08-01 10:47:59.801636+05:30,10,1
840,823274,439,536,1754025479902,2025-08-01 10:47:59.902403+05:30,10,1
841,823374,439,533,1754025480003,2025-08-01 10:48:00.003503+05:30,10,1
842,823476,439,527,1754025480104,2025-08-01 10:48:00.104168+05:30,10,1
843,823576,439,527,1754025480205,2025-08-01 10:48:00.205094+05:30,10,1
844,823676,439,527,1754025480305,2025-08-01 10:48:00.305819+05:30,10,1
845,823778,440,524,1754025480406,2025-08-01 10:48:00.406491+05:30,10,1
846,823878,440,525,1754025480507,2025-08-01 10:48:00.507411+05:30,10,1
847,823980,441,536,1754025480608,2025-08-01 10:48:00.608398+05:30,10,1
848,824080,440,529,1754025480709,2025-08-01 10:48:00.709323+05:30,10,1
849,824181,440,524,1754025480810,2025-08-01 10:48:00.809987+05:30,10,1
850,824282,440,524,1754025480910,2025-08-01 10:48:00.910891+05:30,10,1
851,824383,438,522,1754025481011,2025-08-01 10:48:01.011404+05:30,10,1
852,824483,439,525,1754025481112,2025-08-01 10:48:01.112250+05:30,10,1
853,824585,439,525,1754025481213,2025-08-01 10:48:01.213170+05:30,10,1
854,824685,442,539,1754025481314,2025-08-01 10:48:01.314012+05:30,10,1
855,824786,442,524,1754025481415,2025-08-01 10:48:01.415115+05:30,10,1
856,824887,440,523,1754025481516,2025-08-01 10:48:01.516070+05:30,10,1
857,824988,439,523,1754025481617,2025-08-01 10:48:01.616969+05:30,10,1
858,825089,439,522,1754025481717,2025-08-01 10:48:01.717649+05:30,10,1
859,825190,440,523,1754025481818,2025-08-01 10:48:01.818268+05:30,10,1
860,825290,440,524,1754025481918,2025-08-01 10:48:01.918936+05:30,10,1
861,825391,440,531,1754025482019,2025-08-01 10:48:02.019916+05:30,10,1
862,825492,442,534,1754025482120,2025-08-01 10:48:02.120572+05:30,10,1
863,825592,441,525,1754025482221,2025-08-01 10:48:02.221591+05:30,10,1
864,825694,441,524,1754025482322,2025-08-01 10:48:02.322349+05:30,10,1
865,825794,439,526,1754025482423,2025-08-01 10:48:02.423093+05:30,10,1
866,825895,440,524,1754025482523,2025-08-01 10:48:02.523883+05:30,10,1
867,825996,441,523,1754025482624,2025-08-01 10:48:02.624785+05:30,10,1
868,826097,440,526,1754025482725,2025-08-01 10:48:02.725670+05:30,10,1
869,826198,442,538,1754025482826,2025-08-01 10:48:02.826532+05:30,10,1
870,826299,442,526,1754025482927,2025-08-01 10:48:02.927403+05:30,10,1
871,826399,441,524,1754025483028,2025-08-01 10:48:03.028144+05:30,10,1
872,826501,441,526,1754025483129,2025-08-01 10:48:03.129007+05:30,10,1
873,826601,441,523,1754025483229,2025-08-01 10:48:03.229878+05:30,10,1
874,826702,441,527,1754025483330,2025-08-01 10:48:03.330640+05:30,10,1
875,826803,441,531,1754025483431,2025-08-01 10:48:03.431554+05:30,10,1
876,826904,442,538,1754025483532,2025-08-01 10:48:03.532468+05:30,10,1
877,827004,441,526,1754025483633,2025-08-01 10:48:03.633102+05:30,10,1
878,827106,440,525,1754025483733,2025-08-01 10:48:03.733869+05:30,10,1
879,827206,440,524,1754025483834,2025-08-01 10:48:03.834915+05:30,10,1
880,827307,440,520,1754025483935,2025-08-01 10:48:03.935646+05:30,10,1
881,827408,439,524,1754025484036,2025-08-01 10:48:04.036494+05:30,10,1
882,827508,440,536,1754025484137,2025-08-01 10:48:04.137369+05:30,10,1
883,827610,441,531,1754025484238,2025-08-01 10:48:04.238278+05:30,10,1
884,827710,440,523,1754025484339,2025-08-01 10:48:04.339021+05:30,10,1
885,827811,440,524,1754025484439,2025-08-01 10:48:04.439841+05:30,10,1
886,827912,441,523,1754025484540,2025-08-01 10:48:04.540741+05:30,10,1
887,828013,439,522,1754025484641,2025-08-01 10:48:04.641561+05:30,10,1
888,828113,438,523,1754025484742,2025-08-01 10:48:04.742277+05:30,10,1
889,828215,441,541,1754025484843,2025-08-01 10:48:04.843390+05:30,10,1
890,828315,441,527,1754025484944,2025-08-01 10:48:04.944303+05:30,10,1
891,828417,440,522,1754025485045,2025-08-01 10:48:05.044985+05:30,10,1
892,828517,439,524,1754025485145,2025-08-01 10:48:05.145913+05:30,10,1
893,828618,440,520,1754025485246,2025-08-01 10:48:05.246668+05:30,10,1
894,828719,439,523,1754025485347,2025-08-01 10:48:05.347447+05:30,10,1
895,828820,440,533,1754025485448,2025-08-01 10:48:05.448134+05:30,10,1
896,828920,442,533,1754025485549,2025-08-01 10:48:05.549025+05:30,10,1
897,829022,441,522,1754025485649,2025-08-01 10:48:05.649892+05:30,10,1
898,829122,441,518,1754025485750,2025-08-01 10:48:05.750710+05:30,10,1
899,829222,441,528,1754025485851,2025-08-01 10:48:05.851536+05:30,10,1
900,829324,440,524,1754025485952,2025-08-01 10:48:05.952416+05:30,10,1
901,829424,441,524,1754025486053,2025-08-01 10:48:06.053239+05:30,10,1
902,829526,441,539,1754025486154,2025-08-01 10:48:06.154023+05:30,10,1
903,829626,441,531,1754025486254,2025-08-01 10:48:06.254906+05:30,10,1
904,829727,441,524,1754025486355,2025-08-01 10:48:06.355684+05:30,10,1
905,829828,440,525,1754025486456,2025-08-01 10:48:06.456783+05:30,10,1
906,829929,440,523,1754025486557,2025-08-01 10:48:06.557622+05:30,10,1
907,830029,439,526,1754025486658,2025-08-01 10:48:06.658284+05:30,10,1
908,830131,439,523,1754025486759,2025-08-01 10:48:06.759276+05:30,10,1
909,830231,441,539,1754025486860,2025-08-01 10:48:06.860100+05:30,10,1
910,830332,441,532,1754025486961,2025-08-01 10:48:06.961051+05:30,10,1
911,830433,440,523,1754025487061,2025-08-01 10:48:07.061932+05:30,10,1
912,830534,439,526,1754025487162,2025-08-01 10:48:07.162409+05:30,10,1
913,830635,439,524,1754025487263,2025-08-01 10:48:07.263241+05:30,10,1
914,830736,439,525,1754025487364,2025-08-01 10:48:07.364046+05:30,10,1
915,830836,438,526,1754025487464,2025-08-01 10:48:07.464943+05:30,10,1
916,830938,439,542,1754025487565,2025-08-01 10:48:07.565815+05:30,10,1
917,831038,439,533,1754025487666,2025-08-01 10:48:07.666864+05:30,10,1
918,831138,439,528,1754025487767,2025-08-01 10:48:07.767563+05:30,10,1
919,831240,439,532,1754025487868,2025-08-01 10:48:07.868606+05:30,10,1
920,831340,438,531,1754025487969,2025-08-01 10:48:07.969239+05:30,10,1
921,831441,439,532,1754025488070,2025-08-01 10:48:08.070235+05:30,10,1
922,831542,439,537,1754025488170,2025-08-01 10:48:08.170875+05:30,10,1
923,831643,440,547,1754025488272,2025-08-01 10:48:08.272094+05:30,10,1
924,831744,441,535,1754025488372,2025-08-01 10:48:08.372622+05:30,10,1
925,831845,439,533,1754025488473,2025-08-01 10:48:08.473511+05:30,10,1
926,831945,429,548,1754025488574,2025-08-01 10:48:08.574394+05:30,10,1
927,832047,424,546,1754025488674,2025-08-01 10:48:08.674921+05:30,10,1
928,832147,422,541,1754025488775,2025-08-01 10:48:08.775843+05:30,10,1
929,832248,421,548,1754025488877,2025-08-01 10:48:08.877219+05:30,10,1
930,832349,422,555,1754025488977,2025-08-01 10:48:08.977685+05:30,10,1
931,832450,421,540,1754025489078,2025-08-01 10:48:09.078267+05:30,10,1
932,832550,420,541,1754025489179,2025-08-01 10:48:09.179062+05:30,10,1
933,832652,420,539,1754025489280,2025-08-01 10:48:09.280045+05:30,10,1
934,832752,419,539,1754025489380,2025-08-01 10:48:09.380744+05:30,10,1
935,832854,419,539,1754025489481,2025-08-01 10:48:09.481643+05:30,10,1
936,832954,419,541,1754025489582,2025-08-01 10:48:09.582460+05:30,10,1
937,833054,420,556,1754025489683,2025-08-01 10:48:09.683409+05:30,10,1
938,833156,419,545,1754025489784,2025-08-01 10:48:09.784095+05:30,10,1
939,833256,418,540,1754025489885,2025-08-01 10:48:09.885009+05:30,10,1
940,833357,417,544,1754025489985,2025-08-01 10:48:09.985775+05:30,10,1
941,833458,417,542,1754025490086,2025-08-01 10:48:10.086939+05:30,10,1
942,833559,417,540,1754025490187,2025-08-01 10:48:10.187555+05:30,10,1
943,833659,416,542,1754025490288,2025-08-01 10:48:10.288291+05:30,10,1
944,833761,418,555,1754025490389,2025-08-01 10:48:10.389200+05:30,10,1
945,833861,417,547,1754025490490,2025-08-01 10:48:10.490294+05:30,10,1
946,833963,417,545,1754025490591,2025-08-01 10:48:10.590990+05:30,10,1
947,834063,416,547,1754025490691,2025-08-01 10:48:10.691941+05:30,10,1
948,834164,416,542,1754025490792,2025-08-01 10:48:10.792593+05:30,10,1
949,834265,416,544,1754025490893,2025-08-01 10:48:10.893353+05:30,10,1
950,834366,415,544,1754025490994,2025-08-01 10:48:10.994313+05:30,10,1
951,834466,416,561,1754025491095,2025-08-01 10:48:11.095364+05:30,10,1
952,834568,416,547,1754025491195,2025-08-01 10:48:11.195967+05:30,10,1
953,834668,417,541,1754025491296,2025-08-01 10:48:11.296849+05:30,10,1
954,834768,417,542,1754025491397,2025-08-01 10:48:11.397578+05:30,10,1
955,834870,418,541,1754025491498,2025-08-01 10:48:11.498468+05:30,10,1
956,834970,419,541,1754025491599,2025-08-01 10:48:11.599080+05:30,10,1
957,835072,419,543,1754025491699,2025-08-01 10:48:11.699959+05:30,10,1
958,835172,420,559,1754025491800,2025-08-01 10:48:11.800710+05:30,10,1
959,835273,421,542,1754025491901,2025-08-01 10:48:11.901850+05:30,10,1
960,835374,420,539,1754025492002,2025-08-01 10:48:12.002512+05:30,10,1
961,835475,420,541,1754025492103,2025-08-01 10:48:12.103359+05:30,10,1
962,835575,420,537,1754025492204,2025-08-01 10:48:12.204604+05:30,10,1
963,835677,421,538,1754025492304,2025-08-01 10:48:12.304972+05:30,10,1
964,835777,422,538,1754025492405,2025-08-01 10:48:12.405817+05:30,10,1
965,835878,422,553,1754025492507,2025-08-01 10:48:12.507064+05:30,10,1
966,835979,425,544,1754025492607,2025-08-01 10:48:12.607672+05:30,10,1
967,836080,422,536,1754025492708,2025-08-01 10:48:12.708385+05:30,10,1
968,836180,421,541,1754025492809,2025-08-01 10:48:12.809129+05:30,10,1
969,836282,423,541,1754025492909,2025-08-01 10:48:12.909907+05:30,10,1
970,836382,422,539,1754025493010,2025-08-01 10:48:13.010866+05:30,10,1
971,836484,422,540,1754025493111,2025-08-01 10:48:13.111631+05:30,10,1
972,836584,423,551,1754025493212,2025-08-01 10:48:13.212652+05:30,10,1
973,836684,424,548,1754025493313,2025-08-01 10:48:13.313541+05:30,10,1
974,836786,423,538,1754025493414,2025-08-01 10:48:13.414541+05:30,10,1
975,836886,422,539,1754025493515,2025-08-01 10:48:13.515261+05:30,10,1
976,836987,423,540,1754025493615,2025-08-01 10:48:13.615873+05:30,10,1
977,837088,421,538,1754025493717,2025-08-01 10:48:13.717225+05:30,10,1
978,837189,422,538,1754025493817,2025-08-01 10:48:13.817691+05:30,10,1
979,837289,422,551,1754025493918,2025-08-01 10:48:13.918659+05:30,10,1
980,837391,423,547,1754025494019,2025-08-01 10:48:14.019362+05:30,10,1
981,837491,423,538,1754025494120,2025-08-01 10:48:14.120201+05:30,10,1
982,837593,423,539,1754025494221,2025-08-01 10:48:14.221043+05:30,10,1
983,837693,422,540,1754025494321,2025-08-01 10:48:14.321831+05:30,10,1
984,837794,421,537,1754025494422,2025-08-01 10:48:14.422587+05:30,10,1
985,837895,420,538,1754025494523,2025-08-01 10:48:14.523425+05:30,10,1
986,837996,423,543,1754025494624,2025-08-01 10:48:14.624600+05:30,10,1
987,838096,423,552,1754025494725,2025-08-01 10:48:14.725028+05:30,10,1
988,838198,423,537,1754025494825,2025-08-01 10:48:14.825954+05:30,10,1
989,838298,422,534,1754025494927,2025-08-01 10:48:14.926985+05:30,10,1
990,838400,422,538,1754025495027,2025-08-01 10:48:15.027682+05:30,10,1
991,838500,422,531,1754025495128,2025-08-01 10:48:15.128603+05:30,10,1
992,838600,422,532,1754025495229,2025-08-01 10:48:15.229544+05:30,10,1
993,838702,420,535,1754025495330,2025-08-01 10:48:15.330206+05:30,10,1
994,838802,423,552,1754025495431,2025-08-01 10:48:15.431142+05:30,10,1
995,838903,422,539,1754025495531,2025-08-01 10:48:15.531882+05:30,10,1
996,839004,422,533,1754025495632,2025-08-01 10:48:15.632615+05:30,10,1
997,839105,423,539,1754025495733,2025-08-01 10:48:15.733420+05:30,10,1
998,839205,422,535,1754025495834,2025-08-01 10:48:15.834252+05:30,10,1
999,839307,422,539,1754025495935,2025-08-01 10:48:15.935063+05:30,10,1
1000,839407,422,541,1754025496036,2025-08-01 10:48:16.036010+05:30,10,1
1001,839508,424,548,1754025496136,2025-08-01 10:48:16.136870+05:30,10,1
1002,839609,424,535,1754025496237,2025-08-01 10:48:16.237618+05:30,10,1
1003,839710,423,535,1754025496338,2025-08-01 10:48:16.338414+05:30,10,1
1004,839811,424,537,1754025496439,2025-08-01 10:48:16.439190+05:30,10,1
1005,839912,422,534,1754025496539,2025-08-01 10:48:16.539968+05:30,10,1
1006,840012,422,533,1754025496640,2025-08-01 10:48:16.640857+05:30,10,1
1007,840114,424,550,1754025496741,2025-08-01 10:48:16.741922+05:30,10,1
1008,840214,424,544,1754025496842,2025-08-01 10:48:16.842700+05:30,10,1
1009,840315,422,536,1754025496943,2025-08-01 10:48:16.943685+05:30,10,1
1010,840416,422,535,1754025497044,2025-08-01 10:48:17.044498+05:30,10,1
1011,840516,422,537,1754025497145,2025-08-01 10:48:17.145329+05:30,10,1
1012,840617,421,537,1754025497246,2025-08-01 10:48:17.246122+05:30,10,1
1013,840718,421,538,1754025497346,2025-08-01 10:48:17.346935+05:30,10,1
1014,840819,422,555,1754025497448,2025-08-01 10:48:17.448120+05:30,10,1
1015,840920,422,542,1754025497548,2025-08-01 10:48:17.548540+05:30,10,1
1016,841021,422,537,1754025497649,2025-08-01 10:48:17.649529+05:30,10,1
1017,841121,422,540,1754025497750,2025-08-01 10:48:17.750113+05:30,10,1
1018,841223,421,539,1754025497850,2025-08-01 10:48:17.850975+05:30,10,1
1019,841323,422,537,1754025497952,2025-08-01 10:48:17.951979+05:30,10,1
1020,841424,422,549,1754025498052,2025-08-01 10:48:18.052645+05:30,10,1
1021,841525,423,547,1754025498153,2025-08-01 10:48:18.153465+05:30,10,1
1022,841626,423,537,1754025498254,2025-08-01 10:48:18.254264+05:30,10,1
1023,841726,422,537,1754025498355,2025-08-01 10:48:18.355144+05:30,10,1
1024,841828,422,537,1754025498456,2025-08-01 10:48:18.456226+05:30,10,1
1025,841928,422,536,1754025498556,2025-08-01 10:48:18.556792+05:30,10,1
1026,842030,421,535,1754025498657,2025-08-01 10:48:18.657688+05:30,10,1
1027,842130,422,553,1754025498758,2025-08-01 10:48:18.758485+05:30,10,1
1028,842231,423,543,1754025498859,2025-08-01 10:48:18.859308+05:30,10,1
1029,842332,423,536,1754025498960,2025-08-01 10:48:18.960177+05:30,10,1
1030,842432,423,538,1754025499060,2025-08-01 10:48:19.060926+05:30,10,1
1031,842533,423,540,1754025499161,2025-08-01 10:48:19.161835+05:30,10,1
1032,842634,423,540,1754025499262,2025-08-01 10:48:19.262518+05:30,10,1
1033,842735,423,546,1754025499363,2025-08-01 10:48:19.363661+05:30,10,1
1034,842835,425,549,1754025499464,2025-08-01 10:48:19.464485+05:30,10,1
1035,842937,424,540,1754025499565,2025-08-01 10:48:19.565293+05:30,10,1
1036,843037,424,541,1754025499666,2025-08-01 10:48:19.666183+05:30,10,1
1037,843139,424,538,1754025499767,2025-08-01 10:48:19.766998+05:30,10,1
1038,843239,424,539,1754025499867,2025-08-01 10:48:19.867911+05:30,10,1
1039,843340,426,537,1754025499968,2025-08-01 10:48:19.968578+05:30,10,1
1040,843441,427,553,1754025500069,2025-08-01 10:48:20.069413+05:30,10,1
1041,843542,429,538,1754025500170,2025-08-01 10:48:20.170235+05:30,10,1
1042,843642,428,536,1754025500271,2025-08-01 10:48:20.271113+05:30,10,1
1043,843744,429,538,1754025500372,2025-08-01 10:48:20.372136+05:30,10,1
1044,843844,428,535,1754025500473,2025-08-01 10:48:20.473253+05:30,10,1
1045,843945,428,537,1754025500573,2025-08-01 10:48:20.573640+05:30,10,1
1046,844046,428,538,1754025500674,2025-08-01 10:48:20.674795+05:30,10,1
1047,844147,429,549,1754025500775,2025-08-01 10:48:20.775301+05:30,10,1
1048,844248,431,539,1754025500876,2025-08-01 10:48:20.876150+05:30,10,1
1049,844348,429,532,1754025500977,2025-08-01 10:48:20.977029+05:30,10,1
1050,844449,430,537,1754025501077,2025-08-01 10:48:21.077803+05:30,10,1
1051,844550,430,537,1754025501178,2025-08-01 10:48:21.178647+05:30,10,1
1052,844651,430,536,1754025501279,2025-08-01 10:48:21.279561+05:30,10,1
1053,844751,431,541,1754025501380,2025-08-01 10:48:21.380410+05:30,10,1
1054,844853,431,552,1754025501481,2025-08-01 10:48:21.481168+05:30,10,1
1055,844953,432,548,1754025501581,2025-08-01 10:48:21.581982+05:30,10,1
1056,845054,431,540,1754025501682,2025-08-01 10:48:21.682786+05:30,10,1
1057,845155,429,543,1754025501783,2025-08-01 10:48:21.783544+05:30,10,1
1058,845256,428,543,1754025501884,2025-08-01 10:48:21.884621+05:30,10,1
1059,845357,428,545,1754025501985,2025-08-01 10:48:21.985228+05:30,10,1
1060,845458,427,543,1754025502086,2025-08-01 10:48:22.086190+05:30,10,1
1061,845558,428,555,1754025502187,2025-08-01 10:48:22.187077+05:30,10,1
1062,845660,428,547,1754025502287,2025-08-01 10:48:22.287788+05:30,10,1
1063,845760,428,541,1754025502388,2025-08-01 10:48:22.388549+05:30,10,1
1064,845861,428,544,1754025502489,2025-08-01 10:48:22.489551+05:30,10,1
1065,845962,428,541,1754025502590,2025-08-01 10:48:22.590201+05:30,10,1
1066,846062,428,544,1754025502691,2025-08-01 10:48:22.691122+05:30,10,1
1067,846163,429,541,1754025502791,2025-08-01 10:48:22.791973+05:30,10,1
1068,846264,439,543,1754025502892,2025-08-01 10:48:22.892864+05:30,10,1
1069,846365,447,532,1754025502993,2025-08-01 10:48:22.993856+05:30,10,1
1070,846466,453,522,1754025503094,2025-08-01 10:48:23.094401+05:30,10,1
1071,846567,458,521,1754025503195,2025-08-01 10:48:23.195408+05:30,10,1
1072,846667,463,517,1754025503296,2025-08-01 10:48:23.296091+05:30,10,1
1073,846769,467,512,1754025503397,2025-08-01 10:48:23.397029+05:30,10,1
1074,846869,468,516,1754025503497,2025-08-01 10:48:23.497696+05:30,10,1
1075,846970,464,528,1754025503598,2025-08-01 10:48:23.598542+05:30,10,1
1076,847071,467,534,1754025503699,2025-08-01 10:48:23.699476+05:30,10,1
1077,847172,469,519,1754025503800,2025-08-01 10:48:23.800184+05:30,10,1
1078,847272,468,522,1754025503901,2025-08-01 10:48:23.901347+05:30,10,1
1079,847374,468,525,1754025504001,2025-08-01 10:48:24.001950+05:30,10,1
1080,847474,467,521,1754025504102,2025-08-01 10:48:24.102810+05:30,10,1
1081,847576,469,518,1754025504204,2025-08-01 10:48:24.204022+05:30,10,1
1082,847676,470,520,1754025504304,2025-08-01 10:48:24.304495+05:30,10,1
1083,847777,470,533,1754025504405,2025-08-01 10:48:24.405345+05:30,10,1
1084,847878,469,548,1754025504506,2025-08-01 10:48:24.506338+05:30,10,1
1085,847978,469,531,1754025504607,2025-08-01 10:48:24.606992+05:30,10,1
1086,848079,469,536,1754025504707,2025-08-01 10:48:24.707862+05:30,10,1
1087,848180,470,533,1754025504808,2025-08-01 10:48:24.808635+05:30,10,1
1088,848281,471,533,1754025504909,2025-08-01 10:48:24.909448+05:30,10,1
1089,848381,471,535,1754025505010,2025-08-01 10:48:25.010459+05:30,10,1
1090,848483,469,544,1754025505111,2025-08-01 10:48:25.111343+05:30,10,1
1091,848583,473,542,1754025505212,2025-08-01 10:48:25.212039+05:30,10,1
1092,848685,472,539,1754025505312,2025-08-01 10:48:25.312770+05:30,10,1
1093,848785,471,542,1754025505413,2025-08-01 10:48:25.413604+05:30,10,1
1094,848886,473,540,1754025505514,2025-08-01 10:48:25.514676+05:30,10,1
1095,848987,472,541,1754025505615,2025-08-01 10:48:25.615401+05:30,10,1
1096,849088,472,542,1754025505716,2025-08-01 10:48:25.716114+05:30,10,1
1097,849188,473,545,1754025505816,2025-08-01 10:48:25.816836+05:30,10,1
1098,849290,474,556,1754025505917,2025-08-01 10:48:25.917736+05:30,10,1
1099,849390,475,547,1754025506018,2025-08-01 10:48:26.018456+05:30,10,1
1100,849491,474,542,1754025506119,2025-08-01 10:48:26.119484+05:30,10,1
1101,849592,473,553,1754025506220,2025-08-01 10:48:26.220171+05:30,10,1
1102,849693,473,553,1754025506321,2025-08-01 10:48:26.321101+05:30,10,1
1103,849794,472,555,1754025506421,2025-08-01 10:48:26.421897+05:30,10,1
1104,849894,473,566,1754025506522,2025-08-01 10:48:26.522813+05:30,10,1
1105,849995,474,553,1754025506623,2025-08-01 10:48:26.623648+05:30,10,1
1106,850096,474,562,1754025506724,2025-08-01 10:48:26.724619+05:30,10,1
1107,850197,473,551,1754025506825,2025-08-01 10:48:26.825271+05:30,10,1
1108,850297,471,611,1754025506926,2025-08-01 10:48:26.926030+05:30,10,1
1109,850399,467,616,1754025507026,2025-08-01 10:48:27.026967+05:30,10,1
1110,850499,459,667,1754025507128,2025-08-01 10:48:27.127995+05:30,10,1
1111,850600,451,621,1754025507228,2025-08-01 10:48:27.228568+05:30,10,1
1112,850701,446,606,1754025507329,2025-08-01 10:48:27.329490+05:30,10,1
1113,850802,444,604,1754025507430,2025-08-01 10:48:27.430332+05:30,10,1
1114,850903,459,546,1754025507531,2025-08-01 10:48:27.531094+05:30,10,1
1115,851004,463,527,1754025507632,2025-08-01 10:48:27.632031+05:30,10,1
1116,851104,466,551,1754025507732,2025-08-01 10:48:27.732921+05:30,10,1
1117,851206,455,608,1754025507833,2025-08-01 10:48:27.833537+05:30,10,1
1118,851306,447,616,1754025507934,2025-08-01 10:48:27.934454+05:30,10,1
1119,851407,440,592,1754025508035,2025-08-01 10:48:28.035220+05:30,10,1
1120,851508,436,597,1754025508136,2025-08-01 10:48:28.136295+05:30,10,1
1121,851609,435,607,1754025508236,2025-08-01 10:48:28.236981+05:30,10,1
1122,851709,433,591,1754025508337,2025-08-01 10:48:28.337784+05:30,10,1
1123,851810,432,584,1754025508438,2025-08-01 10:48:28.438593+05:30,10,1
1124,851911,431,584,1754025508539,2025-08-01 10:48:28.539385+05:30,10,1
1125,852012,432,581,1754025508640,2025-08-01 10:48:28.640350+05:30,10,1
1126,852113,433,579,1754025508741,2025-08-01 10:48:28.741275+05:30,10,1
1127,852213,431,576,1754025508842,2025-08-01 10:48:28.842066+05:30,10,1
1128,852315,431,578,1754025508942,2025-08-01 10:48:28.942861+05:30,10,1
1129,852415,433,590,1754025509043,2025-08-01 10:48:29.043650+05:30,10,1
1130,852516,431,581,1754025509145,2025-08-01 10:48:29.144970+05:30,10,1
1131,852617,431,573,1754025509245,2025-08-01 10:48:29.245445+05:30,10,1
1132,852718,431,574,1754025509346,2025-08-01 10:48:29.346367+05:30,10,1
1133,852818,431,570,1754025509447,2025-08-01 10:48:29.447247+05:30,10,1
1134,852920,432,570,1754025509548,2025-08-01 10:48:29.548117+05:30,10,1
1135,853020,434,570,1754025509649,2025-08-01 10:48:29.649007+05:30,10,1
1136,853122,438,563,1754025509749,2025-08-01 10:48:29.749698+05:30,10,1
1137,853222,443,560,1754025509850,2025-08-01 10:48:29.850744+05:30,10,1
1138,853323,452,569,1754025509951,2025-08-01 10:48:29.951157+05:30,10,1
1139,853424,458,544,1754025510052,2025-08-01 10:48:30.052011+05:30,10,1
1140,853525,460,547,1754025510152,2025-08-01 10:48:30.152970+05:30,10,1
1141,853625,462,553,1754025510254,2025-08-01 10:48:30.254135+05:30,10,1
1142,853726,462,554,1754025510354,2025-08-01 10:48:30.354565+05:30,10,1
1143,853827,463,557,1754025510455,2025-08-01 10:48:30.455658+05:30,10,1
1144,853927,467,549,1754025510556,2025-08-01 10:48:30.556604+05:30,10,1
1145,854029,466,549,1754025510657,2025-08-01 10:48:30.657235+05:30,10,1
1146,854129,468,571,1754025510757,2025-08-01 10:48:30.757956+05:30,10,1
1147,854231,469,555,1754025510858,2025-08-01 10:48:30.858523+05:30,10,1
1148,854331,469,553,1754025510959,2025-08-01 10:48:30.959577+05:30,10,1
1149,854432,468,565,1754025511060,2025-08-01 10:48:31.060506+05:30,10,1
1150,854533,469,562,1754025511161,2025-08-01 10:48:31.161360+05:30,10,1
1151,854634,469,565,1754025511261,2025-08-01 10:48:31.261930+05:30,10,1
1152,854734,470,569,1754025511362,2025-08-01 10:48:31.362774+05:30,10,1
1153,854836,470,573,1754025511463,2025-08-01 10:48:31.463761+05:30,10,1
1154,854936,471,583,1754025511564,2025-08-01 10:48:31.564782+05:30,10,1
1155,855037,471,569,1754025511665,2025-08-01 10:48:31.665881+05:30,10,1
1156,855138,472,569,1754025511766,2025-08-01 10:48:31.766150+05:30,10,1
1157,855239,472,571,1754025511867,2025-08-01 10:48:31.866994+05:30,10,1
1158,855340,473,567,1754025511967,2025-08-01 10:48:31.967849+05:30,10,1
1159,855441,474,573,1754025512068,2025-08-01 10:48:32.068615+05:30,10,1
1160,855541,474,572,1754025512169,2025-08-01 10:48:32.169652+05:30,10,1
1161,855642,472,575,1754025512270,2025-08-01 10:48:32.270379+05:30,10,1
1162,855743,473,589,1754025512371,2025-08-01 10:48:32.371141+05:30,10,1
1163,855843,473,571,1754025512472,2025-08-01 10:48:32.472362+05:30,10,1
1164,855945,473,569,1754025512573,2025-08-01 10:48:32.573189+05:30,10,1
1165,856045,473,571,1754025512674,2025-08-01 10:48:32.674253+05:30,10,1
1166,856146,473,571,1754025512774,2025-08-01 10:48:32.774664+05:30,10,1
1167,856247,474,572,1754025512875,2025-08-01 10:48:32.875493+05:30,10,1
1168,856348,475,565,1754025512976,2025-08-01 10:48:32.976358+05:30,10,1
1169,856449,472,591,1754025513077,2025-08-01 10:48:33.077308+05:30,10,1
1170,856550,472,590,1754025513177,2025-08-01 10:48:33.177976+05:30,10,1
1171,856650,472,585,1754025513278,2025-08-01 10:48:33.278890+05:30,10,1
1172,856752,472,576,1754025513379,2025-08-01 10:48:33.379697+05:30,10,1
1173,856852,472,578,1754025513480,2025-08-01 10:48:33.480610+05:30,10,1
1174,856953,471,577,1754025513581,2025-08-01 10:48:33.581425+05:30,10,1
1175,857054,471,570,1754025513682,2025-08-01 10:48:33.682027+05:30,10,1
1176,857155,472,569,1754025513782,2025-08-01 10:48:33.782837+05:30,10,1
1177,857255,472,573,1754025513884,2025-08-01 10:48:33.884047+05:30,10,1
1178,857357,472,586,1754025513984,2025-08-01 10:48:33.984435+05:30,10,1
1179,857457,473,572,1754025514085,2025-08-01 10:48:34.085430+05:30,10,1
1180,857558,472,568,1754025514186,2025-08-01 10:48:34.186159+05:30,10,1
1181,857659,472,570,1754025514287,2025-08-01 10:48:34.287013+05:30,10,1
1182,857759,472,571,1754025514387,2025-08-01 10:48:34.387867+05:30,10,1
1183,857861,473,572,1754025514488,2025-08-01 10:48:34.488745+05:30,10,1
1184,857961,473,572,1754025514589,2025-08-01 10:48:34.589535+05:30,10,1
1185,858062,472,578,1754025514690,2025-08-01 10:48:34.690360+05:30,10,1
1186,858163,473,581,1754025514791,2025-08-01 10:48:34.791117+05:30,10,1
1187,858264,475,578,1754025514892,2025-08-01 10:48:34.892055+05:30,10,1
1188,858364,471,617,1754025514992,2025-08-01 10:48:34.992876+05:30,10,1
1189,858466,475,573,1754025515093,2025-08-01 10:48:35.093619+05:30,10,1
1190,858566,474,570,1754025515194,2025-08-01 10:48:35.194614+05:30,10,1
1191,858668,474,581,1754025515295,2025-08-01 10:48:35.295395+05:30,10,1
1192,858768,475,572,1754025515396,2025-08-01 10:48:35.396370+05:30,10,1
1193,858869,477,563,1754025515497,2025-08-01 10:48:35.497206+05:30,10,1
1194,858970,475,568,1754025515598,2025-08-01 10:48:35.597988+05:30,10,1
1195,859071,476,574,1754025515698,2025-08-01 10:48:35.698745+05:30,10,1
1196,859171,478,583,1754025515799,2025-08-01 10:48:35.799768+05:30,10,1
1197,859273,477,574,1754025515900,2025-08-01 10:48:35.900627+05:30,10,1
1198,859373,476,584,1754025516001,2025-08-01 10:48:36.001285+05:30,10,1
1199,859473,482,630,1754025516102,2025-08-01 10:48:36.102116+05:30,10,1
1200,859575,479,561,1754025516203,2025-08-01 10:48:36.203165+05:30,10,1
1201,859675,478,586,1754025516303,2025-08-01 10:48:36.303904+05:30,10,1
1202,859777,478,574,1754025516404,2025-08-01 10:48:36.404937+05:30,10,1
1203,859877,478,578,1754025516505,2025-08-01 10:48:36.505380+05:30,10,1
1204,859978,480,587,1754025516606,2025-08-01 10:48:36.606163+05:30,10,1
1205,860079,479,583,1754025516707,2025-08-01 10:48:36.707112+05:30,10,1
1206,860180,479,580,1754025516807,2025-08-01 10:48:36.807861+05:30,10,1
1207,860280,478,582,1754025516908,2025-08-01 10:48:36.908723+05:30,10,1
1208,860382,473,866,1754025517009,2025-08-01 10:48:37.009590+05:30,10,1
1209,860482,471,761,1754025517110,2025-08-01 10:48:37.110465+05:30,10,1
1210,860583,463,699,1754025517211,2025-08-01 10:48:37.211288+05:30,10,1
1211,860684,470,601,1754025517312,2025-08-01 10:48:37.312152+05:30,10,1
1212,860785,471,556,1754025517412,2025-08-01 10:48:37.412970+05:30,10,1
1213,860886,474,575,1754025517513,2025-08-01 10:48:37.513960+05:30,10,1
1214,860987,476,569,1754025517614,2025-08-01 10:48:37.614663+05:30,10,1
1215,861087,477,572,1754025517715,2025-08-01 10:48:37.715519+05:30,10,1
1216,861189,476,573,1754025517816,2025-08-01 10:48:37.816302+05:30,10,1
1217,861289,477,574,1754025517917,2025-08-01 10:48:37.917156+05:30,10,1
1218,861389,477,578,1754025518018,2025-08-01 10:48:38.018305+05:30,10,1
1219,861491,477,580,1754025518118,2025-08-01 10:48:38.118892+05:30,10,1
1220,861591,478,593,1754025518219,2025-08-01 10:48:38.219760+05:30,10,1
1221,861692,478,583,1754025518320,2025-08-01 10:48:38.320821+05:30,10,1
1222,861793,479,581,1754025518421,2025-08-01 10:48:38.421316+05:30,10,1
1223,861894,480,580,1754025518522,2025-08-01 10:48:38.522269+05:30,10,1
1224,861995,479,584,1754025518623,2025-08-01 10:48:38.623028+05:30,10,1
1225,862096,480,584,1754025518724,2025-08-01 10:48:38.723904+05:30,10,1
1226,862196,481,581,1754025518824,2025-08-01 10:48:38.824928+05:30,10,1
1227,862298,481,584,1754025518925,2025-08-01 10:48:38.925528+05:30,10,1
1228,862398,479,588,1754025519026,2025-08-01 10:48:39.026368+05:30,10,1
1229,862499,481,602,1754025519127,2025-08-01 10:48:39.127231+05:30,10,1
1230,862600,480,591,1754025519227,2025-08-01 10:48:39.227901+05:30,10,1
1231,862701,480,590,1754025519328,2025-08-01 10:48:39.328822+05:30,10,1
1232,862801,481,590,1754025519429,2025-08-01 10:48:39.429638+05:30,10,1
1233,862903,480,592,1754025519530,2025-08-01 10:48:39.530497+05:30,10,1
1234,863003,480,593,1754025519631,2025-08-01 10:48:39.631442+05:30,10,1
1235,863105,480,601,1754025519732,2025-08-01 10:48:39.732350+05:30,10,1
1236,863205,480,593,1754025519832,2025-08-01 10:48:39.832952+05:30,10,1
1237,863305,481,603,1754025519933,2025-08-01 10:48:39.933752+05:30,10,1
1238,863407,481,603,1754025520034,2025-08-01 10:48:40.034543+05:30,10,1
1239,863507,481,600,1754025520135,2025-08-01 10:48:40.135556+05:30,10,1
1240,863608,480,601,1754025520236,2025-08-01 10:48:40.236306+05:30,10,1
1241,863709,481,598,1754025520337,2025-08-01 10:48:40.337573+05:30,10,1
1242,863810,480,601,1754025520438,2025-08-01 10:48:40.438024+05:30,10,1
1243,863910,478,605,1754025520538,2025-08-01 10:48:40.538776+05:30,10,1
1244,864012,480,602,1754025520639,2025-08-01 10:48:40.639914+05:30,10,1
1245,864112,480,612,1754025520740,2025-08-01 10:48:40.740697+05:30,10,1
1246,864214,481,611,1754025520841,2025-08-01 10:48:40.841375+05:30,10,1
1247,864314,481,603,1754025520942,2025-08-01 10:48:40.942125+05:30,10,1
1248,864415,481,605,1754025521043,2025-08-01 10:48:41.043082+05:30,10,1
1249,864516,480,604,1754025521143,2025-08-01 10:48:41.143848+05:30,10,1
1250,864617,481,606,1754025521244,2025-08-01 10:48:41.244728+05:30,10,1
1251,864717,481,605,1754025521345,2025-08-01 10:48:41.345594+05:30,10,1
1252,864819,481,610,1754025521446,2025-08-01 10:48:41.446402+05:30,10,1
1253,864919,480,625,1754025521547,2025-08-01 10:48:41.547245+05:30,10,1
1254,865020,481,643,1754025521648,2025-08-01 10:48:41.648203+05:30,10,1
1255,865121,482,625,1754025521749,2025-08-01 10:48:41.749124+05:30,10,1
1256,865221,481,624,1754025521850,2025-08-01 10:48:41.850019+05:30,10,1
1257,865323,480,642,1754025521950,2025-08-01 10:48:41.950630+05:30,10,1
1258,865423,482,630,1754025522051,2025-08-01 10:48:42.051448+05:30,10,1
1259,865524,481,614,1754025522152,2025-08-01 10:48:42.152550+05:30,10,1
1260,865625,479,624,1754025522253,2025-08-01 10:48:42.253031+05:30,10,1
1261,865726,479,618,1754025522353,2025-08-01 10:48:42.353876+05:30,10,1
1262,865826,479,621,1754025522454,2025-08-01 10:48:42.454794+05:30,10,1
1263,865928,478,669,1754025522555,2025-08-01 10:48:42.555548+05:30,10,1
1264,866028,483,649,1754025522656,2025-08-01 10:48:42.656464+05:30,10,1
1265,866129,479,615,1754025522757,2025-08-01 10:48:42.757370+05:30,10,1
1266,866230,479,621,1754025522858,2025-08-01 10:48:42.858255+05:30,10,1
1267,866331,479,615,1754025522958,2025-08-01 10:48:42.958958+05:30,10,1
1268,866432,478,619,1754025523060,2025-08-01 10:48:43.060030+05:30,10,1
1269,866533,478,615,1754025523160,2025-08-01 10:48:43.160570+05:30,10,1
1270,866633,478,610,1754025523261,2025-08-01 10:48:43.261688+05:30,10,1
1271,866735,479,618,1754025523362,2025-08-01 10:48:43.362488+05:30,10,1
1272,866835,479,614,1754025523463,2025-08-01 10:48:43.463205+05:30,10,1
1273,866936,479,611,1754025523564,2025-08-01 10:48:43.564239+05:30,10,1
1274,867037,479,608,1754025523664,2025-08-01 10:48:43.664804+05:30,10,1
1275,867137,478,605,1754025523765,2025-08-01 10:48:43.765654+05:30,10,1
1276,867238,479,617,1754025523866,2025-08-01 10:48:43.866578+05:30,10,1
1277,867339,479,665,1754025523967,2025-08-01 10:48:43.967543+05:30,10,1
1278,867440,478,591,1754025524068,2025-08-01 10:48:44.068165+05:30,10,1
1279,867540,480,616,1754025524169,2025-08-01 10:48:44.169374+05:30,10,1
1280,867642,479,603,1754025524269,2025-08-01 10:48:44.269946+05:30,10,1
1281,867742,479,628,1754025524370,2025-08-01 10:48:44.370705+05:30,10,1
1282,867844,479,591,1754025524471,2025-08-01 10:48:44.471399+05:30,10,1
1283,867944,478,600,1754025524572,2025-08-01 10:48:44.572300+05:30,10,1
1284,868045,479,595,1754025524673,2025-08-01 10:48:44.673178+05:30,10,1
1285,868146,480,594,1754025524774,2025-08-01 10:48:44.773990+05:30,10,1
1286,868247,480,593,1754025524874,2025-08-01 10:48:44.874696+05:30,10,1
1287,868347,480,606,1754025524975,2025-08-01 10:48:44.975835+05:30,10,1
1288,868449,477,708,1754025525076,2025-08-01 10:48:45.076613+05:30,10,1
1289,868549,481,588,1754025525177,2025-08-01 10:48:45.177807+05:30,10,1
1290,868651,477,590,1754025525278,2025-08-01 10:48:45.278346+05:30,10,1
1291,868751,480,592,1754025525379,2025-08-01 10:48:45.379076+05:30,10,1
1292,868852,479,588,1754025525479,2025-08-01 10:48:45.479959+05:30,10,1
1293,868953,479,586,1754025525580,2025-08-01 10:48:45.580543+05:30,10,1
1294,869053,479,585,1754025525681,2025-08-01 10:48:45.681351+05:30,10,1
1295,869154,478,597,1754025525782,2025-08-01 10:48:45.782543+05:30,10,1
1296,869255,479,593,1754025525883,2025-08-01 10:48:45.883484+05:30,10,1
1297,869356,481,586,1754025525984,2025-08-01 10:48:45.984124+05:30,10,1
1298,869456,479,586,1754025526085,2025-08-01 10:48:46.085028+05:30,10,1
1299,869558,479,586,1754025526185,2025-08-01 10:48:46.185810+05:30,10,1
1300,869658,479,614,1754025526286,2025-08-01 10:48:46.286356+05:30,10,1
1301,869760,479,578,1754025526387,2025-08-01 10:48:46.387596+05:30,10,1
1302,869860,479,584,1754025526488,2025-08-01 10:48:46.488248+05:30,10,1
1303,869961,479,627,1754025526589,2025-08-01 10:48:46.589020+05:30,10,1
1304,870062,482,591,1754025526689,2025-08-01 10:48:46.689911+05:30,10,1
1305,870163,479,584,1754025526791,2025-08-01 10:48:46.790944+05:30,10,1
1306,870263,480,587,1754025526891,2025-08-01 10:48:46.891425+05:30,10,1
1307,870365,480,587,1754025526992,2025-08-01 10:48:46.992293+05:30,10,1
1308,870465,479,586,1754025527093,2025-08-01 10:48:47.093124+05:30,10,1
1309,870566,480,585,1754025527193,2025-08-01 10:48:47.193899+05:30,10,1
1310,870667,479,591,1754025527294,2025-08-01 10:48:47.294744+05:30,10,1
1311,870768,480,633,1754025527395,2025-08-01 10:48:47.395689+05:30,10,1
1312,870868,480,582,1754025527496,2025-08-01 10:48:47.496482+05:30,10,1
1313,870969,480,591,1754025527597,2025-08-01 10:48:47.597313+05:30,10,1
1314,871070,482,637,1754025527698,2025-08-01 10:48:47.698060+05:30,10,1
1315,871171,480,575,1754025527798,2025-08-01 10:48:47.798911+05:30,10,1
1316,871272,480,589,1754025527899,2025-08-01 10:48:47.899801+05:30,10,1
1317,871372,480,588,1754025528000,2025-08-01 10:48:48.000646+05:30,10,1
1318,871474,480,588,1754025528101,2025-08-01 10:48:48.101498+05:30,10,1
1319,871574,480,594,1754025528202,2025-08-01 10:48:48.202573+05:30,10,1
1320,871675,481,594,1754025528303,2025-08-01 10:48:48.303482+05:30,10,1
1321,871776,481,590,1754025528404,2025-08-01 10:48:48.404409+05:30,10,1
1322,871877,481,588,1754025528505,2025-08-01 10:48:48.505115+05:30,10,1
1323,871977,481,586,1754025528605,2025-08-01 10:48:48.605911+05:30,10,1
1324,872079,482,588,1754025528706,2025-08-01 10:48:48.706703+05:30,10,1
1325,872179,481,590,1754025528807,2025-08-01 10:48:48.807421+05:30,10,1
1326,872281,481,588,1754025528908,2025-08-01 10:48:48.908430+05:30,10,1
1327,872381,481,593,1754025529009,2025-08-01 10:48:49.009175+05:30,10,1
1328,872482,482,602,1754025529109,2025-08-01 10:48:49.109794+05:30,10,1
1329,872583,482,592,1754025529210,2025-08-01 10:48:49.210768+05:30,10,1
1330,872684,481,592,1754025529311,2025-08-01 10:48:49.311475+05:30,10,1
1331,872784,481,594,1754025529412,2025-08-01 10:48:49.412320+05:30,10,1
1332,872885,482,590,1754025529513,2025-08-01 10:48:49.513108+05:30,10,1
1333,872986,481,593,1754025529614,2025-08-01 10:48:49.614019+05:30,10,1
1334,873086,481,594,1754025529714,2025-08-01 10:48:49.714847+05:30,10,1
1335,873188,481,599,1754025529815,2025-08-01 10:48:49.815705+05:30,10,1
1336,873288,481,600,1754025529916,2025-08-01 10:48:49.916565+05:30,10,1
1337,873390,480,593,1754025530017,2025-08-01 10:48:50.017358+05:30,10,1
1338,873490,480,592,1754025530118,2025-08-01 10:48:50.118172+05:30,10,1
1339,873591,481,588,1754025530219,2025-08-01 10:48:50.219020+05:30,10,1
1340,873692,481,587,1754025530319,2025-08-01 10:48:50.319775+05:30,10,1
1341,873793,481,589,1754025530420,2025-08-01 10:48:50.420664+05:30,10,1
1342,873893,481,588,1754025530521,2025-08-01 10:48:50.521460+05:30,10,1
1343,873995,481,598,1754025530622,2025-08-01 10:48:50.622418+05:30,10,1
1344,874095,482,589,1754025530723,2025-08-01 10:48:50.723252+05:30,10,1
1345,874196,484,583,1754025530824,2025-08-01 10:48:50.824143+05:30,10,1
1346,874297,482,590,1754025530924,2025-08-01 10:48:50.924785+05:30,10,1
1347,874398,482,589,1754025531025,2025-08-01 10:48:51.025765+05:30,10,1
1348,874499,482,590,1754025531126,2025-08-01 10:48:51.126541+05:30,10,1
1349,874599,481,587,1754025531227,2025-08-01 10:48:51.227352+05:30,10,1
1350,874700,482,584,1754025531328,2025-08-01 10:48:51.328244+05:30,10,1
1351,874801,482,591,1754025531429,2025-08-01 10:48:51.429104+05:30,10,1
1352,874902,482,602,1754025531529,2025-08-01 10:48:51.529967+05:30,10,1
1353,875002,481,590,1754025531631,2025-08-01 10:48:51.630985+05:30,10,1
1354,875104,481,592,1754025531731,2025-08-01 10:48:51.731771+05:30,10,1
1355,875204,481,589,1754025531832,2025-08-01 10:48:51.832651+05:30,10,1
1356,875305,481,588,1754025531933,2025-08-01 10:48:51.933271+05:30,10,1
1357,875406,480,586,1754025532034,2025-08-01 10:48:52.034165+05:30,10,1
1358,875507,481,585,1754025532135,2025-08-01 10:48:52.134996+05:30,10,1
1359,875608,480,584,1754025532235,2025-08-01 10:48:52.235761+05:30,10,1
1360,875709,481,587,1754025532336,2025-08-01 10:48:52.336944+05:30,10,1
1361,875809,481,598,1754025532437,2025-08-01 10:48:52.437630+05:30,10,1
1362,875911,482,589,1754025532538,2025-08-01 10:48:52.538507+05:30,10,1
1363,876011,480,588,1754025532639,2025-08-01 10:48:52.639192+05:30,10,1
1364,876112,483,587,1754025532740,2025-08-01 10:48:52.740126+05:30,10,1
1365,876213,480,582,1754025532841,2025-08-01 10:48:52.841102+05:30,10,1
1366,876314,481,583,1754025532941,2025-08-01 10:48:52.941661+05:30,10,1
1367,876414,481,578,1754025533042,2025-08-01 10:48:53.042626+05:30,10,1
1368,876515,481,582,1754025533143,2025-08-01 10:48:53.143361+05:30,10,1
1369,876616,481,595,1754025533244,2025-08-01 10:48:53.244229+05:30,10,1
1370,876717,482,586,1754025533345,2025-08-01 10:48:53.345100+05:30,10,1
1371,876818,481,581,1754025533445,2025-08-01 10:48:53.445935+05:30,10,1
1372,876918,480,583,1754025533546,2025-08-01 10:48:53.546689+05:30,10,1
1373,877020,480,581,1754025533647,2025-08-01 10:48:53.647420+05:30,10,1
1374,877120,477,581,1754025533748,2025-08-01 10:48:53.748235+05:30,10,1
1375,877221,479,580,1754025533849,2025-08-01 10:48:53.849124+05:30,10,1
1376,877322,479,582,1754025533950,2025-08-01 10:48:53.950250+05:30,10,1
1377,877423,479,595,1754025534050,2025-08-01 10:48:54.050902+05:30,10,1
1378,877523,481,592,1754025534151,2025-08-01 10:48:54.151735+05:30,10,1
1379,877625,480,586,1754025534252,2025-08-01 10:48:54.252543+05:30,10,1
1380,877725,480,583,1754025534353,2025-08-01 10:48:54.353245+05:30,10,1
1381,877827,481,582,1754025534454,2025-08-01 10:48:54.454140+05:30,10,1
1382,877927,480,585,1754025534555,2025-08-01 10:48:54.555007+05:30,10,1
1383,878028,480,579,1754025534655,2025-08-01 10:48:54.655770+05:30,10,1
1384,878129,481,587,1754025534756,2025-08-01 10:48:54.756496+05:30,10,1
1385,878230,481,581,1754025534857,2025-08-01 10:48:54.857453+05:30,10,1
1386,878330,480,595,1754025534958,2025-08-01 10:48:54.958236+05:30,10,1
1387,878431,480,592,1754025535059,2025-08-01 10:48:55.059024+05:30,10,1
1388,878532,479,586,1754025535159,2025-08-01 10:48:55.159967+05:30,10,1
1389,878632,479,581,1754025535260,2025-08-01 10:48:55.260746+05:30,10,1
1390,878734,478,583,1754025535361,2025-08-01 10:48:55.361533+05:30,10,1
1391,878834,478,584,1754025535462,2025-08-01 10:48:55.462370+05:30,10,1
1392,878936,479,583,1754025535563,2025-08-01 10:48:55.563193+05:30,10,1
1393,879036,478,581,1754025535664,2025-08-01 10:48:55.664109+05:30,10,1
1394,879137,478,585,1754025535764,2025-08-01 10:48:55.764859+05:30,10,1
1395,879238,479,589,1754025535865,2025-08-01 10:48:55.865829+05:30,10,1
1396,879339,478,583,1754025535966,2025-08-01 10:48:55.966583+05:30,10,1
1397,879439,478,580,1754025536067,2025-08-01 10:48:56.067438+05:30,10,1
1398,879541,477,592,1754025536168,2025-08-01 10:48:56.168236+05:30,10,1
1399,879641,477,583,1754025536269,2025-08-01 10:48:56.269121+05:30,10,1
1400,879742,476,584,1754025536370,2025-08-01 10:48:56.370093+05:30,10,1
1401,879843,477,583,1754025536471,2025-08-01 10:48:56.471111+05:30,10,1
1402,879944,473,588,1754025536571,2025-08-01 10:48:56.571845+05:30,10,1
1403,880045,475,598,1754025536672,2025-08-01 10:48:56.672680+05:30,10,1
1404,880146,474,587,1754025536773,2025-08-01 10:48:56.773453+05:30,10,1
1405,880246,474,573,1754025536874,2025-08-01 10:48:56.874389+05:30,10,1
1406,880347,475,578,1754025536975,2025-08-01 10:48:56.975276+05:30,10,1
1407,880448,475,584,1754025537076,2025-08-01 10:48:57.076146+05:30,10,1
1408,880548,473,585,1754025537177,2025-08-01 10:48:57.177053+05:30,10,1
1409,880650,472,584,1754025537277,2025-08-01 10:48:57.277809+05:30,10,1
1410,880750,473,586,1754025537378,2025-08-01 10:48:57.378910+05:30,10,1
1411,880851,473,592,1754025537479,2025-08-01 10:48:57.479145+05:30,10,1
1412,880952,472,587,1754025537580,2025-08-01 10:48:57.579989+05:30,10,1
1413,881053,473,581,1754025537680,2025-08-01 10:48:57.680787+05:30,10,1
1414,881154,472,585,1754025537781,2025-08-01 10:48:57.781616+05:30,10,1
1415,881255,472,587,1754025537882,2025-08-01 10:48:57.882579+05:30,10,1
1416,881355,472,578,1754025537983,2025-08-01 10:48:57.983351+05:30,10,1
1417,881457,473,576,1754025538084,2025-08-01 10:48:58.084137+05:30,10,1
1418,881557,474,575,1754025538185,2025-08-01 10:48:58.185044+05:30,10,1
1419,881658,475,588,1754025538285,2025-08-01 10:48:58.285970+05:30,10,1
1420,881759,473,595,1754025538386,2025-08-01 10:48:58.386751+05:30,10,1
1421,881860,466,658,1754025538487,2025-08-01 10:48:58.487455+05:30,10,1
1422,881960,463,628,1754025538588,2025-08-01 10:48:58.588626+05:30,10,1
1423,882062,468,561,1754025538689,2025-08-01 10:48:58.689280+05:30,10,1
1424,882162,469,566,1754025538790,2025-08-01 10:48:58.790200+05:30,10,1
1425,882263,472,573,1754025538890,2025-08-01 10:48:58.890935+05:30,10,1
1426,882364,473,570,1754025538991,2025-08-01 10:48:58.991920+05:30,10,1
1427,882464,471,595,1754025539092,2025-08-01 10:48:59.092759+05:30,10,1
1428,882566,470,571,1754025539193,2025-08-01 10:48:59.193845+05:30,10,1
1429,882666,472,572,1754025539294,2025-08-01 10:48:59.294421+05:30,10,1
1430,882767,472,581,1754025539395,2025-08-01 10:48:59.395148+05:30,10,1
1431,882868,472,570,1754025539496,2025-08-01 10:48:59.496028+05:30,10,1
1432,882969,471,577,1754025539596,2025-08-01 10:48:59.596826+05:30,10,1
1433,883069,472,577,1754025539697,2025-08-01 10:48:59.697663+05:30,10,1
1434,883171,471,579,1754025539798,2025-08-01 10:48:59.798529+05:30,10,1
1435,883271,472,586,1754025539899,2025-08-01 10:48:59.899390+05:30,10,1
1436,883373,471,578,1754025540000,2025-08-01 10:49:00.000178+05:30,10,1
1437,883473,470,575,1754025540101,2025-08-01 10:49:00.101089+05:30,10,1
1438,883574,471,574,1754025540201,2025-08-01 10:49:00.201892+05:30,10,1
1439,883675,471,572,1754025540302,2025-08-01 10:49:00.302745+05:30,10,1
1440,883776,471,575,1754025540403,2025-08-01 10:49:00.403525+05:30,10,1
1441,883876,471,576,1754025540504,2025-08-01 10:49:00.504421+05:30,10,1
1442,883978,469,594,1754025540605,2025-08-01 10:49:00.605271+05:30,10,1
1443,884078,471,583,1754025540706,2025-08-01 10:49:00.706332+05:30,10,1
1444,884178,465,615,1754025540807,2025-08-01 10:49:00.807103+05:30,10,1
1445,884280,469,576,1754025540907,2025-08-01 10:49:00.907788+05:30,10,1
1446,884380,466,583,1754025541008,2025-08-01 10:49:01.008626+05:30,10,1
1447,884482,463,610,1754025541109,2025-08-01 10:49:01.109548+05:30,10,1
1448,884582,459,594,1754025541210,2025-08-01 10:49:01.210312+05:30,10,1
1449,884683,458,594,1754025541311,2025-08-01 10:49:01.311201+05:30,10,1
1450,884784,465,582,1754025541411,2025-08-01 10:49:01.411965+05:30,10,1
1451,884885,469,570,1754025541512,2025-08-01 10:49:01.512654+05:30,10,1
1452,884985,469,574,1754025541613,2025-08-01 10:49:01.613543+05:30,10,1
1453,885087,471,579,1754025541714,2025-08-01 10:49:01.714505+05:30,10,1
1454,885187,469,581,1754025541815,2025-08-01 10:49:01.815296+05:30,10,1
1455,885288,467,582,1754025541916,2025-08-01 10:49:01.916319+05:30,10,1
1456,885389,462,609,1754025542016,2025-08-01 10:49:02.016902+05:30,10,1
1457,885490,458,603,1754025542117,2025-08-01 10:49:02.117733+05:30,10,1
1458,885591,458,627,1754025542218,2025-08-01 10:49:02.218444+05:30,10,1
1459,885692,463,594,1754025542319,2025-08-01 10:49:02.319371+05:30,10,1
1460,885792,463,604,1754025542420,2025-08-01 10:49:02.420085+05:30,10,1
1461,885894,462,610,1754025542521,2025-08-01 10:49:02.521059+05:30,10,1
1462,885994,458,609,1754025542621,2025-08-01 10:49:02.621823+05:30,10,1
1463,886094,457,616,1754025542722,2025-08-01 10:49:02.722577+05:30,10,1
1464,886196,457,619,1754025542823,2025-08-01 10:49:02.823419+05:30,10,1
1465,886296,456,618,1754025542924,2025-08-01 10:49:02.924233+05:30,10,1
1466,886397,457,627,1754025543025,2025-08-01 10:49:03.025176+05:30,10,1
1467,886498,457,618,1754025543125,2025-08-01 10:49:03.125947+05:30,10,1
1468,886599,457,626,1754025543226,2025-08-01 10:49:03.226860+05:30,10,1
1469,886700,458,635,1754025543327,2025-08-01 10:49:03.327689+05:30,10,1
1470,886801,459,647,1754025543428,2025-08-01 10:49:03.428640+05:30,10,1
1471,886901,460,651,1754025543529,2025-08-01 10:49:03.529355+05:30,10,1
1472,887003,460,670,1754025543630,2025-08-01 10:49:03.630570+05:30,10,1
1473,887103,462,688,1754025543731,2025-08-01 10:49:03.731219+05:30,10,1
1474,887204,464,709,1754025543832,2025-08-01 10:49:03.832116+05:30,10,1
1475,887305,466,748,1754025543932,2025-08-01 10:49:03.932879+05:30,10,1
1476,887406,467,759,1754025544033,2025-08-01 10:49:04.033837+05:30,10,1
1477,887506,467,766,1754025544134,2025-08-01 10:49:04.134577+05:30,10,1
1478,887608,470,831,1754025544235,2025-08-01 10:49:04.235439+05:30,10,1
1479,887708,474,932,1754025544336,2025-08-01 10:49:04.336175+05:30,10,1
1480,887810,477,947,1754025544437,2025-08-01 10:49:04.436995+05:30,10,1
1481,887910,478,975,1754025544537,2025-08-01 10:49:04.537803+05:30,10,1
1482,888010,480,976,1754025544638,2025-08-01 10:49:04.638689+05:30,10,1
1483,888112,482,976,1754025544739,2025-08-01 10:49:04.739376+05:30,10,1
1484,888212,481,976,1754025544840,2025-08-01 10:49:04.840389+05:30,10,1
1485,888313,481,975,1754025544941,2025-08-01 10:49:04.941472+05:30,10,1
1486,888414,478,976,1754025545041,2025-08-01 10:49:05.041978+05:30,10,1
1487,888515,477,977,1754025545142,2025-08-01 10:49:05.142971+05:30,10,1
1488,888615,476,976,1754025545243,2025-08-01 10:49:05.243772+05:30,10,1
1489,888717,475,976,1754025545344,2025-08-01 10:49:05.344786+05:30,10,1
1490,888817,473,977,1754025545445,2025-08-01 10:49:05.445410+05:30,10,1
1491,888919,472,977,1754025545546,2025-08-01 10:49:05.546081+05:30,10,1
1492,889019,473,976,1754025545647,2025-08-01 10:49:05.647081+05:30,10,1
1493,889120,471,976,1754025545747,2025-08-01 10:49:05.747808+05:30,10,1
1494,889221,469,976,1754025545848,2025-08-01 10:49:05.848775+05:30,10,1
1495,889322,467,976,1754025545949,2025-08-01 10:49:05.949467+05:30,10,1
1496,889422,467,976,1754025546050,2025-08-01 10:49:06.050093+05:30,10,1
1497,889524,466,976,1754025546151,2025-08-01 10:49:06.150991+05:30,10,1
1498,889624,465,976,1754025546251,2025-08-01 10:49:06.251910+05:30,10,1
1499,889725,464,976,1754025546353,2025-08-01 10:49:06.353022+05:30,10,1
1500,889826,463,976,1754025546453,2025-08-01 10:49:06.453650+05:30,10,1
1501,889926,463,976,1754025546554,2025-08-01 10:49:06.554354+05:30,10,1
1502,890028,465,975,1754025546655,2025-08-01 10:49:06.655330+05:30,10,1
1503,890128,464,976,1754025546756,2025-08-01 10:49:06.756115+05:30,10,1
1504,890229,463,976,1754025546856,2025-08-01 10:49:06.856881+05:30,10,1
1505,890330,465,975,1754025546957,2025-08-01 10:49:06.957673+05:30,10,1
1506,890431,462,976,1754025547058,2025-08-01 10:49:07.058531+05:30,10,1
1507,890531,464,976,1754025547159,2025-08-01 10:49:07.159331+05:30,10,1
1508,890633,465,976,1754025547260,2025-08-01 10:49:07.260193+05:30,10,1
1509,890733,465,977,1754025547361,2025-08-01 10:49:07.361125+05:30,10,1
1510,890834,464,976,1754025547462,2025-08-01 10:49:07.462004+05:30,10,1
1511,890935,464,976,1754025547562,2025-08-01 10:49:07.562769+05:30,10,1
1512,891036,461,976,1754025547663,2025-08-01 10:49:07.663694+05:30,10,1
1513,891137,462,977,1754025547764,2025-08-01 10:49:07.764576+05:30,10,1
1514,891238,462,976,1754025547865,2025-08-01 10:49:07.865337+05:30,10,1
1515,891338,461,976,1754025547966,2025-08-01 10:49:07.966234+05:30,10,1
1516,891440,462,975,1754025548066,2025-08-01 10:49:08.066960+05:30,10,1
1517,891540,461,976,1754025548167,2025-08-01 10:49:08.167697+05:30,10,1
1518,891641,462,976,1754025548268,2025-08-01 10:49:08.268524+05:30,10,1
1519,891742,462,976,1754025548369,2025-08-01 10:49:08.369593+05:30,10,1
1520,891842,463,976,1754025548470,2025-08-01 10:49:08.470335+05:30,10,1
1521,891943,463,976,1754025548571,2025-08-01 10:49:08.571347+05:30,10,1
1522,892044,462,976,1754025548672,2025-08-01 10:49:08.672057+05:30,10,1
1523,892145,464,977,1754025548772,2025-08-01 10:49:08.772954+05:30,10,1
1524,892246,463,976,1754025548873,2025-08-01 10:49:08.873832+05:30,10,1
1525,892347,463,977,1754025548974,2025-08-01 10:49:08.974540+05:30,10,1
1526,892447,463,976,1754025549075,2025-08-01 10:49:09.075251+05:30,10,1
1527,892549,463,976,1754025549176,2025-08-01 10:49:09.176089+05:30,10,1
1528,892649,464,976,1754025549277,2025-08-01 10:49:09.277103+05:30,10,1
1529,892750,463,976,1754025549377,2025-08-01 10:49:09.377935+05:30,10,1
1530,892851,462,976,1754025549478,2025-08-01 10:49:09.478589+05:30,10,1
1531,892952,462,976,1754025549579,2025-08-01 10:49:09.579448+05:30,10,1
1532,893052,461,976,1754025549680,2025-08-01 10:49:09.680206+05:30,10,1
1533,893154,461,976,1754025549781,2025-08-01 10:49:09.781213+05:30,10,1
1534,893254,461,976,1754025549881,2025-08-01 10:49:09.881986+05:30,10,1
1535,893356,462,976,1754025549982,2025-08-01 10:49:09.982740+05:30,10,1
1536,893456,462,976,1754025550083,2025-08-01 10:49:10.083600+05:30,10,1
1537,893557,462,976,1754025550184,2025-08-01 10:49:10.184476+05:30,10,1
1538,893658,463,976,1754025550285,2025-08-01 10:49:10.285209+05:30,10,1
1539,893758,463,976,1754025550386,2025-08-01 10:49:10.386055+05:30,10,1
1540,893859,463,976,1754025550486,2025-08-01 10:49:10.486964+05:30,10,1
1541,893960,461,977,1754025550587,2025-08-01 10:49:10.587808+05:30,10,1
1542,894061,463,976,1754025550688,2025-08-01 10:49:10.688791+05:30,10,1
1543,894161,459,832,1754025550789,2025-08-01 10:49:10.789543+05:30,10,1
1544,894263,458,857,1754025550890,2025-08-01 10:49:10.890464+05:30,10,1
1545,894363,458,893,1754025550991,2025-08-01 10:49:10.991280+05:30,10,1
1546,894465,458,866,1754025551092,2025-08-01 10:49:11.092134+05:30,10,1
1547,894565,459,874,1754025551192,2025-08-01 10:49:11.192924+05:30,10,1
1548,894666,459,939,1754025551293,2025-08-01 10:49:11.293633+05:30,10,1
1549,894767,462,962,1754025551394,2025-08-01 10:49:11.394571+05:30,10,1
1550,894868,462,957,1754025551495,2025-08-01 10:49:11.495375+05:30,10,1
1551,894968,462,962,1754025551596,2025-08-01 10:49:11.596409+05:30,10,1
1552,895070,462,976,1754025551697,2025-08-01 10:49:11.697286+05:30,10,1
1553,895170,462,976,1754025551797,2025-08-01 10:49:11.797933+05:30,10,1
1554,895271,463,976,1754025551898,2025-08-01 10:49:11.898963+05:30,10,1
1555,895372,461,976,1754025551999,2025-08-01 10:49:11.999544+05:30,10,1
1556,895473,461,976,1754025552100,2025-08-01 10:49:12.100357+05:30,10,1
1557,895574,461,976,1754025552201,2025-08-01 10:49:12.201176+05:30,10,1
1558,895674,462,976,1754025552301,2025-08-01 10:49:12.301968+05:30,10,1
1559,895775,461,976,1754025552402,2025-08-01 10:49:12.402815+05:30,10,1
1560,895876,461,976,1754025552503,2025-08-01 10:49:12.503816+05:30,10,1
1561,895977,462,976,1754025552604,2025-08-01 10:49:12.604616+05:30,10,1
1562,896077,464,976,1754025552705,2025-08-01 10:49:12.705316+05:30,10,1
1563,896179,464,976,1754025552806,2025-08-01 10:49:12.806239+05:30,10,1
1564,896279,463,976,1754025552906,2025-08-01 10:49:12.906949+05:30,10,1
1565,896380,463,977,1754025553007,2025-08-01 10:49:13.007914+05:30,10,1
1566,896481,461,976,1754025553108,2025-08-01 10:49:13.108693+05:30,10,1
1567,896582,462,976,1754025553209,2025-08-01 10:49:13.209483+05:30,10,1
1568,896683,460,977,1754025553310,2025-08-01 10:49:13.310268+05:30,10,1
1569,896784,460,976,1754025553411,2025-08-01 10:49:13.411166+05:30,10,1
1570,896884,460,976,1754025553511,2025-08-01 10:49:13.511921+05:30,10,1
1571,896986,461,976,1754025553612,2025-08-01 10:49:13.612854+05:30,10,1
1572,897086,460,976,1754025553713,2025-08-01 10:49:13.713688+05:30,10,1
1573,897187,460,976,1754025553814,2025-08-01 10:49:13.814650+05:30,10,1
1574,897288,461,976,1754025553915,2025-08-01 10:49:13.915372+05:30,10,1
1575,897389,461,977,1754025554016,2025-08-01 10:49:14.016242+05:30,10,1
1576,897489,460,977,1754025554117,2025-08-01 10:49:14.117040+05:30,10,1
1577,897590,460,976,1754025554217,2025-08-01 10:49:14.217900+05:30,10,1
1578,897691,460,975,1754025554318,2025-08-01 10:49:14.318683+05:30,10,1
1579,897792,460,976,1754025554420,2025-08-01 10:49:14.420147+05:30,10,1
1580,897893,461,976,1754025554520,2025-08-01 10:49:14.520678+05:30,10,1
1581,897993,460,976,1754025554621,2025-08-01 10:49:14.621429+05:30,10,1
1582,898095,460,976,1754025554722,2025-08-01 10:49:14.722162+05:30,10,1
1583,898195,460,976,1754025554822,2025-08-01 10:49:14.822977+05:30,10,1
1584,898296,459,976,1754025554923,2025-08-01 10:49:14.923811+05:30,10,1
1585,898397,459,976,1754025555024,2025-08-01 10:49:15.024584+05:30,10,1
1586,898498,457,976,1754025555125,2025-08-01 10:49:15.125411+05:30,10,1
1587,898598,459,976,1754025555226,2025-08-01 10:49:15.226404+05:30,10,1
1588,898700,457,976,1754025555327,2025-08-01 10:49:15.327021+05:30,10,1
1589,898800,458,976,1754025555427,2025-08-01 10:49:15.427920+05:30,10,1
1590,898902,458,976,1754025555528,2025-08-01 10:49:15.528762+05:30,10,1
1591,899002,459,976,1754025555629,2025-08-01 10:49:15.629581+05:30,10,1
1592,899103,458,976,1754025555730,2025-08-01 10:49:15.730374+05:30,10,1
1593,899204,458,976,1754025555831,2025-08-01 10:49:15.831313+05:30,10,1
1594,899305,458,976,1754025555932,2025-08-01 10:49:15.932047+05:30,10,1
1595,899405,458,976,1754025556032,2025-08-01 10:49:16.032914+05:30,10,1
1596,899506,460,976,1754025556133,2025-08-01 10:49:16.133798+05:30,10,1
1597,899607,459,976,1754025556234,2025-08-01 10:49:16.234634+05:30,10,1
1598,899707,459,976,1754025556335,2025-08-01 10:49:16.335807+05:30,10,1
1599,899809,460,976,1754025556436,2025-08-01 10:49:16.436449+05:30,10,1
1600,899909,460,976,1754025556537,2025-08-01 10:49:16.537322+05:30,10,1
1601,900011,459,976,1754025556638,2025-08-01 10:49:16.638456+05:30,10,1
1602,900111,461,976,1754025556739,2025-08-01 10:49:16.739068+05:30,10,1
1603,900212,461,976,1754025556839,2025-08-01 10:49:16.839732+05:30,10,1
1604,900313,463,976,1754025556940,2025-08-01 10:49:16.940621+05:30,10,1
1605,900414,462,977,1754025557041,2025-08-01 10:49:17.041205+05:30,10,1
1606,900514,463,976,1754025557142,2025-08-01 10:49:17.142073+05:30,10,1
1607,900616,461,976,1754025557242,2025-08-01 10:49:17.242960+05:30,10,1
1608,900716,461,976,1754025557343,2025-08-01 10:49:17.343788+05:30,10,1
1609,900817,460,976,1754025557444,2025-08-01 10:49:17.444740+05:30,10,1
1610,900918,459,976,1754025557545,2025-08-01 10:49:17.545492+05:30,10,1
1611,901019,458,976,1754025557646,2025-08-01 10:49:17.646268+05:30,10,1
1612,901120,458,976,1754025557747,2025-08-01 10:49:17.747077+05:30,10,1
1613,901221,458,976,1754025557847,2025-08-01 10:49:17.847893+05:30,10,1
1614,901321,458,976,1754025557948,2025-08-01 10:49:17.948892+05:30,10,1
1615,901422,457,976,1754025558049,2025-08-01 10:49:18.049629+05:30,10,1
1616,901523,457,976,1754025558150,2025-08-01 10:49:18.150474+05:30,10,1
1617,901623,456,976,1754025558251,2025-08-01 10:49:18.251315+05:30,10,1
1618,901725,455,976,1754025558352,2025-08-01 10:49:18.352213+05:30,10,1
1619,901825,457,976,1754025558453,2025-08-01 10:49:18.452982+05:30,10,1
1620,901926,457,976,1754025558554,2025-08-01 10:49:18.554181+05:30,10,1
1621,902027,457,976,1754025558654,2025-08-01 10:49:18.654906+05:30,10,1
1622,902128,457,976,1754025558755,2025-08-01 10:49:18.755660+05:30,10,1
1623,902228,456,976,1754025558856,2025-08-01 10:49:18.856435+05:30,10,1
1624,902330,457,976,1754025558957,2025-08-01 10:49:18.957384+05:30,10,1
1625,902430,457,976,1754025559058,2025-08-01 10:49:19.058424+05:30,10,1
1626,902532,457,977,1754025559159,2025-08-01 10:49:19.159011+05:30,10,1
1627,902632,456,977,1754025559259,2025-08-01 10:49:19.259600+05:30,10,1
1628,902733,454,976,1754025559360,2025-08-01 10:49:19.360587+05:30,10,1
1629,902834,461,976,1754025559461,2025-08-01 10:49:19.461466+05:30,10,1
1630,902935,468,976,1754025559562,2025-08-01 10:49:19.562321+05:30,10,1
1631,903035,471,976,1754025559663,2025-08-01 10:49:19.663089+05:30,10,1
1632,903137,473,976,1754025559764,2025-08-01 10:49:19.764213+05:30,10,1
1633,903237,473,976,1754025559864,2025-08-01 10:49:19.864672+05:30,10,1
1634,903337,473,976,1754025559965,2025-08-01 10:49:19.965780+05:30,10,1
1635,903439,471,976,1754025560066,2025-08-01 10:49:20.066306+05:30,10,1
1636,903539,467,976,1754025560167,2025-08-01 10:49:20.167064+05:30,10,1
1637,903641,459,976,1754025560268,2025-08-01 10:49:20.268285+05:30,10,1
1638,903741,463,976,1754025560368,2025-08-01 10:49:20.368865+05:30,10,1
1639,903842,464,976,1754025560469,2025-08-01 10:49:20.469679+05:30,10,1
1640,903943,464,976,1754025560570,2025-08-01 10:49:20.570468+05:30,10,1
1641,904044,462,859,1754025560671,2025-08-01 10:49:20.671363+05:30,10,1
1642,904144,461,866,1754025560772,2025-08-01 10:49:20.772168+05:30,10,1
1643,904246,457,888,1754025560873,2025-08-01 10:49:20.873103+05:30,10,1
1644,904346,454,873,1754025560973,2025-08-01 10:49:20.973901+05:30,10,1
1645,904448,452,883,1754025561074,2025-08-01 10:49:21.074665+05:30,10,1
1646,904548,454,857,1754025561175,2025-08-01 10:49:21.175692+05:30,10,1
1647,904649,456,880,1754025561276,2025-08-01 10:49:21.276405+05:30,10,1
1648,904750,455,909,1754025561377,2025-08-01 10:49:21.377250+05:30,10,1
1649,904851,453,893,1754025561478,2025-08-01 10:49:21.478195+05:30,10,1
1650,904951,451,924,1754025561579,2025-08-01 10:49:21.579179+05:30,10,1
1651,905053,452,976,1754025561679,2025-08-01 10:49:21.679863+05:30,10,1
1652,905153,453,975,1754025561780,2025-08-01 10:49:21.780702+05:30,10,1
1653,905253,453,976,1754025561881,2025-08-01 10:49:21.881436+05:30,10,1
1654,905355,453,976,1754025561982,2025-08-01 10:49:21.982273+05:30,10,1
1655,905455,452,976,1754025562083,2025-08-01 10:49:22.083282+05:30,10,1
1656,905556,453,976,1754025562184,2025-08-01 10:49:22.184067+05:30,10,1
1657,905657,454,976,1754025562284,2025-08-01 10:49:22.284731+05:30,10,1
1658,905758,454,976,1754025562385,2025-08-01 10:49:22.385608+05:30,10,1
1659,905859,454,976,1754025562486,2025-08-01 10:49:22.486286+05:30,10,1
1660,905960,454,975,1754025562587,2025-08-01 10:49:22.587201+05:30,10,1
1661,906060,454,976,1754025562688,2025-08-01 10:49:22.688087+05:30,10,1
1662,906162,455,976,1754025562788,2025-08-01 10:49:22.788866+05:30,10,1
1663,906262,457,976,1754025562889,2025-08-01 10:49:22.889695+05:30,10,1
1664,906363,456,976,1754025562990,2025-08-01 10:49:22.990510+05:30,10,1
1665,906464,455,976,1754025563091,2025-08-01 10:49:23.091314+05:30,10,1
1666,906565,454,977,1754025563192,2025-08-01 10:49:23.192233+05:30,10,1
1667,906665,453,976,1754025563293,2025-08-01 10:49:23.293064+05:30,10,1
1668,906767,454,975,1754025563393,2025-08-01 10:49:23.393965+05:30,10,1
1669,906867,454,976,1754025563494,2025-08-01 10:49:23.494943+05:30,10,1
1670,906969,453,976,1754025563595,2025-08-01 10:49:23.595946+05:30,10,1
1671,907069,452,976,1754025563696,2025-08-01 10:49:23.696452+05:30,10,1
1672,907169,453,976,1754025563797,2025-08-01 10:49:23.797198+05:30,10,1
1673,907271,453,976,1754025563898,2025-08-01 10:49:23.898133+05:30,10,1
1674,907371,452,976,1754025563998,2025-08-01 10:49:23.998954+05:30,10,1
1675,907472,453,976,1754025564099,2025-08-01 10:49:24.099707+05:30,10,1
1676,907573,453,976,1754025564200,2025-08-01 10:49:24.200691+05:30,10,1
1677,907674,453,976,1754025564301,2025-08-01 10:49:24.301406+05:30,10,1
1678,907774,454,976,1754025564402,2025-08-01 10:49:24.402225+05:30,10,1
1679,907876,454,976,1754025564503,2025-08-01 10:49:24.503253+05:30,10,1
1680,907976,457,976,1754025564604,2025-08-01 10:49:24.604027+05:30,10,1
1681,908078,463,976,1754025564704,2025-08-01 10:49:24.704810+05:30,10,1
1682,908178,458,976,1754025564805,2025-08-01 10:49:24.805752+05:30,10,1
1683,908279,457,977,1754025564906,2025-08-01 10:49:24.906614+05:30,10,1
1684,908380,458,976,1754025565007,2025-08-01 10:49:25.007236+05:30,10,1
1685,908481,458,976,1754025565108,2025-08-01 10:49:25.108087+05:30,10,1
1686,908581,457,976,1754025565209,2025-08-01 10:49:25.209240+05:30,10,1
1687,908683,458,976,1754025565310,2025-08-01 10:49:25.310112+05:30,10,1
1688,908783,459,976,1754025565410,2025-08-01 10:49:25.410946+05:30,10,1
1689,908884,459,976,1754025565511,2025-08-01 10:49:25.511832+05:30,10,1
1690,908985,456,976,1754025565612,2025-08-01 10:49:25.612535+05:30,10,1
1691,909085,455,976,1754025565713,2025-08-01 10:49:25.713447+05:30,10,1
1692,909187,453,977,1754025565814,2025-08-01 10:49:25.814118+05:30,10,1
1693,909287,454,976,1754025565914,2025-08-01 10:49:25.914821+05:30,10,1
1694,909388,454,976,1754025566015,2025-08-01 10:49:26.015573+05:30,10,1
1695,909489,453,976,1754025566116,2025-08-01 10:49:26.116383+05:30,10,1
1696,909590,453,976,1754025566217,2025-08-01 10:49:26.217318+05:30,10,1
1697,909690,452,976,1754025566318,2025-08-01 10:49:26.318096+05:30,10,1
1698,909792,452,976,1754025566419,2025-08-01 10:49:26.419073+05:30,10,1
1699,909892,451,976,1754025566519,2025-08-01 10:49:26.519791+05:30,10,1
1700,909993,451,976,1754025566620,2025-08-01 10:49:26.620673+05:30,10,1
1701,910094,450,976,1754025566721,2025-08-01 10:49:26.721460+05:30,10,1
1702,910195,451,976,1754025566822,2025-08-01 10:49:26.822274+05:30,10,1
1703,910296,453,976,1754025566923,2025-08-01 10:49:26.923280+05:30,10,1
1704,910397,456,976,1754025567024,2025-08-01 10:49:27.023997+05:30,10,1
1705,910497,454,977,1754025567124,2025-08-01 10:49:27.124931+05:30,10,1
1706,910599,453,976,1754025567225,2025-08-01 10:49:27.225663+05:30,10,1
1707,910699,454,976,1754025567326,2025-08-01 10:49:27.326453+05:30,10,1
1708,910800,454,976,1754025567427,2025-08-01 10:49:27.427328+05:30,10,1
1709,910901,453,976,1754025567528,2025-08-01 10:49:27.528179+05:30,10,1
1710,911001,454,976,1754025567629,2025-08-01 10:49:27.629096+05:30,10,1
1711,911102,455,976,1754025567729,2025-08-01 10:49:27.729918+05:30,10,1
1712,911203,454,976,1754025567830,2025-08-01 10:49:27.830660+05:30,10,1
1713,911304,456,977,1754025567931,2025-08-01 10:49:27.931476+05:30,10,1
1714,911405,458,975,1754025568032,2025-08-01 10:49:28.032600+05:30,10,1
1715,911506,454,976,1754025568133,2025-08-01 10:49:28.133212+05:30,10,1
1716,911606,455,977,1754025568234,2025-08-01 10:49:28.234363+05:30,10,1
1717,911708,455,976,1754025568335,2025-08-01 10:49:28.335006+05:30,10,1
1718,911808,456,976,1754025568435,2025-08-01 10:49:28.435905+05:30,10,1
1719,911909,456,977,1754025568536,2025-08-01 10:49:28.536645+05:30,10,1
1720,912010,456,976,1754025568637,2025-08-01 10:49:28.637520+05:30,10,1
1721,912111,455,976,1754025568738,2025-08-01 10:49:28.738290+05:30,10,1
1722,912211,455,976,1754025568839,2025-08-01 10:49:28.839603+05:30,10,1
1723,912313,454,977,1754025568939,2025-08-01 10:49:28.939913+05:30,10,1
1724,912413,454,976,1754025569040,2025-08-01 10:49:29.040937+05:30,10,1
1725,912515,455,974,1754025569141,2025-08-01 10:49:29.141617+05:30,10,1
1726,912615,453,953,1754025569242,2025-08-01 10:49:29.242464+05:30,10,1
1727,912716,448,797,1754025569343,2025-08-01 10:49:29.343344+05:30,10,1
1728,912817,450,859,1754025569444,2025-08-01 10:49:29.444140+05:30,10,1
1729,912917,450,831,1754025569545,2025-08-01 10:49:29.545150+05:30,10,1
1730,913018,450,824,1754025569645,2025-08-01 10:49:29.645880+05:30,10,1
1731,913119,449,837,1754025569746,2025-08-01 10:49:29.746658+05:30,10,1
1732,913220,449,831,1754025569847,2025-08-01 10:49:29.847619+05:30,10,1
1733,913320,448,822,1754025569948,2025-08-01 10:49:29.948348+05:30,10,1
1734,913422,447,818,1754025570049,2025-08-01 10:49:30.049099+05:30,10,1
1735,913522,448,813,1754025570150,2025-08-01 10:49:30.150040+05:30,10,1
1736,913624,448,809,1754025570250,2025-08-01 10:49:30.250619+05:30,10,1
1737,913724,449,810,1754025570351,2025-08-01 10:49:30.351467+05:30,10,1
1738,913825,452,812,1754025570452,2025-08-01 10:49:30.452398+05:30,10,1
1739,913926,451,866,1754025570553,2025-08-01 10:49:30.553234+05:30,10,1
1740,914027,453,972,1754025570653,2025-08-01 10:49:30.653969+05:30,10,1
1741,914127,454,973,1754025570754,2025-08-01 10:49:30.754972+05:30,10,1
1742,914229,454,968,1754025570855,2025-08-01 10:49:30.855693+05:30,10,1
1743,914329,455,976,1754025570956,2025-08-01 10:49:30.956603+05:30,10,1
1744,914430,454,976,1754025571057,2025-08-01 10:49:31.057477+05:30,10,1
1745,914531,455,976,1754025571158,2025-08-01 10:49:31.158370+05:30,10,1
1746,914632,455,976,1754025571259,2025-08-01 10:49:31.259191+05:30,10,1
1747,914733,455,976,1754025571359,2025-08-01 10:49:31.359925+05:30,10,1
1748,914833,455,976,1754025571460,2025-08-01 10:49:31.460685+05:30,10,1
1749,914934,457,976,1754025571561,2025-08-01 10:49:31.561494+05:30,10,1
1750,915035,454,976,1754025571662,2025-08-01 10:49:31.662402+05:30,10,1
1751,915136,455,976,1754025571763,2025-08-01 10:49:31.763269+05:30,10,1
1752,915236,455,976,1754025571864,2025-08-01 10:49:31.864091+05:30,10,1
1753,915338,455,976,1754025571964,2025-08-01 10:49:31.964857+05:30,10,1
1754,915438,455,976,1754025572065,2025-08-01 10:49:32.065856+05:30,10,1
1755,915539,456,976,1754025572166,2025-08-01 10:49:32.166528+05:30,10,1
1756,915640,455,976,1754025572267,2025-08-01 10:49:32.267442+05:30,10,1
