,Time_series,GSR,HR,timestamp,time2,subject,video_id
0,774065,486,504,1754127879882,2025-08-02 15:14:39.882201+05:30,15,1
1,774165,486,511,1754127879982,2025-08-02 15:14:39.982952+05:30,15,1
2,774266,485,506,1754127880083,2025-08-02 15:14:40.083778+05:30,15,1
3,774367,485,507,1754127880184,2025-08-02 15:14:40.184622+05:30,15,1
4,774468,485,508,1754127880285,2025-08-02 15:14:40.285916+05:30,15,1
5,774568,485,521,1754127880386,2025-08-02 15:14:40.386281+05:30,15,1
6,774670,483,511,1754127880487,2025-08-02 15:14:40.487095+05:30,15,1
7,774770,484,505,1754127880587,2025-08-02 15:14:40.587938+05:30,15,1
8,774872,485,507,1754127880688,2025-08-02 15:14:40.688873+05:30,15,1
9,774972,483,508,1754127880789,2025-08-02 15:14:40.789574+05:30,15,1
10,775073,483,509,1754127880890,2025-08-02 15:14:40.890300+05:30,15,1
11,775174,483,509,1754127880991,2025-08-02 15:14:40.991319+05:30,15,1
12,775275,483,513,1754127881092,2025-08-02 15:14:41.092121+05:30,15,1
13,775375,483,521,1754127881192,2025-08-02 15:14:41.192955+05:30,15,1
14,775476,484,508,1754127881293,2025-08-02 15:14:41.293740+05:30,15,1
15,775577,484,506,1754127881394,2025-08-02 15:14:41.394604+05:30,15,1
16,775677,483,506,1754127881495,2025-08-02 15:14:41.495514+05:30,15,1
17,775779,485,506,1754127881596,2025-08-02 15:14:41.596209+05:30,15,1
18,775879,485,507,1754127881697,2025-08-02 15:14:41.697121+05:30,15,1
19,775981,483,512,1754127881798,2025-08-02 15:14:41.798004+05:30,15,1
20,776081,484,524,1754127881898,2025-08-02 15:14:41.898722+05:30,15,1
21,776182,486,510,1754127881999,2025-08-02 15:14:41.999559+05:30,15,1
22,776283,486,508,1754127882100,2025-08-02 15:14:42.100394+05:30,15,1
23,776384,486,512,1754127882201,2025-08-02 15:14:42.201271+05:30,15,1
24,776484,486,509,1754127882302,2025-08-02 15:14:42.302340+05:30,15,1
25,776586,486,507,1754127882403,2025-08-02 15:14:42.402994+05:30,15,1
26,776686,486,513,1754127882503,2025-08-02 15:14:42.503704+05:30,15,1
27,776787,486,527,1754127882604,2025-08-02 15:14:42.604627+05:30,15,1
28,776888,485,510,1754127882705,2025-08-02 15:14:42.705421+05:30,15,1
29,776989,484,507,1754127882806,2025-08-02 15:14:42.806420+05:30,15,1
30,777090,484,509,1754127882907,2025-08-02 15:14:42.907156+05:30,15,1
31,777191,483,507,1754127883007,2025-08-02 15:14:43.007946+05:30,15,1
32,777291,482,506,1754127883109,2025-08-02 15:14:43.109206+05:30,15,1
33,777392,483,517,1754127883209,2025-08-02 15:14:43.209658+05:30,15,1
34,777493,483,521,1754127883310,2025-08-02 15:14:43.310346+05:30,15,1
35,777593,480,504,1754127883411,2025-08-02 15:14:43.411511+05:30,15,1
36,777695,482,509,1754127883512,2025-08-02 15:14:43.512176+05:30,15,1
37,777795,482,510,1754127883612,2025-08-02 15:14:43.612891+05:30,15,1
38,777896,482,507,1754127883714,2025-08-02 15:14:43.714004+05:30,15,1
39,777997,483,508,1754127883814,2025-08-02 15:14:43.814646+05:30,15,1
40,778098,483,525,1754127883915,2025-08-02 15:14:43.915552+05:30,15,1
41,778199,483,515,1754127884016,2025-08-02 15:14:44.016324+05:30,15,1
42,778300,484,505,1754127884117,2025-08-02 15:14:44.117137+05:30,15,1
43,778400,484,508,1754127884218,2025-08-02 15:14:44.218039+05:30,15,1
44,778502,484,509,1754127884318,2025-08-02 15:14:44.318896+05:30,15,1
45,778602,485,509,1754127884419,2025-08-02 15:14:44.419624+05:30,15,1
46,778703,486,513,1754127884520,2025-08-02 15:14:44.520423+05:30,15,1
47,778804,487,520,1754127884621,2025-08-02 15:14:44.621262+05:30,15,1
48,778905,486,508,1754127884722,2025-08-02 15:14:44.722197+05:30,15,1
49,779005,486,507,1754127884822,2025-08-02 15:14:44.822949+05:30,15,1
50,779107,486,509,1754127884923,2025-08-02 15:14:44.923879+05:30,15,1
51,779207,488,505,1754127885024,2025-08-02 15:14:45.024651+05:30,15,1
52,779308,485,508,1754127885125,2025-08-02 15:14:45.125455+05:30,15,1
53,779409,483,524,1754127885226,2025-08-02 15:14:45.226261+05:30,15,1
54,779509,484,515,1754127885327,2025-08-02 15:14:45.327107+05:30,15,1
55,779611,484,504,1754127885428,2025-08-02 15:14:45.428031+05:30,15,1
56,779711,485,510,1754127885528,2025-08-02 15:14:45.528809+05:30,15,1
57,779812,483,508,1754127885629,2025-08-02 15:14:45.629753+05:30,15,1
58,779913,484,507,1754127885730,2025-08-02 15:14:45.730554+05:30,15,1
59,780014,483,517,1754127885831,2025-08-02 15:14:45.831359+05:30,15,1
60,780114,482,523,1754127885932,2025-08-02 15:14:45.932250+05:30,15,1
61,780216,483,507,1754127886033,2025-08-02 15:14:46.033053+05:30,15,1
62,780316,483,507,1754127886133,2025-08-02 15:14:46.133911+05:30,15,1
63,780418,483,508,1754127886234,2025-08-02 15:14:46.234668+05:30,15,1
64,780518,483,507,1754127886335,2025-08-02 15:14:46.335629+05:30,15,1
65,780619,483,509,1754127886436,2025-08-02 15:14:46.436298+05:30,15,1
66,780720,482,527,1754127886537,2025-08-02 15:14:46.537339+05:30,15,1
67,780821,483,513,1754127886638,2025-08-02 15:14:46.638128+05:30,15,1
68,780921,484,504,1754127886739,2025-08-02 15:14:46.739009+05:30,15,1
69,781023,484,509,1754127886839,2025-08-02 15:14:46.839656+05:30,15,1
70,781123,485,510,1754127886940,2025-08-02 15:14:46.940506+05:30,15,1
71,781223,485,506,1754127887041,2025-08-02 15:14:47.041391+05:30,15,1
72,781325,485,516,1754127887142,2025-08-02 15:14:47.142238+05:30,15,1
73,781425,486,527,1754127887243,2025-08-02 15:14:47.243040+05:30,15,1
74,781527,486,503,1754127887343,2025-08-02 15:14:47.343840+05:30,15,1
75,781627,485,505,1754127887444,2025-08-02 15:14:47.444839+05:30,15,1
76,781728,486,509,1754127887545,2025-08-02 15:14:47.545646+05:30,15,1
77,781829,484,507,1754127887646,2025-08-02 15:14:47.646471+05:30,15,1
78,781930,485,508,1754127887747,2025-08-02 15:14:47.747241+05:30,15,1
79,782030,486,524,1754127887848,2025-08-02 15:14:47.848162+05:30,15,1
80,782132,485,515,1754127887948,2025-08-02 15:14:47.948902+05:30,15,1
81,782232,485,505,1754127888049,2025-08-02 15:14:48.049705+05:30,15,1
82,782333,483,508,1754127888150,2025-08-02 15:14:48.150600+05:30,15,1
83,782434,485,508,1754127888251,2025-08-02 15:14:48.251423+05:30,15,1
84,782535,483,508,1754127888352,2025-08-02 15:14:48.352186+05:30,15,1
85,782636,483,511,1754127888453,2025-08-02 15:14:48.453067+05:30,15,1
86,782737,485,528,1754127888553,2025-08-02 15:14:48.553960+05:30,15,1
87,782837,482,508,1754127888654,2025-08-02 15:14:48.654968+05:30,15,1
88,782938,482,506,1754127888755,2025-08-02 15:14:48.755565+05:30,15,1
89,783039,483,510,1754127888856,2025-08-02 15:14:48.856481+05:30,15,1
90,783139,485,508,1754127888957,2025-08-02 15:14:48.957310+05:30,15,1
91,783241,486,508,1754127889058,2025-08-02 15:14:49.058081+05:30,15,1
92,783341,485,513,1754127889159,2025-08-02 15:14:49.159086+05:30,15,1
93,783442,484,524,1754127889260,2025-08-02 15:14:49.260088+05:30,15,1
94,783543,486,509,1754127889360,2025-08-02 15:14:49.360914+05:30,15,1
95,783644,485,504,1754127889462,2025-08-02 15:14:49.462018+05:30,15,1
96,783745,486,510,1754127889562,2025-08-02 15:14:49.562408+05:30,15,1
97,783846,487,506,1754127889663,2025-08-02 15:14:49.663129+05:30,15,1
98,783946,486,509,1754127889764,2025-08-02 15:14:49.763989+05:30,15,1
99,784048,486,512,1754127889864,2025-08-02 15:14:49.864765+05:30,15,1
100,784148,487,526,1754127889965,2025-08-02 15:14:49.965692+05:30,15,1
101,784249,486,506,1754127890066,2025-08-02 15:14:50.066466+05:30,15,1
102,784350,486,507,1754127890167,2025-08-02 15:14:50.167325+05:30,15,1
103,784451,486,509,1754127890268,2025-08-02 15:14:50.268086+05:30,15,1
104,784551,485,509,1754127890368,2025-08-02 15:14:50.368944+05:30,15,1
105,784653,486,507,1754127890469,2025-08-02 15:14:50.469808+05:30,15,1
106,784753,485,517,1754127890570,2025-08-02 15:14:50.570643+05:30,15,1
107,784854,484,522,1754127890671,2025-08-02 15:14:50.671544+05:30,15,1
108,784955,484,505,1754127890772,2025-08-02 15:14:50.772453+05:30,15,1
109,785055,483,507,1754127890873,2025-08-02 15:14:50.873307+05:30,15,1
110,785157,483,506,1754127890974,2025-08-02 15:14:50.974375+05:30,15,1
111,785257,484,509,1754127891075,2025-08-02 15:14:51.075216+05:30,15,1
112,785358,485,507,1754127891176,2025-08-02 15:14:51.176031+05:30,15,1
113,785459,482,521,1754127891276,2025-08-02 15:14:51.276743+05:30,15,1
114,785560,483,517,1754127891377,2025-08-02 15:14:51.377571+05:30,15,1
115,785660,483,505,1754127891478,2025-08-02 15:14:51.478284+05:30,15,1
116,785762,484,509,1754127891579,2025-08-02 15:14:51.579163+05:30,15,1
117,785862,482,509,1754127891680,2025-08-02 15:14:51.680133+05:30,15,1
118,785964,484,508,1754127891780,2025-08-02 15:14:51.780829+05:30,15,1
119,786064,483,504,1754127891881,2025-08-02 15:14:51.881520+05:30,15,1
120,786165,484,526,1754127891982,2025-08-02 15:14:51.982345+05:30,15,1
121,786266,484,516,1754127892083,2025-08-02 15:14:52.083348+05:30,15,1
122,786367,485,503,1754127892184,2025-08-02 15:14:52.184153+05:30,15,1
123,786467,486,506,1754127892284,2025-08-02 15:14:52.284939+05:30,15,1
124,786569,486,511,1754127892385,2025-08-02 15:14:52.385926+05:30,15,1
125,786669,486,508,1754127892486,2025-08-02 15:14:52.486756+05:30,15,1
126,786769,487,509,1754127892587,2025-08-02 15:14:52.587532+05:30,15,1
127,786871,486,526,1754127892688,2025-08-02 15:14:52.688269+05:30,15,1
128,786971,485,514,1754127892789,2025-08-02 15:14:52.789313+05:30,15,1
129,787073,485,503,1754127892890,2025-08-02 15:14:52.890083+05:30,15,1
130,787173,485,510,1754127892990,2025-08-02 15:14:52.990916+05:30,15,1
131,787274,485,507,1754127893091,2025-08-02 15:14:53.091814+05:30,15,1
132,787375,485,507,1754127893192,2025-08-02 15:14:53.192436+05:30,15,1
133,787476,485,507,1754127893293,2025-08-02 15:14:53.293449+05:30,15,1
134,787576,483,527,1754127893394,2025-08-02 15:14:53.394273+05:30,15,1
135,787678,482,509,1754127893495,2025-08-02 15:14:53.495217+05:30,15,1
136,787778,482,505,1754127893595,2025-08-02 15:14:53.595848+05:30,15,1
137,787879,483,511,1754127893696,2025-08-02 15:14:53.696780+05:30,15,1
138,787980,483,509,1754127893797,2025-08-02 15:14:53.797337+05:30,15,1
139,788081,483,507,1754127893898,2025-08-02 15:14:53.898153+05:30,15,1
140,788182,483,514,1754127893999,2025-08-02 15:14:53.999026+05:30,15,1
141,788283,484,525,1754127894099,2025-08-02 15:14:54.099854+05:30,15,1
142,788383,484,509,1754127894200,2025-08-02 15:14:54.200618+05:30,15,1
143,788485,486,505,1754127894301,2025-08-02 15:14:54.301499+05:30,15,1
144,788585,485,511,1754127894402,2025-08-02 15:14:54.402515+05:30,15,1
145,788685,485,507,1754127894503,2025-08-02 15:14:54.503151+05:30,15,1
146,788787,486,509,1754127894604,2025-08-02 15:14:54.603996+05:30,15,1
147,788887,487,516,1754127894705,2025-08-02 15:14:54.705107+05:30,15,1
148,788988,486,522,1754127894805,2025-08-02 15:14:54.805868+05:30,15,1
149,789089,486,507,1754127894906,2025-08-02 15:14:54.906617+05:30,15,1
150,789190,487,508,1754127895007,2025-08-02 15:14:55.007665+05:30,15,1
151,789291,487,508,1754127895108,2025-08-02 15:14:55.108433+05:30,15,1
152,789392,486,509,1754127895209,2025-08-02 15:14:55.209297+05:30,15,1
153,789492,486,506,1754127895310,2025-08-02 15:14:55.310143+05:30,15,1
154,789594,487,516,1754127895410,2025-08-02 15:14:55.410887+05:30,15,1
155,789694,486,521,1754127895511,2025-08-02 15:14:55.511731+05:30,15,1
156,789795,486,505,1754127895612,2025-08-02 15:14:55.612548+05:30,15,1
157,789896,484,508,1754127895713,2025-08-02 15:14:55.713220+05:30,15,1
158,789997,484,508,1754127895814,2025-08-02 15:14:55.814181+05:30,15,1
159,790097,484,505,1754127895915,2025-08-02 15:14:55.915008+05:30,15,1
160,790199,483,507,1754127896015,2025-08-02 15:14:56.015877+05:30,15,1
161,790299,483,516,1754127896117,2025-08-02 15:14:56.117020+05:30,15,1
162,790401,483,523,1754127896217,2025-08-02 15:14:56.217519+05:30,15,1
163,790501,483,502,1754127896318,2025-08-02 15:14:56.318316+05:30,15,1
164,790601,483,510,1754127896419,2025-08-02 15:14:56.419049+05:30,15,1
165,790703,483,508,1754127896520,2025-08-02 15:14:56.519997+05:30,15,1
166,790803,484,501,1754127896620,2025-08-02 15:14:56.620709+05:30,15,1
167,790904,484,503,1754127896721,2025-08-02 15:14:56.721606+05:30,15,1
168,791005,485,515,1754127896822,2025-08-02 15:14:56.822340+05:30,15,1
169,791106,485,501,1754127896923,2025-08-02 15:14:56.923260+05:30,15,1
170,791206,485,498,1754127897024,2025-08-02 15:14:57.024009+05:30,15,1
171,791308,486,507,1754127897124,2025-08-02 15:14:57.124906+05:30,15,1
172,791408,486,507,1754127897226,2025-08-02 15:14:57.226010+05:30,15,1
173,791510,486,507,1754127897326,2025-08-02 15:14:57.326566+05:30,15,1
174,791610,485,513,1754127897427,2025-08-02 15:14:57.427423+05:30,15,1
175,791711,486,538,1754127897528,2025-08-02 15:14:57.528333+05:30,15,1
176,791812,486,513,1754127897629,2025-08-02 15:14:57.629108+05:30,15,1
177,791913,485,509,1754127897730,2025-08-02 15:14:57.730038+05:30,15,1
178,792013,485,514,1754127897830,2025-08-02 15:14:57.830843+05:30,15,1
179,792115,485,508,1754127897931,2025-08-02 15:14:57.931595+05:30,15,1
180,792215,484,506,1754127898032,2025-08-02 15:14:58.032430+05:30,15,1
181,792316,485,522,1754127898133,2025-08-02 15:14:58.133334+05:30,15,1
182,792417,484,523,1754127898234,2025-08-02 15:14:58.234121+05:30,15,1
183,792517,483,506,1754127898334,2025-08-02 15:14:58.334974+05:30,15,1
184,792619,482,510,1754127898435,2025-08-02 15:14:58.435809+05:30,15,1
185,792719,483,510,1754127898536,2025-08-02 15:14:58.536608+05:30,15,1
186,792820,483,505,1754127898637,2025-08-02 15:14:58.637476+05:30,15,1
187,792921,482,507,1754127898738,2025-08-02 15:14:58.738292+05:30,15,1
188,793022,482,527,1754127898839,2025-08-02 15:14:58.839176+05:30,15,1
189,793122,483,520,1754127898940,2025-08-02 15:14:58.940328+05:30,15,1
190,793224,483,503,1754127899040,2025-08-02 15:14:59.040960+05:30,15,1
191,793324,483,509,1754127899141,2025-08-02 15:14:59.141820+05:30,15,1
192,793425,484,506,1754127899242,2025-08-02 15:14:59.242682+05:30,15,1
193,793526,484,504,1754127899343,2025-08-02 15:14:59.343658+05:30,15,1
194,793627,484,507,1754127899444,2025-08-02 15:14:59.444392+05:30,15,1
195,793728,485,529,1754127899545,2025-08-02 15:14:59.545258+05:30,15,1
196,793829,485,506,1754127899646,2025-08-02 15:14:59.646147+05:30,15,1
197,793929,486,493,1754127899746,2025-08-02 15:14:59.746924+05:30,15,1
198,794031,486,500,1754127899847,2025-08-02 15:14:59.847786+05:30,15,1
199,794131,487,502,1754127899948,2025-08-02 15:14:59.948596+05:30,15,1
200,794232,487,504,1754127900049,2025-08-02 15:15:00.049422+05:30,15,1
201,794333,492,510,1754127900150,2025-08-02 15:15:00.150187+05:30,15,1
202,794433,493,520,1754127900250,2025-08-02 15:15:00.250954+05:30,15,1
203,794534,494,505,1754127900351,2025-08-02 15:15:00.351913+05:30,15,1
204,794635,494,505,1754127900452,2025-08-02 15:15:00.452893+05:30,15,1
205,794736,495,511,1754127900553,2025-08-02 15:15:00.553464+05:30,15,1
206,794836,494,507,1754127900654,2025-08-02 15:15:00.654326+05:30,15,1
207,794938,494,509,1754127900755,2025-08-02 15:15:00.755180+05:30,15,1
208,795038,494,521,1754127900856,2025-08-02 15:15:00.856444+05:30,15,1
209,795140,493,525,1754127900956,2025-08-02 15:15:00.956913+05:30,15,1
210,795240,492,507,1754127901057,2025-08-02 15:15:01.057741+05:30,15,1
211,795341,492,509,1754127901158,2025-08-02 15:15:01.158423+05:30,15,1
212,795442,493,512,1754127901259,2025-08-02 15:15:01.259300+05:30,15,1
213,795543,493,511,1754127901360,2025-08-02 15:15:01.360115+05:30,15,1
214,795643,492,504,1754127901460,2025-08-02 15:15:01.460907+05:30,15,1
215,795745,491,527,1754127901561,2025-08-02 15:15:01.561963+05:30,15,1
216,795845,492,519,1754127901662,2025-08-02 15:15:01.662829+05:30,15,1
217,795947,492,505,1754127901763,2025-08-02 15:15:01.763457+05:30,15,1
218,796047,492,512,1754127901864,2025-08-02 15:15:01.864233+05:30,15,1
219,796148,493,510,1754127901965,2025-08-02 15:15:01.965069+05:30,15,1
220,796249,493,507,1754127902065,2025-08-02 15:15:02.065976+05:30,15,1
221,796349,492,507,1754127902166,2025-08-02 15:15:02.166770+05:30,15,1
222,796450,493,525,1754127902267,2025-08-02 15:15:02.267511+05:30,15,1
223,796551,493,522,1754127902368,2025-08-02 15:15:02.368415+05:30,15,1
224,796652,493,502,1754127902469,2025-08-02 15:15:02.469358+05:30,15,1
225,796752,493,508,1754127902570,2025-08-02 15:15:02.570161+05:30,15,1
226,796854,493,510,1754127902670,2025-08-02 15:15:02.670898+05:30,15,1
227,796954,493,507,1754127902771,2025-08-02 15:15:02.771826+05:30,15,1
228,797056,491,508,1754127902872,2025-08-02 15:15:02.872543+05:30,15,1
229,797156,492,527,1754127902973,2025-08-02 15:15:02.973451+05:30,15,1
230,797257,491,518,1754127903074,2025-08-02 15:15:03.074373+05:30,15,1
231,797358,492,498,1754127903175,2025-08-02 15:15:03.175286+05:30,15,1
232,797459,490,508,1754127903275,2025-08-02 15:15:03.275881+05:30,15,1
233,797559,490,507,1754127903376,2025-08-02 15:15:03.376696+05:30,15,1
234,797661,489,507,1754127903477,2025-08-02 15:15:03.477652+05:30,15,1
235,797761,487,506,1754127903578,2025-08-02 15:15:03.578483+05:30,15,1
236,797862,488,525,1754127903679,2025-08-02 15:15:03.679372+05:30,15,1
237,797963,488,517,1754127903780,2025-08-02 15:15:03.780085+05:30,15,1
238,798064,487,506,1754127903880,2025-08-02 15:15:03.880879+05:30,15,1
239,798164,487,510,1754127903981,2025-08-02 15:15:03.981793+05:30,15,1
240,798265,487,507,1754127904082,2025-08-02 15:15:04.082542+05:30,15,1
241,798366,487,506,1754127904183,2025-08-02 15:15:04.183531+05:30,15,1
242,798467,488,509,1754127904284,2025-08-02 15:15:04.284363+05:30,15,1
243,798568,488,519,1754127904385,2025-08-02 15:15:04.385041+05:30,15,1
244,798668,489,526,1754127904486,2025-08-02 15:15:04.486473+05:30,15,1
245,798770,489,504,1754127904587,2025-08-02 15:15:04.587137+05:30,15,1
246,798870,489,508,1754127904687,2025-08-02 15:15:04.687953+05:30,15,1
247,798971,489,511,1754127904788,2025-08-02 15:15:04.788590+05:30,15,1
248,799072,489,507,1754127904889,2025-08-02 15:15:04.889586+05:30,15,1
249,799173,489,507,1754127904990,2025-08-02 15:15:04.990309+05:30,15,1
250,799273,489,509,1754127905091,2025-08-02 15:15:05.091073+05:30,15,1
251,799375,490,528,1754127905191,2025-08-02 15:15:05.191923+05:30,15,1
252,799475,490,506,1754127905292,2025-08-02 15:15:05.292626+05:30,15,1
253,799577,490,508,1754127905393,2025-08-02 15:15:05.393413+05:30,15,1
254,799677,490,510,1754127905494,2025-08-02 15:15:05.494355+05:30,15,1
255,799778,490,507,1754127905595,2025-08-02 15:15:05.595065+05:30,15,1
256,799879,489,505,1754127905696,2025-08-02 15:15:05.696063+05:30,15,1
257,799980,491,515,1754127905797,2025-08-02 15:15:05.797106+05:30,15,1
258,800080,488,530,1754127905897,2025-08-02 15:15:05.897593+05:30,15,1
259,800182,489,503,1754127905998,2025-08-02 15:15:05.998533+05:30,15,1
260,800282,488,509,1754127906099,2025-08-02 15:15:06.099397+05:30,15,1
261,800382,487,512,1754127906200,2025-08-02 15:15:06.200263+05:30,15,1
262,800484,487,505,1754127906301,2025-08-02 15:15:06.301282+05:30,15,1
263,800584,487,509,1754127906401,2025-08-02 15:15:06.401952+05:30,15,1
264,800686,487,528,1754127906502,2025-08-02 15:15:06.502811+05:30,15,1
265,800786,487,518,1754127906603,2025-08-02 15:15:06.603873+05:30,15,1
266,800887,487,503,1754127906704,2025-08-02 15:15:06.704553+05:30,15,1
267,800988,487,509,1754127906805,2025-08-02 15:15:06.805231+05:30,15,1
268,801089,488,508,1754127906906,2025-08-02 15:15:06.906316+05:30,15,1
269,801189,489,506,1754127907007,2025-08-02 15:15:07.007119+05:30,15,1
270,801291,488,512,1754127907108,2025-08-02 15:15:07.108085+05:30,15,1
271,801391,488,529,1754127907208,2025-08-02 15:15:07.208705+05:30,15,1
272,801492,491,509,1754127907309,2025-08-02 15:15:07.309493+05:30,15,1
273,801593,489,507,1754127907410,2025-08-02 15:15:07.410436+05:30,15,1
274,801694,488,507,1754127907511,2025-08-02 15:15:07.511184+05:30,15,1
275,801795,489,506,1754127907612,2025-08-02 15:15:07.612117+05:30,15,1
276,801896,489,507,1754127907712,2025-08-02 15:15:07.712783+05:30,15,1
277,801996,490,516,1754127907813,2025-08-02 15:15:07.813524+05:30,15,1
278,802097,489,527,1754127907914,2025-08-02 15:15:07.914932+05:30,15,1
279,802198,491,503,1754127908015,2025-08-02 15:15:08.015340+05:30,15,1
280,802298,489,507,1754127908116,2025-08-02 15:15:08.116228+05:30,15,1
281,802400,489,509,1754127908217,2025-08-02 15:15:08.217204+05:30,15,1
282,802500,488,506,1754127908317,2025-08-02 15:15:08.317894+05:30,15,1
283,802601,488,507,1754127908418,2025-08-02 15:15:08.418761+05:30,15,1
284,802702,488,517,1754127908519,2025-08-02 15:15:08.519324+05:30,15,1
285,802803,487,523,1754127908620,2025-08-02 15:15:08.620491+05:30,15,1
286,802904,487,505,1754127908720,2025-08-02 15:15:08.720966+05:30,15,1
287,803005,485,509,1754127908821,2025-08-02 15:15:08.821786+05:30,15,1
288,803105,487,507,1754127908922,2025-08-02 15:15:08.922670+05:30,15,1
289,803207,487,510,1754127909023,2025-08-02 15:15:09.023511+05:30,15,1
290,803307,487,507,1754127909124,2025-08-02 15:15:09.124544+05:30,15,1
291,803408,486,520,1754127909225,2025-08-02 15:15:09.225303+05:30,15,1
292,803509,487,523,1754127909326,2025-08-02 15:15:09.326135+05:30,15,1
293,803610,486,503,1754127909426,2025-08-02 15:15:09.426936+05:30,15,1
294,803710,484,509,1754127909527,2025-08-02 15:15:09.527739+05:30,15,1
295,803812,484,508,1754127909628,2025-08-02 15:15:09.628508+05:30,15,1
296,803912,486,506,1754127909729,2025-08-02 15:15:09.729422+05:30,15,1
297,804013,488,508,1754127909830,2025-08-02 15:15:09.830195+05:30,15,1
298,804114,488,528,1754127909931,2025-08-02 15:15:09.931042+05:30,15,1
299,804214,489,518,1754127910032,2025-08-02 15:15:10.031997+05:30,15,1
300,804316,490,503,1754127910132,2025-08-02 15:15:10.132650+05:30,15,1
301,804416,489,509,1754127910233,2025-08-02 15:15:10.233582+05:30,15,1
302,804517,489,509,1754127910334,2025-08-02 15:15:10.334327+05:30,15,1
303,804618,489,506,1754127910435,2025-08-02 15:15:10.435282+05:30,15,1
304,804719,489,508,1754127910536,2025-08-02 15:15:10.536125+05:30,15,1
305,804819,489,529,1754127910636,2025-08-02 15:15:10.636882+05:30,15,1
306,804921,489,513,1754127910738,2025-08-02 15:15:10.737999+05:30,15,1
307,805021,488,504,1754127910838,2025-08-02 15:15:10.838583+05:30,15,1
308,805123,487,509,1754127910939,2025-08-02 15:15:10.939353+05:30,15,1
309,805223,487,506,1754127911040,2025-08-02 15:15:11.040272+05:30,15,1
310,805324,485,506,1754127911141,2025-08-02 15:15:11.141097+05:30,15,1
311,805425,486,509,1754127911241,2025-08-02 15:15:11.241907+05:30,15,1
312,805526,486,529,1754127911342,2025-08-02 15:15:11.342731+05:30,15,1
313,805626,487,511,1754127911443,2025-08-02 15:15:11.443779+05:30,15,1
314,805728,487,505,1754127911544,2025-08-02 15:15:11.544516+05:30,15,1
315,805828,486,510,1754127911645,2025-08-02 15:15:11.645265+05:30,15,1
316,805928,487,505,1754127911746,2025-08-02 15:15:11.746074+05:30,15,1
317,806030,486,505,1754127911846,2025-08-02 15:15:11.846928+05:30,15,1
318,806130,486,508,1754127911947,2025-08-02 15:15:11.947749+05:30,15,1
319,806232,487,530,1754127912048,2025-08-02 15:15:12.048644+05:30,15,1
320,806332,488,512,1754127912149,2025-08-02 15:15:12.149416+05:30,15,1
321,806433,488,503,1754127912250,2025-08-02 15:15:12.250394+05:30,15,1
322,806534,488,510,1754127912351,2025-08-02 15:15:12.351139+05:30,15,1
323,806635,488,509,1754127912451,2025-08-02 15:15:12.451970+05:30,15,1
324,806735,489,507,1754127912552,2025-08-02 15:15:12.552845+05:30,15,1
325,806837,491,508,1754127912653,2025-08-02 15:15:12.653618+05:30,15,1
326,806937,489,525,1754127912754,2025-08-02 15:15:12.754591+05:30,15,1
327,807038,490,513,1754127912855,2025-08-02 15:15:12.855233+05:30,15,1
328,807139,489,506,1754127912956,2025-08-02 15:15:12.956049+05:30,15,1
329,807240,489,510,1754127913057,2025-08-02 15:15:13.056993+05:30,15,1
330,807341,489,507,1754127913157,2025-08-02 15:15:13.157704+05:30,15,1
331,807442,489,506,1754127913258,2025-08-02 15:15:13.258581+05:30,15,1
332,807542,489,510,1754127913359,2025-08-02 15:15:13.359362+05:30,15,1
333,807643,488,529,1754127913460,2025-08-02 15:15:13.460285+05:30,15,1
334,807744,488,509,1754127913561,2025-08-02 15:15:13.561251+05:30,15,1
335,807844,487,502,1754127913661,2025-08-02 15:15:13.661947+05:30,15,1
336,807946,487,509,1754127913763,2025-08-02 15:15:13.763020+05:30,15,1
337,808046,486,507,1754127913863,2025-08-02 15:15:13.863827+05:30,15,1
338,808147,487,507,1754127913964,2025-08-02 15:15:13.964569+05:30,15,1
339,808248,486,512,1754127914065,2025-08-02 15:15:14.065227+05:30,15,1
340,808349,486,526,1754127914166,2025-08-02 15:15:14.166198+05:30,15,1
341,808450,487,505,1754127914266,2025-08-02 15:15:14.266920+05:30,15,1
342,808551,487,507,1754127914367,2025-08-02 15:15:14.367786+05:30,15,1
343,808651,486,508,1754127914468,2025-08-02 15:15:14.468575+05:30,15,1
344,808753,487,507,1754127914569,2025-08-02 15:15:14.569450+05:30,15,1
345,808853,487,506,1754127914670,2025-08-02 15:15:14.670340+05:30,15,1
346,808954,488,512,1754127914771,2025-08-02 15:15:14.771198+05:30,15,1
347,809055,488,524,1754127914871,2025-08-02 15:15:14.871925+05:30,15,1
348,809156,488,507,1754127914972,2025-08-02 15:15:14.972747+05:30,15,1
349,809256,488,507,1754127915073,2025-08-02 15:15:15.073793+05:30,15,1
350,809358,489,507,1754127915174,2025-08-02 15:15:15.174476+05:30,15,1
351,809458,489,507,1754127915275,2025-08-02 15:15:15.275253+05:30,15,1
352,809559,489,507,1754127915376,2025-08-02 15:15:15.376159+05:30,15,1
353,809660,489,513,1754127915477,2025-08-02 15:15:15.477296+05:30,15,1
354,809760,490,530,1754127915578,2025-08-02 15:15:15.578013+05:30,15,1
355,809862,489,508,1754127915679,2025-08-02 15:15:15.679139+05:30,15,1
356,809962,489,507,1754127915779,2025-08-02 15:15:15.779666+05:30,15,1
357,810063,489,510,1754127915880,2025-08-02 15:15:15.880560+05:30,15,1
358,810164,488,506,1754127915981,2025-08-02 15:15:15.981290+05:30,15,1
359,810265,488,508,1754127916082,2025-08-02 15:15:16.082201+05:30,15,1
360,810365,488,512,1754127916183,2025-08-02 15:15:16.183072+05:30,15,1
361,810467,489,526,1754127916283,2025-08-02 15:15:16.283926+05:30,15,1
362,810567,487,510,1754127916384,2025-08-02 15:15:16.384542+05:30,15,1
363,810669,486,507,1754127916485,2025-08-02 15:15:16.485503+05:30,15,1
364,810769,486,510,1754127916586,2025-08-02 15:15:16.586302+05:30,15,1
365,810870,486,510,1754127916687,2025-08-02 15:15:16.687227+05:30,15,1
366,810971,487,507,1754127916787,2025-08-02 15:15:16.787972+05:30,15,1
367,811072,486,512,1754127916888,2025-08-02 15:15:16.888797+05:30,15,1
368,811172,486,529,1754127916989,2025-08-02 15:15:16.989520+05:30,15,1
369,811274,488,510,1754127917090,2025-08-02 15:15:17.090249+05:30,15,1
370,811374,487,505,1754127917191,2025-08-02 15:15:17.191216+05:30,15,1
371,811474,489,509,1754127917292,2025-08-02 15:15:17.292090+05:30,15,1
372,811576,488,506,1754127917392,2025-08-02 15:15:17.392938+05:30,15,1
373,811676,489,505,1754127917493,2025-08-02 15:15:17.493782+05:30,15,1
374,811778,488,510,1754127917594,2025-08-02 15:15:17.594760+05:30,15,1
375,811878,488,528,1754127917695,2025-08-02 15:15:17.695529+05:30,15,1
376,811979,489,515,1754127917796,2025-08-02 15:15:17.796302+05:30,15,1
377,812080,489,500,1754127917897,2025-08-02 15:15:17.897223+05:30,15,1
378,812181,489,511,1754127917998,2025-08-02 15:15:17.998158+05:30,15,1
379,812281,489,507,1754127918098,2025-08-02 15:15:18.098958+05:30,15,1
380,812383,489,506,1754127918199,2025-08-02 15:15:18.199604+05:30,15,1
381,812483,489,506,1754127918300,2025-08-02 15:15:18.300636+05:30,15,1
382,812584,489,518,1754127918401,2025-08-02 15:15:18.401426+05:30,15,1
383,812685,489,521,1754127918502,2025-08-02 15:15:18.502159+05:30,15,1
384,812786,489,503,1754127918602,2025-08-02 15:15:18.602960+05:30,15,1
385,812887,487,508,1754127918703,2025-08-02 15:15:18.703646+05:30,15,1
386,812988,487,510,1754127918804,2025-08-02 15:15:18.804520+05:30,15,1
387,813088,487,507,1754127918905,2025-08-02 15:15:18.905374+05:30,15,1
388,813190,487,508,1754127919006,2025-08-02 15:15:19.006158+05:30,15,1
389,813290,486,522,1754127919107,2025-08-02 15:15:19.107084+05:30,15,1
390,813390,486,521,1754127919207,2025-08-02 15:15:19.207859+05:30,15,1
391,813492,486,506,1754127919308,2025-08-02 15:15:19.308795+05:30,15,1
392,813592,486,507,1754127919409,2025-08-02 15:15:19.409570+05:30,15,1
393,813693,487,509,1754127919510,2025-08-02 15:15:19.510374+05:30,15,1
394,813794,487,508,1754127919611,2025-08-02 15:15:19.611275+05:30,15,1
395,813895,486,509,1754127919712,2025-08-02 15:15:19.712135+05:30,15,1
396,813996,487,528,1754127919812,2025-08-02 15:15:19.812863+05:30,15,1
397,814097,487,515,1754127919913,2025-08-02 15:15:19.913767+05:30,15,1
398,814197,487,505,1754127920014,2025-08-02 15:15:20.014575+05:30,15,1
399,814299,488,509,1754127920115,2025-08-02 15:15:20.115493+05:30,15,1
400,814399,489,508,1754127920216,2025-08-02 15:15:20.216383+05:30,15,1
401,814500,488,507,1754127920317,2025-08-02 15:15:20.317060+05:30,15,1
402,814601,489,510,1754127920418,2025-08-02 15:15:20.418004+05:30,15,1
403,814702,489,530,1754127920518,2025-08-02 15:15:20.518708+05:30,15,1
404,814802,489,515,1754127920619,2025-08-02 15:15:20.619604+05:30,15,1
405,814904,490,503,1754127920720,2025-08-02 15:15:20.720375+05:30,15,1
406,815004,490,509,1754127920821,2025-08-02 15:15:20.821249+05:30,15,1
407,815106,489,508,1754127920922,2025-08-02 15:15:20.922174+05:30,15,1
408,815206,489,506,1754127921022,2025-08-02 15:15:21.022979+05:30,15,1
409,815306,488,510,1754127921123,2025-08-02 15:15:21.123775+05:30,15,1
410,815408,487,525,1754127921224,2025-08-02 15:15:21.224545+05:30,15,1
411,815508,488,511,1754127921325,2025-08-02 15:15:21.325473+05:30,15,1
412,815609,488,505,1754127921426,2025-08-02 15:15:21.426279+05:30,15,1
413,815710,487,509,1754127921527,2025-08-02 15:15:21.527148+05:30,15,1
414,815811,484,508,1754127921628,2025-08-02 15:15:21.628133+05:30,15,1
415,815911,486,503,1754127921729,2025-08-02 15:15:21.729034+05:30,15,1
416,816013,486,512,1754127921829,2025-08-02 15:15:21.829873+05:30,15,1
417,816113,486,526,1754127921930,2025-08-02 15:15:21.930831+05:30,15,1
418,816215,486,509,1754127922031,2025-08-02 15:15:22.031505+05:30,15,1
419,816315,486,506,1754127922132,2025-08-02 15:15:22.132272+05:30,15,1
420,816416,486,510,1754127922233,2025-08-02 15:15:22.233198+05:30,15,1
421,816517,486,507,1754127922334,2025-08-02 15:15:22.334068+05:30,15,1
422,816618,487,506,1754127922434,2025-08-02 15:15:22.434929+05:30,15,1
423,816718,487,515,1754127922535,2025-08-02 15:15:22.535616+05:30,15,1
424,816820,487,526,1754127922636,2025-08-02 15:15:22.636413+05:30,15,1
425,816920,488,507,1754127922737,2025-08-02 15:15:22.737132+05:30,15,1
426,817021,488,505,1754127922838,2025-08-02 15:15:22.838044+05:30,15,1
427,817122,490,508,1754127922938,2025-08-02 15:15:22.938892+05:30,15,1
428,817222,489,507,1754127923039,2025-08-02 15:15:23.039674+05:30,15,1
429,817324,489,508,1754127923140,2025-08-02 15:15:23.140495+05:30,15,1
430,817424,487,513,1754127923241,2025-08-02 15:15:23.241305+05:30,15,1
431,817525,487,527,1754127923342,2025-08-02 15:15:23.342142+05:30,15,1
432,817626,485,509,1754127923443,2025-08-02 15:15:23.443056+05:30,15,1
433,817727,486,506,1754127923543,2025-08-02 15:15:23.543793+05:30,15,1
434,817827,485,508,1754127923644,2025-08-02 15:15:23.644645+05:30,15,1
435,817929,484,505,1754127923745,2025-08-02 15:15:23.745621+05:30,15,1
436,818029,484,506,1754127923846,2025-08-02 15:15:23.846326+05:30,15,1
437,818130,484,506,1754127923947,2025-08-02 15:15:23.947147+05:30,15,1
438,818231,483,526,1754127924048,2025-08-02 15:15:24.048042+05:30,15,1
439,818332,482,509,1754127924148,2025-08-02 15:15:24.148910+05:30,15,1
440,818433,482,506,1754127924249,2025-08-02 15:15:24.249590+05:30,15,1
441,818534,485,507,1754127924350,2025-08-02 15:15:24.350472+05:30,15,1
442,818634,485,505,1754127924451,2025-08-02 15:15:24.451355+05:30,15,1
443,818736,486,508,1754127924552,2025-08-02 15:15:24.552198+05:30,15,1
444,818836,486,510,1754127924653,2025-08-02 15:15:24.653031+05:30,15,1
445,818937,486,531,1754127924753,2025-08-02 15:15:24.753772+05:30,15,1
446,819038,486,514,1754127924854,2025-08-02 15:15:24.854841+05:30,15,1
447,819138,486,506,1754127924955,2025-08-02 15:15:24.955525+05:30,15,1
448,819239,487,511,1754127925056,2025-08-02 15:15:25.056676+05:30,15,1
449,819340,487,508,1754127925157,2025-08-02 15:15:25.157579+05:30,15,1
450,819441,488,507,1754127925258,2025-08-02 15:15:25.258109+05:30,15,1
451,819542,488,510,1754127925359,2025-08-02 15:15:25.358979+05:30,15,1
452,819643,489,530,1754127925459,2025-08-02 15:15:25.459846+05:30,15,1
453,819743,489,511,1754127925560,2025-08-02 15:15:25.560651+05:30,15,1
454,819845,488,506,1754127925661,2025-08-02 15:15:25.661470+05:30,15,1
455,819945,489,509,1754127925762,2025-08-02 15:15:25.762431+05:30,15,1
456,820046,489,508,1754127925863,2025-08-02 15:15:25.863220+05:30,15,1
457,820147,489,507,1754127925964,2025-08-02 15:15:25.964172+05:30,15,1
458,820248,488,509,1754127926064,2025-08-02 15:15:26.064730+05:30,15,1
459,820348,489,529,1754127926165,2025-08-02 15:15:26.165563+05:30,15,1
460,820450,488,520,1754127926266,2025-08-02 15:15:26.266404+05:30,15,1
461,820550,487,504,1754127926367,2025-08-02 15:15:26.367178+05:30,15,1
462,820652,487,510,1754127926467,2025-08-02 15:15:26.467941+05:30,15,1
463,820752,487,510,1754127926568,2025-08-02 15:15:26.568856+05:30,15,1
464,820852,488,507,1754127926669,2025-08-02 15:15:26.669581+05:30,15,1
465,820954,487,508,1754127926770,2025-08-02 15:15:26.770506+05:30,15,1
466,821054,486,513,1754127926871,2025-08-02 15:15:26.871337+05:30,15,1
467,821155,486,527,1754127926972,2025-08-02 15:15:26.972399+05:30,15,1
468,821256,486,505,1754127927073,2025-08-02 15:15:27.073076+05:30,15,1
469,821357,486,507,1754127927174,2025-08-02 15:15:27.173983+05:30,15,1
470,821457,486,509,1754127927274,2025-08-02 15:15:27.274810+05:30,15,1
471,821559,488,504,1754127927375,2025-08-02 15:15:27.375953+05:30,15,1
472,821659,486,507,1754127927476,2025-08-02 15:15:27.476568+05:30,15,1
473,821761,488,506,1754127927577,2025-08-02 15:15:27.577341+05:30,15,1
474,821861,487,526,1754127927678,2025-08-02 15:15:27.678114+05:30,15,1
475,821962,487,512,1754127927779,2025-08-02 15:15:27.779128+05:30,15,1
476,822063,488,505,1754127927879,2025-08-02 15:15:27.879909+05:30,15,1
477,822164,489,507,1754127927980,2025-08-02 15:15:27.980609+05:30,15,1
478,822264,488,508,1754127928081,2025-08-02 15:15:28.081331+05:30,15,1
479,822366,489,507,1754127928182,2025-08-02 15:15:28.182363+05:30,15,1
480,822466,489,509,1754127928283,2025-08-02 15:15:28.283062+05:30,15,1
481,822566,490,524,1754127928383,2025-08-02 15:15:28.383938+05:30,15,1
482,822668,489,515,1754127928484,2025-08-02 15:15:28.484753+05:30,15,1
483,822768,489,503,1754127928585,2025-08-02 15:15:28.585486+05:30,15,1
484,822870,489,509,1754127928686,2025-08-02 15:15:28.686387+05:30,15,1
485,822970,488,508,1754127928787,2025-08-02 15:15:28.787187+05:30,15,1
486,823071,488,507,1754127928888,2025-08-02 15:15:28.888423+05:30,15,1
487,823172,488,508,1754127928988,2025-08-02 15:15:28.988852+05:30,15,1
488,823273,487,522,1754127929089,2025-08-02 15:15:29.089782+05:30,15,1
489,823373,487,521,1754127929190,2025-08-02 15:15:29.190580+05:30,15,1
490,823475,486,504,1754127929291,2025-08-02 15:15:29.291335+05:30,15,1
491,823575,486,508,1754127929392,2025-08-02 15:15:29.392225+05:30,15,1
492,823676,486,507,1754127929492,2025-08-02 15:15:29.492921+05:30,15,1
493,823777,485,509,1754127929593,2025-08-02 15:15:29.593840+05:30,15,1
494,823878,486,506,1754127929694,2025-08-02 15:15:29.694555+05:30,15,1
495,823979,486,517,1754127929795,2025-08-02 15:15:29.795493+05:30,15,1
496,824080,485,525,1754127929896,2025-08-02 15:15:29.896344+05:30,15,1
497,824180,486,508,1754127929997,2025-08-02 15:15:29.997365+05:30,15,1
498,824282,486,507,1754127930098,2025-08-02 15:15:30.098164+05:30,15,1
499,824382,487,508,1754127930198,2025-08-02 15:15:30.198975+05:30,15,1
500,824482,487,508,1754127930300,2025-08-02 15:15:30.300041+05:30,15,1
501,824584,488,508,1754127930400,2025-08-02 15:15:30.400703+05:30,15,1
502,824684,487,514,1754127930501,2025-08-02 15:15:30.501567+05:30,15,1
503,824785,487,526,1754127930602,2025-08-02 15:15:30.602526+05:30,15,1
504,824886,488,503,1754127930703,2025-08-02 15:15:30.703339+05:30,15,1
505,824987,488,509,1754127930804,2025-08-02 15:15:30.804014+05:30,15,1
506,825088,489,508,1754127930904,2025-08-02 15:15:30.904912+05:30,15,1
507,825189,489,508,1754127931005,2025-08-02 15:15:31.005412+05:30,15,1
508,825289,489,509,1754127931106,2025-08-02 15:15:31.106268+05:30,15,1
509,825391,489,518,1754127931207,2025-08-02 15:15:31.207122+05:30,15,1
510,825491,488,525,1754127931308,2025-08-02 15:15:31.307990+05:30,15,1
511,825592,488,506,1754127931408,2025-08-02 15:15:31.408949+05:30,15,1
512,825693,487,507,1754127931509,2025-08-02 15:15:31.509723+05:30,15,1
513,825794,488,507,1754127931610,2025-08-02 15:15:31.610471+05:30,15,1
514,825894,487,506,1754127931711,2025-08-02 15:15:31.711337+05:30,15,1
515,825996,486,511,1754127931812,2025-08-02 15:15:31.812185+05:30,15,1
516,826096,486,517,1754127931913,2025-08-02 15:15:31.913039+05:30,15,1
517,826196,485,524,1754127932013,2025-08-02 15:15:32.013866+05:30,15,1
518,826298,484,505,1754127932114,2025-08-02 15:15:32.114665+05:30,15,1
519,826398,486,507,1754127932215,2025-08-02 15:15:32.215523+05:30,15,1
520,826500,486,509,1754127932316,2025-08-02 15:15:32.316357+05:30,15,1
521,826600,485,509,1754127932417,2025-08-02 15:15:32.417293+05:30,15,1
522,826701,485,508,1754127932518,2025-08-02 15:15:32.518169+05:30,15,1
523,826802,485,520,1754127932619,2025-08-02 15:15:32.619022+05:30,15,1
524,826903,487,520,1754127932719,2025-08-02 15:15:32.719832+05:30,15,1
525,827003,486,504,1754127932820,2025-08-02 15:15:32.820534+05:30,15,1
526,827105,487,510,1754127932921,2025-08-02 15:15:32.921580+05:30,15,1
527,827205,487,509,1754127933022,2025-08-02 15:15:33.022399+05:30,15,1
528,827307,488,506,1754127933123,2025-08-02 15:15:33.123180+05:30,15,1
529,827407,488,508,1754127933224,2025-08-02 15:15:33.224023+05:30,15,1
530,827508,489,525,1754127933324,2025-08-02 15:15:33.324831+05:30,15,1
531,827609,489,510,1754127933425,2025-08-02 15:15:33.425495+05:30,15,1
532,827710,489,503,1754127933526,2025-08-02 15:15:33.526554+05:30,15,1
533,827810,489,510,1754127933627,2025-08-02 15:15:33.627273+05:30,15,1
534,827911,488,507,1754127933728,2025-08-02 15:15:33.728186+05:30,15,1
535,828012,489,506,1754127933829,2025-08-02 15:15:33.829208+05:30,15,1
536,828112,488,519,1754127933929,2025-08-02 15:15:33.929923+05:30,15,1
537,828214,488,524,1754127934030,2025-08-02 15:15:34.030824+05:30,15,1
538,828314,488,503,1754127934131,2025-08-02 15:15:34.131587+05:30,15,1
539,828416,487,510,1754127934232,2025-08-02 15:15:34.232377+05:30,15,1
540,828516,487,509,1754127934333,2025-08-02 15:15:34.333241+05:30,15,1
541,828617,487,506,1754127934434,2025-08-02 15:15:34.434043+05:30,15,1
542,828718,485,505,1754127934534,2025-08-02 15:15:34.534883+05:30,15,1
543,828819,487,529,1754127934635,2025-08-02 15:15:34.635834+05:30,15,1
544,828919,486,518,1754127934736,2025-08-02 15:15:34.736574+05:30,15,1
545,829021,486,502,1754127934837,2025-08-02 15:15:34.837190+05:30,15,1
546,829121,485,510,1754127934938,2025-08-02 15:15:34.938038+05:30,15,1
547,829222,486,506,1754127935039,2025-08-02 15:15:35.039060+05:30,15,1
548,829323,486,505,1754127935139,2025-08-02 15:15:35.139639+05:30,15,1
549,829424,486,508,1754127935240,2025-08-02 15:15:35.240620+05:30,15,1
550,829524,487,531,1754127935341,2025-08-02 15:15:35.341422+05:30,15,1
551,829626,487,509,1754127935442,2025-08-02 15:15:35.442192+05:30,15,1
552,829726,490,503,1754127935543,2025-08-02 15:15:35.543018+05:30,15,1
553,829827,490,508,1754127935644,2025-08-02 15:15:35.644024+05:30,15,1
554,829928,490,506,1754127935744,2025-08-02 15:15:35.744890+05:30,15,1
555,830028,488,506,1754127935845,2025-08-02 15:15:35.845676+05:30,15,1
556,830130,488,513,1754127935946,2025-08-02 15:15:35.946382+05:30,15,1
557,830230,489,526,1754127936047,2025-08-02 15:15:36.047332+05:30,15,1
558,830331,488,505,1754127936148,2025-08-02 15:15:36.148141+05:30,15,1
559,830432,489,506,1754127936249,2025-08-02 15:15:36.249054+05:30,15,1
560,830533,488,509,1754127936349,2025-08-02 15:15:36.349770+05:30,15,1
561,830633,488,507,1754127936450,2025-08-02 15:15:36.450795+05:30,15,1
562,830735,488,507,1754127936551,2025-08-02 15:15:36.551508+05:30,15,1
563,830835,488,520,1754127936652,2025-08-02 15:15:36.652602+05:30,15,1
564,830937,487,516,1754127936753,2025-08-02 15:15:36.753516+05:30,15,1
565,831037,486,503,1754127936854,2025-08-02 15:15:36.854167+05:30,15,1
566,831138,487,509,1754127936955,2025-08-02 15:15:36.955052+05:30,15,1
567,831239,486,509,1754127937055,2025-08-02 15:15:37.055803+05:30,15,1
568,831340,486,509,1754127937156,2025-08-02 15:15:37.156611+05:30,15,1
569,831440,484,515,1754127937257,2025-08-02 15:15:37.257370+05:30,15,1
570,831542,486,521,1754127937358,2025-08-02 15:15:37.358058+05:30,15,1
571,831642,485,505,1754127937459,2025-08-02 15:15:37.459501+05:30,15,1
572,831742,486,507,1754127937560,2025-08-02 15:15:37.560216+05:30,15,1
573,831844,485,512,1754127937660,2025-08-02 15:15:37.660886+05:30,15,1
574,831944,486,507,1754127937761,2025-08-02 15:15:37.761794+05:30,15,1
575,832046,487,505,1754127937862,2025-08-02 15:15:37.862455+05:30,15,1
576,832146,487,524,1754127937963,2025-08-02 15:15:37.963776+05:30,15,1
577,832247,487,512,1754127938064,2025-08-02 15:15:38.064216+05:30,15,1
578,832348,488,506,1754127938165,2025-08-02 15:15:38.165196+05:30,15,1
579,832449,488,511,1754127938265,2025-08-02 15:15:38.265873+05:30,15,1
580,832549,489,503,1754127938366,2025-08-02 15:15:38.366664+05:30,15,1
581,832651,488,508,1754127938467,2025-08-02 15:15:38.467514+05:30,15,1
582,832751,488,518,1754127938568,2025-08-02 15:15:38.568556+05:30,15,1
583,832852,488,522,1754127938669,2025-08-02 15:15:38.669213+05:30,15,1
584,832953,488,507,1754127938770,2025-08-02 15:15:38.769999+05:30,15,1
585,833054,488,508,1754127938870,2025-08-02 15:15:38.870912+05:30,15,1
586,833155,489,506,1754127938971,2025-08-02 15:15:38.971503+05:30,15,1
587,833256,488,507,1754127939072,2025-08-02 15:15:39.072184+05:30,15,1
588,833356,488,510,1754127939173,2025-08-02 15:15:39.173113+05:30,15,1
589,833458,487,521,1754127939273,2025-08-02 15:15:39.273880+05:30,15,1
590,833558,487,509,1754127939374,2025-08-02 15:15:39.374709+05:30,15,1
591,833658,486,507,1754127939475,2025-08-02 15:15:39.475533+05:30,15,1
592,833760,487,509,1754127939576,2025-08-02 15:15:39.576778+05:30,15,1
593,833860,485,509,1754127939677,2025-08-02 15:15:39.677273+05:30,15,1
594,833961,484,507,1754127939778,2025-08-02 15:15:39.778378+05:30,15,1
595,834062,485,524,1754127939879,2025-08-02 15:15:39.879063+05:30,15,1
596,834163,485,513,1754127939979,2025-08-02 15:15:39.979917+05:30,15,1
597,834264,485,507,1754127940080,2025-08-02 15:15:40.080761+05:30,15,1
598,834365,485,510,1754127940181,2025-08-02 15:15:40.181651+05:30,15,1
599,834465,485,510,1754127940282,2025-08-02 15:15:40.282383+05:30,15,1
600,834567,485,509,1754127940383,2025-08-02 15:15:40.383124+05:30,15,1
601,834667,485,529,1754127940483,2025-08-02 15:15:40.483972+05:30,15,1
602,834768,486,516,1754127940584,2025-08-02 15:15:40.584860+05:30,15,1
603,834869,487,507,1754127940685,2025-08-02 15:15:40.685596+05:30,15,1
604,834970,487,507,1754127940786,2025-08-02 15:15:40.786603+05:30,15,1
605,835070,487,509,1754127940887,2025-08-02 15:15:40.887255+05:30,15,1
606,835172,488,508,1754127940988,2025-08-02 15:15:40.988216+05:30,15,1
607,835272,488,526,1754127941089,2025-08-02 15:15:41.088991+05:30,15,1
608,835373,488,518,1754127941189,2025-08-02 15:15:41.189762+05:30,15,1
609,835474,488,506,1754127941290,2025-08-02 15:15:41.290697+05:30,15,1
610,835574,489,510,1754127941391,2025-08-02 15:15:41.391482+05:30,15,1
611,835676,488,506,1754127941492,2025-08-02 15:15:41.492239+05:30,15,1
612,835776,489,506,1754127941593,2025-08-02 15:15:41.593133+05:30,15,1
613,835877,488,517,1754127941694,2025-08-02 15:15:41.694003+05:30,15,1
614,835978,487,519,1754127941794,2025-08-02 15:15:41.794829+05:30,15,1
615,836079,486,505,1754127941895,2025-08-02 15:15:41.895655+05:30,15,1
616,836179,486,506,1754127941996,2025-08-02 15:15:41.996581+05:30,15,1
617,836281,486,508,1754127942097,2025-08-02 15:15:42.097496+05:30,15,1
618,836381,486,503,1754127942198,2025-08-02 15:15:42.198117+05:30,15,1
619,836483,485,513,1754127942299,2025-08-02 15:15:42.299333+05:30,15,1
620,836583,485,520,1754127942399,2025-08-02 15:15:42.399913+05:30,15,1
621,836684,486,504,1754127942500,2025-08-02 15:15:42.500667+05:30,15,1
622,836785,484,506,1754127942601,2025-08-02 15:15:42.601764+05:30,15,1
623,836886,485,508,1754127942702,2025-08-02 15:15:42.702372+05:30,15,1
624,836986,485,508,1754127942803,2025-08-02 15:15:42.803204+05:30,15,1
625,837088,487,511,1754127942904,2025-08-02 15:15:42.903989+05:30,15,1
626,837188,486,519,1754127943004,2025-08-02 15:15:43.004850+05:30,15,1
627,837288,486,507,1754127943105,2025-08-02 15:15:43.105746+05:30,15,1
628,837390,487,508,1754127943206,2025-08-02 15:15:43.206651+05:30,15,1
629,837490,487,509,1754127943307,2025-08-02 15:15:43.307586+05:30,15,1
630,837592,487,508,1754127943408,2025-08-02 15:15:43.408261+05:30,15,1
631,837692,488,508,1754127943509,2025-08-02 15:15:43.509082+05:30,15,1
632,837793,486,520,1754127943610,2025-08-02 15:15:43.610024+05:30,15,1
633,837894,488,511,1754127943710,2025-08-02 15:15:43.710760+05:30,15,1
634,837995,488,507,1754127943811,2025-08-02 15:15:43.811597+05:30,15,1
635,838095,488,510,1754127943912,2025-08-02 15:15:43.912412+05:30,15,1
636,838197,488,510,1754127944013,2025-08-02 15:15:44.013673+05:30,15,1
637,838297,487,506,1754127944114,2025-08-02 15:15:44.114227+05:30,15,1
638,838398,487,517,1754127944215,2025-08-02 15:15:44.215176+05:30,15,1
639,838499,487,520,1754127944316,2025-08-02 15:15:44.316105+05:30,15,1
640,838600,487,508,1754127944416,2025-08-02 15:15:44.416744+05:30,15,1
641,838701,487,511,1754127944517,2025-08-02 15:15:44.517595+05:30,15,1
642,838802,486,510,1754127944618,2025-08-02 15:15:44.618426+05:30,15,1
643,838902,486,508,1754127944719,2025-08-02 15:15:44.719239+05:30,15,1
644,839004,485,509,1754127944820,2025-08-02 15:15:44.820115+05:30,15,1
645,839104,485,521,1754127944920,2025-08-02 15:15:44.920828+05:30,15,1
646,839204,485,520,1754127945021,2025-08-02 15:15:45.021756+05:30,15,1
647,839306,485,509,1754127945122,2025-08-02 15:15:45.122754+05:30,15,1
648,839406,485,510,1754127945223,2025-08-02 15:15:45.223269+05:30,15,1
649,839507,485,511,1754127945324,2025-08-02 15:15:45.324038+05:30,15,1
650,839608,486,507,1754127945424,2025-08-02 15:15:45.424890+05:30,15,1
651,839709,485,509,1754127945525,2025-08-02 15:15:45.525642+05:30,15,1
652,839810,487,513,1754127945626,2025-08-02 15:15:45.626651+05:30,15,1
653,839911,486,525,1754127945727,2025-08-02 15:15:45.727383+05:30,15,1
654,840011,486,508,1754127945828,2025-08-02 15:15:45.828246+05:30,15,1
655,840113,487,507,1754127945929,2025-08-02 15:15:45.929062+05:30,15,1
656,840213,488,508,1754127946030,2025-08-02 15:15:46.030042+05:30,15,1
657,840314,487,507,1754127946130,2025-08-02 15:15:46.130795+05:30,15,1
658,840415,488,506,1754127946231,2025-08-02 15:15:46.231608+05:30,15,1
659,840516,488,507,1754127946332,2025-08-02 15:15:46.332471+05:30,15,1
660,840616,488,521,1754127946433,2025-08-02 15:15:46.433273+05:30,15,1
661,840718,488,516,1754127946534,2025-08-02 15:15:46.534137+05:30,15,1
662,840818,488,507,1754127946635,2025-08-02 15:15:46.635026+05:30,15,1
663,840920,488,509,1754127946735,2025-08-02 15:15:46.735912+05:30,15,1
664,841020,487,508,1754127946836,2025-08-02 15:15:46.836726+05:30,15,1
665,841120,487,508,1754127946937,2025-08-02 15:15:46.937485+05:30,15,1
666,841222,487,508,1754127947038,2025-08-02 15:15:47.038378+05:30,15,1
667,841322,487,513,1754127947139,2025-08-02 15:15:47.139384+05:30,15,1
668,841423,486,521,1754127947240,2025-08-02 15:15:47.240364+05:30,15,1
669,841524,486,506,1754127947341,2025-08-02 15:15:47.341145+05:30,15,1
670,841625,487,507,1754127947441,2025-08-02 15:15:47.441923+05:30,15,1
671,841725,485,510,1754127947542,2025-08-02 15:15:47.542458+05:30,15,1
672,841827,485,510,1754127947643,2025-08-02 15:15:47.643293+05:30,15,1
673,841927,485,506,1754127947744,2025-08-02 15:15:47.744533+05:30,15,1
674,842029,484,508,1754127947845,2025-08-02 15:15:47.845198+05:30,15,1
675,842129,485,524,1754127947946,2025-08-02 15:15:47.946019+05:30,15,1
676,842230,486,515,1754127948046,2025-08-02 15:15:48.046952+05:30,15,1
677,842331,485,508,1754127948148,2025-08-02 15:15:48.148226+05:30,15,1
678,842432,485,509,1754127948248,2025-08-02 15:15:48.248547+05:30,15,1
679,842532,486,507,1754127948349,2025-08-02 15:15:48.349482+05:30,15,1
680,842634,486,509,1754127948450,2025-08-02 15:15:48.450204+05:30,15,1
681,842734,486,509,1754127948551,2025-08-02 15:15:48.551106+05:30,15,1
682,842835,487,524,1754127948652,2025-08-02 15:15:48.652006+05:30,15,1
683,842936,488,517,1754127948752,2025-08-02 15:15:48.752621+05:30,15,1
684,843036,488,506,1754127948853,2025-08-02 15:15:48.853377+05:30,15,1
685,843138,487,511,1754127948954,2025-08-02 15:15:48.954176+05:30,15,1
686,843238,488,510,1754127949055,2025-08-02 15:15:49.054986+05:30,15,1
687,843339,489,508,1754127949155,2025-08-02 15:15:49.155771+05:30,15,1
688,843440,488,508,1754127949256,2025-08-02 15:15:49.256690+05:30,15,1
689,843541,487,525,1754127949357,2025-08-02 15:15:49.357606+05:30,15,1
690,843641,489,514,1754127949458,2025-08-02 15:15:49.458372+05:30,15,1
691,843743,487,507,1754127949559,2025-08-02 15:15:49.559263+05:30,15,1
692,843843,488,508,1754127949660,2025-08-02 15:15:49.660184+05:30,15,1
693,843944,486,506,1754127949760,2025-08-02 15:15:49.760938+05:30,15,1
694,844045,487,505,1754127949861,2025-08-02 15:15:49.861668+05:30,15,1
695,844146,486,511,1754127949962,2025-08-02 15:15:49.962433+05:30,15,1
696,844247,486,527,1754127950063,2025-08-02 15:15:50.063333+05:30,15,1
697,844348,485,512,1754127950164,2025-08-02 15:15:50.164176+05:30,15,1
698,844448,485,505,1754127950265,2025-08-02 15:15:50.264990+05:30,15,1
699,844550,485,510,1754127950365,2025-08-02 15:15:50.365771+05:30,15,1
700,844650,485,507,1754127950466,2025-08-02 15:15:50.466703+05:30,15,1
701,844751,485,507,1754127950567,2025-08-02 15:15:50.567414+05:30,15,1
702,844852,485,510,1754127950668,2025-08-02 15:15:50.668379+05:30,15,1
703,844952,484,525,1754127950769,2025-08-02 15:15:50.769245+05:30,15,1
704,845053,485,517,1754127950869,2025-08-02 15:15:50.869920+05:30,15,1
705,845154,486,507,1754127950970,2025-08-02 15:15:50.970769+05:30,15,1
706,845255,486,507,1754127951071,2025-08-02 15:15:51.071746+05:30,15,1
707,845356,487,505,1754127951172,2025-08-02 15:15:51.172553+05:30,15,1
708,845457,488,508,1754127951273,2025-08-02 15:15:51.273308+05:30,15,1
709,845557,487,509,1754127951374,2025-08-02 15:15:51.374112+05:30,15,1
710,845659,488,523,1754127951474,2025-08-02 15:15:51.474967+05:30,15,1
711,845759,489,518,1754127951575,2025-08-02 15:15:51.575800+05:30,15,1
712,845860,488,505,1754127951676,2025-08-02 15:15:51.676613+05:30,15,1
713,845961,488,510,1754127951777,2025-08-02 15:15:51.777421+05:30,15,1
714,846062,486,509,1754127951878,2025-08-02 15:15:51.878455+05:30,15,1
715,846162,486,506,1754127951979,2025-08-02 15:15:51.979160+05:30,15,1
716,846264,486,506,1754127952080,2025-08-02 15:15:52.080008+05:30,15,1
717,846364,487,511,1754127952181,2025-08-02 15:15:52.181078+05:30,15,1
718,846466,485,530,1754127952281,2025-08-02 15:15:52.281936+05:30,15,1
719,846566,486,509,1754127952382,2025-08-02 15:15:52.382483+05:30,15,1
720,846666,486,506,1754127952483,2025-08-02 15:15:52.483312+05:30,15,1
721,846768,485,511,1754127952584,2025-08-02 15:15:52.584413+05:30,15,1
722,846868,485,505,1754127952685,2025-08-02 15:15:52.685194+05:30,15,1
723,846969,485,508,1754127952785,2025-08-02 15:15:52.785918+05:30,15,1
724,847070,485,509,1754127952886,2025-08-02 15:15:52.886919+05:30,15,1
725,847171,483,520,1754127952987,2025-08-02 15:15:52.987516+05:30,15,1
726,847271,485,523,1754127953088,2025-08-02 15:15:53.088346+05:30,15,1
727,847373,484,505,1754127953189,2025-08-02 15:15:53.189543+05:30,15,1
728,847473,485,508,1754127953290,2025-08-02 15:15:53.290116+05:30,15,1
729,847575,485,511,1754127953390,2025-08-02 15:15:53.390930+05:30,15,1
730,847675,485,507,1754127953491,2025-08-02 15:15:53.491944+05:30,15,1
731,847776,486,505,1754127953592,2025-08-02 15:15:53.592543+05:30,15,1
732,847877,487,508,1754127953693,2025-08-02 15:15:53.693398+05:30,15,1
733,847978,487,524,1754127953794,2025-08-02 15:15:53.794179+05:30,15,1
734,848078,487,515,1754127953895,2025-08-02 15:15:53.895019+05:30,15,1
735,848180,488,502,1754127953995,2025-08-02 15:15:53.995869+05:30,15,1
736,848280,487,510,1754127954096,2025-08-02 15:15:54.096687+05:30,15,1
737,848381,488,509,1754127954197,2025-08-02 15:15:54.197583+05:30,15,1
738,848482,488,506,1754127954298,2025-08-02 15:15:54.298483+05:30,15,1
739,848582,488,507,1754127954399,2025-08-02 15:15:54.399192+05:30,15,1
740,848684,488,510,1754127954500,2025-08-02 15:15:54.500085+05:30,15,1
741,848784,488,526,1754127954601,2025-08-02 15:15:54.601230+05:30,15,1
742,848885,489,507,1754127954702,2025-08-02 15:15:54.702014+05:30,15,1
743,848986,488,504,1754127954802,2025-08-02 15:15:54.802550+05:30,15,1
744,849087,487,512,1754127954903,2025-08-02 15:15:54.903576+05:30,15,1
745,849187,486,505,1754127955004,2025-08-02 15:15:55.004356+05:30,15,1
746,849289,486,508,1754127955105,2025-08-02 15:15:55.105002+05:30,15,1
747,849389,485,509,1754127955205,2025-08-02 15:15:55.205972+05:30,15,1
748,849490,485,521,1754127955306,2025-08-02 15:15:55.306705+05:30,15,1
749,849591,485,517,1754127955407,2025-08-02 15:15:55.407539+05:30,15,1
750,849692,485,504,1754127955508,2025-08-02 15:15:55.508404+05:30,15,1
751,849793,484,509,1754127955609,2025-08-02 15:15:55.609239+05:30,15,1
752,849894,485,509,1754127955710,2025-08-02 15:15:55.710108+05:30,15,1
753,849994,485,506,1754127955810,2025-08-02 15:15:55.810880+05:30,15,1
754,850096,485,508,1754127955911,2025-08-02 15:15:55.911738+05:30,15,1
755,850196,486,516,1754127956012,2025-08-02 15:15:56.012570+05:30,15,1
756,850297,485,518,1754127956113,2025-08-02 15:15:56.113430+05:30,15,1
757,850398,486,505,1754127956214,2025-08-02 15:15:56.214221+05:30,15,1
758,850498,486,508,1754127956315,2025-08-02 15:15:56.314989+05:30,15,1
759,850599,487,510,1754127956415,2025-08-02 15:15:56.415961+05:30,15,1
760,850700,487,506,1754127956516,2025-08-02 15:15:56.516697+05:30,15,1
761,850801,488,509,1754127956617,2025-08-02 15:15:56.617857+05:30,15,1
762,850902,487,525,1754127956718,2025-08-02 15:15:56.718347+05:30,15,1
763,851003,487,508,1754127956819,2025-08-02 15:15:56.819196+05:30,15,1
764,851103,486,508,1754127956919,2025-08-02 15:15:56.919983+05:30,15,1
765,851205,486,511,1754127957020,2025-08-02 15:15:57.020967+05:30,15,1
766,851305,486,510,1754127957122,2025-08-02 15:15:57.122002+05:30,15,1
767,851406,486,509,1754127957222,2025-08-02 15:15:57.222858+05:30,15,1
768,851507,485,527,1754127957323,2025-08-02 15:15:57.323610+05:30,15,1
769,851608,487,513,1754127957424,2025-08-02 15:15:57.424453+05:30,15,1
770,851708,485,505,1754127957525,2025-08-02 15:15:57.525260+05:30,15,1
771,851810,485,509,1754127957626,2025-08-02 15:15:57.626068+05:30,15,1
772,851910,484,507,1754127957726,2025-08-02 15:15:57.726960+05:30,15,1
773,852012,486,507,1754127957827,2025-08-02 15:15:57.827784+05:30,15,1
774,852112,483,523,1754127957928,2025-08-02 15:15:57.928642+05:30,15,1
775,852212,484,517,1754127958029,2025-08-02 15:15:58.029446+05:30,15,1
776,852314,483,502,1754127958130,2025-08-02 15:15:58.130428+05:30,15,1
777,852414,484,508,1754127958231,2025-08-02 15:15:58.231213+05:30,15,1
778,852515,482,499,1754127958332,2025-08-02 15:15:58.331980+05:30,15,1
779,852616,484,496,1754127958432,2025-08-02 15:15:58.432596+05:30,15,1
780,852717,484,518,1754127958533,2025-08-02 15:15:58.533905+05:30,15,1
781,852817,485,513,1754127958634,2025-08-02 15:15:58.634200+05:30,15,1
782,852919,486,501,1754127958735,2025-08-02 15:15:58.735098+05:30,15,1
783,853019,487,505,1754127958836,2025-08-02 15:15:58.836003+05:30,15,1
784,853121,487,513,1754127958936,2025-08-02 15:15:58.936840+05:30,15,1
785,853221,488,510,1754127959037,2025-08-02 15:15:59.037637+05:30,15,1
786,853322,488,528,1754127959138,2025-08-02 15:15:59.138570+05:30,15,1
787,853423,489,519,1754127959239,2025-08-02 15:15:59.239305+05:30,15,1
788,853524,490,504,1754127959340,2025-08-02 15:15:59.340521+05:30,15,1
789,853624,489,511,1754127959440,2025-08-02 15:15:59.440977+05:30,15,1
790,853726,489,510,1754127959541,2025-08-02 15:15:59.541856+05:30,15,1
791,853826,489,508,1754127959642,2025-08-02 15:15:59.642609+05:30,15,1
792,853927,489,509,1754127959743,2025-08-02 15:15:59.743460+05:30,15,1
793,854028,488,531,1754127959844,2025-08-02 15:15:59.844303+05:30,15,1
794,854128,488,514,1754127959945,2025-08-02 15:15:59.945062+05:30,15,1
795,854230,488,506,1754127960046,2025-08-02 15:16:00.046010+05:30,15,1
796,854330,487,509,1754127960146,2025-08-02 15:16:00.146813+05:30,15,1
797,854431,487,509,1754127960247,2025-08-02 15:16:00.247701+05:30,15,1
798,854532,487,505,1754127960349,2025-08-02 15:16:00.349016+05:30,15,1
799,854633,486,507,1754127960449,2025-08-02 15:16:00.449637+05:30,15,1
800,854733,486,520,1754127960550,2025-08-02 15:16:00.550208+05:30,15,1
801,854835,485,524,1754127960651,2025-08-02 15:16:00.651257+05:30,15,1
802,854935,485,506,1754127960752,2025-08-02 15:16:00.752327+05:30,15,1
803,855036,485,506,1754127960852,2025-08-02 15:16:00.852802+05:30,15,1
804,855137,485,509,1754127960953,2025-08-02 15:16:00.953828+05:30,15,1
805,855238,486,506,1754127961054,2025-08-02 15:16:01.054421+05:30,15,1
806,855339,486,507,1754127961155,2025-08-02 15:16:01.155248+05:30,15,1
807,855440,486,512,1754127961256,2025-08-02 15:16:01.256073+05:30,15,1
808,855540,486,526,1754127961356,2025-08-02 15:16:01.356858+05:30,15,1
809,855642,486,507,1754127961458,2025-08-02 15:16:01.458314+05:30,15,1
810,855742,487,506,1754127961558,2025-08-02 15:16:01.558732+05:30,15,1
811,855843,488,508,1754127961659,2025-08-02 15:16:01.659749+05:30,15,1
812,855944,488,507,1754127961760,2025-08-02 15:16:01.760256+05:30,15,1
813,856044,488,506,1754127961861,2025-08-02 15:16:01.861262+05:30,15,1
814,856145,489,512,1754127961961,2025-08-02 15:16:01.961817+05:30,15,1
815,856246,489,525,1754127962062,2025-08-02 15:16:02.062735+05:30,15,1
816,856347,489,507,1754127962163,2025-08-02 15:16:02.163521+05:30,15,1
817,856448,488,507,1754127962264,2025-08-02 15:16:02.264377+05:30,15,1
818,856549,489,507,1754127962365,2025-08-02 15:16:02.365124+05:30,15,1
819,856649,487,508,1754127962465,2025-08-02 15:16:02.465980+05:30,15,1
820,856751,488,504,1754127962567,2025-08-02 15:16:02.567040+05:30,15,1
821,856851,487,511,1754127962667,2025-08-02 15:16:02.667869+05:30,15,1
822,856952,486,526,1754127962768,2025-08-02 15:16:02.768612+05:30,15,1
823,857053,486,512,1754127962869,2025-08-02 15:16:02.869502+05:30,15,1
824,857154,485,507,1754127962970,2025-08-02 15:16:02.970273+05:30,15,1
825,857254,486,510,1754127963071,2025-08-02 15:16:03.071155+05:30,15,1
826,857356,485,507,1754127963171,2025-08-02 15:16:03.171832+05:30,15,1
827,857456,485,507,1754127963272,2025-08-02 15:16:03.272744+05:30,15,1
828,857558,485,512,1754127963373,2025-08-02 15:16:03.373497+05:30,15,1
829,857658,485,522,1754127963474,2025-08-02 15:16:03.474296+05:30,15,1
830,857759,486,510,1754127963575,2025-08-02 15:16:03.575309+05:30,15,1
831,857860,485,507,1754127963676,2025-08-02 15:16:03.676050+05:30,15,1
832,857960,486,510,1754127963776,2025-08-02 15:16:03.776890+05:30,15,1
833,858061,486,506,1754127963877,2025-08-02 15:16:03.877801+05:30,15,1
834,858162,487,503,1754127963978,2025-08-02 15:16:03.978563+05:30,15,1
835,858263,486,516,1754127964079,2025-08-02 15:16:04.079670+05:30,15,1
836,858363,487,519,1754127964180,2025-08-02 15:16:04.180428+05:30,15,1
837,858465,486,507,1754127964281,2025-08-02 15:16:04.281278+05:30,15,1
838,858565,488,509,1754127964382,2025-08-02 15:16:04.382054+05:30,15,1
839,858667,488,508,1754127964483,2025-08-02 15:16:04.483344+05:30,15,1
840,858767,488,509,1754127964583,2025-08-02 15:16:04.583543+05:30,15,1
841,858868,487,510,1754127964684,2025-08-02 15:16:04.684380+05:30,15,1
842,858969,488,521,1754127964785,2025-08-02 15:16:04.785255+05:30,15,1
843,859070,488,511,1754127964886,2025-08-02 15:16:04.886017+05:30,15,1
844,859170,488,507,1754127964986,2025-08-02 15:16:04.986954+05:30,15,1
845,859272,487,511,1754127965087,2025-08-02 15:16:05.087799+05:30,15,1
846,859372,487,507,1754127965188,2025-08-02 15:16:05.188598+05:30,15,1
847,859473,488,508,1754127965289,2025-08-02 15:16:05.289355+05:30,15,1
848,859574,485,521,1754127965390,2025-08-02 15:16:05.390471+05:30,15,1
849,859675,486,507,1754127965491,2025-08-02 15:16:05.491290+05:30,15,1
850,859776,485,508,1754127965591,2025-08-02 15:16:05.591910+05:30,15,1
851,859876,486,508,1754127965692,2025-08-02 15:16:05.692799+05:30,15,1
852,859977,485,508,1754127965793,2025-08-02 15:16:05.793687+05:30,15,1
853,860078,486,514,1754127965894,2025-08-02 15:16:05.894347+05:30,15,1
854,860179,485,524,1754127965995,2025-08-02 15:16:05.995658+05:30,15,1
855,860279,485,507,1754127966096,2025-08-02 15:16:06.096293+05:30,15,1
856,860381,484,508,1754127966197,2025-08-02 15:16:06.197264+05:30,15,1
857,860481,484,509,1754127966298,2025-08-02 15:16:06.298089+05:30,15,1
858,860582,485,508,1754127966398,2025-08-02 15:16:06.398667+05:30,15,1
859,860683,485,518,1754127966499,2025-08-02 15:16:06.499671+05:30,15,1
860,860784,484,522,1754127966600,2025-08-02 15:16:06.600419+05:30,15,1
861,860884,486,506,1754127966701,2025-08-02 15:16:06.701310+05:30,15,1
862,860986,486,504,1754127966802,2025-08-02 15:16:06.801993+05:30,15,1
863,861086,487,515,1754127966902,2025-08-02 15:16:06.902816+05:30,15,1
864,861188,487,510,1754127967004,2025-08-02 15:16:07.003975+05:30,15,1
865,861288,487,521,1754127967104,2025-08-02 15:16:07.104687+05:30,15,1
866,861389,488,515,1754127967205,2025-08-02 15:16:07.205579+05:30,15,1
867,861490,488,505,1754127967306,2025-08-02 15:16:07.306328+05:30,15,1
868,861590,488,509,1754127967407,2025-08-02 15:16:07.407153+05:30,15,1
869,861691,488,508,1754127967508,2025-08-02 15:16:07.508003+05:30,15,1
870,861792,487,511,1754127967608,2025-08-02 15:16:07.608619+05:30,15,1
871,861893,487,525,1754127967709,2025-08-02 15:16:07.709553+05:30,15,1
872,861993,485,504,1754127967810,2025-08-02 15:16:07.810242+05:30,15,1
873,862095,487,509,1754127967911,2025-08-02 15:16:07.911114+05:30,15,1
874,862195,487,508,1754127968012,2025-08-02 15:16:08.012007+05:30,15,1
875,862297,486,506,1754127968112,2025-08-02 15:16:08.112922+05:30,15,1
876,862397,484,514,1754127968213,2025-08-02 15:16:08.213599+05:30,15,1
877,862498,485,524,1754127968314,2025-08-02 15:16:08.314552+05:30,15,1
878,862599,484,502,1754127968415,2025-08-02 15:16:08.415310+05:30,15,1
879,862700,484,508,1754127968516,2025-08-02 15:16:08.516364+05:30,15,1
880,862800,484,510,1754127968617,2025-08-02 15:16:08.616992+05:30,15,1
881,862902,484,507,1754127968717,2025-08-02 15:16:08.717840+05:30,15,1
882,863002,484,513,1754127968819,2025-08-02 15:16:08.819267+05:30,15,1
883,863104,483,525,1754127968919,2025-08-02 15:16:08.919704+05:30,15,1
884,863204,485,505,1754127969020,2025-08-02 15:16:09.020409+05:30,15,1
885,863305,484,504,1754127969121,2025-08-02 15:16:09.121238+05:30,15,1
886,863406,485,507,1754127969222,2025-08-02 15:16:09.222138+05:30,15,1
887,863506,485,504,1754127969322,2025-08-02 15:16:09.322881+05:30,15,1
888,863607,486,513,1754127969423,2025-08-02 15:16:09.423639+05:30,15,1
889,863708,486,529,1754127969524,2025-08-02 15:16:09.524494+05:30,15,1
890,863809,487,507,1754127969625,2025-08-02 15:16:09.625353+05:30,15,1
891,863909,486,508,1754127969726,2025-08-02 15:16:09.726151+05:30,15,1
892,864011,487,511,1754127969826,2025-08-02 15:16:09.826950+05:30,15,1
893,864111,487,507,1754127969928,2025-08-02 15:16:09.928207+05:30,15,1
894,864212,487,508,1754127970028,2025-08-02 15:16:10.028800+05:30,15,1
895,864313,487,519,1754127970129,2025-08-02 15:16:10.129664+05:30,15,1
896,864414,487,527,1754127970230,2025-08-02 15:16:10.230416+05:30,15,1
897,864515,488,506,1754127970331,2025-08-02 15:16:10.331223+05:30,15,1
898,864616,486,511,1754127970432,2025-08-02 15:16:10.432096+05:30,15,1
899,864716,486,509,1754127970533,2025-08-02 15:16:10.533071+05:30,15,1
900,864818,486,496,1754127970633,2025-08-02 15:16:10.633925+05:30,15,1
901,864918,485,498,1754127970734,2025-08-02 15:16:10.734688+05:30,15,1
902,865019,485,505,1754127970835,2025-08-02 15:16:10.835539+05:30,15,1
903,865120,484,518,1754127970936,2025-08-02 15:16:10.936398+05:30,15,1
904,865221,484,511,1754127971037,2025-08-02 15:16:11.037065+05:30,15,1
905,865321,484,498,1754127971137,2025-08-02 15:16:11.137822+05:30,15,1
906,865422,486,504,1754127971238,2025-08-02 15:16:11.238836+05:30,15,1
907,865523,488,504,1754127971339,2025-08-02 15:16:11.339534+05:30,15,1
908,865624,488,508,1754127971440,2025-08-02 15:16:11.440434+05:30,15,1
909,865725,488,508,1754127971541,2025-08-02 15:16:11.541202+05:30,15,1
910,865825,488,506,1754127971642,2025-08-02 15:16:11.642235+05:30,15,1
911,865927,488,527,1754127971742,2025-08-02 15:16:11.742827+05:30,15,1
912,866027,489,513,1754127971843,2025-08-02 15:16:11.843697+05:30,15,1
913,866128,488,508,1754127971944,2025-08-02 15:16:11.944580+05:30,15,1
914,866229,488,511,1754127972045,2025-08-02 15:16:12.045585+05:30,15,1
915,866330,489,509,1754127972146,2025-08-02 15:16:12.146430+05:30,15,1
916,866430,489,509,1754127972247,2025-08-02 15:16:12.247319+05:30,15,1
917,866532,489,509,1754127972347,2025-08-02 15:16:12.347986+05:30,15,1
918,866632,490,525,1754127972448,2025-08-02 15:16:12.448733+05:30,15,1
919,866734,490,509,1754127972549,2025-08-02 15:16:12.549577+05:30,15,1
920,866834,489,508,1754127972650,2025-08-02 15:16:12.650368+05:30,15,1
921,866935,489,508,1754127972751,2025-08-02 15:16:12.751454+05:30,15,1
922,867036,489,509,1754127972852,2025-08-02 15:16:12.852096+05:30,15,1
923,867137,489,508,1754127972952,2025-08-02 15:16:12.952791+05:30,15,1
924,867237,488,527,1754127973053,2025-08-02 15:16:13.053677+05:30,15,1
925,867338,489,526,1754127973154,2025-08-02 15:16:13.154499+05:30,15,1
926,867439,488,508,1754127973255,2025-08-02 15:16:13.255361+05:30,15,1
927,867539,487,513,1754127973356,2025-08-02 15:16:13.356227+05:30,15,1
928,867641,487,510,1754127973457,2025-08-02 15:16:13.457183+05:30,15,1
929,867741,486,506,1754127973557,2025-08-02 15:16:13.557839+05:30,15,1
930,867843,487,522,1754127973658,2025-08-02 15:16:13.658722+05:30,15,1
931,867943,485,522,1754127973759,2025-08-02 15:16:13.759586+05:30,15,1
932,868044,484,503,1754127973860,2025-08-02 15:16:13.860444+05:30,15,1
933,868145,487,505,1754127973961,2025-08-02 15:16:13.961208+05:30,15,1
934,868246,486,509,1754127974062,2025-08-02 15:16:14.062034+05:30,15,1
935,868346,485,505,1754127974162,2025-08-02 15:16:14.162882+05:30,15,1
936,868448,486,523,1754127974263,2025-08-02 15:16:14.263760+05:30,15,1
937,868548,485,523,1754127974364,2025-08-02 15:16:14.364499+05:30,15,1
938,868649,486,501,1754127974465,2025-08-02 15:16:14.465372+05:30,15,1
939,868750,487,507,1754127974566,2025-08-02 15:16:14.566355+05:30,15,1
940,868851,487,507,1754127974667,2025-08-02 15:16:14.667032+05:30,15,1
941,868952,487,508,1754127974767,2025-08-02 15:16:14.767841+05:30,15,1
942,869053,488,521,1754127974868,2025-08-02 15:16:14.868655+05:30,15,1
943,869153,488,523,1754127974969,2025-08-02 15:16:14.969517+05:30,15,1
944,869254,488,503,1754127975070,2025-08-02 15:16:15.070325+05:30,15,1
945,869355,489,506,1754127975171,2025-08-02 15:16:15.171525+05:30,15,1
946,869455,488,508,1754127975272,2025-08-02 15:16:15.272261+05:30,15,1
947,869557,488,507,1754127975373,2025-08-02 15:16:15.373115+05:30,15,1
948,869657,489,509,1754127975474,2025-08-02 15:16:15.474045+05:30,15,1
949,869758,488,530,1754127975574,2025-08-02 15:16:15.574819+05:30,15,1
950,869859,488,512,1754127975675,2025-08-02 15:16:15.675647+05:30,15,1
951,869960,487,505,1754127975776,2025-08-02 15:16:15.776615+05:30,15,1
952,870061,486,510,1754127975877,2025-08-02 15:16:15.877367+05:30,15,1
953,870162,488,506,1754127975978,2025-08-02 15:16:15.978081+05:30,15,1
954,870262,486,506,1754127976079,2025-08-02 15:16:16.078983+05:30,15,1
955,870364,486,507,1754127976179,2025-08-02 15:16:16.179814+05:30,15,1
956,870464,487,525,1754127976280,2025-08-02 15:16:16.280395+05:30,15,1
957,870565,485,508,1754127976381,2025-08-02 15:16:16.381339+05:30,15,1
958,870666,485,502,1754127976482,2025-08-02 15:16:16.482100+05:30,15,1
959,870767,484,509,1754127976582,2025-08-02 15:16:16.582946+05:30,15,1
960,870867,485,506,1754127976683,2025-08-02 15:16:16.683831+05:30,15,1
961,870969,484,503,1754127976784,2025-08-02 15:16:16.784574+05:30,15,1
962,871069,485,519,1754127976885,2025-08-02 15:16:16.885431+05:30,15,1
963,871170,486,523,1754127976986,2025-08-02 15:16:16.986354+05:30,15,1
964,871271,485,503,1754127977087,2025-08-02 15:16:17.087090+05:30,15,1
965,871371,486,509,1754127977188,2025-08-02 15:16:17.187998+05:30,15,1
966,871473,486,510,1754127977288,2025-08-02 15:16:17.288856+05:30,15,1
967,871573,487,507,1754127977389,2025-08-02 15:16:17.389785+05:30,15,1
968,871674,488,513,1754127977490,2025-08-02 15:16:17.490438+05:30,15,1
969,871775,487,530,1754127977591,2025-08-02 15:16:17.591503+05:30,15,1
970,871876,488,504,1754127977692,2025-08-02 15:16:17.692174+05:30,15,1
971,871976,488,503,1754127977792,2025-08-02 15:16:17.792912+05:30,15,1
972,872078,488,513,1754127977893,2025-08-02 15:16:17.893756+05:30,15,1
973,872178,489,506,1754127977994,2025-08-02 15:16:17.994688+05:30,15,1
974,872280,490,513,1754127978095,2025-08-02 15:16:18.095469+05:30,15,1
975,872380,487,534,1754127978196,2025-08-02 15:16:18.196428+05:30,15,1
976,872481,486,507,1754127978297,2025-08-02 15:16:18.297147+05:30,15,1
977,872582,486,505,1754127978398,2025-08-02 15:16:18.398188+05:30,15,1
978,872683,485,510,1754127978498,2025-08-02 15:16:18.498881+05:30,15,1
979,872783,486,506,1754127978599,2025-08-02 15:16:18.599675+05:30,15,1
980,872885,485,515,1754127978700,2025-08-02 15:16:18.700429+05:30,15,1
981,872985,484,528,1754127978801,2025-08-02 15:16:18.801408+05:30,15,1
982,873085,484,502,1754127978902,2025-08-02 15:16:18.902257+05:30,15,1
983,873187,483,506,1754127979003,2025-08-02 15:16:19.003110+05:30,15,1
984,873287,484,510,1754127979103,2025-08-02 15:16:19.103973+05:30,15,1
985,873389,485,507,1754127979204,2025-08-02 15:16:19.204727+05:30,15,1
986,873489,484,510,1754127979305,2025-08-02 15:16:19.305552+05:30,15,1
987,873590,484,531,1754127979406,2025-08-02 15:16:19.406296+05:30,15,1
988,873691,486,503,1754127979507,2025-08-02 15:16:19.507313+05:30,15,1
989,873792,485,507,1754127979607,2025-08-02 15:16:19.607962+05:30,15,1
990,873892,485,509,1754127979708,2025-08-02 15:16:19.708835+05:30,15,1
991,873994,486,507,1754127979809,2025-08-02 15:16:19.809760+05:30,15,1
992,874094,487,505,1754127979910,2025-08-02 15:16:19.910526+05:30,15,1
993,874195,486,507,1754127980011,2025-08-02 15:16:20.011506+05:30,15,1
994,874296,487,527,1754127980112,2025-08-02 15:16:20.112213+05:30,15,1
995,874397,489,513,1754127980213,2025-08-02 15:16:20.213200+05:30,15,1
996,874498,488,503,1754127980313,2025-08-02 15:16:20.313912+05:30,15,1
997,874599,489,509,1754127980415,2025-08-02 15:16:20.415048+05:30,15,1
998,874699,489,507,1754127980515,2025-08-02 15:16:20.515705+05:30,15,1
999,874800,489,506,1754127980616,2025-08-02 15:16:20.616698+05:30,15,1
1000,874901,489,508,1754127980717,2025-08-02 15:16:20.717413+05:30,15,1
1001,875001,488,515,1754127980818,2025-08-02 15:16:20.818380+05:30,15,1
1002,875103,489,523,1754127980919,2025-08-02 15:16:20.919108+05:30,15,1
1003,875203,488,506,1754127981019,2025-08-02 15:16:21.019874+05:30,15,1
1004,875304,487,507,1754127981120,2025-08-02 15:16:21.120496+05:30,15,1
1005,875405,487,508,1754127981221,2025-08-02 15:16:21.221445+05:30,15,1
1006,875506,487,507,1754127981322,2025-08-02 15:16:21.322225+05:30,15,1
1007,875607,487,508,1754127981423,2025-08-02 15:16:21.423053+05:30,15,1
1008,875708,486,509,1754127981523,2025-08-02 15:16:21.523829+05:30,15,1
1009,875808,487,514,1754127981624,2025-08-02 15:16:21.624843+05:30,15,1
1010,875910,486,525,1754127981725,2025-08-02 15:16:21.725552+05:30,15,1
1011,876010,486,507,1754127981826,2025-08-02 15:16:21.826424+05:30,15,1
1012,876111,486,509,1754127981927,2025-08-02 15:16:21.927218+05:30,15,1
1013,876212,487,508,1754127982028,2025-08-02 15:16:22.028068+05:30,15,1
1014,876313,487,506,1754127982129,2025-08-02 15:16:22.129092+05:30,15,1
1015,876413,488,507,1754127982229,2025-08-02 15:16:22.229944+05:30,15,1
1016,876515,487,510,1754127982330,2025-08-02 15:16:22.330523+05:30,15,1
1017,876615,488,525,1754127982431,2025-08-02 15:16:22.431594+05:30,15,1
1018,876716,488,515,1754127982532,2025-08-02 15:16:22.532316+05:30,15,1
1019,876817,489,506,1754127982633,2025-08-02 15:16:22.633135+05:30,15,1
1020,876917,490,512,1754127982733,2025-08-02 15:16:22.733943+05:30,15,1
1021,877019,491,508,1754127982834,2025-08-02 15:16:22.834841+05:30,15,1
1022,877119,490,508,1754127982935,2025-08-02 15:16:22.935633+05:30,15,1
1023,877220,490,514,1754127983036,2025-08-02 15:16:23.036538+05:30,15,1
1024,877321,491,528,1754127983137,2025-08-02 15:16:23.137380+05:30,15,1
1025,877422,490,511,1754127983238,2025-08-02 15:16:23.238150+05:30,15,1
1026,877522,490,508,1754127983338,2025-08-02 15:16:23.338962+05:30,15,1
1027,877624,489,511,1754127983439,2025-08-02 15:16:23.439700+05:30,15,1
1028,877724,490,509,1754127983540,2025-08-02 15:16:23.540710+05:30,15,1
1029,877826,489,508,1754127983641,2025-08-02 15:16:23.641428+05:30,15,1
1030,877926,489,525,1754127983742,2025-08-02 15:16:23.742273+05:30,15,1
1031,878027,488,521,1754127983843,2025-08-02 15:16:23.843248+05:30,15,1
1032,878128,489,503,1754127983944,2025-08-02 15:16:23.944163+05:30,15,1
1033,878229,487,506,1754127984044,2025-08-02 15:16:24.044798+05:30,15,1
1034,878329,486,509,1754127984145,2025-08-02 15:16:24.145530+05:30,15,1
1035,878431,487,507,1754127984246,2025-08-02 15:16:24.246543+05:30,15,1
1036,878531,487,508,1754127984347,2025-08-02 15:16:24.347290+05:30,15,1
1037,878631,487,525,1754127984448,2025-08-02 15:16:24.448100+05:30,15,1
1038,878733,487,514,1754127984548,2025-08-02 15:16:24.548973+05:30,15,1
1039,878833,487,503,1754127984650,2025-08-02 15:16:24.650069+05:30,15,1
1040,878935,488,509,1754127984750,2025-08-02 15:16:24.750759+05:30,15,1
1041,879035,488,508,1754127984851,2025-08-02 15:16:24.851688+05:30,15,1
1042,879136,488,506,1754127984952,2025-08-02 15:16:24.952387+05:30,15,1
1043,879237,489,510,1754127985053,2025-08-02 15:16:25.053378+05:30,15,1
1044,879338,489,527,1754127985154,2025-08-02 15:16:25.154099+05:30,15,1
1045,879438,489,510,1754127985254,2025-08-02 15:16:25.254949+05:30,15,1
1046,879540,490,504,1754127985355,2025-08-02 15:16:25.355616+05:30,15,1
1047,879640,491,509,1754127985456,2025-08-02 15:16:25.456536+05:30,15,1
1048,879741,491,506,1754127985557,2025-08-02 15:16:25.557303+05:30,15,1
1049,879842,490,506,1754127985658,2025-08-02 15:16:25.658260+05:30,15,1
1050,879943,490,514,1754127985759,2025-08-02 15:16:25.759202+05:30,15,1
1051,880044,491,524,1754127985860,2025-08-02 15:16:25.859998+05:30,15,1
1052,880145,490,505,1754127985960,2025-08-02 15:16:25.960704+05:30,15,1
1053,880245,490,505,1754127986061,2025-08-02 15:16:26.061788+05:30,15,1
1054,880347,489,508,1754127986162,2025-08-02 15:16:26.162511+05:30,15,1
1055,880447,488,504,1754127986263,2025-08-02 15:16:26.263264+05:30,15,1
1056,880547,489,503,1754127986364,2025-08-02 15:16:26.364064+05:30,15,1
1057,880649,488,519,1754127986464,2025-08-02 15:16:26.464895+05:30,15,1
1058,880749,487,510,1754127986565,2025-08-02 15:16:26.565729+05:30,15,1
1059,880850,487,504,1754127986666,2025-08-02 15:16:26.666442+05:30,15,1
1060,880951,486,513,1754127986767,2025-08-02 15:16:26.767336+05:30,15,1
1061,881052,487,507,1754127986868,2025-08-02 15:16:26.868187+05:30,15,1
1062,881153,487,507,1754127986969,2025-08-02 15:16:26.969160+05:30,15,1
1063,881254,487,523,1754127987069,2025-08-02 15:16:27.069949+05:30,15,1
1064,881354,487,525,1754127987170,2025-08-02 15:16:27.170649+05:30,15,1
1065,881456,488,504,1754127987271,2025-08-02 15:16:27.271534+05:30,15,1
1066,881556,487,509,1754127987372,2025-08-02 15:16:27.372254+05:30,15,1
1067,881657,489,509,1754127987473,2025-08-02 15:16:27.473179+05:30,15,1
1068,881758,488,505,1754127987574,2025-08-02 15:16:27.574006+05:30,15,1
1069,881859,489,518,1754127987674,2025-08-02 15:16:27.674936+05:30,15,1
1070,881959,490,524,1754127987775,2025-08-02 15:16:27.775691+05:30,15,1
1071,882061,491,506,1754127987876,2025-08-02 15:16:27.876678+05:30,15,1
1072,882161,490,508,1754127987977,2025-08-02 15:16:27.977380+05:30,15,1
1073,882263,491,507,1754127988078,2025-08-02 15:16:28.078199+05:30,15,1
1074,882363,492,506,1754127988179,2025-08-02 15:16:28.179006+05:30,15,1
1075,882463,490,510,1754127988279,2025-08-02 15:16:28.279918+05:30,15,1
1076,882565,490,528,1754127988380,2025-08-02 15:16:28.380671+05:30,15,1
1077,882665,490,505,1754127988481,2025-08-02 15:16:28.481961+05:30,15,1
1078,882766,489,505,1754127988582,2025-08-02 15:16:28.582464+05:30,15,1
1079,882867,489,509,1754127988683,2025-08-02 15:16:28.683215+05:30,15,1
1080,882968,488,507,1754127988784,2025-08-02 15:16:28.784293+05:30,15,1
1081,883068,489,508,1754127988885,2025-08-02 15:16:28.885316+05:30,15,1
1082,883170,488,525,1754127988985,2025-08-02 15:16:28.985952+05:30,15,1
1083,883270,488,515,1754127989086,2025-08-02 15:16:29.086817+05:30,15,1
1084,883372,487,503,1754127989187,2025-08-02 15:16:29.187691+05:30,15,1
1085,883472,487,508,1754127989288,2025-08-02 15:16:29.288453+05:30,15,1
1086,883573,487,508,1754127989389,2025-08-02 15:16:29.389374+05:30,15,1
1087,883674,486,507,1754127989490,2025-08-02 15:16:29.490191+05:30,15,1
1088,883775,487,507,1754127989590,2025-08-02 15:16:29.590919+05:30,15,1
1089,883875,486,525,1754127989691,2025-08-02 15:16:29.691691+05:30,15,1
1090,883977,488,514,1754127989792,2025-08-02 15:16:29.792362+05:30,15,1
1091,884077,487,505,1754127989893,2025-08-02 15:16:29.893473+05:30,15,1
1092,884178,487,510,1754127989994,2025-08-02 15:16:29.994145+05:30,15,1
1093,884279,488,505,1754127990094,2025-08-02 15:16:30.094932+05:30,15,1
1094,884379,489,509,1754127990195,2025-08-02 15:16:30.195632+05:30,15,1
1095,884481,490,506,1754127990296,2025-08-02 15:16:30.296604+05:30,15,1
1096,884581,491,518,1754127990397,2025-08-02 15:16:30.397320+05:30,15,1
1097,884682,491,515,1754127990498,2025-08-02 15:16:30.498290+05:30,15,1
1098,884783,490,506,1754127990599,2025-08-02 15:16:30.599353+05:30,15,1
1099,884884,491,508,1754127990699,2025-08-02 15:16:30.699949+05:30,15,1
1100,884984,490,508,1754127990800,2025-08-02 15:16:30.800864+05:30,15,1
1101,885086,491,507,1754127990901,2025-08-02 15:16:30.901780+05:30,15,1
1102,885186,490,509,1754127991002,2025-08-02 15:16:31.002479+05:30,15,1
1103,885287,489,520,1754127991103,2025-08-02 15:16:31.103230+05:30,15,1
1104,885388,490,515,1754127991204,2025-08-02 15:16:31.204054+05:30,15,1
1105,885489,489,508,1754127991305,2025-08-02 15:16:31.305238+05:30,15,1
1106,885590,488,511,1754127991406,2025-08-02 15:16:31.406002+05:30,15,1
1107,885691,488,510,1754127991506,2025-08-02 15:16:31.506891+05:30,15,1
1108,885791,488,507,1754127991607,2025-08-02 15:16:31.607919+05:30,15,1
1109,885893,488,512,1754127991708,2025-08-02 15:16:31.708533+05:30,15,1
1110,885993,487,525,1754127991809,2025-08-02 15:16:31.809464+05:30,15,1
1111,886094,487,512,1754127991910,2025-08-02 15:16:31.910160+05:30,15,1
1112,886195,489,508,1754127992011,2025-08-02 15:16:32.011214+05:30,15,1
1113,886295,489,510,1754127992111,2025-08-02 15:16:32.111610+05:30,15,1
1114,886396,486,511,1754127992212,2025-08-02 15:16:32.212423+05:30,15,1
1115,886497,488,509,1754127992313,2025-08-02 15:16:32.313418+05:30,15,1
1116,886598,489,514,1754127992414,2025-08-02 15:16:32.414188+05:30,15,1
1117,886699,488,525,1754127992515,2025-08-02 15:16:32.515022+05:30,15,1
1118,886800,488,508,1754127992616,2025-08-02 15:16:32.615984+05:30,15,1
1119,886900,490,509,1754127992716,2025-08-02 15:16:32.716682+05:30,15,1
1120,887002,490,508,1754127992817,2025-08-02 15:16:32.817456+05:30,15,1
1121,887102,490,508,1754127992918,2025-08-02 15:16:32.918520+05:30,15,1
1122,887203,491,509,1754127993019,2025-08-02 15:16:33.019289+05:30,15,1
1123,887304,490,512,1754127993120,2025-08-02 15:16:33.120298+05:30,15,1
1124,887405,491,525,1754127993220,2025-08-02 15:16:33.220789+05:30,15,1
1125,887505,492,511,1754127993321,2025-08-02 15:16:33.321708+05:30,15,1
1126,887607,489,504,1754127993422,2025-08-02 15:16:33.422477+05:30,15,1
1127,887707,490,509,1754127993523,2025-08-02 15:16:33.523371+05:30,15,1
1128,887809,490,508,1754127993624,2025-08-02 15:16:33.624036+05:30,15,1
1129,887909,489,507,1754127993724,2025-08-02 15:16:33.724893+05:30,15,1
1130,888010,488,507,1754127993825,2025-08-02 15:16:33.825882+05:30,15,1
1131,888111,488,520,1754127993926,2025-08-02 15:16:33.926678+05:30,15,1
1132,888211,488,520,1754127994027,2025-08-02 15:16:34.027484+05:30,15,1
1133,888312,489,505,1754127994128,2025-08-02 15:16:34.128400+05:30,15,1
1134,888413,489,507,1754127994229,2025-08-02 15:16:34.229254+05:30,15,1
1135,888514,487,508,1754127994330,2025-08-02 15:16:34.330015+05:30,15,1
1136,888614,488,506,1754127994430,2025-08-02 15:16:34.430803+05:30,15,1
1137,888716,487,507,1754127994531,2025-08-02 15:16:34.531786+05:30,15,1
1138,888816,488,508,1754127994632,2025-08-02 15:16:34.632527+05:30,15,1
1139,888918,488,522,1754127994733,2025-08-02 15:16:34.733395+05:30,15,1
1140,889018,488,515,1754127994834,2025-08-02 15:16:34.834218+05:30,15,1
1141,889119,488,506,1754127994935,2025-08-02 15:16:34.935119+05:30,15,1
1142,889220,489,510,1754127995036,2025-08-02 15:16:35.036057+05:30,15,1
1143,889321,489,509,1754127995136,2025-08-02 15:16:35.136847+05:30,15,1
1144,889421,490,507,1754127995237,2025-08-02 15:16:35.237760+05:30,15,1
1145,889523,490,508,1754127995338,2025-08-02 15:16:35.338556+05:30,15,1
1146,889623,489,520,1754127995439,2025-08-02 15:16:35.439462+05:30,15,1
1147,889724,490,516,1754127995540,2025-08-02 15:16:35.540224+05:30,15,1
1148,889825,490,506,1754127995641,2025-08-02 15:16:35.641112+05:30,15,1
1149,889926,490,509,1754127995741,2025-08-02 15:16:35.741772+05:30,15,1
1150,890027,491,506,1754127995842,2025-08-02 15:16:35.842518+05:30,15,1
1151,890127,490,509,1754127995943,2025-08-02 15:16:35.943465+05:30,15,1
1152,890228,490,510,1754127996044,2025-08-02 15:16:36.044384+05:30,15,1
1153,890329,490,511,1754127996145,2025-08-02 15:16:36.145201+05:30,15,1
1154,890430,489,521,1754127996246,2025-08-02 15:16:36.246207+05:30,15,1
1155,890530,488,513,1754127996346,2025-08-02 15:16:36.346907+05:30,15,1
1156,890632,488,509,1754127996447,2025-08-02 15:16:36.447531+05:30,15,1
1157,890732,488,509,1754127996548,2025-08-02 15:16:36.548547+05:30,15,1
1158,890833,486,508,1754127996649,2025-08-02 15:16:36.649429+05:30,15,1
1159,890934,487,509,1754127996750,2025-08-02 15:16:36.750173+05:30,15,1
1160,891035,488,510,1754127996850,2025-08-02 15:16:36.850954+05:30,15,1
1161,891136,486,521,1754127996952,2025-08-02 15:16:36.952027+05:30,15,1
1162,891237,488,515,1754127997052,2025-08-02 15:16:37.052710+05:30,15,1
1163,891337,487,509,1754127997153,2025-08-02 15:16:37.153333+05:30,15,1
1164,891439,488,505,1754127997254,2025-08-02 15:16:37.254314+05:30,15,1
1165,891539,488,511,1754127997355,2025-08-02 15:16:37.355056+05:30,15,1
1166,891640,488,506,1754127997455,2025-08-02 15:16:37.455919+05:30,15,1
1167,891741,489,508,1754127997556,2025-08-02 15:16:37.556797+05:30,15,1
1168,891842,490,510,1754127997657,2025-08-02 15:16:37.657621+05:30,15,1
1169,891942,489,524,1754127997758,2025-08-02 15:16:37.758384+05:30,15,1
1170,892043,490,513,1754127997859,2025-08-02 15:16:37.859240+05:30,15,1
1171,892144,490,506,1754127997960,2025-08-02 15:16:37.960119+05:30,15,1
1172,892244,491,507,1754127998061,2025-08-02 15:16:38.061320+05:30,15,1
1173,892346,491,504,1754127998162,2025-08-02 15:16:38.162129+05:30,15,1
1174,892446,492,506,1754127998262,2025-08-02 15:16:38.262875+05:30,15,1
1175,892548,490,507,1754127998363,2025-08-02 15:16:38.363347+05:30,15,1
1176,892648,491,523,1754127998464,2025-08-02 15:16:38.464421+05:30,15,1
1177,892749,489,519,1754127998565,2025-08-02 15:16:38.565116+05:30,15,1
1178,892850,489,507,1754127998665,2025-08-02 15:16:38.665946+05:30,15,1
1179,892951,489,510,1754127998766,2025-08-02 15:16:38.766810+05:30,15,1
1180,893051,488,510,1754127998867,2025-08-02 15:16:38.867596+05:30,15,1
1181,893153,488,508,1754127998968,2025-08-02 15:16:38.968457+05:30,15,1
1182,893253,487,509,1754127999069,2025-08-02 15:16:39.069316+05:30,15,1
1183,893355,487,525,1754127999170,2025-08-02 15:16:39.170112+05:30,15,1
1184,893455,487,518,1754127999270,2025-08-02 15:16:39.270906+05:30,15,1
1185,893556,487,506,1754127999371,2025-08-02 15:16:39.371772+05:30,15,1
1186,893657,488,511,1754127999472,2025-08-02 15:16:39.472554+05:30,15,1
1187,893758,488,509,1754127999573,2025-08-02 15:16:39.573385+05:30,15,1
1188,893858,488,508,1754127999674,2025-08-02 15:16:39.674564+05:30,15,1
1189,893959,489,510,1754127999775,2025-08-02 15:16:39.775306+05:30,15,1
1190,894060,488,524,1754127999876,2025-08-02 15:16:39.876228+05:30,15,1
1191,894160,489,520,1754127999976,2025-08-02 15:16:39.976935+05:30,15,1
1192,894262,489,507,1754128000077,2025-08-02 15:16:40.077633+05:30,15,1
1193,894362,490,510,1754128000178,2025-08-02 15:16:40.178435+05:30,15,1
1194,894464,491,509,1754128000279,2025-08-02 15:16:40.279343+05:30,15,1
1195,894564,491,503,1754128000380,2025-08-02 15:16:40.380107+05:30,15,1
1196,894665,491,509,1754128000481,2025-08-02 15:16:40.481032+05:30,15,1
1197,894766,491,513,1754128000581,2025-08-02 15:16:40.581868+05:30,15,1
1198,894867,492,525,1754128000682,2025-08-02 15:16:40.682619+05:30,15,1
1199,894967,491,508,1754128000783,2025-08-02 15:16:40.783355+05:30,15,1
1200,895069,490,506,1754128000884,2025-08-02 15:16:40.884342+05:30,15,1
1201,895169,490,507,1754128000985,2025-08-02 15:16:40.985254+05:30,15,1
1202,895270,489,504,1754128001086,2025-08-02 15:16:41.086087+05:30,15,1
1203,895371,488,507,1754128001186,2025-08-02 15:16:41.186837+05:30,15,1
1204,895472,489,507,1754128001287,2025-08-02 15:16:41.287658+05:30,15,1
1205,895572,488,517,1754128001388,2025-08-02 15:16:41.388451+05:30,15,1
1206,895674,488,523,1754128001489,2025-08-02 15:16:41.489328+05:30,15,1
1207,895774,488,507,1754128001590,2025-08-02 15:16:41.590219+05:30,15,1
1208,895875,487,507,1754128001691,2025-08-02 15:16:41.691039+05:30,15,1
1209,895976,487,508,1754128001792,2025-08-02 15:16:41.792059+05:30,15,1
1210,896076,487,508,1754128001892,2025-08-02 15:16:41.892623+05:30,15,1
1211,896178,487,506,1754128001993,2025-08-02 15:16:41.993501+05:30,15,1
1212,896278,489,510,1754128002094,2025-08-02 15:16:42.094497+05:30,15,1
1213,896379,487,523,1754128002195,2025-08-02 15:16:42.195135+05:30,15,1
1214,896480,487,516,1754128002296,2025-08-02 15:16:42.296022+05:30,15,1
1215,896581,489,505,1754128002396,2025-08-02 15:16:42.396901+05:30,15,1
1216,896681,490,510,1754128002497,2025-08-02 15:16:42.497767+05:30,15,1
1217,896783,490,509,1754128002598,2025-08-02 15:16:42.598557+05:30,15,1
1218,896883,490,507,1754128002699,2025-08-02 15:16:42.699383+05:30,15,1
1219,896985,490,508,1754128002800,2025-08-02 15:16:42.800349+05:30,15,1
1220,897085,490,521,1754128002901,2025-08-02 15:16:42.901010+05:30,15,1
1221,897186,491,518,1754128003002,2025-08-02 15:16:43.002390+05:30,15,1
1222,897287,491,506,1754128003102,2025-08-02 15:16:43.102748+05:30,15,1
1223,897388,490,510,1754128003203,2025-08-02 15:16:43.203846+05:30,15,1
1224,897488,490,509,1754128003304,2025-08-02 15:16:43.304542+05:30,15,1
1225,897589,490,507,1754128003405,2025-08-02 15:16:43.405524+05:30,15,1
1226,897690,489,508,1754128003506,2025-08-02 15:16:43.506141+05:30,15,1
1227,897790,490,516,1754128003607,2025-08-02 15:16:43.607288+05:30,15,1
1228,897892,489,525,1754128003707,2025-08-02 15:16:43.707699+05:30,15,1
1229,897992,489,509,1754128003808,2025-08-02 15:16:43.808877+05:30,15,1
1230,898094,488,508,1754128003909,2025-08-02 15:16:43.909474+05:30,15,1
1231,898194,489,508,1754128004010,2025-08-02 15:16:44.010261+05:30,15,1
1232,898295,489,506,1754128004111,2025-08-02 15:16:44.111149+05:30,15,1
1233,898396,487,508,1754128004212,2025-08-02 15:16:44.212013+05:30,15,1
1234,898497,488,509,1754128004312,2025-08-02 15:16:44.312759+05:30,15,1
1235,898597,488,522,1754128004413,2025-08-02 15:16:44.413497+05:30,15,1
1236,898699,487,515,1754128004514,2025-08-02 15:16:44.514742+05:30,15,1
1237,898799,487,507,1754128004615,2025-08-02 15:16:44.615402+05:30,15,1
1238,898900,487,511,1754128004716,2025-08-02 15:16:44.716193+05:30,15,1
1239,899001,488,508,1754128004817,2025-08-02 15:16:44.817089+05:30,15,1
1240,899102,489,503,1754128004917,2025-08-02 15:16:44.917874+05:30,15,1
1241,899203,489,509,1754128005018,2025-08-02 15:16:45.018945+05:30,15,1
1242,899304,489,511,1754128005119,2025-08-02 15:16:45.119615+05:30,15,1
1243,899404,490,523,1754128005220,2025-08-02 15:16:45.220626+05:30,15,1
1244,899505,491,511,1754128005321,2025-08-02 15:16:45.321229+05:30,15,1
1245,899606,491,507,1754128005422,2025-08-02 15:16:45.422040+05:30,15,1
1246,899706,490,509,1754128005523,2025-08-02 15:16:45.522997+05:30,15,1
1247,899808,491,508,1754128005623,2025-08-02 15:16:45.623930+05:30,15,1
1248,899908,491,509,1754128005724,2025-08-02 15:16:45.724637+05:30,15,1
1249,900009,491,507,1754128005825,2025-08-02 15:16:45.825409+05:30,15,1
1250,900110,490,521,1754128005926,2025-08-02 15:16:45.926280+05:30,15,1
1251,900211,490,520,1754128006027,2025-08-02 15:16:46.027350+05:30,15,1
1252,900312,490,507,1754128006128,2025-08-02 15:16:46.128089+05:30,15,1
1253,900413,489,510,1754128006229,2025-08-02 15:16:46.228998+05:30,15,1
1254,900513,488,511,1754128006329,2025-08-02 15:16:46.329487+05:30,15,1
1255,900615,490,507,1754128006430,2025-08-02 15:16:46.430409+05:30,15,1
1256,900715,488,509,1754128006531,2025-08-02 15:16:46.531278+05:30,15,1
1257,900816,487,516,1754128006632,2025-08-02 15:16:46.632565+05:30,15,1
1258,900917,487,523,1754128006732,2025-08-02 15:16:46.732940+05:30,15,1
1259,901018,487,507,1754128006833,2025-08-02 15:16:46.833743+05:30,15,1
1260,901118,487,510,1754128006934,2025-08-02 15:16:46.934630+05:30,15,1
1261,901220,488,511,1754128007035,2025-08-02 15:16:47.035432+05:30,15,1
1262,901320,488,508,1754128007136,2025-08-02 15:16:47.136259+05:30,15,1
1263,901421,489,508,1754128007236,2025-08-02 15:16:47.236884+05:30,15,1
1264,901522,489,510,1754128007337,2025-08-02 15:16:47.337868+05:30,15,1
1265,901622,490,523,1754128007438,2025-08-02 15:16:47.438575+05:30,15,1
1266,901724,490,516,1754128007539,2025-08-02 15:16:47.539428+05:30,15,1
1267,901824,490,508,1754128007640,2025-08-02 15:16:47.640269+05:30,15,1
1268,901925,491,508,1754128007741,2025-08-02 15:16:47.741144+05:30,15,1
1269,902026,491,510,1754128007841,2025-08-02 15:16:47.841948+05:30,15,1
1270,902127,490,506,1754128007942,2025-08-02 15:16:47.942833+05:30,15,1
1271,902227,491,509,1754128008043,2025-08-02 15:16:48.043622+05:30,15,1
1272,902329,491,518,1754128008144,2025-08-02 15:16:48.144427+05:30,15,1
1273,902429,491,517,1754128008245,2025-08-02 15:16:48.245327+05:30,15,1
1274,902531,490,500,1754128008346,2025-08-02 15:16:48.346034+05:30,15,1
1275,902631,490,507,1754128008446,2025-08-02 15:16:48.446949+05:30,15,1
1276,902732,490,507,1754128008547,2025-08-02 15:16:48.547800+05:30,15,1
1277,902833,489,505,1754128008648,2025-08-02 15:16:48.648681+05:30,15,1
1278,902934,489,509,1754128008749,2025-08-02 15:16:48.749415+05:30,15,1
1279,903034,488,513,1754128008850,2025-08-02 15:16:48.850437+05:30,15,1
1280,903136,488,524,1754128008951,2025-08-02 15:16:48.951173+05:30,15,1
1281,903236,488,507,1754128009052,2025-08-02 15:16:49.052108+05:30,15,1
1282,903336,487,508,1754128009152,2025-08-02 15:16:49.152908+05:30,15,1
1283,903438,487,511,1754128009253,2025-08-02 15:16:49.253595+05:30,15,1
1284,903538,488,507,1754128009354,2025-08-02 15:16:49.354427+05:30,15,1
1285,903640,487,505,1754128009455,2025-08-02 15:16:49.455387+05:30,15,1
1286,903740,489,508,1754128009556,2025-08-02 15:16:49.556125+05:30,15,1
1287,903841,489,525,1754128009657,2025-08-02 15:16:49.657211+05:30,15,1
1288,903942,488,516,1754128009757,2025-08-02 15:16:49.757849+05:30,15,1
1289,904043,489,507,1754128009858,2025-08-02 15:16:49.858788+05:30,15,1
1290,904143,489,509,1754128009959,2025-08-02 15:16:49.959490+05:30,15,1
1291,904245,491,505,1754128010060,2025-08-02 15:16:50.060339+05:30,15,1
1292,904345,491,507,1754128010161,2025-08-02 15:16:50.161134+05:30,15,1
1293,904446,491,509,1754128010262,2025-08-02 15:16:50.262200+05:30,15,1
1294,904547,491,520,1754128010362,2025-08-02 15:16:50.362864+05:30,15,1
1295,904648,491,518,1754128010463,2025-08-02 15:16:50.463672+05:30,15,1
1296,904749,491,505,1754128010564,2025-08-02 15:16:50.564583+05:30,15,1
1297,904850,491,509,1754128010665,2025-08-02 15:16:50.665343+05:30,15,1
1298,904950,491,509,1754128010766,2025-08-02 15:16:50.766170+05:30,15,1
1299,905052,491,505,1754128010867,2025-08-02 15:16:50.867097+05:30,15,1
1300,905152,490,506,1754128010967,2025-08-02 15:16:50.967871+05:30,15,1
1301,905252,491,512,1754128011068,2025-08-02 15:16:51.068573+05:30,15,1
1302,905354,489,526,1754128011169,2025-08-02 15:16:51.169489+05:30,15,1
1303,905454,488,513,1754128011270,2025-08-02 15:16:51.270277+05:30,15,1
1304,905555,488,509,1754128011371,2025-08-02 15:16:51.371199+05:30,15,1
1305,905656,488,508,1754128011472,2025-08-02 15:16:51.472121+05:30,15,1
1306,905757,488,509,1754128011573,2025-08-02 15:16:51.572984+05:30,15,1
1307,905858,487,507,1754128011673,2025-08-02 15:16:51.673699+05:30,15,1
1308,905959,487,509,1754128011774,2025-08-02 15:16:51.774518+05:30,15,1
1309,906059,488,515,1754128011875,2025-08-02 15:16:51.875407+05:30,15,1
1310,906161,488,519,1754128011976,2025-08-02 15:16:51.976124+05:30,15,1
1311,906261,489,507,1754128012077,2025-08-02 15:16:52.077115+05:30,15,1
1312,906362,488,506,1754128012177,2025-08-02 15:16:52.177768+05:30,15,1
1313,906463,488,511,1754128012278,2025-08-02 15:16:52.278664+05:30,15,1
1314,906564,491,506,1754128012379,2025-08-02 15:16:52.379490+05:30,15,1
1315,906664,489,508,1754128012480,2025-08-02 15:16:52.480406+05:30,15,1
1316,906766,490,509,1754128012581,2025-08-02 15:16:52.581275+05:30,15,1
1317,906866,491,523,1754128012682,2025-08-02 15:16:52.682236+05:30,15,1
1318,906968,491,513,1754128012783,2025-08-02 15:16:52.783063+05:30,15,1
1319,907068,491,507,1754128012883,2025-08-02 15:16:52.883782+05:30,15,1
1320,907168,492,510,1754128012984,2025-08-02 15:16:52.984862+05:30,15,1
1321,907270,492,508,1754128013085,2025-08-02 15:16:53.085647+05:30,15,1
1322,907370,491,507,1754128013186,2025-08-02 15:16:53.186430+05:30,15,1
1323,907471,491,508,1754128013287,2025-08-02 15:16:53.287412+05:30,15,1
1324,907572,490,517,1754128013387,2025-08-02 15:16:53.387933+05:30,15,1
1325,907673,491,516,1754128013488,2025-08-02 15:16:53.488774+05:30,15,1
1326,907773,490,508,1754128013589,2025-08-02 15:16:53.589540+05:30,15,1
1327,907875,489,506,1754128013690,2025-08-02 15:16:53.690443+05:30,15,1
1328,907975,489,509,1754128013791,2025-08-02 15:16:53.791195+05:30,15,1
1329,908077,488,505,1754128013892,2025-08-02 15:16:53.892212+05:30,15,1
1330,908177,487,508,1754128013992,2025-08-02 15:16:53.992927+05:30,15,1
1331,908278,487,513,1754128014093,2025-08-02 15:16:54.093729+05:30,15,1
1332,908379,488,520,1754128014194,2025-08-02 15:16:54.194564+05:30,15,1
1333,908480,488,510,1754128014295,2025-08-02 15:16:54.295530+05:30,15,1
1334,908580,487,507,1754128014396,2025-08-02 15:16:54.396522+05:30,15,1
1335,908682,488,509,1754128014497,2025-08-02 15:16:54.497213+05:30,15,1
1336,908782,489,505,1754128014598,2025-08-02 15:16:54.597988+05:30,15,1
1337,908883,487,505,1754128014698,2025-08-02 15:16:54.698856+05:30,15,1
1338,908984,487,510,1754128014799,2025-08-02 15:16:54.799756+05:30,15,1
1339,909084,489,523,1754128014900,2025-08-02 15:16:54.900429+05:30,15,1
1340,909186,490,511,1754128015001,2025-08-02 15:16:55.001474+05:30,15,1
1341,909286,491,505,1754128015102,2025-08-02 15:16:55.102153+05:30,15,1
1342,909387,490,508,1754128015202,2025-08-02 15:16:55.202883+05:30,15,1
1343,909488,491,509,1754128015304,2025-08-02 15:16:55.304063+05:30,15,1
1344,909589,491,507,1754128015404,2025-08-02 15:16:55.404928+05:30,15,1
1345,909689,491,512,1754128015505,2025-08-02 15:16:55.505727+05:30,15,1
1346,909791,490,524,1754128015606,2025-08-02 15:16:55.606415+05:30,15,1
1347,909891,491,512,1754128015707,2025-08-02 15:16:55.707684+05:30,15,1
1348,909992,491,506,1754128015808,2025-08-02 15:16:55.808165+05:30,15,1
1349,910093,491,512,1754128015908,2025-08-02 15:16:55.908878+05:30,15,1
1350,910194,490,510,1754128016009,2025-08-02 15:16:56.009651+05:30,15,1
1351,910295,490,508,1754128016110,2025-08-02 15:16:56.110590+05:30,15,1
1352,910396,489,513,1754128016211,2025-08-02 15:16:56.211444+05:30,15,1
1353,910496,488,526,1754128016312,2025-08-02 15:16:56.312300+05:30,15,1
1354,910598,489,509,1754128016413,2025-08-02 15:16:56.413323+05:30,15,1
1355,910698,487,508,1754128016513,2025-08-02 15:16:56.513892+05:30,15,1
1356,910799,487,508,1754128016614,2025-08-02 15:16:56.614889+05:30,15,1
1357,910900,487,509,1754128016715,2025-08-02 15:16:56.715376+05:30,15,1
1358,911000,486,508,1754128016816,2025-08-02 15:16:56.816290+05:30,15,1
1359,911101,488,517,1754128016917,2025-08-02 15:16:56.917129+05:30,15,1
1360,911202,486,526,1754128017017,2025-08-02 15:16:57.017882+05:30,15,1
1361,911303,488,506,1754128017118,2025-08-02 15:16:57.118880+05:30,15,1
1362,911404,488,508,1754128017219,2025-08-02 15:16:57.219601+05:30,15,1
1363,911505,487,510,1754128017320,2025-08-02 15:16:57.320562+05:30,15,1
1364,911605,490,507,1754128017421,2025-08-02 15:16:57.421327+05:30,15,1
1365,911707,490,507,1754128017522,2025-08-02 15:16:57.522191+05:30,15,1
1366,911807,490,513,1754128017623,2025-08-02 15:16:57.623049+05:30,15,1
1367,911908,491,521,1754128017723,2025-08-02 15:16:57.723951+05:30,15,1
1368,912009,490,510,1754128017824,2025-08-02 15:16:57.824826+05:30,15,1
1369,912110,493,505,1754128017925,2025-08-02 15:16:57.925648+05:30,15,1
1370,912210,493,510,1754128018026,2025-08-02 15:16:58.026779+05:30,15,1
1371,912312,491,507,1754128018127,2025-08-02 15:16:58.127269+05:30,15,1
1372,912412,491,507,1754128018227,2025-08-02 15:16:58.227979+05:30,15,1
1373,912514,491,506,1754128018329,2025-08-02 15:16:58.329002+05:30,15,1
1374,912614,490,518,1754128018429,2025-08-02 15:16:58.429774+05:30,15,1
1375,912715,489,520,1754128018530,2025-08-02 15:16:58.530469+05:30,15,1
1376,912816,490,505,1754128018631,2025-08-02 15:16:58.631392+05:30,15,1
1377,912916,489,508,1754128018732,2025-08-02 15:16:58.732328+05:30,15,1
1378,913017,489,509,1754128018833,2025-08-02 15:16:58.832990+05:30,15,1
1379,913118,488,508,1754128018933,2025-08-02 15:16:58.933920+05:30,15,1
1380,913219,488,507,1754128019034,2025-08-02 15:16:59.034814+05:30,15,1
1381,913319,487,509,1754128019135,2025-08-02 15:16:59.135515+05:30,15,1
1382,913421,487,518,1754128019236,2025-08-02 15:16:59.236391+05:30,15,1
1383,913521,487,520,1754128019337,2025-08-02 15:16:59.337236+05:30,15,1
1384,913623,488,508,1754128019438,2025-08-02 15:16:59.438057+05:30,15,1
1385,913723,488,508,1754128019538,2025-08-02 15:16:59.538888+05:30,15,1
1386,913824,488,510,1754128019639,2025-08-02 15:16:59.639825+05:30,15,1
1387,913925,488,508,1754128019740,2025-08-02 15:16:59.740610+05:30,15,1
1388,914026,489,509,1754128019841,2025-08-02 15:16:59.841346+05:30,15,1
1389,914126,490,508,1754128019942,2025-08-02 15:16:59.942226+05:30,15,1
1390,914228,490,516,1754128020043,2025-08-02 15:17:00.043057+05:30,15,1
1391,914328,490,522,1754128020144,2025-08-02 15:17:00.144048+05:30,15,1
1392,914429,491,509,1754128020244,2025-08-02 15:17:00.244787+05:30,15,1
1393,914530,492,507,1754128020345,2025-08-02 15:17:00.345807+05:30,15,1
1394,914631,492,508,1754128020446,2025-08-02 15:17:00.446373+05:30,15,1
1395,914732,491,508,1754128020547,2025-08-02 15:17:00.547331+05:30,15,1
1396,914832,491,508,1754128020648,2025-08-02 15:17:00.648139+05:30,15,1
1397,914933,491,508,1754128020749,2025-08-02 15:17:00.749137+05:30,15,1
1398,915034,491,512,1754128020850,2025-08-02 15:17:00.850026+05:30,15,1
1399,915135,491,522,1754128020950,2025-08-02 15:17:00.950949+05:30,15,1
1400,915235,490,511,1754128021051,2025-08-02 15:17:01.051624+05:30,15,1
1401,915337,489,506,1754128021152,2025-08-02 15:17:01.152593+05:30,15,1
1402,915437,489,509,1754128021253,2025-08-02 15:17:01.253169+05:30,15,1
1403,915538,488,508,1754128021354,2025-08-02 15:17:01.354119+05:30,15,1
1404,915639,488,508,1754128021454,2025-08-02 15:17:01.454945+05:30,15,1
1405,915740,489,505,1754128021555,2025-08-02 15:17:01.555813+05:30,15,1
1406,915841,488,519,1754128021656,2025-08-02 15:17:01.656619+05:30,15,1
1407,915942,487,521,1754128021757,2025-08-02 15:17:01.757612+05:30,15,1
1408,916042,487,508,1754128021858,2025-08-02 15:17:01.858488+05:30,15,1
1409,916144,488,510,1754128021959,2025-08-02 15:17:01.959267+05:30,15,1
1410,916244,489,510,1754128022059,2025-08-02 15:17:02.059919+05:30,15,1
1411,916345,489,506,1754128022160,2025-08-02 15:17:02.160675+05:30,15,1
1412,916446,489,508,1754128022261,2025-08-02 15:17:02.261470+05:30,15,1
1413,916547,490,514,1754128022362,2025-08-02 15:17:02.362392+05:30,15,1
1414,916647,490,522,1754128022463,2025-08-02 15:17:02.463396+05:30,15,1
1415,916748,490,509,1754128022564,2025-08-02 15:17:02.564231+05:30,15,1
1416,916849,491,507,1754128022665,2025-08-02 15:17:02.665056+05:30,15,1
1417,916950,491,511,1754128022766,2025-08-02 15:17:02.766009+05:30,15,1
1418,917051,491,504,1754128022866,2025-08-02 15:17:02.866684+05:30,15,1
1419,917151,490,508,1754128022967,2025-08-02 15:17:02.967618+05:30,15,1
1420,917253,492,517,1754128023068,2025-08-02 15:17:03.068318+05:30,15,1
1421,917353,491,522,1754128023169,2025-08-02 15:17:03.169350+05:30,15,1
1422,917454,492,507,1754128023270,2025-08-02 15:17:03.270020+05:30,15,1
1423,917555,490,508,1754128023370,2025-08-02 15:17:03.370874+05:30,15,1
1424,917656,490,510,1754128023471,2025-08-02 15:17:03.471734+05:30,15,1
1425,917756,491,506,1754128023572,2025-08-02 15:17:03.572741+05:30,15,1
1426,917858,489,509,1754128023673,2025-08-02 15:17:03.673297+05:30,15,1
1427,917958,488,521,1754128023774,2025-08-02 15:17:03.774318+05:30,15,1
1428,918060,489,522,1754128023875,2025-08-02 15:17:03.875077+05:30,15,1
1429,918160,488,507,1754128023976,2025-08-02 15:17:03.976060+05:30,15,1
1430,918261,488,507,1754128024076,2025-08-02 15:17:04.076583+05:30,15,1
1431,918362,488,510,1754128024177,2025-08-02 15:17:04.177332+05:30,15,1
1432,918463,488,509,1754128024278,2025-08-02 15:17:04.278219+05:30,15,1
1433,918563,488,505,1754128024378,2025-08-02 15:17:04.378957+05:30,15,1
1434,918664,488,519,1754128024479,2025-08-02 15:17:04.479803+05:30,15,1
1435,918765,488,524,1754128024580,2025-08-02 15:17:04.580753+05:30,15,1
1436,918865,490,502,1754128024681,2025-08-02 15:17:04.681545+05:30,15,1
1437,918967,489,510,1754128024782,2025-08-02 15:17:04.782370+05:30,15,1
1438,919067,491,508,1754128024883,2025-08-02 15:17:04.883301+05:30,15,1
1439,919169,489,507,1754128024984,2025-08-02 15:17:04.984241+05:30,15,1
1440,919269,491,508,1754128025085,2025-08-02 15:17:05.085223+05:30,15,1
1441,919370,491,520,1754128025185,2025-08-02 15:17:05.185813+05:30,15,1
1442,919471,491,519,1754128025286,2025-08-02 15:17:05.286897+05:30,15,1
1443,919572,492,505,1754128025387,2025-08-02 15:17:05.387350+05:30,15,1
1444,919672,492,511,1754128025488,2025-08-02 15:17:05.488237+05:30,15,1
1445,919774,491,508,1754128025589,2025-08-02 15:17:05.589041+05:30,15,1
1446,919874,491,506,1754128025689,2025-08-02 15:17:05.689881+05:30,15,1
1447,919975,490,507,1754128025791,2025-08-02 15:17:05.791316+05:30,15,1
1448,920076,490,521,1754128025891,2025-08-02 15:17:05.891565+05:30,15,1
1449,920177,489,514,1754128025992,2025-08-02 15:17:05.992332+05:30,15,1
1450,920278,491,504,1754128026093,2025-08-02 15:17:06.093182+05:30,15,1
1451,920379,489,511,1754128026194,2025-08-02 15:17:06.193995+05:30,15,1
1452,920479,489,508,1754128026295,2025-08-02 15:17:06.295073+05:30,15,1
1453,920580,488,507,1754128026395,2025-08-02 15:17:06.395700+05:30,15,1
1454,920681,488,521,1754128026496,2025-08-02 15:17:06.496552+05:30,15,1
1455,920781,488,513,1754128026597,2025-08-02 15:17:06.597430+05:30,15,1
1456,920883,489,504,1754128026698,2025-08-02 15:17:06.698268+05:30,15,1
1457,920983,487,513,1754128026799,2025-08-02 15:17:06.799038+05:30,15,1
1458,921084,488,510,1754128026899,2025-08-02 15:17:06.899887+05:30,15,1
1459,921185,488,506,1754128027000,2025-08-02 15:17:07.000779+05:30,15,1
1460,921286,489,516,1754128027101,2025-08-02 15:17:07.101637+05:30,15,1
1461,921387,489,522,1754128027202,2025-08-02 15:17:07.202370+05:30,15,1
1462,921488,490,507,1754128027303,2025-08-02 15:17:07.303491+05:30,15,1
1463,921588,490,508,1754128027404,2025-08-02 15:17:07.404050+05:30,15,1
1464,921690,490,509,1754128027504,2025-08-02 15:17:07.504981+05:30,15,1
1465,921790,491,508,1754128027605,2025-08-02 15:17:07.605875+05:30,15,1
1466,921891,491,508,1754128027706,2025-08-02 15:17:07.706736+05:30,15,1
1467,921992,491,522,1754128027807,2025-08-02 15:17:07.807425+05:30,15,1
1468,922093,492,514,1754128027908,2025-08-02 15:17:07.908297+05:30,15,1
1469,922193,491,505,1754128028009,2025-08-02 15:17:08.009169+05:30,15,1
1470,922295,491,512,1754128028109,2025-08-02 15:17:08.109937+05:30,15,1
1471,922395,491,506,1754128028210,2025-08-02 15:17:08.210862+05:30,15,1
1472,922496,493,506,1754128028311,2025-08-02 15:17:08.311583+05:30,15,1
1473,922597,492,511,1754128028412,2025-08-02 15:17:08.412464+05:30,15,1
1474,922697,489,524,1754128028513,2025-08-02 15:17:08.513226+05:30,15,1
1475,922799,490,508,1754128028614,2025-08-02 15:17:08.614113+05:30,15,1
1476,922899,489,507,1754128028714,2025-08-02 15:17:08.714930+05:30,15,1
1477,923000,489,508,1754128028815,2025-08-02 15:17:08.815791+05:30,15,1
1478,923101,489,508,1754128028916,2025-08-02 15:17:08.916772+05:30,15,1
1479,923202,487,505,1754128029017,2025-08-02 15:17:09.017437+05:30,15,1
1480,923302,488,513,1754128029118,2025-08-02 15:17:09.118180+05:30,15,1
1481,923404,488,525,1754128029218,2025-08-02 15:17:09.218983+05:30,15,1
1482,923504,488,514,1754128029319,2025-08-02 15:17:09.319899+05:30,15,1
1483,923606,488,509,1754128029420,2025-08-02 15:17:09.420795+05:30,15,1
1484,923706,489,511,1754128029521,2025-08-02 15:17:09.521502+05:30,15,1
1485,923807,490,508,1754128029622,2025-08-02 15:17:09.622450+05:30,15,1
1486,923908,490,508,1754128029723,2025-08-02 15:17:09.723284+05:30,15,1
1487,924009,490,507,1754128029824,2025-08-02 15:17:09.824146+05:30,15,1
1488,924109,490,526,1754128029924,2025-08-02 15:17:09.924952+05:30,15,1
1489,924211,490,517,1754128030025,2025-08-02 15:17:10.025922+05:30,15,1
1490,924311,491,503,1754128030126,2025-08-02 15:17:10.126791+05:30,15,1
1491,924411,491,508,1754128030227,2025-08-02 15:17:10.227569+05:30,15,1
1492,924513,491,507,1754128030328,2025-08-02 15:17:10.328350+05:30,15,1
1493,924613,491,507,1754128030429,2025-08-02 15:17:10.429115+05:30,15,1
1494,924715,491,500,1754128030530,2025-08-02 15:17:10.530033+05:30,15,1
1495,924815,490,509,1754128030630,2025-08-02 15:17:10.630747+05:30,15,1
1496,924916,490,522,1754128030731,2025-08-02 15:17:10.731690+05:30,15,1
1497,925017,490,517,1754128030832,2025-08-02 15:17:10.832548+05:30,15,1
1498,925118,491,503,1754128030933,2025-08-02 15:17:10.933304+05:30,15,1
1499,925218,490,509,1754128031034,2025-08-02 15:17:11.034092+05:30,15,1
1500,925320,489,508,1754128031135,2025-08-02 15:17:11.134990+05:30,15,1
1501,925420,489,506,1754128031235,2025-08-02 15:17:11.235952+05:30,15,1
1502,925521,488,510,1754128031336,2025-08-02 15:17:11.336605+05:30,15,1
1503,925622,488,512,1754128031437,2025-08-02 15:17:11.437558+05:30,15,1
1504,925723,488,523,1754128031538,2025-08-02 15:17:11.538257+05:30,15,1
1505,925824,487,505,1754128031639,2025-08-02 15:17:11.639139+05:30,15,1
1506,925925,488,507,1754128031740,2025-08-02 15:17:11.740154+05:30,15,1
1507,926025,488,510,1754128031840,2025-08-02 15:17:11.840784+05:30,15,1
1508,926127,490,505,1754128031941,2025-08-02 15:17:11.941648+05:30,15,1
1509,926227,488,510,1754128032042,2025-08-02 15:17:12.042684+05:30,15,1
1510,926327,490,512,1754128032143,2025-08-02 15:17:12.143498+05:30,15,1
1511,926429,489,522,1754128032244,2025-08-02 15:17:12.244463+05:30,15,1
1512,926529,490,510,1754128032345,2025-08-02 15:17:12.345233+05:30,15,1
1513,926630,491,505,1754128032446,2025-08-02 15:17:12.446222+05:30,15,1
1514,926731,491,509,1754128032547,2025-08-02 15:17:12.547013+05:30,15,1
1515,926832,491,508,1754128032647,2025-08-02 15:17:12.647736+05:30,15,1
1516,926932,491,507,1754128032748,2025-08-02 15:17:12.748485+05:30,15,1
1517,927034,491,511,1754128032849,2025-08-02 15:17:12.849325+05:30,15,1
1518,927134,491,522,1754128032950,2025-08-02 15:17:12.950054+05:30,15,1
1519,927236,491,513,1754128033050,2025-08-02 15:17:13.050857+05:30,15,1
1520,927336,491,510,1754128033151,2025-08-02 15:17:13.151644+05:30,15,1
1521,927437,490,508,1754128033252,2025-08-02 15:17:13.252597+05:30,15,1
1522,927538,489,507,1754128033353,2025-08-02 15:17:13.353436+05:30,15,1
1523,927639,490,507,1754128033454,2025-08-02 15:17:13.454258+05:30,15,1
1524,927739,489,510,1754128033555,2025-08-02 15:17:13.555045+05:30,15,1
1525,927841,488,522,1754128033655,2025-08-02 15:17:13.655867+05:30,15,1
1526,927941,488,517,1754128033756,2025-08-02 15:17:13.756689+05:30,15,1
1527,928043,487,506,1754128033857,2025-08-02 15:17:13.857833+05:30,15,1
1528,928143,488,510,1754128033958,2025-08-02 15:17:13.958434+05:30,15,1
1529,928243,489,510,1754128034059,2025-08-02 15:17:14.059208+05:30,15,1
1530,928345,488,509,1754128034160,2025-08-02 15:17:14.160011+05:30,15,1
1531,928445,489,509,1754128034260,2025-08-02 15:17:14.260944+05:30,15,1
1532,928546,488,517,1754128034361,2025-08-02 15:17:14.361707+05:30,15,1
1533,928647,488,515,1754128034462,2025-08-02 15:17:14.462491+05:30,15,1
1534,928748,489,508,1754128034563,2025-08-02 15:17:14.563317+05:30,15,1
1535,928848,490,508,1754128034664,2025-08-02 15:17:14.664284+05:30,15,1
1536,928950,489,511,1754128034765,2025-08-02 15:17:14.765114+05:30,15,1
1537,929050,491,509,1754128034866,2025-08-02 15:17:14.866010+05:30,15,1
1538,929152,490,511,1754128034966,2025-08-02 15:17:14.966804+05:30,15,1
1539,929252,492,525,1754128035067,2025-08-02 15:17:15.067619+05:30,15,1
1540,929353,492,510,1754128035168,2025-08-02 15:17:15.168574+05:30,15,1
1541,929454,493,505,1754128035269,2025-08-02 15:17:15.269149+05:30,15,1
1542,929555,492,510,1754128035370,2025-08-02 15:17:15.370024+05:30,15,1
1543,929655,491,509,1754128035470,2025-08-02 15:17:15.470875+05:30,15,1
1544,929757,491,507,1754128035571,2025-08-02 15:17:15.571826+05:30,15,1
1545,929857,490,510,1754128035672,2025-08-02 15:17:15.672740+05:30,15,1
1546,929958,490,525,1754128035773,2025-08-02 15:17:15.773571+05:30,15,1
1547,930059,489,509,1754128035874,2025-08-02 15:17:15.874399+05:30,15,1
1548,930159,489,506,1754128035975,2025-08-02 15:17:15.975089+05:30,15,1
1549,930260,488,510,1754128036075,2025-08-02 15:17:16.075871+05:30,15,1
1550,930361,489,507,1754128036176,2025-08-02 15:17:16.176763+05:30,15,1
1551,930462,487,507,1754128036277,2025-08-02 15:17:16.277845+05:30,15,1
1552,930563,490,513,1754128036378,2025-08-02 15:17:16.378432+05:30,15,1
1553,930664,488,521,1754128036479,2025-08-02 15:17:16.479855+05:30,15,1
1554,930764,489,506,1754128036580,2025-08-02 15:17:16.580247+05:30,15,1
1555,930866,488,507,1754128036681,2025-08-02 15:17:16.681046+05:30,15,1
1556,930966,488,509,1754128036781,2025-08-02 15:17:16.781733+05:30,15,1
1557,931067,489,507,1754128036882,2025-08-02 15:17:16.882760+05:30,15,1
1558,931168,491,507,1754128036983,2025-08-02 15:17:16.983511+05:30,15,1
1559,931269,489,523,1754128037084,2025-08-02 15:17:17.084230+05:30,15,1
1560,931369,490,516,1754128037185,2025-08-02 15:17:17.185078+05:30,15,1
1561,931471,490,506,1754128037285,2025-08-02 15:17:17.285968+05:30,15,1
1562,931571,491,509,1754128037386,2025-08-02 15:17:17.386783+05:30,15,1
1563,931673,491,509,1754128037487,2025-08-02 15:17:17.487793+05:30,15,1
1564,931773,491,507,1754128037588,2025-08-02 15:17:17.588639+05:30,15,1
1565,931874,492,514,1754128037689,2025-08-02 15:17:17.689394+05:30,15,1
1566,931975,491,524,1754128037790,2025-08-02 15:17:17.790162+05:30,15,1
1567,932075,491,508,1754128037891,2025-08-02 15:17:17.891024+05:30,15,1
1568,932176,491,507,1754128037991,2025-08-02 15:17:17.991944+05:30,15,1
1569,932277,490,509,1754128038092,2025-08-02 15:17:18.092780+05:30,15,1
1570,932378,490,506,1754128038193,2025-08-02 15:17:18.193702+05:30,15,1
1571,932478,491,510,1754128038294,2025-08-02 15:17:18.294662+05:30,15,1
1572,932580,489,521,1754128038395,2025-08-02 15:17:18.395365+05:30,15,1
1573,932680,488,518,1754128038496,2025-08-02 15:17:18.496504+05:30,15,1
1574,932782,488,506,1754128038597,2025-08-02 15:17:18.597193+05:30,15,1
1575,932882,489,506,1754128038698,2025-08-02 15:17:18.698013+05:30,15,1
1576,932983,488,510,1754128038798,2025-08-02 15:17:18.798507+05:30,15,1
1577,933084,490,506,1754128038899,2025-08-02 15:17:18.899330+05:30,15,1
1578,933185,487,511,1754128039000,2025-08-02 15:17:19.000167+05:30,15,1
1579,933285,489,526,1754128039101,2025-08-02 15:17:19.101019+05:30,15,1
1580,933387,489,515,1754128039201,2025-08-02 15:17:19.201777+05:30,15,1
1581,933487,488,506,1754128039302,2025-08-02 15:17:19.302779+05:30,15,1
1582,933588,489,509,1754128039403,2025-08-02 15:17:19.403545+05:30,15,1
1583,933689,487,506,1754128039504,2025-08-02 15:17:19.504489+05:30,15,1
1584,933790,486,509,1754128039605,2025-08-02 15:17:19.605197+05:30,15,1
1585,933891,487,507,1754128039705,2025-08-02 15:17:19.705984+05:30,15,1
1586,933991,488,520,1754128039806,2025-08-02 15:17:19.806857+05:30,15,1
1587,934092,488,514,1754128039907,2025-08-02 15:17:19.907659+05:30,15,1
1588,934193,488,506,1754128040008,2025-08-02 15:17:20.008437+05:30,15,1
1589,934294,487,509,1754128040109,2025-08-02 15:17:20.109520+05:30,15,1
1590,934394,488,509,1754128040210,2025-08-02 15:17:20.210316+05:30,15,1
1591,934496,487,507,1754128040311,2025-08-02 15:17:20.311052+05:30,15,1
1592,934596,488,507,1754128040411,2025-08-02 15:17:20.411882+05:30,15,1
1593,934697,485,517,1754128040512,2025-08-02 15:17:20.512692+05:30,15,1
1594,934798,487,518,1754128040613,2025-08-02 15:17:20.613493+05:30,15,1
1595,934899,485,507,1754128040714,2025-08-02 15:17:20.714492+05:30,15,1
1596,935000,485,509,1754128040815,2025-08-02 15:17:20.815387+05:30,15,1
1597,935101,485,510,1754128040916,2025-08-02 15:17:20.916036+05:30,15,1
1598,935201,484,508,1754128041016,2025-08-02 15:17:21.016885+05:30,15,1
1599,935303,484,508,1754128041117,2025-08-02 15:17:21.117746+05:30,15,1
1600,935403,483,511,1754128041218,2025-08-02 15:17:21.218601+05:30,15,1
1601,935504,483,523,1754128041319,2025-08-02 15:17:21.319672+05:30,15,1
1602,935605,484,510,1754128041420,2025-08-02 15:17:21.420233+05:30,15,1
1603,935706,485,507,1754128041521,2025-08-02 15:17:21.521159+05:30,15,1
1604,935806,484,511,1754128041621,2025-08-02 15:17:21.621895+05:30,15,1
1605,935907,485,508,1754128041722,2025-08-02 15:17:21.722896+05:30,15,1
1606,936008,485,508,1754128041823,2025-08-02 15:17:21.823557+05:30,15,1
1607,936109,485,509,1754128041924,2025-08-02 15:17:21.924446+05:30,15,1
1608,936210,486,517,1754128042025,2025-08-02 15:17:22.025360+05:30,15,1
1609,936310,486,521,1754128042126,2025-08-02 15:17:22.126122+05:30,15,1
1610,936412,486,510,1754128042226,2025-08-02 15:17:22.226943+05:30,15,1
1611,936512,487,508,1754128042327,2025-08-02 15:17:22.327900+05:30,15,1
1612,936613,487,506,1754128042428,2025-08-02 15:17:22.428621+05:30,15,1
1613,936714,488,500,1754128042529,2025-08-02 15:17:22.529432+05:30,15,1
1614,936815,486,499,1754128042630,2025-08-02 15:17:22.630295+05:30,15,1
1615,936915,487,505,1754128042731,2025-08-02 15:17:22.731179+05:30,15,1
1616,937017,486,520,1754128042831,2025-08-02 15:17:22.831932+05:30,15,1
1617,937117,487,509,1754128042932,2025-08-02 15:17:22.932942+05:30,15,1
1618,937219,490,499,1754128043033,2025-08-02 15:17:23.033554+05:30,15,1
1619,937319,488,508,1754128043134,2025-08-02 15:17:23.134505+05:30,15,1
1620,937420,489,507,1754128043235,2025-08-02 15:17:23.235316+05:30,15,1
1621,937521,486,503,1754128043336,2025-08-02 15:17:23.336183+05:30,15,1
1622,937622,487,510,1754128043437,2025-08-02 15:17:23.437113+05:30,15,1
1623,937722,487,518,1754128043537,2025-08-02 15:17:23.537820+05:30,15,1
1624,937823,487,526,1754128043638,2025-08-02 15:17:23.638613+05:30,15,1
1625,937924,487,511,1754128043739,2025-08-02 15:17:23.739577+05:30,15,1
1626,938024,488,510,1754128043840,2025-08-02 15:17:23.840340+05:30,15,1
1627,938126,487,509,1754128043941,2025-08-02 15:17:23.941417+05:30,15,1
1628,938226,488,508,1754128044042,2025-08-02 15:17:24.042069+05:30,15,1
1629,938328,487,510,1754128044143,2025-08-02 15:17:24.143097+05:30,15,1
1630,938428,488,519,1754128044243,2025-08-02 15:17:24.243854+05:30,15,1
1631,938529,490,526,1754128044344,2025-08-02 15:17:24.344792+05:30,15,1
1632,938630,489,510,1754128044445,2025-08-02 15:17:24.445543+05:30,15,1
1633,938731,489,509,1754128044546,2025-08-02 15:17:24.546393+05:30,15,1
1634,938831,491,509,1754128044647,2025-08-02 15:17:24.647318+05:30,15,1
1635,938933,490,507,1754128044747,2025-08-02 15:17:24.747944+05:30,15,1
1636,939033,488,507,1754128044849,2025-08-02 15:17:24.849013+05:30,15,1
1637,939134,490,512,1754128044949,2025-08-02 15:17:24.949480+05:30,15,1
1638,939235,490,525,1754128045050,2025-08-02 15:17:25.050266+05:30,15,1
1639,939336,490,502,1754128045151,2025-08-02 15:17:25.151100+05:30,15,1
1640,939437,490,505,1754128045251,2025-08-02 15:17:25.251967+05:30,15,1
1641,939538,490,509,1754128045352,2025-08-02 15:17:25.352948+05:30,15,1
1642,939638,490,506,1754128045453,2025-08-02 15:17:25.453931+05:30,15,1
1643,939739,490,510,1754128045554,2025-08-02 15:17:25.554582+05:30,15,1
1644,939840,489,521,1754128045655,2025-08-02 15:17:25.655677+05:30,15,1
1645,939940,488,530,1754128045756,2025-08-02 15:17:25.756415+05:30,15,1
1646,940042,488,510,1754128045857,2025-08-02 15:17:25.857272+05:30,15,1
1647,940142,487,510,1754128045958,2025-08-02 15:17:25.958072+05:30,15,1
1648,940243,487,509,1754128046059,2025-08-02 15:17:26.059059+05:30,15,1
1649,940344,486,507,1754128046159,2025-08-02 15:17:26.159823+05:30,15,1
1650,940445,485,509,1754128046260,2025-08-02 15:17:26.260640+05:30,15,1
1651,940546,487,513,1754128046361,2025-08-02 15:17:26.361342+05:30,15,1
1652,940647,488,529,1754128046462,2025-08-02 15:17:26.462141+05:30,15,1
1653,940747,488,510,1754128046563,2025-08-02 15:17:26.563123+05:30,15,1
1654,940849,488,506,1754128046664,2025-08-02 15:17:26.664029+05:30,15,1
1655,940949,489,510,1754128046764,2025-08-02 15:17:26.764480+05:30,15,1
1656,941050,490,505,1754128046865,2025-08-02 15:17:26.865325+05:30,15,1
1657,941151,490,505,1754128046966,2025-08-02 15:17:26.966429+05:30,15,1
1658,941252,490,514,1754128047067,2025-08-02 15:17:27.067334+05:30,15,1
1659,941352,490,525,1754128047168,2025-08-02 15:17:27.168167+05:30,15,1
1660,941454,491,508,1754128047268,2025-08-02 15:17:27.268820+05:30,15,1
1661,941554,491,506,1754128047369,2025-08-02 15:17:27.369646+05:30,15,1
1662,941655,491,509,1754128047470,2025-08-02 15:17:27.470387+05:30,15,1
1663,941756,491,507,1754128047571,2025-08-02 15:17:27.571304+05:30,15,1
1664,941856,491,507,1754128047672,2025-08-02 15:17:27.672185+05:30,15,1
1665,941958,490,518,1754128047773,2025-08-02 15:17:27.773194+05:30,15,1
1666,942058,491,524,1754128047873,2025-08-02 15:17:27.873776+05:30,15,1
1667,942159,489,505,1754128047975,2025-08-02 15:17:27.974978+05:30,15,1
1668,942260,489,508,1754128048075,2025-08-02 15:17:28.075775+05:30,15,1
1669,942361,489,509,1754128048176,2025-08-02 15:17:28.176360+05:30,15,1
1670,942461,489,509,1754128048277,2025-08-02 15:17:28.277208+05:30,15,1
1671,942563,488,511,1754128048377,2025-08-02 15:17:28.377942+05:30,15,1
1672,942663,488,526,1754128048479,2025-08-02 15:17:28.479101+05:30,15,1
1673,942765,488,509,1754128048579,2025-08-02 15:17:28.579921+05:30,15,1
1674,942865,487,503,1754128048680,2025-08-02 15:17:28.680591+05:30,15,1
1675,942966,488,506,1754128048781,2025-08-02 15:17:28.781298+05:30,15,1
1676,943067,488,507,1754128048882,2025-08-02 15:17:28.882133+05:30,15,1
1677,943168,487,507,1754128048982,2025-08-02 15:17:28.982962+05:30,15,1
1678,943268,488,519,1754128049083,2025-08-02 15:17:29.083657+05:30,15,1
1679,943370,489,518,1754128049184,2025-08-02 15:17:29.184571+05:30,15,1
1680,943470,489,505,1754128049285,2025-08-02 15:17:29.285706+05:30,15,1
1681,943570,491,506,1754128049386,2025-08-02 15:17:29.386445+05:30,15,1
1682,943672,490,507,1754128049487,2025-08-02 15:17:29.487246+05:30,15,1
1683,943772,490,507,1754128049588,2025-08-02 15:17:29.588194+05:30,15,1
1684,943874,491,512,1754128049688,2025-08-02 15:17:29.688942+05:30,15,1
1685,943974,491,524,1754128049789,2025-08-02 15:17:29.789728+05:30,15,1
1686,944075,490,507,1754128049890,2025-08-02 15:17:29.890417+05:30,15,1
1687,944176,491,507,1754128049991,2025-08-02 15:17:29.991178+05:30,15,1
1688,944277,490,510,1754128050092,2025-08-02 15:17:30.092113+05:30,15,1
1689,944377,491,509,1754128050192,2025-08-02 15:17:30.192973+05:30,15,1
1690,944479,492,507,1754128050293,2025-08-02 15:17:30.293782+05:30,15,1
1691,944579,490,523,1754128050394,2025-08-02 15:17:30.394682+05:30,15,1
1692,944680,490,518,1754128050495,2025-08-02 15:17:30.495535+05:30,15,1
1693,944781,488,502,1754128050596,2025-08-02 15:17:30.596276+05:30,15,1
1694,944882,489,509,1754128050697,2025-08-02 15:17:30.697139+05:30,15,1
1695,944983,489,508,1754128050797,2025-08-02 15:17:30.797974+05:30,15,1
1696,945084,488,507,1754128050898,2025-08-02 15:17:30.898796+05:30,15,1
1697,945184,489,507,1754128050999,2025-08-02 15:17:30.999555+05:30,15,1
1698,945286,487,526,1754128051100,2025-08-02 15:17:31.100830+05:30,15,1
1699,945386,488,516,1754128051201,2025-08-02 15:17:31.201336+05:30,15,1
1700,945486,487,506,1754128051302,2025-08-02 15:17:31.302087+05:30,15,1
1701,945588,487,509,1754128051402,2025-08-02 15:17:31.402974+05:30,15,1
1702,945688,488,509,1754128051503,2025-08-02 15:17:31.503875+05:30,15,1
1703,945789,488,508,1754128051604,2025-08-02 15:17:31.604706+05:30,15,1
1704,945890,489,508,1754128051705,2025-08-02 15:17:31.705540+05:30,15,1
1705,945991,489,520,1754128051806,2025-08-02 15:17:31.806261+05:30,15,1
1706,946092,489,521,1754128051907,2025-08-02 15:17:31.907036+05:30,15,1
1707,946193,490,507,1754128052007,2025-08-02 15:17:32.007960+05:30,15,1
1708,946293,490,508,1754128052108,2025-08-02 15:17:32.108734+05:30,15,1
1709,946395,491,509,1754128052209,2025-08-02 15:17:32.209629+05:30,15,1
1710,946495,491,506,1754128052310,2025-08-02 15:17:32.310494+05:30,15,1
1711,946596,491,508,1754128052411,2025-08-02 15:17:32.411327+05:30,15,1
1712,946697,491,510,1754128052512,2025-08-02 15:17:32.512303+05:30,15,1
1713,946798,491,524,1754128052613,2025-08-02 15:17:32.613185+05:30,15,1
1714,946898,490,511,1754128052713,2025-08-02 15:17:32.713811+05:30,15,1
1715,947000,491,506,1754128052814,2025-08-02 15:17:32.814608+05:30,15,1
1716,947100,491,508,1754128052915,2025-08-02 15:17:32.915629+05:30,15,1
1717,947202,489,507,1754128053016,2025-08-02 15:17:33.016481+05:30,15,1
1718,947302,490,508,1754128053117,2025-08-02 15:17:33.117382+05:30,15,1
1719,947402,488,508,1754128053218,2025-08-02 15:17:33.218538+05:30,15,1
1720,947504,489,521,1754128053319,2025-08-02 15:17:33.319091+05:30,15,1
1721,947604,488,518,1754128053419,2025-08-02 15:17:33.419947+05:30,15,1
1722,947705,487,507,1754128053520,2025-08-02 15:17:33.520481+05:30,15,1
1723,947806,487,510,1754128053621,2025-08-02 15:17:33.621344+05:30,15,1
1724,947907,488,509,1754128053722,2025-08-02 15:17:33.722213+05:30,15,1
1725,948007,487,509,1754128053823,2025-08-02 15:17:33.822997+05:30,15,1
1726,948109,488,508,1754128053923,2025-08-02 15:17:33.923874+05:30,15,1
1727,948209,489,514,1754128054025,2025-08-02 15:17:34.025060+05:30,15,1
1728,948311,487,525,1754128054125,2025-08-02 15:17:34.125710+05:30,15,1
1729,948411,489,510,1754128054226,2025-08-02 15:17:34.226455+05:30,15,1
1730,948512,489,507,1754128054327,2025-08-02 15:17:34.327174+05:30,15,1
1731,948613,491,508,1754128054428,2025-08-02 15:17:34.428075+05:30,15,1
1732,948714,489,509,1754128054528,2025-08-02 15:17:34.528944+05:30,15,1
1733,948814,491,508,1754128054629,2025-08-02 15:17:34.629625+05:30,15,1
1734,948916,491,506,1754128054730,2025-08-02 15:17:34.730589+05:30,15,1
1735,949016,492,522,1754128054831,2025-08-02 15:17:34.831349+05:30,15,1
1736,949117,490,515,1754128054932,2025-08-02 15:17:34.932520+05:30,15,1
1737,949218,491,505,1754128055033,2025-08-02 15:17:35.033140+05:30,15,1
1738,949318,491,509,1754128055133,2025-08-02 15:17:35.133868+05:30,15,1
1739,949420,491,509,1754128055234,2025-08-02 15:17:35.234663+05:30,15,1
1740,949520,490,507,1754128055335,2025-08-02 15:17:35.335579+05:30,15,1
1741,949621,490,508,1754128055436,2025-08-02 15:17:35.436426+05:30,15,1
1742,949722,489,517,1754128055537,2025-08-02 15:17:35.537237+05:30,15,1
1743,949823,488,521,1754128055637,2025-08-02 15:17:35.637977+05:30,15,1
1744,949923,488,506,1754128055739,2025-08-02 15:17:35.739161+05:30,15,1
1745,950025,488,508,1754128055839,2025-08-02 15:17:35.839876+05:30,15,1
1746,950125,487,510,1754128055940,2025-08-02 15:17:35.940728+05:30,15,1
1747,950226,488,509,1754128056041,2025-08-02 15:17:36.041634+05:30,15,1
1748,950327,488,506,1754128056142,2025-08-02 15:17:36.142213+05:30,15,1
1749,950428,488,519,1754128056243,2025-08-02 15:17:36.243291+05:30,15,1
1750,950529,488,522,1754128056343,2025-08-02 15:17:36.343933+05:30,15,1
1751,950630,489,507,1754128056444,2025-08-02 15:17:36.444903+05:30,15,1
1752,950730,488,506,1754128056545,2025-08-02 15:17:36.545619+05:30,15,1
1753,950832,489,509,1754128056646,2025-08-02 15:17:36.646439+05:30,15,1
1754,950932,489,509,1754128056747,2025-08-02 15:17:36.747210+05:30,15,1
1755,951033,490,507,1754128056848,2025-08-02 15:17:36.848318+05:30,15,1
1756,951134,490,517,1754128056948,2025-08-02 15:17:36.948914+05:30,15,1
