,Time_series,GSR,HR,timestamp,time2,subject,video_id
0,443622,417,510,1754303610515,2025-08-04 16:03:30.515951+05:30,16,7
1,443723,420,514,1754303610616,2025-08-04 16:03:30.616756+05:30,16,7
2,443824,417,510,1754303610717,2025-08-04 16:03:30.717528+05:30,16,7
3,443925,418,510,1754303610818,2025-08-04 16:03:30.818577+05:30,16,7
4,444025,419,513,1754303610919,2025-08-04 16:03:30.919150+05:30,16,7
5,444127,421,515,1754303611020,2025-08-04 16:03:31.020090+05:30,16,7
6,444227,426,528,1754303611120,2025-08-04 16:03:31.120882+05:30,16,7
7,444328,419,513,1754303611221,2025-08-04 16:03:31.221793+05:30,16,7
8,444429,419,510,1754303611322,2025-08-04 16:03:31.322677+05:30,16,7
9,444530,423,515,1754303611423,2025-08-04 16:03:31.423379+05:30,16,7
10,444631,421,511,1754303611524,2025-08-04 16:03:31.524414+05:30,16,7
11,444731,422,511,1754303611625,2025-08-04 16:03:31.625022+05:30,16,7
12,444832,421,513,1754303611725,2025-08-04 16:03:31.725939+05:30,16,7
13,444933,420,512,1754303611826,2025-08-04 16:03:31.826890+05:30,16,7
14,445034,426,524,1754303611927,2025-08-04 16:03:31.927580+05:30,16,7
15,445134,422,514,1754303612028,2025-08-04 16:03:32.028487+05:30,16,7
16,445236,420,512,1754303612129,2025-08-04 16:03:32.129290+05:30,16,7
17,445336,419,510,1754303612230,2025-08-04 16:03:32.230213+05:30,16,7
18,445437,419,508,1754303612331,2025-08-04 16:03:32.331003+05:30,16,7
19,445538,420,514,1754303612431,2025-08-04 16:03:32.431841+05:30,16,7
20,445639,419,512,1754303612532,2025-08-04 16:03:32.532575+05:30,16,7
21,445740,417,509,1754303612633,2025-08-04 16:03:32.633414+05:30,16,7
22,445841,424,527,1754303612734,2025-08-04 16:03:32.734172+05:30,16,7
23,445941,417,510,1754303612835,2025-08-04 16:03:32.835076+05:30,16,7
24,446043,415,509,1754303612935,2025-08-04 16:03:32.935877+05:30,16,7
25,446143,417,514,1754303613036,2025-08-04 16:03:33.036827+05:30,16,7
26,446244,417,513,1754303613137,2025-08-04 16:03:33.137835+05:30,16,7
27,446345,415,510,1754303613238,2025-08-04 16:03:33.238645+05:30,16,7
28,446446,415,510,1754303613339,2025-08-04 16:03:33.339631+05:30,16,7
29,446546,414,511,1754303613440,2025-08-04 16:03:33.440553+05:30,16,7
30,446647,417,517,1754303613541,2025-08-04 16:03:33.541207+05:30,16,7
31,446748,419,520,1754303613641,2025-08-04 16:03:33.641806+05:30,16,7
32,446849,412,508,1754303613742,2025-08-04 16:03:33.742748+05:30,16,7
33,446950,413,511,1754303613843,2025-08-04 16:03:33.843420+05:30,16,7
34,447050,411,514,1754303613944,2025-08-04 16:03:33.944218+05:30,16,7
35,447152,409,512,1754303614045,2025-08-04 16:03:34.045117+05:30,16,7
36,447252,406,512,1754303614146,2025-08-04 16:03:34.146087+05:30,16,7
37,447353,404,510,1754303614246,2025-08-04 16:03:34.246953+05:30,16,7
38,447454,403,513,1754303614347,2025-08-04 16:03:34.347694+05:30,16,7
39,447555,406,523,1754303614448,2025-08-04 16:03:34.448550+05:30,16,7
40,447655,402,517,1754303614549,2025-08-04 16:03:34.549291+05:30,16,7
41,447757,399,512,1754303614650,2025-08-04 16:03:34.650161+05:30,16,7
42,447857,401,515,1754303614751,2025-08-04 16:03:34.751039+05:30,16,7
43,447959,398,511,1754303614851,2025-08-04 16:03:34.851973+05:30,16,7
44,448059,398,513,1754303614952,2025-08-04 16:03:34.952626+05:30,16,7
45,448160,396,512,1754303615053,2025-08-04 16:03:35.053479+05:30,16,7
46,448261,399,512,1754303615154,2025-08-04 16:03:35.154360+05:30,16,7
47,448362,403,524,1754303615255,2025-08-04 16:03:35.255124+05:30,16,7
48,448462,406,525,1754303615355,2025-08-04 16:03:35.355951+05:30,16,7
49,448563,401,517,1754303615456,2025-08-04 16:03:35.456922+05:30,16,7
50,448664,406,517,1754303615557,2025-08-04 16:03:35.557789+05:30,16,7
51,448764,401,515,1754303615658,2025-08-04 16:03:35.658520+05:30,16,7
52,448866,403,516,1754303615759,2025-08-04 16:03:35.759310+05:30,16,7
53,448966,403,515,1754303615860,2025-08-04 16:03:35.860163+05:30,16,7
54,449068,407,522,1754303615961,2025-08-04 16:03:35.961044+05:30,16,7
55,449168,410,521,1754303616061,2025-08-04 16:03:36.061908+05:30,16,7
56,449269,406,516,1754303616162,2025-08-04 16:03:36.162745+05:30,16,7
57,449370,408,517,1754303616263,2025-08-04 16:03:36.263452+05:30,16,7
58,449471,406,512,1754303616364,2025-08-04 16:03:36.364302+05:30,16,7
59,449571,408,515,1754303616465,2025-08-04 16:03:36.465127+05:30,16,7
60,449673,409,515,1754303616565,2025-08-04 16:03:36.565975+05:30,16,7
61,449773,412,517,1754303616667,2025-08-04 16:03:36.666989+05:30,16,7
62,449874,414,528,1754303616768,2025-08-04 16:03:36.768027+05:30,16,7
63,449975,412,519,1754303616868,2025-08-04 16:03:36.868614+05:30,16,7
64,450076,412,514,1754303616969,2025-08-04 16:03:36.969524+05:30,16,7
65,450177,411,515,1754303617070,2025-08-04 16:03:37.070216+05:30,16,7
66,450278,413,513,1754303617171,2025-08-04 16:03:37.171086+05:30,16,7
67,450378,413,514,1754303617271,2025-08-04 16:03:37.271951+05:30,16,7
68,450479,412,509,1754303617372,2025-08-04 16:03:37.372702+05:30,16,7
69,450580,416,516,1754303617473,2025-08-04 16:03:37.473573+05:30,16,7
70,450680,419,528,1754303617574,2025-08-04 16:03:37.574421+05:30,16,7
71,450782,419,518,1754303617675,2025-08-04 16:03:37.675214+05:30,16,7
72,450882,414,516,1754303617776,2025-08-04 16:03:37.776201+05:30,16,7
73,450983,412,515,1754303617876,2025-08-04 16:03:37.876921+05:30,16,7
74,451084,413,509,1754303617977,2025-08-04 16:03:37.977886+05:30,16,7
75,451185,413,512,1754303618078,2025-08-04 16:03:38.078522+05:30,16,7
76,451286,415,513,1754303618179,2025-08-04 16:03:38.179378+05:30,16,7
77,451387,416,511,1754303618280,2025-08-04 16:03:38.280191+05:30,16,7
78,451487,414,510,1754303618381,2025-08-04 16:03:38.381086+05:30,16,7
79,451589,416,514,1754303618481,2025-08-04 16:03:38.481779+05:30,16,7
80,451689,415,516,1754303618582,2025-08-04 16:03:38.582687+05:30,16,7
81,451790,418,525,1754303618683,2025-08-04 16:03:38.683487+05:30,16,7
82,451891,417,517,1754303618784,2025-08-04 16:03:38.784334+05:30,16,7
83,451992,415,515,1754303618885,2025-08-04 16:03:38.885215+05:30,16,7
84,452092,419,515,1754303618985,2025-08-04 16:03:38.985974+05:30,16,7
85,452194,416,512,1754303619086,2025-08-04 16:03:39.086909+05:30,16,7
86,452294,418,513,1754303619187,2025-08-04 16:03:39.187772+05:30,16,7
87,452395,416,512,1754303619288,2025-08-04 16:03:39.288810+05:30,16,7
88,452496,419,513,1754303619389,2025-08-04 16:03:39.389365+05:30,16,7
89,452596,418,514,1754303619490,2025-08-04 16:03:39.490161+05:30,16,7
90,452698,421,517,1754303619591,2025-08-04 16:03:39.590990+05:30,16,7
91,452798,422,523,1754303619691,2025-08-04 16:03:39.691946+05:30,16,7
92,452899,419,515,1754303619792,2025-08-04 16:03:39.792705+05:30,16,7
93,453000,418,514,1754303619893,2025-08-04 16:03:39.893568+05:30,16,7
94,453101,419,515,1754303619994,2025-08-04 16:03:39.994505+05:30,16,7
95,453201,416,515,1754303620095,2025-08-04 16:03:40.095518+05:30,16,7
96,453303,416,512,1754303620196,2025-08-04 16:03:40.196188+05:30,16,7
97,453403,418,512,1754303620297,2025-08-04 16:03:40.297113+05:30,16,7
98,453505,416,512,1754303620398,2025-08-04 16:03:40.398011+05:30,16,7
99,453605,417,514,1754303620498,2025-08-04 16:03:40.498647+05:30,16,7
100,453706,423,526,1754303620599,2025-08-04 16:03:40.599331+05:30,16,7
101,453807,421,515,1754303620700,2025-08-04 16:03:40.700268+05:30,16,7
102,453908,421,514,1754303620801,2025-08-04 16:03:40.801111+05:30,16,7
103,454008,419,515,1754303620901,2025-08-04 16:03:40.901896+05:30,16,7
104,454110,421,514,1754303621002,2025-08-04 16:03:41.002623+05:30,16,7
105,454210,421,514,1754303621103,2025-08-04 16:03:41.103605+05:30,16,7
106,454310,420,512,1754303621204,2025-08-04 16:03:41.204339+05:30,16,7
107,454412,421,514,1754303621305,2025-08-04 16:03:41.305285+05:30,16,7
108,454512,420,515,1754303621406,2025-08-04 16:03:41.405998+05:30,16,7
109,454614,424,528,1754303621506,2025-08-04 16:03:41.506916+05:30,16,7
110,454714,420,516,1754303621607,2025-08-04 16:03:41.607760+05:30,16,7
111,454815,419,515,1754303621708,2025-08-04 16:03:41.708553+05:30,16,7
112,454916,420,516,1754303621809,2025-08-04 16:03:41.809508+05:30,16,7
113,455017,418,510,1754303621910,2025-08-04 16:03:41.910255+05:30,16,7
114,455117,417,511,1754303622011,2025-08-04 16:03:42.011047+05:30,16,7
115,455219,417,514,1754303622111,2025-08-04 16:03:42.111860+05:30,16,7
116,455319,419,512,1754303622213,2025-08-04 16:03:42.213012+05:30,16,7
117,455420,419,515,1754303622313,2025-08-04 16:03:42.313572+05:30,16,7
118,455521,424,527,1754303622414,2025-08-04 16:03:42.414514+05:30,16,7
119,455622,419,512,1754303622515,2025-08-04 16:03:42.515326+05:30,16,7
120,455723,421,516,1754303622616,2025-08-04 16:03:42.616065+05:30,16,7
121,455824,418,514,1754303622717,2025-08-04 16:03:42.717495+05:30,16,7
122,455924,419,513,1754303622817,2025-08-04 16:03:42.817885+05:30,16,7
123,456026,421,513,1754303622918,2025-08-04 16:03:42.918711+05:30,16,7
124,456126,422,515,1754303623019,2025-08-04 16:03:43.019359+05:30,16,7
125,456226,421,516,1754303623120,2025-08-04 16:03:43.120206+05:30,16,7
126,456328,423,517,1754303623221,2025-08-04 16:03:43.221069+05:30,16,7
127,456428,427,526,1754303623322,2025-08-04 16:03:43.322078+05:30,16,7
128,456529,420,514,1754303623422,2025-08-04 16:03:43.422904+05:30,16,7
129,456630,422,515,1754303623523,2025-08-04 16:03:43.523962+05:30,16,7
130,456731,422,517,1754303623624,2025-08-04 16:03:43.624459+05:30,16,7
131,456832,421,512,1754303623725,2025-08-04 16:03:43.725236+05:30,16,7
132,456933,420,516,1754303623826,2025-08-04 16:03:43.826064+05:30,16,7
133,457033,421,515,1754303623926,2025-08-04 16:03:43.926906+05:30,16,7
134,457135,421,514,1754303624027,2025-08-04 16:03:44.027815+05:30,16,7
135,457235,428,526,1754303624128,2025-08-04 16:03:44.128547+05:30,16,7
136,457336,424,519,1754303624229,2025-08-04 16:03:44.229388+05:30,16,7
137,457437,420,512,1754303624330,2025-08-04 16:03:44.330448+05:30,16,7
138,457538,423,517,1754303624431,2025-08-04 16:03:44.431156+05:30,16,7
139,457638,422,514,1754303624531,2025-08-04 16:03:44.531975+05:30,16,7
140,457740,423,514,1754303624632,2025-08-04 16:03:44.632752+05:30,16,7
141,457840,422,516,1754303624733,2025-08-04 16:03:44.733579+05:30,16,7
142,457942,422,517,1754303624834,2025-08-04 16:03:44.834524+05:30,16,7
143,458042,428,528,1754303624935,2025-08-04 16:03:44.935242+05:30,16,7
144,458142,425,517,1754303625036,2025-08-04 16:03:45.036110+05:30,16,7
145,458244,425,517,1754303625136,2025-08-04 16:03:45.136945+05:30,16,7
146,458344,423,517,1754303625237,2025-08-04 16:03:45.237828+05:30,16,7
147,458445,424,514,1754303625338,2025-08-04 16:03:45.338605+05:30,16,7
148,458546,424,516,1754303625439,2025-08-04 16:03:45.439561+05:30,16,7
149,458647,423,516,1754303625540,2025-08-04 16:03:45.540353+05:30,16,7
150,458747,425,523,1754303625641,2025-08-04 16:03:45.641188+05:30,16,7
151,458849,426,525,1754303625741,2025-08-04 16:03:45.741971+05:30,16,7
152,458949,422,515,1754303625842,2025-08-04 16:03:45.842829+05:30,16,7
153,459051,420,513,1754303625943,2025-08-04 16:03:45.943675+05:30,16,7
154,459151,421,514,1754303626044,2025-08-04 16:03:46.044807+05:30,16,7
155,459252,421,514,1754303626145,2025-08-04 16:03:46.145481+05:30,16,7
156,459353,422,516,1754303626246,2025-08-04 16:03:46.246220+05:30,16,7
157,459454,422,515,1754303626346,2025-08-04 16:03:46.346969+05:30,16,7
158,459554,422,517,1754303626447,2025-08-04 16:03:46.447839+05:30,16,7
159,459656,428,531,1754303626548,2025-08-04 16:03:46.548662+05:30,16,7
160,459756,423,518,1754303626649,2025-08-04 16:03:46.649519+05:30,16,7
161,459857,424,516,1754303626750,2025-08-04 16:03:46.750398+05:30,16,7
162,459958,424,515,1754303626851,2025-08-04 16:03:46.851224+05:30,16,7
163,460058,425,516,1754303626951,2025-08-04 16:03:46.951961+05:30,16,7
164,460160,424,515,1754303627052,2025-08-04 16:03:47.052873+05:30,16,7
165,460260,426,517,1754303627153,2025-08-04 16:03:47.153734+05:30,16,7
166,460361,424,514,1754303627254,2025-08-04 16:03:47.254567+05:30,16,7
167,460462,424,517,1754303627355,2025-08-04 16:03:47.355637+05:30,16,7
168,460563,424,516,1754303627456,2025-08-04 16:03:47.456172+05:30,16,7
169,460663,429,530,1754303627556,2025-08-04 16:03:47.556980+05:30,16,7
170,460765,426,521,1754303627657,2025-08-04 16:03:47.657878+05:30,16,7
171,460865,424,517,1754303627758,2025-08-04 16:03:47.758614+05:30,16,7
172,460966,427,518,1754303627859,2025-08-04 16:03:47.859458+05:30,16,7
173,461067,423,515,1754303627960,2025-08-04 16:03:47.960846+05:30,16,7
174,461168,422,515,1754303628061,2025-08-04 16:03:48.061334+05:30,16,7
175,461268,425,515,1754303628162,2025-08-04 16:03:48.162277+05:30,16,7
176,461370,422,515,1754303628263,2025-08-04 16:03:48.263133+05:30,16,7
177,461470,423,516,1754303628364,2025-08-04 16:03:48.364289+05:30,16,7
178,461572,423,517,1754303628464,2025-08-04 16:03:48.464854+05:30,16,7
179,461672,431,529,1754303628565,2025-08-04 16:03:48.565408+05:30,16,7
180,461773,425,519,1754303628666,2025-08-04 16:03:48.666664+05:30,16,7
181,461874,425,515,1754303628767,2025-08-04 16:03:48.767091+05:30,16,7
182,461974,428,519,1754303628868,2025-08-04 16:03:48.868035+05:30,16,7
183,462075,426,517,1754303628968,2025-08-04 16:03:48.968741+05:30,16,7
184,462176,427,517,1754303629069,2025-08-04 16:03:49.069604+05:30,16,7
185,462277,424,517,1754303629170,2025-08-04 16:03:49.170425+05:30,16,7
186,462377,427,516,1754303629271,2025-08-04 16:03:49.271242+05:30,16,7
187,462479,426,516,1754303629372,2025-08-04 16:03:49.372268+05:30,16,7
188,462579,429,524,1754303629472,2025-08-04 16:03:49.472877+05:30,16,7
189,462681,428,524,1754303629573,2025-08-04 16:03:49.573844+05:30,16,7
190,462781,422,511,1754303629674,2025-08-04 16:03:49.674564+05:30,16,7
191,462882,425,520,1754303629775,2025-08-04 16:03:49.775325+05:30,16,7
192,462983,425,516,1754303629876,2025-08-04 16:03:49.876317+05:30,16,7
193,463084,425,515,1754303629977,2025-08-04 16:03:49.977057+05:30,16,7
194,463184,426,518,1754303630077,2025-08-04 16:03:50.077867+05:30,16,7
195,463286,423,511,1754303630179,2025-08-04 16:03:50.178996+05:30,16,7
196,463386,425,518,1754303630279,2025-08-04 16:03:50.279594+05:30,16,7
197,463488,427,526,1754303630380,2025-08-04 16:03:50.380412+05:30,16,7
198,463588,430,526,1754303630481,2025-08-04 16:03:50.481289+05:30,16,7
199,463689,426,518,1754303630582,2025-08-04 16:03:50.582152+05:30,16,7
200,463790,428,520,1754303630683,2025-08-04 16:03:50.683005+05:30,16,7
201,463890,427,516,1754303630783,2025-08-04 16:03:50.783695+05:30,16,7
202,463991,426,517,1754303630884,2025-08-04 16:03:50.884562+05:30,16,7
203,464092,428,518,1754303630985,2025-08-04 16:03:50.985419+05:30,16,7
204,464193,429,519,1754303631086,2025-08-04 16:03:51.086247+05:30,16,7
205,464293,429,518,1754303631187,2025-08-04 16:03:51.187587+05:30,16,7
206,464395,432,531,1754303631288,2025-08-04 16:03:51.288055+05:30,16,7
207,464495,431,525,1754303631388,2025-08-04 16:03:51.388792+05:30,16,7
208,464596,428,518,1754303631489,2025-08-04 16:03:51.489642+05:30,16,7
209,464697,430,522,1754303631590,2025-08-04 16:03:51.590440+05:30,16,7
210,464798,430,518,1754303631691,2025-08-04 16:03:51.691423+05:30,16,7
211,464899,428,519,1754303631792,2025-08-04 16:03:51.792059+05:30,16,7
212,465000,427,518,1754303631892,2025-08-04 16:03:51.892871+05:30,16,7
213,465100,428,517,1754303631993,2025-08-04 16:03:51.993863+05:30,16,7
214,465202,427,519,1754303632094,2025-08-04 16:03:52.094686+05:30,16,7
215,465302,431,525,1754303632195,2025-08-04 16:03:52.195447+05:30,16,7
216,465403,435,531,1754303632296,2025-08-04 16:03:52.296423+05:30,16,7
217,465504,430,521,1754303632397,2025-08-04 16:03:52.397097+05:30,16,7
218,465605,429,520,1754303632498,2025-08-04 16:03:52.498055+05:30,16,7
219,465705,431,519,1754303632598,2025-08-04 16:03:52.598804+05:30,16,7
220,465806,430,517,1754303632699,2025-08-04 16:03:52.699584+05:30,16,7
221,465907,432,521,1754303632800,2025-08-04 16:03:52.800486+05:30,16,7
222,466008,431,520,1754303632901,2025-08-04 16:03:52.901377+05:30,16,7
223,466109,429,519,1754303633002,2025-08-04 16:03:53.002054+05:30,16,7
224,466209,431,520,1754303633103,2025-08-04 16:03:53.102989+05:30,16,7
225,466311,435,534,1754303633203,2025-08-04 16:03:53.203775+05:30,16,7
226,466411,431,523,1754303633304,2025-08-04 16:03:53.304606+05:30,16,7
227,466512,436,521,1754303633405,2025-08-04 16:03:53.405468+05:30,16,7
228,466613,436,523,1754303633506,2025-08-04 16:03:53.506318+05:30,16,7
229,466714,437,519,1754303633607,2025-08-04 16:03:53.607365+05:30,16,7
230,466814,437,517,1754303633708,2025-08-04 16:03:53.707994+05:30,16,7
231,466916,436,519,1754303633808,2025-08-04 16:03:53.808723+05:30,16,7
232,467016,439,519,1754303633909,2025-08-04 16:03:53.909600+05:30,16,7
233,467118,435,516,1754303634010,2025-08-04 16:03:54.010504+05:30,16,7
234,467218,441,527,1754303634111,2025-08-04 16:03:54.111288+05:30,16,7
235,467319,441,529,1754303634212,2025-08-04 16:03:54.212139+05:30,16,7
236,467420,438,517,1754303634312,2025-08-04 16:03:54.312955+05:30,16,7
237,467520,440,521,1754303634413,2025-08-04 16:03:54.413735+05:30,16,7
238,467621,437,518,1754303634514,2025-08-04 16:03:54.514663+05:30,16,7
239,467722,439,516,1754303634615,2025-08-04 16:03:54.615461+05:30,16,7
240,467823,439,518,1754303634716,2025-08-04 16:03:54.716349+05:30,16,7
241,467923,440,517,1754303634817,2025-08-04 16:03:54.817223+05:30,16,7
242,468025,440,517,1754303634918,2025-08-04 16:03:54.917985+05:30,16,7
243,468125,444,527,1754303635018,2025-08-04 16:03:55.018817+05:30,16,7
244,468227,443,526,1754303635119,2025-08-04 16:03:55.119734+05:30,16,7
245,468327,438,516,1754303635220,2025-08-04 16:03:55.220504+05:30,16,7
246,468428,439,518,1754303635321,2025-08-04 16:03:55.321230+05:30,16,7
247,468529,440,519,1754303635422,2025-08-04 16:03:55.422110+05:30,16,7
248,468630,438,517,1754303635523,2025-08-04 16:03:55.523072+05:30,16,7
249,468730,438,518,1754303635623,2025-08-04 16:03:55.623779+05:30,16,7
250,468832,438,518,1754303635724,2025-08-04 16:03:55.724811+05:30,16,7
251,468932,442,523,1754303635825,2025-08-04 16:03:55.825861+05:30,16,7
252,469033,443,529,1754303635926,2025-08-04 16:03:55.926402+05:30,16,7
253,469134,437,519,1754303636027,2025-08-04 16:03:56.027264+05:30,16,7
254,469235,438,518,1754303636128,2025-08-04 16:03:56.128209+05:30,16,7
255,469336,439,519,1754303636229,2025-08-04 16:03:56.229027+05:30,16,7
256,469436,439,516,1754303636329,2025-08-04 16:03:56.329606+05:30,16,7
257,469537,440,519,1754303636430,2025-08-04 16:03:56.430445+05:30,16,7
258,469638,440,518,1754303636531,2025-08-04 16:03:56.531406+05:30,16,7
259,469739,441,521,1754303636632,2025-08-04 16:03:56.632241+05:30,16,7
260,469839,446,534,1754303636733,2025-08-04 16:03:56.733020+05:30,16,7
261,469941,440,519,1754303636833,2025-08-04 16:03:56.833936+05:30,16,7
262,470041,440,519,1754303636934,2025-08-04 16:03:56.934662+05:30,16,7
263,470142,441,519,1754303637035,2025-08-04 16:03:57.035633+05:30,16,7
264,470243,438,516,1754303637136,2025-08-04 16:03:57.136302+05:30,16,7
265,470344,441,519,1754303637237,2025-08-04 16:03:57.237186+05:30,16,7
266,470445,440,520,1754303637337,2025-08-04 16:03:57.337921+05:30,16,7
267,470546,440,518,1754303637438,2025-08-04 16:03:57.438935+05:30,16,7
268,470646,444,529,1754303637539,2025-08-04 16:03:57.539832+05:30,16,7
269,470748,443,528,1754303637640,2025-08-04 16:03:57.640571+05:30,16,7
270,470848,439,520,1754303637741,2025-08-04 16:03:57.741391+05:30,16,7
271,470949,439,516,1754303637842,2025-08-04 16:03:57.842247+05:30,16,7
272,471050,440,520,1754303637943,2025-08-04 16:03:57.943004+05:30,16,7
273,471151,438,516,1754303638043,2025-08-04 16:03:58.043876+05:30,16,7
274,471251,439,517,1754303638144,2025-08-04 16:03:58.144781+05:30,16,7
275,471352,441,517,1754303638245,2025-08-04 16:03:58.245573+05:30,16,7
276,471453,438,515,1754303638346,2025-08-04 16:03:58.346379+05:30,16,7
277,471554,442,521,1754303638447,2025-08-04 16:03:58.447172+05:30,16,7
278,471655,447,532,1754303638548,2025-08-04 16:03:58.548101+05:30,16,7
279,471755,444,522,1754303638648,2025-08-04 16:03:58.648957+05:30,16,7
280,471857,442,520,1754303638749,2025-08-04 16:03:58.749851+05:30,16,7
281,471957,441,520,1754303638850,2025-08-04 16:03:58.850560+05:30,16,7
282,472058,442,518,1754303638951,2025-08-04 16:03:58.951459+05:30,16,7
283,472159,444,521,1754303639052,2025-08-04 16:03:59.052290+05:30,16,7
284,472260,441,519,1754303639153,2025-08-04 16:03:59.153084+05:30,16,7
285,472360,442,521,1754303639254,2025-08-04 16:03:59.254039+05:30,16,7
286,472462,446,529,1754303639355,2025-08-04 16:03:59.355201+05:30,16,7
287,472562,446,529,1754303639455,2025-08-04 16:03:59.455673+05:30,16,7
288,472664,441,519,1754303639556,2025-08-04 16:03:59.556677+05:30,16,7
289,472764,441,521,1754303639657,2025-08-04 16:03:59.657558+05:30,16,7
290,472865,441,519,1754303639758,2025-08-04 16:03:59.758165+05:30,16,7
291,472966,440,519,1754303639859,2025-08-04 16:03:59.859104+05:30,16,7
292,473067,440,518,1754303639959,2025-08-04 16:03:59.959847+05:30,16,7
293,473167,440,521,1754303640060,2025-08-04 16:04:00.060648+05:30,16,7
294,473268,441,525,1754303640161,2025-08-04 16:04:00.161602+05:30,16,7
295,473369,445,531,1754303640262,2025-08-04 16:04:00.262462+05:30,16,7
296,473469,442,519,1754303640363,2025-08-04 16:04:00.363322+05:30,16,7
297,473571,442,521,1754303640464,2025-08-04 16:04:00.464203+05:30,16,7
298,473671,441,522,1754303640565,2025-08-04 16:04:00.565166+05:30,16,7
299,473773,440,519,1754303640666,2025-08-04 16:04:00.666062+05:30,16,7
300,473873,441,520,1754303640766,2025-08-04 16:04:00.766653+05:30,16,7
301,473974,442,520,1754303640867,2025-08-04 16:04:00.867238+05:30,16,7
302,474075,443,523,1754303640968,2025-08-04 16:04:00.968070+05:30,16,7
303,474176,448,532,1754303641068,2025-08-04 16:04:01.068973+05:30,16,7
304,474276,443,523,1754303641169,2025-08-04 16:04:01.169836+05:30,16,7
305,474378,443,520,1754303641270,2025-08-04 16:04:01.270734+05:30,16,7
306,474478,439,519,1754303641371,2025-08-04 16:04:01.371406+05:30,16,7
307,474579,441,519,1754303641472,2025-08-04 16:04:01.472319+05:30,16,7
308,474680,440,519,1754303641573,2025-08-04 16:04:01.573065+05:30,16,7
309,474781,441,520,1754303641673,2025-08-04 16:04:01.673919+05:30,16,7
310,474882,440,522,1754303641775,2025-08-04 16:04:01.774975+05:30,16,7
311,474983,440,521,1754303641875,2025-08-04 16:04:01.875628+05:30,16,7
312,475083,446,537,1754303641976,2025-08-04 16:04:01.976399+05:30,16,7
313,475184,443,526,1754303642077,2025-08-04 16:04:02.077300+05:30,16,7
314,475285,441,521,1754303642178,2025-08-04 16:04:02.178236+05:30,16,7
315,475385,442,520,1754303642278,2025-08-04 16:04:02.278900+05:30,16,7
316,475487,440,519,1754303642379,2025-08-04 16:04:02.379947+05:30,16,7
317,475587,442,521,1754303642480,2025-08-04 16:04:02.480575+05:30,16,7
318,475688,442,520,1754303642581,2025-08-04 16:04:02.581502+05:30,16,7
319,475789,442,520,1754303642682,2025-08-04 16:04:02.682251+05:30,16,7
320,475890,442,520,1754303642783,2025-08-04 16:04:02.783060+05:30,16,7
321,475991,444,525,1754303642884,2025-08-04 16:04:02.884062+05:30,16,7
322,476092,447,530,1754303642984,2025-08-04 16:04:02.984819+05:30,16,7
323,476192,444,523,1754303643085,2025-08-04 16:04:03.085682+05:30,16,7
324,476294,445,521,1754303643186,2025-08-04 16:04:03.186521+05:30,16,7
325,476394,443,521,1754303643287,2025-08-04 16:04:03.287425+05:30,16,7
326,476495,441,518,1754303643388,2025-08-04 16:04:03.388170+05:30,16,7
327,476596,443,521,1754303643488,2025-08-04 16:04:03.488892+05:30,16,7
328,476697,442,521,1754303643589,2025-08-04 16:04:03.589975+05:30,16,7
329,476797,441,520,1754303643690,2025-08-04 16:04:03.690735+05:30,16,7
330,476899,440,521,1754303643791,2025-08-04 16:04:03.791701+05:30,16,7
331,476999,448,535,1754303643892,2025-08-04 16:04:03.892342+05:30,16,7
332,477100,444,523,1754303643993,2025-08-04 16:04:03.993103+05:30,16,7
333,477201,442,521,1754303644093,2025-08-04 16:04:04.093908+05:30,16,7
334,477301,441,521,1754303644194,2025-08-04 16:04:04.194881+05:30,16,7
335,477403,442,521,1754303644295,2025-08-04 16:04:04.295669+05:30,16,7
336,477503,442,519,1754303644396,2025-08-04 16:04:04.396473+05:30,16,7
337,477604,443,523,1754303644497,2025-08-04 16:04:04.497266+05:30,16,7
338,477705,443,521,1754303644598,2025-08-04 16:04:04.598203+05:30,16,7
339,477806,447,527,1754303644699,2025-08-04 16:04:04.699086+05:30,16,7
340,477906,446,531,1754303644799,2025-08-04 16:04:04.799951+05:30,16,7
341,478008,444,521,1754303644900,2025-08-04 16:04:04.900725+05:30,16,7
342,478108,444,523,1754303645001,2025-08-04 16:04:05.001694+05:30,16,7
343,478210,443,520,1754303645102,2025-08-04 16:04:05.102466+05:30,16,7
344,478310,442,520,1754303645203,2025-08-04 16:04:05.203189+05:30,16,7
345,478411,444,520,1754303645304,2025-08-04 16:04:05.304087+05:30,16,7
346,478512,443,522,1754303645404,2025-08-04 16:04:05.404748+05:30,16,7
347,478613,444,525,1754303645505,2025-08-04 16:04:05.505620+05:30,16,7
348,478713,449,537,1754303645606,2025-08-04 16:04:05.606480+05:30,16,7
349,478815,442,522,1754303645707,2025-08-04 16:04:05.707282+05:30,16,7
350,478915,442,522,1754303645808,2025-08-04 16:04:05.808077+05:30,16,7
351,479015,443,522,1754303645909,2025-08-04 16:04:05.908994+05:30,16,7
352,479117,442,517,1754303646009,2025-08-04 16:04:06.009830+05:30,16,7
353,479217,441,520,1754303646110,2025-08-04 16:04:06.110740+05:30,16,7
354,479319,440,521,1754303646211,2025-08-04 16:04:06.211658+05:30,16,7
355,479419,442,522,1754303646312,2025-08-04 16:04:06.312369+05:30,16,7
356,479520,449,537,1754303646413,2025-08-04 16:04:06.413116+05:30,16,7
357,479621,445,525,1754303646514,2025-08-04 16:04:06.514103+05:30,16,7
358,479722,443,521,1754303646615,2025-08-04 16:04:06.615270+05:30,16,7
359,479822,444,524,1754303646715,2025-08-04 16:04:06.715925+05:30,16,7
360,479924,442,518,1754303646816,2025-08-04 16:04:06.816625+05:30,16,7
361,480024,444,524,1754303646917,2025-08-04 16:04:06.917554+05:30,16,7
362,480125,442,521,1754303647018,2025-08-04 16:04:07.018658+05:30,16,7
363,480226,443,521,1754303647119,2025-08-04 16:04:07.119549+05:30,16,7
364,480327,442,522,1754303647220,2025-08-04 16:04:07.220036+05:30,16,7
365,480428,450,534,1754303647320,2025-08-04 16:04:07.320908+05:30,16,7
366,480529,445,528,1754303647421,2025-08-04 16:04:07.421679+05:30,16,7
367,480629,442,521,1754303647522,2025-08-04 16:04:07.522581+05:30,16,7
368,480731,443,524,1754303647623,2025-08-04 16:04:07.623398+05:30,16,7
369,480831,442,516,1754303647724,2025-08-04 16:04:07.724219+05:30,16,7
370,480931,444,522,1754303647825,2025-08-04 16:04:07.824981+05:30,16,7
371,481033,443,522,1754303647925,2025-08-04 16:04:07.925862+05:30,16,7
372,481133,443,521,1754303648027,2025-08-04 16:04:08.027051+05:30,16,7
373,481234,442,521,1754303648127,2025-08-04 16:04:08.127512+05:30,16,7
374,481335,448,534,1754303648228,2025-08-04 16:04:08.228463+05:30,16,7
375,481436,442,528,1754303648329,2025-08-04 16:04:08.329197+05:30,16,7
376,481537,442,522,1754303648429,2025-08-04 16:04:08.429927+05:30,16,7
377,481638,443,524,1754303648530,2025-08-04 16:04:08.530754+05:30,16,7
378,481738,443,519,1754303648631,2025-08-04 16:04:08.631461+05:30,16,7
379,481840,442,522,1754303648732,2025-08-04 16:04:08.732440+05:30,16,7
380,481940,445,524,1754303648833,2025-08-04 16:04:08.833161+05:30,16,7
381,482041,443,522,1754303648933,2025-08-04 16:04:08.933987+05:30,16,7
382,482142,445,523,1754303649035,2025-08-04 16:04:09.035167+05:30,16,7
383,482243,449,535,1754303649135,2025-08-04 16:04:09.135861+05:30,16,7
384,482343,446,523,1754303649236,2025-08-04 16:04:09.236629+05:30,16,7
385,482445,443,522,1754303649337,2025-08-04 16:04:09.337379+05:30,16,7
386,482545,446,525,1754303649438,2025-08-04 16:04:09.438439+05:30,16,7
387,482647,444,522,1754303649539,2025-08-04 16:04:09.539224+05:30,16,7
388,482747,444,521,1754303649639,2025-08-04 16:04:09.639972+05:30,16,7
389,482847,443,523,1754303649740,2025-08-04 16:04:09.740779+05:30,16,7
390,482949,442,522,1754303649841,2025-08-04 16:04:09.841733+05:30,16,7
391,483049,449,535,1754303649942,2025-08-04 16:04:09.942447+05:30,16,7
392,483150,445,526,1754303650043,2025-08-04 16:04:10.043388+05:30,16,7
393,483251,442,520,1754303650144,2025-08-04 16:04:10.144050+05:30,16,7
394,483352,445,523,1754303650244,2025-08-04 16:04:10.244975+05:30,16,7
395,483452,443,523,1754303650345,2025-08-04 16:04:10.345689+05:30,16,7
396,483554,443,521,1754303650446,2025-08-04 16:04:10.446669+05:30,16,7
397,483654,443,524,1754303650547,2025-08-04 16:04:10.547366+05:30,16,7
398,483756,441,521,1754303650648,2025-08-04 16:04:10.648331+05:30,16,7
399,483856,446,530,1754303650749,2025-08-04 16:04:10.749097+05:30,16,7
400,483957,449,537,1754303650850,2025-08-04 16:04:10.850074+05:30,16,7
401,484058,445,524,1754303650950,2025-08-04 16:04:10.950696+05:30,16,7
402,484159,444,525,1754303651051,2025-08-04 16:04:11.051532+05:30,16,7
403,484259,444,523,1754303651152,2025-08-04 16:04:11.152439+05:30,16,7
404,484361,442,520,1754303651253,2025-08-04 16:04:11.253298+05:30,16,7
405,484461,446,522,1754303651354,2025-08-04 16:04:11.354087+05:30,16,7
406,484562,445,521,1754303651454,2025-08-04 16:04:11.454830+05:30,16,7
407,484663,444,522,1754303651555,2025-08-04 16:04:11.555724+05:30,16,7
408,484763,448,535,1754303651656,2025-08-04 16:04:11.656470+05:30,16,7
409,484865,448,528,1754303651757,2025-08-04 16:04:11.757300+05:30,16,7
410,484965,442,525,1754303651858,2025-08-04 16:04:11.858159+05:30,16,7
411,485066,442,524,1754303651959,2025-08-04 16:04:11.959091+05:30,16,7
412,485167,443,522,1754303652060,2025-08-04 16:04:12.059990+05:30,16,7
413,485268,443,521,1754303652160,2025-08-04 16:04:12.160685+05:30,16,7
414,485368,443,522,1754303652261,2025-08-04 16:04:12.261758+05:30,16,7
415,485470,441,520,1754303652362,2025-08-04 16:04:12.362545+05:30,16,7
416,485570,444,522,1754303652463,2025-08-04 16:04:12.463343+05:30,16,7
417,485671,448,532,1754303652564,2025-08-04 16:04:12.564307+05:30,16,7
418,485772,447,530,1754303652665,2025-08-04 16:04:12.665011+05:30,16,7
419,485873,445,523,1754303652765,2025-08-04 16:04:12.765816+05:30,16,7
420,485974,445,523,1754303652866,2025-08-04 16:04:12.866816+05:30,16,7
421,486075,446,521,1754303652967,2025-08-04 16:04:12.967443+05:30,16,7
422,486175,444,521,1754303653068,2025-08-04 16:04:13.068563+05:30,16,7
423,486277,444,521,1754303653169,2025-08-04 16:04:13.169109+05:30,16,7
424,486377,446,524,1754303653270,2025-08-04 16:04:13.270097+05:30,16,7
425,486478,445,523,1754303653371,2025-08-04 16:04:13.371018+05:30,16,7
426,486579,450,536,1754303653471,2025-08-04 16:04:13.471834+05:30,16,7
427,486679,445,525,1754303653572,2025-08-04 16:04:13.572680+05:30,16,7
428,486780,443,522,1754303653673,2025-08-04 16:04:13.673497+05:30,16,7
429,486881,444,525,1754303653774,2025-08-04 16:04:13.774201+05:30,16,7
430,486982,442,521,1754303653875,2025-08-04 16:04:13.875003+05:30,16,7
431,487083,445,522,1754303653975,2025-08-04 16:04:13.975804+05:30,16,7
432,487184,446,525,1754303654076,2025-08-04 16:04:14.076773+05:30,16,7
433,487284,444,522,1754303654177,2025-08-04 16:04:14.177440+05:30,16,7
434,487386,451,536,1754303654278,2025-08-04 16:04:14.278343+05:30,16,7
435,487486,445,529,1754303654379,2025-08-04 16:04:14.379169+05:30,16,7
436,487587,443,522,1754303654479,2025-08-04 16:04:14.479980+05:30,16,7
437,487688,444,526,1754303654581,2025-08-04 16:04:14.581125+05:30,16,7
438,487789,442,522,1754303654681,2025-08-04 16:04:14.681787+05:30,16,7
439,487889,444,521,1754303654782,2025-08-04 16:04:14.782423+05:30,16,7
440,487991,446,524,1754303654883,2025-08-04 16:04:14.883267+05:30,16,7
441,488091,445,523,1754303654984,2025-08-04 16:04:14.984117+05:30,16,7
442,488193,449,536,1754303655085,2025-08-04 16:04:15.084984+05:30,16,7
443,488293,450,532,1754303655185,2025-08-04 16:04:15.185845+05:30,16,7
444,488393,447,524,1754303655286,2025-08-04 16:04:15.286607+05:30,16,7
445,488495,446,524,1754303655387,2025-08-04 16:04:15.387579+05:30,16,7
446,488595,445,523,1754303655488,2025-08-04 16:04:15.488301+05:30,16,7
447,488696,446,522,1754303655589,2025-08-04 16:04:15.589256+05:30,16,7
448,488797,445,523,1754303655689,2025-08-04 16:04:15.689960+05:30,16,7
449,488898,444,520,1754303655791,2025-08-04 16:04:15.791014+05:30,16,7
450,488998,447,529,1754303655891,2025-08-04 16:04:15.891685+05:30,16,7
451,489100,449,537,1754303655992,2025-08-04 16:04:15.992504+05:30,16,7
452,489200,445,523,1754303656093,2025-08-04 16:04:16.093347+05:30,16,7
453,489302,442,522,1754303656194,2025-08-04 16:04:16.194519+05:30,16,7
454,489402,444,524,1754303656295,2025-08-04 16:04:16.295116+05:30,16,7
455,489503,444,521,1754303656396,2025-08-04 16:04:16.396107+05:30,16,7
456,489604,443,522,1754303656497,2025-08-04 16:04:16.497096+05:30,16,7
457,489705,442,523,1754303656597,2025-08-04 16:04:16.597551+05:30,16,7
458,489805,444,524,1754303656698,2025-08-04 16:04:16.698306+05:30,16,7
459,489907,447,532,1754303656799,2025-08-04 16:04:16.799285+05:30,16,7
460,490007,448,533,1754303656900,2025-08-04 16:04:16.900018+05:30,16,7
461,490108,445,524,1754303657000,2025-08-04 16:04:17.000893+05:30,16,7
462,490209,446,525,1754303657101,2025-08-04 16:04:17.101652+05:30,16,7
463,490309,446,524,1754303657202,2025-08-04 16:04:17.202428+05:30,16,7
464,490411,445,522,1754303657303,2025-08-04 16:04:17.303316+05:30,16,7
465,490511,446,525,1754303657404,2025-08-04 16:04:17.404067+05:30,16,7
466,490612,446,524,1754303657505,2025-08-04 16:04:17.505134+05:30,16,7
467,490713,445,522,1754303657605,2025-08-04 16:04:17.605882+05:30,16,7
468,490814,449,532,1754303657706,2025-08-04 16:04:17.706626+05:30,16,7
469,490914,449,532,1754303657807,2025-08-04 16:04:17.807589+05:30,16,7
470,491016,444,522,1754303657908,2025-08-04 16:04:17.908433+05:30,16,7
471,491116,446,527,1754303658009,2025-08-04 16:04:18.009162+05:30,16,7
472,491217,445,525,1754303658110,2025-08-04 16:04:18.110080+05:30,16,7
473,491318,443,520,1754303658211,2025-08-04 16:04:18.211092+05:30,16,7
474,491419,444,525,1754303658311,2025-08-04 16:04:18.311668+05:30,16,7
475,491520,443,524,1754303658412,2025-08-04 16:04:18.412533+05:30,16,7
476,491621,443,526,1754303658513,2025-08-04 16:04:18.513318+05:30,16,7
477,491721,449,535,1754303658614,2025-08-04 16:04:18.614328+05:30,16,7
478,491823,443,523,1754303658715,2025-08-04 16:04:18.714998+05:30,16,7
479,491923,445,523,1754303658815,2025-08-04 16:04:18.815965+05:30,16,7
480,492024,444,526,1754303658916,2025-08-04 16:04:18.916683+05:30,16,7
481,492125,445,524,1754303659017,2025-08-04 16:04:19.017677+05:30,16,7
482,492225,444,523,1754303659118,2025-08-04 16:04:19.118331+05:30,16,7
483,492326,443,524,1754303659219,2025-08-04 16:04:19.219332+05:30,16,7
484,492427,447,528,1754303659320,2025-08-04 16:04:19.320049+05:30,16,7
485,492528,452,535,1754303659421,2025-08-04 16:04:19.421300+05:30,16,7
486,492628,445,524,1754303659521,2025-08-04 16:04:19.521969+05:30,16,7
487,492730,446,524,1754303659622,2025-08-04 16:04:19.622785+05:30,16,7
488,492830,447,526,1754303659723,2025-08-04 16:04:19.723563+05:30,16,7
489,492932,447,524,1754303659824,2025-08-04 16:04:19.824444+05:30,16,7
490,493032,447,524,1754303659925,2025-08-04 16:04:19.925319+05:30,16,7
491,493133,442,524,1754303660026,2025-08-04 16:04:20.026209+05:30,16,7
492,493234,446,525,1754303660127,2025-08-04 16:04:20.127012+05:30,16,7
493,493335,449,537,1754303660227,2025-08-04 16:04:20.227744+05:30,16,7
494,493435,445,525,1754303660328,2025-08-04 16:04:20.328376+05:30,16,7
495,493537,445,525,1754303660429,2025-08-04 16:04:20.429252+05:30,16,7
496,493637,443,522,1754303660530,2025-08-04 16:04:20.530216+05:30,16,7
497,493739,442,521,1754303660631,2025-08-04 16:04:20.631096+05:30,16,7
498,493839,445,523,1754303660731,2025-08-04 16:04:20.731785+05:30,16,7
499,493940,444,523,1754303660832,2025-08-04 16:04:20.832951+05:30,16,7
500,494041,444,524,1754303660933,2025-08-04 16:04:20.933459+05:30,16,7
501,494141,450,542,1754303661034,2025-08-04 16:04:21.034412+05:30,16,7
502,494242,446,528,1754303661135,2025-08-04 16:04:21.135100+05:30,16,7
503,494343,444,526,1754303661236,2025-08-04 16:04:21.236001+05:30,16,7
504,494444,445,525,1754303661336,2025-08-04 16:04:21.336740+05:30,16,7
505,494544,445,523,1754303661437,2025-08-04 16:04:21.437526+05:30,16,7
506,494646,444,524,1754303661538,2025-08-04 16:04:21.538425+05:30,16,7
507,494746,447,524,1754303661639,2025-08-04 16:04:21.639397+05:30,16,7
508,494848,444,523,1754303661740,2025-08-04 16:04:21.740441+05:30,16,7
509,494948,447,524,1754303661841,2025-08-04 16:04:21.841135+05:30,16,7
510,495049,449,535,1754303661942,2025-08-04 16:04:21.941996+05:30,16,7
511,495150,448,530,1754303662042,2025-08-04 16:04:22.042880+05:30,16,7
512,495251,444,521,1754303662143,2025-08-04 16:04:22.143673+05:30,16,7
513,495351,448,529,1754303662244,2025-08-04 16:04:22.244506+05:30,16,7
514,495453,443,523,1754303662345,2025-08-04 16:04:22.345460+05:30,16,7
515,495553,447,523,1754303662445,2025-08-04 16:04:22.445933+05:30,16,7
516,495654,444,523,1754303662546,2025-08-04 16:04:22.546905+05:30,16,7
517,495755,444,522,1754303662647,2025-08-04 16:04:22.647594+05:30,16,7
518,495856,447,527,1754303662748,2025-08-04 16:04:22.748546+05:30,16,7
519,495956,450,538,1754303662849,2025-08-04 16:04:22.849406+05:30,16,7
520,496057,445,527,1754303662950,2025-08-04 16:04:22.950148+05:30,16,7
521,496158,446,524,1754303663051,2025-08-04 16:04:23.051002+05:30,16,7
522,496259,447,526,1754303663151,2025-08-04 16:04:23.151835+05:30,16,7
523,496360,447,524,1754303663252,2025-08-04 16:04:23.252681+05:30,16,7
524,496460,444,521,1754303663353,2025-08-04 16:04:23.353435+05:30,16,7
525,496562,443,521,1754303663454,2025-08-04 16:04:23.454129+05:30,16,7
526,496662,446,527,1754303663554,2025-08-04 16:04:23.554950+05:30,16,7
527,496763,452,536,1754303663655,2025-08-04 16:04:23.655890+05:30,16,7
528,496864,450,532,1754303663756,2025-08-04 16:04:23.756663+05:30,16,7
529,496965,445,524,1754303663857,2025-08-04 16:04:23.857529+05:30,16,7
530,497065,447,528,1754303663958,2025-08-04 16:04:23.958392+05:30,16,7
531,497167,447,525,1754303664059,2025-08-04 16:04:24.059396+05:30,16,7
532,497267,447,525,1754303664160,2025-08-04 16:04:24.160027+05:30,16,7
533,497369,446,523,1754303664261,2025-08-04 16:04:24.261003+05:30,16,7
534,497469,447,526,1754303664361,2025-08-04 16:04:24.361770+05:30,16,7
535,497570,446,529,1754303664462,2025-08-04 16:04:24.462443+05:30,16,7
536,497671,451,539,1754303664563,2025-08-04 16:04:24.563349+05:30,16,7
537,497771,447,529,1754303664664,2025-08-04 16:04:24.664271+05:30,16,7
538,497872,445,525,1754303664765,2025-08-04 16:04:24.765138+05:30,16,7
539,497973,446,526,1754303664866,2025-08-04 16:04:24.866019+05:30,16,7
540,498074,442,523,1754303664966,2025-08-04 16:04:24.966827+05:30,16,7
541,498174,446,524,1754303665067,2025-08-04 16:04:25.067656+05:30,16,7
542,498276,445,523,1754303665168,2025-08-04 16:04:25.168595+05:30,16,7
543,498376,446,524,1754303665269,2025-08-04 16:04:25.269333+05:30,16,7
544,498478,446,524,1754303665370,2025-08-04 16:04:25.370609+05:30,16,7
545,498578,450,536,1754303665471,2025-08-04 16:04:25.471255+05:30,16,7
546,498679,452,536,1754303665571,2025-08-04 16:04:25.571823+05:30,16,7
547,498780,447,527,1754303665672,2025-08-04 16:04:25.672672+05:30,16,7
548,498881,449,527,1754303665773,2025-08-04 16:04:25.773416+05:30,16,7
549,498981,447,524,1754303665874,2025-08-04 16:04:25.874352+05:30,16,7
550,499083,447,524,1754303665975,2025-08-04 16:04:25.975077+05:30,16,7
551,499183,446,525,1754303666076,2025-08-04 16:04:26.076140+05:30,16,7
552,499284,447,524,1754303666176,2025-08-04 16:04:26.176853+05:30,16,7
553,499385,447,522,1754303666277,2025-08-04 16:04:26.277644+05:30,16,7
554,499486,443,522,1754303666378,2025-08-04 16:04:26.378511+05:30,16,7
555,499587,452,538,1754303666479,2025-08-04 16:04:26.479376+05:30,16,7
556,499687,447,529,1754303666580,2025-08-04 16:04:26.580073+05:30,16,7
557,499788,444,524,1754303666681,2025-08-04 16:04:26.681064+05:30,16,7
558,499889,445,524,1754303666781,2025-08-04 16:04:26.781750+05:30,16,7
559,499990,444,527,1754303666882,2025-08-04 16:04:26.882559+05:30,16,7
560,500090,445,524,1754303666983,2025-08-04 16:04:26.983472+05:30,16,7
561,500192,443,524,1754303667084,2025-08-04 16:04:27.084290+05:30,16,7
562,500292,445,525,1754303667185,2025-08-04 16:04:27.185099+05:30,16,7
563,500393,445,522,1754303667286,2025-08-04 16:04:27.286002+05:30,16,7
564,500494,451,536,1754303667386,2025-08-04 16:04:27.386688+05:30,16,7
565,500595,447,531,1754303667487,2025-08-04 16:04:27.487645+05:30,16,7
566,500696,446,522,1754303667588,2025-08-04 16:04:27.588433+05:30,16,7
567,500797,448,527,1754303667689,2025-08-04 16:04:27.689244+05:30,16,7
568,500897,447,523,1754303667790,2025-08-04 16:04:27.790038+05:30,16,7
569,500999,448,524,1754303667891,2025-08-04 16:04:27.890992+05:30,16,7
570,501099,447,526,1754303667991,2025-08-04 16:04:27.991712+05:30,16,7
571,501200,447,523,1754303668092,2025-08-04 16:04:28.092597+05:30,16,7
572,501301,449,528,1754303668193,2025-08-04 16:04:28.193435+05:30,16,7
573,501402,453,538,1754303668294,2025-08-04 16:04:28.294211+05:30,16,7
574,501502,447,524,1754303668395,2025-08-04 16:04:28.395086+05:30,16,7
575,501603,445,523,1754303668495,2025-08-04 16:04:28.495981+05:30,16,7
576,501704,446,524,1754303668597,2025-08-04 16:04:28.597170+05:30,16,7
577,501805,446,526,1754303668697,2025-08-04 16:04:28.697586+05:30,16,7
578,501906,444,524,1754303668798,2025-08-04 16:04:28.798541+05:30,16,7
579,502006,446,524,1754303668899,2025-08-04 16:04:28.899363+05:30,16,7
580,502108,446,527,1754303669000,2025-08-04 16:04:29.000149+05:30,16,7
581,502208,451,540,1754303669101,2025-08-04 16:04:29.101135+05:30,16,7
582,502309,447,528,1754303669201,2025-08-04 16:04:29.201883+05:30,16,7
583,502410,446,525,1754303669302,2025-08-04 16:04:29.302669+05:30,16,7
584,502511,445,529,1754303669403,2025-08-04 16:04:29.403543+05:30,16,7
585,502611,445,524,1754303669504,2025-08-04 16:04:29.504301+05:30,16,7
586,502713,448,526,1754303669605,2025-08-04 16:04:29.605160+05:30,16,7
587,502813,446,525,1754303669706,2025-08-04 16:04:29.706229+05:30,16,7
588,502915,449,528,1754303669806,2025-08-04 16:04:29.806966+05:30,16,7
589,503015,453,540,1754303669907,2025-08-04 16:04:29.907900+05:30,16,7
590,503116,449,532,1754303670008,2025-08-04 16:04:30.008672+05:30,16,7
591,503217,447,526,1754303670109,2025-08-04 16:04:30.109379+05:30,16,7
592,503318,449,527,1754303670210,2025-08-04 16:04:30.210146+05:30,16,7
593,503418,447,522,1754303670310,2025-08-04 16:04:30.310930+05:30,16,7
594,503519,448,528,1754303670412,2025-08-04 16:04:30.412031+05:30,16,7
595,503620,446,523,1754303670512,2025-08-04 16:04:30.512874+05:30,16,7
596,503720,448,526,1754303670613,2025-08-04 16:04:30.613668+05:30,16,7
597,503822,447,524,1754303670714,2025-08-04 16:04:30.714548+05:30,16,7
598,503922,447,525,1754303670815,2025-08-04 16:04:30.815426+05:30,16,7
599,504024,453,542,1754303670916,2025-08-04 16:04:30.916162+05:30,16,7
600,504124,448,532,1754303671016,2025-08-04 16:04:31.016880+05:30,16,7
601,504225,446,525,1754303671117,2025-08-04 16:04:31.117816+05:30,16,7
602,504326,446,527,1754303671218,2025-08-04 16:04:31.218608+05:30,16,7
603,504427,445,522,1754303671319,2025-08-04 16:04:31.319375+05:30,16,7
604,504527,446,525,1754303671420,2025-08-04 16:04:31.420180+05:30,16,7
605,504629,446,526,1754303671521,2025-08-04 16:04:31.520994+05:30,16,7
606,504729,446,525,1754303671621,2025-08-04 16:04:31.621854+05:30,16,7
607,504830,445,523,1754303671722,2025-08-04 16:04:31.722731+05:30,16,7
608,504931,446,528,1754303671823,2025-08-04 16:04:31.823771+05:30,16,7
609,505032,452,541,1754303671924,2025-08-04 16:04:31.924394+05:30,16,7
610,505133,445,525,1754303672025,2025-08-04 16:04:32.025176+05:30,16,7
611,505233,446,526,1754303672126,2025-08-04 16:04:32.126206+05:30,16,7
612,505334,446,526,1754303672227,2025-08-04 16:04:32.227119+05:30,16,7
613,505435,444,522,1754303672327,2025-08-04 16:04:32.327853+05:30,16,7
614,505536,443,522,1754303672428,2025-08-04 16:04:32.428778+05:30,16,7
615,505636,444,526,1754303672529,2025-08-04 16:04:32.529500+05:30,16,7
616,505738,444,525,1754303672630,2025-08-04 16:04:32.630579+05:30,16,7
617,505838,444,529,1754303672731,2025-08-04 16:04:32.731313+05:30,16,7
618,505939,448,539,1754303672832,2025-08-04 16:04:32.832205+05:30,16,7
619,506040,443,527,1754303672932,2025-08-04 16:04:32.932944+05:30,16,7
620,506141,443,529,1754303673033,2025-08-04 16:04:33.033846+05:30,16,7
621,506242,443,529,1754303673134,2025-08-04 16:04:33.134437+05:30,16,7
622,506343,443,527,1754303673235,2025-08-04 16:04:33.235120+05:30,16,7
623,506443,441,527,1754303673336,2025-08-04 16:04:33.336105+05:30,16,7
624,506545,442,527,1754303673436,2025-08-04 16:04:33.436908+05:30,16,7
625,506645,441,527,1754303673537,2025-08-04 16:04:33.537772+05:30,16,7
626,506746,449,540,1754303673638,2025-08-04 16:04:33.638567+05:30,16,7
627,506847,448,539,1754303673739,2025-08-04 16:04:33.739356+05:30,16,7
628,506948,447,536,1754303673840,2025-08-04 16:04:33.840176+05:30,16,7
629,507048,444,529,1754303673941,2025-08-04 16:04:33.941104+05:30,16,7
630,507149,445,527,1754303674041,2025-08-04 16:04:34.041903+05:30,16,7
631,507250,443,525,1754303674142,2025-08-04 16:04:34.142689+05:30,16,7
632,507351,444,526,1754303674243,2025-08-04 16:04:34.243676+05:30,16,7
633,507452,443,524,1754303674344,2025-08-04 16:04:34.344326+05:30,16,7
634,507552,446,533,1754303674445,2025-08-04 16:04:34.445277+05:30,16,7
635,507654,449,537,1754303674546,2025-08-04 16:04:34.546247+05:30,16,7
636,507754,446,530,1754303674647,2025-08-04 16:04:34.647037+05:30,16,7
637,507855,446,531,1754303674748,2025-08-04 16:04:34.748263+05:30,16,7
638,507956,443,527,1754303674848,2025-08-04 16:04:34.848612+05:30,16,7
639,508057,442,522,1754303674949,2025-08-04 16:04:34.949389+05:30,16,7
640,508157,442,525,1754303675050,2025-08-04 16:04:35.050312+05:30,16,7
641,508259,443,526,1754303675151,2025-08-04 16:04:35.151159+05:30,16,7
642,508359,442,526,1754303675252,2025-08-04 16:04:35.252015+05:30,16,7
643,508461,449,543,1754303675352,2025-08-04 16:04:35.352746+05:30,16,7
644,508561,443,526,1754303675453,2025-08-04 16:04:35.453613+05:30,16,7
645,508662,443,525,1754303675554,2025-08-04 16:04:35.554526+05:30,16,7
646,508763,444,529,1754303675655,2025-08-04 16:04:35.655310+05:30,16,7
647,508864,443,525,1754303675756,2025-08-04 16:04:35.756081+05:30,16,7
648,508964,443,526,1754303675857,2025-08-04 16:04:35.857228+05:30,16,7
649,509065,444,525,1754303675957,2025-08-04 16:04:35.957762+05:30,16,7
650,509166,445,525,1754303676058,2025-08-04 16:04:36.058850+05:30,16,7
651,509266,447,529,1754303676159,2025-08-04 16:04:36.159503+05:30,16,7
652,509368,450,534,1754303676260,2025-08-04 16:04:36.260456+05:30,16,7
653,509468,445,524,1754303676361,2025-08-04 16:04:36.361409+05:30,16,7
654,509570,445,523,1754303676462,2025-08-04 16:04:36.462006+05:30,16,7
655,509670,444,522,1754303676563,2025-08-04 16:04:36.563199+05:30,16,7
656,509771,445,524,1754303676663,2025-08-04 16:04:36.663587+05:30,16,7
657,509872,443,522,1754303676764,2025-08-04 16:04:36.764392+05:30,16,7
658,509973,444,523,1754303676865,2025-08-04 16:04:36.865363+05:30,16,7
659,510073,443,520,1754303676966,2025-08-04 16:04:36.966194+05:30,16,7
660,510175,444,523,1754303677066,2025-08-04 16:04:37.066937+05:30,16,7
661,510275,449,540,1754303677167,2025-08-04 16:04:37.167796+05:30,16,7
662,510376,444,527,1754303677268,2025-08-04 16:04:37.268644+05:30,16,7
663,510477,443,523,1754303677369,2025-08-04 16:04:37.369426+05:30,16,7
664,510578,445,526,1754303677470,2025-08-04 16:04:37.470421+05:30,16,7
665,510679,442,522,1754303677571,2025-08-04 16:04:37.571165+05:30,16,7
666,510780,443,527,1754303677671,2025-08-04 16:04:37.671901+05:30,16,7
667,510880,442,522,1754303677772,2025-08-04 16:04:37.772902+05:30,16,7
668,510981,444,523,1754303677873,2025-08-04 16:04:37.873648+05:30,16,7
669,511082,445,530,1754303677974,2025-08-04 16:04:37.974494+05:30,16,7
670,511182,448,536,1754303678075,2025-08-04 16:04:38.075352+05:30,16,7
671,511284,444,525,1754303678176,2025-08-04 16:04:38.176146+05:30,16,7
672,511384,444,524,1754303678276,2025-08-04 16:04:38.276985+05:30,16,7
673,511485,444,524,1754303678378,2025-08-04 16:04:38.377985+05:30,16,7
674,511586,444,525,1754303678478,2025-08-04 16:04:38.478562+05:30,16,7
675,511687,445,528,1754303678579,2025-08-04 16:04:38.579456+05:30,16,7
676,511788,444,523,1754303678680,2025-08-04 16:04:38.680411+05:30,16,7
677,511889,443,523,1754303678781,2025-08-04 16:04:38.781150+05:30,16,7
678,511989,450,537,1754303678881,2025-08-04 16:04:38.881955+05:30,16,7
679,512091,445,531,1754303678982,2025-08-04 16:04:38.982901+05:30,16,7
680,512191,443,525,1754303679083,2025-08-04 16:04:39.083695+05:30,16,7
681,512292,441,525,1754303679184,2025-08-04 16:04:39.184421+05:30,16,7
682,512393,440,521,1754303679285,2025-08-04 16:04:39.285372+05:30,16,7
683,512494,437,524,1754303679386,2025-08-04 16:04:39.386112+05:30,16,7
684,512594,440,525,1754303679486,2025-08-04 16:04:39.486936+05:30,16,7
685,512696,435,524,1754303679587,2025-08-04 16:04:39.587727+05:30,16,7
686,512796,435,521,1754303679688,2025-08-04 16:04:39.688677+05:30,16,7
687,512897,435,526,1754303679789,2025-08-04 16:04:39.789384+05:30,16,7
688,512998,442,538,1754303679890,2025-08-04 16:04:39.890332+05:30,16,7
689,513098,436,534,1754303679991,2025-08-04 16:04:39.991118+05:30,16,7
690,513200,433,524,1754303680092,2025-08-04 16:04:40.092075+05:30,16,7
691,513300,437,525,1754303680192,2025-08-04 16:04:40.192779+05:30,16,7
692,513401,437,522,1754303680293,2025-08-04 16:04:40.293572+05:30,16,7
693,513502,436,524,1754303680394,2025-08-04 16:04:40.394484+05:30,16,7
694,513603,436,522,1754303680495,2025-08-04 16:04:40.495351+05:30,16,7
695,513703,432,521,1754303680596,2025-08-04 16:04:40.596190+05:30,16,7
696,513805,433,524,1754303680697,2025-08-04 16:04:40.697005+05:30,16,7
697,513905,435,526,1754303680797,2025-08-04 16:04:40.797802+05:30,16,7
698,514007,442,538,1754303680898,2025-08-04 16:04:40.898633+05:30,16,7
699,514107,436,525,1754303680999,2025-08-04 16:04:40.999473+05:30,16,7
700,514208,431,521,1754303681100,2025-08-04 16:04:41.100444+05:30,16,7
701,514309,434,523,1754303681201,2025-08-04 16:04:41.201155+05:30,16,7
702,514410,433,522,1754303681301,2025-08-04 16:04:41.301981+05:30,16,7
703,514510,434,521,1754303681402,2025-08-04 16:04:41.402887+05:30,16,7
704,514612,432,523,1754303681503,2025-08-04 16:04:41.503683+05:30,16,7
705,514712,434,522,1754303681604,2025-08-04 16:04:41.604541+05:30,16,7
706,514812,433,524,1754303681705,2025-08-04 16:04:41.705266+05:30,16,7
707,514914,436,531,1754303681806,2025-08-04 16:04:41.806123+05:30,16,7
708,515014,437,531,1754303681907,2025-08-04 16:04:41.907006+05:30,16,7
709,515116,435,522,1754303682007,2025-08-04 16:04:42.007977+05:30,16,7
710,515216,436,526,1754303682108,2025-08-04 16:04:42.108662+05:30,16,7
711,515317,439,525,1754303682209,2025-08-04 16:04:42.209578+05:30,16,7
712,515418,436,524,1754303682310,2025-08-04 16:04:42.310316+05:30,16,7
713,515519,439,521,1754303682411,2025-08-04 16:04:42.411328+05:30,16,7
714,515619,437,524,1754303682512,2025-08-04 16:04:42.512174+05:30,16,7
715,515721,437,525,1754303682612,2025-08-04 16:04:42.612975+05:30,16,7
716,515821,445,537,1754303682713,2025-08-04 16:04:42.713680+05:30,16,7
717,515922,443,530,1754303682814,2025-08-04 16:04:42.814502+05:30,16,7
718,516023,438,525,1754303682915,2025-08-04 16:04:42.915318+05:30,16,7
719,516124,438,525,1754303683016,2025-08-04 16:04:43.016199+05:30,16,7
720,516225,438,525,1754303683117,2025-08-04 16:04:43.117065+05:30,16,7
721,516326,440,531,1754303683217,2025-08-04 16:04:43.217754+05:30,16,7
722,516426,441,528,1754303683318,2025-08-04 16:04:43.318753+05:30,16,7
723,516527,439,529,1754303683419,2025-08-04 16:04:43.419945+05:30,16,7
724,516628,438,530,1754303683520,2025-08-04 16:04:43.520273+05:30,16,7
725,516728,442,539,1754303683621,2025-08-04 16:04:43.621151+05:30,16,7
726,516830,438,528,1754303683721,2025-08-04 16:04:43.721954+05:30,16,7
727,516930,437,528,1754303683822,2025-08-04 16:04:43.822963+05:30,16,7
728,517031,434,523,1754303683923,2025-08-04 16:04:43.923844+05:30,16,7
729,517132,437,525,1754303684024,2025-08-04 16:04:44.024737+05:30,16,7
730,517233,436,528,1754303684125,2025-08-04 16:04:44.125443+05:30,16,7
731,517334,439,525,1754303684226,2025-08-04 16:04:44.226218+05:30,16,7
732,517435,437,523,1754303684326,2025-08-04 16:04:44.326970+05:30,16,7
733,517535,440,532,1754303684427,2025-08-04 16:04:44.427961+05:30,16,7
734,517637,440,531,1754303684528,2025-08-04 16:04:44.528773+05:30,16,7
735,517737,437,525,1754303684629,2025-08-04 16:04:44.629538+05:30,16,7
736,517838,438,526,1754303684730,2025-08-04 16:04:44.730385+05:30,16,7
737,517939,439,524,1754303684831,2025-08-04 16:04:44.831213+05:30,16,7
738,518040,436,521,1754303684932,2025-08-04 16:04:44.932136+05:30,16,7
739,518140,438,523,1754303685032,2025-08-04 16:04:45.032903+05:30,16,7
740,518242,437,524,1754303685133,2025-08-04 16:04:45.133653+05:30,16,7
741,518342,439,524,1754303685234,2025-08-04 16:04:45.234552+05:30,16,7
742,518443,447,545,1754303685335,2025-08-04 16:04:45.335526+05:30,16,7
743,518544,442,528,1754303685436,2025-08-04 16:04:45.436468+05:30,16,7
744,518644,437,524,1754303685537,2025-08-04 16:04:45.537098+05:30,16,7
745,518746,441,526,1754303685637,2025-08-04 16:04:45.637797+05:30,16,7
746,518846,439,523,1754303685738,2025-08-04 16:04:45.738650+05:30,16,7
747,518947,439,520,1754303685839,2025-08-04 16:04:45.839655+05:30,16,7
748,519048,439,523,1754303685940,2025-08-04 16:04:45.940535+05:30,16,7
749,519149,435,522,1754303686041,2025-08-04 16:04:46.041197+05:30,16,7
750,519249,438,524,1754303686141,2025-08-04 16:04:46.141965+05:30,16,7
751,519351,443,534,1754303686242,2025-08-04 16:04:46.242921+05:30,16,7
752,519451,440,530,1754303686343,2025-08-04 16:04:46.343697+05:30,16,7
753,519553,437,524,1754303686444,2025-08-04 16:04:46.444495+05:30,16,7
754,519653,440,527,1754303686545,2025-08-04 16:04:46.545468+05:30,16,7
755,519754,442,525,1754303686646,2025-08-04 16:04:46.646296+05:30,16,7
756,519855,439,524,1754303686747,2025-08-04 16:04:46.747042+05:30,16,7
757,519956,439,524,1754303686847,2025-08-04 16:04:46.847944+05:30,16,7
758,520056,439,526,1754303686948,2025-08-04 16:04:46.948632+05:30,16,7
759,520158,441,525,1754303687049,2025-08-04 16:04:47.049651+05:30,16,7
760,520258,444,538,1754303687150,2025-08-04 16:04:47.150597+05:30,16,7
761,520358,439,526,1754303687251,2025-08-04 16:04:47.251433+05:30,16,7
762,520460,439,527,1754303687352,2025-08-04 16:04:47.352531+05:30,16,7
763,520560,438,527,1754303687453,2025-08-04 16:04:47.453167+05:30,16,7
764,520662,435,523,1754303687553,2025-08-04 16:04:47.553673+05:30,16,7
765,520762,439,525,1754303687654,2025-08-04 16:04:47.654665+05:30,16,7
766,520863,435,525,1754303687755,2025-08-04 16:04:47.755386+05:30,16,7
767,520964,439,528,1754303687856,2025-08-04 16:04:47.856381+05:30,16,7
768,521065,442,532,1754303687957,2025-08-04 16:04:47.957012+05:30,16,7
769,521165,442,537,1754303688057,2025-08-04 16:04:48.057900+05:30,16,7
770,521267,435,526,1754303688158,2025-08-04 16:04:48.158814+05:30,16,7
771,521367,439,528,1754303688259,2025-08-04 16:04:48.259587+05:30,16,7
772,521468,435,526,1754303688360,2025-08-04 16:04:48.360346+05:30,16,7
773,521569,437,528,1754303688461,2025-08-04 16:04:48.461158+05:30,16,7
774,521670,444,539,1754303688562,2025-08-04 16:04:48.562070+05:30,16,7
775,521771,440,528,1754303688662,2025-08-04 16:04:48.662961+05:30,16,7
776,521872,434,527,1754303688763,2025-08-04 16:04:48.763749+05:30,16,7
777,521972,441,534,1754303688864,2025-08-04 16:04:48.864495+05:30,16,7
778,522073,446,542,1754303688965,2025-08-04 16:04:48.965491+05:30,16,7
779,522174,439,525,1754303689066,2025-08-04 16:04:49.066246+05:30,16,7
780,522274,441,529,1754303689167,2025-08-04 16:04:49.167143+05:30,16,7
781,522376,438,525,1754303689268,2025-08-04 16:04:49.268009+05:30,16,7
782,522476,437,525,1754303689368,2025-08-04 16:04:49.368853+05:30,16,7
783,522577,438,526,1754303689469,2025-08-04 16:04:49.469690+05:30,16,7
784,522678,441,525,1754303689570,2025-08-04 16:04:49.570452+05:30,16,7
785,522779,437,527,1754303689671,2025-08-04 16:04:49.671218+05:30,16,7
786,522880,439,526,1754303689772,2025-08-04 16:04:49.772010+05:30,16,7
787,522981,442,527,1754303689872,2025-08-04 16:04:49.872963+05:30,16,7
788,523081,447,540,1754303689973,2025-08-04 16:04:49.973660+05:30,16,7
789,523183,442,528,1754303690074,2025-08-04 16:04:50.074542+05:30,16,7
790,523283,439,526,1754303690175,2025-08-04 16:04:50.175455+05:30,16,7
791,523384,438,526,1754303690276,2025-08-04 16:04:50.276188+05:30,16,7
792,523485,440,522,1754303690377,2025-08-04 16:04:50.377061+05:30,16,7
793,523586,439,528,1754303690477,2025-08-04 16:04:50.477882+05:30,16,7
794,523686,439,524,1754303690578,2025-08-04 16:04:50.578908+05:30,16,7
795,523788,438,525,1754303690679,2025-08-04 16:04:50.679604+05:30,16,7
796,523888,439,525,1754303690780,2025-08-04 16:04:50.780426+05:30,16,7
797,523988,440,533,1754303690881,2025-08-04 16:04:50.881232+05:30,16,7
798,524090,443,531,1754303690982,2025-08-04 16:04:50.982109+05:30,16,7
799,524190,438,525,1754303691082,2025-08-04 16:04:51.082930+05:30,16,7
800,524292,439,528,1754303691183,2025-08-04 16:04:51.183732+05:30,16,7
801,524392,441,525,1754303691284,2025-08-04 16:04:51.284702+05:30,16,7
802,524493,442,523,1754303691385,2025-08-04 16:04:51.385428+05:30,16,7
803,524594,443,525,1754303691486,2025-08-04 16:04:51.486356+05:30,16,7
804,524695,441,524,1754303691587,2025-08-04 16:04:51.587141+05:30,16,7
805,524795,443,526,1754303691688,2025-08-04 16:04:51.688000+05:30,16,7
806,524897,449,539,1754303691789,2025-08-04 16:04:51.789138+05:30,16,7
807,524997,444,531,1754303691889,2025-08-04 16:04:51.889793+05:30,16,7
808,525099,440,526,1754303691990,2025-08-04 16:04:51.990461+05:30,16,7
809,525199,442,530,1754303692091,2025-08-04 16:04:52.091253+05:30,16,7
810,525300,439,526,1754303692192,2025-08-04 16:04:52.192085+05:30,16,7
811,525401,440,524,1754303692292,2025-08-04 16:04:52.292961+05:30,16,7
812,525502,440,526,1754303692393,2025-08-04 16:04:52.393745+05:30,16,7
813,525602,443,526,1754303692494,2025-08-04 16:04:52.494808+05:30,16,7
814,525704,444,532,1754303692595,2025-08-04 16:04:52.595651+05:30,16,7
815,525804,446,537,1754303692696,2025-08-04 16:04:52.696415+05:30,16,7
816,525904,440,527,1754303692797,2025-08-04 16:04:52.797283+05:30,16,7
817,526006,443,527,1754303692898,2025-08-04 16:04:52.898142+05:30,16,7
818,526106,440,528,1754303692999,2025-08-04 16:04:52.999047+05:30,16,7
819,526208,441,528,1754303693099,2025-08-04 16:04:53.099817+05:30,16,7
820,526308,443,529,1754303693200,2025-08-04 16:04:53.200789+05:30,16,7
821,526409,442,528,1754303693301,2025-08-04 16:04:53.301692+05:30,16,7
822,526510,443,528,1754303693402,2025-08-04 16:04:53.402173+05:30,16,7
823,526611,448,542,1754303693503,2025-08-04 16:04:53.503059+05:30,16,7
824,526711,443,530,1754303693603,2025-08-04 16:04:53.603841+05:30,16,7
825,526813,443,527,1754303693704,2025-08-04 16:04:53.704777+05:30,16,7
826,526913,444,528,1754303693805,2025-08-04 16:04:53.805522+05:30,16,7
827,527014,441,525,1754303693906,2025-08-04 16:04:53.906311+05:30,16,7
828,527115,442,528,1754303694007,2025-08-04 16:04:54.007091+05:30,16,7
829,527216,442,529,1754303694107,2025-08-04 16:04:54.107965+05:30,16,7
830,527316,440,527,1754303694208,2025-08-04 16:04:54.208788+05:30,16,7
831,527418,447,538,1754303694309,2025-08-04 16:04:54.309810+05:30,16,7
832,527518,446,538,1754303694410,2025-08-04 16:04:54.410613+05:30,16,7
833,527620,441,528,1754303694511,2025-08-04 16:04:54.511470+05:30,16,7
834,527720,443,529,1754303694612,2025-08-04 16:04:54.612167+05:30,16,7
835,527820,439,527,1754303694712,2025-08-04 16:04:54.712960+05:30,16,7
836,527922,441,528,1754303694814,2025-08-04 16:04:54.814022+05:30,16,7
837,528022,443,530,1754303694914,2025-08-04 16:04:54.914710+05:30,16,7
838,528123,446,532,1754303695015,2025-08-04 16:04:55.015688+05:30,16,7
839,528224,444,530,1754303695116,2025-08-04 16:04:55.116342+05:30,16,7
840,528325,443,533,1754303695217,2025-08-04 16:04:55.217349+05:30,16,7
841,528425,450,544,1754303695318,2025-08-04 16:04:55.317996+05:30,16,7
842,528527,445,531,1754303695418,2025-08-04 16:04:55.418864+05:30,16,7
843,528627,446,531,1754303695519,2025-08-04 16:04:55.519677+05:30,16,7
844,528729,445,530,1754303695620,2025-08-04 16:04:55.620556+05:30,16,7
845,528829,445,528,1754303695721,2025-08-04 16:04:55.721381+05:30,16,7
846,528930,442,529,1754303695822,2025-08-04 16:04:55.822191+05:30,16,7
847,529031,443,529,1754303695922,2025-08-04 16:04:55.922954+05:30,16,7
848,529132,442,527,1754303696023,2025-08-04 16:04:56.023793+05:30,16,7
849,529232,443,532,1754303696124,2025-08-04 16:04:56.124590+05:30,16,7
850,529334,446,538,1754303696225,2025-08-04 16:04:56.225648+05:30,16,7
851,529434,447,537,1754303696326,2025-08-04 16:04:56.326332+05:30,16,7
852,529536,444,532,1754303696427,2025-08-04 16:04:56.427311+05:30,16,7
853,529636,443,532,1754303696528,2025-08-04 16:04:56.528025+05:30,16,7
854,529736,443,527,1754303696628,2025-08-04 16:04:56.628817+05:30,16,7
855,529838,441,523,1754303696729,2025-08-04 16:04:56.729857+05:30,16,7
856,529938,443,530,1754303696830,2025-08-04 16:04:56.830642+05:30,16,7
857,530039,440,528,1754303696931,2025-08-04 16:04:56.931395+05:30,16,7
858,530140,443,528,1754303697032,2025-08-04 16:04:57.032174+05:30,16,7
859,530241,444,531,1754303697133,2025-08-04 16:04:57.133127+05:30,16,7
860,530341,449,542,1754303697233,2025-08-04 16:04:57.233895+05:30,16,7
861,530443,444,529,1754303697334,2025-08-04 16:04:57.334673+05:30,16,7
862,530543,442,527,1754303697435,2025-08-04 16:04:57.435758+05:30,16,7
863,530644,442,529,1754303697536,2025-08-04 16:04:57.536342+05:30,16,7
864,530745,442,525,1754303697637,2025-08-04 16:04:57.637299+05:30,16,7
865,530846,442,527,1754303697738,2025-08-04 16:04:57.738135+05:30,16,7
866,530947,441,527,1754303697839,2025-08-04 16:04:57.838980+05:30,16,7
867,531048,443,528,1754303697939,2025-08-04 16:04:57.939750+05:30,16,7
868,531148,441,527,1754303698040,2025-08-04 16:04:58.040745+05:30,16,7
869,531250,443,533,1754303698141,2025-08-04 16:04:58.141355+05:30,16,7
870,531350,448,541,1754303698242,2025-08-04 16:04:58.242241+05:30,16,7
871,531451,441,527,1754303698343,2025-08-04 16:04:58.343070+05:30,16,7
872,531552,441,528,1754303698444,2025-08-04 16:04:58.444009+05:30,16,7
873,531652,442,528,1754303698544,2025-08-04 16:04:58.544732+05:30,16,7
874,531753,438,524,1754303698645,2025-08-04 16:04:58.645637+05:30,16,7
875,531854,440,528,1754303698746,2025-08-04 16:04:58.746448+05:30,16,7
876,531955,441,528,1754303698847,2025-08-04 16:04:58.847400+05:30,16,7
877,532056,441,528,1754303698948,2025-08-04 16:04:58.948192+05:30,16,7
878,532157,441,527,1754303699049,2025-08-04 16:04:59.049076+05:30,16,7
879,532257,443,534,1754303699149,2025-08-04 16:04:59.149809+05:30,16,7
880,532359,445,537,1754303699250,2025-08-04 16:04:59.250738+05:30,16,7
881,532459,442,528,1754303699351,2025-08-04 16:04:59.351368+05:30,16,7
882,532560,441,529,1754303699452,2025-08-04 16:04:59.452311+05:30,16,7
883,532661,444,527,1754303699553,2025-08-04 16:04:59.553058+05:30,16,7
884,532762,441,524,1754303699654,2025-08-04 16:04:59.653980+05:30,16,7
885,532862,445,528,1754303699754,2025-08-04 16:04:59.754944+05:30,16,7
886,532964,442,526,1754303699855,2025-08-04 16:04:59.855869+05:30,16,7
887,533064,445,529,1754303699956,2025-08-04 16:04:59.956521+05:30,16,7
888,533166,443,528,1754303700057,2025-08-04 16:05:00.057546+05:30,16,7
889,533266,450,541,1754303700158,2025-08-04 16:05:00.158384+05:30,16,7
890,533367,444,529,1754303700259,2025-08-04 16:05:00.259044+05:30,16,7
891,533468,442,527,1754303700359,2025-08-04 16:05:00.359957+05:30,16,7
892,533568,443,529,1754303700460,2025-08-04 16:05:00.460642+05:30,16,7
893,533669,443,525,1754303700561,2025-08-04 16:05:00.561405+05:30,16,7
894,533770,445,528,1754303700662,2025-08-04 16:05:00.662392+05:30,16,7
895,533871,441,528,1754303700763,2025-08-04 16:05:00.763162+05:30,16,7
896,533971,442,527,1754303700864,2025-08-04 16:05:00.864021+05:30,16,7
897,534073,441,525,1754303700964,2025-08-04 16:05:00.964727+05:30,16,7
898,534173,451,543,1754303701065,2025-08-04 16:05:01.065584+05:30,16,7
899,534275,444,530,1754303701166,2025-08-04 16:05:01.166395+05:30,16,7
900,534375,444,528,1754303701267,2025-08-04 16:05:01.267289+05:30,16,7
901,534476,445,528,1754303701368,2025-08-04 16:05:01.368050+05:30,16,7
902,534577,443,526,1754303701468,2025-08-04 16:05:01.468948+05:30,16,7
903,534678,442,527,1754303701569,2025-08-04 16:05:01.569701+05:30,16,7
904,534778,445,527,1754303701670,2025-08-04 16:05:01.670645+05:30,16,7
905,534880,445,527,1754303701771,2025-08-04 16:05:01.771360+05:30,16,7
906,534980,445,527,1754303701872,2025-08-04 16:05:01.872265+05:30,16,7
907,535081,452,546,1754303701973,2025-08-04 16:05:01.973046+05:30,16,7
908,535182,448,532,1754303702073,2025-08-04 16:05:02.073839+05:30,16,7
909,535282,446,528,1754303702174,2025-08-04 16:05:02.174728+05:30,16,7
910,535384,443,530,1754303702275,2025-08-04 16:05:02.275688+05:30,16,7
911,535484,445,526,1754303702376,2025-08-04 16:05:02.376386+05:30,16,7
912,535585,445,525,1754303702477,2025-08-04 16:05:02.477334+05:30,16,7
913,535686,445,525,1754303702578,2025-08-04 16:05:02.578075+05:30,16,7
914,535787,447,526,1754303702679,2025-08-04 16:05:02.679049+05:30,16,7
915,535887,444,527,1754303702779,2025-08-04 16:05:02.779801+05:30,16,7
916,535989,450,541,1754303702880,2025-08-04 16:05:02.880502+05:30,16,7
917,536089,446,533,1754303702981,2025-08-04 16:05:02.981407+05:30,16,7
918,536190,446,526,1754303703082,2025-08-04 16:05:03.082343+05:30,16,7
919,536291,444,529,1754303703183,2025-08-04 16:05:03.183117+05:30,16,7
920,536392,446,531,1754303703283,2025-08-04 16:05:03.283867+05:30,16,7
921,536493,444,526,1754303703384,2025-08-04 16:05:03.384894+05:30,16,7
922,536594,444,523,1754303703485,2025-08-04 16:05:03.485615+05:30,16,7
923,536694,445,524,1754303703586,2025-08-04 16:05:03.586601+05:30,16,7
924,536796,446,527,1754303703687,2025-08-04 16:05:03.687244+05:30,16,7
925,536896,447,532,1754303703788,2025-08-04 16:05:03.788195+05:30,16,7
926,536997,451,538,1754303703888,2025-08-04 16:05:03.888900+05:30,16,7
927,537098,447,525,1754303703990,2025-08-04 16:05:03.990066+05:30,16,7
928,537198,447,528,1754303704090,2025-08-04 16:05:04.090823+05:30,16,7
929,537299,446,526,1754303704191,2025-08-04 16:05:04.191642+05:30,16,7
930,537400,446,528,1754303704292,2025-08-04 16:05:04.292281+05:30,16,7
931,537501,446,525,1754303704393,2025-08-04 16:05:04.393329+05:30,16,7
932,537602,448,527,1754303704494,2025-08-04 16:05:04.494015+05:30,16,7
933,537703,448,527,1754303704594,2025-08-04 16:05:04.594780+05:30,16,7
934,537803,447,529,1754303704695,2025-08-04 16:05:04.695609+05:30,16,7
935,537905,451,535,1754303704796,2025-08-04 16:05:04.796427+05:30,16,7
936,538005,444,522,1754303704897,2025-08-04 16:05:04.897308+05:30,16,7
937,538106,447,525,1754303704998,2025-08-04 16:05:04.998600+05:30,16,7
938,538207,445,528,1754303705099,2025-08-04 16:05:05.099132+05:30,16,7
939,538308,443,526,1754303705200,2025-08-04 16:05:05.200056+05:30,16,7
940,538408,446,525,1754303705300,2025-08-04 16:05:05.300809+05:30,16,7
941,538510,446,524,1754303705401,2025-08-04 16:05:05.401649+05:30,16,7
942,538610,445,525,1754303705502,2025-08-04 16:05:05.502504+05:30,16,7
943,538712,449,540,1754303705603,2025-08-04 16:05:05.603409+05:30,16,7
944,538812,444,525,1754303705704,2025-08-04 16:05:05.704176+05:30,16,7
945,538912,444,528,1754303705804,2025-08-04 16:05:05.804781+05:30,16,7
946,539014,444,527,1754303705905,2025-08-04 16:05:05.905712+05:30,16,7
947,539114,445,528,1754303706006,2025-08-04 16:05:06.006551+05:30,16,7
948,539215,447,529,1754303706107,2025-08-04 16:05:06.107463+05:30,16,7
949,539316,445,527,1754303706208,2025-08-04 16:05:06.208401+05:30,16,7
950,539417,446,526,1754303706309,2025-08-04 16:05:06.309165+05:30,16,7
951,539517,448,535,1754303706409,2025-08-04 16:05:06.409881+05:30,16,7
952,539619,450,536,1754303706510,2025-08-04 16:05:06.510695+05:30,16,7
953,539719,445,527,1754303706611,2025-08-04 16:05:06.611600+05:30,16,7
954,539821,444,525,1754303706712,2025-08-04 16:05:06.712295+05:30,16,7
955,539921,445,526,1754303706813,2025-08-04 16:05:06.813153+05:30,16,7
956,540022,445,524,1754303706914,2025-08-04 16:05:06.914015+05:30,16,7
957,540123,444,527,1754303707014,2025-08-04 16:05:07.014916+05:30,16,7
958,540224,447,529,1754303707115,2025-08-04 16:05:07.115637+05:30,16,7
959,540324,448,531,1754303707216,2025-08-04 16:05:07.216491+05:30,16,7
960,540426,448,538,1754303707317,2025-08-04 16:05:07.317415+05:30,16,7
961,540526,447,528,1754303707418,2025-08-04 16:05:07.418294+05:30,16,7
962,540627,446,529,1754303707518,2025-08-04 16:05:07.518956+05:30,16,7
963,540728,447,528,1754303707619,2025-08-04 16:05:07.619894+05:30,16,7
964,540828,446,526,1754303707720,2025-08-04 16:05:07.720657+05:30,16,7
965,540930,445,530,1754303707821,2025-08-04 16:05:07.821593+05:30,16,7
966,541030,444,528,1754303707922,2025-08-04 16:05:07.922358+05:30,16,7
967,541131,447,529,1754303708023,2025-08-04 16:05:08.023065+05:30,16,7
968,541232,449,540,1754303708124,2025-08-04 16:05:08.124038+05:30,16,7
969,541333,449,532,1754303708224,2025-08-04 16:05:08.224878+05:30,16,7
970,541433,447,528,1754303708325,2025-08-04 16:05:08.325759+05:30,16,7
971,541535,449,532,1754303708426,2025-08-04 16:05:08.426524+05:30,16,7
972,541635,447,528,1754303708527,2025-08-04 16:05:08.527417+05:30,16,7
973,541736,447,527,1754303708628,2025-08-04 16:05:08.628308+05:30,16,7
974,541837,447,524,1754303708729,2025-08-04 16:05:08.729403+05:30,16,7
975,541938,449,530,1754303708829,2025-08-04 16:05:08.829953+05:30,16,7
976,542039,447,529,1754303708930,2025-08-04 16:05:08.930892+05:30,16,7
977,542140,451,542,1754303709031,2025-08-04 16:05:09.031845+05:30,16,7
978,542240,447,528,1754303709132,2025-08-04 16:05:09.132576+05:30,16,7
979,542342,448,527,1754303709233,2025-08-04 16:05:09.233288+05:30,16,7
980,542442,447,531,1754303709334,2025-08-04 16:05:09.334172+05:30,16,7
981,542543,446,528,1754303709434,2025-08-04 16:05:09.434809+05:30,16,7
982,542644,445,525,1754303709535,2025-08-04 16:05:09.535857+05:30,16,7
983,542744,449,531,1754303709636,2025-08-04 16:05:09.636495+05:30,16,7
984,542845,445,531,1754303709737,2025-08-04 16:05:09.737271+05:30,16,7
985,542946,450,541,1754303709838,2025-08-04 16:05:09.838171+05:30,16,7
986,543047,447,530,1754303709939,2025-08-04 16:05:09.939111+05:30,16,7
987,543148,445,528,1754303710040,2025-08-04 16:05:10.040358+05:30,16,7
988,543249,447,529,1754303710141,2025-08-04 16:05:10.141145+05:30,16,7
989,543349,446,526,1754303710241,2025-08-04 16:05:10.241666+05:30,16,7
990,543451,446,526,1754303710342,2025-08-04 16:05:10.342483+05:30,16,7
991,543551,446,527,1754303710443,2025-08-04 16:05:10.443401+05:30,16,7
992,543652,447,527,1754303710544,2025-08-04 16:05:10.544115+05:30,16,7
993,543753,452,541,1754303710645,2025-08-04 16:05:10.644999+05:30,16,7
994,543854,447,530,1754303710745,2025-08-04 16:05:10.745907+05:30,16,7
995,543954,445,525,1754303710846,2025-08-04 16:05:10.846701+05:30,16,7
996,544056,446,529,1754303710947,2025-08-04 16:05:10.947386+05:30,16,7
997,544156,445,527,1754303711048,2025-08-04 16:05:11.048253+05:30,16,7
998,544258,443,526,1754303711149,2025-08-04 16:05:11.149073+05:30,16,7
999,544358,445,525,1754303711249,2025-08-04 16:05:11.249874+05:30,16,7
1000,544459,447,526,1754303711350,2025-08-04 16:05:11.350772+05:30,16,7
1001,544560,444,525,1754303711451,2025-08-04 16:05:11.451460+05:30,16,7
1002,544660,449,542,1754303711552,2025-08-04 16:05:11.552560+05:30,16,7
1003,544761,444,528,1754303711653,2025-08-04 16:05:11.653274+05:30,16,7
1004,544862,446,526,1754303711754,2025-08-04 16:05:11.754019+05:30,16,7
1005,544963,444,529,1754303711854,2025-08-04 16:05:11.854964+05:30,16,7
1006,545063,446,528,1754303711955,2025-08-04 16:05:11.955739+05:30,16,7
1007,545165,443,527,1754303712056,2025-08-04 16:05:12.056511+05:30,16,7
1008,545265,446,528,1754303712157,2025-08-04 16:05:12.157386+05:30,16,7
1009,545367,446,526,1754303712258,2025-08-04 16:05:12.258179+05:30,16,7
1010,545467,446,525,1754303712359,2025-08-04 16:05:12.359046+05:30,16,7
1011,545568,451,540,1754303712459,2025-08-04 16:05:12.459911+05:30,16,7
1012,545669,447,529,1754303712560,2025-08-04 16:05:12.560786+05:30,16,7
1013,545770,444,525,1754303712661,2025-08-04 16:05:12.661823+05:30,16,7
1014,545870,447,530,1754303712762,2025-08-04 16:05:12.762461+05:30,16,7
1015,545972,445,526,1754303712863,2025-08-04 16:05:12.863237+05:30,16,7
1016,546072,447,527,1754303712964,2025-08-04 16:05:12.964054+05:30,16,7
1017,546173,444,525,1754303713064,2025-08-04 16:05:13.064845+05:30,16,7
1018,546274,446,527,1754303713165,2025-08-04 16:05:13.165684+05:30,16,7
1019,546375,446,526,1754303713266,2025-08-04 16:05:13.266576+05:30,16,7
1020,546476,449,536,1754303713367,2025-08-04 16:05:13.367407+05:30,16,7
1021,546576,448,531,1754303713468,2025-08-04 16:05:13.468258+05:30,16,7
1022,546677,447,525,1754303713569,2025-08-04 16:05:13.569094+05:30,16,7
1023,546778,445,528,1754303713669,2025-08-04 16:05:13.669842+05:30,16,7
1024,546879,446,526,1754303713770,2025-08-04 16:05:13.770751+05:30,16,7
1025,546979,445,526,1754303713871,2025-08-04 16:05:13.871659+05:30,16,7
1026,547081,446,527,1754303713972,2025-08-04 16:05:13.972395+05:30,16,7
1027,547181,447,528,1754303714073,2025-08-04 16:05:14.073190+05:30,16,7
1028,547282,452,540,1754303714174,2025-08-04 16:05:14.174395+05:30,16,7
1029,547383,447,531,1754303714275,2025-08-04 16:05:14.275077+05:30,16,7
1030,547484,444,526,1754303714375,2025-08-04 16:05:14.375817+05:30,16,7
1031,547585,446,528,1754303714476,2025-08-04 16:05:14.476676+05:30,16,7
1032,547686,449,528,1754303714577,2025-08-04 16:05:14.577526+05:30,16,7
1033,547786,450,528,1754303714678,2025-08-04 16:05:14.678355+05:30,16,7
1034,547888,451,536,1754303714779,2025-08-04 16:05:14.779015+05:30,16,7
1035,547988,449,535,1754303714879,2025-08-04 16:05:14.879877+05:30,16,7
1036,548089,453,541,1754303714980,2025-08-04 16:05:14.980771+05:30,16,7
1037,548190,448,534,1754303715081,2025-08-04 16:05:15.081600+05:30,16,7
1038,548291,443,526,1754303715182,2025-08-04 16:05:15.182380+05:30,16,7
1039,548391,445,526,1754303715283,2025-08-04 16:05:15.283229+05:30,16,7
1040,548492,446,525,1754303715384,2025-08-04 16:05:15.384098+05:30,16,7
1041,548593,442,525,1754303715484,2025-08-04 16:05:15.484922+05:30,16,7
1042,548694,446,526,1754303715585,2025-08-04 16:05:15.585743+05:30,16,7
1043,548795,445,525,1754303715686,2025-08-04 16:05:15.686637+05:30,16,7
1044,548895,445,530,1754303715787,2025-08-04 16:05:15.787455+05:30,16,7
1045,548997,450,541,1754303715888,2025-08-04 16:05:15.888491+05:30,16,7
1046,549097,447,530,1754303715989,2025-08-04 16:05:15.989081+05:30,16,7
1047,549198,446,528,1754303716089,2025-08-04 16:05:16.089967+05:30,16,7
1048,549299,444,527,1754303716190,2025-08-04 16:05:16.190804+05:30,16,7
1049,549400,447,525,1754303716291,2025-08-04 16:05:16.291619+05:30,16,7
1050,549500,445,526,1754303716392,2025-08-04 16:05:16.392800+05:30,16,7
1051,549602,444,526,1754303716493,2025-08-04 16:05:16.493495+05:30,16,7
1052,549702,445,528,1754303716594,2025-08-04 16:05:16.594329+05:30,16,7
1053,549804,448,526,1754303716695,2025-08-04 16:05:16.695365+05:30,16,7
1054,549904,449,535,1754303716796,2025-08-04 16:05:16.795995+05:30,16,7
1055,550005,450,536,1754303716896,2025-08-04 16:05:16.896653+05:30,16,7
1056,550106,445,525,1754303716997,2025-08-04 16:05:16.997455+05:30,16,7
1057,550207,446,526,1754303717098,2025-08-04 16:05:17.098446+05:30,16,7
1058,550307,445,524,1754303717199,2025-08-04 16:05:17.199162+05:30,16,7
1059,550408,444,526,1754303717300,2025-08-04 16:05:17.300084+05:30,16,7
1060,550509,443,526,1754303717401,2025-08-04 16:05:17.401040+05:30,16,7
1061,550609,443,526,1754303717501,2025-08-04 16:05:17.501883+05:30,16,7
1062,550711,442,526,1754303717602,2025-08-04 16:05:17.602425+05:30,16,7
1063,550811,447,534,1754303717703,2025-08-04 16:05:17.703280+05:30,16,7
1064,550913,449,536,1754303717804,2025-08-04 16:05:17.804132+05:30,16,7
1065,551013,443,525,1754303717904,2025-08-04 16:05:17.904966+05:30,16,7
1066,551114,447,531,1754303718005,2025-08-04 16:05:18.005927+05:30,16,7
1067,551215,444,527,1754303718106,2025-08-04 16:05:18.106707+05:30,16,7
1068,551316,444,527,1754303718207,2025-08-04 16:05:18.207467+05:30,16,7
1069,551416,445,527,1754303718308,2025-08-04 16:05:18.308334+05:30,16,7
1070,551518,445,526,1754303718409,2025-08-04 16:05:18.409242+05:30,16,7
1071,551618,447,529,1754303718509,2025-08-04 16:05:18.509957+05:30,16,7
1072,551719,455,548,1754303718610,2025-08-04 16:05:18.610836+05:30,16,7
1073,551820,447,531,1754303718711,2025-08-04 16:05:18.711694+05:30,16,7
1074,551921,448,528,1754303718812,2025-08-04 16:05:18.812485+05:30,16,7
1075,552022,446,528,1754303718913,2025-08-04 16:05:18.913300+05:30,16,7
1076,552123,445,524,1754303719014,2025-08-04 16:05:19.014103+05:30,16,7
1077,552223,446,528,1754303719115,2025-08-04 16:05:19.115063+05:30,16,7
1078,552324,446,526,1754303719215,2025-08-04 16:05:19.215794+05:30,16,7
1079,552425,446,527,1754303719316,2025-08-04 16:05:19.316850+05:30,16,7
1080,552525,452,542,1754303719417,2025-08-04 16:05:19.417495+05:30,16,7
1081,552627,447,530,1754303719518,2025-08-04 16:05:19.518375+05:30,16,7
1082,552727,445,526,1754303719619,2025-08-04 16:05:19.619248+05:30,16,7
1083,552828,446,528,1754303719719,2025-08-04 16:05:19.719963+05:30,16,7
1084,552929,445,526,1754303719821,2025-08-04 16:05:19.821061+05:30,16,7
1085,553030,446,528,1754303719921,2025-08-04 16:05:19.921758+05:30,16,7
1086,553131,444,526,1754303720022,2025-08-04 16:05:20.022669+05:30,16,7
1087,553232,445,528,1754303720123,2025-08-04 16:05:20.123429+05:30,16,7
1088,553332,449,533,1754303720224,2025-08-04 16:05:20.224224+05:30,16,7
1089,553434,451,539,1754303720325,2025-08-04 16:05:20.325014+05:30,16,7
1090,553534,445,528,1754303720425,2025-08-04 16:05:20.425817+05:30,16,7
1091,553635,447,529,1754303720526,2025-08-04 16:05:20.526631+05:30,16,7
1092,553736,443,524,1754303720627,2025-08-04 16:05:20.627641+05:30,16,7
1093,553837,445,525,1754303720728,2025-08-04 16:05:20.728559+05:30,16,7
1094,553937,448,527,1754303720829,2025-08-04 16:05:20.829334+05:30,16,7
1095,554039,445,526,1754303720930,2025-08-04 16:05:20.930152+05:30,16,7
1096,554139,447,529,1754303721031,2025-08-04 16:05:21.031116+05:30,16,7
1097,554240,451,539,1754303721131,2025-08-04 16:05:21.131676+05:30,16,7
1098,554341,450,536,1754303721232,2025-08-04 16:05:21.232556+05:30,16,7
1099,554441,447,527,1754303721333,2025-08-04 16:05:21.333469+05:30,16,7
1100,554543,446,529,1754303721434,2025-08-04 16:05:21.434210+05:30,16,7
1101,554643,445,525,1754303721535,2025-08-04 16:05:21.535106+05:30,16,7
1102,554744,445,525,1754303721636,2025-08-04 16:05:21.636027+05:30,16,7
1103,554845,447,527,1754303721736,2025-08-04 16:05:21.736913+05:30,16,7
1104,554946,447,528,1754303721837,2025-08-04 16:05:21.837581+05:30,16,7
1105,555046,450,528,1754303721938,2025-08-04 16:05:21.938764+05:30,16,7
1106,555148,451,543,1754303722039,2025-08-04 16:05:22.039358+05:30,16,7
1107,555248,447,528,1754303722140,2025-08-04 16:05:22.140339+05:30,16,7
1108,555350,447,528,1754303722241,2025-08-04 16:05:22.241124+05:30,16,7
1109,555450,446,525,1754303722341,2025-08-04 16:05:22.341746+05:30,16,7
1110,555551,448,528,1754303722442,2025-08-04 16:05:22.442949+05:30,16,7
1111,555652,448,528,1754303722543,2025-08-04 16:05:22.543575+05:30,16,7
1112,555753,448,529,1754303722644,2025-08-04 16:05:22.644637+05:30,16,7
1113,555853,452,535,1754303722745,2025-08-04 16:05:22.745497+05:30,16,7
1114,555955,456,545,1754303722846,2025-08-04 16:05:22.846413+05:30,16,7
1115,556055,450,530,1754303722947,2025-08-04 16:05:22.947150+05:30,16,7
1116,556155,450,531,1754303723047,2025-08-04 16:05:23.047797+05:30,16,7
1117,556257,450,536,1754303723148,2025-08-04 16:05:23.148591+05:30,16,7
1118,556357,455,542,1754303723249,2025-08-04 16:05:23.249518+05:30,16,7
1119,556459,460,556,1754303723350,2025-08-04 16:05:23.350200+05:30,16,7
1120,556559,466,574,1754303723451,2025-08-04 16:05:23.451031+05:30,16,7
1121,556660,475,596,1754303723551,2025-08-04 16:05:23.551806+05:30,16,7
1122,556761,469,583,1754303723652,2025-08-04 16:05:23.652611+05:30,16,7
1123,556862,466,567,1754303723753,2025-08-04 16:05:23.753536+05:30,16,7
1124,556962,470,584,1754303723854,2025-08-04 16:05:23.854356+05:30,16,7
1125,557064,471,586,1754303723955,2025-08-04 16:05:23.955151+05:30,16,7
1126,557164,471,589,1754303724056,2025-08-04 16:05:24.056062+05:30,16,7
1127,557265,470,589,1754303724156,2025-08-04 16:05:24.156967+05:30,16,7
1128,557366,472,589,1754303724257,2025-08-04 16:05:24.257685+05:30,16,7
1129,557467,477,598,1754303724358,2025-08-04 16:05:24.358643+05:30,16,7
1130,557568,471,590,1754303724459,2025-08-04 16:05:24.459254+05:30,16,7
1131,557669,466,579,1754303724560,2025-08-04 16:05:24.560378+05:30,16,7
1132,557769,466,576,1754303724661,2025-08-04 16:05:24.661285+05:30,16,7
1133,557871,464,574,1754303724762,2025-08-04 16:05:24.762012+05:30,16,7
1134,557971,466,577,1754303724862,2025-08-04 16:05:24.862818+05:30,16,7
1135,558071,468,577,1754303724963,2025-08-04 16:05:24.963590+05:30,16,7
1136,558173,464,573,1754303725064,2025-08-04 16:05:25.064371+05:30,16,7
1137,558273,466,571,1754303725165,2025-08-04 16:05:25.165252+05:30,16,7
1138,558374,473,587,1754303725265,2025-08-04 16:05:25.265954+05:30,16,7
1139,558475,474,594,1754303725366,2025-08-04 16:05:25.366895+05:30,16,7
1140,558576,471,586,1754303725467,2025-08-04 16:05:25.467654+05:30,16,7
1141,558676,465,581,1754303725568,2025-08-04 16:05:25.568557+05:30,16,7
1142,558778,467,578,1754303725669,2025-08-04 16:05:25.669260+05:30,16,7
1143,558878,465,580,1754303725770,2025-08-04 16:05:25.770087+05:30,16,7
1144,558980,463,576,1754303725870,2025-08-04 16:05:25.870923+05:30,16,7
1145,559080,465,575,1754303725971,2025-08-04 16:05:25.971789+05:30,16,7
1146,559181,463,572,1754303726072,2025-08-04 16:05:26.072563+05:30,16,7
1147,559282,463,568,1754303726173,2025-08-04 16:05:26.173383+05:30,16,7
1148,559383,470,583,1754303726274,2025-08-04 16:05:26.274370+05:30,16,7
1149,559483,461,566,1754303726375,2025-08-04 16:05:26.375176+05:30,16,7
1150,559585,460,562,1754303726475,2025-08-04 16:05:26.475952+05:30,16,7
1151,559685,461,563,1754303726576,2025-08-04 16:05:26.576847+05:30,16,7
1152,559787,459,554,1754303726677,2025-08-04 16:05:26.677631+05:30,16,7
1153,559887,455,550,1754303726778,2025-08-04 16:05:26.778550+05:30,16,7
1154,559987,462,557,1754303726879,2025-08-04 16:05:26.879181+05:30,16,7
1155,560089,458,554,1754303726980,2025-08-04 16:05:26.980229+05:30,16,7
1156,560189,458,559,1754303727081,2025-08-04 16:05:27.081190+05:30,16,7
1157,560290,462,564,1754303727181,2025-08-04 16:05:27.181927+05:30,16,7
1158,560391,459,559,1754303727282,2025-08-04 16:05:27.282694+05:30,16,7
1159,560492,455,544,1754303727383,2025-08-04 16:05:27.383537+05:30,16,7
1160,560592,455,547,1754303727484,2025-08-04 16:05:27.484342+05:30,16,7
1161,560694,455,544,1754303727585,2025-08-04 16:05:27.585150+05:30,16,7
1162,560794,452,541,1754303727686,2025-08-04 16:05:27.686088+05:30,16,7
1163,560896,453,542,1754303727786,2025-08-04 16:05:27.786766+05:30,16,7
1164,560996,454,541,1754303727887,2025-08-04 16:05:27.887778+05:30,16,7
1165,561097,452,540,1754303727988,2025-08-04 16:05:27.988508+05:30,16,7
1166,561198,454,546,1754303728089,2025-08-04 16:05:28.089641+05:30,16,7
1167,561299,455,552,1754303728190,2025-08-04 16:05:28.190182+05:30,16,7
1168,561399,450,539,1754303728291,2025-08-04 16:05:28.291068+05:30,16,7
1169,561501,448,538,1754303728391,2025-08-04 16:05:28.391811+05:30,16,7
1170,561601,446,537,1754303728492,2025-08-04 16:05:28.492868+05:30,16,7
1171,561702,445,534,1754303728593,2025-08-04 16:05:28.593475+05:30,16,7
1172,561803,444,536,1754303728694,2025-08-04 16:05:28.694350+05:30,16,7
1173,561903,444,533,1754303728795,2025-08-04 16:05:28.795350+05:30,16,7
1174,562004,442,535,1754303728896,2025-08-04 16:05:28.896289+05:30,16,7
1175,562105,440,535,1754303728997,2025-08-04 16:05:28.997049+05:30,16,7
1176,562206,444,549,1754303729097,2025-08-04 16:05:29.097857+05:30,16,7
1177,562307,437,543,1754303729198,2025-08-04 16:05:29.198705+05:30,16,7
1178,562408,434,535,1754303729299,2025-08-04 16:05:29.299598+05:30,16,7
1179,562508,431,535,1754303729400,2025-08-04 16:05:29.400360+05:30,16,7
1180,562610,431,531,1754303729501,2025-08-04 16:05:29.501184+05:30,16,7
1181,562710,430,534,1754303729602,2025-08-04 16:05:29.602031+05:30,16,7
1182,562811,427,532,1754303729703,2025-08-04 16:05:29.703035+05:30,16,7
1183,562912,427,534,1754303729803,2025-08-04 16:05:29.803699+05:30,16,7
1184,563013,425,531,1754303729904,2025-08-04 16:05:29.904543+05:30,16,7
1185,563113,429,540,1754303730005,2025-08-04 16:05:30.005265+05:30,16,7
1186,563215,429,546,1754303730106,2025-08-04 16:05:30.106408+05:30,16,7
1187,563315,426,535,1754303730207,2025-08-04 16:05:30.207244+05:30,16,7
1188,563417,423,536,1754303730308,2025-08-04 16:05:30.308099+05:30,16,7
1189,563517,426,533,1754303730408,2025-08-04 16:05:30.408712+05:30,16,7
1190,563618,426,530,1754303730509,2025-08-04 16:05:30.509385+05:30,16,7
1191,563719,422,533,1754303730610,2025-08-04 16:05:30.610343+05:30,16,7
1192,563819,427,529,1754303730711,2025-08-04 16:05:30.711068+05:30,16,7
1193,563920,422,529,1754303730812,2025-08-04 16:05:30.812011+05:30,16,7
1194,564021,430,530,1754303730912,2025-08-04 16:05:30.912863+05:30,16,7
1195,564122,435,544,1754303731013,2025-08-04 16:05:31.013583+05:30,16,7
1196,564222,428,536,1754303731114,2025-08-04 16:05:31.114557+05:30,16,7
1197,564324,428,532,1754303731215,2025-08-04 16:05:31.215273+05:30,16,7
1198,564424,426,530,1754303731316,2025-08-04 16:05:31.316114+05:30,16,7
1199,564526,428,530,1754303731417,2025-08-04 16:05:31.417039+05:30,16,7
1200,564626,427,530,1754303731517,2025-08-04 16:05:31.517811+05:30,16,7
1201,564727,431,530,1754303731618,2025-08-04 16:05:31.618601+05:30,16,7
1202,564828,429,532,1754303731719,2025-08-04 16:05:31.719480+05:30,16,7
1203,564929,429,532,1754303731820,2025-08-04 16:05:31.820385+05:30,16,7
1204,565029,435,541,1754303731921,2025-08-04 16:05:31.921120+05:30,16,7
1205,565131,431,536,1754303732021,2025-08-04 16:05:32.021949+05:30,16,7
1206,565231,432,533,1754303732122,2025-08-04 16:05:32.122793+05:30,16,7
1207,565332,431,530,1754303732223,2025-08-04 16:05:32.223553+05:30,16,7
1208,565433,429,529,1754303732324,2025-08-04 16:05:32.324496+05:30,16,7
1209,565533,429,530,1754303732425,2025-08-04 16:05:32.425474+05:30,16,7
1210,565635,429,531,1754303732526,2025-08-04 16:05:32.526597+05:30,16,7
1211,565735,432,531,1754303732627,2025-08-04 16:05:32.627228+05:30,16,7
1212,565836,433,537,1754303732728,2025-08-04 16:05:32.728015+05:30,16,7
1213,565937,434,540,1754303732828,2025-08-04 16:05:32.828828+05:30,16,7
1214,566038,433,535,1754303732929,2025-08-04 16:05:32.929563+05:30,16,7
1215,566138,431,532,1754303733030,2025-08-04 16:05:33.030579+05:30,16,7
1216,566240,433,531,1754303733131,2025-08-04 16:05:33.131208+05:30,16,7
1217,566340,431,533,1754303733232,2025-08-04 16:05:33.232070+05:30,16,7
1218,566441,433,531,1754303733332,2025-08-04 16:05:33.332942+05:30,16,7
1219,566542,431,530,1754303733433,2025-08-04 16:05:33.433682+05:30,16,7
1220,566643,435,532,1754303733534,2025-08-04 16:05:33.534771+05:30,16,7
1221,566744,433,537,1754303733635,2025-08-04 16:05:33.635443+05:30,16,7
1222,566845,438,546,1754303733736,2025-08-04 16:05:33.736442+05:30,16,7
1223,566945,434,533,1754303733837,2025-08-04 16:05:33.837222+05:30,16,7
1224,567047,437,533,1754303733937,2025-08-04 16:05:33.937795+05:30,16,7
1225,567147,435,534,1754303734038,2025-08-04 16:05:34.038568+05:30,16,7
1226,567248,438,533,1754303734139,2025-08-04 16:05:34.139669+05:30,16,7
1227,567349,436,539,1754303734240,2025-08-04 16:05:34.240328+05:30,16,7
1228,567449,449,558,1754303734341,2025-08-04 16:05:34.341091+05:30,16,7
1229,567550,445,562,1754303734441,2025-08-04 16:05:34.441968+05:30,16,7
1230,567651,449,567,1754303734542,2025-08-04 16:05:34.542781+05:30,16,7
1231,567752,451,584,1754303734643,2025-08-04 16:05:34.643627+05:30,16,7
1232,567853,442,564,1754303734744,2025-08-04 16:05:34.744456+05:30,16,7
1233,567954,443,552,1754303734845,2025-08-04 16:05:34.845201+05:30,16,7
1234,568054,440,545,1754303734946,2025-08-04 16:05:34.946247+05:30,16,7
1235,568156,441,542,1754303735046,2025-08-04 16:05:35.046964+05:30,16,7
1236,568256,437,537,1754303735147,2025-08-04 16:05:35.147760+05:30,16,7
1237,568357,439,539,1754303735248,2025-08-04 16:05:35.248613+05:30,16,7
1238,568458,435,536,1754303735349,2025-08-04 16:05:35.349452+05:30,16,7
1239,568559,437,536,1754303735450,2025-08-04 16:05:35.450343+05:30,16,7
1240,568659,441,548,1754303735551,2025-08-04 16:05:35.551083+05:30,16,7
1241,568761,439,535,1754303735651,2025-08-04 16:05:35.651953+05:30,16,7
1242,568861,436,532,1754303735752,2025-08-04 16:05:35.752750+05:30,16,7
1243,568963,439,534,1754303735853,2025-08-04 16:05:35.853536+05:30,16,7
1244,569063,437,526,1754303735954,2025-08-04 16:05:35.954429+05:30,16,7
1245,569164,436,530,1754303736055,2025-08-04 16:05:36.055395+05:30,16,7
1246,569265,437,531,1754303736156,2025-08-04 16:05:36.156046+05:30,16,7
1247,569365,438,529,1754303736257,2025-08-04 16:05:36.257047+05:30,16,7
1248,569466,441,539,1754303736357,2025-08-04 16:05:36.357914+05:30,16,7
1249,569567,437,535,1754303736458,2025-08-04 16:05:36.458615+05:30,16,7
1250,569668,437,529,1754303736559,2025-08-04 16:05:36.559454+05:30,16,7
1251,569768,437,530,1754303736660,2025-08-04 16:05:36.660299+05:30,16,7
1252,569870,436,527,1754303736761,2025-08-04 16:05:36.761190+05:30,16,7
1253,569970,437,526,1754303736862,2025-08-04 16:05:36.861990+05:30,16,7
1254,570072,436,524,1754303736962,2025-08-04 16:05:36.962969+05:30,16,7
1255,570172,434,527,1754303737063,2025-08-04 16:05:37.063650+05:30,16,7
1256,570273,440,540,1754303737164,2025-08-04 16:05:37.164531+05:30,16,7
1257,570374,436,533,1754303737265,2025-08-04 16:05:37.265392+05:30,16,7
1258,570475,435,528,1754303737366,2025-08-04 16:05:37.366322+05:30,16,7
1259,570575,435,529,1754303737467,2025-08-04 16:05:37.467068+05:30,16,7
1260,570677,437,527,1754303737567,2025-08-04 16:05:37.567786+05:30,16,7
1261,570777,435,526,1754303737668,2025-08-04 16:05:37.668746+05:30,16,7
1262,570878,436,531,1754303737769,2025-08-04 16:05:37.769567+05:30,16,7
1263,570979,437,530,1754303737870,2025-08-04 16:05:37.870321+05:30,16,7
1264,571080,442,540,1754303737971,2025-08-04 16:05:37.971130+05:30,16,7
1265,571181,438,533,1754303738072,2025-08-04 16:05:38.072284+05:30,16,7
1266,571281,435,527,1754303738172,2025-08-04 16:05:38.172870+05:30,16,7
1267,571382,439,529,1754303738273,2025-08-04 16:05:38.273654+05:30,16,7
1268,571483,437,528,1754303738374,2025-08-04 16:05:38.374472+05:30,16,7
1269,571584,439,527,1754303738475,2025-08-04 16:05:38.475697+05:30,16,7
1270,571684,437,527,1754303738576,2025-08-04 16:05:38.576421+05:30,16,7
1271,571786,439,528,1754303738677,2025-08-04 16:05:38.677265+05:30,16,7
1272,571886,442,539,1754303738778,2025-08-04 16:05:38.778047+05:30,16,7
1273,571987,443,540,1754303738878,2025-08-04 16:05:38.878884+05:30,16,7
1274,572088,437,526,1754303738979,2025-08-04 16:05:38.979913+05:30,16,7
1275,572189,437,528,1754303739080,2025-08-04 16:05:39.080554+05:30,16,7
1276,572290,436,527,1754303739181,2025-08-04 16:05:39.181385+05:30,16,7
1277,572391,435,525,1754303739282,2025-08-04 16:05:39.282381+05:30,16,7
1278,572491,438,530,1754303739383,2025-08-04 16:05:39.383460+05:30,16,7
1279,572593,436,527,1754303739484,2025-08-04 16:05:39.484061+05:30,16,7
1280,572693,438,529,1754303739584,2025-08-04 16:05:39.584853+05:30,16,7
1281,572794,443,539,1754303739685,2025-08-04 16:05:39.685836+05:30,16,7
1282,572895,439,530,1754303739786,2025-08-04 16:05:39.786384+05:30,16,7
1283,572996,440,529,1754303739887,2025-08-04 16:05:39.887179+05:30,16,7
1284,573096,438,530,1754303739987,2025-08-04 16:05:39.987844+05:30,16,7
1285,573197,437,527,1754303740088,2025-08-04 16:05:40.088738+05:30,16,7
1286,573298,442,533,1754303740189,2025-08-04 16:05:40.189535+05:30,16,7
1287,573399,438,530,1754303740290,2025-08-04 16:05:40.290471+05:30,16,7
1288,573500,440,530,1754303740391,2025-08-04 16:05:40.391588+05:30,16,7
1289,573600,446,540,1754303740492,2025-08-04 16:05:40.492315+05:30,16,7
1290,573702,437,528,1754303740593,2025-08-04 16:05:40.593147+05:30,16,7
1291,573802,438,530,1754303740693,2025-08-04 16:05:40.693969+05:30,16,7
1292,573903,440,531,1754303740794,2025-08-04 16:05:40.794640+05:30,16,7
1293,574004,437,524,1754303740895,2025-08-04 16:05:40.895626+05:30,16,7
1294,574105,437,527,1754303740996,2025-08-04 16:05:40.996742+05:30,16,7
1295,574205,435,527,1754303741097,2025-08-04 16:05:41.097310+05:30,16,7
1296,574307,439,533,1754303741198,2025-08-04 16:05:41.197990+05:30,16,7
1297,574407,442,537,1754303741298,2025-08-04 16:05:41.298877+05:30,16,7
1298,574509,439,526,1754303741399,2025-08-04 16:05:41.399633+05:30,16,7
1299,574609,438,530,1754303741500,2025-08-04 16:05:41.500558+05:30,16,7
1300,574710,439,528,1754303741601,2025-08-04 16:05:41.601306+05:30,16,7
1301,574811,438,527,1754303741702,2025-08-04 16:05:41.702076+05:30,16,7
1302,574912,439,527,1754303741803,2025-08-04 16:05:41.802991+05:30,16,7
1303,575012,438,528,1754303741903,2025-08-04 16:05:41.903898+05:30,16,7
1304,575113,441,535,1754303742004,2025-08-04 16:05:42.004792+05:30,16,7
1305,575214,445,542,1754303742105,2025-08-04 16:05:42.105564+05:30,16,7
1306,575314,440,529,1754303742206,2025-08-04 16:05:42.206308+05:30,16,7
1307,575416,440,531,1754303742307,2025-08-04 16:05:42.307255+05:30,16,7
1308,575516,439,529,1754303742408,2025-08-04 16:05:42.408021+05:30,16,7
1309,575618,439,525,1754303742508,2025-08-04 16:05:42.508865+05:30,16,7
1310,575718,437,527,1754303742609,2025-08-04 16:05:42.609688+05:30,16,7
1311,575819,439,527,1754303742710,2025-08-04 16:05:42.710442+05:30,16,7
1312,575920,437,524,1754303742811,2025-08-04 16:05:42.811223+05:30,16,7
1313,576021,445,541,1754303742912,2025-08-04 16:05:42.912453+05:30,16,7
1314,576121,439,533,1754303743013,2025-08-04 16:05:43.013305+05:30,16,7
1315,576223,434,524,1754303743113,2025-08-04 16:05:43.113898+05:30,16,7
1316,576323,439,530,1754303743214,2025-08-04 16:05:43.214851+05:30,16,7
1317,576424,433,525,1754303743315,2025-08-04 16:05:43.315828+05:30,16,7
1318,576525,433,524,1754303743416,2025-08-04 16:05:43.416260+05:30,16,7
1319,576626,439,527,1754303743517,2025-08-04 16:05:43.517191+05:30,16,7
1320,576727,435,527,1754303743618,2025-08-04 16:05:43.617983+05:30,16,7
1321,576828,434,526,1754303743718,2025-08-04 16:05:43.718913+05:30,16,7
1322,576928,440,536,1754303743819,2025-08-04 16:05:43.819609+05:30,16,7
1323,577029,439,537,1754303743920,2025-08-04 16:05:43.920881+05:30,16,7
1324,577130,436,527,1754303744021,2025-08-04 16:05:44.021270+05:30,16,7
1325,577230,437,528,1754303744122,2025-08-04 16:05:44.122122+05:30,16,7
1326,577332,438,527,1754303744223,2025-08-04 16:05:44.223110+05:30,16,7
1327,577432,437,524,1754303744323,2025-08-04 16:05:44.323762+05:30,16,7
1328,577533,438,527,1754303744424,2025-08-04 16:05:44.424646+05:30,16,7
1329,577634,439,527,1754303744525,2025-08-04 16:05:44.525444+05:30,16,7
1330,577735,436,526,1754303744626,2025-08-04 16:05:44.626578+05:30,16,7
1331,577836,444,536,1754303744727,2025-08-04 16:05:44.727388+05:30,16,7
1332,577937,441,537,1754303744828,2025-08-04 16:05:44.828043+05:30,16,7
1333,578037,437,519,1754303744928,2025-08-04 16:05:44.928904+05:30,16,7
1334,578139,442,532,1754303745029,2025-08-04 16:05:45.029628+05:30,16,7
1335,578239,439,527,1754303745130,2025-08-04 16:05:45.130650+05:30,16,7
1336,578340,439,526,1754303745231,2025-08-04 16:05:45.231519+05:30,16,7
1337,578441,439,530,1754303745332,2025-08-04 16:05:45.332211+05:30,16,7
1338,578542,440,531,1754303745433,2025-08-04 16:05:45.433095+05:30,16,7
1339,578642,439,529,1754303745533,2025-08-04 16:05:45.533918+05:30,16,7
1340,578744,442,541,1754303745635,2025-08-04 16:05:45.634985+05:30,16,7
1341,578844,438,528,1754303745735,2025-08-04 16:05:45.735580+05:30,16,7
1342,578945,434,526,1754303745836,2025-08-04 16:05:45.836321+05:30,16,7
1343,579046,436,529,1754303745937,2025-08-04 16:05:45.937242+05:30,16,7
1344,579146,436,525,1754303746038,2025-08-04 16:05:46.038046+05:30,16,7
1345,579248,438,527,1754303746138,2025-08-04 16:05:46.138806+05:30,16,7
1346,579348,439,528,1754303746239,2025-08-04 16:05:46.239851+05:30,16,7
1347,579449,438,527,1754303746340,2025-08-04 16:05:46.340407+05:30,16,7
1348,579550,443,542,1754303746441,2025-08-04 16:05:46.441277+05:30,16,7
1349,579651,437,525,1754303746542,2025-08-04 16:05:46.542214+05:30,16,7
1350,579751,439,525,1754303746642,2025-08-04 16:05:46.642981+05:30,16,7
1351,579853,440,529,1754303746743,2025-08-04 16:05:46.743796+05:30,16,7
1352,579953,438,525,1754303746844,2025-08-04 16:05:46.844642+05:30,16,7
1353,580055,438,526,1754303746945,2025-08-04 16:05:46.945538+05:30,16,7
1354,580155,441,526,1754303747046,2025-08-04 16:05:47.046299+05:30,16,7
1355,580256,440,525,1754303747147,2025-08-04 16:05:47.147213+05:30,16,7
1356,580357,443,540,1754303747248,2025-08-04 16:05:47.248108+05:30,16,7
1357,580458,440,531,1754303747348,2025-08-04 16:05:47.348883+05:30,16,7
1358,580558,437,525,1754303747449,2025-08-04 16:05:47.449643+05:30,16,7
1359,580660,440,529,1754303747550,2025-08-04 16:05:47.550543+05:30,16,7
1360,580760,436,524,1754303747651,2025-08-04 16:05:47.651424+05:30,16,7
1361,580860,437,522,1754303747752,2025-08-04 16:05:47.752161+05:30,16,7
1362,580962,439,529,1754303747852,2025-08-04 16:05:47.852971+05:30,16,7
1363,581062,434,523,1754303747953,2025-08-04 16:05:47.953955+05:30,16,7
1364,581164,439,529,1754303748054,2025-08-04 16:05:48.054868+05:30,16,7
1365,581264,444,541,1754303748155,2025-08-04 16:05:48.155596+05:30,16,7
1366,581365,438,529,1754303748256,2025-08-04 16:05:48.256387+05:30,16,7
1367,581466,438,529,1754303748357,2025-08-04 16:05:48.357194+05:30,16,7
1368,581567,440,532,1754303748458,2025-08-04 16:05:48.458159+05:30,16,7
1369,581667,435,523,1754303748558,2025-08-04 16:05:48.558909+05:30,16,7
1370,581769,436,526,1754303748659,2025-08-04 16:05:48.659794+05:30,16,7
1371,581869,440,529,1754303748760,2025-08-04 16:05:48.760653+05:30,16,7
1372,581970,441,528,1754303748861,2025-08-04 16:05:48.861504+05:30,16,7
1373,582071,442,530,1754303748962,2025-08-04 16:05:48.962369+05:30,16,7
1374,582172,447,541,1754303749063,2025-08-04 16:05:49.063242+05:30,16,7
1375,582273,438,525,1754303749164,2025-08-04 16:05:49.164041+05:30,16,7
1376,582374,438,526,1754303749264,2025-08-04 16:05:49.264901+05:30,16,7
1377,582474,440,528,1754303749365,2025-08-04 16:05:49.365749+05:30,16,7
1378,582576,438,526,1754303749466,2025-08-04 16:05:49.466474+05:30,16,7
1379,582676,440,526,1754303749567,2025-08-04 16:05:49.567192+05:30,16,7
1380,582776,439,526,1754303749668,2025-08-04 16:05:49.668287+05:30,16,7
1381,582878,440,528,1754303749769,2025-08-04 16:05:49.769056+05:30,16,7
1382,582978,445,540,1754303749869,2025-08-04 16:05:49.869941+05:30,16,7
1383,583079,441,530,1754303749970,2025-08-04 16:05:49.970679+05:30,16,7
1384,583180,436,523,1754303750071,2025-08-04 16:05:50.071679+05:30,16,7
1385,583281,440,531,1754303750172,2025-08-04 16:05:50.172319+05:30,16,7
1386,583382,436,527,1754303750273,2025-08-04 16:05:50.273477+05:30,16,7
1387,583483,438,528,1754303750373,2025-08-04 16:05:50.373955+05:30,16,7
1388,583583,438,530,1754303750474,2025-08-04 16:05:50.474891+05:30,16,7
1389,583685,437,535,1754303750575,2025-08-04 16:05:50.575728+05:30,16,7
1390,583785,443,542,1754303750676,2025-08-04 16:05:50.676467+05:30,16,7
1391,583886,438,531,1754303750777,2025-08-04 16:05:50.777191+05:30,16,7
1392,583987,435,528,1754303750877,2025-08-04 16:05:50.877960+05:30,16,7
1393,584088,438,528,1754303750979,2025-08-04 16:05:50.979098+05:30,16,7
1394,584188,435,527,1754303751080,2025-08-04 16:05:51.080042+05:30,16,7
1395,584290,435,526,1754303751180,2025-08-04 16:05:51.180898+05:30,16,7
1396,584390,435,524,1754303751281,2025-08-04 16:05:51.281898+05:30,16,7
1397,584492,439,529,1754303751382,2025-08-04 16:05:51.382482+05:30,16,7
1398,584592,440,534,1754303751483,2025-08-04 16:05:51.483272+05:30,16,7
1399,584692,441,533,1754303751584,2025-08-04 16:05:51.584325+05:30,16,7
1400,584794,436,522,1754303751685,2025-08-04 16:05:51.685101+05:30,16,7
1401,584894,437,527,1754303751785,2025-08-04 16:05:51.785843+05:30,16,7
1402,584995,438,528,1754303751886,2025-08-04 16:05:51.886623+05:30,16,7
1403,585096,435,527,1754303751987,2025-08-04 16:05:51.987414+05:30,16,7
1404,585197,436,524,1754303752088,2025-08-04 16:05:52.088210+05:30,16,7
1405,585297,435,525,1754303752189,2025-08-04 16:05:52.189082+05:30,16,7
1406,585399,436,524,1754303752289,2025-08-04 16:05:52.289890+05:30,16,7
1407,585499,439,535,1754303752390,2025-08-04 16:05:52.390660+05:30,16,7
1408,585601,436,533,1754303752491,2025-08-04 16:05:52.491464+05:30,16,7
1409,585701,437,526,1754303752592,2025-08-04 16:05:52.592196+05:30,16,7
1410,585802,440,532,1754303752693,2025-08-04 16:05:52.693274+05:30,16,7
1411,585903,436,525,1754303752793,2025-08-04 16:05:52.793943+05:30,16,7
1412,586004,439,527,1754303752894,2025-08-04 16:05:52.894737+05:30,16,7
1413,586104,437,528,1754303752995,2025-08-04 16:05:52.995593+05:30,16,7
1414,586206,440,528,1754303753096,2025-08-04 16:05:53.096482+05:30,16,7
1415,586306,439,531,1754303753197,2025-08-04 16:05:53.197327+05:30,16,7
1416,586407,441,538,1754303753298,2025-08-04 16:05:53.298416+05:30,16,7
1417,586508,440,537,1754303753398,2025-08-04 16:05:53.398933+05:30,16,7
1418,586608,437,523,1754303753499,2025-08-04 16:05:53.499952+05:30,16,7
1419,586710,440,534,1754303753600,2025-08-04 16:05:53.600643+05:30,16,7
1420,586810,436,528,1754303753701,2025-08-04 16:05:53.701519+05:30,16,7
1421,586911,435,528,1754303753802,2025-08-04 16:05:53.802299+05:30,16,7
1422,587012,432,528,1754303753903,2025-08-04 16:05:53.903138+05:30,16,7
1423,587113,432,529,1754303754003,2025-08-04 16:05:54.003957+05:30,16,7
1424,587213,434,540,1754303754104,2025-08-04 16:05:54.104796+05:30,16,7
1425,587315,431,535,1754303754205,2025-08-04 16:05:54.205616+05:30,16,7
1426,587415,426,529,1754303754306,2025-08-04 16:05:54.306439+05:30,16,7
1427,587516,424,533,1754303754407,2025-08-04 16:05:54.407359+05:30,16,7
1428,587617,425,531,1754303754508,2025-08-04 16:05:54.508263+05:30,16,7
1429,587718,426,530,1754303754609,2025-08-04 16:05:54.609086+05:30,16,7
1430,587819,423,531,1754303754709,2025-08-04 16:05:54.709832+05:30,16,7
1431,587920,424,533,1754303754810,2025-08-04 16:05:54.810636+05:30,16,7
1432,588020,429,545,1754303754911,2025-08-04 16:05:54.911603+05:30,16,7
1433,588122,424,535,1754303755012,2025-08-04 16:05:55.012691+05:30,16,7
1434,588222,422,533,1754303755113,2025-08-04 16:05:55.113434+05:30,16,7
1435,588323,426,538,1754303755214,2025-08-04 16:05:55.214058+05:30,16,7
1436,588424,424,531,1754303755314,2025-08-04 16:05:55.314941+05:30,16,7
1437,588524,426,531,1754303755415,2025-08-04 16:05:55.415768+05:30,16,7
1438,588625,427,531,1754303755516,2025-08-04 16:05:55.516508+05:30,16,7
1439,588726,423,525,1754303755617,2025-08-04 16:05:55.617276+05:30,16,7
1440,588827,432,544,1754303755718,2025-08-04 16:05:55.718186+05:30,16,7
1441,588928,429,537,1754303755818,2025-08-04 16:05:55.818945+05:30,16,7
1442,589029,424,528,1754303755919,2025-08-04 16:05:55.919917+05:30,16,7
1443,589129,427,531,1754303756020,2025-08-04 16:05:56.020839+05:30,16,7
1444,589231,426,532,1754303756121,2025-08-04 16:05:56.121469+05:30,16,7
1445,589331,427,528,1754303756222,2025-08-04 16:05:56.222297+05:30,16,7
1446,589432,428,530,1754303756323,2025-08-04 16:05:56.323323+05:30,16,7
1447,589533,428,528,1754303756424,2025-08-04 16:05:56.424169+05:30,16,7
1448,589634,429,528,1754303756524,2025-08-04 16:05:56.524944+05:30,16,7
1449,589734,435,544,1754303756625,2025-08-04 16:05:56.625934+05:30,16,7
1450,589836,432,534,1754303756726,2025-08-04 16:05:56.726641+05:30,16,7
1451,589936,427,528,1754303756827,2025-08-04 16:05:56.827542+05:30,16,7
1452,590038,432,530,1754303756928,2025-08-04 16:05:56.928268+05:30,16,7
1453,590138,430,526,1754303757029,2025-08-04 16:05:57.029234+05:30,16,7
1454,590239,430,527,1754303757130,2025-08-04 16:05:57.129982+05:30,16,7
1455,590340,432,530,1754303757231,2025-08-04 16:05:57.231114+05:30,16,7
1456,590440,432,529,1754303757331,2025-08-04 16:05:57.331678+05:30,16,7
1457,590541,431,528,1754303757432,2025-08-04 16:05:57.432575+05:30,16,7
1458,590642,437,542,1754303757533,2025-08-04 16:05:57.533276+05:30,16,7
1459,590743,433,531,1754303757633,2025-08-04 16:05:57.633976+05:30,16,7
1460,590843,432,529,1754303757734,2025-08-04 16:05:57.734887+05:30,16,7
1461,590945,433,529,1754303757835,2025-08-04 16:05:57.835688+05:30,16,7
1462,591045,432,527,1754303757936,2025-08-04 16:05:57.936501+05:30,16,7
1463,591147,432,528,1754303758037,2025-08-04 16:05:58.037322+05:30,16,7
1464,591247,431,528,1754303758138,2025-08-04 16:05:58.138226+05:30,16,7
1465,591348,433,534,1754303758239,2025-08-04 16:05:58.238993+05:30,16,7
1466,591449,439,548,1754303758340,2025-08-04 16:05:58.340233+05:30,16,7
1467,591550,431,530,1754303758440,2025-08-04 16:05:58.440668+05:30,16,7
1468,591650,431,528,1754303758541,2025-08-04 16:05:58.541532+05:30,16,7
1469,591752,431,532,1754303758642,2025-08-04 16:05:58.642354+05:30,16,7
1470,591852,430,528,1754303758743,2025-08-04 16:05:58.743281+05:30,16,7
1471,591953,431,528,1754303758844,2025-08-04 16:05:58.844138+05:30,16,7
1472,592054,430,529,1754303758944,2025-08-04 16:05:58.944885+05:30,16,7
1473,592155,432,528,1754303759045,2025-08-04 16:05:59.045788+05:30,16,7
1474,592256,434,542,1754303759146,2025-08-04 16:05:59.146583+05:30,16,7
1475,592356,437,540,1754303759247,2025-08-04 16:05:59.247356+05:30,16,7
1476,592457,431,529,1754303759348,2025-08-04 16:05:59.348205+05:30,16,7
1477,592558,430,528,1754303759449,2025-08-04 16:05:59.449045+05:30,16,7
1478,592659,432,531,1754303759549,2025-08-04 16:05:59.549905+05:30,16,7
1479,592759,429,526,1754303759650,2025-08-04 16:05:59.650737+05:30,16,7
1480,592861,433,530,1754303759751,2025-08-04 16:05:59.751501+05:30,16,7
1481,592961,431,528,1754303759852,2025-08-04 16:05:59.852525+05:30,16,7
1482,593062,434,532,1754303759953,2025-08-04 16:05:59.953428+05:30,16,7
1483,593163,436,543,1754303760054,2025-08-04 16:06:00.054177+05:30,16,7
1484,593264,431,533,1754303760154,2025-08-04 16:06:00.154916+05:30,16,7
1485,593364,433,531,1754303760255,2025-08-04 16:06:00.255787+05:30,16,7
1486,593466,431,529,1754303760356,2025-08-04 16:06:00.356537+05:30,16,7
1487,593566,432,530,1754303760457,2025-08-04 16:06:00.457506+05:30,16,7
1488,593668,432,527,1754303760558,2025-08-04 16:06:00.558319+05:30,16,7
1489,593768,432,528,1754303760659,2025-08-04 16:06:00.659074+05:30,16,7
1490,593869,434,526,1754303760759,2025-08-04 16:06:00.759977+05:30,16,7
1491,593970,438,544,1754303760860,2025-08-04 16:06:00.860824+05:30,16,7
1492,594071,435,528,1754303760961,2025-08-04 16:06:00.961611+05:30,16,7
1493,594171,433,527,1754303761062,2025-08-04 16:06:01.062389+05:30,16,7
1494,594272,433,529,1754303761163,2025-08-04 16:06:01.163268+05:30,16,7
1495,594373,431,527,1754303761264,2025-08-04 16:06:01.264123+05:30,16,7
1496,594473,433,526,1754303761365,2025-08-04 16:06:01.364987+05:30,16,7
1497,594575,433,528,1754303761465,2025-08-04 16:06:01.465831+05:30,16,7
1498,594675,433,532,1754303761566,2025-08-04 16:06:01.566703+05:30,16,7
1499,594777,439,541,1754303761667,2025-08-04 16:06:01.667421+05:30,16,7
1500,594877,434,532,1754303761768,2025-08-04 16:06:01.768286+05:30,16,7
1501,594978,433,529,1754303761869,2025-08-04 16:06:01.869094+05:30,16,7
1502,595079,434,532,1754303761970,2025-08-04 16:06:01.970000+05:30,16,7
1503,595180,432,529,1754303762070,2025-08-04 16:06:02.070824+05:30,16,7
1504,595280,434,529,1754303762171,2025-08-04 16:06:02.171697+05:30,16,7
1505,595382,433,530,1754303762272,2025-08-04 16:06:02.272693+05:30,16,7
1506,595482,435,534,1754303762373,2025-08-04 16:06:02.373282+05:30,16,7
1507,595584,439,540,1754303762474,2025-08-04 16:06:02.474203+05:30,16,7
1508,595684,432,528,1754303762575,2025-08-04 16:06:02.575019+05:30,16,7
1509,595785,434,531,1754303762675,2025-08-04 16:06:02.675915+05:30,16,7
1510,595886,433,530,1754303762776,2025-08-04 16:06:02.776641+05:30,16,7
1511,595987,435,528,1754303762877,2025-08-04 16:06:02.877498+05:30,16,7
1512,596087,432,529,1754303762978,2025-08-04 16:06:02.978550+05:30,16,7
1513,596188,433,528,1754303763079,2025-08-04 16:06:03.079377+05:30,16,7
1514,596289,439,544,1754303763180,2025-08-04 16:06:03.180011+05:30,16,7
1515,596389,434,529,1754303763280,2025-08-04 16:06:03.280738+05:30,16,7
1516,596491,435,530,1754303763381,2025-08-04 16:06:03.381695+05:30,16,7
1517,596591,431,531,1754303763482,2025-08-04 16:06:03.482583+05:30,16,7
1518,596692,431,526,1754303763583,2025-08-04 16:06:03.583407+05:30,16,7
1519,596793,433,532,1754303763684,2025-08-04 16:06:03.684160+05:30,16,7
1520,596894,433,528,1754303763785,2025-08-04 16:06:03.785094+05:30,16,7
1521,596995,435,538,1754303763886,2025-08-04 16:06:03.886058+05:30,16,7
1522,597096,435,540,1754303763986,2025-08-04 16:06:03.986613+05:30,16,7
1523,597196,429,525,1754303764087,2025-08-04 16:06:04.087580+05:30,16,7
1524,597298,429,529,1754303764188,2025-08-04 16:06:04.188319+05:30,16,7
1525,597398,429,525,1754303764289,2025-08-04 16:06:04.289251+05:30,16,7
1526,597499,430,526,1754303764390,2025-08-04 16:06:04.390038+05:30,16,7
1527,597600,429,529,1754303764490,2025-08-04 16:06:04.490971+05:30,16,7
1528,597701,428,527,1754303764591,2025-08-04 16:06:04.591694+05:30,16,7
1529,597801,432,535,1754303764692,2025-08-04 16:06:04.692554+05:30,16,7
1530,597903,432,532,1754303764793,2025-08-04 16:06:04.793538+05:30,16,7
1531,598003,430,525,1754303764894,2025-08-04 16:06:04.894301+05:30,16,7
1532,598104,433,525,1754303764994,2025-08-04 16:06:04.994958+05:30,16,7
1533,598205,432,528,1754303765096,2025-08-04 16:06:05.096042+05:30,16,7
1534,598305,429,522,1754303765196,2025-08-04 16:06:05.196965+05:30,16,7
1535,598407,432,524,1754303765297,2025-08-04 16:06:05.297578+05:30,16,7
1536,598507,429,525,1754303765398,2025-08-04 16:06:05.398368+05:30,16,7
1537,598608,436,540,1754303765499,2025-08-04 16:06:05.499159+05:30,16,7
1538,598709,430,526,1754303765600,2025-08-04 16:06:05.600033+05:30,16,7
1539,598810,431,523,1754303765700,2025-08-04 16:06:05.700967+05:30,16,7
1540,598910,432,528,1754303765801,2025-08-04 16:06:05.801941+05:30,16,7
1541,599012,431,529,1754303765902,2025-08-04 16:06:05.902742+05:30,16,7
1542,599112,432,528,1754303766003,2025-08-04 16:06:06.003320+05:30,16,7
1543,599214,431,526,1754303766104,2025-08-04 16:06:06.104315+05:30,16,7
1544,599314,434,533,1754303766205,2025-08-04 16:06:06.205005+05:30,16,7
1545,599415,436,536,1754303766305,2025-08-04 16:06:06.305950+05:30,16,7
1546,599516,430,525,1754303766406,2025-08-04 16:06:06.406666+05:30,16,7
1547,599617,431,526,1754303766507,2025-08-04 16:06:06.507545+05:30,16,7
1548,599717,432,526,1754303766608,2025-08-04 16:06:06.608520+05:30,16,7
1549,599819,433,526,1754303766709,2025-08-04 16:06:06.709290+05:30,16,7
1550,599919,432,522,1754303766810,2025-08-04 16:06:06.810052+05:30,16,7
1551,600019,436,535,1754303766910,2025-08-04 16:06:06.910800+05:30,16,7
1552,600121,439,543,1754303767011,2025-08-04 16:06:07.011642+05:30,16,7
1553,600221,431,525,1754303767112,2025-08-04 16:06:07.112679+05:30,16,7
1554,600323,434,530,1754303767213,2025-08-04 16:06:07.213343+05:30,16,7
1555,600423,431,526,1754303767314,2025-08-04 16:06:07.314187+05:30,16,7
1556,600524,433,526,1754303767415,2025-08-04 16:06:07.415098+05:30,16,7
1557,600625,432,525,1754303767515,2025-08-04 16:06:07.515959+05:30,16,7
1558,600726,433,528,1754303767616,2025-08-04 16:06:07.616706+05:30,16,7
1559,600826,437,541,1754303767717,2025-08-04 16:06:07.717546+05:30,16,7
1560,600928,430,527,1754303767818,2025-08-04 16:06:07.818367+05:30,16,7
1561,601028,430,526,1754303767919,2025-08-04 16:06:07.919259+05:30,16,7
1562,601129,431,529,1754303768020,2025-08-04 16:06:08.020068+05:30,16,7
1563,601230,429,524,1754303768120,2025-08-04 16:06:08.120919+05:30,16,7
1564,601331,429,525,1754303768221,2025-08-04 16:06:08.221754+05:30,16,7
1565,601432,428,525,1754303768322,2025-08-04 16:06:08.322578+05:30,16,7
1566,601533,434,537,1754303768423,2025-08-04 16:06:08.423549+05:30,16,7
1567,601633,433,535,1754303768524,2025-08-04 16:06:08.524406+05:30,16,7
1568,601735,432,530,1754303768625,2025-08-04 16:06:08.625066+05:30,16,7
1569,601835,429,527,1754303768725,2025-08-04 16:06:08.725867+05:30,16,7
1570,601935,430,525,1754303768826,2025-08-04 16:06:08.826676+05:30,16,7
1571,602037,430,525,1754303768927,2025-08-04 16:06:08.927634+05:30,16,7
1572,602137,431,528,1754303769028,2025-08-04 16:06:09.028504+05:30,16,7
1573,602238,437,540,1754303769129,2025-08-04 16:06:09.129536+05:30,16,7
1574,602339,431,525,1754303769230,2025-08-04 16:06:09.230300+05:30,16,7
1575,602440,429,526,1754303769331,2025-08-04 16:06:09.331053+05:30,16,7
1576,602541,429,527,1754303769431,2025-08-04 16:06:09.431969+05:30,16,7
1577,602642,430,523,1754303769532,2025-08-04 16:06:09.532813+05:30,16,7
1578,602742,430,527,1754303769633,2025-08-04 16:06:09.633461+05:30,16,7
1579,602844,428,525,1754303769734,2025-08-04 16:06:09.734213+05:30,16,7
1580,602944,431,528,1754303769835,2025-08-04 16:06:09.835074+05:30,16,7
1581,603045,433,535,1754303769936,2025-08-04 16:06:09.936030+05:30,16,7
1582,603146,430,524,1754303770036,2025-08-04 16:06:10.036783+05:30,16,7
1583,603247,429,527,1754303770137,2025-08-04 16:06:10.137521+05:30,16,7
1584,603347,431,528,1754303770238,2025-08-04 16:06:10.238410+05:30,16,7
1585,603449,431,524,1754303770339,2025-08-04 16:06:10.339237+05:30,16,7
1586,603549,431,525,1754303770440,2025-08-04 16:06:10.440215+05:30,16,7
1587,603651,431,527,1754303770541,2025-08-04 16:06:10.541194+05:30,16,7
1588,603751,432,527,1754303770642,2025-08-04 16:06:10.642006+05:30,16,7
1589,603851,435,540,1754303770742,2025-08-04 16:06:10.742822+05:30,16,7
1590,603953,432,529,1754303770843,2025-08-04 16:06:10.843443+05:30,16,7
1591,604053,432,524,1754303770944,2025-08-04 16:06:10.944299+05:30,16,7
1592,604154,433,530,1754303771045,2025-08-04 16:06:11.045177+05:30,16,7
1593,604255,433,524,1754303771145,2025-08-04 16:06:11.145927+05:30,16,7
1594,604356,432,525,1754303771246,2025-08-04 16:06:11.246762+05:30,16,7
1595,604456,431,523,1754303771347,2025-08-04 16:06:11.347691+05:30,16,7
1596,604558,434,530,1754303771448,2025-08-04 16:06:11.448416+05:30,16,7
1597,604658,436,536,1754303771549,2025-08-04 16:06:11.549367+05:30,16,7
1598,604760,430,525,1754303771650,2025-08-04 16:06:11.650185+05:30,16,7
1599,604860,433,530,1754303771751,2025-08-04 16:06:11.751065+05:30,16,7
1600,604961,432,525,1754303771851,2025-08-04 16:06:11.851805+05:30,16,7
1601,605062,430,525,1754303771952,2025-08-04 16:06:11.952575+05:30,16,7
1602,605163,432,525,1754303772053,2025-08-04 16:06:12.053427+05:30,16,7
1603,605263,430,526,1754303772154,2025-08-04 16:06:12.154373+05:30,16,7
1604,605365,437,545,1754303772255,2025-08-04 16:06:12.255126+05:30,16,7
1605,605465,435,537,1754303772356,2025-08-04 16:06:12.356078+05:30,16,7
1606,605566,431,527,1754303772456,2025-08-04 16:06:12.456796+05:30,16,7
1607,605667,432,529,1754303772557,2025-08-04 16:06:12.557650+05:30,16,7
1608,605767,432,526,1754303772658,2025-08-04 16:06:12.658478+05:30,16,7
1609,605869,431,522,1754303772759,2025-08-04 16:06:12.759340+05:30,16,7
1610,605969,436,535,1754303772860,2025-08-04 16:06:12.860136+05:30,16,7
1611,606070,436,533,1754303772961,2025-08-04 16:06:12.961001+05:30,16,7
1612,606171,439,543,1754303773061,2025-08-04 16:06:13.061850+05:30,16,7
1613,606272,432,526,1754303773162,2025-08-04 16:06:13.162693+05:30,16,7
1614,606372,431,524,1754303773263,2025-08-04 16:06:13.263485+05:30,16,7
1615,606474,430,526,1754303773364,2025-08-04 16:06:13.364239+05:30,16,7
1616,606574,431,528,1754303773465,2025-08-04 16:06:13.465081+05:30,16,7
1617,606675,430,526,1754303773566,2025-08-04 16:06:13.566022+05:30,16,7
1618,606776,432,526,1754303773666,2025-08-04 16:06:13.666847+05:30,16,7
1619,606877,433,530,1754303773767,2025-08-04 16:06:13.767708+05:30,16,7
1620,606978,438,540,1754303773868,2025-08-04 16:06:13.868601+05:30,16,7
1621,607079,432,524,1754303773969,2025-08-04 16:06:13.969410+05:30,16,7
1622,607179,432,526,1754303774070,2025-08-04 16:06:14.070186+05:30,16,7
1623,607281,433,527,1754303774171,2025-08-04 16:06:14.171143+05:30,16,7
1624,607381,430,524,1754303774271,2025-08-04 16:06:14.271967+05:30,16,7
1625,607482,431,525,1754303774372,2025-08-04 16:06:14.372946+05:30,16,7
1626,607583,433,525,1754303774473,2025-08-04 16:06:14.473661+05:30,16,7
1627,607683,431,527,1754303774574,2025-08-04 16:06:14.574596+05:30,16,7
1628,607784,439,541,1754303774675,2025-08-04 16:06:14.675449+05:30,16,7
1629,607885,430,525,1754303774776,2025-08-04 16:06:14.776529+05:30,16,7
1630,607986,433,527,1754303774876,2025-08-04 16:06:14.876965+05:30,16,7
1631,608087,429,524,1754303774977,2025-08-04 16:06:14.977796+05:30,16,7
1632,608188,430,525,1754303775078,2025-08-04 16:06:15.078665+05:30,16,7
1633,608288,433,528,1754303775179,2025-08-04 16:06:15.179387+05:30,16,7
1634,608390,435,526,1754303775280,2025-08-04 16:06:15.280233+05:30,16,7
1635,608490,434,529,1754303775381,2025-08-04 16:06:15.381103+05:30,16,7
1636,608591,437,538,1754303775481,2025-08-04 16:06:15.481860+05:30,16,7
1637,608692,433,525,1754303775582,2025-08-04 16:06:15.582762+05:30,16,7
1638,608793,434,527,1754303775683,2025-08-04 16:06:15.683499+05:30,16,7
1639,608893,433,525,1754303775784,2025-08-04 16:06:15.784396+05:30,16,7
1640,608995,434,525,1754303775885,2025-08-04 16:06:15.885161+05:30,16,7
1641,609095,434,527,1754303775986,2025-08-04 16:06:15.986069+05:30,16,7
1642,609197,433,525,1754303776087,2025-08-04 16:06:16.087111+05:30,16,7
1643,609297,440,541,1754303776187,2025-08-04 16:06:16.187950+05:30,16,7
1644,609398,434,527,1754303776288,2025-08-04 16:06:16.288944+05:30,16,7
1645,609499,433,528,1754303776389,2025-08-04 16:06:16.389806+05:30,16,7
1646,609599,432,528,1754303776490,2025-08-04 16:06:16.490464+05:30,16,7
1647,609700,432,524,1754303776591,2025-08-04 16:06:16.591254+05:30,16,7
1648,609801,433,526,1754303776692,2025-08-04 16:06:16.692109+05:30,16,7
1649,609902,433,530,1754303776792,2025-08-04 16:06:16.792934+05:30,16,7
1650,610002,436,542,1754303776893,2025-08-04 16:06:16.893845+05:30,16,7
1651,610104,433,528,1754303776994,2025-08-04 16:06:16.994810+05:30,16,7
1652,610204,430,525,1754303777095,2025-08-04 16:06:17.095451+05:30,16,7
1653,610306,433,530,1754303777196,2025-08-04 16:06:17.196217+05:30,16,7
1654,610406,430,525,1754303777297,2025-08-04 16:06:17.297452+05:30,16,7
1655,610507,432,529,1754303777398,2025-08-04 16:06:17.398223+05:30,16,7
1656,610608,431,528,1754303777498,2025-08-04 16:06:17.498563+05:30,16,7
1657,610709,433,535,1754303777599,2025-08-04 16:06:17.599901+05:30,16,7
1658,610809,437,537,1754303777700,2025-08-04 16:06:17.700286+05:30,16,7
1659,610911,433,528,1754303777801,2025-08-04 16:06:17.801226+05:30,16,7
1660,611011,433,525,1754303777902,2025-08-04 16:06:17.902091+05:30,16,7
1661,611112,431,524,1754303778003,2025-08-04 16:06:18.002976+05:30,16,7
1662,611213,428,524,1754303778103,2025-08-04 16:06:18.103574+05:30,16,7
1663,611314,432,525,1754303778204,2025-08-04 16:06:18.204395+05:30,16,7
1664,611415,431,525,1754303778305,2025-08-04 16:06:18.305379+05:30,16,7
1665,611515,434,530,1754303778406,2025-08-04 16:06:18.406135+05:30,16,7
1666,611616,436,540,1754303778506,2025-08-04 16:06:18.506979+05:30,16,7
1667,611717,431,527,1754303778607,2025-08-04 16:06:18.607744+05:30,16,7
1668,611818,432,527,1754303778708,2025-08-04 16:06:18.708659+05:30,16,7
1669,611918,431,526,1754303778809,2025-08-04 16:06:18.809455+05:30,16,7
1670,612020,431,525,1754303778910,2025-08-04 16:06:18.910384+05:30,16,7
1671,612120,431,525,1754303779011,2025-08-04 16:06:19.011094+05:30,16,7
1672,612221,432,526,1754303779112,2025-08-04 16:06:19.112122+05:30,16,7
1673,612322,430,523,1754303779213,2025-08-04 16:06:19.212996+05:30,16,7
1674,612423,429,525,1754303779313,2025-08-04 16:06:19.313944+05:30,16,7
1675,612524,429,524,1754303779414,2025-08-04 16:06:19.414702+05:30,16,7
1676,612625,437,542,1754303779515,2025-08-04 16:06:19.515557+05:30,16,7
1677,612725,432,528,1754303779616,2025-08-04 16:06:19.616418+05:30,16,7
1678,612827,431,526,1754303779716,2025-08-04 16:06:19.716964+05:30,16,7
1679,612927,433,533,1754303779817,2025-08-04 16:06:19.817832+05:30,16,7
1680,613028,430,521,1754303779918,2025-08-04 16:06:19.918952+05:30,16,7
1681,613129,432,526,1754303780019,2025-08-04 16:06:20.019573+05:30,16,7
1682,613230,433,525,1754303780120,2025-08-04 16:06:20.120252+05:30,16,7
1683,613330,433,525,1754303780221,2025-08-04 16:06:20.221312+05:30,16,7
1684,613431,431,523,1754303780321,2025-08-04 16:06:20.321919+05:30,16,7
1685,613532,432,524,1754303780422,2025-08-04 16:06:20.422809+05:30,16,7
1686,613633,438,539,1754303780523,2025-08-04 16:06:20.523579+05:30,16,7
1687,613734,432,526,1754303780624,2025-08-04 16:06:20.624507+05:30,16,7
1688,613834,431,527,1754303780725,2025-08-04 16:06:20.725427+05:30,16,7
1689,613936,432,528,1754303780826,2025-08-04 16:06:20.826091+05:30,16,7
1690,614036,431,526,1754303780927,2025-08-04 16:06:20.927084+05:30,16,7
1691,614137,433,524,1754303781028,2025-08-04 16:06:21.028051+05:30,16,7
1692,614238,431,527,1754303781128,2025-08-04 16:06:21.128625+05:30,16,7
1693,614339,432,526,1754303781229,2025-08-04 16:06:21.229456+05:30,16,7
1694,614439,432,527,1754303781330,2025-08-04 16:06:21.330305+05:30,16,7
1695,614541,437,542,1754303781431,2025-08-04 16:06:21.431110+05:30,16,7
1696,614641,433,529,1754303781532,2025-08-04 16:06:21.531997+05:30,16,7
1697,614743,429,526,1754303781632,2025-08-04 16:06:21.632950+05:30,16,7
1698,614843,433,530,1754303781733,2025-08-04 16:06:21.733652+05:30,16,7
1699,614944,430,524,1754303781834,2025-08-04 16:06:21.834549+05:30,16,7
1700,615045,431,526,1754303781935,2025-08-04 16:06:21.935343+05:30,16,7
1701,615146,431,525,1754303782036,2025-08-04 16:06:22.036166+05:30,16,7
1702,615246,432,525,1754303782137,2025-08-04 16:06:22.137088+05:30,16,7
1703,615347,433,526,1754303782238,2025-08-04 16:06:22.238155+05:30,16,7
1704,615448,439,541,1754303782338,2025-08-04 16:06:22.338785+05:30,16,7
1705,615548,436,530,1754303782439,2025-08-04 16:06:22.439861+05:30,16,7
1706,615650,434,527,1754303782540,2025-08-04 16:06:22.540570+05:30,16,7
1707,615750,435,528,1754303782641,2025-08-04 16:06:22.641342+05:30,16,7
1708,615852,432,523,1754303782742,2025-08-04 16:06:22.742564+05:30,16,7
1709,615952,435,525,1754303782843,2025-08-04 16:06:22.843046+05:30,16,7
1710,616053,433,527,1754303782943,2025-08-04 16:06:22.943946+05:30,16,7
1711,616154,434,526,1754303783044,2025-08-04 16:06:23.044758+05:30,16,7
1712,616255,433,526,1754303783145,2025-08-04 16:06:23.145666+05:30,16,7
1713,616355,436,536,1754303783246,2025-08-04 16:06:23.246565+05:30,16,7
1714,616457,435,531,1754303783347,2025-08-04 16:06:23.347323+05:30,16,7
1715,616557,431,524,1754303783448,2025-08-04 16:06:23.448016+05:30,16,7
1716,616658,434,528,1754303783548,2025-08-04 16:06:23.548762+05:30,16,7
1717,616759,431,524,1754303783649,2025-08-04 16:06:23.649727+05:30,16,7
1718,616860,433,527,1754303783750,2025-08-04 16:06:23.750517+05:30,16,7
1719,616961,434,528,1754303783851,2025-08-04 16:06:23.851621+05:30,16,7
1720,617062,430,528,1754303783952,2025-08-04 16:06:23.952309+05:30,16,7
1721,617162,433,528,1754303784053,2025-08-04 16:06:24.053283+05:30,16,7
1722,617263,435,530,1754303784153,2025-08-04 16:06:24.153947+05:30,16,7
1723,617364,442,548,1754303784255,2025-08-04 16:06:24.255259+05:30,16,7
1724,617464,436,530,1754303784355,2025-08-04 16:06:24.355512+05:30,16,7
1725,617566,435,530,1754303784456,2025-08-04 16:06:24.456279+05:30,16,7
1726,617666,433,528,1754303784557,2025-08-04 16:06:24.557311+05:30,16,7
1727,617767,430,525,1754303784658,2025-08-04 16:06:24.658348+05:30,16,7
1728,617868,433,527,1754303784758,2025-08-04 16:06:24.758858+05:30,16,7
1729,617969,435,527,1754303784859,2025-08-04 16:06:24.859750+05:30,16,7
1730,618070,434,528,1754303784960,2025-08-04 16:06:24.960553+05:30,16,7
1731,618171,433,524,1754303785061,2025-08-04 16:06:25.061300+05:30,16,7
1732,618271,439,540,1754303785162,2025-08-04 16:06:25.162091+05:30,16,7
1733,618373,438,530,1754303785262,2025-08-04 16:06:25.262919+05:30,16,7
1734,618473,434,526,1754303785363,2025-08-04 16:06:25.363872+05:30,16,7
1735,618574,435,528,1754303785464,2025-08-04 16:06:25.464687+05:30,16,7
1736,618675,434,525,1754303785565,2025-08-04 16:06:25.565601+05:30,16,7
1737,618776,436,529,1754303785666,2025-08-04 16:06:25.666283+05:30,16,7
1738,618876,434,528,1754303785767,2025-08-04 16:06:25.767296+05:30,16,7
1739,618978,436,527,1754303785868,2025-08-04 16:06:25.868415+05:30,16,7
1740,619078,433,526,1754303785969,2025-08-04 16:06:25.969232+05:30,16,7
1741,619179,438,539,1754303786069,2025-08-04 16:06:26.069906+05:30,16,7
1742,619280,436,534,1754303786171,2025-08-04 16:06:26.171136+05:30,16,7
1743,619380,435,526,1754303786271,2025-08-04 16:06:26.271379+05:30,16,7
1744,619482,434,528,1754303786372,2025-08-04 16:06:26.372197+05:30,16,7
1745,619582,433,526,1754303786472,2025-08-04 16:06:26.472958+05:30,16,7
1746,619683,434,526,1754303786573,2025-08-04 16:06:26.573906+05:30,16,7
1747,619784,434,528,1754303786674,2025-08-04 16:06:26.674709+05:30,16,7
1748,619885,434,528,1754303786775,2025-08-04 16:06:26.775488+05:30,16,7
1749,619985,435,529,1754303786876,2025-08-04 16:06:26.876283+05:30,16,7
1750,620087,442,548,1754303786977,2025-08-04 16:06:26.977131+05:30,16,7
1751,620187,441,543,1754303787077,2025-08-04 16:06:27.077976+05:30,16,7
1752,620289,438,532,1754303787178,2025-08-04 16:06:27.178868+05:30,16,7
1753,620389,435,529,1754303787279,2025-08-04 16:06:27.279594+05:30,16,7
1754,620490,436,525,1754303787380,2025-08-04 16:06:27.380491+05:30,16,7
1755,620591,433,524,1754303787481,2025-08-04 16:06:27.481379+05:30,16,7
1756,620692,434,527,1754303787582,2025-08-04 16:06:27.582173+05:30,16,7
1757,620792,435,526,1754303787683,2025-08-04 16:06:27.683172+05:30,16,7
1758,620894,435,524,1754303787783,2025-08-04 16:06:27.783906+05:30,16,7
1759,620994,436,528,1754303787884,2025-08-04 16:06:27.884800+05:30,16,7
1760,621094,441,541,1754303787985,2025-08-04 16:06:27.985457+05:30,16,7
1761,621196,432,522,1754303788086,2025-08-04 16:06:28.086441+05:30,16,7
1762,621296,430,525,1754303788187,2025-08-04 16:06:28.187218+05:30,16,7
1763,621398,431,526,1754303788287,2025-08-04 16:06:28.287945+05:30,16,7
1764,621498,428,523,1754303788389,2025-08-04 16:06:28.389003+05:30,16,7
1765,621599,430,524,1754303788489,2025-08-04 16:06:28.489959+05:30,16,7
1766,621700,428,524,1754303788590,2025-08-04 16:06:28.590651+05:30,16,7
1767,621801,429,523,1754303788691,2025-08-04 16:06:28.691369+05:30,16,7
1768,621901,427,525,1754303788792,2025-08-04 16:06:28.792213+05:30,16,7
1769,622003,430,535,1754303788893,2025-08-04 16:06:28.893240+05:30,16,7
1770,622103,430,533,1754303788994,2025-08-04 16:06:28.993986+05:30,16,7
1771,622204,425,523,1754303789094,2025-08-04 16:06:29.094864+05:30,16,7
1772,622305,425,525,1754303789195,2025-08-04 16:06:29.195654+05:30,16,7
1773,622406,427,522,1754303789296,2025-08-04 16:06:29.296431+05:30,16,7
1774,622507,427,525,1754303789397,2025-08-04 16:06:29.397192+05:30,16,7
1775,622608,425,525,1754303789497,2025-08-04 16:06:29.497936+05:30,16,7
1776,622708,425,526,1754303789598,2025-08-04 16:06:29.598867+05:30,16,7
1777,622810,424,524,1754303789699,2025-08-04 16:06:29.699752+05:30,16,7
1778,622910,427,530,1754303789800,2025-08-04 16:06:29.800539+05:30,16,7
1779,623010,434,538,1754303789901,2025-08-04 16:06:29.901248+05:30,16,7
1780,623112,425,522,1754303790002,2025-08-04 16:06:30.002187+05:30,16,7
1781,623212,424,525,1754303790103,2025-08-04 16:06:30.103107+05:30,16,7
1782,623313,425,526,1754303790203,2025-08-04 16:06:30.203917+05:30,16,7
1783,623414,423,524,1754303790304,2025-08-04 16:06:30.304812+05:30,16,7
1784,623515,426,526,1754303790406,2025-08-04 16:06:30.406082+05:30,16,7
1785,623616,424,526,1754303790506,2025-08-04 16:06:30.506740+05:30,16,7
1786,623717,425,525,1754303790607,2025-08-04 16:06:30.607190+05:30,16,7
1787,623817,425,528,1754303790708,2025-08-04 16:06:30.707992+05:30,16,7
1788,623919,433,544,1754303790808,2025-08-04 16:06:30.808882+05:30,16,7
1789,624019,424,529,1754303790909,2025-08-04 16:06:30.909665+05:30,16,7
1790,624120,423,526,1754303791010,2025-08-04 16:06:31.010576+05:30,16,7
1791,624221,424,528,1754303791111,2025-08-04 16:06:31.111377+05:30,16,7
1792,624322,426,525,1754303791212,2025-08-04 16:06:31.212188+05:30,16,7
1793,624422,424,527,1754303791313,2025-08-04 16:06:31.313095+05:30,16,7
1794,624524,425,527,1754303791413,2025-08-04 16:06:31.413858+05:30,16,7
1795,624624,424,526,1754303791514,2025-08-04 16:06:31.514775+05:30,16,7
1796,624726,425,527,1754303791615,2025-08-04 16:06:31.615532+05:30,16,7
1797,624826,430,539,1754303791716,2025-08-04 16:06:31.716363+05:30,16,7
1798,624926,427,533,1754303791817,2025-08-04 16:06:31.817445+05:30,16,7
1799,625028,425,529,1754303791918,2025-08-04 16:06:31.918224+05:30,16,7
1800,625128,426,528,1754303792019,2025-08-04 16:06:32.019228+05:30,16,7
1801,625229,423,526,1754303792119,2025-08-04 16:06:32.119887+05:30,16,7
1802,625330,424,525,1754303792220,2025-08-04 16:06:32.220585+05:30,16,7
1803,625431,423,525,1754303792321,2025-08-04 16:06:32.321383+05:30,16,7
1804,625531,420,524,1754303792422,2025-08-04 16:06:32.422318+05:30,16,7
1805,625633,420,523,1754303792523,2025-08-04 16:06:32.523133+05:30,16,7
1806,625733,421,525,1754303792623,2025-08-04 16:06:32.623911+05:30,16,7
1807,625835,425,537,1754303792724,2025-08-04 16:06:32.724822+05:30,16,7
1808,625935,421,533,1754303792825,2025-08-04 16:06:32.825604+05:30,16,7
1809,626036,419,525,1754303792926,2025-08-04 16:06:32.926436+05:30,16,7
1810,626137,419,527,1754303793027,2025-08-04 16:06:33.027232+05:30,16,7
1811,626238,415,524,1754303793128,2025-08-04 16:06:33.128155+05:30,16,7
1812,626338,416,523,1754303793228,2025-08-04 16:06:33.228904+05:30,16,7
1813,626440,418,526,1754303793329,2025-08-04 16:06:33.329736+05:30,16,7
1814,626540,416,524,1754303793430,2025-08-04 16:06:33.430533+05:30,16,7
1815,626641,417,522,1754303793531,2025-08-04 16:06:33.531363+05:30,16,7
1816,626742,416,525,1754303793632,2025-08-04 16:06:33.632251+05:30,16,7
1817,626842,424,539,1754303793733,2025-08-04 16:06:33.733241+05:30,16,7
1818,626944,420,530,1754303793834,2025-08-04 16:06:33.834102+05:30,16,7
1819,627044,418,526,1754303793934,2025-08-04 16:06:33.934955+05:30,16,7
1820,627145,419,525,1754303794035,2025-08-04 16:06:34.035932+05:30,16,7
1821,627246,418,524,1754303794136,2025-08-04 16:06:34.136515+05:30,16,7
1822,627347,421,524,1754303794237,2025-08-04 16:06:34.237320+05:30,16,7
1823,627447,421,526,1754303794338,2025-08-04 16:06:34.338121+05:30,16,7
1824,627549,417,524,1754303794439,2025-08-04 16:06:34.439021+05:30,16,7
1825,627649,420,524,1754303794539,2025-08-04 16:06:34.539786+05:30,16,7
1826,627750,422,526,1754303794640,2025-08-04 16:06:34.640671+05:30,16,7
1827,627851,426,540,1754303794741,2025-08-04 16:06:34.741486+05:30,16,7
1828,627952,423,526,1754303794842,2025-08-04 16:06:34.842271+05:30,16,7
1829,628052,421,526,1754303794943,2025-08-04 16:06:34.943122+05:30,16,7
1830,628154,424,529,1754303795043,2025-08-04 16:06:35.043907+05:30,16,7
1831,628254,422,526,1754303795144,2025-08-04 16:06:35.144910+05:30,16,7
1832,628356,423,526,1754303795245,2025-08-04 16:06:35.245616+05:30,16,7
1833,628456,423,526,1754303795346,2025-08-04 16:06:35.346454+05:30,16,7
1834,628557,426,525,1754303795447,2025-08-04 16:06:35.447257+05:30,16,7
1835,628658,426,527,1754303795548,2025-08-04 16:06:35.548171+05:30,16,7
1836,628758,432,539,1754303795648,2025-08-04 16:06:35.648927+05:30,16,7
1837,628859,428,527,1754303795749,2025-08-04 16:06:35.749843+05:30,16,7
1838,628960,427,525,1754303795850,2025-08-04 16:06:35.850619+05:30,16,7
1839,629061,427,527,1754303795951,2025-08-04 16:06:35.951518+05:30,16,7
1840,629161,428,525,1754303796052,2025-08-04 16:06:36.052397+05:30,16,7
1841,629263,428,526,1754303796153,2025-08-04 16:06:36.153236+05:30,16,7
1842,629363,430,525,1754303796254,2025-08-04 16:06:36.254021+05:30,16,7
1843,629465,430,526,1754303796354,2025-08-04 16:06:36.354845+05:30,16,7
1844,629565,434,540,1754303796455,2025-08-04 16:06:36.455624+05:30,16,7
1845,629666,432,532,1754303796556,2025-08-04 16:06:36.556517+05:30,16,7
1846,629767,429,527,1754303796657,2025-08-04 16:06:36.657382+05:30,16,7
1847,629868,431,530,1754303796758,2025-08-04 16:06:36.758237+05:30,16,7
1848,629968,429,524,1754303796858,2025-08-04 16:06:36.858952+05:30,16,7
1849,630070,430,526,1754303796959,2025-08-04 16:06:36.959797+05:30,16,7
1850,630170,429,527,1754303797060,2025-08-04 16:06:37.060631+05:30,16,7
1851,630272,431,531,1754303797161,2025-08-04 16:06:37.161511+05:30,16,7
1852,630372,433,538,1754303797262,2025-08-04 16:06:37.262352+05:30,16,7
1853,630473,428,527,1754303797363,2025-08-04 16:06:37.363089+05:30,16,7
1854,630574,426,525,1754303797464,2025-08-04 16:06:37.464152+05:30,16,7
1855,630674,428,527,1754303797565,2025-08-04 16:06:37.565110+05:30,16,7
1856,630775,426,524,1754303797665,2025-08-04 16:06:37.665698+05:30,16,7
1857,630876,424,524,1754303797766,2025-08-04 16:06:37.766707+05:30,16,7
1858,630977,426,524,1754303797867,2025-08-04 16:06:37.867528+05:30,16,7
1859,631077,432,544,1754303797968,2025-08-04 16:06:37.968211+05:30,16,7
1860,631179,427,530,1754303798069,2025-08-04 16:06:38.069068+05:30,16,7
1861,631279,426,525,1754303798169,2025-08-04 16:06:38.169920+05:30,16,7
1862,631380,428,530,1754303798270,2025-08-04 16:06:38.270801+05:30,16,7
1863,631481,427,525,1754303798371,2025-08-04 16:06:38.371754+05:30,16,7
1864,631582,428,525,1754303798472,2025-08-04 16:06:38.472393+05:30,16,7
1865,631683,427,527,1754303798573,2025-08-04 16:06:38.573480+05:30,16,7
1866,631784,430,533,1754303798674,2025-08-04 16:06:38.674337+05:30,16,7
1867,631884,437,548,1754303798774,2025-08-04 16:06:38.774901+05:30,16,7
1868,631986,430,531,1754303798875,2025-08-04 16:06:38.875797+05:30,16,7
1869,632086,427,528,1754303798976,2025-08-04 16:06:38.976497+05:30,16,7
1870,632187,429,527,1754303799077,2025-08-04 16:06:39.077445+05:30,16,7
1871,632288,430,522,1754303799178,2025-08-04 16:06:39.178577+05:30,16,7
1872,632389,428,527,1754303799279,2025-08-04 16:06:39.279224+05:30,16,7
1873,632489,430,525,1754303799380,2025-08-04 16:06:39.379988+05:30,16,7
1874,632590,430,525,1754303799480,2025-08-04 16:06:39.480951+05:30,16,7
1875,632691,427,524,1754303799581,2025-08-04 16:06:39.581972+05:30,16,7
1876,632792,428,525,1754303799682,2025-08-04 16:06:39.682519+05:30,16,7
1877,632893,435,540,1754303799783,2025-08-04 16:06:39.783399+05:30,16,7
1878,632993,428,530,1754303799884,2025-08-04 16:06:39.884247+05:30,16,7
1879,633095,429,526,1754303799985,2025-08-04 16:06:39.985177+05:30,16,7
1880,633195,426,527,1754303800086,2025-08-04 16:06:40.085995+05:30,16,7
1881,633296,424,523,1754303800186,2025-08-04 16:06:40.186827+05:30,16,7
1882,633397,426,524,1754303800287,2025-08-04 16:06:40.287501+05:30,16,7
1883,633498,424,524,1754303800388,2025-08-04 16:06:40.388596+05:30,16,7
1884,633598,427,527,1754303800489,2025-08-04 16:06:40.489277+05:30,16,7
1885,633700,426,525,1754303800590,2025-08-04 16:06:40.590261+05:30,16,7
1886,633800,427,530,1754303800690,2025-08-04 16:06:40.690762+05:30,16,7
1887,633902,430,537,1754303800791,2025-08-04 16:06:40.791528+05:30,16,7
1888,634002,426,525,1754303800892,2025-08-04 16:06:40.892378+05:30,16,7
1889,634103,427,525,1754303800993,2025-08-04 16:06:40.993306+05:30,16,7
1890,634204,427,526,1754303801094,2025-08-04 16:06:41.093997+05:30,16,7
1891,634305,425,523,1754303801195,2025-08-04 16:06:41.195082+05:30,16,7
1892,634405,428,526,1754303801295,2025-08-04 16:06:41.295713+05:30,16,7
1893,634506,429,526,1754303801396,2025-08-04 16:06:41.396626+05:30,16,7
1894,634607,428,524,1754303801497,2025-08-04 16:06:41.497418+05:30,16,7
1895,634707,428,526,1754303801598,2025-08-04 16:06:41.598257+05:30,16,7
1896,634809,431,534,1754303801699,2025-08-04 16:06:41.699581+05:30,16,7
1897,634909,429,528,1754303801800,2025-08-04 16:06:41.800342+05:30,16,7
1898,635011,428,524,1754303801900,2025-08-04 16:06:41.900831+05:30,16,7
1899,635111,429,527,1754303802001,2025-08-04 16:06:42.001750+05:30,16,7
1900,635212,427,523,1754303802102,2025-08-04 16:06:42.102680+05:30,16,7
1901,635313,427,525,1754303802203,2025-08-04 16:06:42.203456+05:30,16,7
1902,635414,428,525,1754303802304,2025-08-04 16:06:42.304419+05:30,16,7
1903,635514,428,526,1754303802405,2025-08-04 16:06:42.405122+05:30,16,7
1904,635616,428,525,1754303802505,2025-08-04 16:06:42.505876+05:30,16,7
1905,635716,433,538,1754303802606,2025-08-04 16:06:42.606570+05:30,16,7
1906,635817,430,533,1754303802707,2025-08-04 16:06:42.707491+05:30,16,7
1907,635918,427,524,1754303802808,2025-08-04 16:06:42.808192+05:30,16,7
1908,636019,430,528,1754303802909,2025-08-04 16:06:42.909077+05:30,16,7
1909,636120,429,525,1754303803009,2025-08-04 16:06:43.009953+05:30,16,7
1910,636221,430,526,1754303803110,2025-08-04 16:06:43.110790+05:30,16,7
1911,636321,430,526,1754303803211,2025-08-04 16:06:43.211595+05:30,16,7
1912,636422,430,524,1754303803312,2025-08-04 16:06:43.312425+05:30,16,7
1913,636523,430,524,1754303803413,2025-08-04 16:06:43.413339+05:30,16,7
1914,636623,434,534,1754303803514,2025-08-04 16:06:43.514226+05:30,16,7
1915,636725,432,533,1754303803615,2025-08-04 16:06:43.614989+05:30,16,7
1916,636825,429,525,1754303803715,2025-08-04 16:06:43.715928+05:30,16,7
1917,636926,431,525,1754303803816,2025-08-04 16:06:43.816784+05:30,16,7
1918,637027,430,524,1754303803917,2025-08-04 16:06:43.917606+05:30,16,7
1919,637128,430,523,1754303804018,2025-08-04 16:06:44.018401+05:30,16,7
1920,637229,430,526,1754303804119,2025-08-04 16:06:44.119400+05:30,16,7
1921,637330,431,524,1754303804220,2025-08-04 16:06:44.220262+05:30,16,7
1922,637430,430,526,1754303804321,2025-08-04 16:06:44.321241+05:30,16,7
1923,637532,433,532,1754303804421,2025-08-04 16:06:44.421975+05:30,16,7
1924,637632,433,535,1754303804522,2025-08-04 16:06:44.522555+05:30,16,7
1925,637733,429,526,1754303804623,2025-08-04 16:06:44.623351+05:30,16,7
1926,637834,430,526,1754303804724,2025-08-04 16:06:44.724221+05:30,16,7
1927,637935,428,526,1754303804824,2025-08-04 16:06:44.824905+05:30,16,7
1928,638035,429,526,1754303804925,2025-08-04 16:06:44.925805+05:30,16,7
1929,638137,429,527,1754303805026,2025-08-04 16:06:45.026733+05:30,16,7
1930,638237,430,527,1754303805127,2025-08-04 16:06:45.127542+05:30,16,7
1931,638338,429,527,1754303805228,2025-08-04 16:06:45.228389+05:30,16,7
1932,638439,433,541,1754303805329,2025-08-04 16:06:45.329479+05:30,16,7
1933,638539,428,527,1754303805430,2025-08-04 16:06:45.430224+05:30,16,7
1934,638641,428,522,1754303805531,2025-08-04 16:06:45.531053+05:30,16,7
1935,638741,429,529,1754303805631,2025-08-04 16:06:45.631913+05:30,16,7
1936,638842,426,525,1754303805732,2025-08-04 16:06:45.732685+05:30,16,7
1937,638943,426,527,1754303805833,2025-08-04 16:06:45.833548+05:30,16,7
1938,639044,428,529,1754303805934,2025-08-04 16:06:45.934492+05:30,16,7
1939,639144,424,524,1754303806035,2025-08-04 16:06:46.035319+05:30,16,7
1940,639246,429,541,1754303806136,2025-08-04 16:06:46.136091+05:30,16,7
1941,639346,424,529,1754303806237,2025-08-04 16:06:46.237063+05:30,16,7
1942,639448,422,525,1754303806337,2025-08-04 16:06:46.337860+05:30,16,7
1943,639548,423,528,1754303806438,2025-08-04 16:06:46.438318+05:30,16,7
1944,639649,421,525,1754303806539,2025-08-04 16:06:46.539513+05:30,16,7
1945,639750,422,527,1754303806640,2025-08-04 16:06:46.640223+05:30,16,7
1946,639851,423,526,1754303806741,2025-08-04 16:06:46.741125+05:30,16,7
1947,639951,419,525,1754303806841,2025-08-04 16:06:46.841902+05:30,16,7
1948,640053,428,543,1754303806942,2025-08-04 16:06:46.942754+05:30,16,7
1949,640153,424,528,1754303807043,2025-08-04 16:06:47.043425+05:30,16,7
1950,640254,420,525,1754303807144,2025-08-04 16:06:47.144554+05:30,16,7
1951,640355,425,528,1754303807245,2025-08-04 16:06:47.245494+05:30,16,7
1952,640455,419,525,1754303807346,2025-08-04 16:06:47.346149+05:30,16,7
1953,640557,425,525,1754303807446,2025-08-04 16:06:47.446673+05:30,16,7
1954,640657,423,527,1754303807547,2025-08-04 16:06:47.547883+05:30,16,7
1955,640758,425,524,1754303807648,2025-08-04 16:06:47.648671+05:30,16,7
1956,640859,425,532,1754303807749,2025-08-04 16:06:47.749530+05:30,16,7
1957,640960,432,537,1754303807850,2025-08-04 16:06:47.850232+05:30,16,7
1958,641060,430,538,1754303807951,2025-08-04 16:06:47.951164+05:30,16,7
1959,641162,426,536,1754303808052,2025-08-04 16:06:48.052057+05:30,16,7
1960,641262,425,524,1754303808152,2025-08-04 16:06:48.152786+05:30,16,7
1961,641363,425,524,1754303808253,2025-08-04 16:06:48.253582+05:30,16,7
1962,641464,427,524,1754303808354,2025-08-04 16:06:48.354392+05:30,16,7
1963,641565,423,523,1754303808455,2025-08-04 16:06:48.455455+05:30,16,7
1964,641666,426,525,1754303808555,2025-08-04 16:06:48.555896+05:30,16,7
1965,641767,426,523,1754303808656,2025-08-04 16:06:48.656630+05:30,16,7
