,Time_series,GSR,HR,timestamp,time2,subject,video_id
0,918163,518,516,1754737677543,2025-08-09 16:37:57.543869+05:30,32,6
1,918263,519,512,1754737677644,2025-08-09 16:37:57.644821+05:30,32,6
2,918365,519,508,1754737677745,2025-08-09 16:37:57.745629+05:30,32,6
3,918465,522,509,1754737677846,2025-08-09 16:37:57.846392+05:30,32,6
4,918566,521,510,1754737677947,2025-08-09 16:37:57.947278+05:30,32,6
5,918667,521,516,1754737678048,2025-08-09 16:37:58.048056+05:30,32,6
6,918768,522,517,1754737678148,2025-08-09 16:37:58.148924+05:30,32,6
7,918868,522,517,1754737678249,2025-08-09 16:37:58.249784+05:30,32,6
8,918970,523,507,1754737678350,2025-08-09 16:37:58.350723+05:30,32,6
9,919070,522,511,1754737678451,2025-08-09 16:37:58.451526+05:30,32,6
10,919172,524,510,1754737678552,2025-08-09 16:37:58.552335+05:30,32,6
11,919272,522,509,1754737678653,2025-08-09 16:37:58.653120+05:30,32,6
12,919372,522,509,1754737678753,2025-08-09 16:37:58.753972+05:30,32,6
13,919474,522,510,1754737678854,2025-08-09 16:37:58.854810+05:30,32,6
14,919574,522,524,1754737678955,2025-08-09 16:37:58.955566+05:30,32,6
15,919675,521,512,1754737679056,2025-08-09 16:37:59.056427+05:30,32,6
16,919776,521,503,1754737679157,2025-08-09 16:37:59.157268+05:30,32,6
17,919877,520,516,1754737679258,2025-08-09 16:37:59.258113+05:30,32,6
18,919977,521,511,1754737679358,2025-08-09 16:37:59.358988+05:30,32,6
19,920079,521,508,1754737679459,2025-08-09 16:37:59.459823+05:30,32,6
20,920179,521,510,1754737679560,2025-08-09 16:37:59.560597+05:30,32,6
21,920281,520,514,1754737679661,2025-08-09 16:37:59.661494+05:30,32,6
22,920381,521,522,1754737679762,2025-08-09 16:37:59.762308+05:30,32,6
23,920482,523,508,1754737679863,2025-08-09 16:37:59.863161+05:30,32,6
24,920583,521,505,1754737679964,2025-08-09 16:37:59.964032+05:30,32,6
25,920684,521,517,1754737680064,2025-08-09 16:38:00.064852+05:30,32,6
26,920784,522,510,1754737680165,2025-08-09 16:38:00.165614+05:30,32,6
27,920886,522,508,1754737680266,2025-08-09 16:38:00.266475+05:30,32,6
28,920986,522,510,1754737680367,2025-08-09 16:38:00.367296+05:30,32,6
29,921088,521,509,1754737680468,2025-08-09 16:38:00.468099+05:30,32,6
30,921188,522,526,1754737680568,2025-08-09 16:38:00.568980+05:30,32,6
31,921288,524,512,1754737680669,2025-08-09 16:38:00.669872+05:30,32,6
32,921390,523,507,1754737680770,2025-08-09 16:38:00.770654+05:30,32,6
33,921490,524,513,1754737680871,2025-08-09 16:38:00.871484+05:30,32,6
34,921591,522,503,1754737680972,2025-08-09 16:38:00.972305+05:30,32,6
35,921692,522,515,1754737681073,2025-08-09 16:38:01.073277+05:30,32,6
36,921793,522,504,1754737681174,2025-08-09 16:38:01.174067+05:30,32,6
37,921893,523,525,1754737681274,2025-08-09 16:38:01.274926+05:30,32,6
38,921995,523,515,1754737681375,2025-08-09 16:38:01.375897+05:30,32,6
39,922095,522,508,1754737681476,2025-08-09 16:38:01.476578+05:30,32,6
40,922196,521,515,1754737681577,2025-08-09 16:38:01.577406+05:30,32,6
41,922297,523,508,1754737681678,2025-08-09 16:38:01.678199+05:30,32,6
42,922398,522,510,1754737681779,2025-08-09 16:38:01.779095+05:30,32,6
43,922499,520,513,1754737681879,2025-08-09 16:38:01.879862+05:30,32,6
44,922600,521,522,1754737681980,2025-08-09 16:38:01.980674+05:30,32,6
45,922700,522,515,1754737682081,2025-08-09 16:38:02.081570+05:30,32,6
46,922802,521,505,1754737682182,2025-08-09 16:38:02.182331+05:30,32,6
47,922902,522,509,1754737682283,2025-08-09 16:38:02.283223+05:30,32,6
48,923003,523,507,1754737682384,2025-08-09 16:38:02.384143+05:30,32,6
49,923104,523,510,1754737682484,2025-08-09 16:38:02.484881+05:30,32,6
50,923204,522,508,1754737682585,2025-08-09 16:38:02.585674+05:30,32,6
51,923305,523,518,1754737682686,2025-08-09 16:38:02.686519+05:30,32,6
52,923406,524,515,1754737682787,2025-08-09 16:38:02.787363+05:30,32,6
53,923507,523,504,1754737682888,2025-08-09 16:38:02.888235+05:30,32,6
54,923608,522,510,1754737682989,2025-08-09 16:38:02.989055+05:30,32,6
55,923709,521,516,1754737683089,2025-08-09 16:38:03.089900+05:30,32,6
56,923809,523,506,1754737683190,2025-08-09 16:38:03.190794+05:30,32,6
57,923911,523,509,1754737683291,2025-08-09 16:38:03.291554+05:30,32,6
58,924011,520,510,1754737683392,2025-08-09 16:38:03.392360+05:30,32,6
59,924112,521,517,1754737683493,2025-08-09 16:38:03.493263+05:30,32,6
60,924213,520,524,1754737683594,2025-08-09 16:38:03.594077+05:30,32,6
61,924314,520,505,1754737683694,2025-08-09 16:38:03.694916+05:30,32,6
62,924414,520,511,1754737683795,2025-08-09 16:38:03.795764+05:30,32,6
63,924516,520,512,1754737683896,2025-08-09 16:38:03.896650+05:30,32,6
64,924616,520,511,1754737683997,2025-08-09 16:38:03.997406+05:30,32,6
65,924718,519,514,1754737684098,2025-08-09 16:38:04.098330+05:30,32,6
66,924818,520,507,1754737684199,2025-08-09 16:38:04.199066+05:30,32,6
67,924919,520,516,1754737684299,2025-08-09 16:38:04.299990+05:30,32,6
68,925020,520,515,1754737684400,2025-08-09 16:38:04.400726+05:30,32,6
69,925120,518,507,1754737684501,2025-08-09 16:38:04.501566+05:30,32,6
70,925221,521,513,1754737684602,2025-08-09 16:38:04.602388+05:30,32,6
71,925322,522,506,1754737684703,2025-08-09 16:38:04.703405+05:30,32,6
72,925423,522,507,1754737684804,2025-08-09 16:38:04.804203+05:30,32,6
73,925523,523,511,1754737684905,2025-08-09 16:38:04.905002+05:30,32,6
74,925625,523,512,1754737685005,2025-08-09 16:38:05.005822+05:30,32,6
75,925725,525,515,1754737685106,2025-08-09 16:38:05.106634+05:30,32,6
76,925827,525,512,1754737685207,2025-08-09 16:38:05.207547+05:30,32,6
77,925927,525,509,1754737685308,2025-08-09 16:38:05.308322+05:30,32,6
78,926028,524,512,1754737685409,2025-08-09 16:38:05.409244+05:30,32,6
79,926129,524,513,1754737685510,2025-08-09 16:38:05.510104+05:30,32,6
80,926230,526,508,1754737685610,2025-08-09 16:38:05.610785+05:30,32,6
81,926330,523,507,1754737685711,2025-08-09 16:38:05.711637+05:30,32,6
82,926432,525,504,1754737685812,2025-08-09 16:38:05.812585+05:30,32,6
83,926532,521,518,1754737685913,2025-08-09 16:38:05.913394+05:30,32,6
84,926633,522,508,1754737686014,2025-08-09 16:38:06.014209+05:30,32,6
85,926734,521,511,1754737686115,2025-08-09 16:38:06.115025+05:30,32,6
86,926835,521,509,1754737686215,2025-08-09 16:38:06.215798+05:30,32,6
87,926936,521,511,1754737686316,2025-08-09 16:38:06.316656+05:30,32,6
88,927036,522,509,1754737686417,2025-08-09 16:38:06.417507+05:30,32,6
89,927137,521,512,1754737686518,2025-08-09 16:38:06.518353+05:30,32,6
90,927238,524,506,1754737686619,2025-08-09 16:38:06.619204+05:30,32,6
91,927339,522,520,1754737686720,2025-08-09 16:38:06.720051+05:30,32,6
92,927439,523,511,1754737686820,2025-08-09 16:38:06.820814+05:30,32,6
93,927541,522,510,1754737686921,2025-08-09 16:38:06.921699+05:30,32,6
94,927641,523,513,1754737687022,2025-08-09 16:38:07.022572+05:30,32,6
95,927742,522,514,1754737687123,2025-08-09 16:38:07.123377+05:30,32,6
96,927843,521,520,1754737687224,2025-08-09 16:38:07.224159+05:30,32,6
97,927944,520,514,1754737687325,2025-08-09 16:38:07.325024+05:30,32,6
98,928045,522,509,1754737687425,2025-08-09 16:38:07.425887+05:30,32,6
99,928146,521,523,1754737687526,2025-08-09 16:38:07.526709+05:30,32,6
100,928246,522,515,1754737687627,2025-08-09 16:38:07.627541+05:30,32,6
101,928348,521,506,1754737687728,2025-08-09 16:38:07.728368+05:30,32,6
102,928448,521,513,1754737687829,2025-08-09 16:38:07.829232+05:30,32,6
103,928549,520,512,1754737687930,2025-08-09 16:38:07.930074+05:30,32,6
104,928650,521,511,1754737688030,2025-08-09 16:38:08.030834+05:30,32,6
105,928751,522,509,1754737688131,2025-08-09 16:38:08.131705+05:30,32,6
106,928851,520,517,1754737688232,2025-08-09 16:38:08.232546+05:30,32,6
107,928952,520,522,1754737688333,2025-08-09 16:38:08.333369+05:30,32,6
108,929053,521,513,1754737688434,2025-08-09 16:38:08.434238+05:30,32,6
109,929154,520,509,1754737688535,2025-08-09 16:38:08.535084+05:30,32,6
110,929255,519,513,1754737688635,2025-08-09 16:38:08.635839+05:30,32,6
111,929355,519,511,1754737688736,2025-08-09 16:38:08.736726+05:30,32,6
112,929457,520,506,1754737688837,2025-08-09 16:38:08.837567+05:30,32,6
113,929557,519,514,1754737688938,2025-08-09 16:38:08.938418+05:30,32,6
114,929658,521,514,1754737689039,2025-08-09 16:38:09.039283+05:30,32,6
115,929759,522,516,1754737689140,2025-08-09 16:38:09.140065+05:30,32,6
116,929860,522,513,1754737689240,2025-08-09 16:38:09.240869+05:30,32,6
117,929960,522,509,1754737689341,2025-08-09 16:38:09.341699+05:30,32,6
118,930062,523,513,1754737689442,2025-08-09 16:38:09.442544+05:30,32,6
119,930162,523,507,1754737689543,2025-08-09 16:38:09.543359+05:30,32,6
120,930264,522,514,1754737689644,2025-08-09 16:38:09.644206+05:30,32,6
121,930364,524,515,1754737689745,2025-08-09 16:38:09.745147+05:30,32,6
122,930465,523,513,1754737689845,2025-08-09 16:38:09.845954+05:30,32,6
123,930566,524,520,1754737689946,2025-08-09 16:38:09.946847+05:30,32,6
124,930667,523,510,1754737690047,2025-08-09 16:38:10.047568+05:30,32,6
125,930767,522,510,1754737690148,2025-08-09 16:38:10.148568+05:30,32,6
126,930868,523,516,1754737690249,2025-08-09 16:38:10.249253+05:30,32,6
127,930969,524,510,1754737690350,2025-08-09 16:38:10.350177+05:30,32,6
128,931069,523,516,1754737690451,2025-08-09 16:38:10.451106+05:30,32,6
129,931171,522,508,1754737690551,2025-08-09 16:38:10.551962+05:30,32,6
130,931271,519,515,1754737690652,2025-08-09 16:38:10.652598+05:30,32,6
131,931373,520,519,1754737690753,2025-08-09 16:38:10.753437+05:30,32,6
132,931473,520,512,1754737690854,2025-08-09 16:38:10.854309+05:30,32,6
133,931574,520,513,1754737690955,2025-08-09 16:38:10.955231+05:30,32,6
134,931675,521,507,1754737691055,2025-08-09 16:38:11.055925+05:30,32,6
135,931776,520,510,1754737691156,2025-08-09 16:38:11.156781+05:30,32,6
136,931876,522,509,1754737691257,2025-08-09 16:38:11.257722+05:30,32,6
137,931978,521,516,1754737691358,2025-08-09 16:38:11.358523+05:30,32,6
138,932078,522,524,1754737691459,2025-08-09 16:38:11.459351+05:30,32,6
139,932179,522,509,1754737691560,2025-08-09 16:38:11.560140+05:30,32,6
140,932280,524,509,1754737691661,2025-08-09 16:38:11.661018+05:30,32,6
141,932381,523,509,1754737691761,2025-08-09 16:38:11.761728+05:30,32,6
142,932482,523,515,1754737691862,2025-08-09 16:38:11.862597+05:30,32,6
143,932583,525,509,1754737691963,2025-08-09 16:38:11.963484+05:30,32,6
144,932683,523,511,1754737692064,2025-08-09 16:38:12.064288+05:30,32,6
145,932784,523,513,1754737692165,2025-08-09 16:38:12.165156+05:30,32,6
146,932885,525,520,1754737692265,2025-08-09 16:38:12.265963+05:30,32,6
147,932985,524,510,1754737692366,2025-08-09 16:38:12.366827+05:30,32,6
148,933087,523,509,1754737692467,2025-08-09 16:38:12.467678+05:30,32,6
149,933187,523,512,1754737692568,2025-08-09 16:38:12.568829+05:30,32,6
150,933288,525,502,1754737692669,2025-08-09 16:38:12.669420+05:30,32,6
151,933389,522,512,1754737692770,2025-08-09 16:38:12.770321+05:30,32,6
152,933490,523,510,1754737692871,2025-08-09 16:38:12.871204+05:30,32,6
153,933591,523,514,1754737692972,2025-08-09 16:38:12.972034+05:30,32,6
154,933692,522,520,1754737693072,2025-08-09 16:38:13.072734+05:30,32,6
155,933792,521,517,1754737693173,2025-08-09 16:38:13.173579+05:30,32,6
156,933894,522,505,1754737693274,2025-08-09 16:38:13.274402+05:30,32,6
157,933994,523,511,1754737693375,2025-08-09 16:38:13.375365+05:30,32,6
158,934095,521,512,1754737693476,2025-08-09 16:38:13.476090+05:30,32,6
159,934196,521,508,1754737693576,2025-08-09 16:38:13.576918+05:30,32,6
160,934297,522,510,1754737693677,2025-08-09 16:38:13.677782+05:30,32,6
161,934397,524,524,1754737693778,2025-08-09 16:38:13.778523+05:30,32,6
162,934499,523,519,1754737693879,2025-08-09 16:38:13.879361+05:30,32,6
163,934599,523,507,1754737693980,2025-08-09 16:38:13.980208+05:30,32,6
164,934700,523,512,1754737694081,2025-08-09 16:38:14.081020+05:30,32,6
165,934801,526,501,1754737694181,2025-08-09 16:38:14.181829+05:30,32,6
166,934901,526,503,1754737694282,2025-08-09 16:38:14.282820+05:30,32,6
167,935003,527,507,1754737694383,2025-08-09 16:38:14.383622+05:30,32,6
168,935103,526,508,1754737694484,2025-08-09 16:38:14.484532+05:30,32,6
169,935204,529,507,1754737694585,2025-08-09 16:38:14.585440+05:30,32,6
170,935305,529,507,1754737694686,2025-08-09 16:38:14.686104+05:30,32,6
171,935406,529,512,1754737694786,2025-08-09 16:38:14.786953+05:30,32,6
172,935506,531,507,1754737694887,2025-08-09 16:38:14.887783+05:30,32,6
173,935608,529,514,1754737694988,2025-08-09 16:38:14.988642+05:30,32,6
174,935708,529,514,1754737695089,2025-08-09 16:38:15.089452+05:30,32,6
175,935810,528,516,1754737695190,2025-08-09 16:38:15.190311+05:30,32,6
176,935910,530,512,1754737695291,2025-08-09 16:38:15.291140+05:30,32,6
177,936011,531,518,1754737695392,2025-08-09 16:38:15.392017+05:30,32,6
178,936112,528,512,1754737695492,2025-08-09 16:38:15.492821+05:30,32,6
179,936213,528,510,1754737695593,2025-08-09 16:38:15.593517+05:30,32,6
180,936313,528,515,1754737695694,2025-08-09 16:38:15.694492+05:30,32,6
181,936415,528,508,1754737695795,2025-08-09 16:38:15.795313+05:30,32,6
182,936515,529,509,1754737695896,2025-08-09 16:38:15.896075+05:30,32,6
183,936615,529,514,1754737695996,2025-08-09 16:38:15.996864+05:30,32,6
184,936717,529,512,1754737696097,2025-08-09 16:38:16.097737+05:30,32,6
185,936817,530,520,1754737696198,2025-08-09 16:38:16.198612+05:30,32,6
186,936919,530,507,1754737696299,2025-08-09 16:38:16.299542+05:30,32,6
187,937019,529,507,1754737696400,2025-08-09 16:38:16.400275+05:30,32,6
188,937120,533,514,1754737696501,2025-08-09 16:38:16.501087+05:30,32,6
189,937221,532,509,1754737696601,2025-08-09 16:38:16.601973+05:30,32,6
190,937322,534,510,1754737696702,2025-08-09 16:38:16.702845+05:30,32,6
191,937422,531,513,1754737696803,2025-08-09 16:38:16.803587+05:30,32,6
192,937524,528,525,1754737696904,2025-08-09 16:38:16.904499+05:30,32,6
193,937624,530,515,1754737697005,2025-08-09 16:38:17.005333+05:30,32,6
194,937725,527,510,1754737697106,2025-08-09 16:38:17.106150+05:30,32,6
195,937826,527,515,1754737697206,2025-08-09 16:38:17.206939+05:30,32,6
196,937927,527,509,1754737697307,2025-08-09 16:38:17.307764+05:30,32,6
197,938028,526,511,1754737697408,2025-08-09 16:38:17.408588+05:30,32,6
198,938129,526,510,1754737697509,2025-08-09 16:38:17.509562+05:30,32,6
199,938229,525,520,1754737697610,2025-08-09 16:38:17.610360+05:30,32,6
200,938331,526,517,1754737697711,2025-08-09 16:38:17.711151+05:30,32,6
201,938431,526,509,1754737697812,2025-08-09 16:38:17.812011+05:30,32,6
202,938531,525,511,1754737697912,2025-08-09 16:38:17.912852+05:30,32,6
203,938633,528,509,1754737698013,2025-08-09 16:38:18.013772+05:30,32,6
204,938733,527,508,1754737698114,2025-08-09 16:38:18.114542+05:30,32,6
205,938834,527,512,1754737698215,2025-08-09 16:38:18.215366+05:30,32,6
206,938935,526,514,1754737698316,2025-08-09 16:38:18.316109+05:30,32,6
207,939036,526,522,1754737698416,2025-08-09 16:38:18.416984+05:30,32,6
208,939137,525,512,1754737698517,2025-08-09 16:38:18.517828+05:30,32,6
209,939238,526,506,1754737698618,2025-08-09 16:38:18.618753+05:30,32,6
210,939338,529,509,1754737698719,2025-08-09 16:38:18.719475+05:30,32,6
211,939440,526,510,1754737698820,2025-08-09 16:38:18.820353+05:30,32,6
212,939540,527,510,1754737698921,2025-08-09 16:38:18.921198+05:30,32,6
213,939641,528,508,1754737699021,2025-08-09 16:38:19.021979+05:30,32,6
214,939742,527,520,1754737699122,2025-08-09 16:38:19.122872+05:30,32,6
215,939843,528,522,1754737699223,2025-08-09 16:38:19.223676+05:30,32,6
216,939943,528,508,1754737699324,2025-08-09 16:38:19.324552+05:30,32,6
217,940045,528,512,1754737699425,2025-08-09 16:38:19.425362+05:30,32,6
218,940145,527,514,1754737699526,2025-08-09 16:38:19.526140+05:30,32,6
219,940247,527,508,1754737699627,2025-08-09 16:38:19.627070+05:30,32,6
220,940347,525,512,1754737699727,2025-08-09 16:38:19.727885+05:30,32,6
221,940447,526,509,1754737699828,2025-08-09 16:38:19.828654+05:30,32,6
222,940549,525,524,1754737699929,2025-08-09 16:38:19.929558+05:30,32,6
223,940649,526,516,1754737700030,2025-08-09 16:38:20.030424+05:30,32,6
224,940750,528,505,1754737700131,2025-08-09 16:38:20.131175+05:30,32,6
225,940851,526,508,1754737700232,2025-08-09 16:38:20.232058+05:30,32,6
226,940952,525,512,1754737700332,2025-08-09 16:38:20.332842+05:30,32,6
227,941052,527,509,1754737700433,2025-08-09 16:38:20.433741+05:30,32,6
228,941154,527,509,1754737700534,2025-08-09 16:38:20.534597+05:30,32,6
229,941254,527,513,1754737700635,2025-08-09 16:38:20.635653+05:30,32,6
230,941356,528,514,1754737700736,2025-08-09 16:38:20.736350+05:30,32,6
231,941456,526,513,1754737700837,2025-08-09 16:38:20.837204+05:30,32,6
232,941557,526,507,1754737700938,2025-08-09 16:38:20.938042+05:30,32,6
233,941658,527,513,1754737701038,2025-08-09 16:38:21.038849+05:30,32,6
234,941759,527,509,1754737701139,2025-08-09 16:38:21.139825+05:30,32,6
235,941859,528,503,1754737701240,2025-08-09 16:38:21.240457+05:30,32,6
236,941961,528,509,1754737701341,2025-08-09 16:38:21.341261+05:30,32,6
237,942061,528,517,1754737701442,2025-08-09 16:38:21.442042+05:30,32,6
238,942162,528,519,1754737701542,2025-08-09 16:38:21.542907+05:30,32,6
239,942263,529,507,1754737701643,2025-08-09 16:38:21.643718+05:30,32,6
240,942363,528,513,1754737701744,2025-08-09 16:38:21.744524+05:30,32,6
241,942465,527,512,1754737701845,2025-08-09 16:38:21.845439+05:30,32,6
242,942565,527,512,1754737701946,2025-08-09 16:38:21.946270+05:30,32,6
243,942666,527,507,1754737702047,2025-08-09 16:38:22.047116+05:30,32,6
244,942767,527,512,1754737702147,2025-08-09 16:38:22.147930+05:30,32,6
245,942868,526,524,1754737702248,2025-08-09 16:38:22.248803+05:30,32,6
246,942968,526,513,1754737702349,2025-08-09 16:38:22.349581+05:30,32,6
247,943070,526,509,1754737702450,2025-08-09 16:38:22.450504+05:30,32,6
248,943170,526,510,1754737702551,2025-08-09 16:38:22.551256+05:30,32,6
249,943271,526,516,1754737702652,2025-08-09 16:38:22.652078+05:30,32,6
250,943372,526,510,1754737702752,2025-08-09 16:38:22.752922+05:30,32,6
251,943473,526,513,1754737702853,2025-08-09 16:38:22.853787+05:30,32,6
252,943574,527,517,1754737702954,2025-08-09 16:38:22.954741+05:30,32,6
253,943675,528,515,1754737703055,2025-08-09 16:38:23.055602+05:30,32,6
254,943775,528,507,1754737703156,2025-08-09 16:38:23.156413+05:30,32,6
255,943877,527,516,1754737703257,2025-08-09 16:38:23.257242+05:30,32,6
256,943977,528,510,1754737703358,2025-08-09 16:38:23.358116+05:30,32,6
257,944078,527,510,1754737703458,2025-08-09 16:38:23.458942+05:30,32,6
258,944179,532,505,1754737703559,2025-08-09 16:38:23.559806+05:30,32,6
259,944279,530,513,1754737703660,2025-08-09 16:38:23.660512+05:30,32,6
260,944380,531,512,1754737703761,2025-08-09 16:38:23.761255+05:30,32,6
261,944481,533,509,1754737703862,2025-08-09 16:38:23.862111+05:30,32,6
262,944582,533,510,1754737703962,2025-08-09 16:38:23.962986+05:30,32,6
263,944683,533,510,1754737704063,2025-08-09 16:38:24.063842+05:30,32,6
264,944784,532,515,1754737704164,2025-08-09 16:38:24.164660+05:30,32,6
265,944884,532,513,1754737704265,2025-08-09 16:38:24.265489+05:30,32,6
266,944986,532,518,1754737704366,2025-08-09 16:38:24.366330+05:30,32,6
267,945086,533,512,1754737704467,2025-08-09 16:38:24.467289+05:30,32,6
268,945187,533,507,1754737704568,2025-08-09 16:38:24.568136+05:30,32,6
269,945288,530,518,1754737704669,2025-08-09 16:38:24.668990+05:30,32,6
270,945389,528,515,1754737704769,2025-08-09 16:38:24.769771+05:30,32,6
271,945489,530,514,1754737704870,2025-08-09 16:38:24.870724+05:30,32,6
272,945591,529,508,1754737704971,2025-08-09 16:38:24.971494+05:30,32,6
273,945691,528,530,1754737705072,2025-08-09 16:38:25.072177+05:30,32,6
274,945793,529,510,1754737705172,2025-08-09 16:38:25.172966+05:30,32,6
275,945893,528,507,1754737705273,2025-08-09 16:38:25.273841+05:30,32,6
276,945994,524,517,1754737705374,2025-08-09 16:38:25.374689+05:30,32,6
277,946095,524,512,1754737705475,2025-08-09 16:38:25.475533+05:30,32,6
278,946195,524,513,1754737705576,2025-08-09 16:38:25.576308+05:30,32,6
279,946296,524,513,1754737705677,2025-08-09 16:38:25.677166+05:30,32,6
280,946397,525,519,1754737705778,2025-08-09 16:38:25.778200+05:30,32,6
281,946498,527,507,1754737705879,2025-08-09 16:38:25.879035+05:30,32,6
282,946598,529,508,1754737705979,2025-08-09 16:38:25.979967+05:30,32,6
283,946700,527,515,1754737706080,2025-08-09 16:38:26.080765+05:30,32,6
284,946800,526,509,1754737706181,2025-08-09 16:38:26.181451+05:30,32,6
285,946902,525,508,1754737706282,2025-08-09 16:38:26.282287+05:30,32,6
286,947002,526,519,1754737706383,2025-08-09 16:38:26.383205+05:30,32,6
287,947103,526,512,1754737706484,2025-08-09 16:38:26.484172+05:30,32,6
288,947204,528,504,1754737706584,2025-08-09 16:38:26.584800+05:30,32,6
289,947305,527,515,1754737706685,2025-08-09 16:38:26.685704+05:30,32,6
290,947405,526,513,1754737706786,2025-08-09 16:38:26.786505+05:30,32,6
291,947507,529,509,1754737706887,2025-08-09 16:38:26.887394+05:30,32,6
292,947607,527,511,1754737706988,2025-08-09 16:38:26.988223+05:30,32,6
293,947708,529,518,1754737707088,2025-08-09 16:38:27.088964+05:30,32,6
294,947809,524,522,1754737707189,2025-08-09 16:38:27.189855+05:30,32,6
295,947910,525,508,1754737707290,2025-08-09 16:38:27.290748+05:30,32,6
296,948011,524,512,1754737707391,2025-08-09 16:38:27.391544+05:30,32,6
297,948111,524,515,1754737707492,2025-08-09 16:38:27.492316+05:30,32,6
298,948212,523,510,1754737707593,2025-08-09 16:38:27.593304+05:30,32,6
299,948313,523,509,1754737707694,2025-08-09 16:38:27.694069+05:30,32,6
300,948414,523,517,1754737707794,2025-08-09 16:38:27.794937+05:30,32,6
301,948514,524,523,1754737707895,2025-08-09 16:38:27.895879+05:30,32,6
302,948616,525,516,1754737707996,2025-08-09 16:38:27.996369+05:30,32,6
303,948716,523,512,1754737708097,2025-08-09 16:38:28.097278+05:30,32,6
304,948817,523,516,1754737708198,2025-08-09 16:38:28.198052+05:30,32,6
305,948918,523,510,1754737708298,2025-08-09 16:38:28.298933+05:30,32,6
306,949019,524,508,1754737708399,2025-08-09 16:38:28.399871+05:30,32,6
307,949120,524,509,1754737708500,2025-08-09 16:38:28.500610+05:30,32,6
308,949221,522,516,1754737708601,2025-08-09 16:38:28.601622+05:30,32,6
309,949321,525,519,1754737708702,2025-08-09 16:38:28.702366+05:30,32,6
310,949423,522,511,1754737708803,2025-08-09 16:38:28.803064+05:30,32,6
311,949523,524,511,1754737708903,2025-08-09 16:38:28.903943+05:30,32,6
312,949624,521,515,1754737709004,2025-08-09 16:38:29.004745+05:30,32,6
313,949725,523,509,1754737709105,2025-08-09 16:38:29.105663+05:30,32,6
314,949826,523,507,1754737709206,2025-08-09 16:38:29.206470+05:30,32,6
315,949926,522,513,1754737709307,2025-08-09 16:38:29.307262+05:30,32,6
316,950027,522,512,1754737709408,2025-08-09 16:38:29.408132+05:30,32,6
317,950128,521,518,1754737709508,2025-08-09 16:38:29.508974+05:30,32,6
318,950228,520,514,1754737709609,2025-08-09 16:38:29.609798+05:30,32,6
319,950330,520,513,1754737709710,2025-08-09 16:38:29.710653+05:30,32,6
320,950430,521,514,1754737709811,2025-08-09 16:38:29.811524+05:30,32,6
321,950532,520,514,1754737709912,2025-08-09 16:38:29.912321+05:30,32,6
322,950632,520,506,1754737710013,2025-08-09 16:38:30.013119+05:30,32,6
323,950733,521,510,1754737710114,2025-08-09 16:38:30.114011+05:30,32,6
324,950834,522,512,1754737710214,2025-08-09 16:38:30.214830+05:30,32,6
325,950935,523,524,1754737710315,2025-08-09 16:38:30.315764+05:30,32,6
326,951035,522,510,1754737710416,2025-08-09 16:38:30.416523+05:30,32,6
327,951137,523,510,1754737710517,2025-08-09 16:38:30.517351+05:30,32,6
328,951237,523,507,1754737710618,2025-08-09 16:38:30.618133+05:30,32,6
329,951339,523,511,1754737710718,2025-08-09 16:38:30.718986+05:30,32,6
330,951439,523,508,1754737710819,2025-08-09 16:38:30.819873+05:30,32,6
331,951540,524,506,1754737710920,2025-08-09 16:38:30.920709+05:30,32,6
332,951641,522,511,1754737711021,2025-08-09 16:38:31.021493+05:30,32,6
333,951742,524,520,1754737711122,2025-08-09 16:38:31.122388+05:30,32,6
334,951842,523,515,1754737711223,2025-08-09 16:38:31.223185+05:30,32,6
335,951943,522,507,1754737711324,2025-08-09 16:38:31.324040+05:30,32,6
336,952044,521,510,1754737711424,2025-08-09 16:38:31.424891+05:30,32,6
337,952144,522,514,1754737711525,2025-08-09 16:38:31.525684+05:30,32,6
338,952246,521,510,1754737711626,2025-08-09 16:38:31.626498+05:30,32,6
339,952346,521,511,1754737711727,2025-08-09 16:38:31.727380+05:30,32,6
340,952448,522,510,1754737711828,2025-08-09 16:38:31.828191+05:30,32,6
341,952548,523,522,1754737711928,2025-08-09 16:38:31.928970+05:30,32,6
342,952649,522,515,1754737712029,2025-08-09 16:38:32.029906+05:30,32,6
343,952750,522,511,1754737712130,2025-08-09 16:38:32.130811+05:30,32,6
344,952851,522,513,1754737712231,2025-08-09 16:38:32.231694+05:30,32,6
345,952951,522,509,1754737712332,2025-08-09 16:38:32.332513+05:30,32,6
346,953053,522,507,1754737712433,2025-08-09 16:38:32.433301+05:30,32,6
347,953153,522,512,1754737712534,2025-08-09 16:38:32.534066+05:30,32,6
348,953254,524,514,1754737712634,2025-08-09 16:38:32.634954+05:30,32,6
349,953355,525,520,1754737712735,2025-08-09 16:38:32.735901+05:30,32,6
350,953456,524,513,1754737712836,2025-08-09 16:38:32.836546+05:30,32,6
351,953556,525,502,1754737712937,2025-08-09 16:38:32.937410+05:30,32,6
352,953658,524,515,1754737713038,2025-08-09 16:38:33.038244+05:30,32,6
353,953758,525,509,1754737713139,2025-08-09 16:38:33.139073+05:30,32,6
354,953859,524,509,1754737713239,2025-08-09 16:38:33.239921+05:30,32,6
355,953960,524,509,1754737713340,2025-08-09 16:38:33.340807+05:30,32,6
356,954060,525,514,1754737713441,2025-08-09 16:38:33.441556+05:30,32,6
357,954162,523,522,1754737713542,2025-08-09 16:38:33.542410+05:30,32,6
358,954262,522,512,1754737713643,2025-08-09 16:38:33.643221+05:30,32,6
359,954363,522,509,1754737713744,2025-08-09 16:38:33.744136+05:30,32,6
360,954464,521,516,1754737713844,2025-08-09 16:38:33.844905+05:30,32,6
361,954565,520,509,1754737713945,2025-08-09 16:38:33.945908+05:30,32,6
362,954665,522,509,1754737714046,2025-08-09 16:38:34.046592+05:30,32,6
363,954767,522,507,1754737714147,2025-08-09 16:38:34.147426+05:30,32,6
364,954867,521,517,1754737714248,2025-08-09 16:38:34.248252+05:30,32,6
365,954969,522,521,1754737714349,2025-08-09 16:38:34.349206+05:30,32,6
366,955069,521,505,1754737714449,2025-08-09 16:38:34.449934+05:30,32,6
367,955170,521,511,1754737714550,2025-08-09 16:38:34.550889+05:30,32,6
368,955271,525,508,1754737714651,2025-08-09 16:38:34.651886+05:30,32,6
369,955372,524,512,1754737714752,2025-08-09 16:38:34.752472+05:30,32,6
370,955472,520,508,1754737714853,2025-08-09 16:38:34.853310+05:30,32,6
371,955574,522,514,1754737714954,2025-08-09 16:38:34.954077+05:30,32,6
372,955674,523,524,1754737715054,2025-08-09 16:38:35.054933+05:30,32,6
373,955774,523,519,1754737715155,2025-08-09 16:38:35.155857+05:30,32,6
374,955876,523,509,1754737715256,2025-08-09 16:38:35.256666+05:30,32,6
375,955976,524,510,1754737715357,2025-08-09 16:38:35.357417+05:30,32,6
376,956078,523,515,1754737715458,2025-08-09 16:38:35.458370+05:30,32,6
377,956178,524,507,1754737715559,2025-08-09 16:38:35.559228+05:30,32,6
378,956279,524,511,1754737715660,2025-08-09 16:38:35.660092+05:30,32,6
379,956380,523,515,1754737715760,2025-08-09 16:38:35.760965+05:30,32,6
380,956481,522,524,1754737715861,2025-08-09 16:38:35.861722+05:30,32,6
381,956581,523,512,1754737715962,2025-08-09 16:38:35.962475+05:30,32,6
382,956683,524,507,1754737716063,2025-08-09 16:38:36.063347+05:30,32,6
383,956783,523,514,1754737716164,2025-08-09 16:38:36.164241+05:30,32,6
384,956884,524,510,1754737716265,2025-08-09 16:38:36.265002+05:30,32,6
385,956985,521,509,1754737716365,2025-08-09 16:38:36.365909+05:30,32,6
386,957086,522,514,1754737716466,2025-08-09 16:38:36.466688+05:30,32,6
387,957187,522,520,1754737716567,2025-08-09 16:38:36.567487+05:30,32,6
388,957288,524,517,1754737716668,2025-08-09 16:38:36.668332+05:30,32,6
389,957388,522,511,1754737716769,2025-08-09 16:38:36.769147+05:30,32,6
390,957490,522,500,1754737716869,2025-08-09 16:38:36.869978+05:30,32,6
391,957590,522,519,1754737716970,2025-08-09 16:38:36.970828+05:30,32,6
392,957690,522,506,1754737717071,2025-08-09 16:38:37.071702+05:30,32,6
393,957792,524,513,1754737717172,2025-08-09 16:38:37.172491+05:30,32,6
394,957892,523,509,1754737717273,2025-08-09 16:38:37.273302+05:30,32,6
395,957993,524,517,1754737717374,2025-08-09 16:38:37.374222+05:30,32,6
396,958094,523,523,1754737717475,2025-08-09 16:38:37.475058+05:30,32,6
397,958195,525,508,1754737717575,2025-08-09 16:38:37.575868+05:30,32,6
398,958296,524,509,1754737717676,2025-08-09 16:38:37.676696+05:30,32,6
399,958397,525,514,1754737717777,2025-08-09 16:38:37.777528+05:30,32,6
400,958497,525,509,1754737717878,2025-08-09 16:38:37.878384+05:30,32,6
401,958599,525,511,1754737717979,2025-08-09 16:38:37.979310+05:30,32,6
402,958699,525,510,1754737718080,2025-08-09 16:38:38.080144+05:30,32,6
403,958800,525,523,1754737718181,2025-08-09 16:38:38.181094+05:30,32,6
404,958901,524,510,1754737718281,2025-08-09 16:38:38.281837+05:30,32,6
405,959002,525,510,1754737718382,2025-08-09 16:38:38.382791+05:30,32,6
406,959102,523,509,1754737718483,2025-08-09 16:38:38.483485+05:30,32,6
407,959204,526,510,1754737718584,2025-08-09 16:38:38.584326+05:30,32,6
408,959304,522,510,1754737718685,2025-08-09 16:38:38.685231+05:30,32,6
409,959406,522,510,1754737718786,2025-08-09 16:38:38.785992+05:30,32,6
410,959506,522,524,1754737718886,2025-08-09 16:38:38.886899+05:30,32,6
411,959606,524,513,1754737718987,2025-08-09 16:38:38.987648+05:30,32,6
412,959708,523,510,1754737719088,2025-08-09 16:38:39.088481+05:30,32,6
413,959808,523,512,1754737719189,2025-08-09 16:38:39.189414+05:30,32,6
414,959909,523,507,1754737719290,2025-08-09 16:38:39.290212+05:30,32,6
415,960010,523,512,1754737719391,2025-08-09 16:38:39.391082+05:30,32,6
416,960111,524,513,1754737719491,2025-08-09 16:38:39.491863+05:30,32,6
417,960211,525,517,1754737719592,2025-08-09 16:38:39.592728+05:30,32,6
418,960313,524,523,1754737719693,2025-08-09 16:38:39.693526+05:30,32,6
419,960413,524,513,1754737719794,2025-08-09 16:38:39.794391+05:30,32,6
420,960515,526,507,1754737719895,2025-08-09 16:38:39.895184+05:30,32,6
421,960615,525,516,1754737719996,2025-08-09 16:38:39.996037+05:30,32,6
422,960716,525,509,1754737720096,2025-08-09 16:38:40.096942+05:30,32,6
423,960817,524,512,1754737720197,2025-08-09 16:38:40.197661+05:30,32,6
424,960918,526,509,1754737720298,2025-08-09 16:38:40.298611+05:30,32,6
425,961018,525,517,1754737720399,2025-08-09 16:38:40.399560+05:30,32,6
426,961120,525,522,1754737720500,2025-08-09 16:38:40.500188+05:30,32,6
427,961220,524,511,1754737720601,2025-08-09 16:38:40.601024+05:30,32,6
428,961321,522,513,1754737720701,2025-08-09 16:38:40.701898+05:30,32,6
429,961422,523,510,1754737720802,2025-08-09 16:38:40.802649+05:30,32,6
430,961522,525,513,1754737720903,2025-08-09 16:38:40.903469+05:30,32,6
431,961624,525,506,1754737721004,2025-08-09 16:38:41.004323+05:30,32,6
432,961724,523,510,1754737721105,2025-08-09 16:38:41.105125+05:30,32,6
433,961825,522,520,1754737721206,2025-08-09 16:38:41.206024+05:30,32,6
434,961926,522,519,1754737721306,2025-08-09 16:38:41.306904+05:30,32,6
435,962027,524,507,1754737721407,2025-08-09 16:38:41.407671+05:30,32,6
436,962127,521,513,1754737721508,2025-08-09 16:38:41.508474+05:30,32,6
437,962229,522,512,1754737721609,2025-08-09 16:38:41.609337+05:30,32,6
438,962329,524,507,1754737721710,2025-08-09 16:38:41.710290+05:30,32,6
439,962430,523,510,1754737721811,2025-08-09 16:38:41.810996+05:30,32,6
440,962531,525,501,1754737721911,2025-08-09 16:38:41.911868+05:30,32,6
441,962632,526,519,1754737722012,2025-08-09 16:38:42.012790+05:30,32,6
442,962733,527,512,1754737722113,2025-08-09 16:38:42.113567+05:30,32,6
443,962834,526,507,1754737722214,2025-08-09 16:38:42.214596+05:30,32,6
444,962934,527,513,1754737722315,2025-08-09 16:38:42.315466+05:30,32,6
445,963036,528,507,1754737722416,2025-08-09 16:38:42.416152+05:30,32,6
446,963136,526,510,1754737722517,2025-08-09 16:38:42.517131+05:30,32,6
447,963237,527,511,1754737722617,2025-08-09 16:38:42.617932+05:30,32,6
448,963338,526,517,1754737722718,2025-08-09 16:38:42.718693+05:30,32,6
449,963438,527,512,1754737722819,2025-08-09 16:38:42.819436+05:30,32,6
450,963539,527,511,1754737722920,2025-08-09 16:38:42.920488+05:30,32,6
451,963640,525,513,1754737723021,2025-08-09 16:38:43.021254+05:30,32,6
452,963741,526,516,1754737723122,2025-08-09 16:38:43.122078+05:30,32,6
453,963842,525,508,1754737723222,2025-08-09 16:38:43.222788+05:30,32,6
454,963943,525,512,1754737723323,2025-08-09 16:38:43.323753+05:30,32,6
455,964043,525,507,1754737723424,2025-08-09 16:38:43.424487+05:30,32,6
456,964145,524,520,1754737723525,2025-08-09 16:38:43.525364+05:30,32,6
457,964245,526,520,1754737723626,2025-08-09 16:38:43.626215+05:30,32,6
458,964346,524,513,1754737723727,2025-08-09 16:38:43.727228+05:30,32,6
459,964447,524,511,1754737723827,2025-08-09 16:38:43.827761+05:30,32,6
460,964548,525,513,1754737723928,2025-08-09 16:38:43.928568+05:30,32,6
461,964648,524,506,1754737724029,2025-08-09 16:38:44.029408+05:30,32,6
462,964750,525,513,1754737724130,2025-08-09 16:38:44.130229+05:30,32,6
463,964850,526,508,1754737724231,2025-08-09 16:38:44.231052+05:30,32,6
464,964952,527,514,1754737724331,2025-08-09 16:38:44.331861+05:30,32,6
465,965052,528,513,1754737724432,2025-08-09 16:38:44.432774+05:30,32,6
466,965153,526,509,1754737724533,2025-08-09 16:38:44.533628+05:30,32,6
467,965254,525,512,1754737724634,2025-08-09 16:38:44.634366+05:30,32,6
468,965354,526,510,1754737724735,2025-08-09 16:38:44.735228+05:30,32,6
469,965455,525,513,1754737724836,2025-08-09 16:38:44.836070+05:30,32,6
470,965556,526,506,1754737724936,2025-08-09 16:38:44.936895+05:30,32,6
471,965657,525,518,1754737725037,2025-08-09 16:38:45.037775+05:30,32,6
472,965757,525,523,1754737725138,2025-08-09 16:38:45.138624+05:30,32,6
473,965859,525,510,1754737725239,2025-08-09 16:38:45.239447+05:30,32,6
474,965959,525,512,1754737725340,2025-08-09 16:38:45.340368+05:30,32,6
475,966061,525,512,1754737725441,2025-08-09 16:38:45.441192+05:30,32,6
476,966161,525,508,1754737725542,2025-08-09 16:38:45.542006+05:30,32,6
477,966262,525,508,1754737725642,2025-08-09 16:38:45.642818+05:30,32,6
478,966363,525,510,1754737725743,2025-08-09 16:38:45.743589+05:30,32,6
479,966464,525,523,1754737725844,2025-08-09 16:38:45.844443+05:30,32,6
480,966564,524,518,1754737725945,2025-08-09 16:38:45.945383+05:30,32,6
481,966666,523,511,1754737726046,2025-08-09 16:38:46.046161+05:30,32,6
482,966766,523,511,1754737726146,2025-08-09 16:38:46.146961+05:30,32,6
483,966867,525,509,1754737726247,2025-08-09 16:38:46.247848+05:30,32,6
484,966968,524,509,1754737726348,2025-08-09 16:38:46.348733+05:30,32,6
485,967069,525,508,1754737726449,2025-08-09 16:38:46.449487+05:30,32,6
486,967170,524,511,1754737726550,2025-08-09 16:38:46.550349+05:30,32,6
487,967270,524,522,1754737726651,2025-08-09 16:38:46.651204+05:30,32,6
488,967371,524,507,1754737726752,2025-08-09 16:38:46.752065+05:30,32,6
489,967472,525,514,1754737726852,2025-08-09 16:38:46.852855+05:30,32,6
490,967573,525,512,1754737726953,2025-08-09 16:38:46.953805+05:30,32,6
491,967673,526,510,1754737727054,2025-08-09 16:38:47.054496+05:30,32,6
492,967775,525,512,1754737727155,2025-08-09 16:38:47.155384+05:30,32,6
493,967875,527,511,1754737727256,2025-08-09 16:38:47.256147+05:30,32,6
494,967976,528,510,1754737727356,2025-08-09 16:38:47.356964+05:30,32,6
495,968077,526,523,1754737727457,2025-08-09 16:38:47.457847+05:30,32,6
496,968178,526,513,1754737727558,2025-08-09 16:38:47.558654+05:30,32,6
497,968279,527,512,1754737727659,2025-08-09 16:38:47.659501+05:30,32,6
498,968380,526,510,1754737727760,2025-08-09 16:38:47.760302+05:30,32,6
499,968480,525,509,1754737727861,2025-08-09 16:38:47.861158+05:30,32,6
500,968582,527,507,1754737727962,2025-08-09 16:38:47.962032+05:30,32,6
501,968682,524,511,1754737728062,2025-08-09 16:38:48.062843+05:30,32,6
502,968783,524,521,1754737728163,2025-08-09 16:38:48.163738+05:30,32,6
503,968884,525,518,1754737728264,2025-08-09 16:38:48.264549+05:30,32,6
504,968985,524,506,1754737728365,2025-08-09 16:38:48.365342+05:30,32,6
505,969085,523,516,1754737728466,2025-08-09 16:38:48.466282+05:30,32,6
506,969186,523,512,1754737728567,2025-08-09 16:38:48.567056+05:30,32,6
507,969287,523,511,1754737728667,2025-08-09 16:38:48.667987+05:30,32,6
508,969388,527,501,1754737728768,2025-08-09 16:38:48.768761+05:30,32,6
509,969489,525,512,1754737728869,2025-08-09 16:38:48.869534+05:30,32,6
510,969589,523,518,1754737728970,2025-08-09 16:38:48.970542+05:30,32,6
511,969691,525,514,1754737729071,2025-08-09 16:38:49.071438+05:30,32,6
512,969791,524,510,1754737729172,2025-08-09 16:38:49.172237+05:30,32,6
513,969892,525,511,1754737729273,2025-08-09 16:38:49.273122+05:30,32,6
514,969993,525,506,1754737729373,2025-08-09 16:38:49.373988+05:30,32,6
515,970094,525,511,1754737729474,2025-08-09 16:38:49.474778+05:30,32,6
516,970194,525,506,1754737729575,2025-08-09 16:38:49.575600+05:30,32,6
517,970296,527,506,1754737729676,2025-08-09 16:38:49.676386+05:30,32,6
518,970396,526,515,1754737729777,2025-08-09 16:38:49.777366+05:30,32,6
519,970498,527,520,1754737729878,2025-08-09 16:38:49.878105+05:30,32,6
520,970598,527,509,1754737729978,2025-08-09 16:38:49.978887+05:30,32,6
521,970699,526,509,1754737730079,2025-08-09 16:38:50.079826+05:30,32,6
522,970800,526,512,1754737730180,2025-08-09 16:38:50.180664+05:30,32,6
523,970901,525,510,1754737730281,2025-08-09 16:38:50.281328+05:30,32,6
524,971001,526,507,1754737730382,2025-08-09 16:38:50.382190+05:30,32,6
525,971102,525,515,1754737730483,2025-08-09 16:38:50.483030+05:30,32,6
526,971203,525,520,1754737730583,2025-08-09 16:38:50.583925+05:30,32,6
527,971303,525,518,1754737730684,2025-08-09 16:38:50.684778+05:30,32,6
528,971405,524,507,1754737730785,2025-08-09 16:38:50.785757+05:30,32,6
529,971505,522,516,1754737730886,2025-08-09 16:38:50.886447+05:30,32,6
530,971607,524,514,1754737730987,2025-08-09 16:38:50.987268+05:30,32,6
531,971707,526,508,1754737731088,2025-08-09 16:38:51.088132+05:30,32,6
532,971808,527,503,1754737731188,2025-08-09 16:38:51.188950+05:30,32,6
533,971909,523,513,1754737731289,2025-08-09 16:38:51.289741+05:30,32,6
534,972010,526,516,1754737731390,2025-08-09 16:38:51.390476+05:30,32,6
535,972110,524,521,1754737731491,2025-08-09 16:38:51.491257+05:30,32,6
536,972212,526,512,1754737731592,2025-08-09 16:38:51.592111+05:30,32,6
537,972312,525,511,1754737731692,2025-08-09 16:38:51.692924+05:30,32,6
538,972413,525,510,1754737731793,2025-08-09 16:38:51.793805+05:30,32,6
539,972514,526,510,1754737731894,2025-08-09 16:38:51.894637+05:30,32,6
540,972615,526,516,1754737731995,2025-08-09 16:38:51.995488+05:30,32,6
541,972716,527,510,1754737732096,2025-08-09 16:38:52.096401+05:30,32,6
542,972817,527,515,1754737732197,2025-08-09 16:38:52.197199+05:30,32,6
543,972917,527,521,1754737732297,2025-08-09 16:38:52.297972+05:30,32,6
544,973018,527,511,1754737732398,2025-08-09 16:38:52.398859+05:30,32,6
545,973119,528,513,1754737732499,2025-08-09 16:38:52.499664+05:30,32,6
546,973219,526,512,1754737732600,2025-08-09 16:38:52.600492+05:30,32,6
547,973321,527,512,1754737732701,2025-08-09 16:38:52.701294+05:30,32,6
548,973421,525,512,1754737732802,2025-08-09 16:38:52.802190+05:30,32,6
549,973522,526,502,1754737732903,2025-08-09 16:38:52.903101+05:30,32,6
550,973623,525,520,1754737733003,2025-08-09 16:38:53.003859+05:30,32,6
551,973724,526,515,1754737733104,2025-08-09 16:38:53.104676+05:30,32,6
552,973825,526,509,1754737733205,2025-08-09 16:38:53.205487+05:30,32,6
553,973926,525,513,1754737733306,2025-08-09 16:38:53.306353+05:30,32,6
554,974026,525,513,1754737733407,2025-08-09 16:38:53.407172+05:30,32,6
555,974128,526,506,1754737733508,2025-08-09 16:38:53.508107+05:30,32,6
556,974228,526,511,1754737733608,2025-08-09 16:38:53.608897+05:30,32,6
557,974329,526,516,1754737733709,2025-08-09 16:38:53.709786+05:30,32,6
558,974430,526,519,1754737733810,2025-08-09 16:38:53.810474+05:30,32,6
559,974531,526,512,1754737733911,2025-08-09 16:38:53.911411+05:30,32,6
560,974631,527,504,1754737734012,2025-08-09 16:38:54.012191+05:30,32,6
561,974733,526,509,1754737734113,2025-08-09 16:38:54.113044+05:30,32,6
562,974833,526,507,1754737734213,2025-08-09 16:38:54.213847+05:30,32,6
563,974934,527,510,1754737734314,2025-08-09 16:38:54.314674+05:30,32,6
564,975035,528,509,1754737734415,2025-08-09 16:38:54.415527+05:30,32,6
565,975135,528,518,1754737734516,2025-08-09 16:38:54.516527+05:30,32,6
566,975237,531,514,1754737734617,2025-08-09 16:38:54.617280+05:30,32,6
567,975337,528,504,1754737734718,2025-08-09 16:38:54.718191+05:30,32,6
568,975438,526,513,1754737734818,2025-08-09 16:38:54.818966+05:30,32,6
569,975539,527,512,1754737734919,2025-08-09 16:38:54.919791+05:30,32,6
570,975640,528,509,1754737735020,2025-08-09 16:38:55.020527+05:30,32,6
571,975740,527,508,1754737735121,2025-08-09 16:38:55.121426+05:30,32,6
572,975842,526,516,1754737735222,2025-08-09 16:38:55.222220+05:30,32,6
573,975942,526,518,1754737735323,2025-08-09 16:38:55.323092+05:30,32,6
574,976044,526,508,1754737735423,2025-08-09 16:38:55.423930+05:30,32,6
575,976144,525,511,1754737735524,2025-08-09 16:38:55.524751+05:30,32,6
576,976245,524,509,1754737735625,2025-08-09 16:38:55.625642+05:30,32,6
577,976346,526,509,1754737735726,2025-08-09 16:38:55.726471+05:30,32,6
578,976447,525,507,1754737735827,2025-08-09 16:38:55.827199+05:30,32,6
579,976547,525,515,1754737735928,2025-08-09 16:38:55.928270+05:30,32,6
580,976649,526,518,1754737736029,2025-08-09 16:38:56.029062+05:30,32,6
581,976749,524,512,1754737736129,2025-08-09 16:38:56.129895+05:30,32,6
582,976849,527,508,1754737736230,2025-08-09 16:38:56.230565+05:30,32,6
583,976951,526,512,1754737736331,2025-08-09 16:38:56.331452+05:30,32,6
584,977051,526,514,1754737736432,2025-08-09 16:38:56.432370+05:30,32,6
585,977153,528,511,1754737736533,2025-08-09 16:38:56.533096+05:30,32,6
586,977253,526,517,1754737736633,2025-08-09 16:38:56.633975+05:30,32,6
587,977354,526,515,1754737736734,2025-08-09 16:38:56.734758+05:30,32,6
588,977455,527,512,1754737736835,2025-08-09 16:38:56.835659+05:30,32,6
589,977556,527,506,1754737736936,2025-08-09 16:38:56.936487+05:30,32,6
590,977656,527,514,1754737737037,2025-08-09 16:38:57.037314+05:30,32,6
591,977758,527,505,1754737737138,2025-08-09 16:38:57.138208+05:30,32,6
592,977858,526,514,1754737737239,2025-08-09 16:38:57.238995+05:30,32,6
593,977959,527,514,1754737737339,2025-08-09 16:38:57.339870+05:30,32,6
594,978060,527,520,1754737737440,2025-08-09 16:38:57.440696+05:30,32,6
595,978161,526,512,1754737737541,2025-08-09 16:38:57.541567+05:30,32,6
596,978262,527,510,1754737737642,2025-08-09 16:38:57.642318+05:30,32,6
597,978363,525,512,1754737737743,2025-08-09 16:38:57.743137+05:30,32,6
598,978463,525,513,1754737737843,2025-08-09 16:38:57.843971+05:30,32,6
599,978565,525,512,1754737737944,2025-08-09 16:38:57.944806+05:30,32,6
600,978665,524,511,1754737738045,2025-08-09 16:38:58.045672+05:30,32,6
601,978765,524,514,1754737738146,2025-08-09 16:38:58.146535+05:30,32,6
602,978867,524,519,1754737738247,2025-08-09 16:38:58.247359+05:30,32,6
603,978967,525,512,1754737738348,2025-08-09 16:38:58.348153+05:30,32,6
604,979068,527,510,1754737738448,2025-08-09 16:38:58.448977+05:30,32,6
605,979169,525,513,1754737738549,2025-08-09 16:38:58.549950+05:30,32,6
606,979270,525,508,1754737738650,2025-08-09 16:38:58.650712+05:30,32,6
607,979371,526,511,1754737738751,2025-08-09 16:38:58.751556+05:30,32,6
608,979472,528,511,1754737738852,2025-08-09 16:38:58.852317+05:30,32,6
609,979572,527,506,1754737738953,2025-08-09 16:38:58.953234+05:30,32,6
610,979674,525,523,1754737739054,2025-08-09 16:38:59.054085+05:30,32,6
611,979774,526,514,1754737739154,2025-08-09 16:38:59.154817+05:30,32,6
612,979875,527,513,1754737739255,2025-08-09 16:38:59.255676+05:30,32,6
613,979976,528,510,1754737739356,2025-08-09 16:38:59.356552+05:30,32,6
614,980077,526,512,1754737739457,2025-08-09 16:38:59.457335+05:30,32,6
615,980177,528,508,1754737739558,2025-08-09 16:38:59.558222+05:30,32,6
616,980279,526,514,1754737739659,2025-08-09 16:38:59.659054+05:30,32,6
617,980379,527,510,1754737739759,2025-08-09 16:38:59.759887+05:30,32,6
618,980481,527,513,1754737739860,2025-08-09 16:38:59.860702+05:30,32,6
619,980581,526,519,1754737739961,2025-08-09 16:38:59.961591+05:30,32,6
620,980681,526,509,1754737740062,2025-08-09 16:39:00.062351+05:30,32,6
621,980783,525,513,1754737740163,2025-08-09 16:39:00.163224+05:30,32,6
622,980883,526,511,1754737740264,2025-08-09 16:39:00.264070+05:30,32,6
623,980984,525,513,1754737740364,2025-08-09 16:39:00.364898+05:30,32,6
624,981085,524,508,1754737740465,2025-08-09 16:39:00.465706+05:30,32,6
625,981186,525,514,1754737740566,2025-08-09 16:39:00.566537+05:30,32,6
626,981286,524,506,1754737740667,2025-08-09 16:39:00.667376+05:30,32,6
627,981388,525,513,1754737740768,2025-08-09 16:39:00.768320+05:30,32,6
628,981488,526,513,1754737740869,2025-08-09 16:39:00.869032+05:30,32,6
629,981590,523,509,1754737740969,2025-08-09 16:39:00.969914+05:30,32,6
630,981690,524,513,1754737741070,2025-08-09 16:39:01.070726+05:30,32,6
631,981791,525,510,1754737741171,2025-08-09 16:39:01.171536+05:30,32,6
632,981892,525,510,1754737741272,2025-08-09 16:39:01.272376+05:30,32,6
633,981993,526,505,1754737741373,2025-08-09 16:39:01.373204+05:30,32,6
634,982093,525,513,1754737741474,2025-08-09 16:39:01.474058+05:30,32,6
635,982195,526,512,1754737741574,2025-08-09 16:39:01.574862+05:30,32,6
636,982295,526,514,1754737741675,2025-08-09 16:39:01.675768+05:30,32,6
637,982396,526,520,1754737741776,2025-08-09 16:39:01.776616+05:30,32,6
638,982497,527,512,1754737741877,2025-08-09 16:39:01.877506+05:30,32,6
639,982598,525,511,1754737741978,2025-08-09 16:39:01.978238+05:30,32,6
640,982699,526,515,1754737742079,2025-08-09 16:39:02.079100+05:30,32,6
641,982799,525,506,1754737742179,2025-08-09 16:39:02.179929+05:30,32,6
642,982900,527,512,1754737742280,2025-08-09 16:39:02.280743+05:30,32,6
643,983001,528,508,1754737742381,2025-08-09 16:39:02.381618+05:30,32,6
644,983102,526,511,1754737742482,2025-08-09 16:39:02.482440+05:30,32,6
645,983202,527,509,1754737742583,2025-08-09 16:39:02.583340+05:30,32,6
646,983304,525,516,1754737742684,2025-08-09 16:39:02.684156+05:30,32,6
647,983404,528,506,1754737742784,2025-08-09 16:39:02.784973+05:30,32,6
648,983505,524,512,1754737742885,2025-08-09 16:39:02.885777+05:30,32,6
649,983606,525,513,1754737742986,2025-08-09 16:39:02.986603+05:30,32,6
650,983707,524,513,1754737743087,2025-08-09 16:39:03.087521+05:30,32,6
651,983808,524,513,1754737743188,2025-08-09 16:39:03.188324+05:30,32,6
652,983909,525,514,1754737743289,2025-08-09 16:39:03.289238+05:30,32,6
653,984009,525,509,1754737743389,2025-08-09 16:39:03.389967+05:30,32,6
654,984111,525,518,1754737743490,2025-08-09 16:39:03.490897+05:30,32,6
655,984211,526,518,1754737743591,2025-08-09 16:39:03.591662+05:30,32,6
656,984312,527,507,1754737743692,2025-08-09 16:39:03.692643+05:30,32,6
657,984413,526,514,1754737743793,2025-08-09 16:39:03.793391+05:30,32,6
658,984514,526,513,1754737743894,2025-08-09 16:39:03.894114+05:30,32,6
659,984614,526,508,1754737743994,2025-08-09 16:39:03.994953+05:30,32,6
660,984715,527,513,1754737744095,2025-08-09 16:39:04.095944+05:30,32,6
661,984816,528,509,1754737744196,2025-08-09 16:39:04.196698+05:30,32,6
662,984916,527,516,1754737744297,2025-08-09 16:39:04.297581+05:30,32,6
663,985018,528,521,1754737744398,2025-08-09 16:39:04.398320+05:30,32,6
664,985118,528,506,1754737744499,2025-08-09 16:39:04.499176+05:30,32,6
665,985220,528,511,1754737744600,2025-08-09 16:39:04.600022+05:30,32,6
666,985320,527,514,1754737744700,2025-08-09 16:39:04.700902+05:30,32,6
667,985421,528,506,1754737744801,2025-08-09 16:39:04.801660+05:30,32,6
668,985522,526,511,1754737744902,2025-08-09 16:39:04.902650+05:30,32,6
669,985623,524,508,1754737745003,2025-08-09 16:39:05.003331+05:30,32,6
670,985723,527,507,1754737745104,2025-08-09 16:39:05.104196+05:30,32,6
671,985825,525,518,1754737745205,2025-08-09 16:39:05.205094+05:30,32,6
672,985925,524,518,1754737745305,2025-08-09 16:39:05.305882+05:30,32,6
673,986027,525,508,1754737745406,2025-08-09 16:39:05.406699+05:30,32,6
674,986127,525,514,1754737745507,2025-08-09 16:39:05.507507+05:30,32,6
675,986228,526,511,1754737745608,2025-08-09 16:39:05.608366+05:30,32,6
676,986329,525,506,1754737745709,2025-08-09 16:39:05.709179+05:30,32,6
677,986430,526,511,1754737745810,2025-08-09 16:39:05.810052+05:30,32,6
678,986530,526,512,1754737745911,2025-08-09 16:39:05.911012+05:30,32,6
679,986631,528,515,1754737746011,2025-08-09 16:39:06.011810+05:30,32,6
680,986732,527,517,1754737746112,2025-08-09 16:39:06.112636+05:30,32,6
681,986832,527,513,1754737746213,2025-08-09 16:39:06.213483+05:30,32,6
682,986934,527,510,1754737746314,2025-08-09 16:39:06.314307+05:30,32,6
683,987034,528,511,1754737746415,2025-08-09 16:39:06.415055+05:30,32,6
684,987136,528,509,1754737746515,2025-08-09 16:39:06.515964+05:30,32,6
685,987236,527,511,1754737746616,2025-08-09 16:39:06.616889+05:30,32,6
686,987337,527,515,1754737746717,2025-08-09 16:39:06.717798+05:30,32,6
687,987438,529,515,1754737746818,2025-08-09 16:39:06.818485+05:30,32,6
688,987539,529,519,1754737746919,2025-08-09 16:39:06.919307+05:30,32,6
689,987639,529,509,1754737747020,2025-08-09 16:39:07.020219+05:30,32,6
690,987741,527,507,1754737747120,2025-08-09 16:39:07.120980+05:30,32,6
691,987841,527,513,1754737747222,2025-08-09 16:39:07.222049+05:30,32,6
692,987942,527,507,1754737747322,2025-08-09 16:39:07.322811+05:30,32,6
693,988043,528,510,1754737747423,2025-08-09 16:39:07.423433+05:30,32,6
694,988144,527,509,1754737747524,2025-08-09 16:39:07.524353+05:30,32,6
695,988244,527,516,1754737747625,2025-08-09 16:39:07.625196+05:30,32,6
696,988346,526,522,1754737747726,2025-08-09 16:39:07.726019+05:30,32,6
697,988446,525,509,1754737747826,2025-08-09 16:39:07.826810+05:30,32,6
698,988547,525,513,1754737747927,2025-08-09 16:39:07.927814+05:30,32,6
699,988648,525,513,1754737748028,2025-08-09 16:39:08.028609+05:30,32,6
700,988748,526,509,1754737748129,2025-08-09 16:39:08.129383+05:30,32,6
701,988850,525,509,1754737748230,2025-08-09 16:39:08.230200+05:30,32,6
702,988950,526,514,1754737748331,2025-08-09 16:39:08.331091+05:30,32,6
703,989051,526,516,1754737748431,2025-08-09 16:39:08.431800+05:30,32,6
704,989152,528,517,1754737748532,2025-08-09 16:39:08.532642+05:30,32,6
705,989253,529,502,1754737748633,2025-08-09 16:39:08.633502+05:30,32,6
706,989353,525,514,1754737748734,2025-08-09 16:39:08.734355+05:30,32,6
707,989455,528,507,1754737748835,2025-08-09 16:39:08.835131+05:30,32,6
708,989555,530,510,1754737748935,2025-08-09 16:39:08.935956+05:30,32,6
709,989657,528,510,1754737749036,2025-08-09 16:39:09.036831+05:30,32,6
710,989757,529,508,1754737749137,2025-08-09 16:39:09.137632+05:30,32,6
711,989858,528,521,1754737749238,2025-08-09 16:39:09.238450+05:30,32,6
712,989959,529,512,1754737749339,2025-08-09 16:39:09.339392+05:30,32,6
713,990060,529,508,1754737749440,2025-08-09 16:39:09.440203+05:30,32,6
714,990160,526,507,1754737749540,2025-08-09 16:39:09.540973+05:30,32,6
715,990262,527,506,1754737749641,2025-08-09 16:39:09.641891+05:30,32,6
716,990362,527,506,1754737749742,2025-08-09 16:39:09.742626+05:30,32,6
717,990462,526,506,1754737749843,2025-08-09 16:39:09.843495+05:30,32,6
718,990564,527,507,1754737749944,2025-08-09 16:39:09.944355+05:30,32,6
719,990664,527,526,1754737750045,2025-08-09 16:39:10.045152+05:30,32,6
720,990766,527,510,1754737750146,2025-08-09 16:39:10.146035+05:30,32,6
721,990866,525,514,1754737750246,2025-08-09 16:39:10.246815+05:30,32,6
722,990967,525,514,1754737750347,2025-08-09 16:39:10.347794+05:30,32,6
723,991068,526,511,1754737750448,2025-08-09 16:39:10.448485+05:30,32,6
724,991169,525,513,1754737750549,2025-08-09 16:39:10.549330+05:30,32,6
725,991269,527,509,1754737750650,2025-08-09 16:39:10.650183+05:30,32,6
726,991371,526,512,1754737750751,2025-08-09 16:39:10.750999+05:30,32,6
727,991471,527,523,1754737750851,2025-08-09 16:39:10.851885+05:30,32,6
728,991572,528,510,1754737750952,2025-08-09 16:39:10.952706+05:30,32,6
729,991673,526,506,1754737751053,2025-08-09 16:39:11.053547+05:30,32,6
730,991774,528,514,1754737751154,2025-08-09 16:39:11.154412+05:30,32,6
731,991875,528,509,1754737751255,2025-08-09 16:39:11.255177+05:30,32,6
732,991976,528,511,1754737751356,2025-08-09 16:39:11.356052+05:30,32,6
733,992076,528,509,1754737751456,2025-08-09 16:39:11.456861+05:30,32,6
734,992178,528,520,1754737751557,2025-08-09 16:39:11.557674+05:30,32,6
735,992278,528,511,1754737751658,2025-08-09 16:39:11.658549+05:30,32,6
736,992378,529,507,1754737751759,2025-08-09 16:39:11.759482+05:30,32,6
737,992480,527,515,1754737751860,2025-08-09 16:39:11.860189+05:30,32,6
738,992580,528,514,1754737751961,2025-08-09 16:39:11.961110+05:30,32,6
739,992681,527,511,1754737752061,2025-08-09 16:39:12.061908+05:30,32,6
740,992782,526,515,1754737752162,2025-08-09 16:39:12.162801+05:30,32,6
741,992883,527,524,1754737752263,2025-08-09 16:39:12.263691+05:30,32,6
742,992984,527,512,1754737752364,2025-08-09 16:39:12.364404+05:30,32,6
743,993085,530,505,1754737752465,2025-08-09 16:39:12.465233+05:30,32,6
744,993185,526,514,1754737752566,2025-08-09 16:39:12.566193+05:30,32,6
745,993287,525,509,1754737752666,2025-08-09 16:39:12.666966+05:30,32,6
746,993387,527,506,1754737752767,2025-08-09 16:39:12.767750+05:30,32,6
747,993488,526,516,1754737752868,2025-08-09 16:39:12.868556+05:30,32,6
748,993589,526,518,1754737752969,2025-08-09 16:39:12.969474+05:30,32,6
749,993690,526,508,1754737753070,2025-08-09 16:39:13.070268+05:30,32,6
750,993790,527,513,1754737753171,2025-08-09 16:39:13.171088+05:30,32,6
751,993892,526,514,1754737753271,2025-08-09 16:39:13.271937+05:30,32,6
752,993992,526,514,1754737753373,2025-08-09 16:39:13.373065+05:30,32,6
753,994094,527,510,1754737753473,2025-08-09 16:39:13.473778+05:30,32,6
754,994194,528,513,1754737753574,2025-08-09 16:39:13.574722+05:30,32,6
755,994294,529,521,1754737753675,2025-08-09 16:39:13.675498+05:30,32,6
756,994396,527,517,1754737753776,2025-08-09 16:39:13.776293+05:30,32,6
757,994496,528,515,1754737753877,2025-08-09 16:39:13.877165+05:30,32,6
758,994597,527,515,1754737753977,2025-08-09 16:39:13.977961+05:30,32,6
759,994698,525,510,1754737754078,2025-08-09 16:39:14.078782+05:30,32,6
760,994799,526,509,1754737754179,2025-08-09 16:39:14.179459+05:30,32,6
761,994899,527,516,1754737754280,2025-08-09 16:39:14.280332+05:30,32,6
762,995001,525,516,1754737754381,2025-08-09 16:39:14.381118+05:30,32,6
763,995101,525,518,1754737754481,2025-08-09 16:39:14.481931+05:30,32,6
764,995203,524,524,1754737754582,2025-08-09 16:39:14.582777+05:30,32,6
765,995303,524,508,1754737754683,2025-08-09 16:39:14.683680+05:30,32,6
766,995404,524,513,1754737754784,2025-08-09 16:39:14.784452+05:30,32,6
767,995505,528,514,1754737754885,2025-08-09 16:39:14.885430+05:30,32,6
768,995606,526,511,1754737754986,2025-08-09 16:39:14.986093+05:30,32,6
769,995706,524,512,1754737755087,2025-08-09 16:39:15.087021+05:30,32,6
770,995808,522,517,1754737755187,2025-08-09 16:39:15.187863+05:30,32,6
771,995908,524,521,1754737755288,2025-08-09 16:39:15.288738+05:30,32,6
772,996009,524,512,1754737755389,2025-08-09 16:39:15.389599+05:30,32,6
773,996110,523,512,1754737755490,2025-08-09 16:39:15.490331+05:30,32,6
774,996210,523,514,1754737755591,2025-08-09 16:39:15.591147+05:30,32,6
775,996312,524,508,1754737755692,2025-08-09 16:39:15.692089+05:30,32,6
776,996412,523,511,1754737755792,2025-08-09 16:39:15.792890+05:30,32,6
777,996513,525,510,1754737755893,2025-08-09 16:39:15.893661+05:30,32,6
778,996614,525,516,1754737755994,2025-08-09 16:39:15.994509+05:30,32,6
779,996715,526,521,1754737756095,2025-08-09 16:39:16.095349+05:30,32,6
780,996815,525,512,1754737756196,2025-08-09 16:39:16.196195+05:30,32,6
781,996917,525,510,1754737756297,2025-08-09 16:39:16.297031+05:30,32,6
782,997017,525,511,1754737756398,2025-08-09 16:39:16.398023+05:30,32,6
783,997118,525,510,1754737756498,2025-08-09 16:39:16.498789+05:30,32,6
784,997219,527,512,1754737756599,2025-08-09 16:39:16.599578+05:30,32,6
785,997320,526,509,1754737756700,2025-08-09 16:39:16.700543+05:30,32,6
786,997421,525,513,1754737756801,2025-08-09 16:39:16.801171+05:30,32,6
787,997522,524,522,1754737756902,2025-08-09 16:39:16.902145+05:30,32,6
788,997622,524,513,1754737757003,2025-08-09 16:39:17.003031+05:30,32,6
789,997724,524,511,1754737757103,2025-08-09 16:39:17.103860+05:30,32,6
790,997824,524,510,1754737757204,2025-08-09 16:39:17.204605+05:30,32,6
791,997925,524,513,1754737757305,2025-08-09 16:39:17.305488+05:30,32,6
792,998026,525,509,1754737757406,2025-08-09 16:39:17.406283+05:30,32,6
793,998126,524,513,1754737757507,2025-08-09 16:39:17.507165+05:30,32,6
794,998227,524,513,1754737757608,2025-08-09 16:39:17.608033+05:30,32,6
795,998328,526,515,1754737757708,2025-08-09 16:39:17.708880+05:30,32,6
796,998429,524,517,1754737757809,2025-08-09 16:39:17.809755+05:30,32,6
797,998530,523,512,1754737757910,2025-08-09 16:39:17.910563+05:30,32,6
798,998631,524,511,1754737758011,2025-08-09 16:39:18.011433+05:30,32,6
799,998731,525,513,1754737758112,2025-08-09 16:39:18.112032+05:30,32,6
800,998833,524,510,1754737758212,2025-08-09 16:39:18.212919+05:30,32,6
801,998933,525,506,1754737758313,2025-08-09 16:39:18.313717+05:30,32,6
802,999034,525,509,1754737758414,2025-08-09 16:39:18.414545+05:30,32,6
803,999135,526,507,1754737758515,2025-08-09 16:39:18.515406+05:30,32,6
804,999236,525,522,1754737758616,2025-08-09 16:39:18.616222+05:30,32,6
805,999336,527,509,1754737758717,2025-08-09 16:39:18.717082+05:30,32,6
806,999438,526,509,1754737758817,2025-08-09 16:39:18.817902+05:30,32,6
807,999538,526,514,1754737758918,2025-08-09 16:39:18.918711+05:30,32,6
808,999640,529,509,1754737759019,2025-08-09 16:39:19.019593+05:30,32,6
809,999740,527,512,1754737759120,2025-08-09 16:39:19.120451+05:30,32,6
810,999841,525,512,1754737759221,2025-08-09 16:39:19.221383+05:30,32,6
811,999942,526,514,1754737759322,2025-08-09 16:39:19.322101+05:30,32,6
812,1000042,526,523,1754737759422,2025-08-09 16:39:19.422986+05:30,32,6
813,1000143,526,507,1754737759524,2025-08-09 16:39:19.524891+05:30,32,6
814,1000244,525,510,1754737759625,2025-08-09 16:39:19.625789+05:30,32,6
815,1000345,525,512,1754737759726,2025-08-09 16:39:19.726689+05:30,32,6
816,1000446,524,510,1754737759827,2025-08-09 16:39:19.827519+05:30,32,6
817,1000547,524,513,1754737759928,2025-08-09 16:39:19.928417+05:30,32,6
818,1000648,525,507,1754737760029,2025-08-09 16:39:20.029321+05:30,32,6
819,1000749,525,512,1754737760130,2025-08-09 16:39:20.130543+05:30,32,6
820,1000850,525,518,1754737760231,2025-08-09 16:39:20.231220+05:30,32,6
821,1000950,526,517,1754737760332,2025-08-09 16:39:20.332176+05:30,32,6
822,1001052,525,510,1754737760433,2025-08-09 16:39:20.433032+05:30,32,6
823,1001152,527,504,1754737760533,2025-08-09 16:39:20.533667+05:30,32,6
824,1001253,527,512,1754737760634,2025-08-09 16:39:20.634647+05:30,32,6
825,1001354,527,506,1754737760735,2025-08-09 16:39:20.735600+05:30,32,6
826,1001455,526,508,1754737760836,2025-08-09 16:39:20.836343+05:30,32,6
827,1001555,527,510,1754737760937,2025-08-09 16:39:20.937254+05:30,32,6
828,1001657,526,520,1754737761038,2025-08-09 16:39:21.038257+05:30,32,6
829,1001757,526,521,1754737761139,2025-08-09 16:39:21.139029+05:30,32,6
830,1001859,528,505,1754737761239,2025-08-09 16:39:21.239964+05:30,32,6
831,1001959,525,511,1754737761340,2025-08-09 16:39:21.340829+05:30,32,6
832,1002060,526,507,1754737761441,2025-08-09 16:39:21.441893+05:30,32,6
833,1002161,527,511,1754737761542,2025-08-09 16:39:21.542535+05:30,32,6
834,1002262,527,508,1754737761643,2025-08-09 16:39:21.643307+05:30,32,6
835,1002362,526,514,1754737761744,2025-08-09 16:39:21.744232+05:30,32,6
836,1002464,525,521,1754737761845,2025-08-09 16:39:21.845226+05:30,32,6
837,1002564,526,515,1754737761946,2025-08-09 16:39:21.946130+05:30,32,6
838,1002665,525,510,1754737762046,2025-08-09 16:39:22.046908+05:30,32,6
839,1002766,523,512,1754737762147,2025-08-09 16:39:22.147773+05:30,32,6
840,1002867,525,514,1754737762248,2025-08-09 16:39:22.248696+05:30,32,6
841,1002968,525,508,1754737762349,2025-08-09 16:39:22.349541+05:30,32,6
842,1003069,525,512,1754737762450,2025-08-09 16:39:22.450515+05:30,32,6
843,1003169,528,523,1754737762551,2025-08-09 16:39:22.551394+05:30,32,6
844,1003271,525,518,1754737762652,2025-08-09 16:39:22.652287+05:30,32,6
845,1003371,525,509,1754737762753,2025-08-09 16:39:22.753180+05:30,32,6
846,1003472,527,509,1754737762854,2025-08-09 16:39:22.854041+05:30,32,6
847,1003574,528,508,1754737762954,2025-08-09 16:39:22.954939+05:30,32,6
848,1003674,526,511,1754737763055,2025-08-09 16:39:23.055749+05:30,32,6
849,1003776,526,510,1754737763156,2025-08-09 16:39:23.156502+05:30,32,6
850,1003876,527,520,1754737763257,2025-08-09 16:39:23.257368+05:30,32,6
851,1003977,529,514,1754737763358,2025-08-09 16:39:23.358332+05:30,32,6
852,1004078,527,505,1754737763459,2025-08-09 16:39:23.459143+05:30,32,6
853,1004179,527,516,1754737763560,2025-08-09 16:39:23.560058+05:30,32,6
854,1004279,527,513,1754737763660,2025-08-09 16:39:23.660903+05:30,32,6
855,1004381,528,510,1754737763761,2025-08-09 16:39:23.761882+05:30,32,6
856,1004481,528,512,1754737763862,2025-08-09 16:39:23.862851+05:30,32,6
857,1004582,528,509,1754737763963,2025-08-09 16:39:23.963711+05:30,32,6
858,1004683,527,519,1754737764064,2025-08-09 16:39:24.064602+05:30,32,6
859,1004784,528,517,1754737764165,2025-08-09 16:39:24.165444+05:30,32,6
860,1004884,526,509,1754737764266,2025-08-09 16:39:24.266355+05:30,32,6
861,1004986,525,506,1754737764367,2025-08-09 16:39:24.367221+05:30,32,6
862,1005086,526,505,1754737764468,2025-08-09 16:39:24.468062+05:30,32,6
863,1005188,526,513,1754737764568,2025-08-09 16:39:24.568942+05:30,32,6
864,1005288,527,511,1754737764669,2025-08-09 16:39:24.669858+05:30,32,6
865,1005389,527,510,1754737764770,2025-08-09 16:39:24.770639+05:30,32,6
866,1005490,524,521,1754737764871,2025-08-09 16:39:24.871571+05:30,32,6
867,1005591,525,515,1754737764972,2025-08-09 16:39:24.972518+05:30,32,6
868,1005691,527,507,1754737765073,2025-08-09 16:39:25.073399+05:30,32,6
869,1005793,527,507,1754737765174,2025-08-09 16:39:25.174356+05:30,32,6
870,1005893,528,511,1754737765275,2025-08-09 16:39:25.275125+05:30,32,6
871,1005995,526,505,1754737765376,2025-08-09 16:39:25.376060+05:30,32,6
872,1006095,527,511,1754737765476,2025-08-09 16:39:25.476902+05:30,32,6
873,1006196,528,513,1754737765577,2025-08-09 16:39:25.577827+05:30,32,6
874,1006297,529,524,1754737765678,2025-08-09 16:39:25.678511+05:30,32,6
875,1006398,529,512,1754737765779,2025-08-09 16:39:25.779378+05:30,32,6
876,1006499,529,508,1754737765880,2025-08-09 16:39:25.880247+05:30,32,6
877,1006600,530,509,1754737765981,2025-08-09 16:39:25.981166+05:30,32,6
878,1006701,528,510,1754737766082,2025-08-09 16:39:26.082147+05:30,32,6
879,1006801,528,513,1754737766183,2025-08-09 16:39:26.183183+05:30,32,6
880,1006903,528,510,1754737766283,2025-08-09 16:39:26.283888+05:30,32,6
881,1007003,527,510,1754737766384,2025-08-09 16:39:26.384938+05:30,32,6
882,1007105,528,520,1754737766485,2025-08-09 16:39:26.485823+05:30,32,6
883,1007205,528,518,1754737766586,2025-08-09 16:39:26.586535+05:30,32,6
884,1007306,528,506,1754737766687,2025-08-09 16:39:26.687406+05:30,32,6
885,1007407,526,510,1754737766788,2025-08-09 16:39:26.788256+05:30,32,6
886,1007508,526,513,1754737766889,2025-08-09 16:39:26.889173+05:30,32,6
887,1007608,527,509,1754737766990,2025-08-09 16:39:26.990007+05:30,32,6
888,1007710,527,514,1754737767090,2025-08-09 16:39:27.090909+05:30,32,6
889,1007810,525,509,1754737767191,2025-08-09 16:39:27.191734+05:30,32,6
890,1007911,527,506,1754737767292,2025-08-09 16:39:27.292590+05:30,32,6
891,1008012,528,526,1754737767393,2025-08-09 16:39:27.393430+05:30,32,6
892,1008113,527,511,1754737767494,2025-08-09 16:39:27.494455+05:30,32,6
893,1008214,527,512,1754737767595,2025-08-09 16:39:27.595229+05:30,32,6
894,1008315,528,514,1754737767696,2025-08-09 16:39:27.696104+05:30,32,6
895,1008415,528,513,1754737767796,2025-08-09 16:39:27.796971+05:30,32,6
896,1008517,529,511,1754737767897,2025-08-09 16:39:27.897900+05:30,32,6
897,1008617,529,508,1754737767998,2025-08-09 16:39:27.998731+05:30,32,6
898,1008718,528,510,1754737768099,2025-08-09 16:39:28.099688+05:30,32,6
899,1008819,529,524,1754737768200,2025-08-09 16:39:28.200611+05:30,32,6
900,1008920,529,515,1754737768301,2025-08-09 16:39:28.301511+05:30,32,6
901,1009020,529,503,1754737768402,2025-08-09 16:39:28.402691+05:30,32,6
902,1009122,528,513,1754737768503,2025-08-09 16:39:28.503363+05:30,32,6
903,1009222,527,514,1754737768604,2025-08-09 16:39:28.604323+05:30,32,6
904,1009324,526,513,1754737768705,2025-08-09 16:39:28.705155+05:30,32,6
905,1009425,527,513,1754737768805,2025-08-09 16:39:28.805960+05:30,32,6
906,1009525,526,514,1754737768906,2025-08-09 16:39:28.906839+05:30,32,6
907,1009627,527,522,1754737769007,2025-08-09 16:39:29.007611+05:30,32,6
908,1009727,527,515,1754737769108,2025-08-09 16:39:29.108654+05:30,32,6
909,1009828,526,510,1754737769209,2025-08-09 16:39:29.209533+05:30,32,6
910,1009929,526,511,1754737769310,2025-08-09 16:39:29.310359+05:30,32,6
911,1010030,527,512,1754737769411,2025-08-09 16:39:29.411292+05:30,32,6
912,1010130,527,508,1754737769512,2025-08-09 16:39:29.512232+05:30,32,6
913,1010232,527,511,1754737769613,2025-08-09 16:39:29.613037+05:30,32,6
914,1010332,529,509,1754737769713,2025-08-09 16:39:29.713845+05:30,32,6
915,1010434,529,523,1754737769814,2025-08-09 16:39:29.814845+05:30,32,6
916,1010534,528,514,1754737769915,2025-08-09 16:39:29.915647+05:30,32,6
917,1010635,527,511,1754737770016,2025-08-09 16:39:30.016587+05:30,32,6
918,1010736,528,509,1754737770117,2025-08-09 16:39:30.117424+05:30,32,6
919,1010837,531,513,1754737770218,2025-08-09 16:39:30.218314+05:30,32,6
920,1010937,528,510,1754737770319,2025-08-09 16:39:30.319094+05:30,32,6
921,1011039,529,504,1754737770420,2025-08-09 16:39:30.420086+05:30,32,6
922,1011139,527,520,1754737770520,2025-08-09 16:39:30.520856+05:30,32,6
923,1011240,530,522,1754737770621,2025-08-09 16:39:30.621778+05:30,32,6
924,1011341,528,511,1754737770722,2025-08-09 16:39:30.722698+05:30,32,6
925,1011442,526,513,1754737770823,2025-08-09 16:39:30.823488+05:30,32,6
926,1011543,527,508,1754737770924,2025-08-09 16:39:30.924459+05:30,32,6
927,1011644,528,510,1754737771025,2025-08-09 16:39:31.025276+05:30,32,6
928,1011744,527,509,1754737771126,2025-08-09 16:39:31.126111+05:30,32,6
929,1011846,527,516,1754737771227,2025-08-09 16:39:31.227082+05:30,32,6
930,1011946,527,521,1754737771327,2025-08-09 16:39:31.327985+05:30,32,6
931,1012047,526,509,1754737771428,2025-08-09 16:39:31.428888+05:30,32,6
932,1012148,526,511,1754737771529,2025-08-09 16:39:31.529609+05:30,32,6
933,1012249,526,514,1754737771630,2025-08-09 16:39:31.630484+05:30,32,6
934,1012350,526,509,1754737771731,2025-08-09 16:39:31.731347+05:30,32,6
935,1012451,528,510,1754737771832,2025-08-09 16:39:31.832265+05:30,32,6
936,1012552,528,516,1754737771933,2025-08-09 16:39:31.933220+05:30,32,6
937,1012653,528,519,1754737772034,2025-08-09 16:39:32.034142+05:30,32,6
938,1012754,528,507,1754737772134,2025-08-09 16:39:32.134941+05:30,32,6
939,1012854,528,511,1754737772235,2025-08-09 16:39:32.235825+05:30,32,6
940,1012956,528,510,1754737772336,2025-08-09 16:39:32.336783+05:30,32,6
941,1013056,531,509,1754737772437,2025-08-09 16:39:32.437554+05:30,32,6
942,1013157,529,510,1754737772538,2025-08-09 16:39:32.538411+05:30,32,6
943,1013258,529,511,1754737772639,2025-08-09 16:39:32.639395+05:30,32,6
944,1013359,529,524,1754737772740,2025-08-09 16:39:32.740188+05:30,32,6
945,1013459,529,513,1754737772841,2025-08-09 16:39:32.841041+05:30,32,6
946,1013561,530,502,1754737772941,2025-08-09 16:39:32.941909+05:30,32,6
947,1013661,529,513,1754737773042,2025-08-09 16:39:33.042789+05:30,32,6
948,1013763,528,507,1754737773143,2025-08-09 16:39:33.143695+05:30,32,6
949,1013863,527,513,1754737773244,2025-08-09 16:39:33.244546+05:30,32,6
950,1013964,528,510,1754737773345,2025-08-09 16:39:33.345470+05:30,32,6
951,1014065,527,517,1754737773446,2025-08-09 16:39:33.446382+05:30,32,6
952,1014166,528,516,1754737773547,2025-08-09 16:39:33.547264+05:30,32,6
953,1014266,526,514,1754737773648,2025-08-09 16:39:33.648114+05:30,32,6
954,1014368,527,512,1754737773749,2025-08-09 16:39:33.748993+05:30,32,6
955,1014468,527,516,1754737773849,2025-08-09 16:39:33.849888+05:30,32,6
956,1014569,527,512,1754737773950,2025-08-09 16:39:33.950823+05:30,32,6
957,1014670,527,514,1754737774051,2025-08-09 16:39:34.051608+05:30,32,6
958,1014771,528,511,1754737774152,2025-08-09 16:39:34.152580+05:30,32,6
959,1014872,528,521,1754737774253,2025-08-09 16:39:34.253414+05:30,32,6
960,1014973,530,506,1754737774354,2025-08-09 16:39:34.354252+05:30,32,6
961,1015073,528,510,1754737774455,2025-08-09 16:39:34.455149+05:30,32,6
962,1015175,527,512,1754737774556,2025-08-09 16:39:34.556074+05:30,32,6
963,1015276,528,515,1754737774656,2025-08-09 16:39:34.656959+05:30,32,6
964,1015376,529,505,1754737774757,2025-08-09 16:39:34.757908+05:30,32,6
965,1015478,529,511,1754737774858,2025-08-09 16:39:34.858711+05:30,32,6
966,1015578,530,515,1754737774959,2025-08-09 16:39:34.959556+05:30,32,6
967,1015680,529,521,1754737775060,2025-08-09 16:39:35.060451+05:30,32,6
968,1015780,529,508,1754737775161,2025-08-09 16:39:35.161522+05:30,32,6
969,1015881,530,512,1754737775262,2025-08-09 16:39:35.262247+05:30,32,6
970,1015982,528,513,1754737775363,2025-08-09 16:39:35.363115+05:30,32,6
971,1016083,530,511,1754737775464,2025-08-09 16:39:35.464047+05:30,32,6
972,1016183,529,510,1754737775564,2025-08-09 16:39:35.564873+05:30,32,6
973,1016285,528,514,1754737775665,2025-08-09 16:39:35.665815+05:30,32,6
974,1016385,530,514,1754737775766,2025-08-09 16:39:35.766625+05:30,32,6
975,1016486,528,521,1754737775867,2025-08-09 16:39:35.867477+05:30,32,6
976,1016587,527,508,1754737775968,2025-08-09 16:39:35.968485+05:30,32,6
977,1016688,529,510,1754737776069,2025-08-09 16:39:36.069281+05:30,32,6
978,1016788,527,510,1754737776170,2025-08-09 16:39:36.170281+05:30,32,6
979,1016890,528,510,1754737776271,2025-08-09 16:39:36.271004+05:30,32,6
980,1016990,528,507,1754737776371,2025-08-09 16:39:36.371930+05:30,32,6
981,1017092,529,510,1754737776472,2025-08-09 16:39:36.472827+05:30,32,6
982,1017192,529,519,1754737776573,2025-08-09 16:39:36.573900+05:30,32,6
983,1017293,528,521,1754737776674,2025-08-09 16:39:36.674608+05:30,32,6
984,1017394,530,508,1754737776775,2025-08-09 16:39:36.775555+05:30,32,6
985,1017495,528,511,1754737776876,2025-08-09 16:39:36.876355+05:30,32,6
986,1017595,528,512,1754737776977,2025-08-09 16:39:36.977295+05:30,32,6
987,1017697,531,508,1754737777078,2025-08-09 16:39:37.078205+05:30,32,6
988,1017797,529,509,1754737777179,2025-08-09 16:39:37.179052+05:30,32,6
989,1017899,529,513,1754737777279,2025-08-09 16:39:37.279959+05:30,32,6
990,1017999,529,522,1754737777380,2025-08-09 16:39:37.380873+05:30,32,6
991,1018100,532,516,1754737777481,2025-08-09 16:39:37.481647+05:30,32,6
992,1018202,530,507,1754737777582,2025-08-09 16:39:37.582576+05:30,32,6
993,1018302,529,513,1754737777683,2025-08-09 16:39:37.683344+05:30,32,6
994,1018403,530,509,1754737777784,2025-08-09 16:39:37.784243+05:30,32,6
995,1018504,530,510,1754737777885,2025-08-09 16:39:37.885198+05:30,32,6
996,1018605,530,510,1754737777986,2025-08-09 16:39:37.986006+05:30,32,6
997,1018705,530,519,1754737778086,2025-08-09 16:39:38.086851+05:30,32,6
998,1018807,530,516,1754737778187,2025-08-09 16:39:38.187743+05:30,32,6
999,1018907,528,507,1754737778288,2025-08-09 16:39:38.288743+05:30,32,6
1000,1019009,531,512,1754737778389,2025-08-09 16:39:38.389597+05:30,32,6
1001,1019109,528,512,1754737778490,2025-08-09 16:39:38.490461+05:30,32,6
1002,1019210,528,505,1754737778591,2025-08-09 16:39:38.591269+05:30,32,6
1003,1019311,528,513,1754737778692,2025-08-09 16:39:38.692153+05:30,32,6
1004,1019412,527,513,1754737778793,2025-08-09 16:39:38.793059+05:30,32,6
1005,1019512,528,521,1754737778893,2025-08-09 16:39:38.893877+05:30,32,6
1006,1019614,529,513,1754737778994,2025-08-09 16:39:38.994814+05:30,32,6
1007,1019714,528,508,1754737779095,2025-08-09 16:39:39.095738+05:30,32,6
1008,1019815,529,514,1754737779196,2025-08-09 16:39:39.196581+05:30,32,6
1009,1019916,529,514,1754737779297,2025-08-09 16:39:39.297444+05:30,32,6
1010,1020017,530,511,1754737779398,2025-08-09 16:39:39.398324+05:30,32,6
1011,1020118,530,512,1754737779499,2025-08-09 16:39:39.499202+05:30,32,6
1012,1020219,530,511,1754737779600,2025-08-09 16:39:39.600057+05:30,32,6
1013,1020319,530,524,1754737779700,2025-08-09 16:39:39.700978+05:30,32,6
1014,1020421,531,510,1754737779801,2025-08-09 16:39:39.801842+05:30,32,6
1015,1020521,532,509,1754737779902,2025-08-09 16:39:39.902763+05:30,32,6
1016,1020622,530,511,1754737780003,2025-08-09 16:39:40.003572+05:30,32,6
1017,1020723,530,511,1754737780104,2025-08-09 16:39:40.104427+05:30,32,6
1018,1020824,529,514,1754737780205,2025-08-09 16:39:40.205388+05:30,32,6
1019,1020924,529,512,1754737780306,2025-08-09 16:39:40.306244+05:30,32,6
1020,1021026,529,513,1754737780407,2025-08-09 16:39:40.407112+05:30,32,6
1021,1021127,529,517,1754737780508,2025-08-09 16:39:40.508013+05:30,32,6
1022,1021228,530,516,1754737780608,2025-08-09 16:39:40.608867+05:30,32,6
1023,1021329,529,509,1754737780709,2025-08-09 16:39:40.709911+05:30,32,6
1024,1021429,528,511,1754737780810,2025-08-09 16:39:40.810679+05:30,32,6
1025,1021531,529,509,1754737780911,2025-08-09 16:39:40.911610+05:30,32,6
1026,1021631,530,510,1754737781012,2025-08-09 16:39:41.012491+05:30,32,6
1027,1021732,528,512,1754737781113,2025-08-09 16:39:41.113323+05:30,32,6
1028,1021833,528,510,1754737781214,2025-08-09 16:39:41.214216+05:30,32,6
1029,1021934,528,520,1754737781315,2025-08-09 16:39:41.315029+05:30,32,6
1030,1022034,529,516,1754737781415,2025-08-09 16:39:41.415952+05:30,32,6
1031,1022136,528,509,1754737781516,2025-08-09 16:39:41.516844+05:30,32,6
1032,1022236,529,512,1754737781617,2025-08-09 16:39:41.617728+05:30,32,6
1033,1022338,529,509,1754737781718,2025-08-09 16:39:41.718656+05:30,32,6
1034,1022438,530,511,1754737781819,2025-08-09 16:39:41.819473+05:30,32,6
1035,1022539,531,514,1754737781920,2025-08-09 16:39:41.920438+05:30,32,6
1036,1022640,530,515,1754737782021,2025-08-09 16:39:42.021246+05:30,32,6
1037,1022741,531,523,1754737782122,2025-08-09 16:39:42.122168+05:30,32,6
1038,1022841,532,508,1754737782223,2025-08-09 16:39:42.223123+05:30,32,6
1039,1022943,531,502,1754737782323,2025-08-09 16:39:42.323980+05:30,32,6
1040,1023043,529,518,1754737782424,2025-08-09 16:39:42.424827+05:30,32,6
1041,1023144,531,508,1754737782525,2025-08-09 16:39:42.525678+05:30,32,6
1042,1023245,531,504,1754737782626,2025-08-09 16:39:42.626465+05:30,32,6
1043,1023346,529,509,1754737782727,2025-08-09 16:39:42.727459+05:30,32,6
1044,1023447,529,519,1754737782828,2025-08-09 16:39:42.828342+05:30,32,6
1045,1023548,529,522,1754737782929,2025-08-09 16:39:42.929216+05:30,32,6
1046,1023648,529,513,1754737783030,2025-08-09 16:39:43.030109+05:30,32,6
1047,1023750,529,510,1754737783130,2025-08-09 16:39:43.130915+05:30,32,6
1048,1023851,528,507,1754737783231,2025-08-09 16:39:43.231806+05:30,32,6
1049,1023951,529,510,1754737783332,2025-08-09 16:39:43.332696+05:30,32,6
1050,1024053,528,509,1754737783433,2025-08-09 16:39:43.433621+05:30,32,6
1051,1024153,528,510,1754737783534,2025-08-09 16:39:43.534478+05:30,32,6
1052,1024254,528,515,1754737783635,2025-08-09 16:39:43.635284+05:30,32,6
1053,1024355,527,520,1754737783736,2025-08-09 16:39:43.736193+05:30,32,6
1054,1024456,529,508,1754737783837,2025-08-09 16:39:43.837120+05:30,32,6
1055,1024557,529,506,1754737783937,2025-08-09 16:39:43.937916+05:30,32,6
1056,1024658,529,516,1754737784038,2025-08-09 16:39:44.038849+05:30,32,6
1057,1024758,528,512,1754737784139,2025-08-09 16:39:44.139682+05:30,32,6
1058,1024860,529,511,1754737784240,2025-08-09 16:39:44.240606+05:30,32,6
1059,1024960,530,518,1754737784341,2025-08-09 16:39:44.341517+05:30,32,6
1060,1025061,531,520,1754737784442,2025-08-09 16:39:44.442371+05:30,32,6
1061,1025162,530,504,1754737784543,2025-08-09 16:39:44.543309+05:30,32,6
1062,1025263,530,511,1754737784644,2025-08-09 16:39:44.644161+05:30,32,6
1063,1025363,530,509,1754737784745,2025-08-09 16:39:44.745089+05:30,32,6
1064,1025465,530,513,1754737784845,2025-08-09 16:39:44.845842+05:30,32,6
1065,1025565,530,513,1754737784946,2025-08-09 16:39:44.946721+05:30,32,6
1066,1025667,530,522,1754737785047,2025-08-09 16:39:45.047689+05:30,32,6
1067,1025767,530,512,1754737785148,2025-08-09 16:39:45.148473+05:30,32,6
1068,1025868,530,509,1754737785249,2025-08-09 16:39:45.249408+05:30,32,6
1069,1025969,530,505,1754737785350,2025-08-09 16:39:45.350335+05:30,32,6
1070,1026070,529,512,1754737785451,2025-08-09 16:39:45.451213+05:30,32,6
1071,1026170,529,510,1754737785552,2025-08-09 16:39:45.552029+05:30,32,6
1072,1026272,529,509,1754737785652,2025-08-09 16:39:45.652873+05:30,32,6
1073,1026372,528,523,1754737785753,2025-08-09 16:39:45.753775+05:30,32,6
1074,1026473,529,507,1754737785854,2025-08-09 16:39:45.854630+05:30,32,6
1075,1026574,528,504,1754737785955,2025-08-09 16:39:45.955466+05:30,32,6
1076,1026675,526,511,1754737786056,2025-08-09 16:39:46.056378+05:30,32,6
1077,1026776,527,513,1754737786157,2025-08-09 16:39:46.157310+05:30,32,6
1078,1026877,528,507,1754737786258,2025-08-09 16:39:46.258128+05:30,32,6
1079,1026977,528,510,1754737786358,2025-08-09 16:39:46.358971+05:30,32,6
1080,1027079,528,509,1754737786459,2025-08-09 16:39:46.459937+05:30,32,6
1081,1027179,528,519,1754737786560,2025-08-09 16:39:46.560820+05:30,32,6
1082,1027280,528,509,1754737786661,2025-08-09 16:39:46.661638+05:30,32,6
1083,1027382,528,511,1754737786762,2025-08-09 16:39:46.762508+05:30,32,6
1084,1027482,528,506,1754737786863,2025-08-09 16:39:46.863442+05:30,32,6
1085,1027584,527,512,1754737786964,2025-08-09 16:39:46.964304+05:30,32,6
1086,1027684,526,512,1754737787065,2025-08-09 16:39:47.065172+05:30,32,6
1087,1027785,526,511,1754737787166,2025-08-09 16:39:47.166104+05:30,32,6
1088,1027886,528,511,1754737787267,2025-08-09 16:39:47.267315+05:30,32,6
1089,1027987,525,523,1754737787367,2025-08-09 16:39:47.367964+05:30,32,6
1090,1028087,524,514,1754737787468,2025-08-09 16:39:47.468770+05:30,32,6
1091,1028189,525,505,1754737787569,2025-08-09 16:39:47.569775+05:30,32,6
1092,1028289,523,511,1754737787670,2025-08-09 16:39:47.670481+05:30,32,6
1093,1028390,523,510,1754737787771,2025-08-09 16:39:47.771403+05:30,32,6
1094,1028491,522,512,1754737787872,2025-08-09 16:39:47.872321+05:30,32,6
1095,1028592,524,509,1754737787973,2025-08-09 16:39:47.973133+05:30,32,6
1096,1028692,522,517,1754737788073,2025-08-09 16:39:48.073970+05:30,32,6
1097,1028794,523,517,1754737788174,2025-08-09 16:39:48.174850+05:30,32,6
1098,1028894,523,508,1754737788276,2025-08-09 16:39:48.276026+05:30,32,6
1099,1028996,522,513,1754737788376,2025-08-09 16:39:48.376697+05:30,32,6
1100,1029096,523,510,1754737788477,2025-08-09 16:39:48.477372+05:30,32,6
1101,1029197,523,510,1754737788578,2025-08-09 16:39:48.578416+05:30,32,6
1102,1029298,523,510,1754737788679,2025-08-09 16:39:48.679306+05:30,32,6
1103,1029399,524,512,1754737788780,2025-08-09 16:39:48.780171+05:30,32,6
1104,1029499,524,516,1754737788881,2025-08-09 16:39:48.881162+05:30,32,6
1105,1029601,524,521,1754737788981,2025-08-09 16:39:48.981883+05:30,32,6
1106,1029701,526,510,1754737789082,2025-08-09 16:39:49.082673+05:30,32,6
1107,1029803,526,510,1754737789183,2025-08-09 16:39:49.183572+05:30,32,6
1108,1029903,526,510,1754737789284,2025-08-09 16:39:49.284457+05:30,32,6
1109,1030004,526,513,1754737789385,2025-08-09 16:39:49.385353+05:30,32,6
1110,1030105,526,510,1754737789486,2025-08-09 16:39:49.486245+05:30,32,6
1111,1030206,529,504,1754737789587,2025-08-09 16:39:49.587128+05:30,32,6
1112,1030306,526,508,1754737789688,2025-08-09 16:39:49.688001+05:30,32,6
1113,1030408,525,516,1754737789788,2025-08-09 16:39:49.788937+05:30,32,6
1114,1030508,525,520,1754737789889,2025-08-09 16:39:49.889736+05:30,32,6
1115,1030609,524,515,1754737789990,2025-08-09 16:39:49.990567+05:30,32,6
1116,1030710,524,512,1754737790091,2025-08-09 16:39:50.091515+05:30,32,6
1117,1030811,523,511,1754737790192,2025-08-09 16:39:50.192356+05:30,32,6
1118,1030913,524,508,1754737790293,2025-08-09 16:39:50.293232+05:30,32,6
1119,1031013,523,516,1754737790394,2025-08-09 16:39:50.394149+05:30,32,6
1120,1031114,525,508,1754737790495,2025-08-09 16:39:50.495013+05:30,32,6
1121,1031215,525,509,1754737790595,2025-08-09 16:39:50.595880+05:30,32,6
1122,1031316,524,510,1754737790696,2025-08-09 16:39:50.696839+05:30,32,6
1123,1031416,524,523,1754737790797,2025-08-09 16:39:50.797709+05:30,32,6
1124,1031518,525,515,1754737790898,2025-08-09 16:39:50.898486+05:30,32,6
1125,1031618,526,510,1754737790999,2025-08-09 16:39:50.999368+05:30,32,6
1126,1031719,525,516,1754737791100,2025-08-09 16:39:51.100348+05:30,32,6
1127,1031820,526,513,1754737791201,2025-08-09 16:39:51.201147+05:30,32,6
1128,1031921,528,505,1754737791302,2025-08-09 16:39:51.302011+05:30,32,6
1129,1032022,526,514,1754737791402,2025-08-09 16:39:51.402930+05:30,32,6
1130,1032123,526,511,1754737791503,2025-08-09 16:39:51.503848+05:30,32,6
1131,1032223,526,520,1754737791604,2025-08-09 16:39:51.604620+05:30,32,6
1132,1032325,529,517,1754737791705,2025-08-09 16:39:51.705593+05:30,32,6
1133,1032425,527,502,1754737791806,2025-08-09 16:39:51.806478+05:30,32,6
1134,1032526,528,511,1754737791907,2025-08-09 16:39:51.907289+05:30,32,6
1135,1032627,528,509,1754737792008,2025-08-09 16:39:52.008253+05:30,32,6
1136,1032728,524,508,1754737792109,2025-08-09 16:39:52.109036+05:30,32,6
1137,1032828,524,517,1754737792210,2025-08-09 16:39:52.209998+05:30,32,6
1138,1032930,528,502,1754737792310,2025-08-09 16:39:52.310912+05:30,32,6
1139,1033030,525,518,1754737792411,2025-08-09 16:39:52.411800+05:30,32,6
1140,1033132,525,521,1754737792512,2025-08-09 16:39:52.512538+05:30,32,6
1141,1033232,524,514,1754737792613,2025-08-09 16:39:52.613440+05:30,32,6
1142,1033333,526,508,1754737792714,2025-08-09 16:39:52.714306+05:30,32,6
1143,1033434,524,515,1754737792815,2025-08-09 16:39:52.815299+05:30,32,6
1144,1033535,524,512,1754737792916,2025-08-09 16:39:52.916043+05:30,32,6
1145,1033635,526,506,1754737793016,2025-08-09 16:39:53.016982+05:30,32,6
1146,1033737,524,515,1754737793117,2025-08-09 16:39:53.117937+05:30,32,6
1147,1033837,525,508,1754737793218,2025-08-09 16:39:53.218728+05:30,32,6
1148,1033938,525,510,1754737793319,2025-08-09 16:39:53.319608+05:30,32,6
1149,1034039,527,519,1754737793420,2025-08-09 16:39:53.420446+05:30,32,6
1150,1034140,526,515,1754737793521,2025-08-09 16:39:53.521473+05:30,32,6
1151,1034242,525,508,1754737793622,2025-08-09 16:39:53.622314+05:30,32,6
1152,1034342,528,513,1754737793723,2025-08-09 16:39:53.723262+05:30,32,6
1153,1034443,526,512,1754737793824,2025-08-09 16:39:53.824230+05:30,32,6
1154,1034544,527,510,1754737793925,2025-08-09 16:39:53.925091+05:30,32,6
1155,1034645,527,511,1754737794025,2025-08-09 16:39:54.025971+05:30,32,6
1156,1034745,528,508,1754737794126,2025-08-09 16:39:54.126701+05:30,32,6
1157,1034847,528,514,1754737794227,2025-08-09 16:39:54.227625+05:30,32,6
1158,1034947,526,523,1754737794328,2025-08-09 16:39:54.328498+05:30,32,6
1159,1035048,527,514,1754737794429,2025-08-09 16:39:54.429369+05:30,32,6
1160,1035149,526,510,1754737794530,2025-08-09 16:39:54.530193+05:30,32,6
1161,1035250,526,510,1754737794631,2025-08-09 16:39:54.631065+05:30,32,6
1162,1035351,525,510,1754737794731,2025-08-09 16:39:54.731977+05:30,32,6
1163,1035452,525,513,1754737794832,2025-08-09 16:39:54.832902+05:30,32,6
1164,1035552,525,513,1754737794933,2025-08-09 16:39:54.933790+05:30,32,6
1165,1035654,525,520,1754737795034,2025-08-09 16:39:55.034721+05:30,32,6
1166,1035754,526,519,1754737795135,2025-08-09 16:39:55.135487+05:30,32,6
1167,1035855,525,509,1754737795236,2025-08-09 16:39:55.236354+05:30,32,6
1168,1035956,525,509,1754737795337,2025-08-09 16:39:55.337324+05:30,32,6
1169,1036057,526,513,1754737795438,2025-08-09 16:39:55.438319+05:30,32,6
1170,1036157,527,506,1754737795539,2025-08-09 16:39:55.539203+05:30,32,6
1171,1036259,526,507,1754737795639,2025-08-09 16:39:55.639958+05:30,32,6
1172,1036359,526,515,1754737795740,2025-08-09 16:39:55.740847+05:30,32,6
1173,1036461,526,518,1754737795841,2025-08-09 16:39:55.841675+05:30,32,6
1174,1036561,529,514,1754737795942,2025-08-09 16:39:55.942593+05:30,32,6
1175,1036662,527,514,1754737796043,2025-08-09 16:39:56.043480+05:30,32,6
1176,1036763,527,514,1754737796144,2025-08-09 16:39:56.144360+05:30,32,6
1177,1036864,528,511,1754737796245,2025-08-09 16:39:56.245218+05:30,32,6
1178,1036964,528,516,1754737796346,2025-08-09 16:39:56.346214+05:30,32,6
1179,1037066,528,511,1754737796446,2025-08-09 16:39:56.446975+05:30,32,6
1180,1037166,528,520,1754737796548,2025-08-09 16:39:56.548046+05:30,32,6
1181,1037267,527,520,1754737796648,2025-08-09 16:39:56.648796+05:30,32,6
1182,1037368,527,509,1754737796749,2025-08-09 16:39:56.749730+05:30,32,6
1183,1037469,527,516,1754737796850,2025-08-09 16:39:56.850451+05:30,32,6
1184,1037571,527,508,1754737796951,2025-08-09 16:39:56.951358+05:30,32,6
1185,1037671,528,511,1754737797052,2025-08-09 16:39:57.052257+05:30,32,6
1186,1037772,525,512,1754737797153,2025-08-09 16:39:57.153139+05:30,32,6
1187,1037873,527,505,1754737797254,2025-08-09 16:39:57.254059+05:30,32,6
1188,1037974,527,510,1754737797354,2025-08-09 16:39:57.354983+05:30,32,6
1189,1038074,526,523,1754737797455,2025-08-09 16:39:57.455832+05:30,32,6
1190,1038176,525,513,1754737797556,2025-08-09 16:39:57.556595+05:30,32,6
1191,1038276,525,509,1754737797657,2025-08-09 16:39:57.657608+05:30,32,6
1192,1038377,526,515,1754737797758,2025-08-09 16:39:57.758503+05:30,32,6
1193,1038478,526,510,1754737797859,2025-08-09 16:39:57.859269+05:30,32,6
1194,1038579,526,512,1754737797960,2025-08-09 16:39:57.960167+05:30,32,6
1195,1038680,527,508,1754737798061,2025-08-09 16:39:58.061030+05:30,32,6
1196,1038781,527,514,1754737798161,2025-08-09 16:39:58.161985+05:30,32,6
1197,1038881,528,523,1754737798262,2025-08-09 16:39:58.262835+05:30,32,6
1198,1038983,529,513,1754737798363,2025-08-09 16:39:58.363936+05:30,32,6
1199,1039083,529,507,1754737798464,2025-08-09 16:39:58.464548+05:30,32,6
1200,1039184,529,512,1754737798565,2025-08-09 16:39:58.565463+05:30,32,6
1201,1039285,529,513,1754737798666,2025-08-09 16:39:58.666516+05:30,32,6
1202,1039386,530,507,1754737798767,2025-08-09 16:39:58.767177+05:30,32,6
1203,1039486,531,509,1754737798868,2025-08-09 16:39:58.867998+05:30,32,6
1204,1039588,529,509,1754737798968,2025-08-09 16:39:58.968816+05:30,32,6
1205,1039688,530,520,1754737799069,2025-08-09 16:39:59.069742+05:30,32,6
1206,1039790,529,515,1754737799170,2025-08-09 16:39:59.170601+05:30,32,6
1207,1039890,528,503,1754737799271,2025-08-09 16:39:59.271482+05:30,32,6
1208,1039991,525,509,1754737799372,2025-08-09 16:39:59.372338+05:30,32,6
1209,1040092,526,510,1754737799473,2025-08-09 16:39:59.473260+05:30,32,6
1210,1040193,527,508,1754737799574,2025-08-09 16:39:59.574097+05:30,32,6
1211,1040293,526,512,1754737799675,2025-08-09 16:39:59.675014+05:30,32,6
1212,1040395,527,506,1754737799775,2025-08-09 16:39:59.775914+05:30,32,6
1213,1040495,527,509,1754737799876,2025-08-09 16:39:59.876777+05:30,32,6
1214,1040596,527,523,1754737799977,2025-08-09 16:39:59.977668+05:30,32,6
1215,1040698,527,516,1754737800078,2025-08-09 16:40:00.078496+05:30,32,6
1216,1040798,529,505,1754737800179,2025-08-09 16:40:00.179366+05:30,32,6
1217,1040900,527,512,1754737800280,2025-08-09 16:40:00.280296+05:30,32,6
1218,1041000,528,514,1754737800381,2025-08-09 16:40:00.381248+05:30,32,6
1219,1041101,527,506,1754737800481,2025-08-09 16:40:00.481991+05:30,32,6
1220,1041202,530,512,1754737800582,2025-08-09 16:40:00.582895+05:30,32,6
1221,1041303,527,513,1754737800683,2025-08-09 16:40:00.683867+05:30,32,6
1222,1041403,528,512,1754737800784,2025-08-09 16:40:00.784791+05:30,32,6
1223,1041505,527,517,1754737800885,2025-08-09 16:40:00.885548+05:30,32,6
1224,1041605,532,520,1754737800986,2025-08-09 16:40:00.986464+05:30,32,6
1225,1041707,529,513,1754737801087,2025-08-09 16:40:01.087260+05:30,32,6
1226,1041807,529,512,1754737801188,2025-08-09 16:40:01.188172+05:30,32,6
1227,1041908,528,511,1754737801289,2025-08-09 16:40:01.289110+05:30,32,6
1228,1042009,531,505,1754737801390,2025-08-09 16:40:01.390019+05:30,32,6
1229,1042110,529,508,1754737801490,2025-08-09 16:40:01.490819+05:30,32,6
1230,1042210,528,509,1754737801591,2025-08-09 16:40:01.591737+05:30,32,6
1231,1042312,528,513,1754737801692,2025-08-09 16:40:01.692526+05:30,32,6
1232,1042412,528,524,1754737801793,2025-08-09 16:40:01.793384+05:30,32,6
1233,1042513,527,514,1754737801894,2025-08-09 16:40:01.894419+05:30,32,6
1234,1042614,528,511,1754737801995,2025-08-09 16:40:01.995275+05:30,32,6
1235,1042715,526,513,1754737802096,2025-08-09 16:40:02.096135+05:30,32,6
1236,1042816,527,508,1754737802197,2025-08-09 16:40:02.197078+05:30,32,6
1237,1042917,527,518,1754737802297,2025-08-09 16:40:02.297927+05:30,32,6
1238,1043017,527,510,1754737802398,2025-08-09 16:40:02.398860+05:30,32,6
1239,1043119,527,511,1754737802499,2025-08-09 16:40:02.499780+05:30,32,6
1240,1043219,528,524,1754737802600,2025-08-09 16:40:02.600458+05:30,32,6
1241,1043320,528,514,1754737802701,2025-08-09 16:40:02.701360+05:30,32,6
1242,1043421,528,507,1754737802802,2025-08-09 16:40:02.802257+05:30,32,6
1243,1043522,531,505,1754737802903,2025-08-09 16:40:02.903145+05:30,32,6
1244,1043622,532,505,1754737803004,2025-08-09 16:40:03.004066+05:30,32,6
1245,1043724,529,511,1754737803104,2025-08-09 16:40:03.104918+05:30,32,6
1246,1043825,527,510,1754737803205,2025-08-09 16:40:03.205883+05:30,32,6
1247,1043926,529,511,1754737803306,2025-08-09 16:40:03.306627+05:30,32,6
1248,1044027,530,522,1754737803407,2025-08-09 16:40:03.407594+05:30,32,6
1249,1044127,530,516,1754737803508,2025-08-09 16:40:03.508492+05:30,32,6
1250,1044229,529,510,1754737803609,2025-08-09 16:40:03.609293+05:30,32,6
1251,1044329,528,514,1754737803710,2025-08-09 16:40:03.710289+05:30,32,6
1252,1044430,528,511,1754737803811,2025-08-09 16:40:03.811209+05:30,32,6
1253,1044531,528,514,1754737803911,2025-08-09 16:40:03.911897+05:30,32,6
1254,1044632,527,510,1754737804012,2025-08-09 16:40:04.012765+05:30,32,6
1255,1044732,526,511,1754737804113,2025-08-09 16:40:04.113723+05:30,32,6
1256,1044834,528,518,1754737804214,2025-08-09 16:40:04.214530+05:30,32,6
1257,1044934,528,520,1754737804315,2025-08-09 16:40:04.315467+05:30,32,6
1258,1045036,527,510,1754737804416,2025-08-09 16:40:04.416287+05:30,32,6
1259,1045136,526,514,1754737804517,2025-08-09 16:40:04.517293+05:30,32,6
1260,1045237,527,511,1754737804618,2025-08-09 16:40:04.618103+05:30,32,6
1261,1045338,528,509,1754737804719,2025-08-09 16:40:04.719067+05:30,32,6
1262,1045439,528,510,1754737804819,2025-08-09 16:40:04.819814+05:30,32,6
1263,1045539,530,512,1754737804920,2025-08-09 16:40:04.920733+05:30,32,6
1264,1045641,528,520,1754737805021,2025-08-09 16:40:05.021542+05:30,32,6
1265,1045741,529,518,1754737805122,2025-08-09 16:40:05.122743+05:30,32,6
1266,1045842,529,510,1754737805223,2025-08-09 16:40:05.223531+05:30,32,6
1267,1045943,529,513,1754737805324,2025-08-09 16:40:05.324355+05:30,32,6
1268,1046044,528,509,1754737805425,2025-08-09 16:40:05.425377+05:30,32,6
1269,1046145,529,512,1754737805526,2025-08-09 16:40:05.526086+05:30,32,6
1270,1046246,529,508,1754737805627,2025-08-09 16:40:05.627113+05:30,32,6
1271,1046346,529,522,1754737805727,2025-08-09 16:40:05.727883+05:30,32,6
1272,1046448,530,516,1754737805828,2025-08-09 16:40:05.828671+05:30,32,6
1273,1046548,529,508,1754737805929,2025-08-09 16:40:05.929712+05:30,32,6
1274,1046649,530,506,1754737806030,2025-08-09 16:40:06.030488+05:30,32,6
1275,1046750,529,505,1754737806131,2025-08-09 16:40:06.131306+05:30,32,6
1276,1046851,529,512,1754737806232,2025-08-09 16:40:06.232137+05:30,32,6
1277,1046951,527,514,1754737806333,2025-08-09 16:40:06.333107+05:30,32,6
1278,1047053,527,514,1754737806434,2025-08-09 16:40:06.434027+05:30,32,6
1279,1047154,530,521,1754737806534,2025-08-09 16:40:06.534818+05:30,32,6
1280,1047255,528,505,1754737806635,2025-08-09 16:40:06.635822+05:30,32,6
1281,1047356,527,509,1754737806736,2025-08-09 16:40:06.736730+05:30,32,6
1282,1047456,527,512,1754737806837,2025-08-09 16:40:06.837551+05:30,32,6
1283,1047558,526,508,1754737806938,2025-08-09 16:40:06.938384+05:30,32,6
1284,1047658,526,514,1754737807039,2025-08-09 16:40:07.039367+05:30,32,6
1285,1047759,526,508,1754737807140,2025-08-09 16:40:07.140215+05:30,32,6
1286,1047860,526,518,1754737807241,2025-08-09 16:40:07.241122+05:30,32,6
1287,1047961,526,519,1754737807341,2025-08-09 16:40:07.341962+05:30,32,6
1288,1048061,528,510,1754737807442,2025-08-09 16:40:07.442860+05:30,32,6
1289,1048163,528,511,1754737807543,2025-08-09 16:40:07.543702+05:30,32,6
1290,1048263,530,512,1754737807644,2025-08-09 16:40:07.644630+05:30,32,6
1291,1048365,526,510,1754737807745,2025-08-09 16:40:07.745537+05:30,32,6
1292,1048465,528,513,1754737807846,2025-08-09 16:40:07.846491+05:30,32,6
1293,1048566,527,509,1754737807947,2025-08-09 16:40:07.947152+05:30,32,6
1294,1048667,527,524,1754737808048,2025-08-09 16:40:08.048071+05:30,32,6
1295,1048768,526,513,1754737808148,2025-08-09 16:40:08.148949+05:30,32,6
1296,1048868,525,512,1754737808249,2025-08-09 16:40:08.249817+05:30,32,6
1297,1048970,525,511,1754737808350,2025-08-09 16:40:08.350849+05:30,32,6
1298,1049070,527,511,1754737808451,2025-08-09 16:40:08.451496+05:30,32,6
1299,1049171,524,510,1754737808552,2025-08-09 16:40:08.552487+05:30,32,6
1300,1049272,525,510,1754737808653,2025-08-09 16:40:08.653278+05:30,32,6
1301,1049373,526,505,1754737808754,2025-08-09 16:40:08.754153+05:30,32,6
1302,1049474,524,520,1754737808855,2025-08-09 16:40:08.855028+05:30,32,6
1303,1049575,524,517,1754737808956,2025-08-09 16:40:08.956017+05:30,32,6
1304,1049675,522,511,1754737809056,2025-08-09 16:40:09.056875+05:30,32,6
1305,1049777,523,509,1754737809157,2025-08-09 16:40:09.157751+05:30,32,6
1306,1049877,523,515,1754737809258,2025-08-09 16:40:09.258696+05:30,32,6
1307,1049978,524,512,1754737809359,2025-08-09 16:40:09.359497+05:30,32,6
1308,1050079,525,509,1754737809460,2025-08-09 16:40:09.460304+05:30,32,6
1309,1050180,525,511,1754737809561,2025-08-09 16:40:09.561293+05:30,32,6
1310,1050280,525,510,1754737809662,2025-08-09 16:40:09.662164+05:30,32,6
1311,1050382,527,514,1754737809762,2025-08-09 16:40:09.762923+05:30,32,6
1312,1050483,528,521,1754737809863,2025-08-09 16:40:09.863731+05:30,32,6
1313,1050584,528,507,1754737809964,2025-08-09 16:40:09.964605+05:30,32,6
1314,1050685,526,512,1754737810065,2025-08-09 16:40:10.065482+05:30,32,6
1315,1050785,528,510,1754737810166,2025-08-09 16:40:10.166380+05:30,32,6
1316,1050887,527,506,1754737810267,2025-08-09 16:40:10.267293+05:30,32,6
1317,1050987,528,511,1754737810368,2025-08-09 16:40:10.368264+05:30,32,6
1318,1051088,526,509,1754737810469,2025-08-09 16:40:10.469031+05:30,32,6
1319,1051189,526,517,1754737810569,2025-08-09 16:40:10.569981+05:30,32,6
1320,1051290,526,524,1754737810670,2025-08-09 16:40:10.670787+05:30,32,6
1321,1051390,528,505,1754737810771,2025-08-09 16:40:10.771664+05:30,32,6
1322,1051492,526,509,1754737810872,2025-08-09 16:40:10.872564+05:30,32,6
1323,1051592,524,514,1754737810973,2025-08-09 16:40:10.973360+05:30,32,6
1324,1051694,527,506,1754737811074,2025-08-09 16:40:11.074494+05:30,32,6
1325,1051794,527,506,1754737811175,2025-08-09 16:40:11.175439+05:30,32,6
1326,1051895,526,510,1754737811276,2025-08-09 16:40:11.276261+05:30,32,6
1327,1051996,525,519,1754737811377,2025-08-09 16:40:11.377186+05:30,32,6
1328,1052097,523,517,1754737811478,2025-08-09 16:40:11.478005+05:30,32,6
1329,1052197,525,511,1754737811578,2025-08-09 16:40:11.578901+05:30,32,6
1330,1052299,526,512,1754737811679,2025-08-09 16:40:11.679685+05:30,32,6
1331,1052399,527,510,1754737811780,2025-08-09 16:40:11.780608+05:30,32,6
1332,1052500,528,507,1754737811881,2025-08-09 16:40:11.881456+05:30,32,6
1333,1052601,526,514,1754737811982,2025-08-09 16:40:11.982341+05:30,32,6
1334,1052702,527,506,1754737812083,2025-08-09 16:40:12.083243+05:30,32,6
1335,1052803,527,523,1754737812184,2025-08-09 16:40:12.184171+05:30,32,6
1336,1052904,528,516,1754737812284,2025-08-09 16:40:12.284921+05:30,32,6
1337,1053004,529,510,1754737812385,2025-08-09 16:40:12.385896+05:30,32,6
1338,1053106,528,511,1754737812486,2025-08-09 16:40:12.486726+05:30,32,6
1339,1053206,530,513,1754737812587,2025-08-09 16:40:12.587579+05:30,32,6
1340,1053307,529,509,1754737812688,2025-08-09 16:40:12.688546+05:30,32,6
1341,1053408,529,503,1754737812789,2025-08-09 16:40:12.789353+05:30,32,6
1342,1053509,527,514,1754737812890,2025-08-09 16:40:12.890277+05:30,32,6
1343,1053609,529,522,1754737812991,2025-08-09 16:40:12.991106+05:30,32,6
1344,1053711,528,511,1754737813092,2025-08-09 16:40:13.091998+05:30,32,6
1345,1053812,526,508,1754737813192,2025-08-09 16:40:13.192917+05:30,32,6
1346,1053913,525,512,1754737813293,2025-08-09 16:40:13.293838+05:30,32,6
1347,1054014,525,511,1754737813394,2025-08-09 16:40:13.394634+05:30,32,6
1348,1054114,525,515,1754737813495,2025-08-09 16:40:13.495414+05:30,32,6
1349,1054216,525,509,1754737813596,2025-08-09 16:40:13.596272+05:30,32,6
1350,1054316,525,510,1754737813697,2025-08-09 16:40:13.697151+05:30,32,6
1351,1054417,526,514,1754737813798,2025-08-09 16:40:13.798095+05:30,32,6
1352,1054518,526,522,1754737813898,2025-08-09 16:40:13.898903+05:30,32,6
1353,1054619,526,512,1754737813999,2025-08-09 16:40:13.999758+05:30,32,6
1354,1054720,528,501,1754737814100,2025-08-09 16:40:14.100661+05:30,32,6
1355,1054821,526,521,1754737814201,2025-08-09 16:40:14.201585+05:30,32,6
1356,1054921,528,507,1754737814302,2025-08-09 16:40:14.302523+05:30,32,6
1357,1055023,528,513,1754737814403,2025-08-09 16:40:14.403261+05:30,32,6
1358,1055123,529,510,1754737814504,2025-08-09 16:40:14.504167+05:30,32,6
1359,1055224,530,516,1754737814605,2025-08-09 16:40:14.605062+05:30,32,6
1360,1055325,528,519,1754737814705,2025-08-09 16:40:14.705902+05:30,32,6
1361,1055426,528,505,1754737814807,2025-08-09 16:40:14.807158+05:30,32,6
1362,1055526,528,510,1754737814907,2025-08-09 16:40:14.907783+05:30,32,6
1363,1055628,527,514,1754737815008,2025-08-09 16:40:15.008620+05:30,32,6
1364,1055728,528,506,1754737815109,2025-08-09 16:40:15.109627+05:30,32,6
1365,1055830,528,513,1754737815210,2025-08-09 16:40:15.210502+05:30,32,6
1366,1055930,527,512,1754737815311,2025-08-09 16:40:15.311246+05:30,32,6
1367,1056031,527,521,1754737815412,2025-08-09 16:40:15.412171+05:30,32,6
1368,1056132,528,514,1754737815513,2025-08-09 16:40:15.513094+05:30,32,6
1369,1056233,526,508,1754737815614,2025-08-09 16:40:15.614034+05:30,32,6
1370,1056333,526,511,1754737815714,2025-08-09 16:40:15.714802+05:30,32,6
1371,1056435,526,509,1754737815815,2025-08-09 16:40:15.815609+05:30,32,6
1372,1056535,526,506,1754737815916,2025-08-09 16:40:15.916516+05:30,32,6
1373,1056636,526,514,1754737816017,2025-08-09 16:40:16.017340+05:30,32,6
1374,1056737,526,515,1754737816118,2025-08-09 16:40:16.118211+05:30,32,6
1375,1056838,527,522,1754737816219,2025-08-09 16:40:16.219104+05:30,32,6
1376,1056939,527,507,1754737816320,2025-08-09 16:40:16.320006+05:30,32,6
1377,1057040,525,506,1754737816420,2025-08-09 16:40:16.420836+05:30,32,6
1378,1057141,528,514,1754737816521,2025-08-09 16:40:16.521834+05:30,32,6
1379,1057242,528,506,1754737816622,2025-08-09 16:40:16.622643+05:30,32,6
1380,1057343,530,507,1754737816723,2025-08-09 16:40:16.723550+05:30,32,6
1381,1057443,527,507,1754737816824,2025-08-09 16:40:16.824386+05:30,32,6
1382,1057545,528,522,1754737816925,2025-08-09 16:40:16.925287+05:30,32,6
1383,1057645,528,513,1754737817026,2025-08-09 16:40:17.026167+05:30,32,6
1384,1057746,529,509,1754737817126,2025-08-09 16:40:17.126990+05:30,32,6
1385,1057847,529,510,1754737817227,2025-08-09 16:40:17.227979+05:30,32,6
1386,1057948,530,510,1754737817328,2025-08-09 16:40:17.328809+05:30,32,6
1387,1058049,529,508,1754737817429,2025-08-09 16:40:17.429723+05:30,32,6
1388,1058150,528,513,1754737817530,2025-08-09 16:40:17.530605+05:30,32,6
1389,1058250,528,515,1754737817631,2025-08-09 16:40:17.631630+05:30,32,6
1390,1058352,529,517,1754737817732,2025-08-09 16:40:17.732439+05:30,32,6
1391,1058452,526,509,1754737817833,2025-08-09 16:40:17.833266+05:30,32,6
1392,1058553,527,508,1754737817934,2025-08-09 16:40:17.934222+05:30,32,6
1393,1058654,528,506,1754737818035,2025-08-09 16:40:18.035267+05:30,32,6
1394,1058755,527,513,1754737818136,2025-08-09 16:40:18.136064+05:30,32,6
1395,1058855,526,513,1754737818236,2025-08-09 16:40:18.236842+05:30,32,6
1396,1058957,528,510,1754737818337,2025-08-09 16:40:18.337739+05:30,32,6
1397,1059057,527,516,1754737818438,2025-08-09 16:40:18.438642+05:30,32,6
1398,1059159,527,519,1754737818539,2025-08-09 16:40:18.539611+05:30,32,6
1399,1059259,528,507,1754737818640,2025-08-09 16:40:18.640459+05:30,32,6
1400,1059360,527,511,1754737818741,2025-08-09 16:40:18.741284+05:30,32,6
1401,1059461,529,508,1754737818842,2025-08-09 16:40:18.842151+05:30,32,6
1402,1059562,529,511,1754737818943,2025-08-09 16:40:18.943012+05:30,32,6
1403,1059662,529,510,1754737819043,2025-08-09 16:40:19.043894+05:30,32,6
1404,1059764,530,510,1754737819144,2025-08-09 16:40:19.144710+05:30,32,6
1405,1059864,529,513,1754737819245,2025-08-09 16:40:19.245695+05:30,32,6
1406,1059965,530,520,1754737819346,2025-08-09 16:40:19.346555+05:30,32,6
1407,1060066,530,510,1754737819447,2025-08-09 16:40:19.447464+05:30,32,6
1408,1060167,530,506,1754737819548,2025-08-09 16:40:19.548407+05:30,32,6
1409,1060269,528,513,1754737819649,2025-08-09 16:40:19.649345+05:30,32,6
1410,1060369,529,512,1754737819750,2025-08-09 16:40:19.750248+05:30,32,6
1411,1060470,528,509,1754737819851,2025-08-09 16:40:19.850995+05:30,32,6
1412,1060571,528,506,1754737819951,2025-08-09 16:40:19.951776+05:30,32,6
1413,1060672,530,508,1754737820052,2025-08-09 16:40:20.052649+05:30,32,6
1414,1060772,528,522,1754737820153,2025-08-09 16:40:20.153578+05:30,32,6
1415,1060874,529,511,1754737820254,2025-08-09 16:40:20.254455+05:30,32,6
1416,1060974,529,508,1754737820355,2025-08-09 16:40:20.355283+05:30,32,6
1417,1061075,527,512,1754737820456,2025-08-09 16:40:20.456246+05:30,32,6
1418,1061176,528,507,1754737820557,2025-08-09 16:40:20.557138+05:30,32,6
1419,1061277,528,502,1754737820658,2025-08-09 16:40:20.658007+05:30,32,6
1420,1061378,528,513,1754737820758,2025-08-09 16:40:20.758830+05:30,32,6
1421,1061479,529,518,1754737820859,2025-08-09 16:40:20.859630+05:30,32,6
1422,1061579,528,519,1754737820960,2025-08-09 16:40:20.960404+05:30,32,6
1423,1061681,527,509,1754737821061,2025-08-09 16:40:21.061287+05:30,32,6
1424,1061781,530,514,1754737821162,2025-08-09 16:40:21.162241+05:30,32,6
1425,1061882,530,512,1754737821263,2025-08-09 16:40:21.263077+05:30,32,6
1426,1061983,530,507,1754737821363,2025-08-09 16:40:21.363990+05:30,32,6
1427,1062084,531,509,1754737821464,2025-08-09 16:40:21.464835+05:30,32,6
1428,1062184,530,510,1754737821565,2025-08-09 16:40:21.565735+05:30,32,6
1429,1062286,530,526,1754737821666,2025-08-09 16:40:21.666558+05:30,32,6
1430,1062386,530,512,1754737821767,2025-08-09 16:40:21.767475+05:30,32,6
1431,1062488,529,507,1754737821868,2025-08-09 16:40:21.868353+05:30,32,6
1432,1062588,529,511,1754737821969,2025-08-09 16:40:21.969254+05:30,32,6
1433,1062689,531,509,1754737822070,2025-08-09 16:40:22.070112+05:30,32,6
1434,1062790,531,511,1754737822171,2025-08-09 16:40:22.171017+05:30,32,6
1435,1062891,528,509,1754737822271,2025-08-09 16:40:22.271911+05:30,32,6
1436,1062991,530,511,1754737822372,2025-08-09 16:40:22.372743+05:30,32,6
1437,1063093,527,526,1754737822473,2025-08-09 16:40:22.473581+05:30,32,6
1438,1063193,527,512,1754737822574,2025-08-09 16:40:22.574448+05:30,32,6
1439,1063294,528,509,1754737822675,2025-08-09 16:40:22.675402+05:30,32,6
1440,1063395,527,512,1754737822776,2025-08-09 16:40:22.776295+05:30,32,6
1441,1063496,527,507,1754737822877,2025-08-09 16:40:22.877160+05:30,32,6
1442,1063598,528,511,1754737822978,2025-08-09 16:40:22.978066+05:30,32,6
1443,1063698,529,511,1754737823078,2025-08-09 16:40:23.078984+05:30,32,6
1444,1063799,528,513,1754737823179,2025-08-09 16:40:23.179815+05:30,32,6
1445,1063900,529,522,1754737823280,2025-08-09 16:40:23.280685+05:30,32,6
1446,1064001,528,509,1754737823381,2025-08-09 16:40:23.381524+05:30,32,6
1447,1064101,530,508,1754737823482,2025-08-09 16:40:23.482452+05:30,32,6
1448,1064203,529,516,1754737823583,2025-08-09 16:40:23.583292+05:30,32,6
1449,1064303,532,507,1754737823684,2025-08-09 16:40:23.684117+05:30,32,6
1450,1064404,530,510,1754737823785,2025-08-09 16:40:23.785057+05:30,32,6
1451,1064505,530,513,1754737823885,2025-08-09 16:40:23.885958+05:30,32,6
1452,1064606,530,517,1754737823986,2025-08-09 16:40:23.986921+05:30,32,6
1453,1064707,530,513,1754737824087,2025-08-09 16:40:24.087694+05:30,32,6
