,Time_series,GSR,HR,timestamp,time2,subject,video_id
0,927238,495,509,1755151506937,2025-08-14 11:35:06.937849+05:30,33,6
1,927338,493,505,1755151507038,2025-08-14 11:35:07.038767+05:30,33,6
2,927439,492,502,1755151507139,2025-08-14 11:35:07.139528+05:30,33,6
3,927540,493,507,1755151507240,2025-08-14 11:35:07.240414+05:30,33,6
4,927641,503,530,1755151507341,2025-08-14 11:35:07.341332+05:30,33,6
5,927741,495,508,1755151507442,2025-08-14 11:35:07.442057+05:30,33,6
6,927843,491,501,1755151507542,2025-08-14 11:35:07.542847+05:30,33,6
7,927943,493,509,1755151507643,2025-08-14 11:35:07.643667+05:30,33,6
8,928045,492,507,1755151507744,2025-08-14 11:35:07.744681+05:30,33,6
9,928145,494,507,1755151507845,2025-08-14 11:35:07.845395+05:30,33,6
10,928246,494,509,1755151507946,2025-08-14 11:35:07.946249+05:30,33,6
11,928347,502,528,1755151508046,2025-08-14 11:35:08.046974+05:30,33,6
12,928448,498,520,1755151508147,2025-08-14 11:35:08.147836+05:30,33,6
13,928548,493,503,1755151508248,2025-08-14 11:35:08.248750+05:30,33,6
14,928649,495,507,1755151508349,2025-08-14 11:35:08.349512+05:30,33,6
15,928750,495,507,1755151508450,2025-08-14 11:35:08.450546+05:30,33,6
16,928850,494,505,1755151508551,2025-08-14 11:35:08.551177+05:30,33,6
17,928952,494,503,1755151508652,2025-08-14 11:35:08.652171+05:30,33,6
18,929052,502,524,1755151508753,2025-08-14 11:35:08.752994+05:30,33,6
19,929154,503,527,1755151508853,2025-08-14 11:35:08.853771+05:30,33,6
20,929254,491,502,1755151508954,2025-08-14 11:35:08.954570+05:30,33,6
21,929355,491,503,1755151509055,2025-08-14 11:35:09.055517+05:30,33,6
22,929456,491,508,1755151509156,2025-08-14 11:35:09.156278+05:30,33,6
23,929557,489,504,1755151509257,2025-08-14 11:35:09.257088+05:30,33,6
24,929657,490,506,1755151509357,2025-08-14 11:35:09.357932+05:30,33,6
25,929759,493,521,1755151509458,2025-08-14 11:35:09.458720+05:30,33,6
26,929859,493,525,1755151509559,2025-08-14 11:35:09.559589+05:30,33,6
27,929960,482,503,1755151509660,2025-08-14 11:35:09.660509+05:30,33,6
28,930061,483,506,1755151509761,2025-08-14 11:35:09.761206+05:30,33,6
29,930162,482,505,1755151509862,2025-08-14 11:35:09.862114+05:30,33,6
30,930263,481,504,1755151509962,2025-08-14 11:35:09.962903+05:30,33,6
31,930364,480,506,1755151510063,2025-08-14 11:35:10.063805+05:30,33,6
32,930464,489,527,1755151510164,2025-08-14 11:35:10.164602+05:30,33,6
33,930565,485,518,1755151510265,2025-08-14 11:35:10.265481+05:30,33,6
34,930666,478,502,1755151510366,2025-08-14 11:35:10.366252+05:30,33,6
35,930766,479,505,1755151510467,2025-08-14 11:35:10.467243+05:30,33,6
36,930868,479,507,1755151510567,2025-08-14 11:35:10.567915+05:30,33,6
37,930968,477,505,1755151510668,2025-08-14 11:35:10.668755+05:30,33,6
38,931069,478,506,1755151510769,2025-08-14 11:35:10.769565+05:30,33,6
39,931170,482,516,1755151510870,2025-08-14 11:35:10.870619+05:30,33,6
40,931271,486,523,1755151510971,2025-08-14 11:35:10.971426+05:30,33,6
41,931372,477,501,1755151511072,2025-08-14 11:35:11.072319+05:30,33,6
42,931473,479,507,1755151511173,2025-08-14 11:35:11.173112+05:30,33,6
43,931573,479,506,1755151511273,2025-08-14 11:35:11.273971+05:30,33,6
44,931675,479,506,1755151511374,2025-08-14 11:35:11.374796+05:30,33,6
45,931775,478,505,1755151511475,2025-08-14 11:35:11.475733+05:30,33,6
46,931876,481,509,1755151511576,2025-08-14 11:35:11.576422+05:30,33,6
47,931977,489,528,1755151511677,2025-08-14 11:35:11.677303+05:30,33,6
48,932078,483,509,1755151511778,2025-08-14 11:35:11.778084+05:30,33,6
49,932178,479,502,1755151511878,2025-08-14 11:35:11.878924+05:30,33,6
50,932280,483,509,1755151511979,2025-08-14 11:35:11.979671+05:30,33,6
51,932380,481,507,1755151512080,2025-08-14 11:35:12.080631+05:30,33,6
52,932481,483,507,1755151512181,2025-08-14 11:35:12.181325+05:30,33,6
53,932582,481,507,1755151512282,2025-08-14 11:35:12.282303+05:30,33,6
54,932682,491,529,1755151512383,2025-08-14 11:35:12.383171+05:30,33,6
55,932784,485,514,1755151512483,2025-08-14 11:35:12.483797+05:30,33,6
56,932884,481,505,1755151512584,2025-08-14 11:35:12.584628+05:30,33,6
57,932985,483,509,1755151512685,2025-08-14 11:35:12.685548+05:30,33,6
58,933086,481,504,1755151512786,2025-08-14 11:35:12.786372+05:30,33,6
59,933187,481,504,1755151512887,2025-08-14 11:35:12.887148+05:30,33,6
60,933287,480,506,1755151512988,2025-08-14 11:35:12.988003+05:30,33,6
61,933389,486,514,1755151513088,2025-08-14 11:35:13.088924+05:30,33,6
62,933489,490,528,1755151513189,2025-08-14 11:35:13.189680+05:30,33,6
63,933591,481,502,1755151513290,2025-08-14 11:35:13.290526+05:30,33,6
64,933691,480,504,1755151513391,2025-08-14 11:35:13.391361+05:30,33,6
65,933792,482,507,1755151513492,2025-08-14 11:35:13.492237+05:30,33,6
66,933893,482,505,1755151513593,2025-08-14 11:35:13.593037+05:30,33,6
67,933994,483,505,1755151513693,2025-08-14 11:35:13.693863+05:30,33,6
68,934094,480,501,1755151513794,2025-08-14 11:35:13.794624+05:30,33,6
69,934196,490,522,1755151513895,2025-08-14 11:35:13.895549+05:30,33,6
70,934296,491,525,1755151513996,2025-08-14 11:35:13.996338+05:30,33,6
71,934396,483,504,1755151514097,2025-08-14 11:35:14.097220+05:30,33,6
72,934498,485,506,1755151514198,2025-08-14 11:35:14.198039+05:30,33,6
73,934598,485,508,1755151514298,2025-08-14 11:35:14.298869+05:30,33,6
74,934700,485,507,1755151514399,2025-08-14 11:35:14.399725+05:30,33,6
75,934800,484,506,1755151514500,2025-08-14 11:35:14.500560+05:30,33,6
76,934901,485,506,1755151514601,2025-08-14 11:35:14.601347+05:30,33,6
77,935002,490,518,1755151514702,2025-08-14 11:35:14.702201+05:30,33,6
78,935103,492,522,1755151514803,2025-08-14 11:35:14.803031+05:30,33,6
79,935203,484,504,1755151514903,2025-08-14 11:35:14.903896+05:30,33,6
80,935305,485,504,1755151515004,2025-08-14 11:35:15.004706+05:30,33,6
81,935405,487,510,1755151515105,2025-08-14 11:35:15.105592+05:30,33,6
82,935506,484,504,1755151515206,2025-08-14 11:35:15.206407+05:30,33,6
83,935607,486,507,1755151515307,2025-08-14 11:35:15.307220+05:30,33,6
84,935708,484,507,1755151515408,2025-08-14 11:35:15.408122+05:30,33,6
85,935809,492,523,1755151515508,2025-08-14 11:35:15.508886+05:30,33,6
86,935910,488,515,1755151515609,2025-08-14 11:35:15.609723+05:30,33,6
87,936010,482,502,1755151515710,2025-08-14 11:35:15.710637+05:30,33,6
88,936112,484,509,1755151515811,2025-08-14 11:35:15.811337+05:30,33,6
89,936212,485,507,1755151515912,2025-08-14 11:35:15.912273+05:30,33,6
90,936312,484,507,1755151516013,2025-08-14 11:35:16.013029+05:30,33,6
91,936414,484,508,1755151516113,2025-08-14 11:35:16.113959+05:30,33,6
92,936514,488,512,1755151516214,2025-08-14 11:35:16.214701+05:30,33,6
93,936615,493,528,1755151516315,2025-08-14 11:35:16.315631+05:30,33,6
94,936716,487,511,1755151516416,2025-08-14 11:35:16.416405+05:30,33,6
95,936817,485,508,1755151516517,2025-08-14 11:35:16.517277+05:30,33,6
96,936918,487,508,1755151516618,2025-08-14 11:35:16.618059+05:30,33,6
97,937019,485,508,1755151516718,2025-08-14 11:35:16.718895+05:30,33,6
98,937119,486,505,1755151516819,2025-08-14 11:35:16.819793+05:30,33,6
99,937221,486,507,1755151516920,2025-08-14 11:35:16.920622+05:30,33,6
100,937321,495,525,1755151517021,2025-08-14 11:35:17.021446+05:30,33,6
101,937422,493,523,1755151517122,2025-08-14 11:35:17.122253+05:30,33,6
102,937523,486,501,1755151517223,2025-08-14 11:35:17.223101+05:30,33,6
103,937624,488,506,1755151517323,2025-08-14 11:35:17.323930+05:30,33,6
104,937724,487,509,1755151517424,2025-08-14 11:35:17.424806+05:30,33,6
105,937826,486,506,1755151517525,2025-08-14 11:35:17.525601+05:30,33,6
106,937926,486,501,1755151517626,2025-08-14 11:35:17.626414+05:30,33,6
107,938028,489,509,1755151517727,2025-08-14 11:35:17.727260+05:30,33,6
108,938128,497,528,1755151517828,2025-08-14 11:35:17.828106+05:30,33,6
109,938228,492,516,1755151517928,2025-08-14 11:35:17.928917+05:30,33,6
110,938330,487,503,1755151518029,2025-08-14 11:35:18.029770+05:30,33,6
111,938430,487,509,1755151518130,2025-08-14 11:35:18.130620+05:30,33,6
112,938531,487,507,1755151518231,2025-08-14 11:35:18.231478+05:30,33,6
113,938632,486,504,1755151518332,2025-08-14 11:35:18.332267+05:30,33,6
114,938733,486,506,1755151518433,2025-08-14 11:35:18.433176+05:30,33,6
115,938833,486,507,1755151518533,2025-08-14 11:35:18.533951+05:30,33,6
116,938935,495,526,1755151518634,2025-08-14 11:35:18.634818+05:30,33,6
117,939035,488,512,1755151518735,2025-08-14 11:35:18.735672+05:30,33,6
118,939137,486,502,1755151518836,2025-08-14 11:35:18.836475+05:30,33,6
119,939237,486,508,1755151518937,2025-08-14 11:35:18.937333+05:30,33,6
120,939338,486,504,1755151519038,2025-08-14 11:35:19.038222+05:30,33,6
121,939439,485,506,1755151519139,2025-08-14 11:35:19.139033+05:30,33,6
122,939540,486,508,1755151519240,2025-08-14 11:35:19.239988+05:30,33,6
123,939640,487,512,1755151519340,2025-08-14 11:35:19.340783+05:30,33,6
124,939742,493,523,1755151519441,2025-08-14 11:35:19.441650+05:30,33,6
125,939842,488,508,1755151519542,2025-08-14 11:35:19.542435+05:30,33,6
126,939943,486,506,1755151519643,2025-08-14 11:35:19.643485+05:30,33,6
127,940044,489,509,1755151519744,2025-08-14 11:35:19.744118+05:30,33,6
128,940144,489,508,1755151519844,2025-08-14 11:35:19.844922+05:30,33,6
129,940246,489,508,1755151519945,2025-08-14 11:35:19.945858+05:30,33,6
130,940346,488,505,1755151520046,2025-08-14 11:35:20.046508+05:30,33,6
131,940447,497,525,1755151520147,2025-08-14 11:35:20.147334+05:30,33,6
132,940548,496,520,1755151520248,2025-08-14 11:35:20.248164+05:30,33,6
133,940649,489,505,1755151520349,2025-08-14 11:35:20.348990+05:30,33,6
134,940749,490,506,1755151520449,2025-08-14 11:35:20.449820+05:30,33,6
135,940851,490,507,1755151520550,2025-08-14 11:35:20.550700+05:30,33,6
136,940951,489,504,1755151520651,2025-08-14 11:35:20.651467+05:30,33,6
137,941052,489,507,1755151520752,2025-08-14 11:35:20.752353+05:30,33,6
138,941153,490,507,1755151520853,2025-08-14 11:35:20.853188+05:30,33,6
139,941254,500,528,1755151520954,2025-08-14 11:35:20.954010+05:30,33,6
140,941355,492,515,1755151521054,2025-08-14 11:35:21.054889+05:30,33,6
141,941456,488,502,1755151521155,2025-08-14 11:35:21.155672+05:30,33,6
142,941556,490,505,1755151521256,2025-08-14 11:35:21.256554+05:30,33,6
143,941658,487,504,1755151521357,2025-08-14 11:35:21.357368+05:30,33,6
144,941758,486,502,1755151521458,2025-08-14 11:35:21.458163+05:30,33,6
145,941859,488,507,1755151521558,2025-08-14 11:35:21.558984+05:30,33,6
146,941960,488,506,1755151521659,2025-08-14 11:35:21.659860+05:30,33,6
147,942060,496,526,1755151521760,2025-08-14 11:35:21.760695+05:30,33,6
148,942161,494,520,1755151521861,2025-08-14 11:35:21.861517+05:30,33,6
149,942262,487,503,1755151521962,2025-08-14 11:35:21.962338+05:30,33,6
150,942363,490,508,1755151522063,2025-08-14 11:35:22.063207+05:30,33,6
151,942464,488,508,1755151522164,2025-08-14 11:35:22.164016+05:30,33,6
152,942565,489,506,1755151522264,2025-08-14 11:35:22.264878+05:30,33,6
153,942665,489,505,1755151522365,2025-08-14 11:35:22.365743+05:30,33,6
154,942767,490,507,1755151522466,2025-08-14 11:35:22.466805+05:30,33,6
155,942867,495,516,1755151522567,2025-08-14 11:35:22.567438+05:30,33,6
156,942968,498,525,1755151522668,2025-08-14 11:35:22.668353+05:30,33,6
157,943069,489,505,1755151522769,2025-08-14 11:35:22.769078+05:30,33,6
158,943170,492,505,1755151522870,2025-08-14 11:35:22.870178+05:30,33,6
159,943270,492,506,1755151522970,2025-08-14 11:35:22.970935+05:30,33,6
160,943372,490,504,1755151523071,2025-08-14 11:35:23.071721+05:30,33,6
161,943472,491,507,1755151523172,2025-08-14 11:35:23.172447+05:30,33,6
162,943574,491,504,1755151523273,2025-08-14 11:35:23.273341+05:30,33,6
163,943674,494,512,1755151523374,2025-08-14 11:35:23.374084+05:30,33,6
164,943775,500,526,1755151523474,2025-08-14 11:35:23.474960+05:30,33,6
165,943876,492,508,1755151523575,2025-08-14 11:35:23.575827+05:30,33,6
166,943976,491,506,1755151523676,2025-08-14 11:35:23.676684+05:30,33,6
167,944077,491,507,1755151523777,2025-08-14 11:35:23.777557+05:30,33,6
168,944178,491,506,1755151523878,2025-08-14 11:35:23.878355+05:30,33,6
169,944279,491,508,1755151523979,2025-08-14 11:35:23.979098+05:30,33,6
170,944379,490,508,1755151524079,2025-08-14 11:35:24.079915+05:30,33,6
171,944481,494,516,1755151524180,2025-08-14 11:35:24.180816+05:30,33,6
172,944581,499,528,1755151524281,2025-08-14 11:35:24.281628+05:30,33,6
173,944683,491,510,1755151524382,2025-08-14 11:35:24.382419+05:30,33,6
174,944783,489,506,1755151524483,2025-08-14 11:35:24.483279+05:30,33,6
175,944884,491,507,1755151524584,2025-08-14 11:35:24.584258+05:30,33,6
176,944985,490,508,1755151524685,2025-08-14 11:35:24.685025+05:30,33,6
177,945086,490,508,1755151524785,2025-08-14 11:35:24.785914+05:30,33,6
178,945186,489,505,1755151524886,2025-08-14 11:35:24.886776+05:30,33,6
179,945288,493,512,1755151524987,2025-08-14 11:35:24.987508+05:30,33,6
180,945388,501,530,1755151525088,2025-08-14 11:35:25.088349+05:30,33,6
181,945489,493,510,1755151525189,2025-08-14 11:35:25.189150+05:30,33,6
182,945590,491,501,1755151525290,2025-08-14 11:35:25.290090+05:30,33,6
183,945691,492,509,1755151525391,2025-08-14 11:35:25.391074+05:30,33,6
184,945792,493,505,1755151525491,2025-08-14 11:35:25.491836+05:30,33,6
185,945892,493,508,1755151525592,2025-08-14 11:35:25.592670+05:30,33,6
186,945993,493,508,1755151525693,2025-08-14 11:35:25.693394+05:30,33,6
187,946094,495,513,1755151525794,2025-08-14 11:35:25.794290+05:30,33,6
188,946195,502,530,1755151525895,2025-08-14 11:35:25.895100+05:30,33,6
189,946295,494,512,1755151525995,2025-08-14 11:35:25.995902+05:30,33,6
190,946397,492,504,1755151526096,2025-08-14 11:35:26.096645+05:30,33,6
191,946497,495,509,1755151526197,2025-08-14 11:35:26.197468+05:30,33,6
192,946598,492,503,1755151526298,2025-08-14 11:35:26.298436+05:30,33,6
193,946699,492,505,1755151526399,2025-08-14 11:35:26.399241+05:30,33,6
194,946800,492,507,1755151526499,2025-08-14 11:35:26.499946+05:30,33,6
195,946900,496,515,1755151526600,2025-08-14 11:35:26.600829+05:30,33,6
196,947002,503,531,1755151526701,2025-08-14 11:35:26.701671+05:30,33,6
197,947102,492,506,1755151526802,2025-08-14 11:35:26.802465+05:30,33,6
198,947204,490,505,1755151526903,2025-08-14 11:35:26.903308+05:30,33,6
199,947304,492,508,1755151527004,2025-08-14 11:35:27.004179+05:30,33,6
200,947405,489,503,1755151527105,2025-08-14 11:35:27.105070+05:30,33,6
201,947506,490,503,1755151527205,2025-08-14 11:35:27.205897+05:30,33,6
202,947607,491,503,1755151527306,2025-08-14 11:35:27.306675+05:30,33,6
203,947707,496,518,1755151527407,2025-08-14 11:35:27.407495+05:30,33,6
204,947808,499,526,1755151527508,2025-08-14 11:35:27.508393+05:30,33,6
205,947909,491,504,1755151527609,2025-08-14 11:35:27.609175+05:30,33,6
206,948009,489,500,1755151527710,2025-08-14 11:35:27.710174+05:30,33,6
207,948111,489,501,1755151527810,2025-08-14 11:35:27.810901+05:30,33,6
208,948211,490,501,1755151527911,2025-08-14 11:35:27.911750+05:30,33,6
209,948313,492,505,1755151528012,2025-08-14 11:35:28.012493+05:30,33,6
210,948413,491,505,1755151528113,2025-08-14 11:35:28.113346+05:30,33,6
211,948514,500,524,1755151528214,2025-08-14 11:35:28.214176+05:30,33,6
212,948615,498,518,1755151528315,2025-08-14 11:35:28.315026+05:30,33,6
213,948716,491,503,1755151528415,2025-08-14 11:35:28.415868+05:30,33,6
214,948816,494,508,1755151528516,2025-08-14 11:35:28.516740+05:30,33,6
215,948918,495,509,1755151528617,2025-08-14 11:35:28.617496+05:30,33,6
216,949018,494,506,1755151528718,2025-08-14 11:35:28.718528+05:30,33,6
217,949120,493,504,1755151528819,2025-08-14 11:35:28.819370+05:30,33,6
218,949220,494,507,1755151528920,2025-08-14 11:35:28.920150+05:30,33,6
219,949321,502,524,1755151529021,2025-08-14 11:35:29.021062+05:30,33,6
220,949422,497,511,1755151529121,2025-08-14 11:35:29.121874+05:30,33,6
221,949523,493,506,1755151529222,2025-08-14 11:35:29.222574+05:30,33,6
222,949623,495,509,1755151529323,2025-08-14 11:35:29.323411+05:30,33,6
223,949724,493,507,1755151529424,2025-08-14 11:35:29.424216+05:30,33,6
224,949825,494,507,1755151529525,2025-08-14 11:35:29.525182+05:30,33,6
225,949925,493,506,1755151529626,2025-08-14 11:35:29.626028+05:30,33,6
226,950027,497,518,1755151529726,2025-08-14 11:35:29.726837+05:30,33,6
227,950127,499,523,1755151529827,2025-08-14 11:35:29.827542+05:30,33,6
228,950228,490,506,1755151529928,2025-08-14 11:35:29.928496+05:30,33,6
229,950329,492,508,1755151530029,2025-08-14 11:35:30.029255+05:30,33,6
230,950430,493,510,1755151530130,2025-08-14 11:35:30.130026+05:30,33,6
231,950531,492,504,1755151530230,2025-08-14 11:35:30.230918+05:30,33,6
232,950632,492,507,1755151530331,2025-08-14 11:35:30.331789+05:30,33,6
233,950732,492,506,1755151530432,2025-08-14 11:35:30.432544+05:30,33,6
234,950834,502,529,1755151530533,2025-08-14 11:35:30.533362+05:30,33,6
235,950934,499,519,1755151530634,2025-08-14 11:35:30.634241+05:30,33,6
236,951035,493,505,1755151530735,2025-08-14 11:35:30.735084+05:30,33,6
237,951136,494,508,1755151530835,2025-08-14 11:35:30.835972+05:30,33,6
238,951237,493,507,1755151530936,2025-08-14 11:35:30.936764+05:30,33,6
239,951337,495,506,1755151531037,2025-08-14 11:35:31.037687+05:30,33,6
240,951439,494,507,1755151531138,2025-08-14 11:35:31.138493+05:30,33,6
241,951539,494,505,1755151531239,2025-08-14 11:35:31.239229+05:30,33,6
242,951640,505,528,1755151531340,2025-08-14 11:35:31.340078+05:30,33,6
243,951741,499,517,1755151531440,2025-08-14 11:35:31.440917+05:30,33,6
244,951841,494,503,1755151531541,2025-08-14 11:35:31.541710+05:30,33,6
245,951943,495,508,1755151531642,2025-08-14 11:35:31.642576+05:30,33,6
246,952043,494,505,1755151531743,2025-08-14 11:35:31.743438+05:30,33,6
247,952144,494,506,1755151531844,2025-08-14 11:35:31.844275+05:30,33,6
248,952245,494,504,1755151531945,2025-08-14 11:35:31.945101+05:30,33,6
249,952346,494,506,1755151532046,2025-08-14 11:35:32.046013+05:30,33,6
250,952446,502,526,1755151532146,2025-08-14 11:35:32.146797+05:30,33,6
251,952548,497,514,1755151532247,2025-08-14 11:35:32.247615+05:30,33,6
252,952648,492,505,1755151532348,2025-08-14 11:35:32.348419+05:30,33,6
253,952750,494,510,1755151532449,2025-08-14 11:35:32.449260+05:30,33,6
254,952850,492,507,1755151532550,2025-08-14 11:35:32.550120+05:30,33,6
255,952951,492,506,1755151532650,2025-08-14 11:35:32.650968+05:30,33,6
256,953052,493,507,1755151532751,2025-08-14 11:35:32.751756+05:30,33,6
257,953153,499,522,1755151532852,2025-08-14 11:35:32.852597+05:30,33,6
258,953253,500,525,1755151532953,2025-08-14 11:35:32.953461+05:30,33,6
259,953355,493,504,1755151533054,2025-08-14 11:35:33.054272+05:30,33,6
260,953455,493,503,1755151533155,2025-08-14 11:35:33.155165+05:30,33,6
261,953555,492,507,1755151533255,2025-08-14 11:35:33.255960+05:30,33,6
262,953657,494,504,1755151533356,2025-08-14 11:35:33.356833+05:30,33,6
263,953757,494,509,1755151533457,2025-08-14 11:35:33.457698+05:30,33,6
264,953859,493,505,1755151533558,2025-08-14 11:35:33.558582+05:30,33,6
265,953959,503,530,1755151533659,2025-08-14 11:35:33.659385+05:30,33,6
266,954060,498,516,1755151533760,2025-08-14 11:35:33.760150+05:30,33,6
267,954161,492,503,1755151533860,2025-08-14 11:35:33.860968+05:30,33,6
268,954262,494,506,1755151533961,2025-08-14 11:35:33.961841+05:30,33,6
269,954362,494,503,1755151534062,2025-08-14 11:35:34.062829+05:30,33,6
270,954464,494,504,1755151534163,2025-08-14 11:35:34.163506+05:30,33,6
271,954564,493,501,1755151534264,2025-08-14 11:35:34.264299+05:30,33,6
272,954665,498,514,1755151534365,2025-08-14 11:35:34.365132+05:30,33,6
273,954766,505,528,1755151534466,2025-08-14 11:35:34.465992+05:30,33,6
274,954867,496,507,1755151534566,2025-08-14 11:35:34.566862+05:30,33,6
275,954968,492,502,1755151534667,2025-08-14 11:35:34.667653+05:30,33,6
276,955069,495,506,1755151534768,2025-08-14 11:35:34.768465+05:30,33,6
277,955169,493,504,1755151534869,2025-08-14 11:35:34.869292+05:30,33,6
278,955271,494,506,1755151534970,2025-08-14 11:35:34.970204+05:30,33,6
279,955371,494,506,1755151535071,2025-08-14 11:35:35.071147+05:30,33,6
280,955471,500,523,1755151535171,2025-08-14 11:35:35.171964+05:30,33,6
281,955573,494,510,1755151535272,2025-08-14 11:35:35.272909+05:30,33,6
282,955673,492,502,1755151535373,2025-08-14 11:35:35.373772+05:30,33,6
283,955774,494,509,1755151535474,2025-08-14 11:35:35.474479+05:30,33,6
284,955875,493,506,1755151535575,2025-08-14 11:35:35.575349+05:30,33,6
285,955976,493,508,1755151535676,2025-08-14 11:35:35.676210+05:30,33,6
286,956077,493,507,1755151535776,2025-08-14 11:35:35.776832+05:30,33,6
287,956178,498,522,1755151535877,2025-08-14 11:35:35.877732+05:30,33,6
288,956278,502,526,1755151535978,2025-08-14 11:35:35.978576+05:30,33,6
289,956380,492,504,1755151536079,2025-08-14 11:35:36.079369+05:30,33,6
290,956480,494,508,1755151536180,2025-08-14 11:35:36.180208+05:30,33,6
291,956581,495,508,1755151536281,2025-08-14 11:35:36.281154+05:30,33,6
292,956682,495,505,1755151536381,2025-08-14 11:35:36.381980+05:30,33,6
293,956783,494,507,1755151536482,2025-08-14 11:35:36.482763+05:30,33,6
294,956883,495,507,1755151536583,2025-08-14 11:35:36.583609+05:30,33,6
295,956985,505,530,1755151536684,2025-08-14 11:35:36.684628+05:30,33,6
296,957085,501,519,1755151536785,2025-08-14 11:35:36.785288+05:30,33,6
297,957187,495,503,1755151536886,2025-08-14 11:35:36.886091+05:30,33,6
298,957287,496,508,1755151536986,2025-08-14 11:35:36.986884+05:30,33,6
299,957387,497,509,1755151537087,2025-08-14 11:35:37.087709+05:30,33,6
300,957489,494,504,1755151537188,2025-08-14 11:35:37.188570+05:30,33,6
301,957589,495,506,1755151537289,2025-08-14 11:35:37.289481+05:30,33,6
302,957690,499,511,1755151537390,2025-08-14 11:35:37.390351+05:30,33,6
303,957791,505,531,1755151537491,2025-08-14 11:35:37.491325+05:30,33,6
304,957892,495,508,1755151537592,2025-08-14 11:35:37.592150+05:30,33,6
305,957992,493,502,1755151537692,2025-08-14 11:35:37.692862+05:30,33,6
306,958094,495,507,1755151537793,2025-08-14 11:35:37.793703+05:30,33,6
307,958194,493,503,1755151537894,2025-08-14 11:35:37.894583+05:30,33,6
308,958296,493,503,1755151537995,2025-08-14 11:35:37.995559+05:30,33,6
309,958396,493,503,1755151538096,2025-08-14 11:35:38.096070+05:30,33,6
310,958497,497,514,1755151538196,2025-08-14 11:35:38.196941+05:30,33,6
311,958598,503,527,1755151538297,2025-08-14 11:35:38.297813+05:30,33,6
312,958699,493,505,1755151538398,2025-08-14 11:35:38.398642+05:30,33,6
313,958799,492,505,1755151538499,2025-08-14 11:35:38.499414+05:30,33,6
314,958901,495,509,1755151538600,2025-08-14 11:35:38.600258+05:30,33,6
315,959001,493,506,1755151538701,2025-08-14 11:35:38.701104+05:30,33,6
316,959102,495,506,1755151538801,2025-08-14 11:35:38.801938+05:30,33,6
317,959203,495,508,1755151538902,2025-08-14 11:35:38.902857+05:30,33,6
318,959303,501,522,1755151539003,2025-08-14 11:35:39.003570+05:30,33,6
319,959405,503,524,1755151539104,2025-08-14 11:35:39.104575+05:30,33,6
320,959505,494,504,1755151539205,2025-08-14 11:35:39.205310+05:30,33,6
321,959606,496,507,1755151539306,2025-08-14 11:35:39.306198+05:30,33,6
322,959707,495,503,1755151539407,2025-08-14 11:35:39.407028+05:30,33,6
323,959808,496,508,1755151539507,2025-08-14 11:35:39.507854+05:30,33,6
324,959908,496,508,1755151539608,2025-08-14 11:35:39.608676+05:30,33,6
325,960010,496,508,1755151539709,2025-08-14 11:35:39.709462+05:30,33,6
326,960110,508,533,1755151539810,2025-08-14 11:35:39.810364+05:30,33,6
327,960211,501,518,1755151539911,2025-08-14 11:35:39.911138+05:30,33,6
328,960312,494,499,1755151540011,2025-08-14 11:35:40.011957+05:30,33,6
329,960413,497,508,1755151540112,2025-08-14 11:35:40.112904+05:30,33,6
330,960514,496,507,1755151540213,2025-08-14 11:35:40.213692+05:30,33,6
331,960615,494,502,1755151540314,2025-08-14 11:35:40.314512+05:30,33,6
332,960715,495,504,1755151540415,2025-08-14 11:35:40.415482+05:30,33,6
333,960817,498,510,1755151540516,2025-08-14 11:35:40.516312+05:30,33,6
334,960917,507,532,1755151540617,2025-08-14 11:35:40.617022+05:30,33,6
335,961018,498,514,1755151540718,2025-08-14 11:35:40.718025+05:30,33,6
336,961119,493,502,1755151540818,2025-08-14 11:35:40.818793+05:30,33,6
337,961220,495,507,1755151540919,2025-08-14 11:35:40.919591+05:30,33,6
338,961320,495,507,1755151541020,2025-08-14 11:35:41.020509+05:30,33,6
339,961421,495,503,1755151541121,2025-08-14 11:35:41.121264+05:30,33,6
340,961522,495,508,1755151541222,2025-08-14 11:35:41.222088+05:30,33,6
341,961623,496,506,1755151541322,2025-08-14 11:35:41.322982+05:30,33,6
342,961724,502,525,1755151541423,2025-08-14 11:35:41.423672+05:30,33,6
343,961824,498,515,1755151541524,2025-08-14 11:35:41.524587+05:30,33,6
344,961926,493,502,1755151541625,2025-08-14 11:35:41.625340+05:30,33,6
345,962026,496,506,1755151541726,2025-08-14 11:35:41.726220+05:30,33,6
346,962127,495,506,1755151541827,2025-08-14 11:35:41.827060+05:30,33,6
347,962228,495,503,1755151541927,2025-08-14 11:35:41.927909+05:30,33,6
348,962329,497,509,1755151542028,2025-08-14 11:35:42.028680+05:30,33,6
349,962429,498,509,1755151542129,2025-08-14 11:35:42.129540+05:30,33,6
350,962531,507,528,1755151542230,2025-08-14 11:35:42.230521+05:30,33,6
351,962631,502,520,1755151542331,2025-08-14 11:35:42.331203+05:30,33,6
352,962733,495,502,1755151542432,2025-08-14 11:35:42.432059+05:30,33,6
353,962833,497,507,1755151542532,2025-08-14 11:35:42.532947+05:30,33,6
354,962934,497,507,1755151542633,2025-08-14 11:35:42.633736+05:30,33,6
355,963035,497,506,1755151542734,2025-08-14 11:35:42.734568+05:30,33,6
356,963136,496,505,1755151542835,2025-08-14 11:35:42.835407+05:30,33,6
357,963236,498,507,1755151542936,2025-08-14 11:35:42.936252+05:30,33,6
358,963337,507,531,1755151543037,2025-08-14 11:35:43.037078+05:30,33,6
359,963438,503,522,1755151543137,2025-08-14 11:35:43.137894+05:30,33,6
360,963538,493,497,1755151543238,2025-08-14 11:35:43.238755+05:30,33,6
361,963640,498,510,1755151543339,2025-08-14 11:35:43.339587+05:30,33,6
362,963740,495,504,1755151543440,2025-08-14 11:35:43.440415+05:30,33,6
363,963842,495,501,1755151543541,2025-08-14 11:35:43.541272+05:30,33,6
364,963942,494,502,1755151543642,2025-08-14 11:35:43.642067+05:30,33,6
365,964043,494,501,1755151543742,2025-08-14 11:35:43.742966+05:30,33,6
366,964144,502,524,1755151543843,2025-08-14 11:35:43.843735+05:30,33,6
367,964245,499,521,1755151543944,2025-08-14 11:35:43.944544+05:30,33,6
368,964345,493,502,1755151544045,2025-08-14 11:35:44.045448+05:30,33,6
369,964447,495,506,1755151544146,2025-08-14 11:35:44.146296+05:30,33,6
370,964547,494,505,1755151544247,2025-08-14 11:35:44.247328+05:30,33,6
371,964648,495,506,1755151544348,2025-08-14 11:35:44.348088+05:30,33,6
372,964749,495,506,1755151544448,2025-08-14 11:35:44.448889+05:30,33,6
373,964850,496,507,1755151544549,2025-08-14 11:35:44.549594+05:30,33,6
374,964951,506,527,1755151544650,2025-08-14 11:35:44.650396+05:30,33,6
375,965052,500,515,1755151544751,2025-08-14 11:35:44.751279+05:30,33,6
376,965152,494,502,1755151544852,2025-08-14 11:35:44.852096+05:30,33,6
377,965253,498,509,1755151544952,2025-08-14 11:35:44.952927+05:30,33,6
378,965354,497,506,1755151545053,2025-08-14 11:35:45.053759+05:30,33,6
379,965454,494,498,1755151545154,2025-08-14 11:35:45.154598+05:30,33,6
380,965556,496,504,1755151545255,2025-08-14 11:35:45.255459+05:30,33,6
381,965656,498,508,1755151545356,2025-08-14 11:35:45.356328+05:30,33,6
382,965757,505,523,1755151545457,2025-08-14 11:35:45.457121+05:30,33,6
383,965858,498,502,1755151545557,2025-08-14 11:35:45.557985+05:30,33,6
384,965959,498,507,1755151545658,2025-08-14 11:35:45.658841+05:30,33,6
385,966060,496,506,1755151545759,2025-08-14 11:35:45.759638+05:30,33,6
386,966161,497,509,1755151545860,2025-08-14 11:35:45.860421+05:30,33,6
387,966261,498,508,1755151545961,2025-08-14 11:35:45.961300+05:30,33,6
388,966363,497,509,1755151546062,2025-08-14 11:35:46.062170+05:30,33,6
389,966463,504,524,1755151546162,2025-08-14 11:35:46.162987+05:30,33,6
390,966564,504,525,1755151546263,2025-08-14 11:35:46.263804+05:30,33,6
391,966665,495,504,1755151546364,2025-08-14 11:35:46.364643+05:30,33,6
392,966766,497,509,1755151546465,2025-08-14 11:35:46.465454+05:30,33,6
393,966866,496,506,1755151546566,2025-08-14 11:35:46.566326+05:30,33,6
394,966968,497,505,1755151546667,2025-08-14 11:35:46.667148+05:30,33,6
395,967068,495,506,1755151546767,2025-08-14 11:35:46.767953+05:30,33,6
396,967169,497,508,1755151546868,2025-08-14 11:35:46.868787+05:30,33,6
397,967270,503,526,1755151546969,2025-08-14 11:35:46.969683+05:30,33,6
398,967370,503,518,1755151547070,2025-08-14 11:35:47.070474+05:30,33,6
399,967472,496,504,1755151547171,2025-08-14 11:35:47.171347+05:30,33,6
400,967572,496,505,1755151547272,2025-08-14 11:35:47.272260+05:30,33,6
401,967673,496,505,1755151547372,2025-08-14 11:35:47.372967+05:30,33,6
402,967774,498,505,1755151547473,2025-08-14 11:35:47.473820+05:30,33,6
403,967875,497,503,1755151547574,2025-08-14 11:35:47.574776+05:30,33,6
404,967975,497,503,1755151547675,2025-08-14 11:35:47.675747+05:30,33,6
405,968077,505,524,1755151547776,2025-08-14 11:35:47.776463+05:30,33,6
406,968177,502,516,1755151547877,2025-08-14 11:35:47.877274+05:30,33,6
407,968279,498,504,1755151547978,2025-08-14 11:35:47.978159+05:30,33,6
408,968379,500,508,1755151548079,2025-08-14 11:35:48.079016+05:30,33,6
409,968480,499,507,1755151548179,2025-08-14 11:35:48.179824+05:30,33,6
410,968581,498,506,1755151548280,2025-08-14 11:35:48.280651+05:30,33,6
411,968682,498,507,1755151548381,2025-08-14 11:35:48.381575+05:30,33,6
412,968782,500,513,1755151548482,2025-08-14 11:35:48.482404+05:30,33,6
413,968884,506,527,1755151548583,2025-08-14 11:35:48.583174+05:30,33,6
414,968984,500,509,1755151548684,2025-08-14 11:35:48.683996+05:30,33,6
415,969084,496,504,1755151548784,2025-08-14 11:35:48.784982+05:30,33,6
416,969186,498,509,1755151548885,2025-08-14 11:35:48.885649+05:30,33,6
417,969286,497,506,1755151548986,2025-08-14 11:35:48.986555+05:30,33,6
418,969388,496,505,1755151549087,2025-08-14 11:35:49.087385+05:30,33,6
419,969488,496,505,1755151549188,2025-08-14 11:35:49.188227+05:30,33,6
420,969589,500,516,1755151549289,2025-08-14 11:35:49.289007+05:30,33,6
421,969690,507,531,1755151549389,2025-08-14 11:35:49.389921+05:30,33,6
422,969791,498,506,1755151549490,2025-08-14 11:35:49.490728+05:30,33,6
423,969891,495,503,1755151549591,2025-08-14 11:35:49.591551+05:30,33,6
424,969993,497,511,1755151549692,2025-08-14 11:35:49.692297+05:30,33,6
425,970093,496,507,1755151549793,2025-08-14 11:35:49.793098+05:30,33,6
426,970194,497,505,1755151549893,2025-08-14 11:35:49.893957+05:30,33,6
427,970295,498,507,1755151549994,2025-08-14 11:35:49.994780+05:30,33,6
428,970396,502,514,1755151550095,2025-08-14 11:35:50.095636+05:30,33,6
429,970497,507,529,1755151550196,2025-08-14 11:35:50.196578+05:30,33,6
430,970598,499,509,1755151550297,2025-08-14 11:35:50.297446+05:30,33,6
431,970698,498,502,1755151550398,2025-08-14 11:35:50.398213+05:30,33,6
432,970800,498,507,1755151550499,2025-08-14 11:35:50.499093+05:30,33,6
433,970900,497,503,1755151550599,2025-08-14 11:35:50.599775+05:30,33,6
434,971000,498,506,1755151550700,2025-08-14 11:35:50.700639+05:30,33,6
435,971102,498,506,1755151550801,2025-08-14 11:35:50.801396+05:30,33,6
436,971202,505,519,1755151550902,2025-08-14 11:35:50.902331+05:30,33,6
437,971303,506,522,1755151551003,2025-08-14 11:35:51.003129+05:30,33,6
438,971404,498,506,1755151551103,2025-08-14 11:35:51.103889+05:30,33,6
439,971505,499,508,1755151551204,2025-08-14 11:35:51.204783+05:30,33,6
440,971606,499,510,1755151551305,2025-08-14 11:35:51.305683+05:30,33,6
441,971707,500,508,1755151551406,2025-08-14 11:35:51.406452+05:30,33,6
442,971807,498,506,1755151551507,2025-08-14 11:35:51.507257+05:30,33,6
443,971909,498,508,1755151551608,2025-08-14 11:35:51.608077+05:30,33,6
444,972009,508,531,1755151551708,2025-08-14 11:35:51.708985+05:30,33,6
445,972110,501,515,1755151551809,2025-08-14 11:35:51.809787+05:30,33,6
446,972211,495,501,1755151551910,2025-08-14 11:35:51.910670+05:30,33,6
447,972312,498,508,1755151552011,2025-08-14 11:35:52.011421+05:30,33,6
448,972412,498,507,1755151552112,2025-08-14 11:35:52.112422+05:30,33,6
449,972514,495,504,1755151552213,2025-08-14 11:35:52.213185+05:30,33,6
450,972614,497,508,1755151552314,2025-08-14 11:35:52.314014+05:30,33,6
451,972716,501,514,1755151552414,2025-08-14 11:35:52.414837+05:30,33,6
452,972816,508,531,1755151552515,2025-08-14 11:35:52.515611+05:30,33,6
453,972916,498,508,1755151552616,2025-08-14 11:35:52.616446+05:30,33,6
454,973018,496,503,1755151552717,2025-08-14 11:35:52.717318+05:30,33,6
455,973118,499,508,1755151552818,2025-08-14 11:35:52.818163+05:30,33,6
456,973219,498,506,1755151552918,2025-08-14 11:35:52.918962+05:30,33,6
457,973320,498,504,1755151553020,2025-08-14 11:35:53.019998+05:30,33,6
458,973421,499,507,1755151553120,2025-08-14 11:35:53.120897+05:30,33,6
459,973521,502,514,1755151553221,2025-08-14 11:35:53.221862+05:30,33,6
460,973623,510,531,1755151553322,2025-08-14 11:35:53.322377+05:30,33,6
461,973723,500,507,1755151553423,2025-08-14 11:35:53.423310+05:30,33,6
462,973825,497,501,1755151553524,2025-08-14 11:35:53.524077+05:30,33,6
463,973925,501,509,1755151553624,2025-08-14 11:35:53.624913+05:30,33,6
464,974026,499,505,1755151553725,2025-08-14 11:35:53.725703+05:30,33,6
465,974127,498,503,1755151553826,2025-08-14 11:35:53.826530+05:30,33,6
466,974228,499,506,1755151553927,2025-08-14 11:35:53.927340+05:30,33,6
467,974328,499,508,1755151554028,2025-08-14 11:35:54.028249+05:30,33,6
468,974430,508,526,1755151554129,2025-08-14 11:35:54.129009+05:30,33,6
469,974530,501,512,1755151554229,2025-08-14 11:35:54.229918+05:30,33,6
470,974631,498,502,1755151554330,2025-08-14 11:35:54.330676+05:30,33,6
471,974732,499,508,1755151554431,2025-08-14 11:35:54.431463+05:30,33,6
472,974832,498,506,1755151554532,2025-08-14 11:35:54.532321+05:30,33,6
473,974934,498,507,1755151554633,2025-08-14 11:35:54.633194+05:30,33,6
474,975034,498,504,1755151554734,2025-08-14 11:35:54.734048+05:30,33,6
475,975135,501,515,1755151554834,2025-08-14 11:35:54.834897+05:30,33,6
476,975236,509,532,1755151554935,2025-08-14 11:35:54.935705+05:30,33,6
477,975337,498,508,1755151555036,2025-08-14 11:35:55.036542+05:30,33,6
478,975437,497,503,1755151555137,2025-08-14 11:35:55.137379+05:30,33,6
479,975539,499,509,1755151555238,2025-08-14 11:35:55.238245+05:30,33,6
480,975639,498,505,1755151555339,2025-08-14 11:35:55.339033+05:30,33,6
481,975740,498,505,1755151555439,2025-08-14 11:35:55.439884+05:30,33,6
482,975841,499,507,1755151555540,2025-08-14 11:35:55.540727+05:30,33,6
483,975942,498,506,1755151555641,2025-08-14 11:35:55.641506+05:30,33,6
484,976043,508,529,1755151555742,2025-08-14 11:35:55.742438+05:30,33,6
485,976144,504,515,1755151555843,2025-08-14 11:35:55.843191+05:30,33,6
486,976244,498,503,1755151555944,2025-08-14 11:35:55.944051+05:30,33,6
487,976346,499,505,1755151556044,2025-08-14 11:35:56.044878+05:30,33,6
488,976446,500,509,1755151556145,2025-08-14 11:35:56.145735+05:30,33,6
489,976547,499,504,1755151556246,2025-08-14 11:35:56.246518+05:30,33,6
490,976648,498,505,1755151556347,2025-08-14 11:35:56.347390+05:30,33,6
491,976748,499,503,1755151556448,2025-08-14 11:35:56.448244+05:30,33,6
492,976849,505,518,1755151556549,2025-08-14 11:35:56.549183+05:30,33,6
493,976950,508,526,1755151556649,2025-08-14 11:35:56.649953+05:30,33,6
494,977051,500,506,1755151556750,2025-08-14 11:35:56.750707+05:30,33,6
495,977152,498,503,1755151556851,2025-08-14 11:35:56.851534+05:30,33,6
496,977253,500,508,1755151556952,2025-08-14 11:35:56.952499+05:30,33,6
497,977353,499,507,1755151557053,2025-08-14 11:35:57.053458+05:30,33,6
498,977455,499,509,1755151557154,2025-08-14 11:35:57.154087+05:30,33,6
499,977555,500,508,1755151557254,2025-08-14 11:35:57.254896+05:30,33,6
500,977656,502,513,1755151557355,2025-08-14 11:35:57.355769+05:30,33,6
501,977757,508,529,1755151557456,2025-08-14 11:35:57.456557+05:30,33,6
502,977858,501,511,1755151557557,2025-08-14 11:35:57.557513+05:30,33,6
503,977958,498,504,1755151557658,2025-08-14 11:35:57.658224+05:30,33,6
504,978060,499,505,1755151557759,2025-08-14 11:35:57.759105+05:30,33,6
505,978160,498,503,1755151557859,2025-08-14 11:35:57.859977+05:30,33,6
506,978262,498,503,1755151557960,2025-08-14 11:35:57.960798+05:30,33,6
507,978362,499,508,1755151558061,2025-08-14 11:35:58.061608+05:30,33,6
508,978463,499,507,1755151558162,2025-08-14 11:35:58.162437+05:30,33,6
509,978564,510,529,1755151558263,2025-08-14 11:35:58.263241+05:30,33,6
510,978664,506,522,1755151558364,2025-08-14 11:35:58.364095+05:30,33,6
511,978765,498,501,1755151558464,2025-08-14 11:35:58.464921+05:30,33,6
512,978866,501,505,1755151558565,2025-08-14 11:35:58.565747+05:30,33,6
513,978967,502,509,1755151558666,2025-08-14 11:35:58.666608+05:30,33,6
514,979067,500,504,1755151558767,2025-08-14 11:35:58.767463+05:30,33,6
515,979169,499,503,1755151558868,2025-08-14 11:35:58.868296+05:30,33,6
516,979269,500,505,1755151558969,2025-08-14 11:35:58.969198+05:30,33,6
517,979371,507,519,1755151559069,2025-08-14 11:35:59.069934+05:30,33,6
518,979471,510,528,1755151559170,2025-08-14 11:35:59.170810+05:30,33,6
519,979572,500,503,1755151559271,2025-08-14 11:35:59.271659+05:30,33,6
520,979673,499,504,1755151559372,2025-08-14 11:35:59.372448+05:30,33,6
521,979774,500,507,1755151559473,2025-08-14 11:35:59.473346+05:30,33,6
522,979874,501,506,1755151559574,2025-08-14 11:35:59.574128+05:30,33,6
523,979976,499,504,1755151559675,2025-08-14 11:35:59.675101+05:30,33,6
524,980076,501,508,1755151559775,2025-08-14 11:35:59.775875+05:30,33,6
525,980177,509,529,1755151559876,2025-08-14 11:35:59.876655+05:30,33,6
526,980278,504,516,1755151559977,2025-08-14 11:35:59.977474+05:30,33,6
527,980379,497,500,1755151560078,2025-08-14 11:36:00.078253+05:30,33,6
528,980480,499,506,1755151560179,2025-08-14 11:36:00.179220+05:30,33,6
529,980580,499,505,1755151560280,2025-08-14 11:36:00.280193+05:30,33,6
530,980681,498,503,1755151560380,2025-08-14 11:36:00.380927+05:30,33,6
531,980782,498,505,1755151560481,2025-08-14 11:36:00.481786+05:30,33,6
532,980883,507,525,1755151560582,2025-08-14 11:36:00.582590+05:30,33,6
533,980983,507,522,1755151560683,2025-08-14 11:36:00.683683+05:30,33,6
534,981085,498,501,1755151560784,2025-08-14 11:36:00.784205+05:30,33,6
535,981185,502,506,1755151560885,2025-08-14 11:36:00.885099+05:30,33,6
536,981286,500,509,1755151560985,2025-08-14 11:36:00.985949+05:30,33,6
537,981387,501,503,1755151561086,2025-08-14 11:36:01.086657+05:30,33,6
538,981488,502,507,1755151561187,2025-08-14 11:36:01.187524+05:30,33,6
539,981588,501,507,1755151561288,2025-08-14 11:36:01.288344+05:30,33,6
540,981690,510,526,1755151561389,2025-08-14 11:36:01.389201+05:30,33,6
541,981790,505,510,1755151561490,2025-08-14 11:36:01.490048+05:30,33,6
542,981892,501,503,1755151561590,2025-08-14 11:36:01.590856+05:30,33,6
543,981992,502,505,1755151561691,2025-08-14 11:36:01.691673+05:30,33,6
544,982093,501,504,1755151561792,2025-08-14 11:36:01.792485+05:30,33,6
545,982194,502,506,1755151561893,2025-08-14 11:36:01.893355+05:30,33,6
546,982295,503,508,1755151561994,2025-08-14 11:36:01.994180+05:30,33,6
547,982395,511,527,1755151562095,2025-08-14 11:36:02.095048+05:30,33,6
548,982496,503,512,1755151562195,2025-08-14 11:36:02.195868+05:30,33,6
549,982597,498,502,1755151562296,2025-08-14 11:36:02.296725+05:30,33,6
550,982697,502,509,1755151562397,2025-08-14 11:36:02.397535+05:30,33,6
551,982799,501,509,1755151562498,2025-08-14 11:36:02.498421+05:30,33,6
552,982899,500,506,1755151562599,2025-08-14 11:36:02.599254+05:30,33,6
553,983001,500,506,1755151562700,2025-08-14 11:36:02.700023+05:30,33,6
554,983101,508,525,1755151562800,2025-08-14 11:36:02.800863+05:30,33,6
555,983202,509,526,1755151562901,2025-08-14 11:36:02.901836+05:30,33,6
556,983303,498,503,1755151563002,2025-08-14 11:36:03.002607+05:30,33,6
557,983404,499,504,1755151563103,2025-08-14 11:36:03.103781+05:30,33,6
558,983504,500,507,1755151563204,2025-08-14 11:36:03.204558+05:30,33,6
559,983606,500,506,1755151563305,2025-08-14 11:36:03.305205+05:30,33,6
560,983706,500,505,1755151563406,2025-08-14 11:36:03.406142+05:30,33,6
561,983808,501,506,1755151563506,2025-08-14 11:36:03.506891+05:30,33,6
562,983908,511,531,1755151563607,2025-08-14 11:36:03.607652+05:30,33,6
563,984009,506,517,1755151563708,2025-08-14 11:36:03.708552+05:30,33,6
564,984110,500,503,1755151563809,2025-08-14 11:36:03.809192+05:30,33,6
565,984211,501,504,1755151563910,2025-08-14 11:36:03.910128+05:30,33,6
566,984311,502,508,1755151564010,2025-08-14 11:36:04.010916+05:30,33,6
567,984412,501,503,1755151564111,2025-08-14 11:36:04.111710+05:30,33,6
568,984513,502,505,1755151564212,2025-08-14 11:36:04.212560+05:30,33,6
569,984613,502,507,1755151564313,2025-08-14 11:36:04.313430+05:30,33,6
570,984715,512,529,1755151564414,2025-08-14 11:36:04.414299+05:30,33,6
571,984815,508,517,1755151564515,2025-08-14 11:36:04.515091+05:30,33,6
572,984916,500,501,1755151564616,2025-08-14 11:36:04.616146+05:30,33,6
573,985017,503,506,1755151564716,2025-08-14 11:36:04.716794+05:30,33,6
574,985118,502,507,1755151564817,2025-08-14 11:36:04.817617+05:30,33,6
575,985219,500,504,1755151564918,2025-08-14 11:36:04.918470+05:30,33,6
576,985320,501,503,1755151565019,2025-08-14 11:36:05.019211+05:30,33,6
577,985420,502,507,1755151565120,2025-08-14 11:36:05.120086+05:30,33,6
578,985522,510,527,1755151565220,2025-08-14 11:36:05.220899+05:30,33,6
579,985622,505,514,1755151565321,2025-08-14 11:36:05.321857+05:30,33,6
580,985723,499,502,1755151565422,2025-08-14 11:36:05.422640+05:30,33,6
581,985824,502,505,1755151565523,2025-08-14 11:36:05.523505+05:30,33,6
582,985925,501,507,1755151565624,2025-08-14 11:36:05.624400+05:30,33,6
583,986025,501,504,1755151565725,2025-08-14 11:36:05.725251+05:30,33,6
584,986127,502,507,1755151565826,2025-08-14 11:36:05.826133+05:30,33,6
585,986227,502,510,1755151565927,2025-08-14 11:36:05.927011+05:30,33,6
586,986328,512,529,1755151566027,2025-08-14 11:36:06.027723+05:30,33,6
587,986429,503,510,1755151566128,2025-08-14 11:36:06.128462+05:30,33,6
588,986529,499,504,1755151566229,2025-08-14 11:36:06.229483+05:30,33,6
589,986631,503,508,1755151566330,2025-08-14 11:36:06.330272+05:30,33,6
590,986731,502,508,1755151566431,2025-08-14 11:36:06.431113+05:30,33,6
591,986832,501,504,1755151566531,2025-08-14 11:36:06.531951+05:30,33,6
592,986933,502,508,1755151566632,2025-08-14 11:36:06.632805+05:30,33,6
593,987034,504,510,1755151566733,2025-08-14 11:36:06.733496+05:30,33,6
594,987134,514,531,1755151566834,2025-08-14 11:36:06.834302+05:30,33,6
595,987236,506,511,1755151566935,2025-08-14 11:36:06.935211+05:30,33,6
596,987336,501,502,1755151567036,2025-08-14 11:36:07.036103+05:30,33,6
597,987438,505,507,1755151567136,2025-08-14 11:36:07.136854+05:30,33,6
598,987538,503,507,1755151567237,2025-08-14 11:36:07.237779+05:30,33,6
599,987639,503,505,1755151567338,2025-08-14 11:36:07.338646+05:30,33,6
600,987740,503,506,1755151567439,2025-08-14 11:36:07.439334+05:30,33,6
601,987841,504,509,1755151567540,2025-08-14 11:36:07.540224+05:30,33,6
602,987941,514,530,1755151567640,2025-08-14 11:36:07.640976+05:30,33,6
603,988043,503,508,1755151567741,2025-08-14 11:36:07.741854+05:30,33,6
604,988143,502,502,1755151567842,2025-08-14 11:36:07.842681+05:30,33,6
605,988243,501,503,1755151567943,2025-08-14 11:36:07.943789+05:30,33,6
606,988345,502,508,1755151568044,2025-08-14 11:36:08.044402+05:30,33,6
607,988445,501,504,1755151568145,2025-08-14 11:36:08.145247+05:30,33,6
608,988547,501,505,1755151568246,2025-08-14 11:36:08.246136+05:30,33,6
609,988647,505,513,1755151568346,2025-08-14 11:36:08.346924+05:30,33,6
610,988748,510,522,1755151568447,2025-08-14 11:36:08.447791+05:30,33,6
611,988849,502,507,1755151568548,2025-08-14 11:36:08.548520+05:30,33,6
612,988950,501,505,1755151568649,2025-08-14 11:36:08.649342+05:30,33,6
613,989050,502,506,1755151568750,2025-08-14 11:36:08.750242+05:30,33,6
614,989152,502,507,1755151568851,2025-08-14 11:36:08.851067+05:30,33,6
615,989252,503,507,1755151568951,2025-08-14 11:36:08.951956+05:30,33,6
616,989353,501,506,1755151569052,2025-08-14 11:36:09.052687+05:30,33,6
617,989454,508,518,1755151569153,2025-08-14 11:36:09.153542+05:30,33,6
618,989555,512,528,1755151569254,2025-08-14 11:36:09.254366+05:30,33,6
619,989656,503,506,1755151569355,2025-08-14 11:36:09.355188+05:30,33,6
620,989757,503,504,1755151569456,2025-08-14 11:36:09.456075+05:30,33,6
621,989857,504,506,1755151569556,2025-08-14 11:36:09.556975+05:30,33,6
622,989959,503,504,1755151569657,2025-08-14 11:36:09.657875+05:30,33,6
623,990059,504,506,1755151569758,2025-08-14 11:36:09.758601+05:30,33,6
624,990159,504,507,1755151569859,2025-08-14 11:36:09.859478+05:30,33,6
625,990261,509,520,1755151569960,2025-08-14 11:36:09.960261+05:30,33,6
626,990361,514,529,1755151570061,2025-08-14 11:36:10.061069+05:30,33,6
627,990462,504,509,1755151570162,2025-08-14 11:36:10.161993+05:30,33,6
628,990563,504,505,1755151570262,2025-08-14 11:36:10.262820+05:30,33,6
629,990664,503,506,1755151570363,2025-08-14 11:36:10.363625+05:30,33,6
630,990765,502,505,1755151570464,2025-08-14 11:36:10.464629+05:30,33,6
631,990866,503,505,1755151570565,2025-08-14 11:36:10.565371+05:30,33,6
632,990966,503,507,1755151570666,2025-08-14 11:36:10.666099+05:30,33,6
633,991068,507,516,1755151570766,2025-08-14 11:36:10.766937+05:30,33,6
634,991168,511,524,1755151570868,2025-08-14 11:36:10.868045+05:30,33,6
635,991269,501,503,1755151570968,2025-08-14 11:36:10.968735+05:30,33,6
636,991370,501,504,1755151571069,2025-08-14 11:36:11.069532+05:30,33,6
637,991471,502,507,1755151571170,2025-08-14 11:36:11.170284+05:30,33,6
638,991571,503,506,1755151571271,2025-08-14 11:36:11.271108+05:30,33,6
639,991673,502,504,1755151571371,2025-08-14 11:36:11.371952+05:30,33,6
640,991773,503,506,1755151571472,2025-08-14 11:36:11.472848+05:30,33,6
641,991875,511,523,1755151571573,2025-08-14 11:36:11.573788+05:30,33,6
642,991975,510,520,1755151571674,2025-08-14 11:36:11.674571+05:30,33,6
643,992075,501,503,1755151571775,2025-08-14 11:36:11.775334+05:30,33,6
644,992177,502,503,1755151571876,2025-08-14 11:36:11.876133+05:30,33,6
645,992277,504,508,1755151571976,2025-08-14 11:36:11.976956+05:30,33,6
646,992378,503,506,1755151572077,2025-08-14 11:36:12.077940+05:30,33,6
647,992479,504,507,1755151572178,2025-08-14 11:36:12.178663+05:30,33,6
648,992580,505,507,1755151572279,2025-08-14 11:36:12.279491+05:30,33,6
649,992680,515,531,1755151572380,2025-08-14 11:36:12.380322+05:30,33,6
650,992782,510,519,1755151572481,2025-08-14 11:36:12.481077+05:30,33,6
651,992882,502,501,1755151572581,2025-08-14 11:36:12.581969+05:30,33,6
652,992984,505,505,1755151572682,2025-08-14 11:36:12.682857+05:30,33,6
653,993084,505,507,1755151572783,2025-08-14 11:36:12.783607+05:30,33,6
654,993185,503,503,1755151572884,2025-08-14 11:36:12.884440+05:30,33,6
655,993286,504,506,1755151572985,2025-08-14 11:36:12.985296+05:30,33,6
656,993387,505,508,1755151573086,2025-08-14 11:36:13.086081+05:30,33,6
657,993487,516,534,1755151573186,2025-08-14 11:36:13.186926+05:30,33,6
658,993589,508,514,1755151573287,2025-08-14 11:36:13.287855+05:30,33,6
659,993689,500,498,1755151573388,2025-08-14 11:36:13.388719+05:30,33,6
660,993790,503,507,1755151573489,2025-08-14 11:36:13.489539+05:30,33,6
661,993891,503,507,1755151573590,2025-08-14 11:36:13.590269+05:30,33,6
662,993991,502,501,1755151573691,2025-08-14 11:36:13.691093+05:30,33,6
663,994093,503,506,1755151573791,2025-08-14 11:36:13.791918+05:30,33,6
664,994193,501,503,1755151573892,2025-08-14 11:36:13.892937+05:30,33,6
665,994294,513,529,1755151573993,2025-08-14 11:36:13.993721+05:30,33,6
666,994395,506,513,1755151574094,2025-08-14 11:36:14.094613+05:30,33,6
667,994496,500,502,1755151574195,2025-08-14 11:36:14.195451+05:30,33,6
668,994596,503,506,1755151574296,2025-08-14 11:36:14.296227+05:30,33,6
669,994698,504,508,1755151574397,2025-08-14 11:36:14.397065+05:30,33,6
670,994798,503,506,1755151574497,2025-08-14 11:36:14.497869+05:30,33,6
671,994899,504,508,1755151574598,2025-08-14 11:36:14.598767+05:30,33,6
672,995000,508,513,1755151574699,2025-08-14 11:36:14.699545+05:30,33,6
673,995101,516,532,1755151574800,2025-08-14 11:36:14.800365+05:30,33,6
674,995202,505,506,1755151574901,2025-08-14 11:36:14.901274+05:30,33,6
675,995303,504,503,1755151575002,2025-08-14 11:36:15.002115+05:30,33,6
676,995403,506,510,1755151575102,2025-08-14 11:36:15.102980+05:30,33,6
677,995505,505,506,1755151575203,2025-08-14 11:36:15.203733+05:30,33,6
678,995605,505,506,1755151575304,2025-08-14 11:36:15.304639+05:30,33,6
679,995706,505,506,1755151575405,2025-08-14 11:36:15.405388+05:30,33,6
680,995807,509,514,1755151575506,2025-08-14 11:36:15.506239+05:30,33,6
681,995907,517,534,1755151575607,2025-08-14 11:36:15.607031+05:30,33,6
682,996008,505,506,1755151575707,2025-08-14 11:36:15.707864+05:30,33,6
683,996109,502,501,1755151575808,2025-08-14 11:36:15.808663+05:30,33,6
684,996210,505,508,1755151575909,2025-08-14 11:36:15.909503+05:30,33,6
685,996311,504,506,1755151576010,2025-08-14 11:36:16.010338+05:30,33,6
686,996412,503,503,1755151576111,2025-08-14 11:36:16.111178+05:30,33,6
687,996512,504,506,1755151576212,2025-08-14 11:36:16.212031+05:30,33,6
688,996614,506,512,1755151576312,2025-08-14 11:36:16.312833+05:30,33,6
689,996714,514,533,1755151576413,2025-08-14 11:36:16.413669+05:30,33,6
690,996815,504,506,1755151576514,2025-08-14 11:36:16.514520+05:30,33,6
691,996916,502,504,1755151576615,2025-08-14 11:36:16.615356+05:30,33,6
692,997017,504,506,1755151576716,2025-08-14 11:36:16.716254+05:30,33,6
693,997117,504,506,1755151576817,2025-08-14 11:36:16.817034+05:30,33,6
694,997219,504,508,1755151576917,2025-08-14 11:36:16.917878+05:30,33,6
695,997319,505,508,1755151577018,2025-08-14 11:36:17.018677+05:30,33,6
696,997421,513,525,1755151577119,2025-08-14 11:36:17.119530+05:30,33,6
697,997521,511,522,1755151577220,2025-08-14 11:36:17.220349+05:30,33,6
698,997622,502,499,1755151577321,2025-08-14 11:36:17.321189+05:30,33,6
699,997723,505,507,1755151577422,2025-08-14 11:36:17.422006+05:30,33,6
700,997823,507,508,1755151577522,2025-08-14 11:36:17.522919+05:30,33,6
701,997924,505,503,1755151577623,2025-08-14 11:36:17.623811+05:30,33,6
702,998025,503,503,1755151577724,2025-08-14 11:36:17.724528+05:30,33,6
703,998126,506,509,1755151577825,2025-08-14 11:36:17.825468+05:30,33,6
704,998226,520,534,1755151577926,2025-08-14 11:36:17.926222+05:30,33,6
705,998328,510,516,1755151578027,2025-08-14 11:36:18.027049+05:30,33,6
706,998428,502,497,1755151578127,2025-08-14 11:36:18.127921+05:30,33,6
707,998530,506,506,1755151578228,2025-08-14 11:36:18.228710+05:30,33,6
708,998630,505,506,1755151578329,2025-08-14 11:36:18.329587+05:30,33,6
709,998731,504,506,1755151578430,2025-08-14 11:36:18.430553+05:30,33,6
710,998832,504,505,1755151578531,2025-08-14 11:36:18.531286+05:30,33,6
711,998933,506,510,1755151578632,2025-08-14 11:36:18.632164+05:30,33,6
712,999033,516,531,1755151578732,2025-08-14 11:36:18.732987+05:30,33,6
713,999135,505,509,1755151578833,2025-08-14 11:36:18.833730+05:30,33,6
714,999235,501,501,1755151578934,2025-08-14 11:36:18.934569+05:30,33,6
715,999336,504,506,1755151579035,2025-08-14 11:36:19.035580+05:30,33,6
716,999437,503,504,1755151579136,2025-08-14 11:36:19.136476+05:30,33,6
717,999538,502,505,1755151579237,2025-08-14 11:36:19.237272+05:30,33,6
718,999639,504,507,1755151579338,2025-08-14 11:36:19.338153+05:30,33,6
719,999739,512,525,1755151579438,2025-08-14 11:36:19.438986+05:30,33,6
720,999840,511,522,1755151579539,2025-08-14 11:36:19.539820+05:30,33,6
721,999941,502,502,1755151579640,2025-08-14 11:36:19.640574+05:30,33,6
722,1000042,505,507,1755151579741,2025-08-14 11:36:19.741276+05:30,33,6
723,1000142,505,507,1755151579843,2025-08-14 11:36:19.843196+05:30,33,6
724,1000244,504,506,1755151579944,2025-08-14 11:36:19.944059+05:30,33,6
725,1000344,503,503,1755151580045,2025-08-14 11:36:20.045060+05:30,33,6
726,1000445,512,520,1755151580145,2025-08-14 11:36:20.145897+05:30,33,6
727,1000546,517,531,1755151580246,2025-08-14 11:36:20.246796+05:30,33,6
728,1000647,504,501,1755151580347,2025-08-14 11:36:20.347594+05:30,33,6
729,1000749,506,506,1755151580448,2025-08-14 11:36:20.448464+05:30,33,6
730,1000849,507,507,1755151580549,2025-08-14 11:36:20.549338+05:30,33,6
731,1000950,505,503,1755151580650,2025-08-14 11:36:20.650238+05:30,33,6
732,1001051,507,508,1755151580751,2025-08-14 11:36:20.751072+05:30,33,6
733,1001152,508,510,1755151580852,2025-08-14 11:36:20.852062+05:30,33,6
734,1001252,520,536,1755151580952,2025-08-14 11:36:20.952899+05:30,33,6
735,1001354,507,509,1755151581053,2025-08-14 11:36:21.053760+05:30,33,6
736,1001454,503,501,1755151581154,2025-08-14 11:36:21.154614+05:30,33,6
737,1001555,506,507,1755151581255,2025-08-14 11:36:21.255574+05:30,33,6
738,1001656,504,504,1755151581356,2025-08-14 11:36:21.356380+05:30,33,6
739,1001757,503,500,1755151581457,2025-08-14 11:36:21.457326+05:30,33,6
740,1001858,505,507,1755151581558,2025-08-14 11:36:21.558199+05:30,33,6
741,1001959,512,524,1755151581659,2025-08-14 11:36:21.659101+05:30,33,6
742,1002059,512,522,1755151581759,2025-08-14 11:36:21.759973+05:30,33,6
743,1002161,500,498,1755151581860,2025-08-14 11:36:21.860820+05:30,33,6
744,1002261,503,505,1755151581961,2025-08-14 11:36:21.961625+05:30,33,6
745,1002362,504,505,1755151582062,2025-08-14 11:36:22.062540+05:30,33,6
746,1002463,504,506,1755151582163,2025-08-14 11:36:22.163585+05:30,33,6
747,1002564,503,504,1755151582264,2025-08-14 11:36:22.264373+05:30,33,6
748,1002664,509,516,1755151582365,2025-08-14 11:36:22.365287+05:30,33,6
749,1002766,516,531,1755151582466,2025-08-14 11:36:22.466197+05:30,33,6
750,1002866,504,503,1755151582567,2025-08-14 11:36:22.567260+05:30,33,6
751,1002968,505,504,1755151582668,2025-08-14 11:36:22.668029+05:30,33,6
752,1003068,507,508,1755151582768,2025-08-14 11:36:22.768772+05:30,33,6
753,1003169,505,504,1755151582869,2025-08-14 11:36:22.869649+05:30,33,6
754,1003270,506,505,1755151582970,2025-08-14 11:36:22.970559+05:30,33,6
755,1003371,507,508,1755151583071,2025-08-14 11:36:23.071431+05:30,33,6
756,1003471,520,534,1755151583172,2025-08-14 11:36:23.172289+05:30,33,6
757,1003573,513,516,1755151583273,2025-08-14 11:36:23.273218+05:30,33,6
758,1003673,504,499,1755151583374,2025-08-14 11:36:23.374152+05:30,33,6
759,1003774,507,507,1755151583475,2025-08-14 11:36:23.475018+05:30,33,6
760,1003876,505,503,1755151583575,2025-08-14 11:36:23.575839+05:30,33,6
761,1003976,505,503,1755151583676,2025-08-14 11:36:23.676883+05:30,33,6
762,1004078,504,505,1755151583777,2025-08-14 11:36:23.777613+05:30,33,6
763,1004178,509,515,1755151583878,2025-08-14 11:36:23.878384+05:30,33,6
764,1004279,517,532,1755151583979,2025-08-14 11:36:23.979248+05:30,33,6
765,1004380,505,505,1755151584080,2025-08-14 11:36:24.080154+05:30,33,6
766,1004481,501,497,1755151584181,2025-08-14 11:36:24.181047+05:30,33,6
767,1004581,505,507,1755151584282,2025-08-14 11:36:24.282026+05:30,33,6
768,1004683,503,503,1755151584382,2025-08-14 11:36:24.382832+05:30,33,6
769,1004783,504,505,1755151584483,2025-08-14 11:36:24.483684+05:30,33,6
770,1004884,505,505,1755151584584,2025-08-14 11:36:24.584669+05:30,33,6
771,1004985,513,524,1755151584685,2025-08-14 11:36:24.685402+05:30,33,6
772,1005086,512,520,1755151584786,2025-08-14 11:36:24.786355+05:30,33,6
773,1005187,505,503,1755151584887,2025-08-14 11:36:24.887191+05:30,33,6
774,1005288,505,505,1755151584988,2025-08-14 11:36:24.988084+05:30,33,6
775,1005388,507,509,1755151585088,2025-08-14 11:36:25.088951+05:30,33,6
776,1005490,506,504,1755151585189,2025-08-14 11:36:25.189898+05:30,33,6
777,1005590,508,509,1755151585290,2025-08-14 11:36:25.290780+05:30,33,6
778,1005691,516,528,1755151585391,2025-08-14 11:36:25.391614+05:30,33,6
779,1005792,514,523,1755151585492,2025-08-14 11:36:25.492487+05:30,33,6
780,1005893,505,500,1755151585593,2025-08-14 11:36:25.593338+05:30,33,6
781,1005993,508,506,1755151585694,2025-08-14 11:36:25.694284+05:30,33,6
782,1006095,507,508,1755151585795,2025-08-14 11:36:25.795160+05:30,33,6
783,1006195,508,507,1755151585896,2025-08-14 11:36:25.896043+05:30,33,6
784,1006297,508,507,1755151585996,2025-08-14 11:36:25.996929+05:30,33,6
785,1006397,511,516,1755151586097,2025-08-14 11:36:26.097774+05:30,33,6
786,1006498,520,536,1755151586198,2025-08-14 11:36:26.198694+05:30,33,6
787,1006599,506,505,1755151586299,2025-08-14 11:36:26.299547+05:30,33,6
788,1006700,506,503,1755151586400,2025-08-14 11:36:26.400431+05:30,33,6
789,1006801,507,506,1755151586501,2025-08-14 11:36:26.501285+05:30,33,6
790,1006902,506,506,1755151586602,2025-08-14 11:36:26.602256+05:30,33,6
791,1007003,505,505,1755151586703,2025-08-14 11:36:26.703091+05:30,33,6
792,1007104,506,507,1755151586804,2025-08-14 11:36:26.804101+05:30,33,6
793,1007205,516,531,1755151586904,2025-08-14 11:36:26.904853+05:30,33,6
794,1007305,513,524,1755151587005,2025-08-14 11:36:27.005677+05:30,33,6
795,1007407,501,494,1755151587106,2025-08-14 11:36:27.106537+05:30,33,6
796,1007507,505,505,1755151587207,2025-08-14 11:36:27.207464+05:30,33,6
797,1007608,505,503,1755151587308,2025-08-14 11:36:27.308453+05:30,33,6
798,1007709,504,499,1755151587409,2025-08-14 11:36:27.409208+05:30,33,6
799,1007810,505,503,1755151587510,2025-08-14 11:36:27.510105+05:30,33,6
800,1007910,506,507,1755151587611,2025-08-14 11:36:27.610996+05:30,33,6
801,1008012,518,530,1755151587711,2025-08-14 11:36:27.711879+05:30,33,6
802,1008112,513,519,1755151587812,2025-08-14 11:36:27.812736+05:30,33,6
803,1008214,504,499,1755151587913,2025-08-14 11:36:27.913639+05:30,33,6
804,1008314,506,502,1755151588014,2025-08-14 11:36:28.014554+05:30,33,6
805,1008415,509,507,1755151588115,2025-08-14 11:36:28.115405+05:30,33,6
806,1008516,506,504,1755151588216,2025-08-14 11:36:28.216282+05:30,33,6
807,1008617,509,506,1755151588317,2025-08-14 11:36:28.317171+05:30,33,6
808,1008717,510,510,1755151588418,2025-08-14 11:36:28.418131+05:30,33,6
809,1008819,518,533,1755151588518,2025-08-14 11:36:28.518950+05:30,33,6
810,1008919,510,510,1755151588619,2025-08-14 11:36:28.619819+05:30,33,6
811,1009020,506,502,1755151588720,2025-08-14 11:36:28.720626+05:30,33,6
812,1009121,508,507,1755151588821,2025-08-14 11:36:28.821636+05:30,33,6
813,1009222,506,504,1755151588922,2025-08-14 11:36:28.922420+05:30,33,6
814,1009323,507,506,1755151589023,2025-08-14 11:36:29.023347+05:30,33,6
815,1009424,507,507,1755151589124,2025-08-14 11:36:29.124130+05:30,33,6
816,1009524,512,517,1755151589225,2025-08-14 11:36:29.225012+05:30,33,6
817,1009626,517,527,1755151589326,2025-08-14 11:36:29.326001+05:30,33,6
818,1009727,506,506,1755151589426,2025-08-14 11:36:29.426826+05:30,33,6
819,1009827,504,500,1755151589527,2025-08-14 11:36:29.527694+05:30,33,6
820,1009929,507,507,1755151589628,2025-08-14 11:36:29.628769+05:30,33,6
821,1010029,505,505,1755151589729,2025-08-14 11:36:29.729635+05:30,33,6
822,1010130,505,505,1755151589830,2025-08-14 11:36:29.830395+05:30,33,6
823,1010231,507,506,1755151589931,2025-08-14 11:36:29.931392+05:30,33,6
824,1010332,518,530,1755151590032,2025-08-14 11:36:30.032156+05:30,33,6
825,1010433,510,513,1755151590133,2025-08-14 11:36:30.133083+05:30,33,6
826,1010534,505,501,1755151590234,2025-08-14 11:36:30.234085+05:30,33,6
827,1010634,508,507,1755151590334,2025-08-14 11:36:30.334845+05:30,33,6
828,1010736,508,506,1755151590435,2025-08-14 11:36:30.435713+05:30,33,6
829,1010836,508,506,1755151590536,2025-08-14 11:36:30.536634+05:30,33,6
830,1010937,509,507,1755151590637,2025-08-14 11:36:30.637408+05:30,33,6
831,1011038,517,527,1755151590738,2025-08-14 11:36:30.738350+05:30,33,6
832,1011139,514,517,1755151590839,2025-08-14 11:36:30.839209+05:30,33,6
833,1011239,507,503,1755151590940,2025-08-14 11:36:30.940220+05:30,33,6
834,1011341,510,507,1755151591041,2025-08-14 11:36:31.041032+05:30,33,6
835,1011441,509,509,1755151591141,2025-08-14 11:36:31.141879+05:30,33,6
836,1011543,507,507,1755151591242,2025-08-14 11:36:31.242807+05:30,33,6
837,1011643,510,511,1755151591343,2025-08-14 11:36:31.343801+05:30,33,6
838,1011744,519,532,1755151591444,2025-08-14 11:36:31.444494+05:30,33,6
839,1011845,512,512,1755151591545,2025-08-14 11:36:31.545521+05:30,33,6
840,1011946,504,499,1755151591646,2025-08-14 11:36:31.646358+05:30,33,6
841,1012046,507,507,1755151591747,2025-08-14 11:36:31.747260+05:30,33,6
842,1012148,507,503,1755151591848,2025-08-14 11:36:31.848084+05:30,33,6
843,1012248,507,508,1755151591948,2025-08-14 11:36:31.948922+05:30,33,6
844,1012349,507,506,1755151592049,2025-08-14 11:36:32.049783+05:30,33,6
845,1012450,517,530,1755151592150,2025-08-14 11:36:32.150596+05:30,33,6
846,1012551,510,515,1755151592251,2025-08-14 11:36:32.251479+05:30,33,6
847,1012653,505,502,1755151592352,2025-08-14 11:36:32.352399+05:30,33,6
848,1012753,507,505,1755151592453,2025-08-14 11:36:32.453233+05:30,33,6
849,1012854,507,506,1755151592554,2025-08-14 11:36:32.554154+05:30,33,6
850,1012955,507,507,1755151592654,2025-08-14 11:36:32.654975+05:30,33,6
851,1013056,508,507,1755151592755,2025-08-14 11:36:32.755896+05:30,33,6
852,1013156,516,521,1755151592856,2025-08-14 11:36:32.856854+05:30,33,6
853,1013258,516,524,1755151592957,2025-08-14 11:36:32.957641+05:30,33,6
854,1013358,507,501,1755151593058,2025-08-14 11:36:33.058539+05:30,33,6
855,1013459,506,504,1755151593159,2025-08-14 11:36:33.159397+05:30,33,6
856,1013560,510,506,1755151593260,2025-08-14 11:36:33.260280+05:30,33,6
857,1013661,508,504,1755151593361,2025-08-14 11:36:33.361176+05:30,33,6
858,1013762,508,504,1755151593462,2025-08-14 11:36:33.462078+05:30,33,6
859,1013863,508,506,1755151593562,2025-08-14 11:36:33.562939+05:30,33,6
860,1013963,517,525,1755151593663,2025-08-14 11:36:33.663737+05:30,33,6
861,1014065,513,515,1755151593764,2025-08-14 11:36:33.764667+05:30,33,6
862,1014165,505,499,1755151593865,2025-08-14 11:36:33.865541+05:30,33,6
863,1014266,509,508,1755151593966,2025-08-14 11:36:33.966395+05:30,33,6
864,1014367,509,508,1755151594067,2025-08-14 11:36:34.067378+05:30,33,6
865,1014468,508,507,1755151594168,2025-08-14 11:36:34.168143+05:30,33,6
866,1014568,507,506,1755151594269,2025-08-14 11:36:34.269042+05:30,33,6
867,1014670,512,516,1755151594369,2025-08-14 11:36:34.369957+05:30,33,6
868,1014770,517,528,1755151594470,2025-08-14 11:36:34.470809+05:30,33,6
869,1014872,507,506,1755151594571,2025-08-14 11:36:34.571764+05:30,33,6
870,1014972,507,505,1755151594672,2025-08-14 11:36:34.672637+05:30,33,6
871,1015073,508,510,1755151594773,2025-08-14 11:36:34.773495+05:30,33,6
872,1015174,507,504,1755151594874,2025-08-14 11:36:34.874424+05:30,33,6
873,1015275,508,508,1755151594975,2025-08-14 11:36:34.975228+05:30,33,6
874,1015375,509,507,1755151595076,2025-08-14 11:36:35.076094+05:30,33,6
875,1015477,511,513,1755151595177,2025-08-14 11:36:35.177019+05:30,33,6
876,1015578,519,531,1755151595277,2025-08-14 11:36:35.277818+05:30,33,6
877,1015678,509,508,1755151595378,2025-08-14 11:36:35.378789+05:30,33,6
878,1015780,508,503,1755151595479,2025-08-14 11:36:35.479665+05:30,33,6
879,1015880,510,509,1755151595580,2025-08-14 11:36:35.580498+05:30,33,6
880,1015982,510,505,1755151595681,2025-08-14 11:36:35.681530+05:30,33,6
881,1016082,510,509,1755151595782,2025-08-14 11:36:35.782355+05:30,33,6
882,1016183,510,508,1755151595883,2025-08-14 11:36:35.883211+05:30,33,6
883,1016284,510,508,1755151595984,2025-08-14 11:36:35.984059+05:30,33,6
884,1016385,521,529,1755151596084,2025-08-14 11:36:36.084918+05:30,33,6
885,1016485,514,516,1755151596185,2025-08-14 11:36:36.185959+05:30,33,6
886,1016587,507,502,1755151596286,2025-08-14 11:36:36.286730+05:30,33,6
887,1016687,509,507,1755151596387,2025-08-14 11:36:36.387580+05:30,33,6
888,1016788,508,506,1755151596488,2025-08-14 11:36:36.488527+05:30,33,6
889,1016889,509,507,1755151596589,2025-08-14 11:36:36.589420+05:30,33,6
890,1016990,508,506,1755151596690,2025-08-14 11:36:36.690206+05:30,33,6
891,1017091,508,507,1755151596791,2025-08-14 11:36:36.791032+05:30,33,6
892,1017192,516,524,1755151596891,2025-08-14 11:36:36.891941+05:30,33,6
893,1017292,514,520,1755151596992,2025-08-14 11:36:36.992819+05:30,33,6
894,1017394,507,500,1755151597093,2025-08-14 11:36:37.093821+05:30,33,6
895,1017494,507,505,1755151597194,2025-08-14 11:36:37.194606+05:30,33,6
896,1017595,509,510,1755151597295,2025-08-14 11:36:37.295458+05:30,33,6
897,1017696,508,507,1755151597396,2025-08-14 11:36:37.396403+05:30,33,6
898,1017797,508,506,1755151597497,2025-08-14 11:36:37.497229+05:30,33,6
899,1017897,509,506,1755151597598,2025-08-14 11:36:37.598142+05:30,33,6
900,1017999,519,529,1755151597699,2025-08-14 11:36:37.699005+05:30,33,6
901,1018099,516,519,1755151597799,2025-08-14 11:36:37.799866+05:30,33,6
902,1018201,507,501,1755151597900,2025-08-14 11:36:37.900749+05:30,33,6
903,1018301,510,507,1755151598001,2025-08-14 11:36:38.001633+05:30,33,6
904,1018402,510,507,1755151598102,2025-08-14 11:36:38.102524+05:30,33,6
905,1018503,510,507,1755151598203,2025-08-14 11:36:38.203485+05:30,33,6
906,1018604,510,508,1755151598304,2025-08-14 11:36:38.304297+05:30,33,6
907,1018705,511,508,1755151598405,2025-08-14 11:36:38.405186+05:30,33,6
908,1018806,521,531,1755151598506,2025-08-14 11:36:38.506066+05:30,33,6
909,1018907,516,517,1755151598606,2025-08-14 11:36:38.606951+05:30,33,6
910,1019008,508,501,1755151598707,2025-08-14 11:36:38.707806+05:30,33,6
911,1019109,510,505,1755151598808,2025-08-14 11:36:38.808659+05:30,33,6
912,1019209,510,505,1755151598909,2025-08-14 11:36:38.909547+05:30,33,6
913,1019311,508,503,1755151599010,2025-08-14 11:36:39.010567+05:30,33,6
914,1019411,509,504,1755151599111,2025-08-14 11:36:39.111328+05:30,33,6
915,1019512,509,508,1755151599212,2025-08-14 11:36:39.212200+05:30,33,6
916,1019613,518,526,1755151599313,2025-08-14 11:36:39.313072+05:30,33,6
917,1019714,510,509,1755151599414,2025-08-14 11:36:39.413992+05:30,33,6
918,1019814,505,501,1755151599514,2025-08-14 11:36:39.514893+05:30,33,6
919,1019916,508,507,1755151599615,2025-08-14 11:36:39.615666+05:30,33,6
920,1020016,508,506,1755151599716,2025-08-14 11:36:39.716567+05:30,33,6
921,1020118,507,505,1755151599817,2025-08-14 11:36:39.817499+05:30,33,6
922,1020218,508,507,1755151599918,2025-08-14 11:36:39.918345+05:30,33,6
923,1020319,516,522,1755151600019,2025-08-14 11:36:40.019260+05:30,33,6
924,1020420,513,516,1755151600120,2025-08-14 11:36:40.120168+05:30,33,6
925,1020521,508,505,1755151600221,2025-08-14 11:36:40.221033+05:30,33,6
926,1020621,510,509,1755151600321,2025-08-14 11:36:40.321934+05:30,33,6
927,1020723,510,509,1755151600422,2025-08-14 11:36:40.422812+05:30,33,6
928,1020823,510,509,1755151600523,2025-08-14 11:36:40.523667+05:30,33,6
929,1020924,513,510,1755151600624,2025-08-14 11:36:40.624697+05:30,33,6
930,1021025,521,529,1755151600725,2025-08-14 11:36:40.725408+05:30,33,6
931,1021126,513,510,1755151600826,2025-08-14 11:36:40.826276+05:30,33,6
932,1021227,510,506,1755151600927,2025-08-14 11:36:40.927109+05:30,33,6
933,1021328,513,507,1755151601028,2025-08-14 11:36:41.028085+05:30,33,6
934,1021429,511,507,1755151601129,2025-08-14 11:36:41.129000+05:30,33,6
935,1021530,510,504,1755151601229,2025-08-14 11:36:41.229877+05:30,33,6
936,1021631,511,507,1755151601330,2025-08-14 11:36:41.330680+05:30,33,6
937,1021731,521,528,1755151601431,2025-08-14 11:36:41.431604+05:30,33,6
938,1021833,518,523,1755151601532,2025-08-14 11:36:41.532632+05:30,33,6
939,1021933,507,502,1755151601633,2025-08-14 11:36:41.633336+05:30,33,6
940,1022034,510,506,1755151601734,2025-08-14 11:36:41.734269+05:30,33,6
941,1022135,511,508,1755151601835,2025-08-14 11:36:41.835171+05:30,33,6
942,1022236,508,503,1755151601935,2025-08-14 11:36:41.935973+05:30,33,6
943,1022337,509,505,1755151602036,2025-08-14 11:36:42.036870+05:30,33,6
944,1022438,510,507,1755151602137,2025-08-14 11:36:42.137719+05:30,33,6
945,1022538,521,535,1755151602238,2025-08-14 11:36:42.238619+05:30,33,6
946,1022640,512,514,1755151602339,2025-08-14 11:36:42.339534+05:30,33,6
947,1022740,505,498,1755151602440,2025-08-14 11:36:42.440458+05:30,33,6
948,1022841,509,506,1755151602541,2025-08-14 11:36:42.541270+05:30,33,6
949,1022942,508,503,1755151602642,2025-08-14 11:36:42.642133+05:30,33,6
950,1023043,508,502,1755151602743,2025-08-14 11:36:42.743015+05:30,33,6
951,1023143,510,507,1755151602844,2025-08-14 11:36:42.843999+05:30,33,6
952,1023245,511,509,1755151602944,2025-08-14 11:36:42.944867+05:30,33,6
953,1023345,522,531,1755151603045,2025-08-14 11:36:43.045800+05:30,33,6
954,1023447,515,516,1755151603146,2025-08-14 11:36:43.146687+05:30,33,6
955,1023547,509,502,1755151603247,2025-08-14 11:36:43.247527+05:30,33,6
956,1023648,511,507,1755151603348,2025-08-14 11:36:43.348490+05:30,33,6
957,1023749,511,507,1755151603449,2025-08-14 11:36:43.449183+05:30,33,6
958,1023850,509,503,1755151603550,2025-08-14 11:36:43.550111+05:30,33,6
959,1023950,512,507,1755151603650,2025-08-14 11:36:43.650907+05:30,33,6
960,1024052,511,506,1755151603751,2025-08-14 11:36:43.751883+05:30,33,6
961,1024153,520,525,1755151603852,2025-08-14 11:36:43.852736+05:30,33,6
962,1024253,516,514,1755151603953,2025-08-14 11:36:43.953607+05:30,33,6
963,1024355,509,503,1755151604054,2025-08-14 11:36:44.054533+05:30,33,6
964,1024455,511,508,1755151604155,2025-08-14 11:36:44.155375+05:30,33,6
965,1024557,511,508,1755151604256,2025-08-14 11:36:44.256347+05:30,33,6
966,1024657,511,503,1755151604357,2025-08-14 11:36:44.357240+05:30,33,6
967,1024758,510,507,1755151604458,2025-08-14 11:36:44.458149+05:30,33,6
968,1024859,511,508,1755151604559,2025-08-14 11:36:44.559015+05:30,33,6
969,1024960,518,525,1755151604659,2025-08-14 11:36:44.659974+05:30,33,6
970,1025060,510,508,1755151604760,2025-08-14 11:36:44.760852+05:30,33,6
971,1025162,508,504,1755151604861,2025-08-14 11:36:44.861691+05:30,33,6
972,1025262,510,509,1755151604962,2025-08-14 11:36:44.962569+05:30,33,6
973,1025363,509,508,1755151605063,2025-08-14 11:36:45.063436+05:30,33,6
974,1025464,509,507,1755151605164,2025-08-14 11:36:45.164308+05:30,33,6
975,1025565,510,509,1755151605265,2025-08-14 11:36:45.265220+05:30,33,6
976,1025666,521,532,1755151605365,2025-08-14 11:36:45.365984+05:30,33,6
977,1025767,514,514,1755151605466,2025-08-14 11:36:45.466945+05:30,33,6
978,1025867,508,503,1755151605567,2025-08-14 11:36:45.567780+05:30,33,6
979,1025969,511,509,1755151605668,2025-08-14 11:36:45.668535+05:30,33,6
980,1026069,512,506,1755151605769,2025-08-14 11:36:45.769360+05:30,33,6
981,1026170,512,505,1755151605870,2025-08-14 11:36:45.870398+05:30,33,6
982,1026271,510,505,1755151605971,2025-08-14 11:36:45.971175+05:30,33,6
983,1026372,518,521,1755151606072,2025-08-14 11:36:46.072074+05:30,33,6
984,1026472,522,529,1755151606172,2025-08-14 11:36:46.172948+05:30,33,6
985,1026574,511,503,1755151606273,2025-08-14 11:36:46.273756+05:30,33,6
986,1026674,511,505,1755151606374,2025-08-14 11:36:46.374624+05:30,33,6
987,1026776,512,506,1755151606475,2025-08-14 11:36:46.475563+05:30,33,6
988,1026876,511,505,1755151606576,2025-08-14 11:36:46.576476+05:30,33,6
989,1026977,511,502,1755151606677,2025-08-14 11:36:46.677286+05:30,33,6
990,1027078,511,505,1755151606778,2025-08-14 11:36:46.778150+05:30,33,6
991,1027179,519,523,1755151606879,2025-08-14 11:36:46.879104+05:30,33,6
992,1027279,521,527,1755151606979,2025-08-14 11:36:46.979939+05:30,33,6
993,1027381,509,501,1755151607080,2025-08-14 11:36:47.080838+05:30,33,6
994,1027481,510,504,1755151607181,2025-08-14 11:36:47.181648+05:30,33,6
995,1027582,511,508,1755151607282,2025-08-14 11:36:47.282548+05:30,33,6
996,1027684,509,505,1755151607383,2025-08-14 11:36:47.383535+05:30,33,6
997,1027784,511,507,1755151607484,2025-08-14 11:36:47.484307+05:30,33,6
998,1027886,510,506,1755151607585,2025-08-14 11:36:47.585176+05:30,33,6
999,1027986,515,518,1755151607686,2025-08-14 11:36:47.686059+05:30,33,6
1000,1028087,520,529,1755151607786,2025-08-14 11:36:47.786930+05:30,33,6
1001,1028188,508,501,1755151607887,2025-08-14 11:36:47.887857+05:30,33,6
1002,1028289,509,503,1755151607988,2025-08-14 11:36:47.988684+05:30,33,6
1003,1028389,512,507,1755151608089,2025-08-14 11:36:48.089651+05:30,33,6
1004,1028491,511,504,1755151608190,2025-08-14 11:36:48.190422+05:30,33,6
1005,1028591,510,504,1755151608291,2025-08-14 11:36:48.291309+05:30,33,6
1006,1028692,511,504,1755151608392,2025-08-14 11:36:48.392208+05:30,33,6
1007,1028793,516,509,1755151608493,2025-08-14 11:36:48.493069+05:30,33,6
1008,1028894,521,526,1755151608593,2025-08-14 11:36:48.593959+05:30,33,6
1009,1028995,510,499,1755151608694,2025-08-14 11:36:48.694866+05:30,33,6
1010,1029096,511,503,1755151608795,2025-08-14 11:36:48.795741+05:30,33,6
1011,1029196,513,507,1755151608896,2025-08-14 11:36:48.896570+05:30,33,6
1012,1029298,513,505,1755151608997,2025-08-14 11:36:48.997418+05:30,33,6
1013,1029398,512,505,1755151609098,2025-08-14 11:36:49.098329+05:30,33,6
1014,1029499,514,510,1755151609199,2025-08-14 11:36:49.199170+05:30,33,6
1015,1029600,521,526,1755151609300,2025-08-14 11:36:49.300104+05:30,33,6
1016,1029701,512,507,1755151609400,2025-08-14 11:36:49.400929+05:30,33,6
1017,1029801,510,504,1755151609501,2025-08-14 11:36:49.501821+05:30,33,6
1018,1029903,514,510,1755151609602,2025-08-14 11:36:49.602809+05:30,33,6
1019,1030003,512,507,1755151609703,2025-08-14 11:36:49.703583+05:30,33,6
1020,1030105,512,506,1755151609804,2025-08-14 11:36:49.804446+05:30,33,6
1021,1030205,516,517,1755151609905,2025-08-14 11:36:49.905345+05:30,33,6
1022,1030306,520,527,1755151610006,2025-08-14 11:36:50.006187+05:30,33,6
1023,1030407,512,507,1755151610107,2025-08-14 11:36:50.107187+05:30,33,6
1024,1030508,510,506,1755151610208,2025-08-14 11:36:50.208149+05:30,33,6
1025,1030608,512,508,1755151610309,2025-08-14 11:36:50.309016+05:30,33,6
1026,1030710,511,506,1755151610409,2025-08-14 11:36:50.409903+05:30,33,6
1027,1030810,512,509,1755151610510,2025-08-14 11:36:50.510800+05:30,33,6
1028,1030912,519,524,1755151610611,2025-08-14 11:36:50.611603+05:30,33,6
1029,1031012,522,531,1755151610712,2025-08-14 11:36:50.712639+05:30,33,6
1030,1031113,513,501,1755151610813,2025-08-14 11:36:50.813363+05:30,33,6
1031,1031215,510,502,1755151610914,2025-08-14 11:36:50.914135+05:30,33,6
1032,1031315,511,506,1755151611015,2025-08-14 11:36:51.015061+05:30,33,6
1033,1031416,513,506,1755151611115,2025-08-14 11:36:51.115919+05:30,33,6
1034,1031517,512,508,1755151611216,2025-08-14 11:36:51.216830+05:30,33,6
1035,1031618,514,510,1755151611317,2025-08-14 11:36:51.317663+05:30,33,6
1036,1031718,526,536,1755151611418,2025-08-14 11:36:51.418623+05:30,33,6
1037,1031820,516,511,1755151611519,2025-08-14 11:36:51.519500+05:30,33,6
1038,1031920,510,499,1755151611620,2025-08-14 11:36:51.620307+05:30,33,6
1039,1032022,514,507,1755151611721,2025-08-14 11:36:51.721167+05:30,33,6
1040,1032122,513,505,1755151611822,2025-08-14 11:36:51.822182+05:30,33,6
1041,1032223,513,505,1755151611923,2025-08-14 11:36:51.923041+05:30,33,6
1042,1032324,513,507,1755151612023,2025-08-14 11:36:52.023877+05:30,33,6
1043,1032425,516,514,1755151612124,2025-08-14 11:36:52.124766+05:30,33,6
1044,1032525,526,535,1755151612225,2025-08-14 11:36:52.225735+05:30,33,6
1045,1032627,514,509,1755151612326,2025-08-14 11:36:52.326569+05:30,33,6
1046,1032727,509,503,1755151612427,2025-08-14 11:36:52.427489+05:30,33,6
1047,1032828,511,502,1755151612528,2025-08-14 11:36:52.528346+05:30,33,6
1048,1032929,510,505,1755151612629,2025-08-14 11:36:52.629214+05:30,33,6
1049,1033030,509,502,1755151612730,2025-08-14 11:36:52.730103+05:30,33,6
1050,1033131,511,507,1755151612830,2025-08-14 11:36:52.830938+05:30,33,6
1051,1033232,511,507,1755151612932,2025-08-14 11:36:52.932068+05:30,33,6
1052,1033332,521,530,1755151613032,2025-08-14 11:36:53.032637+05:30,33,6
1053,1033434,517,518,1755151613133,2025-08-14 11:36:53.133497+05:30,33,6
1054,1033534,508,498,1755151613234,2025-08-14 11:36:53.234384+05:30,33,6
1055,1033635,512,505,1755151613335,2025-08-14 11:36:53.335257+05:30,33,6
1056,1033736,512,505,1755151613436,2025-08-14 11:36:53.436133+05:30,33,6
1057,1033837,511,504,1755151613537,2025-08-14 11:36:53.537015+05:30,33,6
1058,1033937,511,502,1755151613637,2025-08-14 11:36:53.637977+05:30,33,6
1059,1034039,514,509,1755151613738,2025-08-14 11:36:53.738829+05:30,33,6
1060,1034140,514,508,1755151613839,2025-08-14 11:36:53.839665+05:30,33,6
1061,1034241,524,532,1755151613940,2025-08-14 11:36:53.940553+05:30,33,6
1062,1034342,514,507,1755151614041,2025-08-14 11:36:54.041553+05:30,33,6
1063,1034442,511,502,1755151614142,2025-08-14 11:36:54.142453+05:30,33,6
1064,1034544,514,506,1755151614243,2025-08-14 11:36:54.243353+05:30,33,6
1065,1034644,512,503,1755151614344,2025-08-14 11:36:54.344209+05:30,33,6
1066,1034745,514,504,1755151614445,2025-08-14 11:36:54.445119+05:30,33,6
1067,1034846,513,507,1755151614546,2025-08-14 11:36:54.545990+05:30,33,6
1068,1034947,512,506,1755151614646,2025-08-14 11:36:54.646791+05:30,33,6
1069,1035047,520,524,1755151614747,2025-08-14 11:36:54.747773+05:30,33,6
1070,1035149,521,523,1755151614848,2025-08-14 11:36:54.848575+05:30,33,6
1071,1035249,511,503,1755151614949,2025-08-14 11:36:54.949564+05:30,33,6
1072,1035351,512,506,1755151615050,2025-08-14 11:36:55.050312+05:30,33,6
1073,1035451,513,509,1755151615151,2025-08-14 11:36:55.151220+05:30,33,6
1074,1035552,511,506,1755151615252,2025-08-14 11:36:55.252083+05:30,33,6
1075,1035653,512,506,1755151615353,2025-08-14 11:36:55.353024+05:30,33,6
1076,1035754,512,507,1755151615453,2025-08-14 11:36:55.453810+05:30,33,6
1077,1035854,512,508,1755151615554,2025-08-14 11:36:55.554673+05:30,33,6
1078,1035956,521,529,1755151615655,2025-08-14 11:36:55.655660+05:30,33,6
1079,1036056,516,513,1755151615756,2025-08-14 11:36:55.756511+05:30,33,6
1080,1036157,511,503,1755151615857,2025-08-14 11:36:55.857395+05:30,33,6
1081,1036258,512,506,1755151615958,2025-08-14 11:36:55.958251+05:30,33,6
1082,1036359,514,508,1755151616059,2025-08-14 11:36:56.059157+05:30,33,6
1083,1036460,514,507,1755151616160,2025-08-14 11:36:56.160068+05:30,33,6
1084,1036561,514,507,1755151616260,2025-08-14 11:36:56.260976+05:30,33,6
1085,1036661,514,504,1755151616361,2025-08-14 11:36:56.361809+05:30,33,6
1086,1036763,523,527,1755151616462,2025-08-14 11:36:56.462678+05:30,33,6
1087,1036863,520,522,1755151616563,2025-08-14 11:36:56.563583+05:30,33,6
1088,1036964,513,503,1755151616664,2025-08-14 11:36:56.664318+05:30,33,6
1089,1037065,516,505,1755151616765,2025-08-14 11:36:56.765207+05:30,33,6
1090,1037166,515,505,1755151616866,2025-08-14 11:36:56.866147+05:30,33,6
1091,1037266,513,505,1755151616967,2025-08-14 11:36:56.967119+05:30,33,6
1092,1037368,514,505,1755151617068,2025-08-14 11:36:57.067996+05:30,33,6
1093,1037469,514,507,1755151617168,2025-08-14 11:36:57.168941+05:30,33,6
1094,1037570,517,515,1755151617269,2025-08-14 11:36:57.269608+05:30,33,6
1095,1037671,523,529,1755151617370,2025-08-14 11:36:57.370534+05:30,33,6
1096,1037771,512,503,1755151617471,2025-08-14 11:36:57.471347+05:30,33,6
1097,1037873,512,504,1755151617572,2025-08-14 11:36:57.572326+05:30,33,6
1098,1037973,513,508,1755151617673,2025-08-14 11:36:57.673136+05:30,33,6
1099,1038074,513,504,1755151617774,2025-08-14 11:36:57.774235+05:30,33,6
1100,1038175,512,505,1755151617875,2025-08-14 11:36:57.875003+05:30,33,6
1101,1038276,513,508,1755151617975,2025-08-14 11:36:57.975853+05:30,33,6
1102,1038376,515,512,1755151618076,2025-08-14 11:36:58.076571+05:30,33,6
1103,1038478,524,530,1755151618177,2025-08-14 11:36:58.177422+05:30,33,6
1104,1038578,513,507,1755151618278,2025-08-14 11:36:58.278351+05:30,33,6
1105,1038680,511,504,1755151618379,2025-08-14 11:36:58.379180+05:30,33,6
1106,1038780,514,509,1755151618480,2025-08-14 11:36:58.480055+05:30,33,6
1107,1038881,513,505,1755151618580,2025-08-14 11:36:58.580922+05:30,33,6
1108,1038982,513,505,1755151618681,2025-08-14 11:36:58.681890+05:30,33,6
1109,1039083,513,507,1755151618782,2025-08-14 11:36:58.782670+05:30,33,6
1110,1039183,517,514,1755151618883,2025-08-14 11:36:58.883591+05:30,33,6
1111,1039285,525,530,1755151618984,2025-08-14 11:36:58.984468+05:30,33,6
1112,1039385,515,508,1755151619085,2025-08-14 11:36:59.085411+05:30,33,6
1113,1039486,513,502,1755151619186,2025-08-14 11:36:59.186186+05:30,33,6
1114,1039587,516,508,1755151619287,2025-08-14 11:36:59.287051+05:30,33,6
1115,1039688,515,507,1755151619388,2025-08-14 11:36:59.388024+05:30,33,6
1116,1039789,515,505,1755151619488,2025-08-14 11:36:59.488913+05:30,33,6
1117,1039890,515,506,1755151619589,2025-08-14 11:36:59.589723+05:30,33,6
1118,1039990,517,510,1755151619690,2025-08-14 11:36:59.690592+05:30,33,6
1119,1040092,526,532,1755151619791,2025-08-14 11:36:59.791455+05:30,33,6
1120,1040192,517,510,1755151619892,2025-08-14 11:36:59.892445+05:30,33,6
1121,1040293,514,505,1755151619993,2025-08-14 11:36:59.993320+05:30,33,6
1122,1040394,516,509,1755151620094,2025-08-14 11:37:00.094222+05:30,33,6
1123,1040495,514,507,1755151620195,2025-08-14 11:37:00.195055+05:30,33,6
1124,1040595,514,504,1755151620295,2025-08-14 11:37:00.295953+05:30,33,6
1125,1040697,514,507,1755151620397,2025-08-14 11:37:00.397057+05:30,33,6
1126,1040798,516,510,1755151620497,2025-08-14 11:37:00.497882+05:30,33,6
1127,1040899,523,528,1755151620598,2025-08-14 11:37:00.598482+05:30,33,6
1128,1041000,514,506,1755151620699,2025-08-14 11:37:00.699353+05:30,33,6
1129,1041100,511,500,1755151620800,2025-08-14 11:37:00.800225+05:30,33,6
1130,1041202,515,509,1755151620901,2025-08-14 11:37:00.901207+05:30,33,6
1131,1041302,513,504,1755151621002,2025-08-14 11:37:01.002084+05:30,33,6
1132,1041403,513,505,1755151621102,2025-08-14 11:37:01.102964+05:30,33,6
1133,1041504,514,508,1755151621203,2025-08-14 11:37:01.203852+05:30,33,6
1134,1041605,520,518,1755151621304,2025-08-14 11:37:01.304626+05:30,33,6
1135,1041705,524,528,1755151621405,2025-08-14 11:37:01.405639+05:30,33,6
1136,1041807,513,503,1755151621506,2025-08-14 11:37:01.506507+05:30,33,6
1137,1041907,516,507,1755151621607,2025-08-14 11:37:01.607438+05:30,33,6
1138,1042009,516,508,1755151621708,2025-08-14 11:37:01.708405+05:30,33,6
1139,1042109,517,505,1755151621809,2025-08-14 11:37:01.809017+05:30,33,6
1140,1042210,515,504,1755151621910,2025-08-14 11:37:01.910054+05:30,33,6
1141,1042311,516,505,1755151622010,2025-08-14 11:37:02.010790+05:30,33,6
1142,1042412,526,532,1755151622111,2025-08-14 11:37:02.111654+05:30,33,6
1143,1042512,519,517,1755151622212,2025-08-14 11:37:02.212585+05:30,33,6
1144,1042614,514,501,1755151622313,2025-08-14 11:37:02.313496+05:30,33,6
1145,1042714,516,508,1755151622414,2025-08-14 11:37:02.414301+05:30,33,6
1146,1042816,516,506,1755151622515,2025-08-14 11:37:02.515219+05:30,33,6
1147,1042916,515,506,1755151622616,2025-08-14 11:37:02.616082+05:30,33,6
1148,1043017,516,507,1755151622717,2025-08-14 11:37:02.717012+05:30,33,6
1149,1043118,520,516,1755151622817,2025-08-14 11:37:02.817844+05:30,33,6
1150,1043219,526,533,1755151622918,2025-08-14 11:37:02.918788+05:30,33,6
1151,1043319,514,505,1755151623019,2025-08-14 11:37:03.019628+05:30,33,6
1152,1043421,513,503,1755151623120,2025-08-14 11:37:03.120519+05:30,33,6
1153,1043521,516,508,1755151623221,2025-08-14 11:37:03.221362+05:30,33,6
1154,1043622,514,505,1755151623322,2025-08-14 11:37:03.322266+05:30,33,6
1155,1043723,514,507,1755151623423,2025-08-14 11:37:03.423115+05:30,33,6
1156,1043824,513,504,1755151623524,2025-08-14 11:37:03.524091+05:30,33,6
1157,1043926,524,528,1755151623624,2025-08-14 11:37:03.624953+05:30,33,6
1158,1044026,520,518,1755151623725,2025-08-14 11:37:03.725838+05:30,33,6
1159,1044127,510,497,1755151623826,2025-08-14 11:37:03.826765+05:30,33,6
1160,1044228,513,507,1755151623927,2025-08-14 11:37:03.927565+05:30,33,6
1161,1044329,513,506,1755151624028,2025-08-14 11:37:04.028430+05:30,33,6
1162,1044429,512,504,1755151624129,2025-08-14 11:37:04.129340+05:30,33,6
1163,1044531,515,505,1755151624230,2025-08-14 11:37:04.230130+05:30,33,6
1164,1044631,522,522,1755151624331,2025-08-14 11:37:04.331069+05:30,33,6
1165,1044732,525,527,1755151624431,2025-08-14 11:37:04.431910+05:30,33,6
1166,1044833,513,501,1755151624532,2025-08-14 11:37:04.532790+05:30,33,6
1167,1044934,517,506,1755151624633,2025-08-14 11:37:04.633651+05:30,33,6
1168,1045035,516,506,1755151624734,2025-08-14 11:37:04.734581+05:30,33,6
1169,1045136,516,506,1755151624835,2025-08-14 11:37:04.835531+05:30,33,6
1170,1045236,516,507,1755151624936,2025-08-14 11:37:04.936314+05:30,33,6
1171,1045338,519,512,1755151625037,2025-08-14 11:37:05.037182+05:30,33,6
1172,1045438,526,531,1755151625138,2025-08-14 11:37:05.138107+05:30,33,6
1173,1045539,514,505,1755151625238,2025-08-14 11:37:05.238906+05:30,33,6
1174,1045640,513,501,1755151625339,2025-08-14 11:37:05.339835+05:30,33,6
1175,1045741,514,503,1755151625440,2025-08-14 11:37:05.440733+05:30,33,6
1176,1045841,514,505,1755151625541,2025-08-14 11:37:05.541571+05:30,33,6
1177,1045943,514,505,1755151625642,2025-08-14 11:37:05.642736+05:30,33,6
1178,1046043,514,503,1755151625743,2025-08-14 11:37:05.743343+05:30,33,6
1179,1046145,524,528,1755151625844,2025-08-14 11:37:05.844167+05:30,33,6
1180,1046245,522,522,1755151625945,2025-08-14 11:37:05.945152+05:30,33,6
1181,1046346,507,494,1755151626046,2025-08-14 11:37:06.046068+05:30,33,6
1182,1046447,515,507,1755151626146,2025-08-14 11:37:06.146880+05:30,33,6
1183,1046548,514,508,1755151626247,2025-08-14 11:37:06.247869+05:30,33,6
1184,1046648,513,505,1755151626348,2025-08-14 11:37:06.348599+05:30,33,6
1185,1046750,514,503,1755151626449,2025-08-14 11:37:06.449428+05:30,33,6
1186,1046850,515,506,1755151626550,2025-08-14 11:37:06.550308+05:30,33,6
1187,1046951,523,527,1755151626651,2025-08-14 11:37:06.651168+05:30,33,6
1188,1047052,521,518,1755151626752,2025-08-14 11:37:06.752126+05:30,33,6
1189,1047153,514,500,1755151626852,2025-08-14 11:37:06.852979+05:30,33,6
1190,1047254,515,506,1755151626953,2025-08-14 11:37:06.953875+05:30,33,6
1191,1047355,516,505,1755151627054,2025-08-14 11:37:07.054721+05:30,33,6
1192,1047456,516,505,1755151627155,2025-08-14 11:37:07.155575+05:30,33,6
1193,1047557,517,507,1755151627256,2025-08-14 11:37:07.256503+05:30,33,6
1194,1047658,520,512,1755151627357,2025-08-14 11:37:07.357357+05:30,33,6
1195,1047758,526,527,1755151627458,2025-08-14 11:37:07.458239+05:30,33,6
1196,1047860,518,507,1755151627559,2025-08-14 11:37:07.559179+05:30,33,6
1197,1047960,516,505,1755151627660,2025-08-14 11:37:07.660076+05:30,33,6
1198,1048061,518,508,1755151627760,2025-08-14 11:37:07.760897+05:30,33,6
1199,1048162,516,505,1755151627861,2025-08-14 11:37:07.861721+05:30,33,6
1200,1048263,515,502,1755151627962,2025-08-14 11:37:07.962647+05:30,33,6
1201,1048364,516,508,1755151628063,2025-08-14 11:37:08.063516+05:30,33,6
1202,1048465,526,532,1755151628164,2025-08-14 11:37:08.164404+05:30,33,6
1203,1048565,522,521,1755151628265,2025-08-14 11:37:08.265297+05:30,33,6
1204,1048667,512,501,1755151628366,2025-08-14 11:37:08.366178+05:30,33,6
1205,1048767,516,507,1755151628467,2025-08-14 11:37:08.467033+05:30,33,6
1206,1048868,515,506,1755151628567,2025-08-14 11:37:08.567918+05:30,33,6
1207,1048969,514,504,1755151628668,2025-08-14 11:37:08.668843+05:30,33,6
1208,1049070,515,507,1755151628769,2025-08-14 11:37:08.769687+05:30,33,6
1209,1049170,523,527,1755151628870,2025-08-14 11:37:08.870529+05:30,33,6
1210,1049272,522,524,1755151628971,2025-08-14 11:37:08.971437+05:30,33,6
1211,1049372,513,503,1755151629072,2025-08-14 11:37:09.072266+05:30,33,6
1212,1049474,516,506,1755151629173,2025-08-14 11:37:09.173170+05:30,33,6
1213,1049574,516,506,1755151629274,2025-08-14 11:37:09.274079+05:30,33,6
1214,1049675,514,504,1755151629375,2025-08-14 11:37:09.375019+05:30,33,6
1215,1049776,516,505,1755151629475,2025-08-14 11:37:09.475840+05:30,33,6
1216,1049877,520,515,1755151629576,2025-08-14 11:37:09.576798+05:30,33,6
1217,1049977,528,532,1755151629677,2025-08-14 11:37:09.677561+05:30,33,6
1218,1050079,515,502,1755151629778,2025-08-14 11:37:09.778479+05:30,33,6
1219,1050179,514,502,1755151629879,2025-08-14 11:37:09.879411+05:30,33,6
1220,1050280,517,507,1755151629980,2025-08-14 11:37:09.980392+05:30,33,6
1221,1050381,516,505,1755151630081,2025-08-14 11:37:10.081381+05:30,33,6
1222,1050482,516,503,1755151630182,2025-08-14 11:37:10.182013+05:30,33,6
1223,1050583,519,511,1755151630283,2025-08-14 11:37:10.283001+05:30,33,6
1224,1050684,529,535,1755151630383,2025-08-14 11:37:10.383855+05:30,33,6
1225,1050785,516,505,1755151630484,2025-08-14 11:37:10.484830+05:30,33,6
1226,1050886,515,504,1755151630585,2025-08-14 11:37:10.585709+05:30,33,6
1227,1050987,517,506,1755151630686,2025-08-14 11:37:10.686399+05:30,33,6
1228,1051087,516,507,1755151630787,2025-08-14 11:37:10.787251+05:30,33,6
1229,1051189,515,505,1755151630888,2025-08-14 11:37:10.888261+05:30,33,6
1230,1051289,519,513,1755151630989,2025-08-14 11:37:10.989011+05:30,33,6
1231,1051390,531,539,1755151631089,2025-08-14 11:37:11.089852+05:30,33,6
1232,1051491,517,507,1755151631190,2025-08-14 11:37:11.190837+05:30,33,6
1233,1051592,512,500,1755151631291,2025-08-14 11:37:11.291757+05:30,33,6
1234,1051693,515,508,1755151631392,2025-08-14 11:37:11.392498+05:30,33,6
1235,1051794,516,506,1755151631493,2025-08-14 11:37:11.493406+05:30,33,6
1236,1051894,515,507,1755151631594,2025-08-14 11:37:11.594249+05:30,33,6
1237,1051996,513,507,1755151631695,2025-08-14 11:37:11.695225+05:30,33,6
1238,1052096,525,529,1755151631796,2025-08-14 11:37:11.796111+05:30,33,6
1239,1052197,525,527,1755151631896,2025-08-14 11:37:11.896927+05:30,33,6
1240,1052298,514,500,1755151631997,2025-08-14 11:37:11.997821+05:30,33,6
1241,1052399,516,504,1755151632098,2025-08-14 11:37:12.098644+05:30,33,6
1242,1052499,517,507,1755151632199,2025-08-14 11:37:12.199583+05:30,33,6
1243,1052601,516,504,1755151632300,2025-08-14 11:37:12.300670+05:30,33,6
1244,1052701,518,505,1755151632401,2025-08-14 11:37:12.401496+05:30,33,6
1245,1052803,518,506,1755151632502,2025-08-14 11:37:12.502397+05:30,33,6
1246,1052903,529,533,1755151632603,2025-08-14 11:37:12.603284+05:30,33,6
1247,1053004,524,522,1755151632704,2025-08-14 11:37:12.704061+05:30,33,6
1248,1053105,514,498,1755151632805,2025-08-14 11:37:12.805081+05:30,33,6
1249,1053206,518,504,1755151632905,2025-08-14 11:37:12.905745+05:30,33,6
1250,1053306,518,506,1755151633006,2025-08-14 11:37:13.006604+05:30,33,6
1251,1053408,516,503,1755151633107,2025-08-14 11:37:13.107521+05:30,33,6
1252,1053508,517,506,1755151633208,2025-08-14 11:37:13.208431+05:30,33,6
1253,1053609,516,502,1755151633309,2025-08-14 11:37:13.309239+05:30,33,6
1254,1053711,529,531,1755151633410,2025-08-14 11:37:13.410110+05:30,33,6
1255,1053811,523,521,1755151633511,2025-08-14 11:37:13.511018+05:30,33,6
1256,1053913,512,495,1755151633611,2025-08-14 11:37:13.611914+05:30,33,6
1257,1054013,516,507,1755151633712,2025-08-14 11:37:13.712829+05:30,33,6
1258,1054114,516,504,1755151633813,2025-08-14 11:37:13.813684+05:30,33,6
1259,1054215,516,504,1755151633914,2025-08-14 11:37:13.914566+05:30,33,6
1260,1054316,516,507,1755151634015,2025-08-14 11:37:14.015445+05:30,33,6
1261,1054416,517,507,1755151634116,2025-08-14 11:37:14.116312+05:30,33,6
1262,1054518,531,542,1755151634217,2025-08-14 11:37:14.217213+05:30,33,6
1263,1054618,518,508,1755151634318,2025-08-14 11:37:14.318056+05:30,33,6
1264,1054720,515,502,1755151634419,2025-08-14 11:37:14.419031+05:30,33,6
1265,1054820,517,507,1755151634519,2025-08-14 11:37:14.519903+05:30,33,6
1266,1054921,515,504,1755151634620,2025-08-14 11:37:14.620709+05:30,33,6
1267,1055022,517,506,1755151634721,2025-08-14 11:37:14.721545+05:30,33,6
1268,1055123,517,506,1755151634822,2025-08-14 11:37:14.822464+05:30,33,6
1269,1055223,521,517,1755151634923,2025-08-14 11:37:14.923544+05:30,33,6
1270,1055325,532,537,1755151635024,2025-08-14 11:37:15.024330+05:30,33,6
1271,1055425,517,501,1755151635125,2025-08-14 11:37:15.125168+05:30,33,6
1272,1055526,516,498,1755151635226,2025-08-14 11:37:15.226035+05:30,33,6
1273,1055627,518,507,1755151635326,2025-08-14 11:37:15.326930+05:30,33,6
1274,1055728,515,501,1755151635427,2025-08-14 11:37:15.427777+05:30,33,6
1275,1055828,518,504,1755151635528,2025-08-14 11:37:15.528596+05:30,33,6
1276,1055930,518,505,1755151635629,2025-08-14 11:37:15.629663+05:30,33,6
1277,1056030,522,516,1755151635730,2025-08-14 11:37:15.730363+05:30,33,6
1278,1056132,530,535,1755151635831,2025-08-14 11:37:15.831393+05:30,33,6
1279,1056232,515,502,1755151635932,2025-08-14 11:37:15.932102+05:30,33,6
1280,1056333,516,503,1755151636033,2025-08-14 11:37:16.033109+05:30,33,6
1281,1056434,518,505,1755151636133,2025-08-14 11:37:16.133827+05:30,33,6
1282,1056535,516,504,1755151636234,2025-08-14 11:37:16.234904+05:30,33,6
1283,1056636,516,505,1755151636335,2025-08-14 11:37:16.335771+05:30,33,6
1284,1056737,516,506,1755151636436,2025-08-14 11:37:16.436669+05:30,33,6
1285,1056838,525,526,1755151636537,2025-08-14 11:37:16.537479+05:30,33,6
1286,1056939,525,527,1755151636638,2025-08-14 11:37:16.638409+05:30,33,6
1287,1057040,513,500,1755151636739,2025-08-14 11:37:16.739232+05:30,33,6
1288,1057140,517,508,1755151636840,2025-08-14 11:37:16.840030+05:30,33,6
1289,1057242,517,508,1755151636940,2025-08-14 11:37:16.940948+05:30,33,6
1290,1057342,516,504,1755151637041,2025-08-14 11:37:17.041820+05:30,33,6
1291,1057443,516,505,1755151637142,2025-08-14 11:37:17.142691+05:30,33,6
1292,1057544,518,502,1755151637243,2025-08-14 11:37:17.243633+05:30,33,6
1293,1057645,531,539,1755151637344,2025-08-14 11:37:17.344383+05:30,33,6
1294,1057745,522,516,1755151637445,2025-08-14 11:37:17.445408+05:30,33,6
1295,1057847,513,497,1755151637546,2025-08-14 11:37:17.546169+05:30,33,6
1296,1057947,516,506,1755151637647,2025-08-14 11:37:17.647032+05:30,33,6
1297,1058049,517,505,1755151637747,2025-08-14 11:37:17.747900+05:30,33,6
1298,1058149,518,505,1755151637849,2025-08-14 11:37:17.849023+05:30,33,6
1299,1058250,518,505,1755151637949,2025-08-14 11:37:17.949708+05:30,33,6
1300,1058351,519,505,1755151638050,2025-08-14 11:37:18.050589+05:30,33,6
1301,1058452,531,536,1755151638151,2025-08-14 11:37:18.151523+05:30,33,6
1302,1058552,523,517,1755151638252,2025-08-14 11:37:18.252387+05:30,33,6
1303,1058654,516,497,1755151638353,2025-08-14 11:37:18.353189+05:30,33,6
1304,1058754,519,506,1755151638454,2025-08-14 11:37:18.454122+05:30,33,6
1305,1058855,517,503,1755151638554,2025-08-14 11:37:18.554971+05:30,33,6
1306,1058956,517,503,1755151638655,2025-08-14 11:37:18.655841+05:30,33,6
1307,1059057,517,505,1755151638756,2025-08-14 11:37:18.756765+05:30,33,6
1308,1059158,518,507,1755151638857,2025-08-14 11:37:18.857627+05:30,33,6
1309,1059259,529,533,1755151638958,2025-08-14 11:37:18.958504+05:30,33,6
1310,1059359,520,511,1755151639059,2025-08-14 11:37:19.059392+05:30,33,6
1311,1059461,514,500,1755151639160,2025-08-14 11:37:19.160341+05:30,33,6
1312,1059561,517,507,1755151639261,2025-08-14 11:37:19.261409+05:30,33,6
1313,1059662,518,506,1755151639362,2025-08-14 11:37:19.362198+05:30,33,6
1314,1059764,516,504,1755151639463,2025-08-14 11:37:19.463108+05:30,33,6
1315,1059864,518,507,1755151639563,2025-08-14 11:37:19.563953+05:30,33,6
1316,1059965,524,523,1755151639664,2025-08-14 11:37:19.664881+05:30,33,6
1317,1060066,526,526,1755151639765,2025-08-14 11:37:19.765709+05:30,33,6
1318,1060167,515,500,1755151639866,2025-08-14 11:37:19.866536+05:30,33,6
1319,1060268,517,505,1755151639967,2025-08-14 11:37:19.967530+05:30,33,6
1320,1060369,518,509,1755151640068,2025-08-14 11:37:20.068400+05:30,33,6
1321,1060469,516,505,1755151640169,2025-08-14 11:37:20.169230+05:30,33,6
1322,1060571,519,507,1755151640270,2025-08-14 11:37:20.270272+05:30,33,6
1323,1060671,521,512,1755151640371,2025-08-14 11:37:20.371160+05:30,33,6
1324,1060772,534,541,1755151640471,2025-08-14 11:37:20.471930+05:30,33,6
1325,1060873,521,508,1755151640572,2025-08-14 11:37:20.572818+05:30,33,6
1326,1060974,517,500,1755151640673,2025-08-14 11:37:20.673495+05:30,33,6
1327,1061074,519,508,1755151640774,2025-08-14 11:37:20.774505+05:30,33,6
1328,1061176,519,506,1755151640875,2025-08-14 11:37:20.875277+05:30,33,6
1329,1061276,519,505,1755151640976,2025-08-14 11:37:20.976156+05:30,33,6
1330,1061378,520,505,1755151641077,2025-08-14 11:37:21.077028+05:30,33,6
1331,1061478,526,518,1755151641177,2025-08-14 11:37:21.177883+05:30,33,6
1332,1061579,527,530,1755151641278,2025-08-14 11:37:21.278798+05:30,33,6
1333,1061680,516,500,1755151641379,2025-08-14 11:37:21.379677+05:30,33,6
1334,1061781,515,503,1755151641480,2025-08-14 11:37:21.480630+05:30,33,6
1335,1061881,517,506,1755151641581,2025-08-14 11:37:21.581577+05:30,33,6
1336,1061983,515,501,1755151641682,2025-08-14 11:37:21.682460+05:30,33,6
1337,1062083,514,497,1755151641783,2025-08-14 11:37:21.783216+05:30,33,6
1338,1062184,518,505,1755151641884,2025-08-14 11:37:21.884162+05:30,33,6
1339,1062285,523,522,1755151641985,2025-08-14 11:37:21.984999+05:30,33,6
1340,1062386,525,523,1755151642085,2025-08-14 11:37:22.085924+05:30,33,6
1341,1062488,512,495,1755151642186,2025-08-14 11:37:22.186832+05:30,33,6
1342,1062588,515,501,1755151642287,2025-08-14 11:37:22.287707+05:30,33,6
1343,1062689,516,506,1755151642388,2025-08-14 11:37:22.388612+05:30,33,6
1344,1062790,517,504,1755151642489,2025-08-14 11:37:22.489380+05:30,33,6
1345,1062891,517,505,1755151642590,2025-08-14 11:37:22.590327+05:30,33,6
1346,1062991,519,513,1755151642691,2025-08-14 11:37:22.691128+05:30,33,6
1347,1063093,529,529,1755151642792,2025-08-14 11:37:22.792017+05:30,33,6
1348,1063193,519,509,1755151642892,2025-08-14 11:37:22.892978+05:30,33,6
1349,1063294,518,504,1755151642993,2025-08-14 11:37:22.993840+05:30,33,6
1350,1063395,520,507,1755151643094,2025-08-14 11:37:23.094748+05:30,33,6
1351,1063496,519,506,1755151643195,2025-08-14 11:37:23.195529+05:30,33,6
1352,1063597,518,503,1755151643296,2025-08-14 11:37:23.296380+05:30,33,6
1353,1063698,520,508,1755151643397,2025-08-14 11:37:23.397229+05:30,33,6
1354,1063798,532,535,1755151643498,2025-08-14 11:37:23.498131+05:30,33,6
1355,1063900,524,516,1755151643599,2025-08-14 11:37:23.598997+05:30,33,6
1356,1064000,517,501,1755151643699,2025-08-14 11:37:23.699870+05:30,33,6
1357,1064101,521,509,1755151643800,2025-08-14 11:37:23.800817+05:30,33,6
1358,1064202,521,504,1755151643901,2025-08-14 11:37:23.901740+05:30,33,6
1359,1064303,520,506,1755151644002,2025-08-14 11:37:24.002526+05:30,33,6
1360,1064403,518,507,1755151644103,2025-08-14 11:37:24.103413+05:30,33,6
1361,1064505,522,515,1755151644204,2025-08-14 11:37:24.204285+05:30,33,6
1362,1064605,533,538,1755151644305,2025-08-14 11:37:24.305192+05:30,33,6
1363,1064707,519,509,1755151644406,2025-08-14 11:37:24.406075+05:30,33,6
1364,1064807,515,499,1755151644507,2025-08-14 11:37:24.507010+05:30,33,6
1365,1064908,519,509,1755151644607,2025-08-14 11:37:24.607830+05:30,33,6
1366,1065009,518,507,1755151644708,2025-08-14 11:37:24.708787+05:30,33,6
1367,1065110,516,502,1755151644809,2025-08-14 11:37:24.809631+05:30,33,6
1368,1065210,518,503,1755151644910,2025-08-14 11:37:24.910531+05:30,33,6
1369,1065312,518,507,1755151645011,2025-08-14 11:37:25.011331+05:30,33,6
1370,1065413,529,536,1755151645112,2025-08-14 11:37:25.112320+05:30,33,6
1371,1065513,518,510,1755151645213,2025-08-14 11:37:25.213129+05:30,33,6
1372,1065615,514,499,1755151645314,2025-08-14 11:37:25.314023+05:30,33,6
1373,1065715,517,504,1755151645414,2025-08-14 11:37:25.414968+05:30,33,6
1374,1065817,515,505,1755151645515,2025-08-14 11:37:25.515839+05:30,33,6
1375,1065917,515,503,1755151645616,2025-08-14 11:37:25.616684+05:30,33,6
1376,1066018,518,507,1755151645717,2025-08-14 11:37:25.717703+05:30,33,6
1377,1066119,518,510,1755151645818,2025-08-14 11:37:25.818602+05:30,33,6
1378,1066220,530,537,1755151645919,2025-08-14 11:37:25.919540+05:30,33,6
1379,1066320,520,509,1755151646020,2025-08-14 11:37:26.020251+05:30,33,6
1380,1066422,516,502,1755151646121,2025-08-14 11:37:26.121163+05:30,33,6
1381,1066522,518,509,1755151646222,2025-08-14 11:37:26.222056+05:30,33,6
1382,1066624,517,505,1755151646322,2025-08-14 11:37:26.322902+05:30,33,6
1383,1066724,517,505,1755151646423,2025-08-14 11:37:26.423690+05:30,33,6
1384,1066825,517,504,1755151646524,2025-08-14 11:37:26.524620+05:30,33,6
1385,1066926,518,508,1755151646625,2025-08-14 11:37:26.625421+05:30,33,6
1386,1067027,531,533,1755151646726,2025-08-14 11:37:26.726279+05:30,33,6
1387,1067127,520,513,1755151646827,2025-08-14 11:37:26.827208+05:30,33,6
1388,1067229,513,496,1755151646928,2025-08-14 11:37:26.928108+05:30,33,6
1389,1067329,516,509,1755151647028,2025-08-14 11:37:27.028954+05:30,33,6
1390,1067430,515,503,1755151647129,2025-08-14 11:37:27.129836+05:30,33,6
1391,1067531,516,506,1755151647230,2025-08-14 11:37:27.230759+05:30,33,6
1392,1067632,516,505,1755151647331,2025-08-14 11:37:27.331584+05:30,33,6
1393,1067732,517,507,1755151647432,2025-08-14 11:37:27.432440+05:30,33,6
1394,1067834,527,533,1755151647533,2025-08-14 11:37:27.533409+05:30,33,6
1395,1067934,523,522,1755151647634,2025-08-14 11:37:27.634235+05:30,33,6
1396,1068036,511,497,1755151647735,2025-08-14 11:37:27.735057+05:30,33,6
1397,1068136,515,506,1755151647836,2025-08-14 11:37:27.835992+05:30,33,6
1398,1068237,516,506,1755151647936,2025-08-14 11:37:27.936831+05:30,33,6
1399,1068338,515,503,1755151648037,2025-08-14 11:37:28.037894+05:30,33,6
1400,1068439,515,501,1755151648138,2025-08-14 11:37:28.138723+05:30,33,6
1401,1068540,516,506,1755151648239,2025-08-14 11:37:28.239496+05:30,33,6
1402,1068641,525,526,1755151648340,2025-08-14 11:37:28.340400+05:30,33,6
1403,1068742,524,524,1755151648441,2025-08-14 11:37:28.441306+05:30,33,6
1404,1068843,515,499,1755151648542,2025-08-14 11:37:28.542304+05:30,33,6
1405,1068944,518,508,1755151648643,2025-08-14 11:37:28.643065+05:30,33,6
1406,1069044,517,507,1755151648743,2025-08-14 11:37:28.743902+05:30,33,6
1407,1069146,517,505,1755151648844,2025-08-14 11:37:28.844799+05:30,33,6
1408,1069246,519,506,1755151648945,2025-08-14 11:37:28.945741+05:30,33,6
1409,1069347,518,510,1755151649046,2025-08-14 11:37:29.046507+05:30,33,6
1410,1069448,532,539,1755151649147,2025-08-14 11:37:29.147396+05:30,33,6
1411,1069549,520,512,1755151649248,2025-08-14 11:37:29.248259+05:30,33,6
1412,1069649,515,501,1755151649349,2025-08-14 11:37:29.349159+05:30,33,6
1413,1069751,518,508,1755151649450,2025-08-14 11:37:29.450057+05:30,33,6
1414,1069851,520,509,1755151649550,2025-08-14 11:37:29.550905+05:30,33,6
1415,1069953,516,502,1755151649651,2025-08-14 11:37:29.651810+05:30,33,6
1416,1070053,517,505,1755151649752,2025-08-14 11:37:29.752710+05:30,33,6
1417,1070154,517,507,1755151649853,2025-08-14 11:37:29.853645+05:30,33,6
1418,1070255,532,541,1755151649954,2025-08-14 11:37:29.954466+05:30,33,6
1419,1070356,520,515,1755151650055,2025-08-14 11:37:30.055421+05:30,33,6
1420,1070456,513,499,1755151650156,2025-08-14 11:37:30.156228+05:30,33,6
1421,1070558,517,509,1755151650257,2025-08-14 11:37:30.257070+05:30,33,6
1422,1070658,517,506,1755151650357,2025-08-14 11:37:30.357983+05:30,33,6
1423,1070759,514,503,1755151650458,2025-08-14 11:37:30.458911+05:30,33,6
1424,1070860,515,505,1755151650559,2025-08-14 11:37:30.559726+05:30,33,6
1425,1070961,515,503,1755151650660,2025-08-14 11:37:30.660695+05:30,33,6
1426,1071062,528,532,1755151650761,2025-08-14 11:37:30.761600+05:30,33,6
1427,1071163,518,516,1755151650862,2025-08-14 11:37:30.862394+05:30,33,6
1428,1071263,513,497,1755151650963,2025-08-14 11:37:30.963365+05:30,33,6
1429,1071365,517,505,1755151651064,2025-08-14 11:37:31.064301+05:30,33,6
1430,1071466,517,506,1755151651165,2025-08-14 11:37:31.165038+05:30,33,6
1431,1071566,516,503,1755151651266,2025-08-14 11:37:31.266039+05:30,33,6
1432,1071668,517,503,1755151651366,2025-08-14 11:37:31.366780+05:30,33,6
1433,1071768,518,508,1755151651467,2025-08-14 11:37:31.467770+05:30,33,6
1434,1071869,531,537,1755151651568,2025-08-14 11:37:31.568623+05:30,33,6
1435,1071970,521,512,1755151651669,2025-08-14 11:37:31.669442+05:30,33,6
1436,1072071,516,501,1755151651770,2025-08-14 11:37:31.770326+05:30,33,6
1437,1072172,519,507,1755151651871,2025-08-14 11:37:31.871242+05:30,33,6
1438,1072273,519,509,1755151651972,2025-08-14 11:37:31.972158+05:30,33,6
1439,1072373,519,507,1755151652073,2025-08-14 11:37:32.072998+05:30,33,6
1440,1072475,520,506,1755151652173,2025-08-14 11:37:32.173867+05:30,33,6
1441,1072575,522,515,1755151652274,2025-08-14 11:37:32.274753+05:30,33,6
1442,1072676,531,536,1755151652375,2025-08-14 11:37:32.375562+05:30,33,6
1443,1072777,516,503,1755151652476,2025-08-14 11:37:32.476471+05:30,33,6
1444,1072878,519,502,1755151652577,2025-08-14 11:37:32.577324+05:30,33,6
1445,1072978,519,509,1755151652678,2025-08-14 11:37:32.678210+05:30,33,6
1446,1073080,515,501,1755151652779,2025-08-14 11:37:32.779102+05:30,33,6
1447,1073180,516,505,1755151652880,2025-08-14 11:37:32.880020+05:30,33,6
1448,1073282,517,508,1755151652980,2025-08-14 11:37:32.980908+05:30,33,6
1449,1073382,523,521,1755151653081,2025-08-14 11:37:33.081743+05:30,33,6
1450,1073483,527,527,1755151653182,2025-08-14 11:37:33.182616+05:30,33,6
1451,1073584,513,498,1755151653283,2025-08-14 11:37:33.283492+05:30,33,6
